tree
version=v4
num_class=1
num_tree_per_iteration=1
label_index=0
max_feature_idx=9
objective=regression
feature_names=Column_0 Column_1 Column_2 Column_3 Column_4 Column_5 Column_6 Column_7 Column_8 Column_9
feature_infos=[-1.4982700951458314:1.4982700951458314] [-0.63368320487849272:1.5780755940845042] [-7.3958776108082063:2.7448980266313372] [-0.26699649569399087:3.7453675090407055] [-1.6032069272708922:5.5710413494968991] [-3.721871126872335:3.2205456515597994] [-1.6870572562614465:1.7236227722790711] [-1.6387496882728867:1.5840524911428266] [-1.2456510737482795:1.2115858666267003] [-1.7289042541194837:1.6978546464523832]
tree_sizes=2283 2267 2263 2184 2329 2275 2343 2343 2360 2197 2278 2206 2211 2344 2194 2203 2126 2367 2290 2382 2205 2203 2202 2288 2126 2303 2376 2295 2448 2366 2375 2373 2382 2299 2295 2291 2472 2298 2237 2309 2542 2392 2475 2537 2384 2384 2294 2308 2317 2563 2390 2457 2223 2370 2133 2291 2225 2285 2297 2383 2399 2565 2228 2311 2466 2470 2376 2385 2472 2309 2238 2226

Tree=0
num_leaves=27
num_cat=0
split_feature=9 9 2 8 6 5 7 7 7 9 9 9 7 0 0 5 9 9 5 6 5 0 6 6 5 6
split_gain=535157 131982 133826 68485.5 51885.3 47152.9 46804.1 43741.9 33338.2 15059.5 13528.8 10946.9 10782.4 10564.2 7790.36 7638.53 7046.92 7095.79 6731.23 3835.17 3509.55 2617.23 2985.93 2491.65 933.12 586.741
threshold=1.0595368120321338 -0.48586426077478684 1.0000000180025095e-35 -0.63134183865453442 0.52988476228989012 -0.25066273765626779 -1.1992766638071075 0.85159745036652823 -0.32033061487554942 1.4626849179817649 -0.62024696275799729 -1.4265431746572599 -0.90629464749658817 -0.7491350475729156 -1.0000000180025095e-35 1.0000000180025095e-35 -0.082716154825155472 0.25324060013287075 -0.71349052288507664 0.52988476228989012 -0.71349052288507664 0.74913504757291582 -0.26594057770289742 -0.26594057770289742 0.67499283280135014 0.075127425151154323
decision_type=2 2 2 2 2 2 2 2 2 2 2 2 2 2 2 2 2 2 2 2 2 2 2 2 2 2
left_child=1 6 -3 4 5 -4 11 8 -5 13 12 14 15 -2 -1 -8 -10 25 -11 -15 -13 22 -19 -14 -17 -18
right_child=9 2 3 7 -6 -7 10 -9 16 18 -12 20 23 19 -16 24 17 21 -20 -21 -22 -23 -24 -25 -26 -27
leaf_value=225.13181145603687 228.11781147606405 227.18651732548716 227.01625595213866 225.17277919012761 224.21419239479391 225.02081147081881 225.64503726356523 225.70488839085132 224.25724000389607 227.78895430466477 225.5636296400225 225.20181146080523 226.53665016556047 226.958221713303 225.94096039981619 226.27141145622761 223.39514477930365 223.40323999817403 228.59351877299375 227.57181148090052 224.55070035605198 224.19301144936117 223.9648417583447 227.00943048980494 226.61701146538289 223.13144105899894
leaf_weight=32 30 34 36 31 42 40 31 26 35 28 33 26 31 39 47 25 27 28 41 28 27 25 33 42 25 27
leaf_count=32 30 34 36 31 42 40 31 26 35 28 33 26 31 39 47 25 27 28 41 28 27 25 33 42 25 27
internal_value=225.773 225.29 224.791 224.558 225.342 225.966 225.892 224.159 223.964 227.815 226.299 225.315 226.456 227.494 225.613 226.138 223.75 223.623 228.267 227.215 224.87 223.848 223.707 226.809 226.444 223.263
internal_weight=869 703 384 350 118 76 319 232 206 166 187 132 154 97 79 81 175 140 69 67 53 86 61 73 50 54
internal_count=869 703 384 350 118 76 319 232 206 166 187 132 154 97 79 81 175 140 69 67 53 86 61 73 50 54
is_linear=0
shrinkage=1


Tree=1
num_leaves=26
num_cat=0
split_feature=9 4 9 4 7 2 7 4 5 6 5 0 9 7 4 5 9 6 9 4 4 9 9 9 0
split_gain=493201 195755 66235.2 58839.2 42254.5 35529.1 25419.7 20876.2 18575.5 17423.1 57579.8 21175.2 14258.5 11122.2 9327.06 8652.08 15463.2 8254.7 4994.94 4884.39 3726.15 2933.49 2898.64 1631.56 984.006
threshold=1.0595368120321338 -0.14765061305399738 -0.41867290978318161 1.7037682970796266 -1.1992766638071075 1.0000000180025095e-35 1.4375614829875671 1.0216665933461864 1.0000000180025095e-35 0.075127425151154323 -0.25066273765626779 -1.0000000180025095e-35 -0.55305561176639195 -0.61331263118606871 0.48572954041276867 1.0000000180025095e-35 0.25324060013287075 0.18881675943583826 -1.4265431746572599 -0.40343875195403744 0.68061574147946591 -1.2921604726740494 0.32043195112447598 0.72358005707410744 -1.0000000180025095e-35
decision_type=2 2 2 2 2 2 2 2 2 2 2 2 2 2 2 2 2 2 2 2 2 2 2 2 2
left_child=1 2 4 6 -1 -3 20 8 18 10 -4 -12 17 19 -8 16 -11 -10 -7 24 -2 -9 -13 -18 -6
right_child=3 5 9 -5 13 7 14 21 12 15 11 22 -14 -15 -16 -17 23 -19 -20 -21 -22 -23 -24 -25 -26
leaf_value=-1.3495516025656609 0.84297801388634586 1.8169736736792106 0.13479073412564335 3.6727417455400739 0.023248143621853422 0.0049475438892841337 1.8085057715460275 0.68705983012914662 0.41175171154386858 -2.3874233228106831 -2.1330396745642837 -1.254689412953953 -0.17637088872290946 -0.51426487429388634 2.7557361944173944 -1.1283854572947432 -1.1509216887862594 1.3585560027452617 -0.6402227373917897 0.86369934983253471 1.4268916830946419 1.2590709838500389 -0.67150262947082529 -1.5906604809231228 0.36168626299610845
leaf_weight=41 36 27 49 28 28 32 39 32 34 43 49 30 37 29 29 41 27 26 48 25 34 26 25 27 27
leaf_count=41 36 27 49 28 28 32 39 32 34 43 49 30 37 29 29 41 27 26 48 25 34 26 25 27 27
internal_value=0.0398456 -0.423216 -0.937697 2.00088 -0.254909 0.442763 1.66166 0.284875 0.0690617 -1.28965 -0.995702 -1.52834 0.441199 0.156837 2.21247 -1.61555 -1.82146 0.822034 -0.382155 0.400112 1.12659 0.943479 -0.989605 -1.37079 0.18939
internal_weight=869 703 441 166 150 262 138 235 177 291 153 104 97 109 68 138 97 60 80 80 70 58 55 54 55
internal_count=869 703 441 166 150 262 138 235 177 291 153 104 97 109 68 138 97 60 80 80 70 58 55 54 55
is_linear=0
shrinkage=0.04


Tree=2
num_leaves=26
num_cat=0
split_feature=9 4 8 7 4 3 9 9 9 7 7 4 5 9 9 4 9 9 9 9 7 8 4 9 4
split_gain=454534 180408 70853.8 67005.3 54226.2 30679.8 29821.4 48543.1 30650.5 23426.8 23293.4 19154.3 17115.3 13140.6 11845.8 8595.82 5615.79 7491.72 5074.15 4592.73 3998.25 3946.82 3434.02 2703.5 428.185
threshold=1.0595368120321338 -0.14765061305399738 -0.63134183865453442 -0.32033061487554942 1.7037682970796266 1.0000000180025095e-35 0.45481465310768643 1.0000000180025095e-35 -0.41867290978318161 1.4375614829875671 -1.1992766638071075 1.0216665933461864 1.0000000180025095e-35 -0.55305561176639195 -0.55305561176639195 0.48572954041276867 0.52200600409929165 -0.082716154825155472 0.25324060013287075 -1.4265431746572599 -0.90629464749658817 1.0000000180025095e-35 0.68061574147946591 -1.2921604726740494 -0.74448960382075746
decision_type=2 2 2 2 2 2 2 2 2 2 2 2 2 2 2 2 2 2 2 2 2 2 2 2 2
left_child=1 2 6 10 9 11 7 8 -1 22 -4 12 19 20 21 -11 17 -5 24 -3 -14 -12 -2 -13 -19
right_child=4 5 3 16 -6 -7 -8 -9 -10 15 14 23 13 -15 -16 -17 -18 18 -20 -21 -22 -23 -24 -25 -26
leaf_value=0.1360008116644256 0.80925890763600661 0.0099943477876724748 -1.4284790778736913 -1.3625588910719928 3.5258320426940917 1.6763614277754511 -1.2420732330553461 1.2906781645825036 -1.5424374107078271 1.7361655817276391 0.50412091271630655 0.65957745090126996 0.41575402993135724 -0.16931605042638004 -0.86727628357410425 2.6455067220227471 -1.3751967218399048 -2.4320368898831881 -1.735060362815857 -0.61461381395657866 1.0746920239925384 -0.16167786513056076 1.3698160169405096 1.2087081681077296 -2.2046083252518267
leaf_weight=49 36 31 31 34 28 28 33 38 27 39 29 32 26 37 25 29 50 26 44 48 34 28 34 26 27
leaf_count=49 36 31 31 34 28 28 33 38 27 39 29 32 26 37 25 29 50 26 44 48 34 28 34 26 27
internal_value=0.0382518 -0.406287 -0.900189 -1.2587 1.92085 0.425053 -0.183159 0.123368 -0.460286 1.5952 -0.494445 0.275323 0.0675727 0.423551 -0.141334 2.12397 -1.73584 -1.87349 -2.05258 -0.369514 0.789152 0.177062 1.08153 0.905739 -2.31618
internal_weight=869 703 441 294 166 262 147 114 76 138 113 234 176 97 82 68 181 131 97 79 60 57 70 58 53
internal_count=869 703 441 294 166 262 147 114 76 138 113 234 176 97 82 68 181 131 97 79 60 57 70 58 53
is_linear=0
shrinkage=0.04


Tree=3
num_leaves=25
num_cat=0
split_feature=7 4 2 8 7 6 4 5 7 4 5 7 7 7 7 7 6 4 4 7 7 7 8 6
split_gain=385071 199600 69975.5 63031.2 61429.6 41958.3 24168.3 22426.5 21467.2 19580.9 18917.2 13299.9 12429.7 9813.21 9377.75 9200.27 6756.89 5881.08 5832.83 5447.05 4905.67 3865.26 2814.39 2525.31
threshold=1.1445794666770477 -0.14765061305399738 1.0000000180025095e-35 -0.63134183865453442 -0.32033061487554942 0.52988476228989012 1.0216665933461864 -0.25066273765626779 -1.1992766638071075 1.1678312441462091 1.0000000180025095e-35 -0.32033061487554942 -0.61331263118606871 -0.61331263118606871 1.0000000180025095e-35 1.4375614829875671 0.18881675943583826 0.22994140151272849 1.8742937230129866 0.55861543405600889 1.0000000180025095e-35 0.26563341774548938 1.0000000180025095e-35 0.52988476228989012
decision_type=2 2 2 2 2 2 2 2 2 2 2 2 2 2 2 2 2 2 2 2 2 2 2 2
left_child=1 3 -3 5 8 7 10 -1 -5 15 23 -9 16 22 -7 -2 -12 -17 -8 20 -6 -22 -10 -4
right_child=9 2 6 4 19 14 18 11 13 -11 12 -13 -14 -15 -16 17 -18 -19 -20 -21 21 -23 -24 -25
leaf_value=1.0043786876957592 1.2339351227332136 2.2263426824049519 -0.24493970140814783 -1.3713399314111281 -1.4348040906588235 -0.55643124504089359 0.62484287840979447 0.43530583858489991 0.47403723054462005 2.7055609727711287 0.36791612916522554 -0.80072890389959017 -0.092865082952711314 -0.72723874667595167 -1.6315568316424336 1.6022500493004919 1.2713635508830732 2.3960483728136337 1.3965317284584047 -1.2964082907636962 -2.204764629205068 -1.6857303038510409 -0.10903408027612246 -0.69949007034301758
leaf_weight=41 49 33 48 31 42 25 42 26 27 37 27 30 45 29 27 32 26 28 25 48 48 44 26 33
leaf_count=41 49 33 48 31 42 25 42 26 27 37 27 30 45 29 27 32 26 28 25 48 48 44 26 33
internal_value=0.0367217 -0.341658 0.49676 -0.868502 -1.20721 -0.197901 0.264743 0.293563 -0.474667 1.91048 0.0221787 -0.226856 0.396023 -0.135681 -1.11467 1.64059 0.811117 1.97269 0.912786 -1.66203 -1.793 -1.95653 0.188002 -0.430127
internal_weight=869 723 279 444 295 149 246 97 113 146 179 56 98 82 52 109 53 60 67 182 134 92 53 81
internal_count=869 723 279 444 295 149 246 97 113 146 179 56 98 82 52 109 53 60 67 182 134 92 53 81
is_linear=0
shrinkage=0.04


Tree=4
num_leaves=27
num_cat=0
split_feature=9 4 9 4 7 2 7 4 4 6 5 0 5 9 7 4 6 6 9 4 9 4 7 9 0 0
split_gain=387380 152760 51810.2 48388 34788 27016.7 20188.6 16285.4 15941.3 22617.9 38812.8 15905.3 14519.3 11284.2 9431.23 7388.62 6917.55 5806.36 5733.62 4419.9 4165.66 2858.8 2778.63 2552.23 925.235 507.169
threshold=1.0595368120321338 -0.14765061305399738 -0.41867290978318161 1.7037682970796266 -1.1992766638071075 1.0000000180025095e-35 1.4375614829875671 1.0216665933461864 -0.98809735515412911 0.52988476228989012 -0.25066273765626779 1.0000000180025095e-35 1.0000000180025095e-35 -0.55305561176639195 -0.61331263118606871 0.48572954041276867 0.18881675943583826 1.0983314337133099 0.11885789814966023 -0.40343875195403744 -1.4265431746572599 0.68061574147946591 0.26563341774548938 -1.2921604726740494 -1.0000000180025095e-35 -0.7491350475729156
decision_type=2 2 2 2 2 2 2 2 2 2 2 2 2 2 2 2 2 2 2 2 2 2 2 2 2 2
left_child=1 2 4 6 -1 -3 21 12 18 10 22 25 20 16 19 -8 -14 -11 -4 24 -7 -2 -10 -9 -6 -12
right_child=3 5 8 -5 14 7 15 23 9 17 11 -13 13 -15 -16 -17 -18 -19 -20 -21 -22 -23 -24 -25 -26 -27
leaf_value=-1.2189722453384864 0.7403328688608275 1.5881865276230707 -1.2244144001713506 3.2893495825358801 0.010322857972766672 0.016149702966213226 1.5969298714857834 0.59469608694314957 -0.11730353648845966 -1.9062060737609863 -1.7508343902001013 -0.57125104568898677 0.35377552873948043 -0.15882879012339823 -0.47012350016626819 2.4400023591107338 1.2205090317359337 -1.2059812812805175 -1.9750948917575 0.81287275333404541 -0.57303463459014892 1.2517913650178953 0.46205095503065324 1.1282428317803603 0.33849863454147622 -1.505494880080223
leaf_weight=41 36 27 27 28 28 32 39 32 26 36 26 40 34 37 29 29 26 40 41 25 48 34 27 26 27 28
leaf_count=41 36 27 27 28 28 32 39 32 26 36 26 40 34 37 29 29 26 40 41 25 48 34 27 26 27 28
internal_value=0.0352528 -0.375136 -0.829619 1.77322 -0.225741 0.389854 1.4656 0.252173 -1.1409 -0.977412 -0.687756 -1.1758 0.0615597 0.390566 0.14786 1.95648 0.72936 -1.53767 -1.67703 0.371879 -0.337361 0.988756 0.177839 0.833872 0.171427 -1.62362
internal_weight=869 703 441 166 150 262 138 235 291 223 147 94 177 97 109 68 60 76 68 80 80 70 53 58 55 54
internal_count=869 703 441 166 150 262 138 235 291 223 147 94 177 97 109 68 60 76 68 80 80 70 53 58 55 54
is_linear=0
shrinkage=0.04


Tree=5
num_leaves=26
num_cat=0
split_feature=9 4 9 8 4 2 0 4 9 9 9 9 4 4 9 5 9 4 8 9 0 9 9 0 0
split_gain=335108 127640 60586.3 52327.1 37484.3 35659.6 22280 20898.9 17997 15859 8283.56 9386.16 8149.1 7988.06 7233.81 7060.98 7058.29 4836.86 3036.2 2940.49 2838.53 2772.42 2533.34 1649.02 889.718
threshold=1.193919514015344 0.022874812879362678 -0.35148155879157633 -0.63134183865453442 -0.69576805355408322 1.0000000180025095e-35 -0.7491350475729156 1.0216665933461864 -1.2921604726740494 1.4626849179817649 -0.082716154825155472 0.32043195112447598 1.2774547322462262 -0.46434068978738036 -0.55305561176639195 1.0000000180025095e-35 -0.48586426077478684 -0.42779952708737462 1.0000000180025095e-35 -0.88901236672441819 -1.0000000180025095e-35 1.3283022159985547 0.25324060013287075 -1.0000000180025095e-35 1.0000000180025095e-35
decision_type=2 2 2 2 2 2 2 2 2 2 2 2 2 2 2 2 2 2 2 2 2 2 2 2 2
left_child=1 2 8 4 22 -3 -2 15 -1 21 -5 23 -9 24 17 18 -17 20 -7 -19 -10 -8 -4 -12 -13
right_child=6 5 3 10 -6 7 9 12 14 -11 11 13 -14 -15 -16 16 -18 19 -20 -21 -22 -23 -24 -25 -26
leaf_value=-0.89236404343084863 2.6094852778786106 1.7065246713572535 -1.3112884450841833 -0.95017086439189458 0.53954056501388548 -0.61306924832494636 0.67107104148864749 1.3340306484222413 -0.35504061224131744 1.9815129127307813 -1.7012453805246661 -1.6851034039921231 0.44954552650451662 -0.73316668934292273 -0.48424051333876217 0.52821648120880127 -0.32452965087890628 0.14575874533366276 -0.074765748023986819 0.7258320466403303 0.19993378607432047 1.2667808082580567 -0.75809645208601761 -2.0878495769965939 -1.3844640266895294
leaf_weight=44 38 29 27 42 44 38 25 25 29 49 31 36 50 27 34 41 25 27 30 29 30 25 26 41 28
leaf_count=44 38 29 27 42 44 38 25 25 29 49 31 36 50 27 34 41 25 27 30 29 30 25 26 41 28
internal_value=-0.0297321 -0.369124 -0.735129 -1.0889 -0.323459 0.392106 1.78614 0.209723 -0.181563 1.47011 -1.45108 -1.58015 0.744374 -1.31016 0.0283374 -0.0895222 0.205207 0.179882 -0.375582 0.446154 -0.0728502 0.968926 -1.03991 -1.92139 -1.55357
internal_weight=870 733 495 302 97 238 137 209 193 99 205 163 75 91 149 134 66 115 68 56 59 50 53 72 64
internal_count=870 733 495 302 97 238 137 209 193 99 205 163 75 91 149 134 66 115 68 56 59 50 53 72 64
is_linear=0
shrinkage=0.04


Tree=6
num_leaves=27
num_cat=0
split_feature=7 4 7 8 4 4 4 7 7 7 4 9 9 4 9 9 4 0 4 5 9 7 6 0 6 6
split_gain=331595 105763 54052.9 50678.2 35451.8 20128.8 19831.5 19622.2 16265.7 14128.9 11935 16239.8 9161.84 5890.68 5278.86 6818.58 5447.25 3612.03 2909.1 2750.95 2472.35 2334.72 2039.43 1482.47 999.786 349.294
threshold=1.1445794666770477 -0.098929062787323066 -0.32033061487554942 -0.63134183865453442 -0.69576805355408322 1.7281290722129634 1.502791902229595 -1.1992766638071075 -1.1992766638071075 -0.61331263118606871 0.5588118658127802 0.85796275905731789 1.4626849179817649 -0.45216030222071174 -0.082716154825155472 0.25324060013287075 -0.51306224005405465 -1.0000000180025095e-35 0.51009031554610584 -0.71349052288507664 -1.4265431746572599 0.26563341774548938 0.075127425151154323 -1.0000000180025095e-35 -0.72069791484163315 -0.15225124341821353
decision_type=2 2 2 2 2 2 2 2 2 2 2 2 2 2 2 2 2 2 2 2 2 2 2 2 2 2
left_child=1 2 7 4 21 8 12 -1 20 13 22 -12 18 25 -5 23 17 -17 -2 -14 -3 -4 24 -16 -10 -9
right_child=6 5 3 14 -6 -7 -8 9 10 -11 11 -13 19 -15 15 16 -18 -19 -20 -21 -22 -23 -24 -25 -26 -27
leaf_value=-0.95886311414765146 0.8428795504570008 -0.14241986450694857 -1.2588369397763852 -1.0053398933831383 0.57912546896934514 1.1673319398655611 2.7055959239372842 0.1515340967297554 0.10213277816772461 -0.5364760292900933 1.5608782790257381 0.18415566279970366 1.5394805357191297 0.70168457946716223 -1.6553411376953124 -1.9146811962127686 -0.88915830316214728 -1.3174546780142675 1.3972098275386926 2.0839052613215014 -0.59761900765555243 -0.72777259579644749 0.29452310830354689 -2.0586379263741628 -0.24865292439093956 -0.059912541279196735
leaf_weight=41 28 42 27 34 40 34 26 25 26 45 26 29 27 39 25 26 29 43 33 33 35 26 45 35 26 25
leaf_count=41 28 42 27 34 40 34 26 25 26 45 26 29 27 39 25 26 29 43 33 33 35 26 45 35 26 25
internal_value=-0.0285428 -0.380665 -0.746477 -1.08625 -0.319846 0.259157 1.70333 -0.193135 0.124319 0.0411553 0.364259 0.83497 1.48796 0.333216 -1.45748 -1.55477 -1.34916 -1.5425 1.14276 1.83891 -0.349329 -0.998315 0.097361 -1.8906 -0.0732601 0.0458108
internal_weight=870 723 460 285 93 263 147 175 229 134 152 55 121 89 192 158 98 69 61 60 77 53 97 60 52 50
internal_count=870 723 460 285 93 263 147 175 229 134 152 55 121 89 192 158 98 69 61 60 77 53 97 60 52 50
is_linear=0
shrinkage=0.04


Tree=7
num_leaves=27
num_cat=0
split_feature=9 4 9 2 0 4 6 5 4 9 9 6 4 9 5 9 4 0 9 4 4 9 0 5 6 4
split_gain=284582 108712 51485.4 32220.5 20337 19592.7 28348.7 51537.1 18590.7 15230.2 14116.9 8803.57 6532.62 12777.6 5987.66 6252.29 5111.39 4656.65 3233.22 4939.72 2744.11 2544.3 2431.47 2175.46 1681.24 338.022
threshold=1.193919514015344 0.022874812879362678 -0.35148155879157633 1.0000000180025095e-35 -0.7491350475729156 -0.69576805355408322 0.30250609372052223 -0.25066273765626779 1.0216665933461864 -1.2921604726740494 1.4626849179817649 -0.60700858055694906 -0.33035642655402603 -0.6874383137496024 1.0000000180025095e-35 -0.48586426077478684 -0.40343875195403744 -0.7491350475729156 0.32043195112447598 -1.0733600681208089 0.51009031554610584 1.3283022159985547 1.0000000180025095e-35 0.67499283280135014 -0.26594057770289742 1.4784311270962578
decision_type=2 2 2 2 2 2 2 2 2 2 2 2 2 2 2 2 2 2 2 2 2 2 2 2 2 2
left_child=1 2 9 -3 -2 17 7 -7 14 -1 21 -10 13 24 20 -16 -9 -4 19 -19 -5 -6 -8 -14 -11 -13
right_child=4 3 5 8 10 6 22 16 11 12 -12 25 23 -15 15 -17 -18 18 -20 -21 -22 -23 -24 -25 -26 -27
leaf_value=-0.82152683496475221 2.432609228334929 1.6117914268477211 -1.6733018979360892 -0.1240758373286273 0.58585506095886231 0.96682165309361057 -1.1439794999361039 -1.3330083490956215 1.30613494720459 0.39175849652098071 1.8265473896021747 0.28281526107788085 0.12750446097056073 -0.77096383450759787 0.48217365500403619 -0.32040874099731448 -0.56428040390014655 -0.96376681872776571 -0.92638007619458695 -1.6679536383860822 -0.63426797436129667 1.1565299697875977 -1.6704656280517578 0.62241895596186314 -0.049118979358673098 0.49082201318740842
leaf_weight=44 38 29 43 37 25 35 32 31 25 31 49 25 30 36 41 25 25 28 46 37 31 25 25 27 25 25
leaf_count=44 38 29 43 37 25 35 32 31 25 31 49 25 30 36 41 25 25 28 46 37 31 25 25 27 25 25
internal_value=-0.0274011 -0.340162 -0.677941 0.362362 1.64598 -1.00406 -0.675409 -0.237269 0.188996 -0.167642 1.34404 0.693257 0.0254516 -0.183023 -0.0932404 0.178165 -0.989826 -1.3199 -1.183 -1.36461 -0.356663 0.871193 -1.37489 0.361938 0.194938 0.386819
internal_weight=870 733 495 238 137 302 148 91 209 193 99 75 149 92 134 66 56 154 111 65 68 50 57 57 56 50
internal_count=870 733 495 238 137 302 148 91 209 193 99 75 149 92 134 66 56 154 111 65 68 50 57 57 56 50
is_linear=0
shrinkage=0.04


Tree=8
num_leaves=27
num_cat=0
split_feature=7 4 7 8 4 2 4 7 4 7 7 9 4 9 4 9 9 4 0 4 9 7 0 0 7 4
split_gain=282625 89404.4 46318.3 45723.7 30827.2 24020.4 18171.3 17088.5 13735.3 12222.3 7876.46 13539.7 13882.2 7569.67 5325.31 5057.86 6104.05 4672.17 3175.84 2624.85 2305.15 2103.56 1561.01 1415.8 719.823 51.4406
threshold=1.1445794666770477 -0.098929062787323066 -0.32033061487554942 -0.63134183865453442 -0.69576805355408322 1.0000000180025095e-35 1.502791902229595 -1.1992766638071075 1.7281290722129634 -0.61331263118606871 -1.1992766638071075 -0.48586426077478684 0.42482760257942576 1.4626849179817649 -0.45216030222071174 -0.082716154825155472 0.25324060013287075 -0.51306224005405465 -1.0000000180025095e-35 0.51009031554610584 -1.4265431746572599 0.26563341774548938 1.0000000180025095e-35 -1.0000000180025095e-35 0.26563341774548938 -0.76885037895409469
decision_type=2 2 2 2 2 2 2 2 2 2 2 2 2 2 2 2 2 2 2 2 2 2 2 2 2 2
left_child=1 2 7 4 21 -3 13 -1 10 14 20 12 -12 19 25 -5 23 18 -18 -2 -7 -4 -15 -17 -13 -9
right_child=6 5 3 15 -6 8 -8 9 -10 -11 11 24 -14 22 -16 16 17 -19 -20 -21 -22 -23 -24 -25 -26 -27
leaf_value=-0.89008054989140206 0.76779422964368549 1.3227515339029248 -1.1542287303783276 -0.91228970084558514 0.56401996529102327 -0.13463517434540248 2.5319774851432215 0.082092744350433358 0.90144365882873534 -0.4941007055838903 0.070186758836110433 -0.10214960041046142 1.2257994783335719 1.5008780264131951 0.66512659051479428 -1.5379346755981445 -1.7836009047581598 -0.82953699884743526 -1.2235942238430644 1.2943462285128506 -0.57417310333251959 -0.65014006247887235 1.9109868152053266 -1.9320587288992748 -0.38489105238633997 0.00094844493865966801
leaf_weight=41 28 29 27 34 40 42 26 25 30 45 39 25 29 33 39 25 26 29 43 33 35 26 27 35 34 25
leaf_count=41 28 29 27 34 40 42 26 25 30 45 39 25 29 33 39 25 26 29 43 33 35 26 27 35 34 25
internal_value=-0.0263051 -0.351389 -0.687722 -1.00225 -0.274269 0.236874 1.57258 -0.175496 0.102299 0.043145 -0.0152221 0.17831 0.563022 1.36642 0.314786 -1.35486 -1.4501 -1.25556 -1.43461 1.05265 -0.334425 -0.90694 1.68543 -1.76784 -0.265085 0.0415206
internal_weight=870 723 460 285 93 263 147 175 234 134 204 127 68 121 89 192 158 98 69 61 77 53 60 60 59 50
internal_count=870 723 460 285 93 263 147 175 234 134 204 127 68 121 89 192 158 98 69 61 77 53 60 60 59 50
is_linear=0
shrinkage=0.04


Tree=9
num_leaves=25
num_cat=0
split_feature=7 7 2 8 9 6 6 7 7 0 9 9 7 9 0 8 0 6 9 6 0 0 8 0
split_gain=260467 55989.3 74929.9 31705.5 37867.9 30146.3 22292.3 13728.2 13474.8 13457.8 11922.8 10395.8 7599.4 6878.17 5051.22 4409.81 3285.3 2899.2 2633.7 1542.45 1326.11 1118.68 1874.8 686.746
threshold=1.1445794666770477 -0.32033061487554942 1.0000000180025095e-35 -0.63134183865453442 0.92515411004892301 0.52988476228989012 -0.37962991198758139 -1.1992766638071075 -0.61331263118606871 -0.7491350475729156 1.4626849179817649 -1.4265431746572599 -0.90629464749658817 -0.082716154825155472 -1.0000000180025095e-35 -0.63134183865453442 0.74913504757291582 0.18881675943583826 0.25324060013287075 0.18881675943583826 -1.0000000180025095e-35 -0.7491350475729156 1.0000000180025095e-35 1.0000000180025095e-35
decision_type=2 2 2 2 2 2 2 2 2 2 2 2 2 2 2 2 2 2 2 2 2 2 2 2
left_child=1 7 -3 5 13 6 -4 11 12 -2 16 14 15 -5 -1 -9 -11 -13 20 -10 -15 -20 -23 -14
right_child=9 2 3 4 -6 -7 -8 8 19 10 -12 17 23 18 -16 -17 -18 -19 21 -21 -22 22 -24 -25
leaf_value=-0.42208378519330708 2.1356394414901736 0.9940382879031332 -0.39793744143985565 -0.88201969636811162 0.054709150911441871 -1.2627113159724643 1.0752410848052414 0.55990156451861062 -0.40868166421589103 0.62987624948674981 1.7437934001286826 -0.93958833357867078 0.61249127300774175 -1.47641728515625 0.25139908819782492 -0.076742401478850114 1.2310912608641844 -0.37215394206047059 -1.5751930157122789 -0.043306814299689397 -1.8556388338406882 -1.4755062101465282 -1.038597666422526 0.85975056782364845
leaf_weight=28 40 38 42 36 35 35 27 27 38 33 48 34 41 25 49 49 26 25 27 36 36 33 30 32
leaf_count=28 40 38 42 36 35 35 27 27 38 33 48 34 41 25 49 49 26 25 27 36 36 33 30 32
internal_value=-0.0252529 -0.337333 -0.686908 -0.882846 -1.15284 -0.306507 0.178524 0.0171101 0.210279 1.50967 1.27567 -0.29963 0.429404 -1.37886 0.00649623 0.149434 0.894818 -0.69915 -1.49731 -0.230932 -1.70022 -1.35978 -1.26745 0.720879
internal_weight=870 723 364 326 222 104 69 359 223 147 107 136 149 187 77 76 59 59 151 74 61 90 63 73
internal_count=870 723 364 326 222 104 69 359 223 147 107 136 149 187 77 76 59 59 151 74 61 90 63 73
is_linear=0
shrinkage=0.04


Tree=10
num_leaves=26
num_cat=0
split_feature=4 4 7 7 7 8 4 9 7 9 2 7 4 9 7 8 9 9 4 9 8 7 4 0 4
split_gain=216680 81377.8 48616.5 34893.5 42781.4 45301.3 33687.3 23171.6 16413.3 15533.4 12898.2 10442.3 9032.04 6486.2 18982.8 5735.41 4892.92 5566.2 5124.78 3529.18 3147.67 4317.09 2462.39 1785.42 1259.71
threshold=-0.12328983792066023 2.3127876754130554 1.4375614829875671 1.1445794666770477 -0.32033061487554942 -0.63134183865453442 -0.82975231678743755 -1.2249691216824441 -1.1992766638071075 0.32043195112447598 1.0000000180025095e-35 -0.61331263118606871 1.0216665933461864 1.2611108650069494 1.0000000180025095e-35 1.0000000180025095e-35 0.72358005707410744 -0.082716154825155472 -0.56178379032072889 -1.4265431746572599 1.0000000180025095e-35 -0.90629464749658817 0.19340023881272278 0.74913504757291582 -0.86629347948744329
decision_type=2 2 2 2 2 2 2 2 2 2 2 2 2 2 2 2 2 2 2 2 2 2 2 2 2
left_child=3 2 7 4 8 6 -6 19 -1 -8 -9 20 13 14 15 22 17 -7 23 -2 21 -10 -12 24 -19
right_child=1 -3 -4 -5 5 16 9 10 11 -11 12 -13 -14 -15 -16 -17 -18 18 -20 -21 -22 -23 -24 -25 -26
leaf_value=-0.92369427756259315 -0.024859057575160142 2.8773727396011348 1.7047221903999648 0.81634456047644988 -1.1986207518577576 -0.99783404377198992 -0.35633372579302103 1.3009385056649483 0.13231603749867143 0.96451489982933836 0.57187618999481205 -0.44908685207366944 0.94023668400076932 0.84101227181298399 -0.50846265749497843 0.9464077083526119 -0.88014120422876807 -1.690577950044112 -1.13833236546352 -0.55997641858729452 -0.053125275160585135 0.84214059288685139 0.04558580182718508 -1.4639529174804689 -2.0456752764794137
leaf_weight=38 49 25 48 26 40 31 28 31 29 29 25 48 43 28 44 31 26 33 29 33 28 26 33 25 31
leaf_count=38 49 25 48 26 40 31 28 31 29 29 25 48 43 28 44 31 26 33 29 33 28 26 33 25 31
internal_value=-0.0264069 0.669587 0.518368 -0.607644 -0.691597 -1.00214 -0.308776 0.338731 -0.191782 0.315677 0.540745 0.0205278 0.425226 0.287676 0.171184 0.50719 -1.38647 -1.47482 -1.60013 -0.240211 0.292112 0.467869 0.272435 -1.7506 -1.86258
internal_weight=857 390 365 467 441 272 97 317 169 57 235 131 204 161 133 89 175 149 118 82 83 55 58 89 64
internal_count=857 390 365 467 441 272 97 317 169 57 235 131 204 161 133 89 175 149 118 82 83 55 58 89 64
is_linear=0
shrinkage=0.04


Tree=11
num_leaves=25
num_cat=0
split_feature=9 9 2 8 9 9 7 9 9 9 9 5 9 7 6 8 6 5 5 8 7 8 8 5
split_gain=181278 71081.7 55242.6 33146.5 29370.5 43672.6 18494.3 18142.1 13734 11547.8 9090.52 7540.36 6585.89 5539.75 4429.52 3341.1 4165.43 3304.12 3279.54 2765.66 2664.34 1019.57 576.589 325.684
threshold=1.0595368120321338 -0.35148155879157633 1.0000000180025095e-35 -0.63134183865453442 0.45481465310768643 1.0000000180025095e-35 -1.1992766638071075 0.79077140806571256 1.3954935669901598 -0.6874383137496024 -0.082716154825155472 -0.71349052288507664 -1.5609258766404703 -0.90629464749658817 -0.37962991198758139 1.0000000180025095e-35 -0.15225124341821353 1.0000000180025095e-35 1.0000000180025095e-35 1.0000000180025095e-35 0.26563341774548938 1.0000000180025095e-35 -0.63134183865453442 -0.25066273765626779
decision_type=2 2 2 2 2 2 2 2 2 2 2 2 2 2 2 2 2 2 2 2 2 2 2 2
left_child=1 6 -3 4 5 -4 12 10 17 13 -5 -10 -1 18 -15 16 -14 -2 -8 22 23 -22 -11 -12
right_child=8 2 3 7 -6 -7 9 -9 11 19 20 -13 15 14 -16 -17 -18 -19 -20 -21 21 -23 -24 -25
leaf_value=0.14197963744401931 0.57375524287638457 0.74061977028846737 -1.0172296307004731 -0.81563503510243185 -1.1976613147258759 1.0215019681453705 0.0057390292573334849 -0.31516251100647835 1.0917702540670122 -0.082815933227539065 -1.8333043893745966 1.8745882212983238 -0.24192289667129516 0.53384382354802096 1.2603949626922608 -0.12298717435201009 -0.91402241117424443 1.0644664446512859 0.54888791561126715 0.2921250288133268 -1.5206487754873328 -1.2256586375989411 -0.33824070786054322 -1.6385987955552559
leaf_weight=41 46 37 29 37 40 40 29 31 35 31 28 45 25 29 25 30 36 42 46 27 37 38 26 27
leaf_count=41 46 37 29 37 40 40 29 31 35 31 28 45 25 29 25 30 36 42 46 27 37 38 26 27
internal_value=-0.0253506 -0.312619 -0.719492 -0.895467 -0.335285 0.164644 0.0930757 -1.20385 1.15279 0.323626 -1.36882 1.53211 -0.278949 0.561292 0.87021 -0.468599 -0.638572 0.807958 0.33887 -0.0413592 -1.52626 -1.37119 -0.199325 -1.73772
internal_weight=857 689 344 307 109 69 345 198 168 213 167 80 132 129 54 91 61 88 75 84 130 75 57 55
internal_count=857 689 344 307 109 69 345 198 168 213 167 80 132 129 54 91 61 88 75 84 130 75 57 55
is_linear=0
shrinkage=0.04


Tree=12
num_leaves=25
num_cat=0
split_feature=9 9 2 8 9 9 7 9 9 9 9 5 9 7 8 5 5 8 0 0 7 8 8 0
split_gain=167066 65508.9 50911.6 30547.8 27067.9 40248.7 17044.4 16719.8 12657.3 10642.5 8377.83 6949.2 6069.55 5105.43 3079.16 3045.08 3022.42 2548.83 2461.6 844.374 655.756 643.17 531.384 147.51
threshold=1.0595368120321338 -0.35148155879157633 1.0000000180025095e-35 -0.63134183865453442 0.45481465310768643 1.0000000180025095e-35 -1.1992766638071075 0.79077140806571256 1.3954935669901598 -0.6874383137496024 -0.082716154825155472 -0.71349052288507664 -1.5609258766404703 -0.90629464749658817 1.0000000180025095e-35 1.0000000180025095e-35 1.0000000180025095e-35 1.0000000180025095e-35 0.74913504757291582 -1.0000000180025095e-35 0.26563341774548938 1.0000000180025095e-35 -0.63134183865453442 1.0000000180025095e-35
decision_type=2 2 2 2 2 2 2 2 2 2 2 2 2 2 2 2 2 2 2 2 2 2 2 2
left_child=1 6 -3 4 5 -4 12 10 15 13 -5 -10 -1 16 19 -2 -8 22 20 -14 -12 -22 -11 -15
right_child=8 2 3 7 -6 -7 9 -9 11 17 18 -13 14 23 -16 -17 -18 -19 -20 -21 21 -23 -24 -25
leaf_value=0.13630046345111801 0.55080501496791845 0.71099497965864233 -0.97654046058654786 -0.78300963298694515 -1.1497548517584801 0.98064184558391576 0.0055094574928155242 -0.30255601023474049 1.0480994430269515 -0.079503287346132337 -1.7047188639640809 1.7996046880880991 -0.78003029717339423 0.76679507970809935 -0.11806768608093261 1.0218877844583421 0.52693239875461739 0.28044004166084863 -1.2041202312111856 -0.48041019004933971 -1.626120439072211 -1.3419679548740389 -0.32471107826209988 0.89910781519753602
leaf_weight=41 46 37 29 37 40 40 29 31 35 31 39 45 27 26 30 42 46 27 40 34 26 25 26 28
leaf_count=41 46 37 29 37 40 40 29 31 35 31 39 45 27 26 30 42 46 27 40 34 26 25 26 28
internal_value=-0.0243366 -0.300114 -0.690713 -0.859648 -0.321873 0.158058 0.0893527 -1.1557 1.10668 0.310681 -1.31406 1.47082 -0.267791 0.53884 -0.449855 0.77564 0.325316 -0.0397049 -1.46521 -0.613029 -1.58125 -1.48683 -0.191352 0.835402
internal_weight=857 689 344 307 109 69 345 198 168 213 167 80 132 129 91 88 75 84 130 61 90 51 57 54
internal_count=857 689 344 307 109 69 345 198 168 213 167 80 132 129 91 88 75 84 130 61 90 51 57 54
is_linear=0
shrinkage=0.04


Tree=13
num_leaves=27
num_cat=0
split_feature=4 4 7 7 7 8 6 6 7 7 4 7 4 8 6 5 4 4 7 4 8 7 7 7 6 5
split_gain=180286 73223 37978.2 26534.9 32302.7 35596.4 35962 57928.6 17928.3 13790.1 11206.1 8366.18 7228.05 6109.21 4039.58 3762.67 3519.77 5509.73 3474.81 3423.7 2816.67 3717.27 1439.28 1027.74 982.212 369.34
threshold=-0.12328983792066023 2.3127876754130554 1.4375614829875671 1.1445794666770477 -0.32033061487554942 -0.63134183865453442 0.30250609372052223 -0.72069791484163315 -1.1992766638071075 -1.1992766638071075 0.75369806687947738 -0.61331263118606871 1.3505370576462379 1.0000000180025095e-35 0.075127425151154323 1.0000000180025095e-35 1.0338469809128548 0.38828643987942002 0.55861543405600889 0.071596363146036998 1.0000000180025095e-35 -0.90629464749658817 -0.32033061487554942 0.26563341774548938 -0.60700858055694906 1.0000000180025095e-35
decision_type=2 2 2 2 2 2 2 2 2 2 2 2 2 2 2 2 2 2 2 2 2 2 2 2 2 2
left_child=3 2 8 4 9 6 7 -6 16 -1 13 20 25 19 -15 18 17 -2 23 -10 21 -11 -21 -7 -17 -12
right_child=1 -3 -4 -5 5 15 -8 -9 10 11 12 -13 -14 14 -16 24 -18 -19 -20 22 -22 -23 -24 -25 -26 -27
leaf_value=-0.86332338289210675 0.049884975297110418 2.7057417366027834 1.5166040546695392 0.68823222050300015 -0.9799384352106314 -1.6476343241403268 -1.1633352103687469 1.62023331321519 0.46873640571321756 0.1001426948748272 1.280329480266571 -0.418182776592051 0.35944085288930822 0.24263356575599085 0.90930265321876069 -0.78260557578160217 0.19454929351806641 -0.72420503464437302 -1.0617649095814403 -0.25773774200870142 -0.081327318698167797 0.75881223729023561 0.11408728771739536 -1.3600851172369881 -1.12402930191585 1.0629002551078797
leaf_weight=38 28 25 48 26 26 43 42 29 28 29 25 48 27 26 33 26 27 31 41 31 28 26 36 37 28 25
leaf_count=38 28 25 48 26 26 43 42 29 28 29 25 48 27 26 33 26 27 31 41 31 28 26 36 37 28 25
internal_value=-0.0233631 0.611494 0.468053 -0.553544 -0.626755 -0.896603 -0.281976 0.391061 0.309282 -0.192444 0.492827 0.00216273 0.886827 0.295827 0.615516 -1.23728 -0.18373 -0.35684 -1.36119 0.0972831 0.245254 0.411514 -0.0579512 -1.51464 -0.95964 1.17161
internal_weight=857 390 365 467 441 272 97 55 317 169 231 131 77 154 59 175 86 59 121 95 83 55 67 80 54 50
internal_count=857 390 365 467 441 272 97 55 317 169 231 131 77 154 59 175 86 59 121 95 83 55 67 80 54 50
is_linear=0
shrinkage=0.04


Tree=14
num_leaves=25
num_cat=0
split_feature=4 4 7 7 7 9 4 6 6 7 2 9 9 7 9 4 0 6 4 9 0 6 4 7
split_gain=166151 67482.4 35000.7 24454.6 29770.2 17172.1 17017.3 18753.4 26024.3 12709 10797.4 8453.01 10466.3 7710.27 7350.13 5379.15 5282.8 8408.56 4792.97 2882.42 2518.1 2500.51 1345.81 206.33
threshold=-0.12328983792066023 2.3127876754130554 1.4375614829875671 1.1445794666770477 -0.32033061487554942 -1.2249691216824441 -0.96373658002079188 0.52988476228989012 -0.15225124341821353 -1.1992766638071075 1.0000000180025095e-35 -0.48586426077478684 1.1267281630237389 -0.61331263118606871 0.52200600409929165 0.65625496634612879 -1.0000000180025095e-35 -1.0617659176956848 0.52227070311277446 -1.4265431746572599 1.0000000180025095e-35 0.30250609372052223 -1.0855404556874777 0.26563341774548938
decision_type=2 2 2 2 2 2 2 2 2 2 2 2 2 2 2 2 2 2 2 2 2 2 2 2
left_child=3 2 5 4 9 19 22 8 16 -1 -7 18 21 20 -9 -14 -8 -18 -12 -2 -11 -13 23 -6
right_child=1 -3 -4 -5 6 10 7 14 -10 13 11 12 15 -15 -16 -17 17 -19 -20 -21 -22 -23 -24 -25
leaf_value=-0.82879043619883686 -0.0068578618399950924 2.5975120880126954 1.4559398957093559 0.66070293866671048 -1.1720873498916626 1.1663536445556149 -1.0854769539251561 -1.5826616186844675 0.50684161508405534 0.051917548313432808 0.46947288125753406 -0.414284412077495 0.10604601603967172 -0.40145546046396102 -0.69954945548772818 0.84859286230963638 -1.0273997281074525 -0.034119969606399535 1.1438002197902937 -0.49046297535751804 0.49993787801441025 0.079038272673083901 -1.6092451049804688 -1.333029482460022
leaf_weight=38 49 25 48 26 26 31 41 38 37 49 48 35 27 48 25 37 25 30 26 33 34 31 25 25
leaf_count=38 49 25 48 26 26 31 41 38 37 49 48 35 27 48 25 37 25 30 26 33 34 31 25 25
internal_value=-0.0224286 0.587035 0.449331 -0.531402 -0.601685 0.29691 -0.860739 -0.663724 -0.394436 -0.184746 0.470816 0.365122 0.170857 0.00207623 -1.23222 0.535331 -0.741804 -0.485611 0.706399 -0.201479 0.235444 -0.182572 -1.36883 -1.25098
internal_weight=857 390 365 467 441 317 272 196 133 169 235 204 130 131 63 64 96 55 74 82 83 66 76 51
internal_count=857 390 365 467 441 317 272 196 133 169 235 204 130 131 63 64 96 55 74 82 83 66 76 51
is_linear=0
shrinkage=0.04


Tree=15
num_leaves=25
num_cat=0
split_feature=4 7 7 7 2 7 8 6 7 6 6 7 4 4 7 7 6 8 4 6 6 6 6 4
split_gain=140478 56257.7 41843.3 34092.5 29736.1 17257.2 14817.2 23171.2 12743.1 12682.1 8258.05 7074.59 5630.13 5381.58 4523.85 3857.66 3498.57 2969.54 2876.15 1957.33 4246.48 1945.05 1553.56 0.0382057
threshold=0.010694425312694102 1.1445794666770477 1.4375614829875671 -0.32033061487554942 1.0000000180025095e-35 -1.1992766638071075 -0.63134183865453442 0.075127425151154323 -1.1992766638071075 -0.94807658341100087 -1.2891445862650526 -0.61331263118606871 1.0338469809128548 1.6672271343796206 -0.61331263118606871 1.0000000180025095e-35 -0.72069791484163315 1.0000000180025095e-35 -0.96373658002079188 -0.83438724912631701 0.30250609372052223 0.75726343085925796 -0.60700858055694906 -0.39125836438736888
decision_type=2 2 2 2 2 2 2 2 2 2 2 2 2 2 2 2 2 2 2 2 2 2 2 2
left_child=1 3 4 5 -2 -1 7 9 12 -5 -8 -10 -6 16 19 -12 -13 -18 -17 -7 -21 22 -20 -16
right_child=2 -3 -4 6 8 14 10 -9 11 -11 15 13 -14 -15 23 18 17 -19 21 20 -22 -23 -24 -25
leaf_value=-0.8079705764677213 1.6031292678079296 0.95425260388573929 1.7228999051641909 -0.51509162737773018 -0.45077006794157487 0.52728227479117262 -0.33179875297546391 -1.1299145889282227 0.88679147953889814 0.70151858025583724 -0.77252258726528711 0.59014483584807476 0.2361492646081107 0.84579827895164483 -0.22300382347106934 -1.4961185350418091 -0.15957450454885311 0.35155181823238252 -1.2230074446017927 -0.26872393974891073 0.3912279520279322 -1.3742016567502702 -0.83133067323371423 -0.22521523275375366
leaf_weight=46 31 43 47 26 42 28 25 41 49 29 42 26 35 25 25 40 44 31 26 26 39 28 43 25
leaf_count=46 31 43 47 26 42 28 25 41 49 29 42 26 35 25 25 40 44 31 26 26 39 28 43 25
internal_value=-0.0306999 -0.432872 0.61765 -0.554848 0.434093 -0.134059 -0.819945 -0.410155 0.290283 0.126394 -1.01279 0.478962 -0.138534 0.320362 0.0827237 -1.1079 0.190303 0.051691 -1.21071 0.247688 0.127247 -1.09302 -0.978919 -0.22411
internal_weight=862 532 330 489 283 189 300 96 252 55 204 175 77 126 143 179 101 75 137 93 65 97 69 50
internal_count=862 532 330 489 283 189 300 96 252 55 204 175 77 126 143 179 101 75 137 93 65 97 69 50
is_linear=0
shrinkage=0.04


Tree=16
num_leaves=24
num_cat=0
split_feature=4 9 7 7 3 7 6 8 7 6 4 7 7 9 5 4 7 9 4 0 0 4 9
split_gain=129465 52958.5 38562.8 29683.3 24955.3 15904.2 12943.5 21312.2 12462 11629.5 11415.4 14253.6 9734.64 4697.94 3572.19 3367.37 3811.05 6133.21 2851.92 2420.55 2305.08 2077.59 636.921
threshold=0.010694425312694102 1.2611108650069494 1.4375614829875671 -0.32033061487554942 1.0000000180025095e-35 -1.1992766638071075 0.075127425151154323 -0.63134183865453442 0.55861543405600889 -0.94807658341100087 1.8742937230129866 -1.1992766638071075 -0.61331263118606871 -0.55305561176639195 -0.25066273765626779 -0.58614456545406601 0.26563341774548938 0.11885789814966023 0.46136876527943149 -1.0000000180025095e-35 1.0000000180025095e-35 -0.51306224005405465 -1.493734525648865
decision_type=2 2 2 2 2 2 2 2 2 2 2 2 2 2 2 2 2 2 2 2 2 2 2
left_child=1 3 4 5 10 -1 7 9 19 -5 11 22 -13 20 -14 16 17 -8 -16 -9 21 -7 -2
right_child=2 -3 -4 6 -6 13 15 8 -10 -11 -12 12 14 -15 18 -17 -18 -19 -20 -21 -22 -23 -24
leaf_value=-0.77565175543660703 -0.1958647321010458 1.0658063961399926 1.6539838978204322 -0.50024265766143805 1.4687145967781543 -0.1842224540533843 -0.72863531188964847 -1.3726858586569628 -0.24217796480333484 0.63324085791905727 1.0012310260342014 0.85131983231525032 0.59227037048339848 -0.27021747888520709 0.30403747025289035 -1.4094618505590102 -0.67733038822809866 -1.5981034185268259 -0.16423351370770001 -0.93263576655917702 0.47506218543178158 0.28278030088969641 -0.45281123623703468
leaf_weight=46 29 36 47 28 32 27 25 36 37 30 31 49 25 43 38 34 45 27 46 45 38 35 33
leaf_count=46 29 36 47 28 32 27 25 36 37 30 31 49 25 43 38 34 45 27 46 45 38 35 33
internal_value=-0.0294719 -0.415557 0.592944 -0.523075 0.416729 -0.128697 -0.765869 -0.541792 -0.850389 0.0860419 0.282611 0.181351 0.383039 0.0794148 0.172527 -1.06692 -0.946851 -1.18009 0.0476034 -1.12821 0.229757 0.0794081 -0.332627
internal_weight=862 532 330 496 283 189 307 176 118 58 251 220 158 143 109 131 97 52 84 81 100 62 62
internal_count=862 532 330 496 283 189 307 176 118 58 251 220 158 143 109 131 97 52 84 81 100 62 62
is_linear=0
shrinkage=0.04


Tree=17
num_leaves=27
num_cat=0
split_feature=7 4 7 2 5 7 7 8 6 6 7 4 6 6 0 4 0 7 7 7 4 0 6 4 4 0
split_gain=119572 70787.8 28985.1 21708.8 15875.8 14657.3 14232.9 12652 19807.8 11182.4 8458.75 7604.52 7475.88 5606.95 6813.23 4244.79 4078.41 4394.43 3869.04 3664.99 3404.88 2925.82 2187.78 1435.64 1062.84 409.097
threshold=1.1445794666770477 0.010694425312694102 -0.32033061487554942 1.0000000180025095e-35 1.0000000180025095e-35 -1.1992766638071075 1.4375614829875671 -0.63134183865453442 0.52988476228989012 -0.37962991198758139 -0.61331263118606871 0.60144322229612024 -1.2891445862650526 0.87095276514394182 -1.0000000180025095e-35 1.0338469809128548 -0.7491350475729156 1.0000000180025095e-35 -0.61331263118606871 0.26563341774548938 0.94858426794617456 1.0000000180025095e-35 0.18881675943583826 -0.51306224005405465 -0.70794844112075184 -1.0000000180025095e-35
decision_type=2 2 2 2 2 2 2 2 2 2 2 2 2 2 2 2 2 2 2 2 2 2 2 2 2 2
left_child=1 2 5 -3 13 -1 15 8 9 -4 -6 -8 -9 14 -5 -2 24 -18 21 -19 -16 23 -21 -7 -14 -20
right_child=6 3 7 4 10 18 11 12 -10 -11 -12 -13 16 -15 20 -17 17 19 25 22 -22 -23 -24 -25 -26 -27
leaf_value=-0.74462568687356046 0.37693464787801106 1.3446340761184692 -0.39650279533572319 -0.38237788716952004 1.0261881794929506 -0.16626794805893533 1.0640929851748728 -0.28623540496826172 -1.2295331757863364 0.67683841819763191 0.22674743975533379 1.8820289328021389 -1.5133670913696289 -0.62353285330313224 0.0092251123428344732 1.0270059219360352 -0.49820150315761569 -1.3809481025464607 -0.093104708671569836 -0.64289080619812011 0.66939533233642579 0.5176136006627764 -1.115816819960701 0.2338940106332302 -1.1480909099945655 -0.32193751945495608
leaf_weight=46 45 30 41 36 40 26 44 25 30 25 45 31 25 27 25 25 32 33 25 34 25 35 29 32 26 25
leaf_count=46 45 30 41 36 40 26 44 25 30 25 45 31 25 27 25 25 32 33 25 34 25 35 29 32 26 25
internal_value=-0.028293 -0.240152 -0.511541 0.341907 0.189978 -0.123549 1.01931 -0.755976 -0.377309 0.0100658 0.602955 1.40217 -0.934172 -0.120668 0.0372082 0.609103 -1.02467 -0.904146 0.0762382 -1.03946 0.33931 0.228797 -0.860587 0.0545111 -1.32715 -0.207521
internal_weight=862 717 489 228 198 189 145 300 96 66 85 75 204 113 86 70 179 128 143 96 50 93 63 58 51 50
internal_count=862 717 489 228 198 189 145 300 96 66 85 75 204 113 86 70 179 128 143 96 50 93 63 58 51 50
is_linear=0
shrinkage=0.04


Tree=18
num_leaves=26
num_cat=0
split_feature=4 9 9 9 2 9 6 9 4 4 0 6 4 5 9 4 9 4 9 9 6 6 0 6 6
split_gain=109846 45263 30584.4 24473.9 24307.2 11521.7 9830.12 9854.37 8793.99 19011.4 14893.9 7279.08 8354.99 6639.19 6794.2 5596.55 5538.31 4165.96 6232.05 3750.98 3730.88 2517.56 5717.87 2334.99 3899.57
threshold=0.010694425312694102 1.2611108650069494 1.3954935669901598 -0.35148155879157633 1.0000000180025095e-35 -1.157777770690839 0.075127425151154323 1.0000000180025095e-35 -0.62268572815407175 -0.34253681412069453 1.0000000180025095e-35 -0.72069791484163315 0.80241961714615162 1.0000000180025095e-35 -0.55305561176639195 0.71715690417947164 -0.082716154825155472 -0.58614456545406601 0.3876233021160812 -0.55305561176639195 -0.60700858055694906 0.87095276514394182 -1.0000000180025095e-35 -0.83438724912631701 0.30250609372052223
decision_type=2 2 2 2 2 2 2 2 2 2 2 2 2 2 2 2 2 2 2 2 2 2 2 2 2
left_child=1 3 4 5 -2 20 7 -5 10 -10 -9 12 -6 21 -15 -4 -8 18 -18 23 -1 22 -13 -7 -25
right_child=2 -3 15 6 11 19 16 8 9 -11 -12 13 -14 14 -16 -17 17 -19 -20 -21 -22 -23 -24 24 -26
leaf_value=-0.24881440199338475 1.4268800114047142 0.98671849303775361 0.96841574522165152 -1.0086067490047879 0.14841077459269555 0.55341043522724742 -0.42292332704250629 -1.06531844886144 0.72102788186842393 -0.73081233342488605 0.10969015530177526 -0.40280221528020399 1.1085824884217361 0.85525568685223974 0.092392397941427035 1.7702174711227416 -1.3039302268781159 -1.4836626013394059 -0.60823937394883898 -0.24930996007389492 -0.90868845150388522 -0.38670601308345798 0.31438030771587205 -0.27455993395585282 0.35786036662566356
leaf_weight=26 31 36 26 45 29 26 26 45 31 27 28 29 29 31 47 30 38 29 45 36 29 32 46 26 39
leaf_count=26 31 36 26 45 29 26 26 45 31 27 28 29 29 31 47 30 38 29 45 36 29 32 46 26 39
internal_value=-0.0271613 -0.382792 0.546159 -0.482192 0.37207 -0.11313 -0.696107 -0.497928 -0.322504 0.0451712 -0.61463 0.237505 0.628497 0.114924 0.395582 1.39795 -0.948858 -1.07095 -0.926748 0.0963111 -0.596748 -0.0896669 0.0370697 0.23304 0.104892
internal_weight=862 532 330 496 274 182 314 176 131 58 73 243 58 185 78 56 138 112 83 127 55 107 75 91 65
internal_count=862 532 330 496 274 182 314 176 131 58 73 243 58 185 78 56 138 112 83 127 55 107 75 91 65
is_linear=0
shrinkage=0.04


Tree=19
num_leaves=27
num_cat=0
split_feature=4 9 9 9 2 9 6 9 6 0 6 4 5 9 4 9 4 4 9 9 6 4 6 0 6 6
split_gain=101234 41714.4 28186.6 22555.1 22401.5 10618.4 9059.44 9081.79 8263.94 7764.28 6708.4 7699.96 6118.68 6261.54 5157.78 5104.11 4170.76 3839.34 5743.45 3456.91 3438.38 2356.35 2320.18 5269.58 2151.93 3593.84
threshold=0.010694425312694102 1.2611108650069494 1.3954935669901598 -0.35148155879157633 1.0000000180025095e-35 -1.157777770690839 0.075127425151154323 1.0000000180025095e-35 -0.26594057770289742 -1.0000000180025095e-35 -0.72069791484163315 0.80241961714615162 1.0000000180025095e-35 -0.55305561176639195 0.71715690417947164 -0.082716154825155472 -0.56178379032072889 -0.58614456545406601 0.3876233021160812 -0.55305561176639195 -0.60700858055694906 -0.72012882868742045 0.87095276514394182 -1.0000000180025095e-35 -0.83438724912631701 0.30250609372052223
decision_type=2 2 2 2 2 2 2 2 2 2 2 2 2 2 2 2 2 2 2 2 2 2 2 2 2 2
left_child=1 3 4 5 -2 20 7 -5 9 21 11 -6 22 -14 -4 -8 -11 18 -17 24 -1 -9 23 -12 -7 -26
right_child=2 -3 14 6 10 19 15 8 -10 16 12 -13 13 -15 -16 17 -18 -19 -20 -21 -22 -23 -24 -25 25 -27
leaf_value=-0.23886182161477898 1.3698048160922143 0.94724973731570772 0.92967911646916324 -0.96826248031192352 0.14247432692297574 0.53127402041967098 -0.40600637720181387 -1.0860158080034532 0.34458114757537844 0.18374000954627992 -0.386690123821127 1.0642391727710594 0.82104545162570097 0.088696711215567089 1.6994087797800699 -1.2517730226014789 -0.51580898895263672 -1.4243160629272462 -0.58390980646345347 -0.23933755258719128 -0.8723409034465921 -0.54212981033325192 -0.37123774707317353 0.30180508686148605 -0.26357754092950086 0.34354594441560599
leaf_weight=26 31 36 26 45 29 26 26 26 25 30 29 29 31 47 30 38 25 29 45 36 29 25 32 46 26 39
leaf_count=26 31 36 26 45 29 26 26 26 25 30 29 29 31 47 30 38 25 29 45 36 29 25 32 46 26 39
internal_value=-0.0260749 -0.367481 0.524313 -0.462905 0.357187 -0.108605 -0.668263 -0.478011 -0.309604 -0.463893 0.228005 0.603357 0.110327 0.379758 1.34203 -0.910903 -0.134237 -1.02811 -0.889679 0.0924586 -0.572878 -0.819405 -0.0860803 0.0355869 0.223719 0.100697
internal_weight=862 532 330 496 274 182 314 176 131 106 243 58 185 78 56 138 55 112 83 127 55 51 107 75 91 65
internal_count=862 532 330 496 274 182 314 176 131 106 243 58 185 78 56 138 55 112 83 127 55 51 107 75 91 65
is_linear=0
shrinkage=0.04


Tree=20
num_leaves=25
num_cat=0
split_feature=2 9 9 4 6 5 9 9 0 4 9 9 9 4 4 5 4 4 9 6 9 0 4 4
split_gain=81335.8 66231.8 30597.5 16838.6 17445 18014.3 12500.2 9114.19 7522.77 7405.9 6521.85 5729.2 6844.8 8209.96 6231.56 5155.04 5072.38 4908.21 4486.68 3926.63 3558.76 2807.84 1809.78 1741.29
threshold=-2.9592882694284057 1.2611108650069494 -0.55305561176639195 -0.69576805355408322 0.52988476228989012 -0.25066273765626779 -1.2249691216824441 -1.6281172276320757 -0.7491350475729156 -0.33035642655402603 1.4626849179817649 0.051666547158054986 0.32043195112447598 -0.96373658002079188 -0.96373658002079188 -1.1763183081138855 -0.18419177575400311 0.40046682744608858 -0.88901236672441819 -0.37962991198758139 -0.14990750581676068 -1.0000000180025095e-35 0.36392566474608284 -0.25727410115401456
decision_type=2 2 2 2 2 2 2 2 2 2 2 2 2 2 2 2 2 2 2 2 2 2 2 2
left_child=-1 2 6 11 5 -5 7 -2 -3 -6 -10 14 -13 -14 -4 21 20 18 23 -20 -7 -9 -18 -8
right_child=1 8 3 4 9 16 17 15 10 -11 -12 12 13 -15 -16 -17 22 -19 19 -21 -22 -23 -24 -25
leaf_value=2.1123028153386612 0.51858760503622203 1.356108793370864 -0.013390093157368322 0.71869600963592528 -1.0483737901278904 -0.83799657051379872 0.2048972681260878 -0.37161243311564129 0.24807118733723957 -0.29263537699129522 0.98176854417437598 -1.3668281768350039 -1.1243692967385956 -0.24495417772020614 -0.80317812139337719 -0.66781477172200265 0.24383357755599483 0.81546998399676696 0.17421867434183758 0.81615692761636549 -0.20342698897084885 0.16307328253081352 -0.16800239399859782 -0.24378486075401307
leaf_weight=29 26 34 31 45 42 26 31 30 36 41 42 34 33 35 33 41 31 33 30 31 31 33 38 25
leaf_count=29 26 34 31 45 42 26 31 30 36 41 42 34 33 35 33 41 31 33 30 31 31 33 38 25
internal_value=0.0307763 -0.043564 -0.188066 -0.403994 -0.199243 0.0317072 0.135825 -0.151262 0.859576 -0.675057 0.643139 -0.717287 -0.903429 -0.671729 -0.420625 -0.318725 -0.213646 0.384634 0.263116 0.50045 -0.49288 -0.091539 0.0170254 0.00459275
internal_weight=841 812 700 420 254 171 280 130 112 83 78 166 102 68 64 104 126 150 117 61 57 63 69 56
internal_count=841 812 700 420 254 171 280 130 112 83 78 166 102 68 64 104 126 150 117 61 57 63 69 56
is_linear=0
shrinkage=0.04


Tree=21
num_leaves=25
num_cat=0
split_feature=7 2 7 0 4 9 9 4 4 4 7 4 0 9 4 4 7 5 4 4 9 5 0 4
split_gain=83862.3 43530.2 31543.7 16760.3 9631.39 9122.94 15899.1 15746.2 10170.9 8242.37 11083.3 8159.43 7424.15 7347.49 6223.64 14151.7 6166.18 7928.21 6112.1 3143.37 2238.38 968.439 946.197 868.451
threshold=1.1445794666770477 -1.6916913147484629 -0.32033061487554942 -0.7491350475729156 -0.69576805355408322 1.0000000180025095e-35 0.45481465310768643 -0.51306224005405465 -0.11110945035399165 -0.22073293845400885 -0.90629464749658817 1.0216665933461864 -0.7491350475729156 1.4626849179817649 -1.1342620059541517 -0.93937580488745476 -0.61331263118606871 -0.25066273765626779 0.25430217664606569 0.52227070311277446 -1.3593518236656548 0.67499283280135014 1.0000000180025095e-35 0.65625496634612879
decision_type=2 2 2 2 2 2 2 2 2 2 2 2 2 2 2 2 2 2 2 2 2 2 2 2
left_child=1 -1 9 -2 12 -6 7 -7 -8 16 11 19 -4 23 -14 -16 17 -3 -12 20 -11 -19 -10 -5
right_child=3 2 4 13 5 6 8 -9 22 10 18 -13 14 -15 15 -17 -18 21 -20 -21 -22 -23 -24 -25
leaf_value=1.425099433263143 1.6125159506797793 -0.42830734707060314 -1.1549051047431098 0.20179568831125896 -0.87288053821240152 1.1313329996109009 -0.96898144445921253 -0.26181778936474415 0.041711838756288797 0.24832961797714234 0.92485667802566707 0.49908048309777914 -0.98954979221610462 1.041317350698072 0.37169142859322685 -0.77366569730970602 -0.60512511607928154 0.44169844776391987 0.15698576105965509 -0.53356901597976691 -0.23596488185831019 0.1094303370475769 -0.28428264765903871 0.51154262704508646
leaf_weight=27 40 42 45 30 35 25 38 27 28 26 43 38 34 43 28 45 39 32 27 30 37 25 29 28
leaf_count=27 40 42 45 30 35 25 38 27 28 26 43 38 34 43 28 45 39 32 27 30 37 25 29 28
internal_value=0.0295452 -0.149724 -0.212904 0.919534 -0.488794 -0.292495 -0.154308 0.407966 -0.46208 0.0589163 0.222345 0.00522028 -0.723836 0.645086 -0.542545 -0.334351 -0.179121 -0.011301 0.628678 -0.196572 -0.0360973 0.295967 -0.124145 0.351329
internal_weight=841 700 673 141 334 182 147 52 95 339 201 131 152 101 107 73 138 99 70 93 63 57 57 58
internal_count=841 700 673 141 334 182 147 52 95 339 201 131 152 101 107 73 138 99 70 93 63 57 57 58
is_linear=0
shrinkage=0.04


Tree=22
num_leaves=25
num_cat=0
split_feature=7 2 7 0 6 6 4 9 4 7 6 9 9 9 4 6 9 0 6 7 7 4 4 4
split_gain=77287.5 40117.4 29070.7 15446.3 10221.4 18999.6 11378.4 8819.54 7596.17 10214.3 8862.44 6771.45 5719.83 6931.61 5632.91 4692.14 3445.34 2713.51 3832.66 1949.42 1327.63 800.364 649.102 861.551
threshold=1.1445794666770477 -1.6916913147484629 -0.32033061487554942 -0.7491350475729156 0.18881675943583826 -0.15225124341821353 -0.62268572815407175 0.051666547158054986 -0.22073293845400885 -0.90629464749658817 -0.72069791484163315 1.4626849179817649 -0.6874383137496024 -1.2249691216824441 0.25430217664606569 -1.0617659176956848 0.18604924914126547 0.74913504757291582 0.41619542800520609 -0.90629464749658817 0.55861543405600889 0.65625496634612879 -0.65922689085407749 -0.17201138818733452
decision_type=2 2 2 2 2 2 2 2 2 2 2 2 2 2 2 2 2 2 2 2 2 2 2 2
left_child=1 -1 8 -2 5 6 7 -4 12 10 -10 21 13 -3 -11 -8 -6 18 -12 -15 -17 -5 -18 -24
right_child=3 2 4 11 16 -7 15 -9 9 14 17 -13 -14 19 -16 20 22 -19 -20 -21 -22 -23 23 -25
leaf_value=1.368095468238548 1.5480153431296351 -0.43890082247116985 -0.31176559896180123 0.19372385931015015 -1.0122800188479217 0.57814154709086707 -0.52852230676015222 -1.1726941844622294 0.60868356164296467 0.88786242695741879 -0.67765783803803592 0.99966467355572908 -0.53028652259644038 0.060819576660792032 0.15070631583531699 0.31004360446929935 -0.48032701105541659 0.12332319115147446 -0.067481266215443605 0.52931758862954603 -0.098207714741046614 0.49108090400695803 -0.85577303671836857 -0.52369098854064944
leaf_weight=27 40 34 33 30 46 34 30 45 30 43 28 43 47 30 27 25 45 33 40 27 26 28 25 25
leaf_count=27 40 34 33 30 46 34 30 45 30 43 28 43 47 30 27 25 45 33 40 27 26 28 25 25
internal_value=0.0283634 -0.143735 -0.204388 0.882753 -0.469242 -0.280107 -0.463632 -0.808455 0.0565597 0.213451 0.00501147 0.619283 -0.171956 0.0131158 0.603531 -0.13158 -0.728129 -0.174297 -0.31873 0.28274 0.101915 0.337276 -0.59054 -0.689732
internal_weight=841 700 673 141 334 193 159 78 339 201 131 101 138 91 70 81 141 101 68 57 51 58 95 50
internal_count=841 700 673 141 334 193 159 78 339 201 131 101 138 91 70 81 141 101 68 57 51 58 95 50
is_linear=0
shrinkage=0.04


Tree=23
num_leaves=26
num_cat=0
split_feature=2 9 9 4 6 5 9 9 9 0 9 9 4 4 9 4 5 4 9 6 9 0 6 4 4
split_gain=67226 50538.6 24385.2 13120.6 15133.3 16323.8 10597.8 7766.52 6048.49 5560.2 5135.78 6173.27 7903.83 5697.21 5126.97 4831.54 4728.04 4224.11 3726.85 3547.76 3041.14 2560.74 1633.53 1595.83 1481.98
threshold=-2.9592882694284057 1.2611108650069494 -0.55305561176639195 -0.69576805355408322 0.52988476228989012 -0.25066273765626779 -1.2249691216824441 -1.6281172276320757 -0.14990750581676068 -0.7491350475729156 0.051666547158054986 0.32043195112447598 -0.96373658002079188 -0.96373658002079188 1.4626849179817649 0.40046682744608858 -1.1763183081138855 -0.18419177575400311 -0.88901236672441819 -0.37962991198758139 -0.14990750581676068 -1.0000000180025095e-35 1.0983314337133099 0.36392566474608284 -0.25727410115401456
decision_type=2 2 2 2 2 2 2 2 2 2 2 2 2 2 2 2 2 2 2 2 2 2 2 2 2
left_child=-1 2 6 10 5 -5 7 -2 -6 -3 13 -12 -13 -4 -11 18 21 20 24 -20 -7 -9 -10 -19 -8
right_child=1 9 3 4 8 17 15 16 22 14 11 12 -14 -15 -16 -17 -18 23 19 -21 -22 -23 -24 -25 -26
leaf_value=1.9196143663340601 0.47657008684598479 1.175443200714448 0.034362685295843305 0.69045488595962523 -0.10167852668762206 -0.77091359010109528 0.18026517575786963 -0.34625529559453327 -1.0656927125794549 0.21220915713657934 -1.2522183331321268 -1.0362179739547499 -0.17335443687438964 -0.72080478841608231 0.86273077408472698 0.77911676312937883 -0.63068225417922186 0.22641848287274763 0.1373059122165044 0.74748966386241289 -0.18430548267979777 0.16436159000252232 -0.64087993414203326 -0.16030935061605353 -0.23366266145706177
leaf_weight=29 26 34 31 45 25 26 31 30 28 36 34 33 35 33 42 33 41 31 30 31 31 33 30 38 25
leaf_count=29 26 34 31 45 25 26 31 30 28 36 34 33 35 33 42 33 41 31 30 31 31 33 30 38 25
internal_value=0.0272289 -0.0403563 -0.166584 -0.359349 -0.178611 0.0364939 0.122564 -0.141776 -0.62178 0.748565 -0.6359 -0.812137 -0.592097 -0.355021 0.56249 0.351659 -0.296362 -0.197064 0.231094 0.447399 -0.451881 -0.0787893 -0.845962 0.0134379 -0.00452404
internal_weight=841 812 700 420 254 171 280 130 83 112 166 102 68 64 78 150 104 126 117 61 57 63 58 69 56
internal_count=841 812 700 420 254 171 280 130 83 112 166 102 68 64 78 150 104 126 117 61 57 63 58 69 56
is_linear=0
shrinkage=0.04


Tree=24
num_leaves=24
num_cat=0
split_feature=7 3 7 8 9 9 0 9 9 9 7 9 6 9 0 9 9 6 6 6 6 6 5
split_gain=66777.7 22200.3 28013.2 20898.5 26329 58621.4 13438.2 7984.3 5688.31 5636.47 8155.05 5780.54 5005.71 8603.81 4623.71 3054.96 2676.39 1507.3 1341.27 921.669 726.853 318.139 55.6875
threshold=1.1445794666770477 1.0000000180025095e-35 -0.32033061487554942 -0.63134183865453442 0.45481465310768643 1.0000000180025095e-35 -0.7491350475729156 0.92515411004892301 1.4626849179817649 -1.2249691216824441 -0.61331263118606871 -1.4265431746572599 -0.83438724912631701 -0.75462966474120774 -1.0000000180025095e-35 -0.082716154825155472 0.18604924914126547 0.18881675943583826 -0.26594057770289742 0.64357409657457409 -0.37962991198758139 1.0000000180025095e-35 -0.25066273765626779
decision_type=2 2 2 2 2 2 2 2 2 2 2 2 2 2 2 2 2 2 2 2 2 2 2
left_child=1 2 9 4 5 -4 -2 15 20 11 12 14 -11 19 -1 -5 -17 -12 -18 -14 -8 -13 -20
right_child=6 -3 3 7 -6 -7 8 -9 -10 10 17 21 13 -15 -16 16 18 -19 22 -21 -22 -23 -24
leaf_value=-0.29538913880625078 1.4408311094045638 0.68724468328514876 -0.8577972659269969 -0.48082191535404756 -0.81934717480729269 1.5075249062086407 0.46782590442233613 -0.1435202724793378 0.92320255820141284 0.77024131357669834 -0.3072350911396306 -0.57565518617630007 -0.1446572401174685 0.79820123991061909 0.34864837283179873 -1.1482165183191715 -0.96366509013705781 0.044904050311526736 -0.60710131205045259 0.15978593954673179 0.18394615488667643 -0.37777739905394042 -0.68771974218302756
leaf_weight=31 40 49 30 35 41 38 27 34 43 37 41 26 41 29 42 46 36 37 26 26 31 26 29
leaf_count=31 40 49 30 35 41 38 27 34 43 37 41 26 41 29 42 46 36 37 26 26 31 26 29
internal_value=0.0261397 -0.13383 -0.195631 -0.466629 -0.0187267 0.464 0.820316 -0.703626 0.574568 0.0584285 0.184526 -0.154425 0.374964 0.222618 0.075153 -0.814344 -0.89955 -0.140195 -0.773851 -0.0265151 0.316097 -0.476716 -0.649609
internal_weight=841 700 651 315 109 68 141 206 101 336 211 125 133 96 73 172 137 78 91 67 58 52 55
internal_count=841 700 651 315 109 68 141 206 101 336 211 125 133 96 73 172 137 78 91 67 58 52 55
is_linear=0
shrinkage=0.04


Tree=25
num_leaves=26
num_cat=0
split_feature=9 9 2 8 9 9 7 9 0 6 0 6 6 9 7 7 0 6 6 6 0 7 8 6 8
split_gain=82662.1 16386 22508.6 13765.7 19351 36578.6 10265.9 7854.49 6866.62 6347.6 6527.91 6815.94 4479.66 4448.99 4276.57 4145.85 6890.57 5187.05 3401.96 3051.31 2445.63 2318.47 2078.98 2722.15 1211.18
threshold=1.0595368120321338 -0.55305561176639195 1.0000000180025095e-35 -0.63134183865453442 0.45481465310768643 1.0000000180025095e-35 0.85159745036652823 -0.28429020779997111 0.74913504757291582 1.2120207679979937 -0.7491350475729156 0.41619542800520609 0.64357409657457409 -0.9562037177160233 1.0000000180025095e-35 -1.1992766638071075 -1.0000000180025095e-35 -0.83438724912631701 -0.83438724912631701 -0.15225124341821353 -1.0000000180025095e-35 0.26563341774548938 1.0000000180025095e-35 -0.15225124341821353 1.0000000180025095e-35
decision_type=2 2 2 2 2 2 2 2 2 2 2 2 2 2 2 2 2 2 2 2 2 2 2 2 2
left_child=1 8 -3 4 5 7 12 -4 15 10 -2 18 20 19 -14 22 17 -17 -12 -10 24 -22 23 -1 -5
right_child=9 2 3 6 -6 -7 -8 -9 13 -11 11 -13 14 -15 -16 16 -18 -19 -20 -21 21 -23 -24 -25 -26
leaf_value=-0.088092714888708928 1.2981214589542813 0.58013278810601487 0.045839107403388389 -0.86032931725825035 -0.83585135054588322 1.2268538224356516 0.094303068007741658 -0.93737296049411489 0.47599868335723877 0.26696217767653929 0.83150706906472482 1.2385422036154519 -0.097072753518819804 0.77657917517202879 -0.7437203454971314 0.80392281589508063 -0.28030043539901572 0.088108443021774299 0.27907259645916166 -0.12234961255391438 -0.87564101934432981 -0.43185551843335551 -0.018617149340478999 -0.60503501142064731 -1.2139176350255168
leaf_weight=28 45 38 26 31 40 35 28 26 25 31 31 29 30 27 36 25 48 46 42 30 48 31 38 39 31
leaf_count=28 45 38 26 31 40 35 28 26 25 31 31 29 30 27 36 25 48 46 42 30 48 31 38 39 31
internal_value=0.0167823 -0.177438 -0.345986 -0.443203 -0.10767 0.227126 -0.624534 -0.445767 0.0428867 0.787117 0.896809 0.71976 -0.721768 0.356062 -0.44979 -0.0717579 0.0898877 0.340156 0.513668 0.149627 -0.849078 -0.701497 -0.254956 -0.388999 -1.03712
internal_weight=884 706 400 362 127 87 235 52 306 178 147 102 207 82 66 224 119 71 73 55 141 79 105 67 62
internal_count=884 706 400 362 127 87 235 52 306 178 147 102 207 82 66 224 119 71 73 55 141 79 105 67 62
is_linear=0
shrinkage=0.04


Tree=26
num_leaves=27
num_cat=0
split_feature=4 4 7 4 1 9 9 9 9 6 6 6 6 9 7 4 9 4 9 6 5 4 4 6 7 6
split_gain=77406.1 48675.2 22517.3 12996.3 11200.2 9183.54 14906.4 9598.28 8076.46 7904.68 6026.65 7359.58 5225.87 4910.18 4013.2 3881.28 3853.99 3133.45 3130.81 2911.35 1501.91 1406.86 1368.19 957.175 649.936 615.482
threshold=2.3127876754130554 -0.37907797682070027 1.1445794666770477 1.0216665933461864 1.0000000180025095e-35 0.32043195112447598 0.58919735509089699 0.11885789814966023 -1.2249691216824441 -0.83438724912631701 -0.83438724912631701 -1.2891445862650526 1.0000000180025095e-35 0.79077140806571256 -0.32033061487554942 -0.11110945035399165 -1.0233950687076285 0.10813752584604273 -1.0233950687076285 1.0000000180025095e-35 -0.71349052288507664 -0.63486611572074036 -0.82975231678743755 -0.15225124341821353 -0.32033061487554942 0.64357409657457409
decision_type=2 2 2 2 2 2 2 2 2 2 2 2 2 2 2 2 2 2 2 2 2 2 2 2 2 2
left_child=1 5 3 4 14 7 -7 10 -5 -4 11 -1 24 -8 16 -16 20 -18 -6 -11 -3 22 -14 -20 -12 -21
right_child=-2 2 9 8 18 6 13 -9 -10 19 12 -13 21 -15 15 -17 17 -19 23 25 -22 -23 -24 -25 -26 -27
leaf_value=-0.54038894793566539 1.9168798307939008 -0.16295382062594096 1.1973317591349284 0.052060170397162438 -0.026719564007174585 0.48333605380285355 -0.79506707476245031 -1.1088707607548411 0.90463360786437985 0.13529586800507137 -0.75291362380981441 0.29815818382031989 -0.31469752334631407 -0.13889429388819513 -0.80001784743684712 -0.18653061317675043 0.30429017017054005 -0.22326984980413989 0.65764961090087892 0.48113555307741523 -0.54616857035954791 -0.17943529982720652 -0.72505417810323158 0.33160857312819536 -1.0335114370925087 0.73377721680535213
leaf_weight=34 33 36 33 32 31 42 36 41 40 28 25 33 26 37 33 33 43 31 25 27 30 31 26 34 28 36
leaf_count=34 33 36 33 32 31 42 36 41 40 28 25 33 26 37 33 33 43 31 25 27 30 31 26 34 28 36
internal_value=0.016111 -0.0575968 0.200816 0.0437351 -0.0735026 -0.411745 -0.117056 -0.550635 0.525712 0.666991 -0.437888 -0.127373 -0.590862 -0.462486 -0.236138 -0.493274 -0.114916 0.0832853 0.298751 0.474669 -0.337142 -0.392723 -0.519876 0.469762 -0.901154 0.625502
internal_weight=884 851 492 368 296 359 115 244 72 124 203 67 136 73 206 66 140 74 90 91 66 83 52 59 53 63
internal_count=884 851 492 368 296 359 115 244 72 124 203 67 136 73 206 66 140 74 90 91 66 83 52 59 53 63
is_linear=0
shrinkage=0.04


Tree=27
num_leaves=26
num_cat=0
split_feature=4 4 7 4 1 9 9 9 9 6 6 6 6 9 5 9 8 9 6 6 4 4 6 4 7
split_gain=71337.5 44859.1 20752 11977.4 10322.1 8463.55 13737.8 8845.77 7443.27 7284.96 5554.16 6782.59 4816.16 4525.23 3764.87 3472.06 3192.06 2885.35 2691.09 2377.8 1299.97 2818.55 882.133 779.406 598.981
threshold=2.3127876754130554 -0.37907797682070027 1.1445794666770477 1.0216665933461864 1.0000000180025095e-35 0.32043195112447598 0.58919735509089699 0.11885789814966023 -1.2249691216824441 -0.83438724912631701 -0.83438724912631701 -1.2891445862650526 1.0000000180025095e-35 0.79077140806571256 1.0000000180025095e-35 -0.48586426077478684 1.0000000180025095e-35 -1.0233950687076285 0.41619542800520609 -0.37962991198758139 -0.62268572815407175 -0.80539154165410043 -0.15225124341821353 0.16903946367938563 -0.32033061487554942
decision_type=2 2 2 2 2 2 2 2 2 2 2 2 2 2 2 2 2 2 2 2 2 2 2 2 2
left_child=1 5 3 4 14 7 -7 10 -5 -4 11 -1 24 -8 16 19 23 -6 -11 -16 21 -14 -19 -3 -12
right_child=-2 2 9 8 17 6 13 -9 -10 18 12 -13 20 -15 15 -17 -18 22 -20 -21 -22 -23 -24 -25 -26
leaf_value=-0.51877339545418244 1.8402046375563652 -0.67609838290092272 1.1494385048837372 0.04997777953743935 -0.025650775663314331 0.46400261175064816 -0.76326439393891232 -1.0645159349281612 0.86844826161861421 0.24521740796718192 -0.72279708862304692 0.28623185475667318 -0.21454958389912332 -0.13333850335430456 -0.10617844874039292 -0.34804051472590525 -0.10155465317399878 0.63134360847473148 0.68049791760065337 0.38950899815559392 -0.16099857529689526 -0.79291729954572832 0.31834424804238715 -0.39948831966945103 -0.99217095920017784
leaf_weight=34 33 39 33 32 31 42 36 41 40 47 25 33 28 37 32 39 38 25 44 30 29 26 34 28 28
leaf_count=34 33 39 33 32 31 42 36 41 40 47 25 33 28 37 32 39 38 25 44 30 29 26 34 28 28
internal_value=0.0154666 -0.055293 0.192783 0.0419857 -0.0705625 -0.395275 -0.112373 -0.528609 0.504684 0.640311 -0.420372 -0.122278 -0.567227 -0.443987 -0.226692 -0.0523368 -0.394406 0.286801 0.455683 0.13367 -0.377014 -0.493023 0.450971 -0.5605 -0.865108
internal_weight=884 851 492 368 296 359 115 244 72 124 203 67 136 73 206 101 105 90 91 62 83 54 59 67 53
internal_count=884 851 492 368 296 359 115 244 72 124 203 67 136 73 206 101 105 90 91 62 83 54 59 67 53
is_linear=0
shrinkage=0.04


Tree=28
num_leaves=28
num_cat=0
split_feature=2 7 9 0 5 9 5 9 9 7 9 9 6 9 9 9 9 0 6 6 0 9 5 6 6 6 6
split_gain=69137.1 51052.9 16851.6 6235.63 5069.04 7600.79 4899.36 4403.25 12065.4 8386.57 7929.16 8971.43 6364.68 4330.61 4078.39 3941.28 3716.23 3657.59 7098.19 3588.18 2644.53 2468.05 2566.2 1766.51 1283.44 812.968 634.407
threshold=-2.9592882694284057 1.1445794666770477 -0.55305561176639195 0.74913504757291582 -0.71349052288507664 1.3954935669901598 1.0000000180025095e-35 0.3876233021160812 0.58919735509089699 0.85159745036652823 0.11885789814966023 1.0000000180025095e-35 0.64357409657457409 -0.41867290978318161 -1.2921604726740494 0.25324060013287075 -1.0233950687076285 -1.0000000180025095e-35 -0.83438724912631701 -0.15225124341821353 1.0000000180025095e-35 -1.4265431746572599 -1.6391460933426945 0.18881675943583826 0.64357409657457409 0.52988476228989012 -0.49331924627226525
decision_type=2 2 2 2 2 2 2 2 2 2 2 2 2 2 2 2 2 2 2 2 2 2 2 2 2 2 2
left_child=-1 2 3 14 -3 6 -6 10 -9 25 11 12 13 -4 21 -12 19 18 -16 -5 -11 22 -2 -19 -20 -10 -15
right_child=1 4 7 16 5 -7 -8 8 9 20 15 -13 -14 26 17 -17 -18 23 24 -21 -22 -23 -24 -25 -26 -27 -28
leaf_value=1.7317128335105048 -0.40655931186676031 0.20827407592051739 -0.34462878908429828 0.45007032938003544 0.80486995637416836 1.1219289182643502 0.09929325288341892 0.4100120417067879 -0.87687659556374831 0.10902665209770201 -1.1849851897358894 0.25655784398317338 -0.11732346502443156 -1.058984684760754 0.78218609504699721 -0.53515434701527864 0.66864339136308248 -0.41505605594865208 -0.23476582573010374 -0.22763691940307618 -0.3788334305584431 -0.61053693405219489 0.1309679013711435 0.039004677780545671 0.1522630934854006 -0.57974684504362251 -0.78215446401525424
leaf_weight=36 30 37 35 25 32 49 31 38 34 40 32 32 48 26 25 28 31 29 26 25 32 28 27 26 29 26 27
leaf_count=36 30 37 35 25 32 49 31 38 34 40 32 32 48 26 25 28 31 29 26 25 32 28 27 26 29 26 27
internal_value=0.0148479 -0.0580379 -0.201331 0.0245082 0.614192 0.74829 0.457681 -0.37213 -0.218049 -0.398855 -0.487014 -0.346044 -0.487833 -0.689929 -0.0859628 -0.881731 0.324553 0.0506953 0.22333 0.111217 -0.1078 -0.303008 -0.151941 -0.200409 -0.030696 -0.74812 -0.917958
internal_weight=884 848 699 301 149 112 63 398 170 132 228 168 136 88 220 60 81 135 80 50 72 85 57 55 55 60 53
internal_count=884 848 699 301 149 112 63 398 170 132 228 168 136 88 220 60 81 135 80 50 72 85 57 55 55 60 53
is_linear=0
shrinkage=0.04


Tree=29
num_leaves=27
num_cat=0
split_feature=4 4 7 4 0 9 9 9 9 0 7 4 9 0 7 9 9 0 4 4 4 8 4 9 8 9
split_gain=64374.2 38992.8 17507 11083.3 9293.47 7480.86 11955.6 7338.54 6650.12 4421.7 4105.73 3823.43 3755.69 3638.3 3121.42 3758.69 2616.33 2637.53 1982.01 2824.49 3986.23 1181.38 1320.44 1154.51 4682.15 61.7508
threshold=2.3127876754130554 -0.37907797682070027 1.1445794666770477 1.0216665933461864 0.74913504757291582 0.32043195112447598 0.58919735509089699 0.11885789814966023 -1.2249691216824441 -1.2485584126215259 -0.32033061487554942 -0.96373658002079188 0.79077140806571256 1.0000000180025095e-35 -0.61331263118606871 -1.0233950687076285 -1.0233950687076285 1.2485584126215263 1.2165527944128833 0.66843535391279729 0.15685907611271704 1.0000000180025095e-35 -0.61050534058740313 -1.157777770690839 1.0000000180025095e-35 0.6563887060825021
decision_type=2 2 2 2 2 2 2 2 2 2 2 2 2 2 2 2 2 2 2 2 2 2 2 2 2 2
left_child=1 5 3 4 9 7 -7 11 -5 -3 23 13 -8 -1 15 -13 -6 -18 19 20 -4 22 -16 -11 -25 -12
right_child=-2 2 18 8 16 6 12 -9 -10 10 25 14 -14 -15 21 -17 17 -19 -20 -21 -22 -23 -24 24 -26 -27
leaf_value=-0.43141100053276332 1.7476490604516233 0.13393789270189074 0.88080620425088074 0.05511232823133469 -0.026887256099331763 0.43372578575497583 -0.70418877853287598 -0.98341163553842692 0.82874713069200512 -0.3614347283260243 -0.65998832063674928 -0.59478413581848144 -0.13031794854112574 0.21936251993532532 -0.90843448448181152 0.060627464282193351 0.68114543237993797 0.14556463037218367 0.27113936920166015 0.97189181746858544 0.25181799082379591 -0.44478215294499551 -0.53210963726043703 0.13948829694670076 -0.53322603077888486 -0.57108328247070317
leaf_weight=28 33 45 28 32 31 42 36 41 40 37 25 28 37 27 35 28 31 28 25 33 38 31 26 49 25 25
leaf_count=28 33 45 28 32 31 42 36 41 40 37 25 28 37 27 35 28 31 28 25 33 38 31 26 49 25 25
internal_value=0.014254 -0.0529634 0.178324 0.0398177 -0.0684479 -0.369937 -0.103966 -0.495292 0.484909 -0.216594 -0.314569 -0.396706 -0.413323 -0.11194 -0.502532 -0.267078 0.270642 0.426971 0.589376 0.669738 0.518661 -0.645851 -0.748034 -0.178998 -0.0877801 -0.615536
internal_weight=884 851 492 368 296 359 115 244 72 206 161 203 73 55 148 56 90 59 124 99 66 92 61 111 74 50
internal_count=884 851 492 368 296 359 115 244 72 206 161 203 73 55 148 56 90 59 124 99 66 92 61 111 74 50
is_linear=0
shrinkage=0.04


Tree=30
num_leaves=27
num_cat=0
split_feature=4 4 9 8 6 9 7 6 9 4 4 6 9 8 7 9 6 9 9 6 6 9 4 8 8 4
split_gain=67956.7 32829.9 15945.8 12388.5 14721.1 21359.4 9273.29 8771.43 8454.28 5278.75 7513.65 7855.08 4558.69 4312.25 4246.02 4140.65 4363.09 3938.92 4181.52 2802.45 2412.04 1790.61 1360.58 1676.97 1237.42 674.548
threshold=2.44677193864641 1.0000000180025095e-35 1.2611108650069494 -0.63134183865453442 0.18881675943583826 1.0000000180025095e-35 -1.1992766638071075 0.30250609372052223 -0.082716154825155472 1.2287331819795522 0.51009031554610584 -0.72069791484163315 -0.62024696275799729 1.0000000180025095e-35 -0.32033061487554942 0.18604924914126547 -0.94807658341100087 -1.157777770690839 -0.55305561176639195 0.18881675943583826 -0.49331924627226525 -1.5609258766404703 -0.95155619245412326 1.0000000180025095e-35 -0.63134183865453442 -0.34253681412069453
decision_type=2 2 2 2 2 2 2 2 2 2 2 2 2 2 2 2 2 2 2 2 2 2 2 2 2 2
left_child=1 2 3 4 5 12 21 9 17 10 20 -12 -1 24 -6 -10 -17 -5 25 -20 -8 -3 -18 -24 -9 -19
right_child=-2 6 -4 8 14 -7 7 13 15 -11 11 -13 -14 -15 -16 16 22 18 19 -21 -22 -23 23 -25 -26 -27
leaf_value=0.078503430938720711 1.948221942561644 0.08946986816547535 0.56123302662011354 -0.70861797661616888 -0.12245608765365822 0.90495442932302295 -0.29443138739641972 0.57576622934052435 -1.0283977670019322 -0.40349076690673824 1.0285090321507948 0.080421510228404283 -0.68537608184814458 0.89957336213853623 -0.75836682189078564 -0.11625937095055214 -0.955308451461792 0.14753064505363767 -0.60674361938653987 -0.074170236587524419 0.21197125558499938 -0.31771170670787496 -0.84163238712719501 -0.43133478602847541 0.2388589396871425 -0.12000082535743714
leaf_weight=25 27 27 33 29 28 44 34 33 44 25 29 27 25 45 42 26 25 38 43 25 27 48 28 37 37 25
leaf_count=25 27 27 33 29 28 44 34 33 44 25 29 27 25 45 42 26 25 38 43 25 27 48 28 37 37 25
internal_value=-0.0273648 -0.0901926 -0.289519 -0.347525 -0.0648415 0.262193 0.220204 0.334406 -0.4924 0.124109 0.236844 0.571395 -0.303436 0.594077 -0.504003 -0.698 -0.572677 -0.2868 -0.193421 -0.410945 -0.070286 -0.171126 -0.704531 -0.608078 0.397687 0.0413674
internal_weight=876 849 517 484 164 94 332 257 320 142 117 56 50 115 70 160 116 160 131 68 61 75 90 65 70 63
internal_count=876 849 517 484 164 94 332 257 320 142 117 56 50 115 70 160 116 160 131 68 61 75 90 65 70 63
is_linear=0
shrinkage=0.04


Tree=31
num_leaves=27
num_cat=0
split_feature=4 4 9 8 9 9 0 9 0 9 8 9 0 9 4 9 5 4 4 4 4 4 4 4 9 4
split_gain=62628.9 30256.1 14695.6 11417.3 12889 35004.1 10264.5 7791.47 7089.84 6935.83 6821.6 6383.18 6342.98 3816.02 3724.5 3630.11 4400.15 3126.33 2971.02 5624.71 2707.56 1598.85 3363.32 1386.21 943.607 870.753
threshold=2.44677193864641 1.0000000180025095e-35 1.2611108650069494 -0.63134183865453442 0.45481465310768643 1.0000000180025095e-35 -0.7491350475729156 -0.082716154825155472 0.74913504757291582 -1.157777770690839 1.0000000180025095e-35 -0.35148155879157633 1.2485584126215263 0.18604924914126547 0.46136876527943149 -1.157777770690839 1.1378206180301593 -0.39125836438736888 1.0216665933461864 0.27866295177940287 -0.6714072784207461 -1.012458130287466 -0.76885037895409469 0.65625496634612879 -0.75462966474120774 -0.34253681412069453
decision_type=2 2 2 2 2 2 2 2 2 2 2 2 2 2 2 2 2 2 2 2 2 2 2 2 2 2
left_child=1 2 3 4 5 11 9 15 18 -3 12 25 -10 -9 -11 -5 24 21 19 -8 -18 -15 -23 -21 -17 -1
right_child=-2 6 -4 7 -6 -7 8 13 10 14 -12 -13 -14 17 -16 16 20 -19 -20 23 -22 22 -24 -25 -26 -27
leaf_value=-0.22398346676145281 1.8702930526380186 0.015974268402372087 0.53878369504755197 -0.68027326090582496 -0.71922282502457902 1.1266854647489695 0.19605681508779527 -0.98726183921098709 0.4138334559566445 0.43625690683722496 0.75052070205276078 -0.83900673169356121 -0.39720944788720874 -0.93323293020725251 1.0152255637645722 -0.088870951301521728 -0.087649872589111319 -0.16341800377919125 0.12811540346671926 -0.70418610749421295 -0.61580234654066046 -0.21547725350768476 -0.79936180290422942 -0.3091206851005554 0.21772182809895482 0.07835080605966073
leaf_weight=35 27 28 33 29 37 39 28 44 36 32 37 26 27 25 40 36 25 26 47 27 41 27 38 30 29 27
leaf_count=35 27 28 33 29 37 39 28 44 36 32 37 26 27 25 40 36 25 26 47 27 41 27 38 30 29 27
internal_value=-0.0262702 -0.0865849 -0.277938 -0.333624 -0.0622478 0.129154 0.211396 -0.472704 0.0653749 0.550165 0.319426 -0.312933 0.0662436 -0.67008 0.757906 -0.275328 -0.185684 -0.54977 -0.127088 -0.268201 -0.415745 -0.661383 -0.556825 -0.496257 0.0479166 -0.0923218
internal_weight=876 849 517 484 164 127 332 320 232 100 100 88 63 160 72 160 131 116 132 85 66 90 65 57 65 62
internal_count=876 849 517 484 164 127 332 320 232 100 100 88 63 160 72 160 131 116 132 85 66 90 65 57 65 62
is_linear=0
shrinkage=0.04


Tree=32
num_leaves=27
num_cat=0
split_feature=4 4 7 8 6 6 7 7 6 7 5 6 8 6 5 7 7 4 4 4 4 4 4 6 6 6
split_gain=57718.8 27884 13343 11414.9 14209.1 21553.9 34539.8 8258.38 8126.71 6974.83 6179.76 4903.24 3974.76 3169.02 2637.09 2481.48 3483.32 2236.96 1755.45 1845.05 1566.01 1340.44 1120.02 965.635 737.181 62.4384
threshold=2.44677193864641 1.0000000180025095e-35 1.1445794666770477 -0.63134183865453442 0.18881675943583826 -1.1754552519803687 1.0000000180025095e-35 -1.1992766638071075 0.30250609372052223 1.0000000180025095e-35 1.0000000180025095e-35 -0.83438724912631701 1.0000000180025095e-35 -1.0617659176956848 1.0000000180025095e-35 -1.1992766638071075 -0.61331263118606871 0.44918837771276293 -0.96373658002079188 -0.63486611572074036 0.64407457877946017 -0.47652107735404886 0.52227070311277446 0.30250609372052223 0.18881675943583826 1.0000000180025095e-35
decision_type=2 2 2 2 2 2 2 2 2 2 2 2 2 2 2 2 2 2 2 2 2 2 2 2 2 2
left_child=1 2 3 4 5 -1 -7 22 11 15 -6 20 14 -11 -10 -5 23 -13 -15 -20 -9 24 -3 -17 -18 -24
right_child=-2 7 -4 9 10 6 -8 8 12 13 -12 17 -14 18 -16 16 21 -19 19 -21 -22 -23 25 -25 -26 -27
leaf_value=-0.72643333206176763 1.7954813374413385 0.052247753524780276 0.45464727652700326 -0.6559232019424438 -0.76928127147934666 -0.21855347006661549 1.5996741616725922 0.15490831842789285 0.55510281001196971 -0.28920103303317368 0.0085434926473177391 0.15330217974526542 0.85395535892910435 -0.99843043972464174 0.042719357979297642 -0.1321042153570387 -0.41659647124154225 -0.267204675146689 -0.47845692778175525 -0.85141116694706243 0.56999582550742411 -0.61389769981647369 -0.23095781307220459 0.18780325816227841 -0.11775827350616455 -0.3203564287185669
leaf_weight=25 27 25 38 25 44 35 32 26 45 29 26 35 45 34 25 36 28 48 44 41 33 29 25 26 25 25
leaf_count=25 27 25 38 25 44 35 32 26 45 29 26 35 45 34 25 36 28 48 44 41 33 29 25 26 25 25
internal_value=-0.0252194 -0.0831215 -0.266821 -0.324056 -0.0509066 0.275863 0.649854 0.20294 0.310711 -0.463647 -0.480375 0.10829 0.560657 -0.664145 0.372109 -0.288063 -0.224198 -0.0898825 -0.755518 -0.658353 0.387076 -0.395265 -0.166355 0.00205053 -0.275635 -0.275657
internal_weight=876 849 517 479 162 92 67 332 257 317 70 142 115 148 70 169 144 83 119 85 59 82 75 62 53 50
internal_count=876 849 517 479 162 92 67 332 257 317 70 142 115 148 70 169 144 83 119 85 59 82 75 62 53 50
is_linear=0
shrinkage=0.04


Tree=33
num_leaves=26
num_cat=0
split_feature=2 7 9 9 9 7 9 5 6 9 7 7 7 5 6 6 8 9 5 8 6 6 6 8 6
split_gain=43958.4 30334.3 12968.7 10060 9815.78 9265.19 7225.15 8355.9 5045.46 12137.4 8371.34 4739.72 5651.36 6614.99 4285.23 5117.93 4051.81 3523.33 5053.88 3249.76 2921.49 2023.23 1490.58 946.893 942.081
threshold=-2.9592882694284057 1.1445794666770477 0.11885789814966023 0.25324060013287075 1.0000000180025095e-35 -0.32033061487554942 1.5298762689733703 -0.71349052288507664 -0.37962991198758139 0.52200600409929165 0.85159745036652823 -1.1992766638071075 -0.61331263118606871 -0.25066273765626779 -0.83438724912631701 0.30250609372052223 1.0000000180025095e-35 -1.5609258766404703 -0.71349052288507664 1.0000000180025095e-35 0.18881675943583826 -0.37962991198758139 0.98464209942862591 -0.63134183865453442 0.64357409657457409
decision_type=2 2 2 2 2 2 2 2 2 2 2 2 2 2 2 2 2 2 2 2 2 2 2 2 2
left_child=-1 2 4 -4 5 11 19 -8 10 -10 -5 17 13 -13 -15 -16 24 -2 -19 23 -14 -7 -17 -3 -11
right_child=1 6 3 8 -6 21 7 -9 9 16 -12 12 20 14 15 22 -18 18 -20 -21 -22 -23 -24 -25 -26
leaf_value=1.4309978541731834 0.081671843406481634 -0.084765911102294922 -1.0425014223820634 -0.87760548030628882 0.61214154124259945 -0.75847668901085852 0.30443727291547334 1.3091130094174985 0.48740803045385023 -0.76155199146270747 -0.052258577197790146 -0.36170623874664309 -0.39649297957834989 0.7868102329117912 -0.12613250443568597 0.70207696170806888 -0.055248080088811762 -0.13875530785205317 -0.79304363520940147 0.58432727937040663 0.084610866440667037 -0.33842408346575364 0.2771379561509405 0.22089988059857313 -0.43258611685954607
leaf_weight=32 39 31 36 51 32 32 26 27 34 30 32 25 46 28 39 25 34 51 30 29 36 43 28 34 26
leaf_count=32 39 31 36 51 32 32 26 27 34 30 32 25 46 28 39 25 34 51 30 29 36 43 28 34 26
internal_value=-0.0242106 -0.0793844 -0.189512 -0.425352 -0.0632811 -0.114498 0.442788 0.816253 -0.318022 -0.156455 -0.559399 -0.0273621 0.0801232 0.230211 0.353528 0.221659 -0.399691 -0.230689 -0.381084 0.232216 -0.185277 -0.517647 0.477581 0.0751208 -0.608818
internal_weight=876 844 697 243 454 422 147 53 207 124 83 347 227 145 120 92 90 120 81 94 82 75 53 65 56
internal_count=876 844 697 243 454 422 147 53 207 124 83 347 227 145 120 92 90 120 81 94 82 75 53 65 56
is_linear=0
shrinkage=0.04


Tree=34
num_leaves=26
num_cat=0
split_feature=4 4 9 8 6 6 7 7 6 9 4 4 6 9 6 8 6 6 6 6 6 9 6 4 8
split_gain=52185.9 24569.2 11604.7 9691.12 12450.8 18879.9 27765.8 7050.45 7148.19 6564.15 4952.98 6778.14 6598.42 3677.63 3774.49 3614.64 3383.49 3265.52 6032.71 2973.11 2185.22 1461.56 1259.35 1059.03 1422.33
threshold=2.44677193864641 1.0000000180025095e-35 1.2611108650069494 -0.63134183865453442 0.18881675943583826 -1.1754552519803687 1.0000000180025095e-35 -1.1992766638071075 0.30250609372052223 -0.082716154825155472 1.2287331819795522 0.51009031554610584 -0.72069791484163315 0.18604924914126547 -0.94807658341100087 1.0000000180025095e-35 0.98464209942862591 0.18881675943583826 -0.83438724912631701 0.87095276514394182 -0.49331924627226525 -1.5609258766404703 1.2120207679979937 -0.95155619245412326 1.0000000180025095e-35
decision_type=2 2 2 2 2 2 2 2 2 2 2 2 2 2 2 2 2 2 2 2 2 2 2 2 2
left_child=1 2 3 4 5 -1 -7 21 10 17 11 20 -13 -11 -15 22 -6 18 -5 -19 -9 -3 -10 -16 -25
right_child=-2 7 -4 9 16 6 -8 8 15 13 -12 12 -14 14 23 -17 -18 19 -20 -21 -22 -23 -24 24 -26
leaf_value=-0.69121777305603038 1.7079949735712123 0.084439134597778326 0.47503361095081681 -0.074539358653920765 -0.74854396101200227 -0.19906349781581334 1.4059033618253822 -0.29589927834623003 0.47885182427805528 -0.92089679403738545 -0.41110423889160158 0.94586900316435718 0.07692251925115233 -0.066894072385934686 -0.83529719219207765 0.80391152773963093 -0.1914430720902778 0.22173338345118931 -0.71208066821098326 -0.32092595644791921 0.1861051434940762 -0.28343288083871204 0.13030109582123933 -0.74404637504901205 -0.36618075551213447
leaf_weight=25 27 27 33 47 33 35 34 34 43 44 25 29 27 26 25 45 37 35 48 30 27 48 27 28 37
leaf_count=25 27 27 33 47 33 35 34 34 43 44 25 29 27 26 25 45 37 35 48 30 27 48 27 28 37
internal_value=-0.0232422 -0.0782992 -0.250734 -0.300218 -0.0501969 0.250564 0.59179 0.190222 0.2898 -0.428355 0.0999561 0.209157 0.526913 -0.60952 -0.491411 0.524215 -0.454076 -0.24719 -0.396665 -0.0287248 -0.0825531 -0.150999 0.344411 -0.614049 -0.528954
internal_weight=876 849 517 484 164 94 69 332 257 320 142 117 56 160 116 115 70 160 95 65 61 75 70 90 65
internal_count=876 849 517 484 164 94 69 332 257 320 142 117 56 160 116 115 70 160 95 65 61 75 70 90 65
is_linear=0
shrinkage=0.04


Tree=35
num_leaves=26
num_cat=0
split_feature=2 7 4 9 6 8 7 7 9 7 7 4 6 4 8 9 9 8 4 0 9 4 4 6 4
split_gain=52836.5 34690.2 22763 6433.65 9750.12 9373.72 29476 8169.1 4189.97 10209.8 8199.6 7289.55 3620.24 4988.42 3084.91 3008.92 2984.98 2740.35 2357.05 1435.28 1297.27 1253.65 946.225 743.912 698.639
threshold=-1.6916913147484629 1.4375614829875671 -0.34253681412069453 -0.6874383137496024 -0.60700858055694906 -0.63134183865453442 0.26563341774548938 -1.1992766638071075 0.051666547158054986 0.85159745036652823 -0.90629464749658817 1.0216665933461864 -0.94807658341100087 0.035055200446031262 -0.63134183865453442 -0.082716154825155472 1.1267281630237389 1.0000000180025095e-35 -0.65922689085407749 -1.0000000180025095e-35 0.45481465310768643 0.65625496634612879 1.1556508565795405 1.0000000180025095e-35 -0.74448960382075746
decision_type=2 2 2 2 2 2 2 2 2 2 2 2 2 2 2 2 2 2 2 2 2 2 2 2 2
left_child=-1 2 3 7 14 6 -6 -2 10 -10 11 17 -12 -14 -5 -7 22 19 20 -4 -17 -3 -11 -18 -16
right_child=1 21 8 4 5 15 -8 -9 9 16 12 -13 13 -15 24 18 23 -19 -20 -21 -22 -23 -24 -25 -26
leaf_value=1.4846023464202882 -0.55320136159658428 0.62803708791732793 -0.60854804413659236 -1.2034886317782931 -0.61475855867067974 -0.24148601042918671 1.0989512911209693 0.29958792942326246 -0.82629909353596831 -0.3540555611972151 0.0025145364046096803 0.3924427756809053 0.87615059079308255 0.20922617102370542 -0.820652101885888 -0.68652046036720282 0.041017911345870406 0.01913020696750907 -0.99217061290740971 -0.22896606437257819 -0.33514603483265842 0.98145659886873693 -0.018252218604087829 0.31415362064655011 -0.54751401769703834
leaf_weight=35 32 42 28 27 42 39 26 41 28 29 25 42 38 34 31 40 27 43 25 37 29 26 25 39 29
leaf_count=35 32 42 28 27 42 39 26 41 28 29 25 42 38 34 31 40 27 43 25 37 29 26 25 39 29
internal_value=-0.0375564 -0.102211 -0.18005 -0.409643 -0.494659 -0.341539 0.0404834 -0.0742375 0.0297812 -0.138519 0.130625 -0.054706 0.417219 0.561214 -0.848417 -0.536859 0.021963 -0.228597 -0.659408 -0.392478 -0.538841 0.763168 -0.198591 0.202416 -0.688635
internal_weight=859 824 756 361 288 201 68 73 395 148 247 150 97 72 87 133 120 108 94 65 69 68 54 66 60
internal_count=859 824 756 361 288 201 68 73 395 148 247 150 97 72 87 133 120 108 94 65 69 68 54 66 60
is_linear=0
shrinkage=0.04


Tree=36
num_leaves=28
num_cat=0
split_feature=4 3 7 7 6 7 8 0 4 7 5 8 6 4 4 4 5 0 0 0 4 7 0 4 6 6 6
split_gain=38514.4 19510.9 19357.2 5559.74 9020.35 10402.6 16112.5 8097.76 5184.48 4503.37 4011.92 3900.35 3634.95 3596.2 8855.88 9797.83 4061.33 6082.43 4849.55 4511.16 2235.72 1434.83 1208.44 2722.76 1686.54 763.827 424.657
threshold=-0.37907797682070027 1.0000000180025095e-35 1.4375614829875671 -0.61331263118606871 -0.60700858055694906 0.26563341774548938 -0.63134183865453442 1.0000000180025095e-35 -0.61050534058740313 0.55861543405600889 -0.25066273765626779 -0.63134183865453442 -1.2891445862650526 1.0216665933461864 1.2774547322462262 1.7281290722129634 -0.71349052288507664 0.74913504757291582 1.2485584126215263 -1.2485584126215259 -0.24509371358734597 -1.4922586801176267 1.0000000180025095e-35 0.047235588012699836 0.075127425151154323 1.0000000180025095e-35 0.41619542800520609
decision_type=2 2 2 2 2 2 2 2 2 2 2 2 2 2 2 2 2 2 2 2 2 2 2 2 2 2 2
left_child=3 2 13 7 11 8 -7 -1 10 -8 -6 -5 -13 16 -15 -16 21 19 -19 -18 -21 -2 23 -22 -25 -4 -12
right_child=1 -3 25 4 5 6 9 -9 -10 -11 26 12 -14 14 15 -17 17 18 -20 20 22 -23 -24 24 -26 -27 -28
leaf_value=-0.39674754186110067 -0.16625068072116736 1.0106513097674348 0.99676160612106335 -1.1452641218049187 -1.0169263901430019 0.86633236761446353 -0.69298656004446524 0.43215683070096106 -0.043695419187898994 -0.0010403538451475255 -0.57245024240933928 -0.21479901258762066 -0.82859010897184682 0.81931586923270394 -0.63548837797641755 0.40764890923219571 0.30767635328429088 0.64852067796807544 -0.014292696172540838 0.11964981219598225 -0.67953305636133465 -0.56357204272196848 -0.062742828587690994 0.030076345955884019 -0.41700989577505326 0.69257066760744368 -0.34383392333984375
leaf_weight=44 33 43 25 28 34 27 27 33 27 34 26 26 38 29 25 34 35 38 33 28 28 26 30 27 27 28 26
leaf_count=44 33 43 25 28 34 27 27 33 27 34 26 26 38 29 25 34 35 38 33 28 28 26 30 27 27 28 26
internal_value=-0.0360542 0.196927 0.118474 -0.343968 -0.423455 -0.273302 0.0527837 -0.0415028 -0.527245 -0.307312 -0.679057 -0.751506 -0.579237 0.0217009 0.246966 -0.0343584 -0.0432937 0.0281893 0.340452 -0.0985003 -0.200044 -0.341341 -0.279968 -0.359441 -0.193467 0.836057 -0.458142
internal_weight=859 489 446 370 293 201 88 77 113 61 86 92 64 393 88 59 305 246 71 175 140 59 112 82 54 53 52
internal_count=859 489 446 370 293 201 88 77 113 61 86 92 64 393 88 59 305 246 71 175 140 59 112 82 54 53 52
is_linear=0
shrinkage=0.04


Tree=37
num_leaves=26
num_cat=0
split_feature=2 7 4 9 7 6 8 7 9 7 7 4 6 4 9 9 8 4 8 4 9 4 0 6 4
split_gain=46670.6 29430.2 18890.4 6643.98 8366.81 8343.35 8176.04 25374.5 4039.62 9236.99 7223.93 6148.92 3313.5 4644.18 2874.97 2689.85 2575.53 2262.76 2255.99 1081.58 1039.14 819.993 775.316 719.775 619.211
threshold=-2.9592882694284057 1.4375614829875671 -0.34253681412069453 -0.6874383137496024 -1.1992766638071075 -0.60700858055694906 -0.63134183865453442 0.26563341774548938 0.051666547158054986 0.85159745036652823 -0.90629464749658817 1.0216665933461864 -0.94807658341100087 0.035055200446031262 1.1267281630237389 -0.082716154825155472 -0.63134183865453442 -0.65922689085407749 1.0000000180025095e-35 0.65625496634612879 0.45481465310768643 1.1556508565795405 -1.0000000180025095e-35 1.0000000180025095e-35 -0.74448960382075746
decision_type=2 2 2 2 2 2 2 2 2 2 2 2 2 2 2 2 2 2 2 2 2 2 2 2 2
left_child=-1 2 3 4 -2 16 7 -7 10 -10 11 18 -12 -14 21 -8 -5 20 22 -3 -17 -11 -4 -16 -18
right_child=1 19 8 5 -6 6 15 -9 9 14 12 -13 13 -15 23 17 24 -19 -20 -21 -22 -23 -24 -25 -26
leaf_value=1.5152805825869242 -0.5295374622941017 0.58107604094914034 -0.50294042932576144 -1.1095385208615551 0.32051432902162724 -0.56738085264251348 -0.21935848688467957 1.0226374356563275 -0.7908093449047634 -0.34514653880020668 0.00021106932163238526 0.36687177283423289 0.83859317923846999 0.19509176921318561 0.0343672858344184 -0.62854355573654175 -0.76339428624799166 -0.94054018535614026 0.024058199372402455 0.9093476583407476 -0.31406331325399467 -0.032543603992462158 -0.22831173109380826 0.30303534275446181 -0.50625100760624331
leaf_weight=30 32 42 29 27 44 42 39 26 28 29 25 42 38 34 27 40 31 25 43 26 29 25 38 39 29
leaf_count=30 32 42 29 27 44 42 39 26 28 29 25 42 38 34 27 40 31 25 43 26 29 25 38 39 29
internal_value=-0.034612 -0.0906998 -0.161943 -0.370072 -0.0374022 -0.457859 -0.316216 0.0405673 0.028886 -0.136616 0.127257 -0.0448553 0.396958 0.534718 0.0160288 -0.498632 -0.785104 -0.614501 -0.20206 0.706592 -0.496371 -0.200423 -0.347181 0.193126 -0.639108
internal_weight=859 829 761 364 76 288 201 68 397 148 249 152 97 72 120 133 87 94 110 68 69 54 67 66 60
internal_count=859 829 761 364 76 288 201 68 397 148 249 152 97 72 120 133 87 94 110 68 69 54 67 66 60
is_linear=0
shrinkage=0.04


Tree=38
num_leaves=25
num_cat=0
split_feature=2 7 9 7 5 7 8 9 5 8 9 5 0 9 0 0 0 9 9 0 9 0 8 9
split_gain=43031.2 27457.9 12043.1 9980.51 9798.92 9353.74 9235.42 9591.45 6826.32 4174.12 3599.96 2775.75 3508.24 3394.28 2310.49 1280.98 1031.25 836.097 805.228 700.715 604.202 599.282 316.736 3.80642
threshold=-1.6916913147484629 1.4375614829875671 -0.55305561176639195 -0.90629464749658817 -0.71349052288507664 0.85159745036652823 -0.63134183865453442 0.3876233021160812 -0.25066273765626779 -0.63134183865453442 -0.082716154825155472 1.0000000180025095e-35 -1.0000000180025095e-35 -1.4265431746572599 -0.7491350475729156 1.0000000180025095e-35 1.0000000180025095e-35 1.1267281630237389 0.18604924914126547 1.0000000180025095e-35 0.32043195112447598 -1.0000000180025095e-35 1.0000000180025095e-35 -0.21709885680836591
decision_type=2 2 2 2 2 2 2 2 2 2 2 2 2 2 2 2 2 2 2 2 2 2 2 2
left_child=-1 2 3 11 -3 6 7 8 -4 -5 16 12 22 -14 -7 -11 -8 -16 -12 -19 -20 -22 -2 -10
right_child=1 4 5 9 -6 14 10 -9 23 15 18 -13 13 -15 17 -17 -18 19 20 -21 21 -23 -24 -25
leaf_value=1.34045058795384 -0.47653333838393047 0.1044156653540475 -0.83068208660398213 0.04505572244044273 1.0800666229724885 0.29460494309663771 -0.17843052654731564 0.51152763120333355 -0.045188421836266153 0.42514279727935794 -0.7892822320138414 0.17465034322305159 0.20857795601089796 -0.26711695452531176 -0.21872002682787309 0.82249923858377672 -0.49010347464988974 -0.12970402364377623 -0.41995201683044436 0.16123379487257736 -0.76094102269724806 -0.54408849266442394 -0.29589145774841308 -0.066832871895570023
leaf_weight=35 41 28 28 31 40 32 41 30 26 25 48 44 48 48 47 27 29 27 25 26 38 44 25 26
leaf_count=35 41 28 28 31 40 32 41 30 26 25 48 44 48 48 47 27 29 27 25 26 38 44 25 26
internal_value=-0.0332275 -0.0915755 -0.160826 0.0421189 0.678328 -0.286417 -0.398789 -0.0984166 -0.327146 0.412443 -0.545638 -0.107089 -0.183611 -0.0292695 -0.0012304 0.631462 -0.307552 -0.0958977 -0.653161 0.0130202 -0.592098 -0.644581 -0.408108 -0.0560106
internal_weight=859 824 756 289 68 467 335 110 80 83 225 206 162 96 132 52 70 100 155 53 107 82 66 52
internal_count=859 824 756 289 68 467 335 110 80 83 225 206 162 96 132 52 70 100 155 53 107 82 66 52
is_linear=0
shrinkage=0.04


Tree=39
num_leaves=26
num_cat=0
split_feature=2 7 4 5 9 6 7 6 7 5 9 4 4 4 4 4 5 1 6 6 6 9 7 4 6
split_gain=39893.5 25007.7 16560 9030.68 5553.47 7608.13 7457.11 6999.53 13731.7 4363.42 4024.55 3849.43 8145.55 2657.11 5251.84 9263.97 2693.14 3289.97 4099.86 4015.24 2935.14 2462.05 1634.19 987.175 61.901
threshold=-2.9592882694284057 1.4375614829875671 -0.34253681412069453 -0.71349052288507664 -0.6874383137496024 -0.60700858055694906 -1.1992766638071075 0.30250609372052223 0.26563341774548938 1.0000000180025095e-35 -0.082716154825155472 -0.25727410115401456 -0.14765061305399738 1.7281290722129634 1.2774547322462262 1.0216665933461864 -0.71349052288507664 1.0000000180025095e-35 0.075127425151154323 0.52988476228989012 -0.15225124341821353 -0.48586426077478684 0.26563341774548938 0.38828643987942002 0.98464209942862591
decision_type=2 2 2 2 2 2 2 2 2 2 2 2 2 2 2 2 2 2 2 2 2 2 2 2 2
left_child=-1 2 4 -3 6 9 -2 8 -7 -6 -9 -4 -13 14 15 16 23 19 -19 20 21 -18 -12 -14 -24
right_child=1 3 11 -5 5 7 -8 10 -10 -11 22 12 13 -15 -16 -17 17 18 -20 -21 -22 -23 24 -25 -26
leaf_value=1.4010513388315837 -0.50476172760128979 0.10023903812680926 0.43622778661110823 1.0368639625310898 -0.99239354631553101 -0.41977173606554663 0.29774868282404815 -0.085622091600971853 0.66025605509358076 -0.42278003154656824 -0.80052462045739337 -0.51906980584968221 -0.084300427722930907 0.39034403228759768 -0.47954046821594243 0.74017756541570023 0.18485284452085143 0.00049666849772135417 0.6867606102503262 -0.41981373534483069 0.4124461777806282 -0.36049977756463564 -0.41533195855617522 -0.43633521648553703 -0.50434500865936283
leaf_weight=30 32 28 34 40 48 48 44 31 31 39 41 44 25 35 30 30 27 30 26 34 30 26 25 26 25
leaf_count=30 32 28 34 40 48 48 44 31 31 39 41 44 25 35 30 30 27 30 26 34 30 26 25 26 25
internal_value=-0.0318984 -0.0837543 -0.149426 0.651195 -0.344296 -0.424556 -0.0401504 -0.289298 0.00403664 -0.73705 -0.479244 0.0292444 -0.00887525 0.0614964 0.0209694 0.0800848 -0.00832053 0.0669851 0.319119 -0.0536944 0.0962821 -0.0826786 -0.613334 -0.263769 -0.459838
internal_weight=859 829 761 68 364 288 76 201 79 87 122 397 363 319 284 254 224 173 56 117 83 53 91 51 50
internal_count=859 829 761 68 364 288 76 201 79 87 122 397 363 319 284 254 224 173 56 117 83 53 91 51 50
is_linear=0
shrinkage=0.04


Tree=40
num_leaves=29
num_cat=0
split_feature=2 4 8 9 9 9 9 9 9 9 5 9 7 0 4 4 4 9 4 4 4 4 8 0 4 5 7 9
split_gain=38063.8 14774.5 14346.3 20130.5 55785.7 12184.1 9731.27 8414.38 6651.19 6124.5 4676.37 4541.86 4414.41 3667.51 2885.98 2453.84 2022.01 1891.8 9196.01 2274.61 1524.43 1922.34 1522.92 1494.6 900.525 789.667 412.91 44.661
threshold=-2.9592882694284057 0.60144322229612024 -0.63134183865453442 0.45481465310768643 1.0000000180025095e-35 1.193919514015344 -0.55305561176639195 -1.2921604726740494 -0.62024696275799729 -1.5609258766404703 -0.25066273765626779 -0.75462966474120774 1.4375614829875671 1.2485584126215263 -0.89065425462078041 -0.062387900087317351 1.3505370576462379 -1.157777770690839 -0.12328983792066023 -0.20855255088734023 -0.63486611572074036 -0.098929062787323066 1.0000000180025095e-35 -0.7491350475729156 -0.54960340275406028 1.0000000180025095e-35 1.1445794666770477 0.11885789814966023
decision_type=2 2 2 2 2 2 2 2 2 2 2 2 2 2 2 2 2 2 2 2 2 2 2 2 2 2 2 2
left_child=-1 2 3 4 10 6 11 9 -9 -3 -2 17 16 14 -8 -7 26 18 -4 -19 -12 -22 23 -16 -5 -24 -10 -25
right_child=1 7 5 24 -6 15 13 8 12 -11 20 -13 -14 -15 22 -17 -18 19 -20 -21 21 -23 25 27 -26 -27 -28 -29
leaf_value=1.5396983352074256 -0.50200647863848458 0.30483497343063354 -0.83589074085498682 -0.64328633133707369 1.6446770812783922 0.63361009137630464 -0.1277547147933473 1.0176805013876695 0.21416974630355834 -0.55652428047997615 -0.13981263132890065 0.38260011839866637 0.72844416649110855 -0.85166872248930092 -0.38103113338865086 0.073171056556701655 -0.042302996073013695 0.22165173888206482 0.17144817113876343 -0.25527723749168219 0.45340806890417029 -0.028477767981015721 -0.24222121057056245 -0.70418065891265869 -0.31909338290874778 -0.48899812361089195 0.43427909109989804 -0.77978888874053953
leaf_weight=26 29 25 29 29 42 25 47 26 25 28 30 30 31 34 29 25 39 32 29 32 27 26 42 25 26 41 30 25
leaf_count=26 29 25 29 29 42 25 47 26 25 28 30 30 31 34 29 25 39 32 29 32 27 26 42 25 26 41 30 25
internal_value=0.0318874 -0.0138038 -0.106508 0.16686 0.401464 -0.234899 -0.309366 0.283394 0.435591 -0.150223 -0.0647408 -0.0583345 0.314517 -0.466389 -0.403712 0.353391 0.178009 -0.166761 -0.332221 -0.0168127 0.0880388 0.217011 -0.483774 -0.609483 -0.490031 -0.364123 0.334229 -0.741985
internal_weight=884 858 654 209 154 445 395 204 151 53 112 152 125 243 209 50 94 122 58 64 83 53 162 79 55 83 55 50
internal_count=884 858 654 209 154 445 395 204 151 53 112 152 125 243 209 50 94 122 58 64 83 53 162 79 55 83 55 50
is_linear=0
shrinkage=0.04


Tree=41
num_leaves=27
num_cat=0
split_feature=2 7 8 6 7 7 7 7 7 5 6 0 6 0 6 6 6 0 6 0 6 6 7 0 6 8
split_gain=35079.6 12064.4 11812 16580.9 19995.6 65668 10596.1 7575.33 6596.63 6282.24 2844.93 2447.94 2118.55 2028.77 1866.59 3050.25 1657.02 1577.42 1469.85 923.476 1221.43 1695.22 923.084 692.287 525.4 171.762
threshold=-2.9592882694284057 1.1445794666770477 -0.63134183865453442 0.18881675943583826 0.55861543405600889 1.0000000180025095e-35 -0.61331263118606871 -0.90629464749658817 0.85159745036652823 1.0000000180025095e-35 -0.72069791484163315 1.0000000180025095e-35 0.41619542800520609 -1.0000000180025095e-35 0.41619542800520609 -0.72069791484163315 1.2120207679979937 1.2485584126215263 -0.60700858055694906 -1.2485584126215259 1.0000000180025095e-35 -0.83438724912631701 0.26563341774548938 1.0000000180025095e-35 1.0000000180025095e-35 1.0000000180025095e-35
decision_type=2 2 2 2 2 2 2 2 2 2 2 2 2 2 2 2 2 2 2 2 2 2 2 2 2 2
left_child=-1 2 3 4 5 10 7 11 17 22 -2 14 13 -3 15 -4 -14 19 -15 -8 21 -21 -5 25 -13 -22
right_child=1 12 6 9 -6 -7 8 -9 -10 -11 -12 24 16 18 -16 -17 -18 -19 -20 20 23 -23 -24 -25 -26 -27
leaf_value=1.4781104293236365 0.26034489837852687 0.42476905664882147 -0.088574775695800786 -0.56843274664878851 -0.49942443494443539 2.2521882453272419 -0.19711172134645524 0.48976158109578222 0.088277981334262429 0.21442011359759738 -0.26382408968607585 0.19323355296078851 0.69525664150714872 0.24080358735446272 0.00075114264207727763 -0.66387454263095191 0.26062973406314849 -0.69251863185097196 -0.16931459003024632 -0.36154545258253051 -0.16926003602834847 -0.73216112083196638 -0.26898148000240324 -0.47167683001926969 -0.03445520479832926 -0.31203606060573036
leaf_weight=26 37 37 30 40 27 31 31 44 45 35 30 34 32 29 34 29 25 34 27 39 26 40 28 35 31 28
leaf_count=26 37 37 30 40 27 31 31 44 45 35 30 34 32 29 34 29 25 34 27 39 26 40 28 35 31 28
internal_value=0.0306119 -0.0132517 -0.0822912 0.154769 0.464411 0.729958 -0.194895 0.0255806 -0.355096 -0.221011 0.0256424 -0.103685 0.312615 0.194928 -0.235313 -0.371349 0.504631 -0.440726 0.043068 -0.397707 -0.434721 -0.549199 -0.445129 -0.333106 0.0846435 -0.243292
internal_weight=884 858 708 228 125 98 480 202 278 103 67 158 150 93 93 59 57 233 56 199 168 79 68 89 65 54
internal_count=884 858 708 228 125 98 480 202 278 103 67 158 150 93 93 59 57 233 56 199 168 79 68 89 65 54
is_linear=0
shrinkage=0.04


Tree=42
num_leaves=28
num_cat=0
split_feature=2 9 8 9 9 9 5 9 9 0 5 0 9 9 5 8 0 6 6 5 9 8 0 5 0 6 6
split_gain=32329.4 11577.4 11828.7 16302.7 48472.1 12115.3 6373.7 5808.99 4708.89 3485.7 6141.47 3282.57 3102.4 2946.52 5582.12 3870.65 2744.9 2427.49 2179.68 1734.31 1285.07 917.204 1023.8 2145.67 941.33 1886.45 267.826
threshold=-2.9592882694284057 1.1267281630237389 -0.63134183865453442 0.45481465310768643 1.0000000180025095e-35 -0.55305561176639195 -0.25066273765626779 -0.9562037177160233 0.92515411004892301 -1.0000000180025095e-35 -0.25066273765626779 1.2485584126215263 -0.75462966474120774 1.5298762689733703 -0.71349052288507664 1.0000000180025095e-35 -1.0000000180025095e-35 -0.26594057770289742 0.30250609372052223 -1.1763183081138855 -1.2921604726740494 1.0000000180025095e-35 1.0000000180025095e-35 1.0000000180025095e-35 -0.7491350475729156 -0.26594057770289742 0.075127425151154323
decision_type=2 2 2 2 2 2 2 2 2 2 2 2 2 2 2 2 2 2 2 2 2 2 2 2 2 2 2
left_child=-1 2 3 4 6 7 -2 9 11 20 19 21 -8 15 -15 16 -3 -9 -14 -11 -4 22 23 -7 -23 -26 -5
right_child=1 13 5 26 -6 8 12 17 -10 10 -12 -13 18 14 -16 -17 -18 -19 -20 -21 -22 24 -24 -25 25 -27 -28
leaf_value=1.4189859764392561 -0.4346006057428759 0.31097125546685583 -0.47305380179713935 -0.38395411931551421 1.5240639891510919 -0.56510032860008441 0.43217803490789314 0.072696362446094384 0.095946216265360512 0.54324091453552248 -0.45834725112915037 -0.80609237006216339 -0.29313233172452008 0.14685791368837711 0.97634435348510751 0.54152836560271678 -0.19500344435373942 0.56444761436018687 0.21999622528369611 0.098593231383711108 -0.11000795868726877 -0.45959034647260394 -0.63631943243316247 -0.096126613263730648 -0.47017020592322717 -0.034617114619510933 -0.56731851844787595
leaf_weight=26 43 29 39 26 42 37 38 29 30 25 25 33 27 27 25 32 42 36 26 32 26 35 35 27 26 41 25
leaf_count=26 43 29 39 26 42 37 38 29 30 25 25 33 27 27 25 32 42 36 26 32 26 35 35 27 26 41 25
internal_value=0.0293874 -0.0127216 -0.0817153 0.155882 0.338358 -0.195023 -0.0332816 0.0301714 -0.375861 -0.109061 0.0643576 -0.436349 0.156353 0.300198 0.545649 0.176281 0.0116623 0.345051 -0.0414089 0.293614 -0.327835 -0.375645 -0.462377 -0.367252 -0.291465 -0.203638 -0.473839
internal_weight=884 858 703 227 176 476 134 212 264 147 82 234 91 155 52 103 71 65 53 57 65 201 99 64 102 67 51
internal_count=884 858 703 227 176 476 134 212 264 147 82 234 91 155 52 103 71 65 53 57 65 201 99 64 102 67 51
is_linear=0
shrinkage=0.04


Tree=43
num_leaves=29
num_cat=0
split_feature=2 4 8 7 7 7 7 7 4 4 4 5 4 7 4 4 0 0 4 4 4 5 4 4 8 7 4 4
split_gain=29794.7 13030.7 11077.7 13556.7 30255.1 9661.96 6932.72 5774.38 3947.05 7602.67 3690.43 3342 3255.94 3162.86 7779.22 2903.1 5577.36 2095.05 2321.95 1351.92 1738.38 1162.3 1194.09 1080.77 2351.29 1804.79 638.132 478.672
threshold=-2.9592882694284057 0.60144322229612024 -0.63134183865453442 0.55861543405600889 1.0000000180025095e-35 1.1445794666770477 -0.61331263118606871 -1.1992766638071075 1.3505370576462379 1.8438427540963152 -0.086748675220654506 -0.25066273765626779 1.3627174452129063 -1.1992766638071075 -0.12328983792066023 1.0216665933461864 1.0000000180025095e-35 1.2485584126215263 -0.89065425462078041 -0.63486611572074036 -0.098929062787323066 -0.25066273765626779 -0.45216030222071174 -0.18419177575400311 1.0000000180025095e-35 0.26563341774548938 -0.65922689085407749 -0.54960340275406028
decision_type=2 2 2 2 2 2 2 2 2 2 2 2 2 2 2 2 2 2 2 2 2 2 2 2 2 2 2 2
left_child=-1 2 3 4 11 6 13 12 15 -10 -7 -2 -3 14 -4 16 -9 18 -8 -13 -21 -15 -23 24 25 -20 -26 -5
right_child=1 7 5 27 -6 10 17 8 9 -11 -12 19 -14 21 -16 -17 -18 -19 23 20 -22 22 -24 -25 26 -27 -28 -29
leaf_value=1.3622265749711258 -0.44288284448476939 -0.27628400796499009 -0.81595170240402226 -0.55106192932128906 1.1495259393964496 0.64803947038650511 -0.10938510106957477 0.028750473022460938 -0.33091338815512478 0.63712567481994631 -0.020593174227646421 -0.1377578403155009 0.30848730621337889 -0.13654436285848973 0.16326255021271885 0.87797576606273653 0.82917620081167953 -0.69500789233616422 -0.48873652350902563 0.42307211098847569 -0.035177145737868093 -0.025859238571590847 0.3239945737091271 -0.24561410683851975 -0.17059408255985806 -0.92197807998657222 -0.42520386759605672 -0.30592569791353663
leaf_weight=26 26 39 25 25 49 25 46 30 27 25 28 30 25 27 27 32 26 35 40 27 26 27 37 39 28 25 36 26
leaf_count=26 26 39 25 25 49 25 46 30 27 25 28 30 25 27 27 32 26 35 40 27 26 27 37 39 28 25 36 26
internal_value=0.0282119 -0.0122127 -0.0992744 0.140942 0.323971 -0.212095 -0.280629 0.266897 0.410784 0.13449 0.2948 -0.04715 -0.0478577 -0.058656 -0.307514 0.574049 0.400377 -0.408108 -0.361185 0.0768145 0.198271 0.0835484 0.1764 -0.43013 -0.485914 -0.655368 -0.313812 -0.426091
internal_weight=884 858 654 209 158 445 392 204 140 52 53 109 64 143 52 88 56 249 214 83 53 91 64 168 129 65 64 51
internal_count=884 858 654 209 158 445 392 204 140 52 53 109 64 143 52 88 56 249 214 83 53 91 64 168 129 65 64 51
is_linear=0
shrinkage=0.04


Tree=44
num_leaves=27
num_cat=0
split_feature=2 4 8 6 9 9 9 9 9 5 9 9 6 9 9 6 0 4 4 4 8 8 6 6 5 6
split_gain=27458.8 12009.1 10209.2 16982.2 22912.4 69173.5 8979.9 6922.14 6738.8 6524.73 6303.88 5477.43 4350.04 3677.45 3627.09 4350.45 2736.12 2463.1 2022.7 1537.5 1671.22 1201.21 1500.58 1735.84 1274.1 1199.57
threshold=-2.9592882694284057 0.60144322229612024 -0.63134183865453442 0.52988476228989012 0.58919735509089699 1.0000000180025095e-35 1.193919514015344 -0.55305561176639195 -1.2921604726740494 1.0000000180025095e-35 -0.62024696275799729 -1.5609258766404703 1.0983314337133099 -0.75462966474120774 1.3283022159985547 -0.37962991198758139 1.2485584126215263 -0.89065425462078041 -0.062387900087317351 -0.45216030222071174 1.0000000180025095e-35 1.0000000180025095e-35 0.52988476228989012 -0.49331924627226525 0.67499283280135014 -0.26594057770289742
decision_type=2 2 2 2 2 2 2 2 2 2 2 2 2 2 2 2 2 2 2 2 2 2 2 2 2 2
left_child=-1 2 3 4 5 25 7 13 11 -5 -10 -3 14 19 15 -12 17 -9 -8 -4 -21 24 23 -23 -19 -2
right_child=1 8 6 9 -6 -7 18 16 10 -11 12 -13 -14 -15 -16 -17 -18 21 -20 20 -22 22 -24 -25 -26 -27
leaf_value=1.3077374975497906 0.090775122642517095 0.29851925954818725 -0.34244856188243084 -0.61998858607545193 -0.53265795707702634 2.1694280287798713 0.55584668426513673 -0.090899350896794753 0.95911129828255914 0.17413675069808959 0.26298245853847929 -0.51606736936739517 0.71374858277184627 0.34094253079096476 0.48840675960887558 -0.40181112817355563 -0.73275563352248241 -0.66054142693678541 0.047019301939010626 -0.21815140817846573 0.15325416786803139 -0.40764556380418632 -0.52825244219973688 0.059167670249938971 -0.3315587568283081 -0.25620188961029056
leaf_weight=26 44 25 44 49 32 34 25 47 26 25 36 28 28 30 33 28 34 48 25 42 36 26 32 25 31 25
leaf_count=26 44 25 44 49 32 34 25 47 26 25 36 28 28 30 33 28 34 48 25 42 36 26 32 25 31 25
internal_value=0.0270835 -0.0117242 -0.0953034 0.135304 0.402256 0.692715 -0.203611 -0.267541 0.256221 -0.351703 0.392423 -0.131828 0.274552 -0.0558202 0.147774 -0.0278647 -0.399975 -0.345839 0.301433 -0.153385 -0.0467335 -0.419802 -0.313538 -0.178816 -0.531447 -0.0349412
internal_weight=884 858 654 209 135 103 445 395 204 74 151 53 125 152 97 64 243 209 50 122 78 162 83 51 79 69
internal_count=884 858 654 209 135 103 445 395 204 74 151 53 125 152 97 64 243 209 50 122 78 162 83 51 79 69
is_linear=0
shrinkage=0.04


Tree=45
num_leaves=27
num_cat=0
split_feature=4 9 8 6 9 9 4 4 6 4 5 8 9 4 6 9 6 4 4 9 6 0 6 4 4 4
split_gain=23894.5 10560 10363.2 18432.1 34343.5 76398.1 9275.68 6037.94 4134.29 3916.11 3284.98 3065.98 5438.06 2463.85 4332.56 2169.38 2745.64 2680.9 2093.44 1863.67 1832.09 2762.37 1304.68 1273.93 1228.49 44.8875
threshold=2.3127876754130554 1.3283022159985547 -0.63134183865453442 0.52988476228989012 0.52200600409929165 1.0000000180025095e-35 -0.35471720168736315 -0.17201138818733452 1.3257101022826776 -0.14765061305399738 -0.25066273765626779 1.0000000180025095e-35 -0.62024696275799729 0.19340023881272278 -0.83438724912631701 0.72358005707410744 0.52988476228989012 -1.0002777427207976 0.65625496634612879 -0.41867290978318161 -1.0617659176956848 1.0000000180025095e-35 -0.26594057770289742 -0.61050534058740313 0.16903946367938563 -0.65922689085407749
decision_type=2 2 2 2 2 2 2 2 2 2 2 2 2 2 2 2 2 2 2 2 2 2 2 2 2 2
left_child=1 2 3 4 5 6 -1 15 11 10 -5 13 -13 -9 -15 16 17 -4 24 -18 25 22 -22 -21 -3 -19
right_child=-2 18 7 9 -6 -7 -8 8 -10 -11 -12 12 -14 14 -16 -17 19 20 -20 23 21 -23 -24 -25 -26 -27
leaf_value=-0.26511466669481853 1.1316034935260642 0.38394792887472334 -0.75565254525993686 -0.90086696491241458 -0.54421240391938586 2.5244175110397671 0.56571802227996115 0.33126240313053129 0.38151117940743767 -0.020225734149708467 -0.25242476453781126 0.037606240060594348 -0.58425131405724418 0.31865360718507035 -0.33543399633363236 0.007471505749610162 0.11552105532752144 -0.20343840675354002 0.60666965252823302 -0.11773443298955118 -0.84976334493193362 -0.2082951371293319 -0.44874720044136046 -0.50150901854038243 0.0070802066802978514 -0.12763868649005888
leaf_weight=43 29 31 34 25 46 29 43 33 33 34 25 45 45 26 43 31 27 25 36 31 27 38 25 25 25 25
leaf_count=43 29 31 34 25 46 29 43 33 33 34 25 45 45 26 43 31 27 25 36 31 27 38 25 25 25 25
internal_value=0.00252186 -0.0359997 -0.0851178 0.128899 0.379505 0.748992 0.150302 -0.187329 -0.0320719 -0.351428 -0.576646 -0.103156 -0.273323 0.0469901 -0.0889662 -0.308623 -0.346751 -0.43705 0.36869 -0.157451 -0.359675 -0.467528 -0.656967 -0.289062 0.215703 -0.165539
internal_weight=879 850 758 245 161 115 86 513 225 84 50 192 90 102 69 288 257 174 92 83 140 90 52 56 56 50
internal_count=879 850 758 245 161 115 86 513 225 84 50 192 90 102 69 288 257 174 92 83 140 90 52 56 56 50
is_linear=0
shrinkage=0.04


Tree=46
num_leaves=26
num_cat=0
split_feature=4 9 8 6 7 9 4 4 0 4 4 4 6 9 6 9 4 6 6 4 4 9 4 6 4
split_gain=22021.2 9732.06 9550.74 16987 31650.9 70408.5 8548.46 5655.24 5488.73 4961.6 3784.19 3609.09 2214 2071.77 5228.39 2820.47 1929.32 1890.46 1858.05 1132.18 1046.75 1458.47 732.004 606.484 226.286
threshold=2.3127876754130554 1.3283022159985547 -0.63134183865453442 0.52988476228989012 0.55861543405600889 1.0000000180025095e-35 -0.35471720168736315 0.010694425312694102 -0.7491350475729156 0.19340023881272278 0.64407457877946017 -0.14765061305399738 0.30250609372052223 -0.082716154825155472 0.30250609372052223 0.72358005707410744 0.65625496634612879 0.98464209942862591 -0.83438724912631701 0.16903946367938563 -0.96373658002079188 0.18604924914126547 -0.58614456545406601 0.18881675943583826 -0.76885037895409469
decision_type=2 2 2 2 2 2 2 2 2 2 2 2 2 2 2 2 2 2 2 2 2 2 2 2 2
left_child=1 2 3 4 5 6 -1 13 -9 -10 -11 24 -12 14 18 20 19 -16 -4 -3 -15 -22 -20 -23 -5
right_child=-2 16 7 11 -6 -7 -8 8 9 10 12 -13 -14 15 17 -17 -18 -19 22 -21 21 23 -24 -25 -26
leaf_value=-0.25451007321823477 1.0863393658605116 0.36859002059505835 -0.17716310756736331 -0.63867499446868903 -0.52244390694991405 2.4234408026728138 0.54308929221574653 0.36548920967305698 0.37705253620147711 -0.54039607199125517 -0.24619112759101683 -0.019416695763083067 0.22028524116233544 -0.65733130977434273 0.30830278340507955 -0.08250769531726837 0.58240287025769555 -0.12734364016850788 -0.68450295515060422 0.0067969964981079104 -0.60959595694261437 -0.18076739556080587 -0.37840406379699709 -0.43579930562973024 -0.46848507575988768
leaf_weight=43 29 31 45 25 46 29 43 48 25 43 41 34 27 34 34 40 36 30 25 25 34 37 25 25 25
leaf_count=43 29 31 45 25 46 29 43 48 25 43 41 34 27 34 34 40 36 30 25 25 34 37 25 25 25
internal_value=0.00242099 -0.0345598 -0.0817131 0.123743 0.364325 0.719032 0.14429 -0.179835 -0.00224658 -0.132036 -0.246695 -0.337371 -0.0609726 -0.279156 -0.175365 -0.376231 0.353943 0.104094 -0.363632 0.207075 -0.466607 -0.399059 -0.531454 -0.283603 -0.55358
internal_weight=879 850 758 245 161 115 86 513 184 136 111 84 68 329 159 170 92 64 95 56 130 96 50 62 50
internal_count=879 850 758 245 161 115 86 513 184 136 111 84 68 329 159 170 92 64 95 56 130 96 50 62 50
is_linear=0
shrinkage=0.04


Tree=47
num_leaves=26
num_cat=0
split_feature=7 0 8 6 7 9 9 9 9 0 8 6 6 0 9 6 0 6 6 5 6 8 6 6 5
split_gain=17660.1 10975.8 9839.36 15838.1 26458.8 66804 7164.57 5841.22 5159.69 3837.07 2211.2 3542.41 2209.39 2056.84 2049.23 1892.36 2075.01 1854.76 1731.03 4816.6 4016.19 952.758 673.045 954.124 576.762
threshold=1.1445794666770477 -0.7491350475729156 -0.63134183865453442 0.52988476228989012 0.55861543405600889 1.0000000180025095e-35 -0.55305561176639195 -0.75462966474120774 -0.75462966474120774 1.0000000180025095e-35 1.0000000180025095e-35 1.0983314337133099 0.98464209942862591 -0.7491350475729156 0.72358005707410744 -0.37962991198758139 0.74913504757291582 0.30250609372052223 -0.83438724912631701 -1.1763183081138855 0.18881675943583826 1.0000000180025095e-35 -0.83438724912631701 1.0000000180025095e-35 -0.25066273765626779
decision_type=2 2 2 2 2 2 2 2 2 2 2 2 2 2 2 2 2 2 2 2 2 2 2 2 2
left_child=2 -2 3 4 5 7 8 -1 18 -3 13 14 -5 -8 22 -15 -17 -11 21 -20 -21 -4 -12 -24 -14
right_child=1 9 6 12 -6 -7 10 -9 -10 17 11 -13 24 15 -16 16 -18 -19 19 20 -22 -23 23 -25 -26
leaf_value=0.39162380123138429 0.96231257247924806 -0.084900426560259881 0.26532951983588715 -0.5476784393366646 -0.65162509918212896 2.3265031821152262 0.029526116127191585 -0.27133330757553514 0.43862733827318467 0.2224281969303038 -0.46245545203869159 -0.031114843960466057 -0.26119446074521102 -0.081441291382438261 -0.2442743979295095 -0.65496604753263077 -0.18213457840460318 0.65956194763183595 0.23960650138782733 -0.59914618611335757 -0.067390031586302093 -0.077360123443603518 -0.8860781436700087 -0.5550163617134094 0.005434863269329071
leaf_weight=50 40 47 27 34 31 29 43 37 35 41 26 29 27 38 30 33 27 25 33 44 47 25 26 30 25
leaf_count=50 40 47 27 34 31 29 43 37 35 41 26 29 27 38 30 33 27 25 33 44 47 25 26 30 25
internal_value=0.00232415 0.392881 -0.0799833 0.134217 0.386463 0.663883 -0.181218 0.109677 -0.00493317 0.191312 -0.313119 -0.425127 -0.296947 -0.201111 -0.527148 -0.302309 -0.442192 0.388009 -0.0931412 -0.174377 -0.324503 0.100575 -0.630639 -0.708724 -0.133007
internal_weight=879 153 726 233 147 116 493 87 211 113 282 141 86 141 112 98 60 66 176 124 91 52 82 56 52
internal_count=879 153 726 233 147 116 493 87 211 113 282 141 86 141 112 98 60 66 176 124 91 52 82 56 52
is_linear=0
shrinkage=0.04


Tree=48
num_leaves=26
num_cat=0
split_feature=4 9 9 9 9 7 3 4 9 9 4 4 4 4 6 0 4 6 9 6 4 0 6 4 0
split_gain=20128.7 9754.73 6498.75 16030.9 13429.7 20259.1 8790.71 4986.23 4352.46 4950.09 3347.88 3283.67 3966.59 3061.41 2967.38 2316.57 2305.12 2229.27 1731.13 1642.2 1492.67 1302.9 1303.51 2013.05 1134.35
threshold=1.8012113976129751 1.3283022159985547 0.45481465310768643 0.32043195112447598 0.051666547158054986 1.0000000180025095e-35 1.0000000180025095e-35 -0.22073293845400885 -0.6874383137496024 -0.9562037177160233 -0.75666999138742608 -0.050207512520648777 0.75369806687947738 0.71715690417947164 0.075127425151154323 1.0000000180025095e-35 0.25430217664606569 1.0000000180025095e-35 1.193919514015344 -0.15225124341821353 -0.69576805355408322 0.74913504757291582 -0.15225124341821353 -0.63486611572074036 -1.0000000180025095e-35
decision_type=2 2 2 2 2 2 2 2 2 2 2 2 2 2 2 2 2 2 2 2 2 2 2 2 2
left_child=1 2 3 4 5 7 18 8 9 15 -6 -9 14 19 24 -1 -16 -10 21 -3 -19 22 -4 -24 -13
right_child=-2 13 6 -5 10 -7 -8 11 17 -11 -12 12 -14 -15 16 -17 -18 20 -20 -21 -22 -23 23 -25 -26
leaf_value=-0.43856488878386357 0.79867257535457614 -0.044119143676757809 -0.76039802178740501 0.82395223561455222 -0.88162918385337374 1.0897906079659097 0.23844442776271277 0.41998275299330018 -0.60529347873869399 0.37254913330078127 -0.31159287720918655 -0.1362000894104993 0.3092391933997472 0.73066523895263669 0.33145159145881387 0.04044558191299439 -0.16866769017403324 -0.018031494535248854 -0.13862325452989147 0.37554084017470074 -0.40609194224221368 -0.28724853182947913 -0.17785149918152737 -0.63974899811877151 -0.49083829772087839
leaf_weight=35 48 25 32 34 34 26 42 37 42 35 32 27 48 25 29 30 30 29 31 37 35 43 26 36 31
leaf_count=35 48 25 32 34 34 26 42 37 42 35 32 27 48 25 29 30 30 29 31 37 35 43 26 36 31
internal_value=0.00223118 -0.0437727 -0.0906367 -0.016501 -0.0736519 0.00718994 -0.279153 -0.0617993 -0.20027 -0.0109718 -0.605248 0.0794135 0.00304338 0.356996 -0.122575 -0.217483 0.0771537 -0.378853 -0.408553 0.206323 -0.230252 -0.469632 -0.553062 -0.44605 -0.325748
internal_weight=879 831 744 534 500 434 210 408 206 100 66 202 165 87 117 65 59 106 168 62 64 137 94 62 58
internal_count=879 831 744 534 500 434 210 408 206 100 66 202 165 87 117 65 59 106 168 62 64 137 94 62 58
is_linear=0
shrinkage=0.04


Tree=49
num_leaves=29
num_cat=0
split_feature=4 9 8 6 7 9 4 4 6 0 4 5 4 5 8 5 6 7 0 0 8 0 4 4 8 6 6 0
split_gain=18849 7462.64 8081.95 14376.7 26826.8 59002.8 7577.32 4829.95 4802.87 4107.61 4478.48 3561.02 3137.15 2883.92 2839.12 2696.09 2404.25 3157.01 2100.32 4548.58 1734.44 1708.47 2666.43 3374.67 1627.95 1550.29 605.086 368.083
threshold=2.3127876754130554 1.3283022159985547 -0.63134183865453442 0.52988476228989012 0.55861543405600889 1.0000000180025095e-35 -0.35471720168736315 0.010694425312694102 1.3257101022826776 -0.7491350475729156 0.22994140151272849 -0.25066273765626779 -0.14765061305399738 -0.25066273765626779 1.0000000180025095e-35 1.0000000180025095e-35 0.30250609372052223 1.0000000180025095e-35 1.2485584126215263 0.74913504757291582 1.0000000180025095e-35 -1.2485584126215259 -0.68358766598741461 -0.33035642655402603 1.0000000180025095e-35 0.30250609372052223 0.18881675943583826 -1.0000000180025095e-35
decision_type=2 2 2 2 2 2 2 2 2 2 2 2 2 2 2 2 2 2 2 2 2 2 2 2 2 2 2 2
left_child=1 2 3 4 5 6 -1 15 9 -9 -11 -12 13 -5 -13 18 17 20 19 21 -17 -4 26 -24 25 -3 -23 -18
right_child=-2 24 7 12 -6 -7 -8 8 -10 10 11 14 -14 -15 -16 16 27 -19 -20 -21 -22 22 23 -25 -26 -27 -28 -29
leaf_value=-0.23807778463807217 1.0049564920622727 -0.047261330164395848 -0.66981471436364315 -0.81393572142124171 -0.47943448916725495 2.2237835489470381 0.51285060938014537 0.26566489267349247 0.49329326947530117 0.2590999669295091 0.020638977686564128 -0.28423587434821662 -0.012135317465838265 -0.20636537032127378 -0.83911104040145879 -0.19689349626672681 -0.0069659290313720699 0.10156297172818865 -0.67872131887409426 0.17676550141087286 -0.63437065124511716 -0.65788262429060762 0.17235461806428845 -0.43787278218515985 0.53853308845311409 0.36305180791546321 -0.38752534930522631 0.21009297943115235
leaf_weight=43 29 26 28 25 46 29 43 40 27 26 30 36 34 25 25 29 25 28 27 27 29 27 29 29 32 34 26 25
leaf_count=43 29 26 28 25 46 29 43 40 27 26 30 36 34 25 25 29 25 28 27 27 29 27 29 29 32 34 26 25
internal_value=0.00214194 -0.0320717 -0.0733628 0.115636 0.336963 0.663521 0.137386 -0.163625 0.000494647 -0.0842542 -0.203885 -0.336166 -0.308573 -0.510151 -0.511644 -0.255413 -0.119005 -0.247243 -0.351534 -0.298317 -0.415632 -0.390599 -0.320167 -0.132759 0.308131 0.185249 -0.525255 0.101564
internal_weight=879 850 758 245 161 115 86 513 184 157 117 91 84 50 61 329 136 86 193 166 58 139 111 58 92 60 53 50
internal_count=879 850 758 245 161 115 86 513 184 157 117 91 84 50 61 329 136 86 193 166 58 139 111 58 92 60 53 50
is_linear=0
shrinkage=0.04


Tree=50
num_leaves=27
num_cat=0
split_feature=4 7 2 7 4 4 7 8 7 5 7 0 0 0 0 4 8 5 4 5 4 0 4 0 4 0
split_gain=32856.5 8000.05 6169.94 2567.8 3605.21 4509.48 6433.85 5182.18 9339.8 12542 3237.52 2322.18 2280.36 3209.91 4964.32 2454.36 2581.99 1866.45 1565.13 1460.22 985.775 2389.03 1806.62 384.933 313.419 288.977
threshold=2.3127876754130554 1.4375614829875671 1.0000000180025095e-35 -0.32033061487554942 1.1678312441462091 -0.25727410115401456 1.1445794666770477 -0.63134183865453442 0.55861543405600889 -0.25066273765626779 -1.1992766638071075 -1.0000000180025095e-35 0.74913504757291582 -1.0000000180025095e-35 1.0000000180025095e-35 -0.51306224005405465 -0.63134183865453442 -0.71349052288507664 0.38828643987942002 0.67499283280135014 -0.68358766598741461 1.0000000180025095e-35 -0.89065425462078041 1.2485584126215263 0.047235588012699836 -1.0000000180025095e-35
decision_type=2 2 2 2 2 2 2 2 2 2 2 2 2 2 2 2 2 2 2 2 2 2 2 2 2 2
left_child=1 2 -1 10 5 7 24 8 9 -5 17 -3 13 15 -15 -12 -17 18 -4 20 22 -22 25 -14 -7 -9
right_child=-2 11 3 4 -6 6 -8 19 -10 -11 12 -13 23 14 -16 16 -18 -19 -20 -21 21 -23 -24 -25 -26 -27
leaf_value=0.32718240271674265 1.2179990698397161 0.033651009263663462 0.033614492132550196 0.85572265211273646 0.19466610161463418 -0.89674460754394536 -0.099050735317998462 -0.37557954089982171 -0.55190386312979234 -0.28747151766504564 -0.20431364737451077 0.4946965660832145 0.32779112429358065 -0.67822993329593118 0.06233718995253245 -0.092600431394577021 0.42814401039710415 -0.47775079914041468 -0.32318381034039162 -0.029254428388980718 0.031044112649457209 -0.48695632496050428 -0.64640968071786986 0.11830987052917481 -0.70019484731886128 -0.19038733849158654
leaf_weight=45 32 29 42 34 30 25 36 28 27 28 32 44 32 28 30 25 39 37 37 26 29 28 38 25 27 26
leaf_count=45 32 29 42 34 30 25 36 28 27 28 32 44 32 28 30 25 39 37 37 26 29 28 38 25 27 26
internal_value=-0.039628 -0.0882908 -0.127001 -0.155828 -0.226258 -0.262133 -0.51011 -0.179474 0.0690333 0.339441 -0.0735519 0.311541 0.0197692 -0.0602322 -0.295178 0.0817143 0.224728 -0.2433 -0.133494 -0.305857 -0.354123 -0.223412 -0.435107 0.235913 -0.79469 -0.286413
internal_weight=859 827 754 709 382 352 88 264 89 62 327 73 211 154 58 96 64 116 79 175 149 57 92 57 52 54
internal_count=859 827 754 709 382 352 88 264 89 62 327 73 211 154 58 96 64 116 79 175 149 57 92 57 52 54
is_linear=0
shrinkage=0.04


Tree=51
num_leaves=28
num_cat=0
split_feature=4 7 3 9 9 9 6 6 7 7 4 9 4 6 8 6 4 8 4 4 4 5 6 9 4 6 6
split_gain=30280.6 7372.85 5172.29 4307.36 9614.18 16891.2 5377.5 20643.7 8926.9 7899.49 5021.18 4960.1 4900.05 4705.11 4146.77 4004.83 3735.34 5027.88 6516.3 3474.87 1139.95 1688.91 1023.1 640.917 409.794 332.028 188.604
threshold=2.3127876754130554 1.4375614829875671 1.0000000180025095e-35 0.051666547158054986 0.3876233021160812 0.58919735509089699 -1.1754552519803687 -0.72069791484163315 -0.32033061487554942 -0.61331263118606871 1.1678312441462091 1.193919514015344 -0.58614456545406601 0.30250609372052223 -0.63134183865453442 0.41619542800520609 -0.33035642655402603 1.0000000180025095e-35 0.24212178907939708 -0.69576805355408322 -0.47652107735404886 0.67499283280135014 1.0000000180025095e-35 0.18604924914126547 -0.24509371358734597 -0.15225124341821353 -0.49331924627226525
decision_type=2 2 2 2 2 2 2 2 2 2 2 2 2 2 2 2 2 2 2 2 2 2 2 2 2 2 2
left_child=1 2 3 6 14 -6 8 9 24 -8 11 12 22 20 -5 -3 19 18 -18 -15 -9 -22 -7 -16 -1 -14 -4
right_child=-2 15 26 4 5 10 7 13 -10 -11 -12 -13 25 16 23 -17 17 -19 -20 -21 21 -23 -24 -25 -26 -27 -28
leaf_value=0.045636002879876354 1.1692790898401291 0.044545321918669202 0.3488786846160889 -1.0489486426115036 0.70773032256148083 -0.42879841232299803 0.2371133108139038 -0.49537050673907451 -0.97260545015335087 1.1713001816613333 0.18687945954004925 0.012113882550919377 -0.70102626228332532 0.0618831137078149 -0.58853289310748769 0.6439330287902586 0.31931319092259264 0.55109095573425293 -0.51859673747309931 -0.49783984303474427 -0.38071497384538044 0.021065510969895583 -0.06691814250946046 -0.3211626271158457 -0.17685489314573782 -0.90518871967609116 0.19350397300720215
leaf_weight=26 32 42 25 26 33 25 30 44 26 28 30 37 25 35 26 31 33 34 27 36 47 26 25 32 27 26 25
leaf_count=26 32 42 25 26 33 25 30 44 26 28 30 37 25 35 26 31 33 34 27 36 47 26 25 32 27 26 25
internal_value=-0.0380429 -0.0847591 -0.121921 -0.149841 -0.269809 -0.119621 -0.0682403 0.000834095 -0.365523 0.6881 -0.282136 -0.384096 -0.529242 -0.140518 -0.629187 0.29908 -0.00293339 0.162471 -0.0577463 -0.22192 -0.334549 -0.237615 -0.247858 -0.441018 -0.0677084 -0.805109 0.271191
internal_weight=859 827 754 704 285 201 419 340 79 58 168 138 101 282 84 73 165 94 60 71 117 73 50 58 53 51 50
internal_count=859 827 754 704 285 201 419 340 79 58 168 138 101 282 84 73 165 94 60 71 117 73 50 58 53 51 50
is_linear=0
shrinkage=0.04


Tree=52
num_leaves=25
num_cat=0
split_feature=2 9 5 9 9 9 6 6 6 8 6 6 5 9 0 6 8 9 9 8 6 9 6 9
split_gain=18958 9999.27 8262.07 3502.3 2560.85 3830.31 6140.72 5795.38 3460.25 14473.9 4573.42 11712.2 4177.53 6569.31 3371.99 3164.07 2608.75 2139.19 1929.73 2670.22 1197.85 567.588 497.241 328.303
threshold=-1.6916913147484629 1.3954935669901598 -0.71349052288507664 -1.5609258766404703 -1.2921604726740494 -0.6874383137496024 -1.5165232548344203 0.87095276514394182 -0.72069791484163315 -0.63134183865453442 -0.15225124341821353 0.075127425151154323 -0.25066273765626779 0.3876233021160812 1.0000000180025095e-35 -1.0617659176956848 -0.63134183865453442 -1.4265431746572599 -0.082716154825155472 1.0000000180025095e-35 0.64357409657457409 0.3876233021160812 0.75726343085925796 -1.0233950687076285
decision_type=2 2 2 2 2 2 2 2 2 2 2 2 2 2 2 2 2 2 2 2 2 2 2 2
left_child=-1 3 -3 -2 17 7 -7 14 9 -8 16 -12 13 -13 23 -11 -10 -5 20 -20 -14 -18 -15 -6
right_child=1 2 -4 4 5 6 8 -9 10 15 11 12 18 22 -16 -17 21 -19 19 -21 -22 -23 -24 -25
leaf_value=0.87525692231314522 0.22815442024275315 -0.10878073769646722 0.69030676534835322 -0.13830026102917534 -0.098883662453064555 -0.7379751691736024 0.69205777274934877 -0.40418843371398522 -0.78610700677942347 -0.030553753879335194 0.65200855404138569 -0.89141252934932713 -0.15439235591888428 -0.031320229721069334 0.45683689198595412 -0.53366940564579435 -0.42952330523303583 -0.61704741239547733 -0.44486916706675572 0.0035501915420037373 0.19233552197502421 -0.16998132714858422 -0.28360349798202517 0.085579096086715406
leaf_weight=35 43 37 47 28 26 29 38 33 27 45 28 32 25 25 47 36 28 32 42 43 44 26 25 38
leaf_count=35 43 37 47 28 26 29 38 33 27 45 28 32 25 25 47 36 28 32 42 43 44 26 25 38
internal_value=-0.0365212 -0.0752497 0.338328 -0.122196 -0.14381 -0.120279 -0.17329 0.0612093 -0.137997 0.0479931 -0.202151 -0.121481 -0.213251 -0.443882 0.199571 -0.254161 -0.465075 -0.393632 -0.0904474 -0.218022 0.0667095 -0.304559 -0.157462 0.0106411
internal_weight=859 824 84 740 697 637 493 144 464 119 345 264 236 82 111 81 81 60 154 85 69 54 50 64
internal_count=859 824 84 740 697 637 493 144 464 119 345 264 236 82 111 81 81 60 154 85 69 54 50 64
is_linear=0
shrinkage=0.04


Tree=53
num_leaves=27
num_cat=0
split_feature=4 7 3 6 9 9 9 6 6 7 4 4 9 8 6 8 4 4 4 6 4 4 5 9 4 6
split_gain=27663.2 6239.03 4251.22 3788.85 3709.64 8342.1 15497.2 5031.45 18939.3 8070.42 7598.47 4634.61 4484.3 4448.71 4350.89 3791.09 3404.35 4657.02 3225.4 2134.15 1328.46 1029.56 1504.39 582.522 378.157 202.828
threshold=2.3127876754130554 1.4375614829875671 1.0000000180025095e-35 0.41619542800520609 0.051666547158054986 0.3876233021160812 0.58919735509089699 -1.1754552519803687 -0.72069791484163315 -0.32033061487554942 -0.33035642655402603 1.1678312441462091 1.193919514015344 -0.63134183865453442 0.30250609372052223 -0.63134183865453442 -0.33035642655402603 0.05941597557936841 -0.69576805355408322 0.75726343085925796 -0.415619139520706 -0.47652107735404886 0.67499283280135014 0.18604924914126547 -0.24509371358734597 -0.49331924627226525
decision_type=2 2 2 2 2 2 2 2 2 2 2 2 2 2 2 2 2 2 2 2 2 2 2 2 2 2
left_child=1 2 4 -3 7 15 -7 9 10 24 -9 12 13 -8 21 -6 18 -18 -16 -19 -15 -10 -23 -17 -1 -4
right_child=-2 3 25 -5 5 6 11 8 14 -11 -12 -13 -14 20 16 23 17 19 -20 -21 -22 22 -24 -25 -26 -27
leaf_value=0.041008731401883644 1.118904955536127 0.025805733771551227 0.32306167182922368 0.60880715739342484 -0.98665863660665665 0.68183426918405476 -0.86682133470262801 1.0601103539177867 -0.47147886026989333 -0.92826593550351943 0.1356033000946045 0.18429160912831624 0.012463044397787795 -0.1451313308874766 0.064612921374184742 -0.5460185648844792 0.51551871657371517 0.18749336547085219 -0.47464387651118972 -0.29807070620854698 -0.50553879102071131 -0.36157828313239082 0.017620048156151404 -0.29111928582191465 -0.17272133061179407 0.16193461723327637
leaf_weight=26 32 42 25 31 26 33 35 33 44 26 25 30 37 36 35 26 36 28 36 30 30 47 26 32 27 25
leaf_count=26 32 42 25 31 26 33 35 33 44 26 25 30 37 36 35 26 36 28 36 30 30 47 26 32 27 25
internal_value=-0.0350604 -0.079712 -0.113897 0.273382 -0.13921 -0.250543 -0.110643 -0.0634819 0.00333305 -0.35104 0.661616 -0.266308 -0.364265 -0.502274 -0.132058 -0.585303 0.0002463 0.158153 -0.208813 -0.0636605 -0.308953 -0.318642 -0.226521 -0.405384 -0.0678726 0.242498
internal_weight=859 827 754 73 704 285 201 419 340 79 58 168 138 101 282 84 165 94 71 58 66 117 73 58 53 50
internal_count=859 827 754 73 704 285 201 419 340 79 58 168 138 101 282 84 165 94 71 58 66 117 73 58 53 50
is_linear=0
shrinkage=0.04


Tree=54
num_leaves=24
num_cat=0
split_feature=4 7 2 6 0 0 4 4 4 6 6 6 6 4 6 4 4 4 4 4 7 7 6
split_gain=25494.5 5749.89 4363.86 3491.8 1951.61 6159.74 3458.01 9132.5 3260.83 2632.34 13155.3 6305.72 5733.08 5252.86 2981.78 2976.02 3617.59 4655.32 2981.19 3699.69 2770.91 1764.59 1019.1
threshold=2.3127876754130554 1.4375614829875671 1.0000000180025095e-35 0.41619542800520609 0.74913504757291582 1.2485584126215263 0.15685907611271704 -0.34253681412069453 0.035055200446031262 -1.1754552519803687 -0.83438724912631701 -0.15225124341821353 0.075127425151154323 -0.50088185248738604 -0.49331924627226525 1.0216665933461864 0.25430217664606569 -0.33035642655402603 -0.65922689085407749 -0.82975231678743755 -0.61331263118606871 1.0000000180025095e-35 0.75726343085925796
decision_type=2 2 2 2 2 2 2 2 2 2 2 2 2 2 2 2 2 2 2 2 2 2 2
left_child=1 2 -1 -3 9 6 7 -6 21 20 -11 13 -13 -12 -15 16 17 18 19 -14 -4 -7 -19
right_child=-2 3 4 -5 5 8 -8 -9 -10 10 11 12 15 14 -16 -17 -18 22 -20 -21 -22 -23 -24
leaf_value=0.27262618043687609 1.0741487883310765 0.024773510978335429 -0.093124991198380788 0.58445487053163592 -0.0026433385411898298 -0.20986667212317972 -0.17973138150572776 0.91692281493434191 0.10857297155592177 0.48749630764126778 -0.80639829487270775 0.3967088234616864 -0.35150888847808043 0.046960149923960366 -0.52184603432129173 0.20882727486746652 -0.57327603342570366 0.33375784800602837 -0.53183732913464921 0.21474205893278123 -0.5872515818606252 -0.62047093449216906 -0.0083904980023701975
leaf_weight=45 32 42 30 31 48 34 30 27 27 48 45 31 48 30 29 28 40 26 49 30 46 33 30
leaf_count=45 32 42 30 31 48 34 30 27 27 48 45 31 48 30 29 28 40 26 49 30 46 33 30
internal_value=-0.0336579 -0.0765235 -0.109342 0.262446 -0.133585 -0.0273439 0.18322 0.3284 -0.262548 -0.17504 -0.137011 -0.21467 -0.11649 -0.480891 -0.232623 -0.179873 -0.228678 -0.153356 -0.287324 -0.13372 -0.392202 -0.412105 0.150464
internal_weight=859 827 754 73 709 199 105 75 94 510 434 386 282 104 59 251 223 183 127 78 76 67 56
internal_count=859 827 754 73 709 199 105 75 94 510 434 386 282 104 59 251 223 183 127 78 76 67 56
is_linear=0
shrinkage=0.04


Tree=55
num_leaves=26
num_cat=0
split_feature=4 4 8 9 9 0 9 9 8 0 5 0 4 0 4 9 4 4 7 9 0 9 9 4 0
split_gain=22904.8 9248.13 4597.47 4417.07 5312.52 11292.5 5368.18 5629.71 5083.68 12668.3 11159.2 3962.32 3842.59 3891.9 2188.49 2016.04 1972.29 1771.78 1647.15 2443.79 3566.36 1609.1 1037.76 796.949 702.343
threshold=2.3127876754130554 0.010694425312694102 1.0000000180025095e-35 0.051666547158054986 0.3876233021160812 0.74913504757291582 0.58919735509089699 1.2611108650069494 -0.63134183865453442 -0.7491350475729156 1.0000000180025095e-35 0.74913504757291582 0.64407457877946017 -0.7491350475729156 -0.59832495302073463 -0.6874383137496024 -1.0611796805541405 1.3505370576462379 -1.1992766638071075 -0.28429020779997111 -0.7491350475729156 0.52200600409929165 0.18604924914126547 0.32738450204607711 1.0000000180025095e-35
decision_type=2 2 2 2 2 2 2 2 2 2 2 2 2 2 2 2 2 2 2 2 2 2 2 2 2
left_child=1 3 12 8 5 22 -6 14 9 -1 -11 21 15 -14 -8 -3 -10 -15 -18 20 -20 -4 -5 -17 -22
right_child=-2 2 11 4 6 -7 7 -9 16 10 -12 -13 13 17 -16 23 18 -19 19 -21 24 -23 -24 -25 -26
leaf_value=-0.5343251823698385 1.1817990941471523 -0.39633239930675879 0.41258180510666637 -0.96976909454052262 0.3229808242226902 0.2172021953876202 -0.26143691045172668 0.21906255552845619 0.20232188490720895 1.1231745651790075 0.11836506104096771 0.76349820487201214 0.59911849914058568 0.22236815071105959 -0.71879703411689178 0.1563298261165619 -0.45824267144556402 -0.17856834214309167 0.40092254712031439 -0.34775363743305204 -0.30453105502894945 0.028866129762986126 -0.63614884015492035 -0.15438654644489289 -0.03900240550170074
leaf_weight=26 27 31 36 26 38 26 47 31 26 28 48 32 31 45 26 28 27 29 26 48 28 34 35 25 37
leaf_count=26 27 31 36 26 38 26 47 31 26 28 48 32 31 45 26 28 27 29 26 48 28 34 35 25 37
internal_value=0.035613 -0.00240542 0.178345 -0.102976 -0.23469 -0.480827 -0.0838877 -0.232551 -0.000382225 0.227823 0.488558 0.394768 0.0615451 0.222864 -0.424332 -0.140104 -0.121616 0.0652444 -0.172354 -0.116821 0.00498932 0.226206 -0.778348 0.0097655 -0.153384
internal_weight=841 814 291 523 229 87 142 104 294 102 76 102 189 105 73 84 192 74 166 139 91 70 61 53 65
internal_count=841 814 291 523 229 87 142 104 294 102 76 102 189 105 73 84 192 74 166 139 91 70 61 53 65
is_linear=0
shrinkage=0.04


Tree=56
num_leaves=25
num_cat=0
split_feature=4 4 9 6 6 0 9 7 6 6 7 6 4 4 4 7 4 4 0 6 0 0 0 7
split_gain=21109 8523.07 4070.77 5622.53 19627.4 6867.39 5316.05 3457.02 4630.63 15097 5055.24 3359.97 2857.91 4208.36 3193.79 2677.87 3582.88 9451.48 4953.95 4909.72 2461.26 1481.12 1283.85 1234.82
threshold=2.3127876754130554 0.010694425312694102 0.051666547158054986 0.30250609372052223 -0.15225124341821353 0.74913504757291582 0.58919735509089699 -1.1992766638071075 -1.1754552519803687 -0.83438724912631701 -0.61331263118606871 0.64357409657457409 -0.84193270435410617 -0.70794844112075184 -0.46434068978738036 1.4375614829875671 1.0216665933461864 1.289635119812895 0.74913504757291582 0.52988476228989012 -1.0000000180025095e-35 1.0000000180025095e-35 -1.0000000180025095e-35 0.55861543405600889
decision_type=2 2 2 2 2 2 2 2 2 2 2 2 2 2 2 2 2 2 2 2 2 2 2 2
left_child=1 2 7 4 5 6 -4 21 10 -10 -9 -5 -11 -14 -15 16 18 -18 19 20 -3 -1 -16 -13
right_child=-2 15 3 11 -6 -7 -8 8 9 12 -12 23 13 14 22 -17 17 -19 -20 -21 -22 -23 -24 -25
leaf_value=-0.51114462449000431 1.1345271158218384 0.25001657287279766 -0.90108809498303077 -0.84822699711872984 0.84293691349029543 0.15834951516353724 -0.20823127063545019 0.17966414537429809 1.0158776680060795 -0.34349331410725908 -0.57441635608673092 -0.45451028562173612 0.5556866040706635 -0.33994605022318225 0.35576588153839112 0.4587059950354424 0.88640677790487976 -0.013354761245402885 0.36034593219558397 -0.45103041523032716 -0.22187875756195613 -0.079939156818389895 -0.0018854951007025583 -0.10991081176591772
leaf_weight=26 27 48 34 26 30 33 37 25 28 30 33 41 25 34 26 44 31 47 48 45 28 25 42 28
leaf_count=26 27 48 34 26 30 33 37 25 28 30 33 41 25 34 26 44 31 47 48 45 28 25 42 28
internal_value=0.0341885 -0.0023092 -0.0988568 -0.225302 -0.0584172 -0.318423 -0.540022 -0.000366934 0.0624706 0.160241 -0.249382 -0.460698 0.00764282 0.0905884 -0.0234063 0.171211 0.119997 0.344243 0.0164996 -0.119902 0.0761604 -0.299769 0.134864 -0.314673
internal_weight=841 814 523 229 134 104 71 294 243 185 58 95 157 127 102 291 247 78 169 121 76 51 68 69
internal_count=841 814 523 229 134 104 71 294 243 185 58 95 157 127 102 291 247 78 169 121 76 51 68 69
is_linear=0
shrinkage=0.04


Tree=57
num_leaves=26
num_cat=0
split_feature=7 2 9 9 0 6 6 8 6 6 7 8 6 6 0 6 9 6 9 9 6 0 6 7 7
split_gain=11846.6 6185.25 6819.35 6395.44 10514.5 4399.65 11942 5416.91 3990.99 13915.1 6762.41 6233.01 6177.69 4777.1 4103.5 3479.51 3405.65 3209.53 3174.8 3141.13 1694.32 1478.08 1673.17 224.63 6.21917
threshold=1.4375614829875671 -1.6916913147484629 0.051666547158054986 0.3876233021160812 0.74913504757291582 0.41619542800520609 1.0000000180025095e-35 1.0000000180025095e-35 -0.60700858055694906 -1.1754552519803687 -0.61331263118606871 1.0000000180025095e-35 0.30250609372052223 -0.83438724912631701 1.2485584126215263 -0.60700858055694906 -1.0233950687076285 -1.1754552519803687 -1.493734525648865 0.92515411004892301 0.18881675943583826 -0.7491350475729156 0.64357409657457409 -0.90629464749658817 0.85159745036652823
decision_type=2 2 2 2 2 2 2 2 2 2 2 2 2 2 2 2 2 2 2 2 2 2 2 2 2
left_child=1 -1 8 4 20 6 17 24 9 10 -3 14 -13 -11 16 -2 18 -5 -10 -19 -4 -18 -23 -14 -7
right_child=15 2 3 5 -6 7 -8 -9 11 13 -12 12 23 -15 -16 -17 21 19 -20 -21 -22 22 -24 -25 -26
leaf_value=0.5229933669350364 0.1588249918130728 0.18848896653269942 -0.93492477961948939 0.21946477857129329 0.20705875286689171 -0.54402664188146588 0.72398033282336072 0.10215325850428958 0.019765856647491455 0.8674446801936373 -0.54347106933593747 -0.17762870423495769 0.44561060680792886 0.2074434014729091 -0.60179195110286987 0.74006477120187553 -0.15408909150596822 -0.56096522022696105 -0.57782709612990868 -0.043780298460097546 -0.51319165313685378 -0.04902875554561615 0.35295309698259508 0.61188378620606199 -0.57224106292724608
leaf_weight=33 26 46 35 29 26 25 34 33 25 47 36 32 26 28 28 45 33 34 33 42 27 30 37 26 25
leaf_count=33 26 46 35 29 26 25 34 33 25 47 36 32 26 28 28 45 33 34 33 42 27 30 37 26 25
internal_value=0.032821 -0.0127661 -0.0367554 -0.179556 -0.468125 -0.0651685 0.0724332 -0.29561 0.0669174 0.227286 -0.132859 -0.0263338 0.259652 0.621044 -0.155488 0.527216 -0.0763967 -0.138544 -0.320244 -0.275153 -0.751267 0.0650346 0.172961 0.528747 -0.558134
internal_weight=841 770 737 310 88 222 139 83 427 157 82 270 84 75 186 71 158 105 58 76 62 100 67 52 50
internal_count=841 770 737 310 88 222 139 83 427 157 82 270 84 75 186 71 158 105 58 76 62 100 67 52 50
is_linear=0
shrinkage=0.04


Tree=58
num_leaves=26
num_cat=0
split_feature=4 4 8 6 6 4 9 9 6 6 0 8 0 6 9 8 6 4 9 4 8 4 0 4 9
split_gain=19278 7412.49 3910.89 8952.52 8788.19 5237.66 3757.17 3440.46 5243.34 17472.1 5925.59 4761.11 11584.1 9671.73 4468.38 3645.22 2103.98 1970.49 1879.18 1803.18 1502.72 1387.75 1915.75 1347.21 630.816
threshold=2.3127876754130554 0.010694425312694102 1.0000000180025095e-35 -0.72069791484163315 0.41619542800520609 1.0216665933461864 -1.0905864196992339 0.051666547158054986 0.30250609372052223 -0.15225124341821353 0.74913504757291582 -0.63134183865453442 -0.7491350475729156 -0.60700858055694906 0.58919735509089699 -0.63134183865453442 0.30250609372052223 0.70497651661280314 0.72358005707410744 -1.0611796805541405 -0.63134183865453442 -0.22073293845400885 0.74913504757291582 -0.54960340275406028 -0.48586426077478684
decision_type=2 2 2 2 2 2 2 2 2 2 2 2 2 2 2 2 2 2 2 2 2 2 2 2 2
left_child=1 7 3 5 17 -3 -5 11 9 10 14 12 -1 -14 -9 -10 -8 -4 -17 -13 -18 22 23 24 -21
right_child=-2 2 4 6 -6 -7 16 8 15 -11 -12 19 13 -15 -16 18 20 -19 -20 21 -22 -23 -24 -25 -26
leaf_value=-0.51082183237259204 1.0830416772100662 0.11598359261240278 0.24787488408824979 -0.45270358476883327 0.80183274490492684 0.91254175415039063 -0.21020638227462768 -0.8306826395848218 -0.79298853205096342 0.80193166136741645 0.14906619129758894 0.18954982766738304 0.9688328734916799 0.061315697062583205 -0.19546275667242102 -0.44381519263512209 0.36307786210378012 -0.21471573096055252 -0.002492929238539476 -0.15378807840347292 -0.048255320301762328 0.036563835695385932 -0.49043170325896318 -0.31748746133767641 0.12265146374702454
leaf_weight=26 27 28 34 39 42 25 40 34 31 30 33 26 34 42 37 38 30 26 26 25 27 40 34 39 28
leaf_count=26 27 28 34 39 42 25 40 34 31 30 33 26 34 42 37 38 30 26 26 25 27 40 34 39 28
internal_value=0.0315081 -0.00337074 0.15845 0.050724 0.35806 0.491719 -0.121134 -0.0934087 -0.209653 -0.048494 -0.293809 -0.00286426 0.217982 0.46731 -0.499653 -0.436973 0.0121772 0.047419 -0.264528 -0.120189 0.168236 -0.168702 -0.233866 -0.139049 -0.00774455
internal_weight=841 814 291 189 102 53 136 523 229 134 104 294 102 76 71 95 97 60 64 192 57 166 126 92 53
internal_count=841 814 291 189 102 53 136 523 229 134 104 294 102 76 71 95 97 60 64 192 57 166 126 92 53
is_linear=0
shrinkage=0.04


Tree=59
num_leaves=27
num_cat=0
split_feature=4 4 8 6 6 4 4 8 6 6 5 4 4 7 7 5 4 8 7 7 0 0 7 7 0 4
split_gain=17766.6 6831.35 3604.28 8250.64 8099.2 4827.03 3026.58 6149.33 15202.2 19525 10960.8 3690.72 4649.99 2755.49 2428.8 4738.41 1816.01 1591.08 1406.84 2305.01 3530.2 2317.84 3552.35 3305.21 1847.9 1447.91
threshold=2.3127876754130554 0.010694425312694102 1.0000000180025095e-35 -0.72069791484163315 0.41619542800520609 1.0216665933461864 -0.97591696758746049 -0.63134183865453442 0.30250609372052223 -1.0617659176956848 1.0000000180025095e-35 -1.0611796805541405 -1.1342620059541517 1.0000000180025095e-35 -1.1992766638071075 -0.25066273765626779 0.70497651661280314 -0.63134183865453442 -1.1992766638071075 -0.32033061487554942 -0.7491350475729156 -0.7491350475729156 0.55861543405600889 1.0000000180025095e-35 1.0000000180025095e-35 -0.58614456545406601
decision_type=2 2 2 2 2 2 2 2 2 2 2 2 2 2 2 2 2 2 2 2 2 2 2 2 2 2
left_child=1 6 3 5 16 -3 11 8 9 -8 -10 12 13 -1 -5 -16 -4 -17 -9 20 -20 -21 23 -23 -22 -25
right_child=-2 2 4 14 -6 -7 7 18 10 -11 -12 -13 -14 -15 15 17 -18 -19 19 21 24 22 -24 25 -26 -27
leaf_value=-0.053437938642501834 1.0397200355264875 0.11134424550192697 0.23795987879528721 -0.40344173812866213 0.76975942997705371 0.87604007720947263 -0.29086439958640509 -0.42988974497868465 -0.7269710168967376 1.0332451072396065 0.35722063980102542 -0.70435815181732186 0.26964873126574929 -0.62204251305262248 0.34355312192762222 -0.46621139966524566 -0.20612709779005783 -0.060126068717554999 0.44784338531494144 -0.44545537872517366 -0.36331849526475979 0.10866661586761474 0.19318425413966178 -0.25173534810543063 0.082887511569442171 -0.6705473785400391
leaf_weight=25 27 28 34 35 42 25 28 26 37 49 25 25 28 30 37 26 26 38 25 47 27 25 40 28 33 25
leaf_count=25 27 28 34 35 42 25 28 26 37 49 25 25 28 30 37 26 26 38 25 47 27 25 40 28 33 25
internal_value=0.0302478 -0.00323591 0.152112 0.048695 0.343738 0.47205 -0.0896723 -0.0405846 0.176384 0.551751 -0.289797 -0.278296 -0.149965 -0.363586 -0.116289 -0.0167804 0.0455222 -0.225098 -0.149855 -0.120731 0.0484914 -0.207907 -0.11329 -0.270457 -0.117905 -0.449288
internal_weight=841 814 291 189 102 53 523 415 139 77 62 108 83 55 136 101 60 64 276 250 85 165 118 78 60 53
internal_count=841 814 291 189 102 53 523 415 139 77 62 108 83 55 136 101 60 64 276 250 85 165 118 78 60 53
is_linear=0
shrinkage=0.04


Tree=60
num_leaves=27
num_cat=0
split_feature=2 4 8 8 0 9 4 0 4 4 6 0 9 9 0 9 0 8 9 4 0 0 0 9 9 6
split_gain=15567.7 7779.47 3267.83 2968.71 10588.6 12095 21193.3 15353.7 11940.2 5617.41 3996.35 3588.85 3348.48 6169.19 4704.36 4447.81 3994.68 2255.96 1669.3 1223.97 3735.66 3277.7 2003.28 2461.37 1202.6 376.069
threshold=-2.9592882694284057 -0.97591696758746049 -0.63134183865453442 -0.63134183865453442 1.2485584126215263 0.3876233021160812 -0.29381526385402029 1.0000000180025095e-35 -0.50088185248738604 1.0000000180025095e-35 1.3257101022826776 -1.0000000180025095e-35 -0.62024696275799729 -1.2249691216824441 -0.7491350475729156 -1.5609258766404703 1.0000000180025095e-35 1.0000000180025095e-35 0.85796275905731789 -0.59832495302073463 -1.0000000180025095e-35 0.74913504757291582 1.0000000180025095e-35 -0.21709885680836591 -0.41867290978318161 1.0000000180025095e-35
decision_type=2 2 2 2 2 2 2 2 2 2 2 2 2 2 2 2 2 2 2 2 2 2 2 2 2 2
left_child=-1 2 -2 4 5 7 -7 8 -3 18 12 -8 13 15 -14 -11 -16 -4 19 22 24 -22 23 -5 -21 -18
right_child=1 3 17 9 -6 6 11 -9 -10 10 -12 -13 14 -15 16 -17 25 -19 -20 20 21 -23 -24 -25 -26 -27
leaf_value=0.82214591870989129 -0.75810665258994481 -0.89540716883114402 -0.011025065316094294 0.045780181105320276 -0.56409882945399137 1.4969576569114411 0.44363070257778825 0.635906154983922 0.084974034610001928 0.34081188802365903 0.52566120020548501 -0.21035124168395997 0.30578352242708207 0.69549874601692996 -0.62514058511103354 -0.37872575214930942 -0.15346780004172489 -0.45883059743377902 0.12982994730655964 0.1004543604888022 -0.77530505492406732 -0.21127513250452468 0.09195446796067383 -0.45929934595074307 -0.24633128688670694 0.058232700634002689
leaf_weight=35 26 35 36 26 31 28 29 38 46 27 30 25 32 29 31 28 29 36 26 32 34 32 46 38 32 25
leaf_count=35 26 35 36 26 31 28 29 38 46 27 30 25 32 29 31 28 29 36 26 32 34 32 46 38 32 25
internal_value=-0.00415452 -0.0391249 -0.37373 0.00585634 0.124001 0.230126 0.603919 -0.0274455 -0.338647 -0.0492937 0.0950124 0.140861 0.0307365 0.223417 -0.107599 -0.0254982 -0.263225 -0.234928 -0.174612 -0.207593 -0.290686 -0.501836 -0.109393 -0.254111 -0.0729385 -0.0554583
internal_weight=862 827 98 729 232 201 82 119 81 497 231 54 201 84 117 55 85 72 266 240 130 66 110 64 64 54
internal_count=862 827 98 729 232 201 82 119 81 497 231 54 201 84 117 55 85 72 266 240 130 66 110 64 64 54
is_linear=0
shrinkage=0.04


Tree=61
num_leaves=29
num_cat=0
split_feature=2 4 4 6 4 0 0 7 4 7 7 4 6 7 5 5 4 6 6 5 4 5 4 4 4 5 4 7
split_gain=14347.2 7169.56 2704.22 2093.66 2044.75 2074.85 6273.14 4622.08 10614.2 6696.92 3498.82 2895.97 3425.77 2326.14 5576.49 2313.82 2399.01 2263.91 2327.16 2401.35 2677.63 2060.61 1867.51 6233.89 1346.35 1006.54 903.335 857.517
threshold=-2.9592882694284057 -0.97591696758746049 -0.91501502975411764 0.64357409657457409 -0.82975231678743755 1.2485584126215263 0.74913504757291582 0.26563341774548938 -0.51306224005405465 0.85159745036652823 1.0000000180025095e-35 1.6672271343796206 0.075127425151154323 0.55861543405600889 1.0000000180025095e-35 -0.25066273765626779 -0.038027124953980203 -1.4028339205497364 0.41619542800520609 1.0000000180025095e-35 -0.31817603898735741 -0.71349052288507664 0.66843535391279729 0.047235588012699836 -0.24509371358734597 1.0000000180025095e-35 0.72933729174614026 1.0000000180025095e-35
decision_type=2 2 2 2 2 2 2 2 2 2 2 2 2 2 2 2 2 2 2 2 2 2 2 2 2 2 2 2
left_child=-1 3 -3 27 -4 6 7 10 -9 -10 17 12 25 14 -8 -7 -17 -6 22 21 -21 -20 23 24 -19 -11 -14 -2
right_child=1 2 4 -5 5 15 13 8 9 11 -12 -13 26 -15 -16 16 -18 18 19 20 -22 -23 -24 -25 -26 -27 -28 -29
leaf_value=0.78926006487437661 -0.2953352153521997 0.4144436521470547 -0.34385184909616201 -0.058970643679300945 0.27810149449568528 -0.41030887166136187 0.89488197394779745 0.76757657297393855 -0.61154744834899899 0.3860247147467829 -0.50758794167462518 0.47129497245506002 -0.052373712857564286 0.06452555869564866 0.12191266059875489 0.26541468090481229 -0.25853490270417312 -0.2123646667405315 0.089253490638732919 -0.083886692890754108 0.4798372364257063 -0.41472046958075631 -0.53519458209092807 0.3907381245613098 -0.57247841656208043 0.044895258331298829 -0.36828036546707155 -0.58168851917440245
leaf_weight=35 27 25 28 27 26 38 28 34 25 31 34 27 30 33 32 27 29 46 25 26 28 27 26 25 26 25 28 44
leaf_count=35 27 25 28 27 26 38 28 34 25 31 34 27 30 33 32 27 29 46 25 26 28 27 26 25 26 25 28 44
internal_value=-0.00398834 -0.0375599 0.00562209 -0.358781 -0.00889573 0.0049782 0.0331414 -0.0241287 0.1237 -0.00817853 -0.126432 0.0988018 0.0105797 0.334271 0.482632 -0.169394 -0.00591635 -0.0756114 -0.115771 0.0215875 0.208415 -0.172425 -0.234145 -0.153451 -0.342406 0.233735 -0.20488 -0.472794
internal_weight=862 827 729 98 704 676 582 489 200 166 289 141 114 93 60 94 56 255 229 106 54 52 123 97 72 56 58 71
internal_count=862 827 729 98 704 676 582 489 200 166 289 141 114 93 60 94 56 255 229 106 54 52 123 97 72 56 58 71
is_linear=0
shrinkage=0.04


Tree=62
num_leaves=25
num_cat=0
split_feature=2 4 8 8 4 7 0 7 4 6 8 8 6 6 0 8 7 6 0 4 0 4 4 0
split_gain=13222.4 6607.47 3023.97 2649.18 10465.4 7693.68 10125.4 5812.99 5104.17 3838.71 5109.8 4298.39 4535.73 3593.77 2918.16 2067.34 1903.17 1162 921.164 1153.22 4707.62 2525.2 891.652 229.254
threshold=-2.9592882694284057 -0.97591696758746049 -0.63134183865453442 -0.63134183865453442 -0.25727410115401456 0.26563341774548938 1.0000000180025095e-35 1.1445794666770477 1.0000000180025095e-35 -0.26594057770289742 1.0000000180025095e-35 1.0000000180025095e-35 0.98464209942862591 0.64357409657457409 1.0000000180025095e-35 1.0000000180025095e-35 0.85159745036652823 -1.0617659176956848 0.74913504757291582 -0.70794844112075184 -1.0000000180025095e-35 -0.46434068978738036 -0.57396417788739751 -0.7491350475729156
decision_type=2 2 2 2 2 2 2 2 2 2 2 2 2 2 2 2 2 2 2 2 2 2 2 2
left_child=-1 2 -2 4 5 6 -3 14 16 10 -10 13 -13 -11 23 -4 17 -5 19 -19 21 -21 -20 -6
right_child=1 3 15 8 7 -7 -8 -9 9 11 -12 12 -14 -15 -16 -17 -18 18 22 20 -22 -23 -24 -25
leaf_value=0.75768965191500526 -0.71418591022491451 -0.26322895917296413 0.0034311885303921169 -0.022171390563883682 -0.19373407406806947 0.8364495114582341 0.73928577140525531 0.2944719982147217 0.18555138861879389 0.277860047949685 -0.40747684079667801 0.17994849141051131 0.84039433172770917 -0.3000380935090961 -0.57311039071334036 -0.42524499569502139 0.16604071375131607 -0.11880509146622249 0.072986952018737797 -0.46625798525810241 -0.71322785320954452 0.051367913014010384 -0.26484659538269045 -0.022431563949584961
leaf_weight=35 26 40 36 47 25 41 27 36 47 36 46 41 28 33 38 36 25 42 25 25 39 38 25 25
leaf_count=35 26 40 36 47 25 41 27 36 47 36 46 41 28 33 38 36 25 42 25 25 39 38 25 25
internal_value=-0.00382881 -0.0360575 -0.34443 0.0053972 0.117003 0.40487 0.14077 -0.133721 -0.0467004 0.0908555 -0.107774 0.224715 0.447955 0.00147398 -0.30889 -0.210907 -0.166157 -0.200617 -0.243849 -0.29521 -0.367847 -0.154039 -0.0959298 -0.108083
internal_weight=862 827 98 729 232 108 67 124 497 231 93 138 69 69 88 72 266 241 194 144 102 63 50 50
internal_count=862 827 98 729 232 108 67 124 497 231 93 138 69 69 88 72 266 241 194 144 102 63 50 50
is_linear=0
shrinkage=0.04


Tree=63
num_leaves=26
num_cat=0
split_feature=2 4 8 0 0 8 9 9 9 4 4 8 6 9 0 9 6 9 6 4 8 4 4 9 8
split_gain=12185.8 6089.44 2786.89 2485.48 8210.94 6473.79 6004.22 17612.9 8041.57 6494.77 4089.17 5546.42 6945.77 3277.86 3120.66 2863.25 2956.73 2549.59 2230.75 3669.39 2234.86 2115.19 2102.86 1905.26 1905.26
threshold=-2.9592882694284057 -0.97591696758746049 -0.63134183865453442 1.2485584126215263 0.74913504757291582 1.0000000180025095e-35 0.3876233021160812 0.6563887060825021 0.051666547158054986 -0.79321115408743181 1.6672271343796206 1.0000000180025095e-35 -0.60700858055694906 -0.28429020779997111 1.0000000180025095e-35 0.58919735509089699 -0.15225124341821353 1.2611108650069494 0.075127425151154323 -0.33035642655402603 1.0000000180025095e-35 0.44918837771276293 0.05941597557936841 -1.157777770690839 1.0000000180025095e-35
decision_type=2 2 2 2 2 2 2 2 2 2 2 2 2 2 2 2 2 2 2 2 2 2 2 2 2
left_child=-1 2 -2 4 6 21 8 -8 9 -3 11 12 -9 14 18 16 -6 -14 20 -20 23 -5 -21 -11 -4
right_child=1 3 24 5 15 -7 7 10 -10 13 -12 -13 17 -15 -16 -17 -18 -19 19 22 -22 -23 -24 -25 -26
leaf_value=0.72738206502369462 -0.68561846888982336 0.52534460512655123 0.0032939328087700738 -0.22122108158611117 0.81256914297739669 0.31704455318122077 1.0946245045132108 0.66120022239685061 -0.6178736719172051 -0.26010037107467654 0.44702411086470994 -0.43506545918328421 -0.36392047797932342 -0.48203684119617235 -0.41945466200510662 0.075815513398912224 0.27488687515258792 0.11908624357647365 -0.26431347087577539 0.54571279377772886 -0.41016809083521366 -0.68029007049707257 0.10495698695959048 0.1998951324294595 -0.40823520567682053
leaf_weight=35 26 28 36 42 30 29 27 25 47 25 27 49 34 34 33 36 36 36 27 29 32 26 43 34 36
leaf_count=35 26 28 36 42 30 29 27 25 47 25 27 49 34 34 33 36 36 36 27 29 32 26 43 34 36
internal_value=-0.00367566 -0.0346152 -0.330653 0.00518131 0.0341166 -0.183346 -0.0291333 0.145203 -0.133105 -0.0531604 -0.0047061 -0.0894055 0.0888823 -0.116188 -0.0604085 0.362768 0.519288 -0.115517 0.00195213 0.133357 -0.141005 -0.396747 0.282484 0.00498178 -0.202471
internal_weight=862 827 98 729 632 97 530 198 332 285 171 144 95 257 223 102 66 70 190 99 91 68 72 59 72
internal_count=862 827 98 729 632 97 530 198 332 285 171 144 95 257 223 102 66 70 190 99 91 68 72 59 72
is_linear=0
shrinkage=0.04


Tree=64
num_leaves=28
num_cat=0
split_feature=3 7 4 0 8 0 9 9 9 4 4 0 9 4 0 4 4 7 5 5 5 6 9 9 9 7 6
split_gain=10300.1 15882.7 6296.37 2486.01 6825.9 6725.98 5108.81 16472.2 7536.97 6932.13 4246.68 4678.72 8105.62 5320.62 4455.52 3864.69 3808.92 3518.09 3021.74 2789.3 2430.2 2319.05 2223.59 1551.79 1285.46 1257.76 312.751
threshold=1.0000000180025095e-35 0.85159745036652823 -0.97591696758746049 1.2485584126215263 1.0000000180025095e-35 0.74913504757291582 0.3876233021160812 0.6563887060825021 0.11885789814966023 -0.79321115408743181 -0.51306224005405465 -1.0000000180025095e-35 -1.0233950687076285 0.42482760257942576 -1.2485584126215259 -0.65922689085407749 1.6672271343796206 1.1445794666770477 -0.71349052288507664 -0.25066273765626779 -0.25066273765626779 0.64357409657457409 0.3876233021160812 -1.4265431746572599 -0.14990750581676068 1.0000000180025095e-35 0.30250609372052223
decision_type=2 2 2 2 2 2 2 2 2 2 2 2 2 2 2 2 2 2 2 2 2 2 2 2 2 2 2
left_child=2 -2 21 5 22 6 8 -8 9 -4 15 12 23 -13 -14 -11 17 26 -19 -7 -20 25 -5 -12 -21 -1 -9
right_child=1 -3 3 4 -6 19 7 16 -10 10 11 13 14 -15 -16 -17 -18 18 20 24 -22 -23 -24 -25 -26 -27 -28
leaf_value=-0.2495707416534424 -0.097672593313104961 1.1765758698562097 0.55643850185253008 -0.23346450901031496 0.32862204909324649 0.58720024895668033 1.0508395486407809 -0.44543086215853694 -0.63970020771026614 -0.079625148216883337 -0.0074387972930382044 -0.53425959551905067 0.83707614385164708 0.17886764847315273 0.16107575049767128 -0.71156788572669027 0.433977543258667 -0.29516257781982425 0.52497906074523926 -0.023096894602621758 -0.017608499101230076 -0.03193086721279003 -0.71435243269205084 -0.41777816136678064 0.34740039956980739 -0.60199234236118404 -0.25277130337861869
leaf_weight=26 34 29 27 40 28 40 27 28 40 30 29 47 26 26 39 32 25 25 25 31 28 27 25 30 29 43 26
leaf_count=26 34 29 27 40 28 40 27 28 40 30 29 47 26 26 39 32 25 25 25 31 28 27 25 30 29 43 26
internal_value=-0.00352863 0.488886 -0.0423548 -0.000860408 -0.193505 0.02851 -0.0303049 0.138208 -0.125417 -0.053489 -0.117072 -0.026207 0.123362 -0.280269 0.431476 -0.405789 -0.0187408 -0.104483 0.0673381 0.328466 0.238329 -0.346215 -0.418421 -0.216086 0.155977 -0.469196 -0.352669
internal_weight=862 63 799 703 93 610 510 184 326 286 259 197 124 73 65 62 157 132 78 100 53 96 65 59 60 69 54
internal_count=862 63 799 703 93 610 510 184 326 286 259 197 124 73 65 62 157 132 78 100 53 96 65 59 60 69 54
is_linear=0
shrinkage=0.04


Tree=65
num_leaves=28
num_cat=0
split_feature=4 4 8 4 4 9 9 4 1 8 9 7 9 9 4 1 9 5 9 7 7 4 4 4 4 9 5
split_gain=9924.92 4559.84 5884.81 8498.23 4049.68 5141.43 18047.7 9266.18 2888.37 3968.63 4480.75 1880.96 1873.94 3169.83 2382.14 2178.74 1596.82 2644.66 1586.06 1467.46 2423.15 1842.68 1386.22 1307.6 795.79 537.195 341.836
threshold=2.5015836826964182 -0.69576805355408322 -0.63134183865453442 -0.51306224005405465 1.0216665933461864 0.11885789814966023 1.193919514015344 0.15685907611271704 1.0000000180025095e-35 1.0000000180025095e-35 -0.55305561176639195 1.0000000180025095e-35 0.72358005707410744 0.11885789814966023 -0.86629347948744329 1.0000000180025095e-35 0.92515411004892301 -0.25066273765626779 1.193919514015344 -0.61331263118606871 -0.90629464749658817 -0.45216030222071174 -1.012458130287466 -0.97591696758746049 -0.15983100062066594 -1.2921604726740494 0.67499283280135014
decision_type=2 2 2 2 2 2 2 2 2 2 2 2 2 2 2 2 2 2 2 2 2 2 2 2 2 2 2
left_child=1 12 3 -3 5 7 -7 26 16 10 -10 -11 13 15 22 23 19 -18 -19 20 25 -21 -15 -1 -23 -4 -5
right_child=-2 2 8 4 -6 6 -8 -9 9 11 -12 -13 -14 14 -16 -17 17 18 -20 21 -22 24 -24 -25 -26 -27 -28
leaf_value=-0.14657587259243696 0.77047488946181075 0.78545351673575015 -0.28466356599053672 0.637216309928894 0.47675718280247281 -0.99651545532818508 0.41468074667042698 -0.37622527152299884 0.30845899316999648 0.14846015765749176 -0.35515536756050298 0.62191424226760872 0.10324761301279069 -0.46954808923933244 -0.74595406475067139 -0.37576637946790264 -0.30109784859877364 -0.033546934834233037 0.39247582193078667 -0.075328252481859787 0.22794454928367369 -0.55072842164473101 -0.056191207027435304 0.17695674704342351 -0.27293805700359924 -0.081005929112434386 0.42803945026397705
leaf_weight=39 26 34 43 25 35 29 29 28 27 29 41 25 32 27 25 31 26 27 29 43 31 33 25 41 33 40 25
leaf_count=39 26 34 43 25 35 29 29 28 27 29 41 25 32 27 25 31 26 27 29 43 31 33 25 41 33 40 25
internal_value=0.000619321 -0.0228739 0.031723 0.207882 0.0930432 -0.00570677 -0.290917 0.206373 -0.0528499 0.111641 -0.0916614 0.367652 -0.179716 -0.22788 -0.425084 -0.091081 -0.118646 0.0322864 0.187072 -0.174146 -0.0738113 -0.279084 -0.270819 0.0192346 -0.411833 -0.186515 0.532628
internal_weight=878 852 632 205 171 136 58 78 427 122 68 54 220 188 77 111 305 82 56 223 114 109 52 80 66 83 50
internal_count=878 852 632 205 171 136 58 78 427 122 68 54 220 188 77 111 305 82 56 223 114 109 52 80 66 83 50
is_linear=0
shrinkage=0.04


Tree=66
num_leaves=27
num_cat=0
split_feature=4 4 8 6 6 4 6 6 0 0 4 5 0 0 6 8 9 6 4 6 4 6 8 6 8 9
split_gain=9146.8 4202.35 5423.44 8361.9 11292.9 11507.3 12532.6 10488.2 3129.02 3520.08 3825.26 2952.94 2661.92 4272.03 5131.97 3657.49 4129.46 3423.85 3460.94 2973.25 2647.6 2212.07 2055.68 1418.3 1035.14 310.594
threshold=2.5015836826964182 -0.69576805355408322 -0.63134183865453442 1.3257101022826776 -1.0617659176956848 -0.45216030222071174 -0.15225124341821353 0.64357409657457409 1.0000000180025095e-35 1.2485584126215263 -0.95155619245412326 -0.25066273765626779 0.74913504757291582 -0.7491350475729156 -1.0617659176956848 1.0000000180025095e-35 -0.55305561176639195 0.75726343085925796 0.19340023881272278 0.075127425151154323 0.12031791341271131 -0.26594057770289742 1.0000000180025095e-35 0.41619542800520609 1.0000000180025095e-35 -0.55305561176639195
decision_type=2 2 2 2 2 2 2 2 2 2 2 2 2 2 2 2 2 2 2 2 2 2 2 2 2 2
left_child=1 8 3 4 -3 -6 -7 -8 11 10 -10 23 13 14 -4 16 -14 19 -19 22 -16 -17 25 -1 -13 -15
right_child=-2 2 12 -5 5 6 7 -9 9 -11 -12 24 15 17 20 21 -18 18 -20 -21 -22 -23 -24 -25 -26 -27
leaf_value=-0.7233526945114136 0.73965587175809422 -0.27688392083559715 0.54817113484655111 -0.47074298125046954 1.2487787887573243 0.94052724193124204 -0.39818376128929994 0.53440335655212401 0.4859549289941788 -0.33633708523165795 -0.16053181877842657 -0.025883335520823798 0.29612062878078887 0.03692732353210449 -0.27436128636201224 0.077210707473754886 -0.34094915070184845 -0.211684664757021 -0.84424214248657226 0.1833801127124477 0.16333075988583448 0.59064845294787971 -0.43542352400885692 -0.3088447883605957 -0.32856379171897621 -0.16246191673278809
leaf_weight=28 26 42 28 26 25 34 43 35 32 31 27 48 27 25 48 25 41 31 25 37 41 29 45 25 29 25
leaf_count=28 26 42 28 26 25 34 43 35 32 31 27 48 27 25 48 25 41 31 25 37 41 29 45 25 29 25
internal_value=0.000594549 -0.021959 0.030454 0.199567 0.29693 0.472844 0.299644 0.0202848 -0.172527 0.00877499 0.190105 -0.298044 -0.0507359 -0.1139 0.0758633 0.107176 -0.087995 -0.231998 -0.494076 -0.120813 -0.0727279 0.352946 -0.239289 -0.52783 -0.13988 -0.0627673
internal_weight=878 852 632 205 179 137 112 78 220 90 59 130 427 305 117 122 68 188 56 132 89 54 95 53 77 50
internal_count=878 852 632 205 179 137 112 78 220 90 59 130 427 305 117 122 68 188 56 132 89 54 95 53 77 50
is_linear=0
shrinkage=0.04


Tree=67
num_leaves=27
num_cat=0
split_feature=2 7 4 8 6 6 0 0 4 6 0 4 6 7 4 7 4 0 6 8 7 4 0 6 4 0
split_gain=8459.73 17286.9 3946.8 5315.14 8418.89 18912.1 19928.2 4223.77 4609.44 3872.29 3122.14 4603.89 2716.69 4795.6 3272.31 2215.85 2006.17 1799.74 2639.03 3304.98 1982 3060.51 816.429 711.632 253.344 131.509
threshold=1.0000000180025095e-35 0.85159745036652823 -0.69576805355408322 -0.63134183865453442 0.30250609372052223 -1.0617659176956848 -0.7491350475729156 0.74913504757291582 0.60144322229612024 -1.0617659176956848 1.0000000180025095e-35 -0.95155619245412326 0.75726343085925796 1.0000000180025095e-35 -1.0246385178541348 -0.61331263118606871 -0.14765061305399738 1.0000000180025095e-35 0.075127425151154323 1.0000000180025095e-35 0.55861543405600889 -0.33035642655402603 -0.7491350475729156 0.41619542800520609 0.60144322229612024 1.2485584126215263
decision_type=2 2 2 2 2 2 2 2 2 2 2 2 2 2 2 2 2 2 2 2 2 2 2 2 2 2
left_child=1 -1 10 4 5 -4 -7 9 15 22 12 -12 13 -2 -15 -9 -6 18 19 -11 21 -20 -5 -19 -18 -17
right_child=2 -3 3 7 16 6 -8 8 -10 17 11 -13 -14 14 -16 25 24 23 20 -21 -22 -23 -24 -25 -26 -27
leaf_value=-0.24572539072770341 -0.063682283388601768 1.1993398164819788 -0.32086279115161381 0.31608622119976926 -0.36896892724498626 1.6536169981073452 0.2952333414554596 0.23027254436955308 0.50385423214812031 -0.083627722639786573 0.27431227623148169 -0.30568115426272885 0.0053869032137321702 -0.32208522576552173 -0.93518880256017056 -0.12758160767731844 0.13063291206359864 -0.27924967200667772 -0.24066568745507133 -0.62236889702933174 -0.25747098612785341 0.30031043269417501 0.016375942230224611 -0.57541732540130619 -0.049445040893554691 -0.2548990547180176
leaf_weight=26 37 27 37 26 31 27 48 33 38 38 47 41 33 26 30 27 25 27 27 35 40 44 33 25 25 25
leaf_count=26 37 27 37 26 31 27 48 33 38 38 47 41 33 26 30 27 25 27 27 35 40 44 33 25 25 25
internal_value=0.000570767 0.49044 -0.0308996 0.0208779 0.1945 0.419169 0.784251 -0.0592875 0.137628 -0.141391 -0.178732 0.00408806 -0.306416 -0.417055 -0.650534 -0.0260963 -0.116152 -0.213852 -0.15513 -0.341928 -0.0322807 0.0945871 0.148452 -0.421638 0.0405939 -0.188792
internal_weight=878 53 825 611 193 112 75 418 123 295 214 88 126 93 56 85 81 236 184 73 111 71 59 52 50 52
internal_count=878 53 825 611 193 112 75 418 123 295 214 88 126 93 56 85 81 236 184 73 111 71 59 52 50 52
is_linear=0
shrinkage=0.04


Tree=68
num_leaves=28
num_cat=0
split_feature=4 4 6 6 0 6 6 4 9 6 4 6 4 5 9 9 0 0 4 5 4 0 6 0 0 4 9
split_gain=8042.89 3533.43 4443.59 7249.73 7141.05 6945.67 5788.83 6175.44 5551.48 5093.69 4368.06 4690.28 2909.57 2682.07 5280.63 2889.83 2659.56 3240.29 3274.81 2746.04 2266.18 1921.82 1196.94 899.238 860.725 742.353 2767.25
threshold=2.5015836826964182 -0.69576805355408322 -1.5165232548344203 -0.72069791484163315 -1.2485584126215259 1.0000000180025095e-35 0.75726343085925796 -0.46434068978738036 1.0000000180025095e-35 0.64357409657457409 -0.11110945035399165 0.41619542800520609 -0.39125836438736888 1.0000000180025095e-35 1.3283022159985547 -0.62024696275799729 1.0000000180025095e-35 1.2485584126215263 -0.95155619245412326 -0.25066273765626779 0.52227070311277446 -0.7491350475729156 0.41619542800520609 -0.7491350475729156 -1.0000000180025095e-35 0.5709922533794487 -0.48586426077478684
decision_type=2 2 2 2 2 2 2 2 2 2 2 2 2 2 2 2 2 2 2 2 2 2 2 2 2 2 2
left_child=1 16 -3 8 9 12 7 -7 21 -5 -9 -12 -6 14 20 -15 19 18 -18 22 -8 -4 -1 -21 -10 26 -14
right_child=-2 2 3 4 5 6 13 10 24 -11 11 -13 25 15 -16 -17 17 -19 -20 23 -22 -23 -24 -25 -26 -27 -28
leaf_value=-0.67559219207082477 0.69357787627440237 -0.34249957611163462 0.36288065967559818 0.80143058503115627 -0.72868073730468752 0.72024405256907142 -0.29102627379138296 -0.38023548217920161 0.41767766528659395 0.0090642575263977058 -0.043229484456650757 0.57352677569669841 -0.034530410060176146 0.38332956369106586 0.1520840073376894 -0.2189863893508911 0.45619426637887955 -0.32263042142314297 -0.14197212475317497 0.0029222034272693453 -0.77421495056152345 -0.06810681051137496 -0.29480306701660153 -0.27160407921246121 0.7164424190256331 -0.073359052888278306 -0.60208121521132341
leaf_weight=28 26 48 25 27 25 30 41 26 27 25 47 34 27 26 32 25 32 31 27 42 25 49 25 35 36 29 28
leaf_count=28 26 48 25 27 25 30 41 26 27 25 47 34 27 26 32 25 32 31 27 42 25 49 25 35 36 29 28
internal_value=0.000547934 -0.0206009 0.02746 0.0578676 -0.0201551 -0.0781634 0.0253863 0.213061 0.312438 0.420485 0.0708598 0.215656 -0.349863 -0.147174 -0.2696 0.0880766 -0.158667 0.00848251 0.182457 -0.274385 -0.474052 0.0774971 -0.495975 -0.121862 0.5884 -0.237119 -0.323465
internal_weight=878 852 632 584 447 395 286 137 137 52 107 81 109 149 98 51 220 90 59 130 66 74 53 77 63 84 55
internal_count=878 852 632 584 447 395 286 137 137 52 107 81 109 149 98 51 220 90 59 130 66 74 53 77 63 84 55
is_linear=0
shrinkage=0.04


Tree=69
num_leaves=26
num_cat=0
split_feature=2 8 6 6 6 6 1 8 9 7 5 9 9 6 7 6 7 8 8 5 9 6 6 9 7
split_gain=8020.55 2945.85 6207.69 13722.6 18317.7 10533.6 3275.05 2352.19 3916.15 3682.57 1728.59 5579.6 1337.98 3029.2 2637.17 1954.41 1914.32 3234.89 1528.49 1253.31 760.518 1049.33 573.027 426.621 328.526
threshold=-2.9592882694284057 -0.63134183865453442 0.18881675943583826 -1.0617659176956848 -0.72069791484163315 -0.26594057770289742 1.0000000180025095e-35 1.0000000180025095e-35 -0.55305561176639195 0.55861543405600889 1.0000000180025095e-35 0.18604924914126547 -1.2921604726740494 -0.60700858055694906 -0.61331263118606871 -0.26594057770289742 0.85159745036652823 1.0000000180025095e-35 1.0000000180025095e-35 -0.25066273765626779 0.3876233021160812 -0.72069791484163315 1.0000000180025095e-35 1.0595368120321338 1.0000000180025095e-35
decision_type=2 2 2 2 2 2 2 2 2 2 2 2 2 2 2 2 2 2 2 2 2 2 2 2 2
left_child=-1 2 3 19 -5 -6 12 8 -8 -9 11 -4 13 -3 15 -14 20 -18 -17 -2 21 -16 -10 -13 -23
right_child=1 6 10 4 5 -7 7 9 22 -11 -12 23 14 -15 16 18 17 -19 -20 -21 -22 24 -24 -25 -26
leaf_value=0.62214617654681204 -0.45282349205017092 0.0080936159308140094 -0.58201425552368169 1.434095354433413 -0.2782350485665458 0.73428731333824904 0.27855849641742131 0.042532741390928934 -0.41569999732971191 0.63913256359100346 0.12051710237775531 0.16591597661232718 -0.14951309117403896 -0.57317429676651954 -0.34313675238731056 0.030820330839890699 0.2090834418932597 -0.25293263221273615 0.46886687049865722 -0.06635200884193182 -0.3817202418049177 -0.16400614938735963 -0.15222681049789702 -0.057223574868563949 0.0091442107492023042
leaf_weight=32 25 26 38 27 35 31 33 49 25 25 35 26 33 32 47 26 48 49 25 29 48 50 28 29 27
leaf_count=32 25 26 38 27 35 31 33 49 25 25 35 26 33 32 47 26 48 49 25 29 48 50 28 29 27
internal_value=0.000526016 -0.0229868 0.0845685 0.261908 0.556401 0.197344 -0.0747867 0.07875 -0.0635165 0.244087 -0.119095 -0.209271 -0.134558 -0.312606 -0.105303 0.0903461 -0.166398 -0.0243061 0.245549 -0.245274 -0.246531 -0.1942 -0.276507 0.0482606 -0.103291
internal_weight=878 846 275 147 93 66 571 160 86 74 128 93 411 58 353 84 269 97 51 54 172 124 53 55 77
internal_count=878 846 275 147 93 66 571 160 86 74 128 93 411 58 353 84 269 97 51 54 172 124 53 55 77
is_linear=0
shrinkage=0.04


Tree=70
num_leaves=25
num_cat=0
split_feature=7 8 4 7 7 4 4 8 4 4 8 8 7 4 7 7 5 0 4 4 4 0 4 4
split_gain=7330.15 4494.59 3129.18 8593.65 4653.01 3097.93 6317.36 4748.1 2847.3 2436.39 3865.59 2226.76 7499.46 3660.2 2242.39 1138.13 1080.92 1551.28 935.14 2684.1 1208.12 653.735 639.008 279.936
threshold=1.1445794666770477 1.0000000180025095e-35 1.0216665933461864 -1.1992766638071075 0.26563341774548938 -1.012458130287466 -0.52524262762072316 1.0000000180025095e-35 -0.74448960382075746 0.30302372691273999 1.0000000180025095e-35 -0.63134183865453442 1.0000000180025095e-35 -0.63486611572074036 1.0000000180025095e-35 -1.1992766638071075 -0.25066273765626779 1.0000000180025095e-35 -0.22073293845400885 -0.43997991465404318 -0.64704650328740898 1.0000000180025095e-35 -0.6714072784207461 -0.82975231678743755
decision_type=2 2 2 2 2 2 2 2 2 2 2 2 2 2 2 2 2 2 2 2 2 2 2 2
left_child=2 16 4 -4 9 -6 8 -8 -7 11 -11 12 13 -1 15 -13 17 -2 19 20 23 -15 -16 -17
right_child=1 -3 3 -5 5 6 7 -9 -10 10 -12 14 -14 21 22 18 -18 -19 -20 -21 -22 -23 -24 -25
leaf_value=-0.30980269449513137 0.38952684142372823 0.58876921770184543 -0.28947974831717355 0.55918355828239807 -0.63442068284557718 -0.11107482225998588 -0.71706461256200615 -0.064461839040120442 0.41926826200485229 -0.49619437403795197 0.11351345147405352 -0.18061217457056045 0.71126533606956743 0.29997571921709815 -0.43911120691299438 -0.1087961122724745 -0.064945708788358245 -0.019302896570276333 0.19071993675886414 -0.36374957897044996 0.2982434228261312 0.034577707891111024 -0.15846247851848602 0.068739065547784167
leaf_weight=41 33 43 35 42 31 46 44 30 25 41 28 44 29 33 25 27 39 27 51 27 30 27 27 30
leaf_count=41 33 43 35 42 31 46 44 30 25 41 28 44 29 33 25 27 39 27 51 27 30 27 27 30
internal_value=-0.0151367 0.247306 -0.0674044 0.173428 -0.0965617 -0.271474 -0.193879 -0.452496 0.0756657 -0.0296386 -0.248777 0.00903283 0.144289 -0.0185061 -0.0583362 0.000146039 0.0989932 0.205553 0.0483482 -0.0153444 0.0927814 0.180547 -0.29339 -0.0153565
internal_weight=855 142 713 77 636 176 145 74 71 460 69 391 130 101 261 209 99 60 165 114 87 60 52 57
internal_count=855 142 713 77 636 176 145 74 71 460 69 391 130 101 261 209 99 60 165 114 87 60 52 57
is_linear=0
shrinkage=0.04


Tree=71
num_leaves=25
num_cat=0
split_feature=9 9 7 8 7 6 6 7 6 8 6 6 6 9 9 8 5 6 6 5 6 6 6 6
split_gain=8959.34 9285.69 18382.9 3935.61 3422.69 3161.71 4960.12 3900.73 3428.37 3145.67 3939.08 3117.5 3912.9 2808.35 5590.98 3260.98 2398.2 1990.27 1712.21 2112.17 406.296 405.044 396.466 386.721
threshold=0.99234546104052834 0.051666547158054986 1.0000000180025095e-35 1.0000000180025095e-35 -1.1992766638071075 0.30250609372052223 1.0000000180025095e-35 -0.61331263118606871 -0.83438724912631701 1.0000000180025095e-35 0.98464209942862591 -1.1754552519803687 -0.72069791484163315 0.18604924914126547 0.45481465310768643 -0.63134183865453442 -0.71349052288507664 0.75726343085925796 0.64357409657457409 -0.25066273765626779 0.75726343085925796 0.52988476228989012 -0.26594057770289742 -0.94807658341100087
decision_type=2 2 2 2 2 2 2 2 2 2 2 2 2 2 2 2 2 2 2 2 2 2 2 2
left_child=1 2 4 18 16 6 7 8 -6 10 -7 -3 -13 -14 -15 -16 20 -17 19 -2 22 -5 -1 -9
right_child=3 11 -4 21 5 9 -8 23 -10 -11 -12 12 13 14 15 17 -18 -19 -20 -21 -22 -23 -24 -25
leaf_value=-0.13815321091243199 0.22111103110843236 0.078245778977870939 1.0788108379364014 0.6017170807719231 0.50087494579521386 0.32322830796241758 -0.53311040786004837 -0.0764112924677985 -0.064520679712295539 0.47671771072759861 -0.22460421516781762 -0.7448874206253977 -0.58579012097631189 0.16647125305013455 -0.76141289482116703 0.0037626861180028609 -0.48799191633860267 -0.46598820333127622 0.30418838818867999 -0.19417979573094568 -0.23504101505646341 0.38916583281296951 0.061842167459685231 -0.27125424446203772
leaf_weight=35 36 32 25 32 37 42 31 28 32 41 42 33 35 47 25 31 36 27 45 43 26 26 29 39
leaf_count=35 36 32 25 32 37 42 31 28 32 41 42 33 35 47 25 31 36 27 45 43 26 26 29 39
internal_value=-0.0145313 -0.0818666 0.025192 0.234462 -0.0378235 0.0373647 -0.0765098 0.0275682 0.238662 0.189501 0.049312 -0.288071 -0.347273 -0.267751 -0.182125 -0.379522 -0.212069 -0.214914 0.107248 -0.00493334 -0.1017 0.506435 -0.0475303 -0.189827
internal_weight=855 673 443 182 418 292 167 136 69 125 84 230 198 165 130 83 126 58 124 79 90 58 64 67
internal_count=855 673 443 182 418 292 167 136 69 125 84 230 198 165 130 83 126 58 124 79 90 58 64 67
is_linear=0
shrinkage=0.04


end of trees

feature_importances:
Column_4=417
Column_9=378
Column_6=315
Column_7=240
Column_0=179
Column_8=139
Column_5=103
Column_2=42
Column_3=8
Column_1=6

parameters:
[boosting: gbdt]
[objective: regression]
[metric: rmse]
[tree_learner: serial]
[device_type: cpu]
[data_sample_strategy: bagging]
[data: ]
[valid: ]
[num_iterations: 72]
[learning_rate: 0.04]
[num_leaves: 45]
[num_threads: 0]
[seed: 0]
[deterministic: 0]
[force_col_wise: 0]
[force_row_wise: 0]
[histogram_pool_size: -1]
[max_depth: -1]
[min_data_in_leaf: 25]
[min_sum_hessian_in_leaf: 0.001]
[bagging_fraction: 0.8]
[pos_bagging_fraction: 1]
[neg_bagging_fraction: 1]
[bagging_freq: 5]
[bagging_seed: 3]
[bagging_by_query: 0]
[feature_fraction: 0.8]
[feature_fraction_bynode: 1]
[feature_fraction_seed: 2]
[extra_trees: 0]
[extra_seed: 6]
[early_stopping_round: 0]
[early_stopping_min_delta: 0]
[first_metric_only: 0]
[max_delta_step: 0]
[lambda_l1: 0]
[lambda_l2: 0]
[linear_lambda: 0]
[min_gain_to_split: 0]
[drop_rate: 0.1]
[max_drop: 50]
[skip_drop: 0.5]
[xgboost_dart_mode: 0]
[uniform_drop: 0]
[drop_seed: 4]
[top_rate: 0.2]
[other_rate: 0.1]
[min_data_per_group: 100]
[max_cat_threshold: 32]
[cat_l2: 10]
[cat_smooth: 10]
[max_cat_to_onehot: 4]
[top_k: 20]
[monotone_constraints: ]
[monotone_constraints_method: basic]
[monotone_penalty: 0]
[feature_contri: ]
[forcedsplits_filename: ]
[refit_decay_rate: 0.9]
[cegb_tradeoff: 1]
[cegb_penalty_split: 0]
[cegb_penalty_feature_lazy: ]
[cegb_penalty_feature_coupled: ]
[path_smooth: 0]
[interaction_constraints: ]
[verbosity: -1]
[saved_feature_importance_type: 0]
[use_quantized_grad: 0]
[num_grad_quant_bins: 4]
[quant_train_renew_leaf: 0]
[stochastic_rounding: 1]
[linear_tree: 0]
[max_bin: 255]
[max_bin_by_feature: ]
[min_data_in_bin: 3]
[bin_construct_sample_cnt: 200000]
[data_random_seed: 1]
[is_enable_sparse: 1]
[enable_bundle: 1]
[use_missing: 1]
[zero_as_missing: 0]
[feature_pre_filter: 1]
[pre_partition: 0]
[two_round: 0]
[header: 0]
[label_column: ]
[weight_column: ]
[group_column: ]
[ignore_column: ]
[categorical_feature: ]
[forcedbins_filename: ]
[precise_float_parser: 0]
[parser_config_file: ]
[objective_seed: 5]
[num_class: 1]
[is_unbalance: 0]
[scale_pos_weight: 1]
[sigmoid: 1]
[boost_from_average: 1]
[reg_sqrt: 0]
[alpha: 0.9]
[fair_c: 1]
[poisson_max_delta_step: 0.7]
[tweedie_variance_power: 1.5]
[lambdarank_truncation_level: 30]
[lambdarank_norm: 1]
[label_gain: ]
[lambdarank_position_bias_regularization: 0]
[eval_at: ]
[multi_error_top_k: 1]
[auc_mu_weights: ]
[num_machines: 1]
[local_listen_port: 12400]
[time_out: 120]
[machine_list_filename: ]
[machines: ]
[gpu_platform_id: -1]
[gpu_device_id: -1]
[gpu_use_dp: 0]
[num_gpu: 1]

end of parameters

pandas_categorical:null
