tree
version=v4
num_class=1
num_tree_per_iteration=1
label_index=0
max_feature_idx=9
objective=regression
feature_names=Column_0 Column_1 Column_2 Column_3 Column_4 Column_5 Column_6 Column_7 Column_8 Column_9
feature_infos=[-1.4982700951458314:1.4982700951458314] [-0.63368320487849272:1.5780755940845042] [-7.3958776108082063:2.7448980266313372] [-0.26699649569399087:3.7453675090407055] [-1.6032069272708922:5.5710413494968991] [-3.721871126872335:3.2205456515597994] [-1.6870572562614465:1.7236227722790711] [-1.6387496882728867:1.5840524911428266] [-1.2456510737482795:1.2115858666267003] [-1.7289042541194837:1.6978546464523832]
tree_sizes=2294 2522 2200 2275 2344 2256 2449 2342 2343 2440 2439 2424 2200 2283 2279 2370 2278 2279 2280 2282 2272 2192 2352 2194 2209 2450 2344 2344 2447 2430 2367 2454 2276 2283 2371 2368 2267 2285 2211 2266 2551 2539 2544 2377

Tree=0
num_leaves=27
num_cat=0
split_feature=7 9 0 8 6 5 6 5 6 8 6 6 7 6 8 6 9 0 0 6 6 6 0 6 9 0
split_gain=477.443 63.0879 51.4949 50.435 42.0941 28.0058 41.4109 25.4055 55.6428 43.4933 19.089 16.4558 12.8138 13.1743 11.1893 11.0299 27.7806 22.6985 10.1275 9.56748 20.0379 8.49463 7.4213 4.80366 2.59599 0.0192308
threshold=0.85159745036652823 -0.55305561176639195 1.2485584126215263 1.0000000180025095e-35 0.98464209942862591 1.0000000180025095e-35 -0.83438724912631701 -0.25066273765626779 0.52988476228989012 -0.63134183865453442 1.0983314337133099 0.075127425151154323 -0.90629464749658817 -0.15225124341821353 -0.63134183865453442 0.075127425151154323 1.4626849179817649 -1.0000000180025095e-35 0.74913504757291582 -1.0617659176956848 -0.60700858055694906 0.75726343085925796 -1.0000000180025095e-35 -0.49331924627226525 -0.14990750581676068 -1.0000000180025095e-35
decision_type=2 2 2 2 2 2 2 2 2 2 2 2 2 2 2 2 2 2 2 2 2 2 2 2 2 2
left_child=1 3 4 5 15 6 -1 8 9 -3 11 14 13 -5 -9 16 17 -2 23 -16 -21 -8 -17 -7 -13 -10
right_child=2 7 -4 12 -6 18 21 10 25 -11 -12 24 -14 -15 19 22 -18 -19 -20 20 -22 -23 -24 -25 -26 -27
leaf_value=4.6462274157580863 4.6818322543860473 4.6568322543115421 4.6165499964417016 4.5953119841600776 4.7097927806783089 4.6329896619093525 4.6024711433908347 4.5985234308128087 4.5686591774056584 4.5931498220945723 4.600127708945049 4.5441007729763125 4.6098679686930488 4.5619925108001249 4.5893322544978066 4.631982254570822 4.7041536829787631 4.6361085702774769 4.6163514850979661 4.5366933654806019 4.5831580119572894 4.5752596737841476 4.6625053312976616 4.6550559388240123 4.5610661253201421 4.5671207158671967
leaf_weight=31 32 32 31 37 38 27 45 34 26 37 44 27 28 39 32 25 28 38 26 27 33 31 26 38 31 26
leaf_count=31 32 32 31 37 38 27 45 34 26 37 44 27 28 39 32 25 28 38 26 27 33 31 26 38 31 26
internal_value=4.61306 4.5959 4.6643 4.60929 4.67221 4.62114 4.60726 4.58432 4.59914 4.62268 4.57646 4.5708 4.58674 4.57821 4.57892 4.66263 4.67048 4.65701 4.63745 4.57167 4.56225 4.59137 4.64754 4.64589 4.55317 4.56789
internal_weight=869 651 218 302 187 198 107 349 121 69 228 184 104 76 126 149 98 70 91 92 60 76 51 65 58 52
internal_count=869 651 218 302 187 198 107 349 121 69 228 184 104 76 126 149 98 70 91 92 60 76 51 65 58 52
is_linear=0
shrinkage=1


Tree=1
num_leaves=28
num_cat=0
split_feature=7 4 4 7 3 0 6 4 9 6 0 5 7 0 7 4 6 0 6 5 6 6 4 4 5 4 5
split_gain=440.011 85.9834 75.7309 60.9389 37.5085 34.868 34.7688 30.4102 26.0001 22.3111 37.1047 25.7197 38.0755 19.1444 28.2001 25.007 18.9228 16.6582 11.1384 9.64029 7.68278 6.70718 6.22905 4.92379 3.07264 2.3774 0.708165
threshold=0.85159745036652823 0.71715690417947164 -0.82975231678743755 1.1445794666770477 1.0000000180025095e-35 -0.7491350475729156 0.41619542800520609 1.0216665933461864 -0.41867290978318161 -1.0617659176956848 1.0000000180025095e-35 -0.25066273765626779 -0.61331263118606871 -0.7491350475729156 1.0000000180025095e-35 -0.20855255088734023 -0.15225124341821353 -0.7491350475729156 0.18881675943583826 -0.25066273765626779 -0.72069791484163315 0.30250609372052223 -1.0855404556874777 -0.46434068978738036 0.67499283280135014 -0.97591696758746049 -0.25066273765626779
decision_type=2 2 2 2 2 2 2 2 2 2 2 2 2 2 2 2 2 2 2 2 2 2 2 2 2 2 2
left_child=2 3 8 -2 6 -3 7 9 -1 17 11 -11 -13 26 15 -15 -12 -4 25 -7 -5 -22 -20 -19 -17 -10 -8
right_child=1 5 4 20 -6 19 13 -9 18 10 16 12 -14 14 -16 24 -18 23 22 -21 21 -23 -24 -25 -26 -27 -28
leaf_value=-0.0082601294858115053 -0.023548326534884319 0.11348261940863826 -0.047583419222098133 0.061749710568359921 0.041708701133728029 0.081799380949565348 -0.038389421793130728 0.040465527287235965 -0.029935787755089836 0.046712214495684655 0.00041527032852172851 0.039112320159162793 -0.023876014492091011 0.024264091288342195 -0.046248619737047136 -0.010553327359651263 -0.038937863286803751 -0.022809541749954226 -0.075287285309571489 0.052266070867578195 0.021257995183651266 0.049236581078891097 -0.047323294496536258 0.00043286885534014018 -0.0280162559236799 -0.04554635560071027 -0.047818201208114627
leaf_weight=35 28 31 26 28 25 28 26 27 37 37 46 28 34 34 33 38 34 25 26 48 26 29 25 35 28 27 25
leaf_count=35 28 31 26 28 25 28 26 27 37 37 46 28 34 34 33 38 34 25 26 48 26 29 25 35 28 27 25
internal_value=0.00295738 0.0521437 -0.0135136 0.0274793 -0.00604856 0.07773 -0.00855682 2.47935e-05 -0.0384469 -0.00409558 0.00394932 0.0203203 0.00457033 -0.0221755 -0.0141858 -0.00360503 -0.0163098 -0.0208402 -0.0476342 0.0631468 0.0446935 0.0360103 -0.0615794 -0.00925147 -0.0179618 -0.0365215 -0.0430114
internal_weight=869 218 651 111 501 107 476 292 150 265 179 99 62 184 133 100 80 86 115 76 83 55 51 60 66 64 51
internal_count=869 218 651 111 501 107 476 292 150 265 179 99 62 184 133 100 80 86 115 76 83 55 51 60 66 64 51
is_linear=0
shrinkage=0.04


Tree=2
num_leaves=24
num_cat=0
split_feature=7 4 4 8 7 9 7 9 8 5 4 0 9 8 0 5 0 4 0 4 4 0 4
split_gain=405.514 79.2423 69.7936 59.1018 56.1613 35.1931 80.8343 38.3775 35.4659 29.7556 30.2702 25.7471 23.9616 20.7751 20.6306 20.0785 15.2915 11.9233 6.39442 4.98041 7.47724 4.27079 4.30603
threshold=0.85159745036652823 0.71715690417947164 -0.82975231678743755 1.0000000180025095e-35 1.1445794666770477 0.58919735509089699 0.26563341774548938 -0.62024696275799729 1.0000000180025095e-35 1.0000000180025095e-35 0.48572954041276867 -1.0000000180025095e-35 -0.41867290978318161 -0.63134183865453442 1.0000000180025095e-35 -0.25066273765626779 0.74913504757291582 -0.086748675220654506 1.0000000180025095e-35 -1.1220816183874833 -0.95155619245412326 -0.7491350475729156 -0.39125836438736888
decision_type=2 2 2 2 2 2 2 2 2 2 2 2 2 2 2 2 2 2 2 2 2 2 2
left_child=2 4 12 13 -2 6 7 8 9 10 17 -10 -1 -3 -11 -9 21 -4 -6 -14 -21 -17 -23
right_child=1 3 5 -5 18 -7 -8 15 11 14 -12 -13 19 -15 -16 16 -18 -19 -20 20 -22 22 -24
leaf_value=-0.0079297246592385431 -0.02260639318398067 0.078224861750731609 -0.0046414671284811838 0.12337558129738117 0.052863100909668469 -0.042295336784460603 0.048206510755750866 0.0041700231678345624 0.0066746034766688488 0.050588640928268432 0.025236494999665481 -0.039421382204015205 -0.055923831722010736 0.036883388219810111 0.0074985575675964354 -0.049857126506599223 -0.0097149043381214144 -0.040401925948949959 0.030526365992185233 -0.027038990478766595 -0.053510726151927826 -0.020920172576551085 -0.043510970671971634
leaf_weight=35 28 37 35 29 46 39 45 34 33 40 39 47 46 41 32 37 40 26 37 38 31 27 27
leaf_count=35 28 37 35 29 46 39 45 34 33 40 39 47 46 41 32 37 40 26 37 38 31 27 27
internal_value=0.00283908 0.0500579 -0.0129731 0.0746208 0.0263802 -0.00580662 -0.0027264 -0.00822276 0.00159634 0.0118304 -0.00228678 -0.0204068 -0.036909 0.0564941 0.0314375 -0.0232192 -0.0303279 -0.0198836 0.0429058 -0.0457288 -0.0389321 -0.0393885 -0.0322156
internal_weight=869 218 651 107 111 501 462 417 252 172 100 80 150 78 72 165 131 61 83 115 69 91 54
internal_count=869 218 651 107 111 501 462 417 252 172 100 80 150 78 72 165 131 61 83 115 69 91 54
is_linear=0
shrinkage=0.04


Tree=3
num_leaves=25
num_cat=0
split_feature=7 4 4 8 3 8 6 5 7 5 4 8 7 7 7 8 4 7 4 5 6 5 4 4
split_gain=373.722 73.2052 64.3218 38.8794 32.7688 33.8585 30.2735 36.1966 65.5723 44.7092 20.9036 33.5727 19.2223 18.5784 16.6044 14.0114 13.5422 12.7529 12.0979 9.21338 9.12067 6.74797 4.75067 2.21763
threshold=0.85159745036652823 0.51009031554610584 -0.82975231678743755 1.0000000180025095e-35 1.0000000180025095e-35 1.0000000180025095e-35 0.64357409657457409 -0.25066273765626779 -0.61331263118606871 0.67499283280135014 1.8012113976129751 -0.63134183865453442 1.0000000180025095e-35 -0.32033061487554942 -0.32033061487554942 -0.63134183865453442 -0.038027124953980203 1.4375614829875671 0.48572954041276867 0.67499283280135014 0.18881675943583826 -0.25066273765626779 0.25430217664606569 -0.97591696758746049
decision_type=2 2 2 2 2 2 2 2 2 2 2 2 2 2 2 2 2 2 2 2 2 2 2 2
left_child=2 17 14 10 5 6 7 12 9 -9 11 -3 18 16 -1 -10 -8 -2 -4 21 23 22 -7 -16
right_child=1 3 4 -5 -6 19 13 8 15 -11 -12 -13 -14 -15 20 -17 -18 -19 -20 -21 -22 -23 -24 -25
leaf_value=-0.012584910330019499 0.0049748441447382387 0.069173011798411607 -0.0077880041599273685 0.098543432014329094 0.039063656902313233 -0.035356250389202225 0.0087849410986288994 -0.0098536865626062658 -0.0083644532335215606 0.060426449139912929 0.08301936991214752 0.01167169218713587 0.050634150573185509 -0.043802746199071409 -0.026938581241143719 -0.043866522700890247 -0.026031299070878464 0.035856781005859373 0.030494822561740877 -0.039753824297974749 -0.056365109359224633 -0.0062779658536116284 -0.012784646034240723 -0.042015463687755446
leaf_weight=38 46 32 25 42 25 37 39 28 29 30 25 33 35 32 37 46 33 40 28 41 48 48 25 27
leaf_count=38 46 32 25 42 25 37 39 28 29 30 25 33 35 32 37 46 33 40 28 41 48 48 25 27
internal_value=0.00272552 0.0480556 -0.0124541 0.0667652 -0.00557436 -0.00791879 -0.000647067 0.00772765 -0.00544014 0.0264981 0.0519354 0.03998 0.027629 -0.0184433 -0.0354326 -0.0301391 -0.0071725 0.0193385 0.0124369 -0.0235698 -0.0431846 -0.0175376 -0.0262548 -0.0332991
internal_weight=869 218 651 132 501 476 325 221 133 58 90 65 88 104 150 75 72 86 53 151 112 110 62 64
internal_count=869 218 651 132 501 476 325 221 133 58 90 65 88 104 150 75 72 86 53 151 112 110 62 64
is_linear=0
shrinkage=0.04


Tree=4
num_leaves=26
num_cat=0
split_feature=7 4 4 7 6 6 0 9 9 5 5 4 5 4 9 9 5 6 7 7 5 9 6 6 6
split_gain=344.422 68.9438 59.3246 50.7684 38.7203 45.8023 31.8736 30.7339 28.0419 25.833 22.7042 22.4098 14.6947 12.9255 21.0943 17.8708 27.9026 14.2317 12.8906 16.0267 8.33107 7.99234 6.8918 6.02811 0.815338
threshold=0.85159745036652823 0.71715690417947164 -0.58614456545406601 1.1445794666770477 -0.72069791484163315 -1.0617659176956848 -0.7491350475729156 0.3876233021160812 -0.41867290978318161 1.6006484032589683 1.0000000180025095e-35 0.42482760257942576 1.0000000180025095e-35 -1.012458130287466 1.0000000180025095e-35 0.58919735509089699 -0.25066273765626779 0.18881675943583826 -1.1992766638071075 -0.61331263118606871 -0.25066273765626779 -1.2921604726740494 -0.72069791484163315 0.30250609372052223 0.41619542800520609
decision_type=2 2 2 2 2 2 2 2 2 2 2 2 2 2 2 2 2 2 2 2 2 2 2 2 2
left_child=2 3 8 -2 5 10 -3 9 12 11 -4 18 -1 17 -15 16 -16 -10 -6 -20 -8 -13 -5 -24 -21
right_child=1 6 4 22 7 -7 20 -9 13 -11 -12 21 -14 14 15 -17 -18 -19 19 24 -22 -23 23 -25 -26
leaf_value=-0.0235859899520874 -0.022527520741735186 0.10322759640312963 0.017553479919830958 0.055914261192083363 -0.049768322512910176 0.053489013063280202 0.07244146332144738 0.029262788295745849 -0.030072827844908747 0.017086733860128069 -0.025943808183073999 0.014811077734519696 0.012337291413231899 -0.053074665566285449 0.021726548671722412 -0.039913175801436107 -0.03109637651592493 -0.067510926686227324 -0.0051287563430502062 -0.042081763479444714 0.044986706655472518 -0.014403040370633525 0.017550247884713686 0.044074692160918798 -0.032157501578330992
leaf_weight=35 28 31 48 28 37 38 28 28 33 34 32 29 38 36 32 36 32 32 47 27 48 31 26 29 26
leaf_count=35 28 31 48 28 37 38 28 28 33 34 32 29 38 36 32 36 32 32 47 27 48 31 26 29 26
internal_value=0.0026165 0.0461334 -0.011956 0.0240478 -0.0016618 0.0173301 0.0690447 -0.0103145 -0.0261199 -0.0151117 0.000154565 -0.0206688 -0.0048862 -0.0338316 -0.0268191 -0.0173671 -0.00468491 -0.0485039 -0.0295969 -0.0221335 0.0551016 -0.000282883 0.0397599 0.0315359 -0.0372133
internal_weight=869 218 651 111 377 118 107 259 274 231 80 197 73 201 136 100 64 65 137 100 76 60 83 55 53
internal_count=869 218 651 111 377 118 107 259 274 231 80 197 73 201 136 100 64 65 137 100 76 60 83 55 53
is_linear=0
shrinkage=0.04


Tree=5
num_leaves=25
num_cat=0
split_feature=9 4 4 9 8 9 4 0 4 4 9 9 9 9 9 0 0 5 4 4 5 4 9 4
split_gain=213.884 88.486 41.6517 40.211 27.8524 42.9624 23.6057 22.3881 17.5823 16.8717 20.2121 17.5008 14.913 17.9685 14.503 8.85629 8.65235 6.70957 6.51545 6.90371 7.04325 3.06898 2.70512 0.330009
threshold=1.1267281630237389 0.82678039227948885 -0.73230921625408896 -0.41867290978318161 -0.63134183865453442 1.0000000180025095e-35 1.7281290722129634 -0.7491350475729156 1.502791902229595 0.022874812879362678 0.45481465310768643 -0.82182101573281285 1.3283022159985547 1.5970676199649756 -1.0905864196992339 -1.0000000180025095e-35 1.0000000180025095e-35 -0.25066273765626779 -1.243885494054169 -0.79321115408743181 -0.25066273765626779 -0.34253681412069453 -0.55305561176639195 -0.96373658002079188
decision_type=2 2 2 2 2 2 2 2 2 2 2 2 2 2 2 2 2 2 2 2 2 2 2 2
left_child=1 2 3 -1 5 7 17 -4 12 10 15 -11 -2 16 -9 22 -14 -3 -5 20 -20 -17 -6 -22
right_child=8 6 4 18 9 -7 -8 14 -10 11 -12 -13 13 -15 -16 21 -18 -19 19 -21 23 -23 -24 -25
leaf_value=0.0015597063032063571 0.014610966060310602 0.024161879271268845 -0.039621944065604889 -0.059781451755099829 0.0014433409145900181 0.038960988120663738 0.052687660943378102 -0.021728470993041992 0.070358246653168297 -0.020217074855514196 -0.04856488823890686 0.01430946946144104 0.042237408995904308 0.020422604784835131 0.01626962471008301 -0.018121856830336833 0.074260266290770635 -0.0028200990823097527 -0.047034457036427092 -0.055839654648745504 -0.020965484518271228 -0.03323850767953055 -0.013874679528749908 -0.027032505422830581
leaf_weight=44 40 29 28 27 35 42 33 25 27 46 40 48 27 32 45 44 27 30 35 27 26 42 39 32
leaf_count=44 40 29 28 27 35 42 33 25 27 46 40 48 27 32 45 44 27 30 35 27 26 42 39 32
internal_value=-0.00186835 -0.01103 -0.0164213 -0.0319869 -0.00957104 0.00511335 0.0255955 -0.00939279 0.0410658 -0.0165636 -0.0231329 -0.0025865 0.0347889 0.044174 0.00269888 -0.0167748 0.0582488 0.0104422 -0.042028 -0.0380335 -0.032864 -0.0255044 -0.00662967 -0.0243128
internal_weight=870 717 625 191 434 140 92 98 153 294 200 94 126 86 70 160 54 59 147 120 93 86 74 58
internal_count=870 717 625 191 434 140 92 98 153 294 200 94 126 86 70 160 54 59 147 120 93 86 74 58
is_linear=0
shrinkage=0.04


Tree=6
num_leaves=27
num_cat=0
split_feature=7 4 6 4 6 0 9 6 5 7 7 5 0 4 4 4 5 0 5 5 4 6 4 6 4 4
split_gain=208.163 92.1279 53.4709 60.7239 28.7339 22.9362 31.4142 28.8722 24.3111 18.7675 17.0827 16.435 13.5095 12.5815 11.2233 10.6543 9.10379 8.88359 7.29622 6.72863 5.94076 5.29962 5.19446 5.14382 3.74877 1.16354
threshold=1.1445794666770477 1.7281290722129634 0.41619542800520609 -0.70794844112075184 1.0983314337133099 -1.0000000180025095e-35 0.051666547158054986 -0.72069791484163315 1.0000000180025095e-35 1.0000000180025095e-35 -0.32033061487554942 0.67499283280135014 -0.7491350475729156 0.48572954041276867 0.43700799014609432 0.010694425312694102 -0.25066273765626779 1.0000000180025095e-35 1.0000000180025095e-35 -0.25066273765626779 -0.11110945035399165 -0.15225124341821353 -0.61050534058740313 -0.83438724912631701 -0.35471720168736315 -0.18419177575400311
decision_type=2 2 2 2 2 2 2 2 2 2 2 2 2 2 2 2 2 2 2 2 2 2 2 2 2 2
left_child=1 2 3 10 9 6 11 8 -7 17 -1 16 -6 15 20 -2 -5 25 24 -15 -9 23 -11 -12 -14 -4
right_child=13 -3 4 5 12 7 -8 14 -10 22 21 -13 18 19 -16 -17 -18 -19 -20 -21 -22 -23 -24 -25 -26 -27
leaf_value=-0.0063257184261228984 0.043102486124544433 0.053661015401868253 -0.045245450830459596 0.0071324366110342517 -0.036276230718940497 0.035914069299514476 0.047076578442938624 -0.018627215027809143 -0.0096695828768942095 -0.047173310189411559 -0.034360271006822589 0.026884717941284181 -0.025463155976363588 0.062642868876803759 0.0041905492305755613 0.009555645074163165 -0.025715210172865124 -0.012153653278946876 0.0079243298371632891 0.040265745978022731 -0.042673706054687503 -0.021738035964965818 -0.071795450265590963 -0.057214055657386784 -0.0041526701211929322 -0.033041642427444458
leaf_weight=41 33 34 25 27 32 39 40 48 36 29 40 32 28 43 25 28 27 32 36 43 25 25 26 26 25 25
leaf_count=41 33 34 25 27 32 39 40 48 36 29 40 32 28 43 25 28 27 32 36 43 25 25 26 26 25 25
internal_value=-0.00179362 -0.0106161 -0.013788 -0.00516655 -0.0281905 0.00480936 0.0177908 -0.00464533 0.0140339 -0.0407358 -0.0277635 0.00416949 -0.0139864 0.0415987 -0.0189407 0.0277039 -0.00929139 -0.0286109 -0.00597201 0.0514543 -0.0268623 -0.0374223 -0.0588129 -0.0433633 -0.015411 -0.0391435
internal_weight=870 723 689 431 258 299 126 173 75 137 132 86 121 147 98 61 54 82 89 86 73 91 55 66 53 50
internal_count=870 723 689 431 258 299 126 173 75 137 132 86 121 147 98 61 54 82 89 86 73 91 55 66 53 50
is_linear=0
shrinkage=0.04


Tree=7
num_leaves=26
num_cat=0
split_feature=9 4 2 9 9 6 6 4 4 4 9 9 4 9 9 6 0 5 5 6 6 6 4 4 5
split_gain=181.673 75.5872 37.1947 39.7942 26.7062 22.6213 20.143 25.4578 25.4617 15.7994 13.3634 27.9305 18.9439 13.2826 16.5992 16.703 12.9057 14.5766 12.7916 12.131 7.11585 12.6378 21.3844 6.99123 0.941776
threshold=1.1267281630237389 0.82678039227948885 1.0000000180025095e-35 0.45481465310768643 0.32043195112447598 -0.15225124341821353 -0.83438724912631701 -0.65922689085407749 -0.098929062787323066 1.502791902229595 -0.35148155879157633 -0.14990750581676068 -0.75666999138742608 1.3283022159985547 1.5970676199649756 -0.26594057770289742 -0.7491350475729156 0.67499283280135014 1.0000000180025095e-35 0.52988476228989012 -0.15225124341821353 1.2120207679979937 0.1324983009793799 -0.6714072784207461 0.67499283280135014
decision_type=2 2 2 2 2 2 2 2 2 2 2 2 2 2 2 2 2 2 2 2 2 2 2 2 2
left_child=1 2 -1 4 6 -3 7 -4 18 13 16 -12 -13 -2 15 -15 17 -8 -9 23 -18 22 24 -5 -22
right_child=9 5 3 19 -6 -7 10 8 -10 -11 11 12 -14 14 -16 -17 20 -19 -20 -21 21 -23 -24 -25 -26
leaf_value=0.027565849346499288 0.012854300222359599 0.044402017276522453 -0.02428430588877931 -0.043144401741027835 0.021036729369844711 0.0046951306362946824 -0.050712416583094104 0.049563296794891354 -0.018903915219836764 0.065615081618781448 -0.065387533327628825 -0.040125698968768123 -0.0024869329255560171 0.031196207030174825 0.01792603178997524 0.075719637785639074 0.0054761729637781776 -0.010250444220645088 0.0094904204056813178 -0.054966530444774224 -0.043528464984893801 0.0090734175155902739 0.0026159602573939734 -0.01471419518993747 -0.032655146740950068
leaf_weight=31 40 44 49 25 35 48 29 25 27 27 29 40 46 26 32 28 42 28 26 47 25 29 35 31 26
leaf_count=31 40 44 49 25 35 48 29 25 27 27 29 40 46 26 32 28 42 28 26 47 25 29 35 31 26
internal_value=-0.00172188 -0.0101655 -0.0151484 -0.0173776 -0.0126357 0.0236854 -0.0152202 -0.001689 0.0125055 0.0378475 -0.0204435 -0.0314406 -0.0199933 0.0318973 0.0407545 0.0542824 -0.0145338 -0.0308364 0.029134 -0.0399823 -0.00861502 -0.0137614 -0.0214615 -0.0274063 -0.0379852
internal_weight=870 717 625 594 491 92 456 127 78 153 329 115 86 126 86 54 214 57 51 103 157 115 86 56 51
internal_count=870 717 625 594 491 92 456 127 78 153 329 115 86 126 86 54 214 57 51 103 157 115 86 56 51
is_linear=0
shrinkage=0.04


Tree=8
num_leaves=26
num_cat=0
split_feature=7 4 4 9 0 8 4 4 0 7 4 4 8 4 4 4 4 4 4 4 4 8 9 9 4
split_gain=177.339 81.2158 38.1602 33.3977 25.6337 29.1655 27.6067 21.5818 26.9895 18.4784 17.9505 11.7613 15.673 15.3389 11.7309 11.1153 9.70842 8.42195 8.9117 6.35103 6.82878 5.48645 6.18712 3.38662 4.33849
threshold=1.1445794666770477 1.7281290722129634 -0.73230921625408896 -0.41867290978318161 1.2485584126215263 -0.63134183865453442 0.75369806687947738 -0.43997991465404318 -0.7491350475729156 -1.1992766638071075 0.035055200446031262 -0.18419177575400311 1.0000000180025095e-35 -0.34253681412069453 1.0000000180025095e-35 0.48572954041276867 0.010694425312694102 -0.63486611572074036 -0.50088185248738604 -1.243885494054169 -0.79321115408743181 -0.63134183865453442 1.3954935669901598 0.11885789814966023 -1.0002777427207976
decision_type=2 2 2 2 2 2 2 2 2 2 2 2 2 2 2 2 2 2 2 2 2 2 2 2 2
left_child=1 2 3 -1 5 7 9 -4 -9 -7 -6 13 -13 17 -10 16 -2 -11 -19 -5 23 -17 -23 -21 -25
right_child=15 -3 4 19 10 6 -8 8 14 11 -12 12 -14 -15 -16 21 -18 18 -20 20 -22 22 -24 24 -26
leaf_value=0.0026767947186123243 0.040037072802131826 0.050554389155962894 0.037357460688322019 -0.054557334096343432 -0.045873811954543708 -0.04157046981759973 0.018558807233969372 -0.024056117722862647 0.038592721532892296 -0.029054952263832094 -0.0053621852944294611 0.019668266255604593 -0.014878261824871631 -0.043119274031731394 0.0019540791316279048 0.060465309886318271 0.0080139870316322352 0.011385108250028945 -0.018025071471929551 -0.016352439224720003 -0.050832339790132311 0.025762270889603176 0.053100704492794144 -0.046087732601165776 -0.02494605945377815
leaf_weight=44 33 34 39 27 42 37 45 38 27 28 30 38 47 31 29 33 28 34 32 28 27 26 27 25 41
leaf_count=44 33 34 39 27 42 37 45 38 27 28 30 38 47 31 29 33 28 34 32 28 27 26 27 25 41
internal_value=-0.001653 -0.00979615 -0.0127743 -0.0279198 -0.00692329 -0.00318426 -0.0102561 0.012342 0.00196318 -0.0155058 -0.028994 -0.0109135 0.000566068 -0.0187196 0.0196191 0.038398 0.025338 -0.0106728 -0.00287437 -0.037016 -0.0331018 0.0476615 0.0396894 -0.028009 -0.0329543
internal_weight=870 723 689 192 497 425 292 133 94 247 72 210 85 125 56 147 61 94 66 148 121 86 53 94 66
internal_count=870 723 689 192 497 425 292 133 94 247 72 210 85 125 56 147 61 94 66 148 121 86 53 94 66
is_linear=0
shrinkage=0.04


Tree=9
num_leaves=27
num_cat=0
split_feature=7 2 6 7 9 9 6 9 0 9 0 7 9 9 6 6 9 0 9 6 0 7 9 0 7 7
split_gain=163.436 55.1213 54.6935 27.8993 32.4158 25.971 23.8758 20.9946 20.1084 11.0431 9.79627 8.75635 11.7158 9.4391 8.48857 8.87199 7.48445 11.7442 18.6665 17.4157 7.11996 14.9857 6.65141 4.61475 3.98108 3.11443
threshold=1.1445794666770477 -1.6916913147484629 0.52988476228989012 0.85159745036652823 0.58919735509089699 0.32043195112447598 1.0983314337133099 -0.41867290978318161 1.2485584126215263 -0.82182101573281285 1.0000000180025095e-35 -0.61331263118606871 1.0000000180025095e-35 -0.28429020779997111 -0.72069791484163315 -0.26594057770289742 1.5970676199649756 -0.7491350475729156 1.3283022159985547 -0.15225124341821353 -0.7491350475729156 1.0000000180025095e-35 -1.157777770690839 -1.0000000180025095e-35 -1.1992766638071075 -0.90629464749658817
decision_type=2 2 2 2 2 2 2 2 2 2 2 2 2 2 2 2 2 2 2 2 2 2 2 2 2 2
left_child=1 -1 3 4 5 8 7 24 11 -10 -9 14 13 -13 22 -16 17 -2 -19 -20 -8 25 -3 -17 -4 -22
right_child=16 2 6 -5 -6 -7 20 10 9 -11 -12 12 -14 -15 15 23 -18 18 19 -21 21 -23 -24 -25 -26 -27
leaf_value=0.046671196531366421 0.063759843609456357 0.0033031490772235683 -0.031353772258758544 0.027173480360313904 -0.03998973368179231 0.028883662578221916 -0.030950201980529297 -0.06656116314050628 -0.011030523848533631 -0.048627280473709109 -0.035867830025298253 -0.0069898046449173327 0.0052556381298571224 -0.034751971330907613 -0.023064848716769899 0.016427849597401088 0.020407735418035266 0.011369692596250815 0.026177933061122895 0.073392465019598604 -0.005956599535765471 -0.03049431273713708 0.027637035362422468 -0.0063665862480799364 -0.0087799431324005126 0.012921673388316715
leaf_weight=27 29 41 25 43 42 37 31 41 25 25 28 43 49 36 28 27 34 34 25 25 27 32 32 30 25 29
leaf_count=27 29 41 25 43 42 37 31 41 25 25 28 43 49 36 28 27 34 34 25 25 27 32 32 30 25 29
internal_value=-0.00158688 -0.00940431 -0.0115796 -0.00349653 -0.00667439 -0.00292306 -0.0271346 -0.0398038 -0.00642559 -0.0298289 -0.0541059 -0.0023341 -0.0101102 -0.0196409 0.00396552 -0.0046266 0.0368621 0.041813 0.0342361 0.0497852 -0.0144653 -0.00865816 0.0139701 0.00443078 -0.0200669 0.00381965
internal_weight=870 723 696 458 415 373 238 119 336 50 69 286 128 79 158 85 147 113 84 50 119 88 73 57 50 56
internal_count=870 723 696 458 415 373 238 119 336 50 69 286 128 79 158 85 147 113 84 50 119 88 73 57 50 56
is_linear=0
shrinkage=0.04


Tree=10
num_leaves=27
num_cat=0
split_feature=7 4 4 7 9 4 9 7 4 9 8 7 4 9 4 0 8 9 4 4 9 9 9 4 4 4
split_gain=189.315 52.5987 48.9759 41.2286 33.9417 19.3968 19.3633 13.9278 25.4288 10.9787 9.2592 20.3877 20.1011 13.8305 8.15841 7.52008 6.39821 6.05791 13.7575 21.5022 4.30559 5.50808 3.57721 45.1854 32.1733 4.93609
threshold=0.85159745036652823 1.7281290722129634 -0.82975231678743755 0.55861543405600889 0.3876233021160812 -0.28163487628735168 -0.48586426077478684 1.1445794666770477 0.88768233011283171 1.5970676199649756 -0.63134183865453442 -1.1992766638071075 0.14467868854604846 -1.493734525648865 -0.12328983792066023 -1.0000000180025095e-35 1.0000000180025095e-35 -0.88901236672441819 -0.15983100062066594 -0.58614456545406601 0.3876233021160812 0.11885789814966023 -0.55305561176639195 -0.43997991465404318 -0.42779952708737462 -0.64704650328740898
decision_type=2 2 2 2 2 2 2 2 2 2 2 2 2 2 2 2 2 2 2 2 2 2 2 2 2 2
left_child=2 5 6 4 10 -2 -1 8 -7 15 11 -4 14 -14 22 -9 -15 -13 19 -19 21 -8 24 25 -12 -24
right_child=1 -3 3 -5 -6 7 20 9 -10 -11 12 17 13 16 -16 -17 -18 18 -20 -21 -22 -23 23 -25 -26 -27
leaf_value=-0.0048375498453776039 -0.0095159114317761532 0.077319770175963642 -0.024222819277218411 -0.043932956294579946 0.041934360384941104 -0.01697322956941746 -0.03805068926513195 0.056994944482165223 0.03792475423327199 0.013194548319335338 -0.034798722993582491 0.026933260240725111 0.026274631409905852 0.0081525359109595984 -0.034344033018538826 0.032407232934298612 -0.018103319153641211 -0.0094225545406341552 -0.017885059736393118 0.04205891282470138 -0.031778163711229962 -0.061432913199619014 -0.010729345658729817 -0.061703268995991455 0.021922755725681781 0.012608874830706367
leaf_weight=30 27 32 35 44 25 27 40 34 27 27 32 28 32 27 38 48 33 25 27 27 48 27 29 27 32 29
leaf_count=30 27 32 35 44 25 27 40 34 27 27 32 28 32 27 38 48 33 25 27 27 48 27 29 27 32 29
internal_value=-0.00191936 0.0298767 -0.0130355 -0.00699248 -0.00334813 0.0218863 -0.0334565 0.0270878 0.0104758 0.0353177 -0.00603712 0.00227791 -0.0102691 0.00503801 -0.0177999 0.0426021 -0.00628818 0.0109464 0.00528013 0.0173082 -0.0409223 -0.0474734 -0.0135806 -0.0189586 -0.00643798 0.000939765
internal_weight=857 222 635 490 446 190 145 163 54 109 421 142 279 92 187 82 60 107 79 52 115 67 149 85 64 58
internal_count=857 222 635 490 446 190 145 163 54 109 421 142 279 92 187 82 60 107 79 52 115 67 149 85 64 58
is_linear=0
shrinkage=0.04


Tree=11
num_leaves=27
num_cat=0
split_feature=7 7 6 8 9 9 9 9 5 6 9 9 8 7 5 8 5 6 9 6 9 6 6 8 9 6
split_gain=174.473 32.4665 21.4589 28.3679 61.1099 26.9086 16.6852 16.493 18.761 11.7542 14.842 10.2704 9.92091 7.61052 6.6922 6.6514 5.71571 4.47987 4.34876 3.8181 5.24177 3.47311 2.91362 2.4375 1.96768 1.23807
threshold=0.85159745036652823 0.55861543405600889 0.52988476228989012 -0.63134183865453442 1.0000000180025095e-35 -0.55305561176639195 -0.55305561176639195 1.5970676199649756 -0.25066273765626779 1.0983314337133099 -0.41867290978318161 -1.157777770690839 1.0000000180025095e-35 -0.90629464749658817 1.0000000180025095e-35 -0.63134183865453442 -0.25066273765626779 -1.0617659176956848 -0.21709885680836591 -0.49331924627226525 1.1267281630237389 -1.1754552519803687 -0.94807658341100087 -0.63134183865453442 0.11885789814966023 1.4393994365673617
decision_type=2 2 2 2 2 2 2 2 2 2 2 2 2 2 2 2 2 2 2 2 2 2 2 2 2 2
left_child=1 2 3 4 6 12 11 8 15 10 16 -1 14 -11 -5 -2 -4 -7 -19 21 -21 -10 -14 -3 -20 -15
right_child=7 23 9 5 -6 17 -8 -9 19 13 -12 -13 22 25 -16 -17 -18 18 24 20 -22 -23 -24 -25 -26 -27
leaf_value=-0.010361946501902171 0.040467830877273514 -0.027782374368264126 -0.029470862770080566 0.00052048850627172555 0.06070006105207628 -0.012215514861304184 -0.029397477075971404 0.0021150778071023523 0.026634587103128438 -0.025183545417255825 -0.047924616024607708 0.022574935121969744 -0.021135415801635155 0.0030500544169369866 0.025256261110305784 0.066898263285309081 -0.0026839005947113036 -0.043673858245213824 -0.016070944437613855 0.041272606543132237 0.0199496002915578 0.0059441699589499169 -0.0037578928470611574 -0.043046015963909473 -0.030992248933161461 -0.008200240597642702
leaf_weight=28 39 26 25 42 31 29 29 32 25 36 42 33 26 34 30 25 26 27 26 35 39 27 38 47 31 29
leaf_count=28 39 26 25 42 31 29 29 32 25 36 42 33 26 34 30 25 26 27 26 35 39 27 38 47 31 29
internal_value=-0.00184258 -0.012514 -0.00925428 -0.0036238 0.0122646 -0.0113447 -0.00441876 0.0286816 0.033156 -0.0201047 -0.030316 0.00745637 0.000641379 -0.0105123 0.0108271 0.0507922 -0.0158148 -0.0257703 -0.03045 0.0241979 0.0300348 0.0158915 -0.0108175 -0.0376097 -0.024186 -0.00212865
internal_weight=857 635 562 370 121 249 90 222 190 192 93 61 136 99 72 64 51 113 84 126 74 52 64 73 57 63
internal_count=857 635 562 370 121 249 90 222 190 192 93 61 136 99 72 64 51 113 84 126 74 52 64 73 57 63
is_linear=0
shrinkage=0.04


Tree=12
num_leaves=24
num_cat=0
split_feature=7 7 0 9 5 0 8 9 9 9 5 0 0 0 0 5 9 0 8 0 0 0 0
split_gain=160.794 29.9212 21.3591 20.4278 19.6263 13.3419 12.4308 25.946 24.9393 18.3403 26.0512 11.4833 10.2138 11.4175 9.57457 8.6355 31.0717 4.17487 6.4709 4.03752 2.73129 2.5241 1.89421
threshold=0.85159745036652823 0.55861543405600889 1.2485584126215263 1.5970676199649756 -0.25066273765626779 -0.7491350475729156 -0.63134183865453442 1.0000000180025095e-35 -1.2921604726740494 -0.48586426077478684 -0.25066273765626779 1.0000000180025095e-35 1.2485584126215263 0.74913504757291582 -1.0000000180025095e-35 0.67499283280135014 -0.55305561176639195 -1.0000000180025095e-35 1.0000000180025095e-35 1.0000000180025095e-35 -1.2485584126215259 1.0000000180025095e-35 -1.0000000180025095e-35
decision_type=2 2 2 2 2 2 2 2 2 2 2 2 2 2 2 2 2 2 2 2 2 2 2
left_child=1 6 3 4 22 -6 7 9 11 10 -1 -8 13 15 -3 17 -17 20 -19 -7 -10 -12 -2
right_child=2 14 -4 -5 5 19 8 -9 12 -11 21 -13 -14 -15 -16 16 -18 18 -20 -21 -22 -23 -24
leaf_value=-0.025647933070476237 0.065054149295275032 -0.019243537052985159 -0.0044733326541709492 0.00075341052774872107 0.046745870961592752 0.0082197873749666733 -0.0068398013101382696 0.024842822017769019 -0.030075196886062621 -0.031361633986234663 0.0087887343849454604 0.023860781263027875 -0.036826971428734916 0.0035127642112118859 -0.048550824615217397 0.022180299758911132 -0.029862659030490454 -0.047435876152345111 -0.020476997114461045 0.02729902310882296 -0.013827503408704485 0.024901505197797501 0.050185545148520631
leaf_weight=39 26 31 29 28 39 36 44 48 25 42 35 35 42 42 42 31 45 28 29 35 49 28 29
leaf_count=39 26 31 29 28 39 36 44 48 25 42 35 35 42 42 42 31 45 28 29 35 49 28 29
internal_value=-0.00176888 -0.0120135 0.0275343 0.0323438 0.0377046 0.0279497 -0.00888411 -0.000625806 -0.0131695 -0.00911535 4.48869e-05 0.00676172 -0.0185804 -0.0155026 -0.0361053 -0.0193608 -0.00863461 -0.0255837 -0.03372 0.017625 -0.0193166 0.01595 0.0572143
internal_weight=857 635 222 193 165 110 562 192 370 144 102 79 291 249 73 207 76 131 57 71 74 63 55
internal_count=857 635 222 193 165 110 562 192 370 144 102 79 291 249 73 207 76 131 57 71 74 63 55
is_linear=0
shrinkage=0.04


Tree=13
num_leaves=25
num_cat=0
split_feature=7 4 4 7 7 6 4 6 6 0 0 7 4 6 6 4 0 4 4 0 5 6 8 4
split_gain=148.188 47.946 42.9993 33.7501 30.4968 22.0119 17.9008 16.4107 23.7203 23.063 14.1821 10.0471 9.26503 10.1523 23.4493 12.4849 9.16118 10.4318 7.529 10.8038 13.1883 4.30013 6.98427 3.06743
threshold=0.85159745036652823 1.7281290722129634 -0.82975231678743755 0.55861543405600889 0.26563341774548938 0.52988476228989012 -0.28163487628735168 0.87095276514394182 0.075127425151154323 -1.0000000180025095e-35 1.2485584126215263 -0.61331263118606871 1.0216665933461864 -1.0617659176956848 -0.72069791484163315 -0.25727410115401456 -1.0000000180025095e-35 -0.23291332602067741 -0.56178379032072889 0.74913504757291582 1.0000000180025095e-35 0.52988476228989012 1.0000000180025095e-35 -0.31817603898735741
decision_type=2 2 2 2 2 2 2 2 2 2 2 2 2 2 2 2 2 2 2 2 2 2 2 2
left_child=2 6 11 4 5 10 -2 8 9 -8 12 -1 13 15 -15 -4 17 -16 -7 20 -20 22 -13 -18
right_child=1 -3 3 -5 -6 18 7 -9 -10 -11 -12 21 -14 14 16 -17 23 -19 19 -21 -22 -23 -24 -25
leaf_value=-0.0086556684970855707 -0.011362776005709615 0.071729130372405053 0.0049307162292075877 -0.039293283677913925 0.0294478441047114 0.00091911258697509768 0.057110860780362156 0.046820480731364925 -0.0056440209074223296 0.012664606158152233 -0.02258250892162323 -0.021032814439766262 0.027408227710425854 0.040303271625723155 0.028982463169980936 -0.031043562478032607 -0.020977079016821727 -0.006179393805839397 -0.047122574681189001 -0.0040817267966992924 -0.014630661927736724 -0.046571845328196498 -0.04553897688786189 -0.0028482731431722641
leaf_weight=27 27 32 33 44 43 25 31 38 47 47 36 49 25 28 27 29 28 27 41 33 39 39 30 32
leaf_count=27 27 32 33 44 43 25 31 38 47 47 36 49 25 28 27 29 28 27 41 33 39 39 30 32
internal_value=-0.00169812 0.026433 -0.0115329 -0.00587067 -0.00257338 -0.00599003 0.0188041 0.0238011 0.0168032 0.0303291 0.000756065 -0.0306675 0.00442501 0.00160844 0.00750473 -0.011896 -0.000551053 0.0114015 -0.0189445 -0.0233391 -0.0312828 -0.0357041 -0.030339 -0.0113084
internal_weight=857 222 635 490 446 403 190 163 125 78 265 145 229 204 142 62 114 54 138 113 80 118 79 60
internal_count=857 222 635 490 446 403 190 163 125 78 265 145 229 204 142 62 114 54 138 113 80 118 79 60
is_linear=0
shrinkage=0.04


Tree=14
num_leaves=25
num_cat=0
split_feature=7 4 4 7 9 6 4 0 9 6 6 0 0 4 9 9 6 5 4 4 0 5 9 9
split_gain=136.57 44.187 39.6281 31.1041 29.2807 22.4199 16.4974 15.8842 15.2392 15.1735 18.2259 22.8626 21.2548 7.67291 9.6649 9.31871 17.598 14.7356 8.22136 6.93872 9.95678 12.1543 4.4917 5.57005
threshold=0.85159745036652823 1.7281290722129634 -0.82975231678743755 0.55861543405600889 0.3876233021160812 0.52988476228989012 -0.28163487628735168 1.2485584126215263 -0.48586426077478684 0.98464209942862591 0.075127425151154323 1.0000000180025095e-35 -1.0000000180025095e-35 1.0216665933461864 1.0000000180025095e-35 -0.55305561176639195 -1.0617659176956848 1.0000000180025095e-35 -0.46434068978738036 -0.56178379032072889 0.74913504757291582 1.0000000180025095e-35 0.3876233021160812 0.11885789814966023
decision_type=2 2 2 2 2 2 2 2 2 2 2 2 2 2 2 2 2 2 2 2 2 2 2 2
left_child=2 6 8 4 5 7 -2 13 -1 10 12 -12 -8 14 15 16 -4 -18 -17 -7 21 -21 23 -10
right_child=1 -3 3 -5 -6 19 9 -9 22 -11 11 -13 -14 -15 -16 18 17 -19 -20 20 -22 -23 -24 -25
leaf_value=-0.0040518000125885009 -0.010908264584011503 0.068859965093433853 -0.015986704438231712 -0.037721552176570354 0.039588124752044679 0.00088234815597534183 0.054826426034973508 -0.021879406355321408 -0.033279565669596195 0.047541820853948591 -0.026106988907392537 0.026520414066314699 0.012158021898345743 0.026311899250745775 0.020959372902527834 0.00062626380186814529 -0.00088148804598076405 0.032634876217783951 -0.03118347860299624 -0.045237671965506022 -0.0039184577537305426 -0.01404543583209698 -0.026724263423044854 -0.056792951947147098
leaf_weight=30 27 32 43 44 25 25 31 40 40 32 28 25 47 25 39 26 43 41 26 41 33 39 48 27
leaf_count=30 27 32 43 44 25 25 31 40 40 32 28 25 47 25 39 26 43 41 26 41 33 39 48 27
internal_value=-0.0016302 0.0253757 -0.0110716 -0.00563585 -0.00247044 -0.00496798 0.018052 0.0014779 -0.0294408 0.0228491 0.0168173 -0.00128274 0.029116 0.00532273 0.00291571 -0.00101559 0.00482439 0.0154777 -0.0152786 -0.0181867 -0.0224055 -0.0300315 -0.036064 -0.0427551
internal_weight=857 222 635 490 446 421 190 283 145 163 131 53 78 243 218 179 127 84 52 138 113 80 115 67
internal_count=857 222 635 490 446 421 190 283 145 163 131 53 78 243 218 179 127 84 52 138 113 80 115 67
is_linear=0
shrinkage=0.04


Tree=15
num_leaves=26
num_cat=0
split_feature=7 4 2 5 7 5 5 4 6 8 7 7 8 7 4 7 4 4 4 4 4 4 7 4 4
split_gain=100.648 35.0956 31.9122 23.1282 20.9803 43.0978 26.6215 19.3958 13.7854 21.2905 17.4653 15.8489 13.2313 12.4903 9.53638 9.22183 14.7915 7.36292 9.96195 6.81811 5.02109 4.40045 4.33231 10.0662 0.874238
threshold=0.85159745036652823 1.8012113976129751 1.0000000180025095e-35 1.6006484032589683 1.4375614829875671 -0.71349052288507664 -0.25066273765626779 0.99730581821284892 0.075127425151154323 -0.63134183865453442 1.0000000180025095e-35 -0.61331263118606871 -0.63134183865453442 -0.61331263118606871 -0.46434068978738036 -0.90629464749658817 -0.34253681412069453 -0.43997991465404318 -0.72012882868742045 -0.086748675220654506 0.66843535391279729 -0.91501502975411764 1.0000000180025095e-35 -0.81757192922076893 -0.48870146492071748
decision_type=2 2 2 2 2 2 2 2 2 2 2 2 2 2 2 2 2 2 2 2 2 2 2 2 2
left_child=2 4 -1 7 6 -6 -2 8 9 10 24 14 13 -10 -11 19 22 18 21 -14 -8 -13 -17 -24 -4
right_child=1 -3 3 -5 5 -7 20 -9 12 11 -12 17 15 -15 -16 16 -18 -19 -20 -21 -22 -23 23 -25 -26
leaf_value=0.029813401246709482 0.033383631728151265 0.061175098248890468 -0.015182707359393437 0.013104995920303021 -0.0069210246924696298 0.05647951563376756 0.00055478775020067898 0.010054266587609337 -0.018867081173004643 -0.025409093606472016 0.024588427285890321 -0.020713716435890931 -0.018047653803458581 -0.051440081472198175 0.0051682003508222865 -0.0072512809027518547 0.014950484204292298 -0.044085389730092642 -0.0016238060474395753 -0.047015767418421228 -0.01850603183776867 -0.043985879008586588 -0.042885210699048541 -0.0089456155427076207 -0.005525997797648112
leaf_weight=28 34 28 30 47 29 42 48 42 31 25 37 26 26 48 47 28 25 37 25 26 41 26 29 27 30
leaf_count=28 34 28 30 47 29 42 48 42 31 25 37 26 26 48 47 28 25 37 25 26 41 26 29 27 30
internal_value=-0.00389517 0.019312 -0.0119451 -0.0138557 0.0132699 0.0305835 0.00327582 -0.0160984 -0.0181986 -0.0122182 0.00297434 -0.0201412 -0.0252505 -0.0386583 -0.00544892 -0.0186716 -0.0120594 -0.0294206 -0.0223738 -0.0325317 -0.00822604 -0.0323498 -0.0200981 -0.0265215 -0.0103544
internal_weight=862 222 640 612 194 71 123 565 523 283 97 186 240 79 72 161 109 114 77 52 89 52 84 56 60
internal_count=862 222 640 612 194 71 123 565 523 283 97 186 240 79 72 161 109 114 77 52 89 52 84 56 60
is_linear=0
shrinkage=0.04


Tree=16
num_leaves=25
num_cat=0
split_feature=7 4 3 5 9 6 7 5 5 0 9 4 4 5 4 7 5 6 6 4 4 4 4 6
split_gain=92.7569 32.3441 26.9129 21.296 19.6518 23.3681 19.3355 39.7189 24.5344 18.2744 17.6209 16.7655 32.5822 13.2411 12.714 11.5094 10.3532 7.38639 10.9548 6.02469 4.62744 4.18814 1.70866 1.58386
threshold=0.85159745036652823 1.8012113976129751 1.0000000180025095e-35 1.6006484032589683 -0.55305561176639195 -0.72069791484163315 1.4375614829875671 -0.71349052288507664 -0.25066273765626779 -1.0000000180025095e-35 -0.9562037177160233 -0.42779952708737462 -0.58614456545406601 -0.71349052288507664 -0.24509371358734597 -1.1992766638071075 1.0000000180025095e-35 -0.49331924627226525 0.30250609372052223 -0.78103076652076331 0.66843535391279729 0.27866295177940287 -0.18419177575400311 -0.15225124341821353
decision_type=2 2 2 2 2 2 2 2 2 2 2 2 2 2 2 2 2 2 2 2 2 2 2 2
left_child=2 6 3 4 5 9 8 -8 -2 -1 13 12 16 21 -13 -15 17 -6 -19 -20 -10 -7 -12 -18
right_child=1 -3 -4 -5 11 10 7 -9 20 -11 22 14 -14 15 -16 -17 23 18 19 -21 -22 -23 -24 -25
leaf_value=0.029586022138595579 0.032048287683111777 0.058728094143526893 0.025520130440282326 0.012580796410428717 -0.031421106518669563 -0.023748821947309706 -0.0066441838777270817 0.054220335393079688 0.00053259597082311913 -0.0077703378332609485 0.011720978975296021 -0.060003234839865138 0.018036590549680924 -0.056249763997537755 -0.026087014141182103 -0.020295950647058161 -0.031413087844848635 0.007967831469591586 -0.030341889349425714 -0.0057276740498267689 -0.017765790079152438 -0.0032547483917994375 -0.0030678341388702393 -0.045385398875783994
leaf_weight=40 34 28 30 47 44 27 29 42 48 44 25 28 36 28 48 29 25 31 41 26 41 39 25 27
leaf_count=40 34 28 30 47 44 27 29 42 48 44 25 28 36 28 48 29 25 31 41 26 41 39 25 27
internal_value=-0.00373936 0.0185395 -0.0114673 -0.0132864 -0.0154458 -0.00729126 0.0127391 0.0293602 0.00314479 0.0100184 -0.015696 -0.0222946 -0.0169125 -0.0238352 -0.0385825 -0.0379575 -0.0233979 -0.0178061 -0.0116932 -0.0207901 -0.007897 -0.0116387 0.00432657 -0.0386679
internal_weight=862 222 640 610 563 257 194 71 123 84 173 306 230 123 76 57 194 142 98 67 89 66 50 52
internal_count=862 222 640 610 563 257 194 71 123 84 173 306 230 123 76 57 194 142 98 67 89 66 50 52
is_linear=0
shrinkage=0.04


Tree=17
num_leaves=25
num_cat=0
split_feature=7 4 7 2 5 6 4 6 4 6 8 4 7 6 4 8 6 7 7 7 0 4 6 4
split_gain=85.4848 30.0557 37.6354 27.2795 19.6528 19.1477 17.469 16.9252 12.4908 15.8874 23.1473 23.1606 14.4938 11.6495 10.9224 8.30507 10.0077 15.388 11.9702 9.29176 8.25724 7.76236 6.94926 4.06208
threshold=0.85159745036652823 1.1678312441462091 1.1445794666770477 1.0000000180025095e-35 1.6006484032589683 -0.15225124341821353 0.99730581821284892 0.75726343085925796 -1.2682462691875063 0.075127425151154323 -0.63134183865453442 -0.25727410115401456 -0.61331263118606871 -0.83438724912631701 -0.65922689085407749 -0.63134183865453442 1.2120207679979937 -0.90629464749658817 1.0000000180025095e-35 -0.61331263118606871 -1.0000000180025095e-35 -0.43997991465404318 -0.72069791484163315 0.22994140151272849
decision_type=2 2 2 2 2 2 2 2 2 2 2 2 2 2 2 2 2 2 2 2 2 2 2 2
left_child=3 2 -2 -1 6 -3 8 13 -5 10 11 14 20 -4 -10 19 17 -17 -19 -11 -12 22 -14 -15
right_child=1 5 7 4 -6 -7 -8 -9 9 15 12 -13 21 23 -16 16 -18 18 -20 -21 -22 -23 -24 -25
leaf_value=0.027600059282267466 -0.022757608777946893 0.016058031945178904 0.031443798393011091 -0.043862444155204752 0.012077564708095916 0.058806431575825338 0.0099772432978664123 0.045725670029078763 0.0064920586386793535 -0.017743284933028684 0.011572717897819751 -0.024356185885576101 -0.030536874438586988 -0.012182708448171615 0.039765833638332512 -0.045140555500984191 -0.00046607191746051498 0.0044580424057714873 -0.027411228282461789 -0.046614492173705786 -0.015948568695300334 -0.041182635261400327 -0.0058330105543136605 0.010619610530138015
leaf_weight=28 45 30 28 26 47 38 42 31 38 31 33 26 38 25 27 37 39 33 44 42 37 37 35 25
leaf_count=28 45 30 28 26 47 38 42 31 38 31 33 26 38 25 27 37 39 33 44 42 37 37 35 25
internal_value=-0.00358979 0.0177979 0.00801787 -0.0110086 -0.0127751 0.0399468 -0.0148424 0.0207233 -0.0168356 -0.0154217 -0.00889076 0.00755071 -0.0172028 0.0107865 0.0203135 -0.0232531 -0.0179566 -0.0239402 -0.013753 -0.0343541 -0.00297425 -0.0262574 -0.0186926 -0.000781549
internal_weight=862 222 154 640 612 68 565 109 523 497 271 91 180 78 65 226 153 114 77 73 70 110 73 50
internal_count=862 222 154 640 612 68 565 109 523 497 271 91 180 78 65 226 153 114 77 73 70 110 73 50
is_linear=0
shrinkage=0.04


Tree=18
num_leaves=25
num_cat=0
split_feature=4 9 9 2 6 9 6 4 4 4 9 9 4 0 9 4 0 5 4 0 5 6 0 4
split_gain=69.582 52.9682 26.2009 23.9193 23.1243 19.9953 15.9536 13.319 20.8384 13.2995 12.6209 13.2484 13.2103 12.5046 11.7276 19.5483 12.7573 11.1639 10.4768 17.6654 9.45567 12.2267 6.49821 3.38735
threshold=1.1921920192795461 1.3283022159985547 0.92515411004892301 1.0000000180025095e-35 1.0000000180025095e-35 0.79077140806571256 1.2120207679979937 -0.65922689085407749 -0.43997991465404318 0.30302372691273999 -1.0233950687076285 -0.48586426077478684 -0.40343875195403744 0.74913504757291582 -0.55305561176639195 0.26648256421273425 -0.7491350475729156 1.0000000180025095e-35 -0.78103076652076331 1.0000000180025095e-35 1.0000000180025095e-35 0.52988476228989012 1.0000000180025095e-35 0.26648256421273425
decision_type=2 2 2 2 2 2 2 2 2 2 2 2 2 2 2 2 2 2 2 2 2 2 2 2
left_child=1 3 -2 -1 7 6 9 18 -9 10 -6 -12 20 23 15 -10 -16 -8 19 -5 21 -13 -4 -3
right_child=2 13 22 4 5 -7 17 8 14 -11 11 12 -14 -15 16 -17 -18 -19 -20 -21 -22 -23 -24 -25
leaf_value=0.020706281854460634 0.0031177362353589973 0.021757781659563383 0.058366053681219776 -0.024814812281857366 -0.05155309173795912 -0.047913482726828473 0.014168179279718645 0.024922355483893467 0.023427443121160782 0.00029305842187669543 -0.0013638639057937422 0.0081390513632712633 -0.048755490759180654 0.046814316201210023 0.0039743595806367958 -0.018070876039564612 -0.029762016931112779 -0.017709796614944935 -0.033209331994121141 0.011293748588096807 -0.040044133709027215 -0.028054926740005613 0.031249974278303293 0.0018216487884521486
leaf_weight=36 38 30 31 46 27 37 39 46 42 36 38 28 36 25 29 32 47 32 37 41 26 32 26 25
leaf_count=36 38 30 31 46 27 37 39 46 42 36 38 28 36 25 29 32 47 32 37 41 26 32 26 25
internal_value=-0.0034462 -0.00744582 0.0288455 -0.0110329 -0.012788 -0.0202005 -0.0167128 -0.00512071 0.00137018 -0.0219705 -0.0262565 -0.0219877 -0.0284116 0.0233579 -0.00585249 0.00548222 -0.0168889 -0.000199359 -0.0153805 -0.00779813 -0.0198955 -0.0111644 0.0459973 0.0126959
internal_weight=862 767 95 687 651 331 294 320 196 223 187 160 122 80 150 74 76 71 124 87 86 60 57 55
internal_count=862 767 95 687 651 331 294 320 196 223 187 160 122 80 150 74 76 71 124 87 86 60 57 55
is_linear=0
shrinkage=0.04


Tree=19
num_leaves=25
num_cat=0
split_feature=2 9 4 0 5 6 9 9 9 0 4 4 9 4 4 4 0 9 4 4 9 0 0 4
split_gain=66.5221 56.4032 36.3616 33.536 31.729 22.1094 17.5376 14.2293 26.8398 10.4698 10.4019 19.907 11.0898 18.0157 17.5396 10.6403 14.1243 9.22095 7.07832 11.1082 7.10985 6.62866 3.12539 2.24961
threshold=-1.6916913147484629 1.3283022159985547 1.1921920192795461 1.0000000180025095e-35 -0.71349052288507664 1.0000000180025095e-35 -1.493734525648865 -1.0905864196992339 -0.62024696275799729 -1.0000000180025095e-35 -0.65922689085407749 -0.43997991465404318 -0.55305561176639195 0.26648256421273425 0.083776750712705572 -0.78103076652076331 1.0000000180025095e-35 0.79077140806571256 -0.39125836438736888 -0.75666999138742608 0.25324060013287075 -1.0000000180025095e-35 -1.0000000180025095e-35 -0.63486611572074036
decision_type=2 2 2 2 2 2 2 2 2 2 2 2 2 2 2 2 2 2 2 2 2 2 2 2
left_child=-1 2 5 -4 -3 10 -7 -8 9 -9 15 -12 13 -13 22 16 -2 18 19 20 -10 -6 -14 -21
right_child=1 4 3 -5 21 6 7 8 17 -11 11 12 14 -15 -16 -17 -18 -19 -20 23 -22 -23 -24 -25
leaf_value=0.053283434764016424 -0.021283092963251659 -0.0087092590682646808 0.048329506982117895 -0.0083262400893228394 0.024086859859526157 0.012135923355817795 -0.047774831768005122 0.019256483499080903 -0.039489535552106408 -0.011390273088500614 0.023925460978694586 0.022490346374965848 -0.020971722810715437 -0.017348040975630283 0.0065998606598286916 -0.031880958901869282 0.010841998501521786 -0.043587240313247941 -0.035892263558175833 0.0050905673127621407 -0.012925658123068777 0.049736076562028185 -0.040972984051704409 -0.01141772760361034
leaf_weight=32 47 34 32 35 28 26 31 31 38 42 46 42 25 32 33 37 41 41 45 25 28 38 25 28
leaf_count=32 47 34 32 35 28 26 31 31 38 42 46 42 25 32 33 37 41 41 45 25 28 38 25 28
internal_value=-0.00330835 -0.0054902 -0.00934953 0.0187332 0.0226829 -0.0121875 -0.0194152 -0.02207 -0.0192037 0.0016241 -0.0048054 0.000784267 -0.00599596 0.00526294 -0.016034 -0.013883 -0.00631572 -0.0266204 -0.0223787 -0.0172685 -0.02822 0.0388546 -0.0309724 -0.0036308
internal_weight=862 830 730 67 100 663 335 309 278 73 328 203 157 74 83 125 88 205 164 119 66 66 50 53
internal_count=862 830 730 67 100 663 335 309 278 73 328 203 157 74 83 125 88 205 164 119 66 66 50 53
is_linear=0
shrinkage=0.04


Tree=20
num_leaves=25
num_cat=0
split_feature=2 9 6 9 5 9 9 0 9 6 4 5 4 0 5 4 0 6 9 4 4 4 6 6
split_gain=72.7811 53.5554 31.6964 36.43 32.1265 44.0529 27.7371 25.3964 24.5696 18.9031 17.5849 16.2308 11.0917 10.8598 10.0037 9.28773 7.22459 7.1102 16.7705 6.41078 10.2199 6.54129 3.74557 3.73761
threshold=-1.6916913147484629 1.3283022159985547 0.30250609372052223 -1.493734525648865 -0.25066273765626779 1.0000000180025095e-35 1.5970676199649756 -1.0000000180025095e-35 -0.62024696275799729 1.0983314337133099 0.65625496634612879 0.67499283280135014 0.74151767931280876 -1.0000000180025095e-35 -0.25066273765626779 -0.23291332602067741 1.2485584126215263 0.52988476228989012 0.11885789814966023 -0.82975231678743755 -0.47652107735404886 -0.062387900087317351 -0.83438724912631701 0.75726343085925796
decision_type=2 2 2 2 2 2 2 2 2 2 2 2 2 2 2 2 2 2 2 2 2 2 2 2
left_child=-1 2 4 -4 5 12 14 -7 11 17 16 -6 22 -11 -3 -15 19 -5 23 -10 -21 -22 -2 -19
right_child=1 6 3 9 8 7 -8 -9 10 13 -12 -13 -14 15 -16 -17 -18 18 -20 20 21 -23 -24 -25
leaf_value=0.060741388108581304 -0.022826997615672924 0.057112317052152424 0.0251502338424325 -0.01577559579799815 -0.0035497344167608963 0.069232488529135786 -0.0023689041892066597 0.018738889851990868 -0.027387038339816389 0.0068980895902248139 0.012812476439741314 0.034204488441348081 0.018374595477663239 -0.0052652239098268392 0.024175320649147035 -0.037381949424743655 -0.036546527942021692 -0.034338952505588535 -0.05604162131364529 0.0056366030640072297 -0.030909304146255766 -0.0054554371734460193 -0.0019465702559266771 -0.014206317745976978
leaf_weight=32 27 36 32 41 38 30 32 34 42 47 37 35 29 34 25 25 27 25 39 45 35 30 28 36
leaf_count=32 27 36 32 41 38 30 32 34 42 47 37 35 29 34 25 25 27 25 39 45 35 30 28 36
internal_value=0.0015756 -0.000764708 -0.00447384 -0.0150067 0.00225081 0.0174063 0.0277916 0.0424078 -0.00551047 -0.0202092 -0.0122907 0.0145516 -0.0016425 -0.00744676 0.0436135 -0.018874 -0.0174796 -0.0298037 -0.0355552 -0.0140927 -0.00901674 -0.0191614 -0.012197 -0.0224574
internal_weight=841 809 716 279 437 148 93 64 289 247 216 73 84 106 61 59 179 141 100 152 110 65 55 61
internal_count=841 809 716 279 437 148 93 64 289 247 216 73 84 106 61 59 179 141 100 152 110 65 55 61
is_linear=0
shrinkage=0.04


Tree=21
num_leaves=24
num_cat=0
split_feature=7 4 0 0 5 5 4 4 5 4 4 9 4 0 4 9 0 4 0 7 9 9 4
split_gain=79.714 37.4417 35.392 23.0129 26.3837 16.2688 13.2742 11.0119 10.8986 24.539 29.3067 22.2323 18.2553 37.3031 9.37098 7.41447 11.5318 17.2076 10.9271 7.10698 5.94272 3.55338 1.03317
threshold=1.1445794666770477 0.99730581821284892 -1.0000000180025095e-35 -0.7491350475729156 1.0000000180025095e-35 1.6006484032589683 0.19340023881272278 -1.0489992929874719 -0.25066273765626779 -0.29381526385402029 0.12031791341271131 -0.62024696275799729 -0.73230921625408896 1.0000000180025095e-35 -0.25727410115401456 0.051666547158054986 -0.7491350475729156 -0.40343875195403744 1.0000000180025095e-35 0.26563341774548938 -0.21709885680836591 -0.9562037177160233 -1.2073443313541634
decision_type=2 2 2 2 2 2 2 2 2 2 2 2 2 2 2 2 2 2 2 2 2 2 2
left_child=1 5 -3 -2 6 7 -5 19 9 12 -11 14 -9 -14 -10 18 -17 -18 20 22 -13 -16 -1
right_child=3 2 -4 4 -6 -7 -8 8 11 10 -12 15 13 -15 21 16 17 -19 -20 -21 -22 -23 -24
leaf_value=-0.0088221867799758921 0.054629927754402161 0.058462444181953163 0.00093521323986351496 0.052395123583929878 -0.016863446716964246 0.015232726282750566 0.017739636795595287 -0.0055677859683831536 0.019272205661982299 -0.038149235235019167 0.0072751681887088943 -0.026178354169871354 0.059674763714273771 -0.0034045636641482514 -0.016910528941796378 0.0082179033440170877 -0.0032864999093792659 -0.040867959405694688 -0.0092830829523705156 -0.040663000309467318 -0.050859197535448611 0.003454090212953502 -0.020210895572717373
leaf_weight=25 40 28 44 28 25 48 48 45 40 44 47 37 30 30 26 33 44 35 37 25 27 29 26
leaf_count=25 40 28 44 28 25 48 48 45 40 44 47 37 30 30 26 33 44 35 37 25 27 29 26
internal_value=0.00151257 -0.00401443 0.0233069 0.0289516 0.018782 -0.00714682 0.0305074 -0.00899892 -0.00685865 0.000514909 -0.0146883 -0.0115509 0.013691 0.0281351 0.00454087 -0.018728 -0.011641 -0.0199365 -0.0265868 -0.0231923 -0.0365906 -0.00617282 -0.0146282
internal_weight=841 700 72 141 101 628 76 580 504 196 91 308 105 60 95 213 112 79 101 76 64 55 51
internal_count=841 700 72 141 101 628 76 580 504 196 91 308 105 60 95 213 112 79 101 76 64 55 51
is_linear=0
shrinkage=0.04


Tree=22
num_leaves=26
num_cat=0
split_feature=7 4 0 6 0 6 6 4 4 6 4 6 7 4 4 6 7 4 4 0 6 6 7 0 6
split_gain=73.4645 34.5062 32.6173 22.3565 21.2087 19.6379 15.8852 25.4072 29.1348 11.3503 15.8915 10.6853 13.543 9.89221 10.1723 7.75568 7.29516 7.25778 6.9016 8.16059 7.0269 6.21416 4.56664 3.5174 4.66806
threshold=1.1445794666770477 0.99730581821284892 -1.0000000180025095e-35 0.075127425151154323 -0.7491350475729156 -0.94807658341100087 -0.72069791484163315 -0.25727410115401456 -0.80539154165410043 1.0983314337133099 0.1324983009793799 0.52988476228989012 1.0000000180025095e-35 0.15685907611271704 0.82678039227948885 1.5530887708520456 1.0000000180025095e-35 -0.34253681412069453 -0.43997991465404318 1.0000000180025095e-35 -1.2891445862650526 -0.37962991198758139 1.0000000180025095e-35 0.74913504757291582 1.3257101022826776
decision_type=2 2 2 2 2 2 2 2 2 2 2 2 2 2 2 2 2 2 2 2 2 2 2 2 2
left_child=1 3 -3 5 -2 18 -7 8 -8 10 11 12 -5 -6 -15 23 17 -13 20 -20 -1 -9 -10 24 -11
right_child=4 2 -4 9 13 6 7 21 22 15 -12 16 -14 14 -16 -17 -18 -19 19 -21 -22 -23 -24 -25 -26
leaf_value=-0.014307411511739095 0.05244473122805357 0.05612394652196339 0.00089780578389763832 -0.029919486890236536 0.035603614990763803 0.030529086504663742 -0.012484300699498919 -0.032712314040572552 0.022888632516922622 0.0087456483909716977 0.0028679525207828834 -0.011435043937884843 0.0061749452236911353 -0.0087281433775507171 0.022728787347625352 -0.02161672984400103 -0.050151649555739239 -0.041619977891445163 -0.034450812791333052 -0.0061013131774961954 0.010380897036620549 -0.0055739192692218003 0.045974929745380699 0.014385010766983033 -0.014410961916049321
leaf_weight=39 40 28 44 39 34 42 36 27 29 26 37 26 29 29 38 31 34 25 33 32 35 27 26 25 30
leaf_count=39 40 28 44 39 34 42 36 27 29 26 37 26 29 29 38 31 34 25 33 32 35 27 26 25 30
internal_value=0.00145207 -0.00385386 0.0223746 -0.00686095 0.0277935 0.000403069 0.00886726 0.0025928 0.015491 -0.0147022 -0.020656 -0.0263448 -0.0145263 0.0180307 0.0091131 -0.0046021 -0.0357996 -0.0262316 -0.010984 -0.0204941 -0.00263051 -0.0191431 0.0338022 0.00190967 -0.00365968
internal_weight=841 700 72 628 141 326 187 145 91 302 190 153 68 101 67 112 85 51 139 65 74 54 55 81 56
internal_count=841 700 72 628 141 326 187 145 91 302 190 153 68 101 67 112 85 51 139 65 74 54 55 81 56
is_linear=0
shrinkage=0.04


Tree=23
num_leaves=24
num_cat=0
split_feature=2 9 6 9 5 9 9 9 0 6 4 5 9 0 5 6 9 0 4 4 4 4 4
split_gain=66.5901 40.9597 27.1815 32.5581 27.8358 39.3571 25.6448 22.0906 22.0155 16.0531 15.3426 14.4855 10.3392 10.2877 9.06031 7.96148 16.4142 6.51478 5.92534 8.80052 6.27145 5.09767 4.71342
threshold=-1.6916913147484629 1.3283022159985547 0.30250609372052223 -1.493734525648865 -0.25066273765626779 1.0000000180025095e-35 1.5970676199649756 -0.62024696275799729 -1.0000000180025095e-35 0.98464209942862591 0.65625496634612879 0.67499283280135014 -1.4265431746572599 -1.0000000180025095e-35 -0.25066273765626779 0.52988476228989012 0.11885789814966023 1.2485584126215263 -0.82975231678743755 -0.47652107735404886 -0.062387900087317351 -0.34253681412069453 -0.51306224005405465
decision_type=2 2 2 2 2 2 2 2 2 2 2 2 2 2 2 2 2 2 2 2 2 2 2
left_child=-1 2 4 -4 5 12 14 11 -7 15 17 -6 -2 22 -3 -5 -17 18 -9 -20 -21 -15 -11
right_child=1 6 3 9 7 8 -8 10 -10 13 -12 -13 -14 21 -16 16 -18 -19 19 20 -22 -23 -24
leaf_value=0.057987435590475797 0.013315548025644743 0.052188905179500582 0.024120815554633739 -0.01483417619156038 -0.0031628335149664626 0.064853016217549644 -0.0048717841040343051 -0.025926177732291677 0.017840431893573087 -0.0065420638076190297 0.011933600336715982 0.032503812309886727 -0.014823165343867408 -0.0080224764124593815 0.020843404906243083 -0.021718073271525404 -0.058702499717473988 -0.03446735913554827 0.005332705034150018 -0.029182008070605142 -0.0042586900591850283 -0.029309231042861938 0.017158360528945923
leaf_weight=32 39 36 32 41 38 30 32 42 34 29 37 35 45 36 25 48 32 27 45 35 30 36 25
leaf_count=32 39 36 32 41 38 30 32 42 34 29 37 35 45 36 25 48 32 27 45 35 30 36 25
internal_value=0.00139399 -0.000844568 -0.00408833 -0.0138422 0.00213899 0.0162461 0.0241289 -0.00508543 0.0398776 -0.0187605 -0.0115145 0.0139376 -0.00175876 -0.00876748 0.0393424 -0.0291665 -0.0365118 -0.0163613 -0.0131451 -0.00826508 -0.0176789 -0.0186659 0.00443035
internal_weight=841 809 716 279 437 148 93 289 64 247 216 73 84 126 61 121 80 179 152 110 65 72 54
internal_count=841 809 716 279 437 148 93 289 64 247 216 73 84 126 61 121 80 179 152 110 65 72 54
is_linear=0
shrinkage=0.04


Tree=24
num_leaves=24
num_cat=0
split_feature=7 0 5 6 0 6 6 6 6 0 0 6 8 5 7 8 7 0 5 7 0 9 6
split_gain=63.7527 19.3621 23.3034 17.1769 18.9196 21.5391 26.4358 13.4989 12.5002 16.3849 27.0041 12.4756 11.8839 11.1907 11.0147 8.7539 7.18004 6.11529 7.12773 6.02394 3.87842 5.92999 3.64893
threshold=1.1445794666770477 -0.7491350475729156 1.0000000180025095e-35 1.0000000180025095e-35 1.2485584126215263 -0.94807658341100087 -0.72069791484163315 1.0983314337133099 0.52988476228989012 -1.0000000180025095e-35 0.74913504757291582 -0.26594057770289742 1.0000000180025095e-35 -0.71349052288507664 -0.61331263118606871 1.0000000180025095e-35 -0.32033061487554942 1.0000000180025095e-35 1.0000000180025095e-35 -0.32033061487554942 -1.0000000180025095e-35 -0.082716154825155472 0.87095276514394182
decision_type=2 2 2 2 2 2 2 2 2 2 2 2 2 2 2 2 2 2 2 2 2 2 2
left_child=3 -2 13 4 5 17 -7 8 9 -5 -11 15 20 -3 -10 16 -8 18 -1 -6 -9 -22 -16
right_child=1 2 -4 7 19 6 11 12 14 10 -12 -13 -14 -15 22 -17 -18 -19 -20 -21 21 -23 -24
leaf_value=-0.0007666999814303025 0.049430492505431176 0.0080281638045763149 -0.016951329201459885 0.011338081946786569 -0.0056715136051177983 0.044319840364339877 -0.0055392777174711229 0.0023937869838305879 -0.010247107208991538 -0.04368853050585398 0.0088534991956990342 0.027909763572794018 0.018097817784263975 0.039625262034700272 -0.042188608243541668 -0.01938316750739302 0.022893443402868731 0.0064380051037098499 -0.023854142628610134 -0.033171266520825714 -0.0015223832543079668 -0.028806838688300921 -0.022971284830570222
leaf_weight=46 40 29 25 49 25 41 30 35 49 34 29 33 42 47 43 28 27 47 40 26 26 25 25
leaf_count=46 40 29 25 49 25 41 30 35 49 34 29 33 42 47 43 28 27 47 40 26 26 25 25
internal_value=0.00133823 0.0258769 0.0165487 -0.00360456 0.00278794 0.00671405 0.01665 -0.00974637 -0.0155615 -0.00600975 -0.0195025 0.00703592 0.000657328 0.0275685 -0.0247051 -0.00106805 0.00792885 -0.00516427 -0.011505 -0.019691 -0.00786012 -0.0148971 -0.0351234
internal_weight=841 141 101 700 343 292 159 357 229 112 63 118 128 76 117 85 57 133 86 51 86 51 68
internal_count=841 141 101 700 343 292 159 357 229 112 63 118 128 76 117 85 57 133 86 51 86 51 68
is_linear=0
shrinkage=0.04


Tree=25
num_leaves=27
num_cat=0
split_feature=2 9 9 6 9 7 9 6 7 0 0 9 0 6 6 6 9 6 8 6 0 8 7 9 0 9
split_gain=73.4584 53.4201 22.0581 21.7554 17.4334 20.8269 14.7263 12.5791 15.572 11.8111 15.4063 19.7704 12.1168 11.3087 10.4499 10.22 8.10236 6.16548 6.30759 5.1178 4.62722 4.23826 5.50562 3.57927 2.99507 2.01998
threshold=-2.9592882694284057 1.3954935669901598 -1.5609258766404703 0.075127425151154323 -1.0233950687076285 -0.61331263118606871 1.5970676199649756 0.52988476228989012 0.26563341774548938 -1.0000000180025095e-35 -0.7491350475729156 0.051666547158054986 1.0000000180025095e-35 -0.49331924627226525 1.0983314337133099 1.3257101022826776 -1.2921604726740494 -0.83438724912631701 1.0000000180025095e-35 -0.94807658341100087 -1.0000000180025095e-35 1.0000000180025095e-35 1.0000000180025095e-35 -0.28429020779997111 -1.0000000180025095e-35 -0.28429020779997111
decision_type=2 2 2 2 2 2 2 2 2 2 2 2 2 2 2 2 2 2 2 2 2 2 2 2 2 2
left_child=-1 2 -2 9 16 24 13 8 -7 10 11 19 25 -3 20 -16 -5 21 -19 -4 -9 22 -14 -12 -6 -11
right_child=1 6 3 4 5 7 -8 14 -10 12 23 -13 17 -15 15 -17 -18 18 -20 -21 -22 -23 -24 -25 -26 -27
leaf_value=0.058153650516437158 0.023055585277207354 0.024504909334438191 -0.026400619586308797 -0.016253727312598908 0.020943247487147647 -0.022205895702044169 0.0066801996369447031 -0.042045060938054865 0.015526454408841563 -0.01354994969367981 0.038062544822692876 0.019782915557734669 0.027666875742099903 0.060786524988986831 0.0083238690098126726 -0.021685215437217902 -0.045717429472133517 -0.01687874599918723 0.0073019040269511086 -0.0026225895823777786 -0.02241608747645565 -0.004514971825259703 0.0021224526688456537 0.017569435218969979 0.0037195712157658167 -0.029474311558386455
leaf_weight=36 47 28 30 28 30 30 28 33 42 25 25 48 27 27 30 46 32 45 28 28 46 27 27 30 35 26
leaf_count=36 47 28 30 28 30 30 28 33 42 25 25 48 27 27 30 46 32 45 28 28 46 27 27 30 35 26
internal_value=0.00219061 -0.00018518 -0.00349209 -0.00522989 -0.0123298 -0.00829457 0.0302942 -0.014011 -0.000195358 0.00159839 0.00970668 0.000793668 -0.00476958 0.0423159 -0.0204286 -0.00983952 -0.0319677 0.000826736 -0.00760398 -0.0149216 -0.0306155 0.00842479 0.0148947 0.0268845 0.011669 -0.0216683
internal_weight=884 848 765 718 352 292 83 227 72 366 161 106 205 55 155 76 60 154 73 58 79 81 54 55 65 51
internal_count=884 848 765 718 352 292 83 227 72 366 161 106 205 55 155 76 60 154 73 58 79 81 54 55 65 51
is_linear=0
shrinkage=0.04


Tree=26
num_leaves=26
num_cat=0
split_feature=4 5 7 4 9 4 9 5 5 9 7 9 5 9 6 6 6 4 4 9 4 5 6 9 4
split_gain=78.3835 26.7108 30.8218 24.1131 18.8292 17.3276 14.2845 15.7566 14.4841 19.9447 11.7941 11.687 11.4585 23.8406 10.1934 9.78477 21.7947 9.30192 10.6106 7.17194 12.1202 7.54504 12.5651 9.86548 12.7668
threshold=0.42482760257942576 0.67499283280135014 -0.90629464749658817 2.117901474346358 -1.4265431746572599 -1.0489992929874719 0.25324060013287075 1.6006484032589683 -0.25066273765626779 0.72358005707410744 1.4375614829875671 1.2611108650069494 -0.25066273765626779 1.0595368120321338 0.18881675943583826 -1.2891445862650526 -0.83438724912631701 -0.062387900087317351 -0.48870146492071748 -1.0233950687076285 -0.14765061305399738 1.0000000180025095e-35 0.52988476228989012 -0.35148155879157633 -0.14765061305399738
decision_type=2 2 2 2 2 2 2 2 2 2 2 2 2 2 2 2 2 2 2 2 2 2 2 2 2
left_child=5 2 4 10 -2 14 7 15 9 -8 12 -11 -4 -14 -1 -7 -17 18 -10 20 -18 22 -21 24 -23
right_child=1 -3 3 -5 -6 6 8 -9 17 11 -12 -13 13 -15 -16 16 19 -19 -20 21 -22 23 -24 -25 -26
leaf_value=-0.0085153223993256685 0.024465887881815435 -0.011039820265125583 0.041143778408727336 0.072206709149479867 -0.014853049908813679 -0.02769024691683181 0.046391477717293635 0.016097175608842801 0.00074082795368588493 -0.015876308643817904 0.049509497551303926 0.020150754727861462 0.034135194551199677 -0.01743165958672762 -0.036897096786557178 0.01931269834563136 -0.045800342208147049 0.015131281948295133 -0.029536424509940613 0.023141302786491538 -0.010122118542591731 0.0093337273680501511 -0.012547032213524769 -0.033065195879546191 -0.027874977755546572
leaf_weight=40 40 37 31 25 38 47 27 39 46 25 33 34 32 26 41 40 25 29 31 27 39 36 38 33 25
leaf_count=40 40 37 31 25 38 47 27 39 46 25 33 34 32 26 41 40 25 29 31 27 39 36 38 33 25
internal_value=0.00210299 0.0204553 0.0256345 0.0364186 0.00531051 -0.00562741 -0.00304409 -0.00786504 0.00571898 0.0179161 0.029085 0.00488505 0.0215119 0.011019 -0.0228814 -0.0108796 -0.00787546 -0.00417683 -0.0114487 -0.0127523 -0.0240589 -0.00820116 0.00227735 -0.0154469 -0.00591574
internal_weight=884 262 225 147 78 622 541 349 192 86 122 59 89 58 81 310 263 106 77 223 64 159 65 94 61
internal_count=884 262 225 147 78 622 541 349 192 86 122 59 89 58 81 310 263 106 77 223 64 159 65 94 61
is_linear=0
shrinkage=0.04


Tree=27
num_leaves=26
num_cat=0
split_feature=4 5 7 4 9 4 9 5 9 4 9 7 4 6 6 6 6 4 9 4 5 6 9 4 4
split_gain=72.2382 24.6167 28.4053 22.2227 17.353 15.9691 13.1646 14.5213 14.3109 30.4179 14.7745 10.8695 10.9775 10.5622 9.39421 9.01764 20.086 6.79946 6.60966 11.17 6.95351 11.58 9.09202 11.7659 4.09038
threshold=0.42482760257942576 0.67499283280135014 -0.90629464749658817 2.117901474346358 -1.4265431746572599 -1.0489992929874719 0.25324060013287075 1.6006484032589683 0.58919735509089699 -0.75666999138742608 1.3283022159985547 1.4375614829875671 0.79023922957948312 -0.60700858055694906 0.18881675943583826 -1.2891445862650526 -0.83438724912631701 -0.51306224005405465 -1.0233950687076285 -0.14765061305399738 1.0000000180025095e-35 0.52988476228989012 -0.35148155879157633 -0.14765061305399738 -0.12328983792066023
decision_type=2 2 2 2 2 2 2 2 2 2 2 2 2 2 2 2 2 2 2 2 2 2 2 2 2
left_child=5 2 4 11 -2 14 7 15 9 -8 17 12 -4 -14 -1 -7 -17 -10 19 -18 21 -20 23 -22 -19
right_child=1 -3 3 -5 -6 6 8 -9 10 -11 -12 -13 13 -15 -16 16 18 24 20 -21 22 -23 -24 -25 -26
leaf_value=-0.0081747095426544548 0.02348725206498057 -0.010598227369624217 0.0019023915682919324 0.069318439683318134 -0.014258927898971659 -0.026582636858554599 -0.012781332135200501 0.015453289334590619 0.0017461132812194337 0.044333584721426712 0.018546922741792142 0.047529116798982474 0.011696545514836907 0.04639648776501417 -0.035421213231435641 0.018540190506493671 -0.043968329626321793 -0.031567015155003618 0.022215650269278773 -0.0097172341438440182 0.0089603782114055421 -0.012045150532534249 -0.031742588478055868 -0.026759979033470157 -0.0091297346926652468
leaf_weight=40 40 37 32 25 38 47 25 39 39 37 39 33 25 32 41 40 25 26 27 39 36 38 33 25 26
leaf_count=40 40 37 32 25 38 47 25 39 39 37 39 33 25 32 41 40 25 26 27 39 36 38 33 25 26
internal_value=0.00201887 0.0196371 0.0246091 0.0349619 0.00509809 -0.00540231 -0.00292233 -0.00755044 0.00549022 0.0213034 -0.00205144 0.0279216 0.0206514 0.0311772 -0.0219661 -0.0104445 -0.00756045 -0.0108793 -0.0122422 -0.0230966 -0.00787311 0.00218626 -0.0148291 -0.00567911 -0.0203484
internal_weight=884 262 225 147 78 622 541 349 192 62 130 122 89 57 81 310 263 91 223 64 159 65 94 61 52
internal_count=884 262 225 147 78 622 541 349 192 62 130 122 89 57 81 310 263 91 223 64 159 65 94 61 52
is_linear=0
shrinkage=0.04


Tree=28
num_leaves=27
num_cat=0
split_feature=2 9 9 6 9 7 5 9 0 6 0 9 6 0 9 0 6 5 5 6 5 9 7 6 0 9
split_gain=63.3587 40.9904 19.1247 19.2333 14.9174 19.1747 18.5516 13.3198 11.0854 14.0415 14.2723 11.9063 11.0477 10.8784 10.5078 9.98121 9.87162 9.81262 9.14491 8.92013 7.71951 4.18899 7.97308 5.27548 2.73683 2.0997
threshold=-2.9592882694284057 1.3954935669901598 -1.5609258766404703 0.075127425151154323 -1.0233950687076285 -0.61331263118606871 -0.25066273765626779 1.5970676199649756 -1.0000000180025095e-35 -0.26594057770289742 -0.7491350475729156 0.051666547158054986 0.52988476228989012 1.0000000180025095e-35 0.52200600409929165 -0.7491350475729156 -0.49331924627226525 0.67499283280135014 1.0000000180025095e-35 0.87095276514394182 -1.1763183081138855 -1.0905864196992339 0.26563341774548938 -0.94807658341100087 -1.0000000180025095e-35 -0.28429020779997111
decision_type=2 2 2 2 2 2 2 2 2 2 2 2 2 2 2 2 2 2 2 2 2 2 2 2 2 2
left_child=-1 2 -2 8 20 24 12 16 9 10 11 -4 -7 25 -14 -8 -3 21 -17 -20 -5 -15 -23 -24 -6 -10
right_child=1 7 3 4 5 6 15 -9 13 -11 -12 -13 14 17 -16 18 -18 -19 19 -21 -22 22 23 -25 -26 -27
leaf_value=0.053911835412598315 0.021554432977387249 0.021222996839455197 -0.01873222248286617 -0.012648193216323853 0.020294577712814014 0.022303781264262006 -0.041206809264240842 0.0039725991232054574 -0.012267043161392212 0.033210088694468141 0.022424825048723888 0.011328423180290171 -0.027026660032570364 -0.0065295738644070098 0.0079929433300577352 -0.0029972593144824105 0.055121049660223499 -0.015194250111552803 -0.039207142475578521 -0.0087924910033190702 -0.04175044483372143 0.028086719430983065 0.015636704292893412 -0.0096434548603636892 0.0038301895516259332 -0.028502590249005994
leaf_weight=36 47 28 49 25 30 28 33 28 25 32 43 37 26 27 29 48 27 44 36 27 35 30 25 28 35 26
leaf_count=36 47 28 49 25 30 28 33 28 25 32 43 37 26 27 29 48 27 44 36 27 35 30 25 28 35 26
internal_value=0.00193811 -0.000268321 -0.00316507 -0.0047832 -0.0114589 -0.00772618 -0.0132112 0.0264307 0.00163709 0.00949232 0.00360884 -0.00579915 0.0018507 -0.00453213 -0.00856178 -0.0218927 0.0378639 0.0007705 -0.0161507 -0.0261723 -0.0296245 0.0071564 0.0116085 0.00228115 0.0114291 -0.020544
internal_weight=884 848 765 718 352 292 227 83 366 161 129 86 83 205 55 144 55 154 111 63 60 110 83 53 65 51
internal_count=884 848 765 718 352 292 227 83 366 161 129 86 83 205 55 144 55 154 111 63 60 110 83 53 65 51
is_linear=0
shrinkage=0.04


Tree=29
num_leaves=27
num_cat=0
split_feature=4 7 4 7 4 4 4 9 0 9 4 7 0 4 4 9 9 4 4 0 4 4 4 9 4 9
split_gain=65.2417 15.6986 27.7456 15.9342 15.0009 14.552 12.1809 12.0148 11.4996 10.5037 27.5948 14.0107 10.267 9.37774 12.8892 11.0927 16.9728 8.98899 21.6801 9.59545 6.97946 6.26575 5.12592 4.77184 3.28118 1.28996
threshold=0.42482760257942576 0.85159745036652823 2.117901474346358 1.4375614829875671 0.82678039227948885 -1.0489992929874719 0.30302372691273999 0.25324060013287075 1.2485584126215263 0.58919735509089699 -0.75666999138742608 1.1445794666770477 0.74913504757291582 -0.31817603898735741 -0.62268572815407175 -0.55305561176639195 -0.9562037177160233 0.66843535391279729 0.99730581821284892 -1.0000000180025095e-35 -0.51306224005405465 -1.2317051064875006 1.3931684141295777 -0.21709885680836591 -0.51306224005405465 1.4626849179817649
decision_type=2 2 2 2 2 2 2 2 2 2 2 2 2 2 2 2 2 2 2 2 2 2 2 2 2 2
left_child=5 17 3 4 -3 21 7 8 12 10 -9 24 13 14 23 16 -15 -2 -19 -20 -16 -1 -6 -7 -11 -13
right_child=1 2 -4 -5 22 6 -8 9 -10 11 -12 25 -14 15 20 -17 -18 18 19 -21 -22 -23 -24 -25 -26 -27
leaf_value=-0.0082498096951416564 0.025309756714850664 -0.013232733632983834 0.065572594749927521 0.042245524534157343 0.031686311230063435 0.0086282391405027165 -0.029537339393909158 -0.01235602457523346 -0.024603976016363088 -0.0031400373658618413 0.042043960648211275 0.0094699079662561424 0.013818457006321599 -0.0052442425478136899 -0.042113294124603275 -0.016773674630426935 0.037969162211968353 -0.028201717119663954 0.032655052978258867 -0.0013906232377997152 -0.015646637190471997 -0.030708067616366824 0.0079716189697384837 -0.010934573000385648 -0.020224695784705028 0.022195462882518769
leaf_weight=35 32 29 25 35 35 38 26 25 46 37 37 25 48 33 25 28 26 28 26 27 44 46 25 42 35 26
leaf_count=35 32 29 25 35 35 38 26 25 46 37 37 25 48 33 25 28 26 28 26 27 44 46 25 42 35 26
internal_value=0.00186059 0.0186039 0.0271307 0.0193803 0.0103883 -0.00519206 -0.00282467 -0.00147607 -0.00605056 0.00668384 0.0201085 -8.30569e-05 -0.00304543 -0.00647537 -0.0125682 0.00395949 0.013799 0.00736061 0.000269586 0.015311 -0.025236 -0.0210039 0.0218052 -0.00164224 -0.0114451 0.0159574
internal_weight=884 262 149 124 89 622 541 515 330 185 62 123 284 236 149 87 59 113 81 53 69 81 60 80 72 51
internal_count=884 262 149 124 89 622 541 515 330 185 62 123 284 236 149 87 59 113 81 53 69 81 60 80 72 51
is_linear=0
shrinkage=0.04


Tree=30
num_leaves=26
num_cat=0
split_feature=2 4 4 6 8 9 6 6 6 6 1 9 9 6 9 4 1 6 4 8 9 8 4 4 6
split_gain=52.508 27.8905 15.445 16.1497 30.2983 25.2031 15.2062 34.6485 27.4366 16.5615 13.1331 12.8017 32.9343 10.1587 9.18875 7.92053 7.71652 7.31798 6.65074 12.2343 6.1905 5.66371 3.14071 2.89776 2.83269
threshold=-2.9592882694284057 0.42482760257942576 -1.2682462691875063 1.0000000180025095e-35 -0.63134183865453442 1.0000000180025095e-35 0.41619542800520609 1.0983314337133099 1.0000000180025095e-35 -0.72069791484163315 1.0000000180025095e-35 -0.9562037177160233 -0.62024696275799729 -1.1754552519803687 -0.14990750581676068 1.2652743446795578 1.0000000180025095e-35 0.52988476228989012 -0.37907797682070027 1.0000000180025095e-35 0.79077140806571256 -0.63134183865453442 -0.35471720168736315 1.0703881436128604 -1.5165232548344203
decision_type=2 2 2 2 2 2 2 2 2 2 2 2 2 2 2 2 2 2 2 2 2 2 2 2 2
left_child=-1 2 -2 4 5 -4 8 23 9 15 11 -5 -13 24 -14 -3 18 -16 19 -15 -19 -12 -23 -8 -6
right_child=1 6 3 10 13 -7 7 -9 -10 -11 21 12 14 16 17 -17 -18 20 -20 -21 -22 22 -24 -25 -26
leaf_value=0.054273531017825005 -0.030441413894295694 0.036571433529967355 0.0035363377085546165 -0.036723738189245902 -9.5531105995178228e-05 0.047369239704553472 -0.031146649572253229 0.027152134789661928 0.057482320091554094 -0.0052458434584348101 -0.007366587860400186 0.027184269739822908 -0.037240025954770634 0.0056413249364670581 0.0017721856255084275 0.0084795820920799802 -0.02541840811205261 -0.010543586421520153 0.010698285511561803 -0.029103144181351508 -0.034302443324455194 0.0034634498678720914 0.022770007710371697 -0.011887545084953308 0.017152795050388726
leaf_weight=32 30 42 41 31 25 43 25 44 28 46 34 33 29 34 40 26 34 47 35 31 28 26 28 25 39
leaf_count=32 30 42 41 31 25 43 25 44 28 46 34 33 29 34 40 26 34 47 35 31 28 26 28 25 39
internal_value=0.00397942 0.00207254 -0.0024577 -0.00100526 0.00584489 0.0259746 0.0137437 0.00126425 0.0220047 0.0132909 -0.00753142 -0.0130118 -0.00885881 -0.00269499 -0.0171187 0.0258304 -0.00895655 -0.0120446 -0.00335952 -0.0109291 -0.0194136 0.00542211 0.0134743 -0.0215171 0.0104152
internal_weight=876 844 608 578 282 84 236 94 142 114 296 208 177 198 144 68 134 115 100 65 75 88 54 50 64
internal_count=876 844 608 578 282 84 236 94 142 114 296 208 177 198 144 68 134 115 100 65 75 88 54 50 64
is_linear=0
shrinkage=0.04


Tree=31
num_leaves=27
num_cat=0
split_feature=2 4 0 5 8 5 4 9 0 5 9 9 8 5 4 9 8 9 5 8 4 0 8 4 9 8
split_gain=48.3914 25.7039 31.1761 20.9052 17.1421 15.7716 20.8189 22.818 32.2204 35.4794 21.7972 21.5032 18.4833 14.9642 12.1325 9.54186 8.4605 8.28957 7.86064 7.6875 5.35156 9.76328 5.20241 6.98656 2.93615 2.03274
threshold=-2.9592882694284057 0.42482760257942576 -0.7491350475729156 0.67499283280135014 -0.63134183865453442 -1.1763183081138855 -0.73230921625408896 1.3283022159985547 -1.0000000180025095e-35 -0.25066273765626779 -0.62024696275799729 0.3876233021160812 -0.63134183865453442 1.1378206180301593 -0.28163487628735168 0.051666547158054986 1.0000000180025095e-35 1.0000000180025095e-35 -0.25066273765626779 -0.63134183865453442 1.4784311270962578 1.0000000180025095e-35 1.0000000180025095e-35 -0.29381526385402029 -0.48586426077478684 -0.63134183865453442
decision_type=2 2 2 2 2 2 2 2 2 2 2 2 2 2 2 2 2 2 2 2 2 2 2 2 2 2
left_child=-1 5 19 4 -4 -2 13 8 9 -8 -11 12 14 16 -10 -12 17 -7 -18 -3 21 -6 23 -14 -24 -19
right_child=1 2 3 -5 20 6 7 -9 11 10 15 -13 22 -15 -16 -17 18 25 -20 -21 -22 -23 24 -25 -26 -27
leaf_value=0.05210258862935007 -0.026009342755590165 0.021152617704868315 0.031256145954375036 -0.025109608193198518 -0.023897122290845098 -0.024981240964297095 0.049038179669624718 0.039077273504487399 0.038203518295288091 0.034581878984879175 -0.017575593353249132 -0.033461333067957746 0.012943084937334062 0.01548296260936507 -0.0012040715217590332 0.011484848795265987 -0.043920972186785479 0.0059616609269546143 -0.015669295189902187 0.05019445587481771 0.015161526236915961 0.0074369394293100364 -0.029633559171970074 -0.016672494961665226 -0.010434604867547751 -0.0076766014077207624
leaf_weight=32 42 25 46 31 26 33 39 29 25 28 48 43 25 29 25 29 26 36 40 35 32 41 26 26 25 34
leaf_count=32 42 25 46 31 26 33 39 29 25 28 48 43 25 29 25 29 26 36 40 35 32 41 26 26 25 34
internal_value=0.00382025 0.00198964 0.0131939 0.00470536 0.0110796 -0.00235939 -0.00060445 0.00502271 0.00210949 0.0164598 0.00435928 -0.00848767 -0.00142276 -0.011063 0.0184997 -0.00663075 -0.0156182 -0.00845404 -0.0267987 0.0380937 0.00170463 -0.00472255 -0.0111887 -0.00215505 -0.0202223 -0.000662638
internal_weight=876 844 236 176 145 608 566 368 339 144 105 195 152 198 50 77 169 103 66 60 99 67 102 51 51 70
internal_count=876 844 236 176 145 608 566 368 339 144 105 195 152 198 50 77 169 103 66 60 99 67 102 51 51 70
is_linear=0
shrinkage=0.04


Tree=32
num_leaves=25
num_cat=0
split_feature=2 4 5 5 4 5 6 6 6 5 1 6 5 6 6 6 7 7 8 6 6 6 5 4
split_gain=44.5975 23.6887 18.7729 14.5351 19.1867 16.1742 23.1755 19.9611 15.4958 13.791 13.0619 15.893 11.0186 11.9748 22.2875 19.1132 10.6979 10.5455 7.7972 11.6596 9.88225 6.16809 1.73753 0.208576
threshold=-2.9592882694284057 0.42482760257942576 0.67499283280135014 -1.1763183081138855 -0.73230921625408896 -0.25066273765626779 0.41619542800520609 -1.1754552519803687 -0.49331924627226525 1.1378206180301593 1.0000000180025095e-35 0.075127425151154323 -1.1763183081138855 1.0983314337133099 0.41619542800520609 -0.26594057770289742 0.55861543405600889 -0.61331263118606871 1.0000000180025095e-35 -0.26594057770289742 -0.26594057770289742 -0.83438724912631701 -0.25066273765626779 -0.26945448872068306
decision_type=2 2 2 2 2 2 2 2 2 2 2 2 2 2 2 2 2 2 2 2 2 2 2 2
left_child=-1 3 12 -2 9 6 16 -7 -9 18 11 -10 -3 14 15 21 -6 -13 20 -20 -5 -14 -22 -8
right_child=1 2 -4 4 5 7 23 8 10 -11 -12 17 13 -15 -16 -17 -18 -19 19 -21 22 -23 -24 -25
leaf_value=0.050018484871834516 -0.024968969481331961 0.00027384973090627919 -0.013924793133305177 0.0074333828706294302 0.047000817141017392 0.022643771336433735 -0.0059431735634803773 -0.026995039683249261 0.016373302573338151 0.014863643957109287 0.017844417575332856 0.00074189685059316223 0.023510109988662101 0.045260703911383947 -0.0158260462160867 0.053763114146755213 0.01455326097150301 -0.028391486928611993 -0.045312629517699987 -0.011295125374668522 -0.011450167894363403 -0.0012702684998512268 -0.02473757826753201 -0.000776193631067872
leaf_weight=32 42 46 36 40 37 47 25 45 32 29 45 33 45 30 26 28 29 50 28 38 32 25 31 25
leaf_count=32 42 46 36 40 37 47 25 45 32 29 45 33 45 30 26 28 29 50 28 38 32 25 31 25
internal_value=0.00366744 0.00191005 0.0126662 -0.00226502 -0.000580272 0.0048218 0.0171818 -0.000867725 -0.00625817 -0.0106205 -0.00042592 -0.00757518 0.0174525 0.0225838 0.0170975 0.0258323 0.0327436 -0.0168083 -0.0149935 -0.0257268 -0.00811587 0.01466 -0.0179884 -0.00335968
internal_weight=876 844 236 608 566 368 116 252 205 198 160 115 200 154 124 98 66 83 169 66 103 70 63 50
internal_count=876 844 236 608 566 368 116 252 205 198 160 115 200 154 124 98 66 83 169 66 103 70 63 50
is_linear=0
shrinkage=0.04


Tree=33
num_leaves=25
num_cat=0
split_feature=2 7 6 8 9 9 5 9 9 7 5 9 8 6 6 9 9 9 6 5 1 9 8 6
split_gain=41.1011 18.3575 16.6395 28.883 37.3125 17.1136 13.8615 31.2653 9.36386 15.2178 19.5451 8.44219 9.0335 7.15458 12.456 6.52572 6.15389 16.281 8.06339 4.53679 4.27006 13.1982 3.61657 1.30287
threshold=-2.9592882694284057 0.85159745036652823 1.0000000180025095e-35 -0.63134183865453442 1.0000000180025095e-35 0.32043195112447598 -0.71349052288507664 -1.0905864196992339 1.5970676199649756 1.4375614829875671 -0.25066273765626779 1.0595368120321338 1.0000000180025095e-35 -1.1754552519803687 -0.72069791484163315 -0.62024696275799729 -0.62024696275799729 -0.9562037177160233 0.41619542800520609 -0.71349052288507664 1.0000000180025095e-35 -0.14990750581676068 -0.63134183865453442 0.98464209942862591
decision_type=2 2 2 2 2 2 2 2 2 2 2 2 2 2 2 2 2 2 2 2 2 2 2 2
left_child=-1 2 3 4 15 6 -5 -8 9 10 -3 -12 -13 -9 -15 -2 17 18 -4 -20 21 -18 -23 -24
right_child=1 8 16 5 -6 -7 7 13 -10 -11 11 12 -14 14 -16 -17 20 -19 19 -21 -22 22 23 -25
leaf_value=0.048017745912075041 0.016641076031056318 0.032739440824836492 0.0075667679768342232 -0.022328195224205653 0.058767587635666134 -0.02728408094691603 0.043861820658047994 0.011713769634564717 -0.0078370618729880354 0.036148160914349005 0.013054550720209427 -0.025484254702925684 0.0058236860933488814 -0.030453963638283312 0.003526181144432889 -0.010452173674106597 -0.037614172075475967 0.016969593048703914 -0.01009494476247488 -0.030982505849429538 -0.0026115754378649098 -0.020567884196837746 -0.0083882732489487018 0.0029276849605419019
leaf_weight=32 33 40 26 30 32 38 30 39 33 43 44 30 29 28 45 25 35 49 41 28 48 30 41 27
leaf_count=32 33 40 26 30 32 38 30 39 33 43 44 30 29 28 45 25 35 49 41 28 48 30 41 27
internal_value=0.00352074 0.00183365 -0.00165838 0.00513477 0.0240935 -0.00299039 0.00237682 0.00759619 0.0117995 0.0152834 0.00900935 -0.000206219 -0.0100956 -0.00211782 -0.0095073 0.00496295 -0.00792897 -0.00175803 -0.0114175 -0.0185711 -0.0128385 -0.0165294 -0.00899906 -0.00389517
internal_weight=876 844 625 300 90 210 172 142 219 186 143 103 59 112 73 58 325 144 95 69 181 133 98 68
internal_count=876 844 625 300 90 210 172 142 219 186 143 103 59 112 73 58 325 144 95 69 181 133 98 68
is_linear=0
shrinkage=0.04


Tree=34
num_leaves=26
num_cat=0
split_feature=2 4 4 1 6 6 8 9 1 9 9 6 6 4 6 9 1 6 4 9 4 8 8 6 4
split_gain=37.8788 21.0305 13.7273 12.9932 28.6604 12.7895 23.8931 20.367 11.6728 11.6907 27.0643 11.3841 16.3229 12.6449 8.69195 7.34489 6.81941 6.53463 5.88865 5.75788 5.52391 10.5618 5.26676 2.8868 2.67334
threshold=-2.9592882694284057 0.42482760257942576 -1.2682462691875063 1.0000000180025095e-35 0.41619542800520609 1.0000000180025095e-35 -0.63134183865453442 1.0000000180025095e-35 1.0000000180025095e-35 -0.9562037177160233 -0.62024696275799729 0.98464209942862591 0.30250609372052223 0.94858426794617456 -1.1754552519803687 -0.14990750581676068 1.0000000180025095e-35 0.52988476228989012 1.4784311270962578 0.79077140806571256 -0.37907797682070027 1.0000000180025095e-35 -0.63134183865453442 -1.5165232548344203 -0.35471720168736315
decision_type=2 2 2 2 2 2 2 2 2 2 2 2 2 2 2 2 2 2 2 2 2 2 2 2 2
left_child=-1 2 -2 11 -5 6 7 -4 9 -7 -11 12 13 -3 23 -12 20 -17 -15 -19 21 -16 -10 -8 -24
right_child=1 3 5 4 -6 8 14 -9 22 10 15 -13 -14 18 16 17 -18 19 -20 -21 -22 -23 24 -25 -26
leaf_value=0.046097036171704533 -0.028555347323417662 0.041016405585824568 0.0029965550797741588 0.01670322127316309 -0.035838206318708571 -0.034438272212301529 -0.00077569401264190679 0.042400260096372558 -0.0067321617594536609 0.024863606750062019 -0.033287227996464434 0.03834617854441915 -0.0098122003432866683 -0.0011948163312627002 0.0056753471003407061 0.0022952287215739489 -0.02355925755465732 -0.0091700968970643715 0.024433512469896904 -0.032083731080804555 0.009989440177168166 -0.026606960061096373 0.0041291182201642256 0.016636612071440772 0.021941354391830311
leaf_weight=32 30 34 41 46 26 31 25 43 34 33 29 35 37 32 34 40 34 47 26 28 35 31 26 39 28
leaf_count=32 30 34 41 46 26 31 25 43 34 33 29 35 37 32 34 40 34 47 26 28 35 31 26 39 28
internal_value=0.00337991 0.0017603 -0.00217355 0.011895 -0.00227007 -0.000804253 0.00529173 0.0231675 -0.00661191 -0.0117786 -0.00780995 0.0181138 0.0126244 0.0216478 -0.00229193 -0.0152976 -0.00808387 -0.0107611 0.0102937 -0.0177245 -0.00282224 -0.00972083 0.00560024 0.00983493 0.0133651
internal_weight=876 844 608 236 72 578 282 84 296 208 177 164 129 92 198 144 134 115 58 75 100 65 88 64 54
internal_count=876 844 608 236 72 578 282 84 296 208 177 164 129 92 198 144 134 115 58 75 100 65 88 64 54
is_linear=0
shrinkage=0.04


Tree=35
num_leaves=26
num_cat=0
split_feature=4 2 4 0 7 7 9 6 9 4 4 7 9 9 4 9 4 9 4 4 4 6 6 0 7
split_gain=62.9385 23.5099 17.4599 30.9553 18.7876 24.7931 17.2819 15.9252 22.0953 16.1414 24.3916 15.8605 10.1118 10.3242 9.7119 9.38756 8.40912 4.95815 8.72787 5.99826 6.45007 4.56905 3.63683 3.27329 1.67878
threshold=0.1324983009793799 1.0000000180025095e-35 -0.82975231678743755 1.2485584126215263 1.1445794666770477 0.55861543405600889 -1.5609258766404703 -0.72069791484163315 -0.75462966474120774 1.2165527944128833 0.61971380364612305 -1.1992766638071075 -0.75462966474120774 0.25324060013287075 -0.34253681412069453 -1.2921604726740494 -0.54960340275406028 -0.41867290978318161 -0.95155619245412326 -1.0489992929874719 -1.158622781087489 -1.0617659176956848 1.0000000180025095e-35 -1.0000000180025095e-35 1.0000000180025095e-35
decision_type=2 2 2 2 2 2 2 2 2 2 2 2 2 2 2 2 2 2 2 2 2 2 2 2 2
left_child=2 -2 17 4 5 11 -3 21 15 10 -10 -4 -13 14 16 -9 24 -1 19 20 -19 -8 -5 -7 -14
right_child=1 6 3 22 -6 23 7 8 9 -11 -12 12 13 -15 -16 -17 -18 18 -20 -21 -22 -23 -24 -25 -26
leaf_value=-0.006055424954210009 0.048109066633818046 0.040638083757034371 -0.020624270141124727 -0.043116859579086307 0.033514513453611963 -0.016310954644129828 0.014982018419674465 0.0013855163810344842 0.023351468672586039 0.034131334912445813 -0.019506411786590305 0.023382872537690766 0.0047950540924746841 0.022556398545994477 0.013764203336349755 -0.029643928672258672 -0.025852467976510526 -0.012556280631285449 -0.042302103741415617 -0.0004137587666511536 -0.037226542249321939 0.036451906289519935 -0.022126963319522991 -0.036020822503737046 -0.0083228211215248815
leaf_weight=35 30 28 38 25 26 26 35 26 43 36 42 49 37 34 43 39 32 39 29 25 30 29 28 28 27
leaf_count=35 30 28 38 25 26 26 35 26 43 36 42 49 37 34 43 39 32 39 29 25 30 29 28 28 27
internal_value=-1.39325e-05 0.0144678 -0.00810901 -0.00359422 0.000838083 -0.00186761 0.0108375 0.00749983 0.00157786 0.0116824 0.00217463 0.00325476 0.00734217 0.00279884 -0.00203394 -0.0172322 -0.00911019 -0.0193388 -0.0231187 -0.0172004 -0.0232825 0.0247106 -0.0320279 -0.0265309 -0.00073905
internal_weight=859 308 551 393 340 314 278 250 186 121 85 260 222 173 139 65 96 158 123 94 69 64 53 54 64
internal_count=859 308 551 393 340 314 278 250 186 121 85 260 222 173 139 65 96 158 123 94 69 64 53 54 64
is_linear=0
shrinkage=0.04


Tree=36
num_leaves=25
num_cat=0
split_feature=4 3 5 6 7 6 4 0 7 4 6 7 7 7 7 5 7 0 4 4 0 6 4 6
split_gain=58.0041 21.8424 16.8092 15.9927 18.2988 17.7329 15.3583 27.1056 18.0017 17.4934 13.9892 11.52 10.8248 11.6093 10.0542 11.978 8.61468 8.43464 13.5848 3.52867 7.60078 3.43748 9.00891 2.68752
threshold=0.1324983009793799 1.0000000180025095e-35 1.6006484032589683 -0.72069791484163315 -0.90629464749658817 1.0983314337133099 -0.73230921625408896 1.2485584126215263 1.1445794666770477 -0.6714072784207461 -1.0617659176956848 -1.4922586801176267 0.55861543405600889 -1.1992766638071075 -0.61331263118606871 1.1378206180301593 -0.61331263118606871 -0.7491350475729156 0.96076465551284318 -1.158622781087489 0.74913504757291582 0.41619542800520609 -0.95155619245412326 -0.26594057770289742
decision_type=2 2 2 2 2 2 2 2 2 2 2 2 2 2 2 2 2 2 2 2 2 2 2 2
left_child=2 3 6 10 11 17 16 8 9 -8 -2 -5 13 -11 -15 23 -1 -6 -19 -18 21 22 -21 -16
right_child=1 -3 -4 4 5 -7 7 -9 -10 12 -12 -13 -14 14 15 -17 19 18 -20 20 -22 -23 -24 -25
leaf_value=-0.0021084219891400564 0.011138238910494782 0.045172538356855516 0.019458930790424347 0.0080031385969731115 -0.014748741745948793 0.039623409896466913 0.028917881613969802 -0.034000245715890609 0.03217393330656565 -0.023720059885698207 0.046746476840588358 -0.023544907798261745 -0.026792986699513025 0.017293232707306743 -0.0049749230427874455 -0.0277727264172777 -0.011843404236592745 -0.0020696943714505153 0.033899564998490471 -0.010672853728135428 -0.0087341621229725507 -0.041732463665744839 -0.042842241365175983 0.0098387807884881672
leaf_weight=42 41 32 34 31 25 32 25 42 26 34 31 46 35 48 36 27 38 42 28 30 31 34 26 43
leaf_count=42 41 32 34 31 25 32 25 42 26 34 31 46 35 48 36 27 38 42 28 30 31 34 26 43
internal_value=-1.33751e-05 0.0138891 -0.00778465 0.0102621 0.00454178 0.01387 -0.0095763 -0.00407783 0.000508813 -0.00281092 0.0264696 -0.0108437 -0.00636796 -0.00256543 0.00210508 -0.00477258 -0.0182206 0.00519518 0.012318 -0.0224767 -0.0258161 -0.0316999 -0.0256086 0.00308823
internal_weight=859 308 551 276 204 127 517 316 274 248 72 77 223 188 154 106 201 95 70 159 121 90 56 79
internal_count=859 308 551 276 204 127 517 316 274 248 72 77 223 188 154 106 201 95 70 159 121 90 56 79
is_linear=0
shrinkage=0.04


Tree=37
num_leaves=25
num_cat=0
split_feature=2 4 4 0 9 6 6 8 4 9 9 4 4 9 6 9 9 8 4 8 9 4 9 6
split_gain=55.0498 38.241 14.4842 24.6231 12.4211 16.3373 21.8938 13.4879 13.276 10.2781 9.31205 13.0649 26.8049 17.543 11.6777 8.79091 7.42799 4.82588 8.48207 5.87406 4.45306 3.04244 2.51447 0.789207
threshold=-2.9592882694284057 0.42482760257942576 -0.82975231678743755 1.2485584126215263 -1.4265431746572599 0.41619542800520609 0.98464209942862591 1.0000000180025095e-35 1.0460273684795232 -0.55305561176639195 -0.9562037177160233 -0.12328983792066023 0.047235588012699836 0.45481465310768643 1.0000000180025095e-35 0.18604924914126547 -0.6874383137496024 -0.63134183865453442 -0.95155619245412326 1.0000000180025095e-35 0.72358005707410744 -0.54960340275406028 -0.082716154825155472 -0.15225124341821353
decision_type=2 2 2 2 2 2 2 2 2 2 2 2 2 2 2 2 2 2 2 2 2 2 2 2
left_child=-1 2 17 10 -3 7 -7 8 -6 -5 14 13 -13 15 -4 16 -12 -2 19 -19 -15 22 -18 -23
right_child=1 4 3 9 5 6 -8 -9 -10 -11 11 12 -14 20 -16 -17 21 18 -20 -21 -22 23 -24 -25
leaf_value=0.053217325652639071 -0.028528289940694104 0.032985338423597181 0.0043185621318784922 -0.0077658031761646271 0.023228281864219089 -0.029042134367757374 0.014215968893124507 0.039052377898584713 -0.0097818158268928521 -0.041346303428922378 0.020477503681182865 0.047954293119496311 -0.00056534185701487012 -0.031893698160464945 -0.026501076874278842 0.023929117918014525 0.01117324763576367 0.0043179734853597794 -0.033628132009506227 -0.01668095739280924 -0.010522602735421596 -0.015881801605224611 -0.0057786864281765054 -0.0059281173119178189
leaf_weight=30 46 38 37 25 44 36 39 33 35 35 25 29 49 26 42 33 28 39 25 47 39 25 28 26
leaf_count=30 46 38 37 25 44 36 39 33 35 35 25 29 49 26 42 33 28 39 25 47 39 25 28 26
internal_value=-1.28402e-05 -0.00193914 -0.00718263 -0.00351163 0.0121367 0.00790008 -0.00654792 0.0175751 0.00860356 -0.0273544 0.000184927 0.00332735 0.017474 -0.00147021 -0.0120666 0.00546346 0.00084704 -0.0176345 -0.0131199 -0.00715819 -0.019071 -0.00373952 0.00269728 -0.0108074
internal_weight=859 829 604 447 225 187 75 112 79 60 387 308 78 230 79 165 132 157 111 86 65 107 56 51
internal_count=859 829 604 447 225 187 75 112 79 60 387 308 78 230 79 165 132 157 111 86 65 107 56 51
is_linear=0
shrinkage=0.04


Tree=38
num_leaves=24
num_cat=0
split_feature=2 7 5 5 0 0 8 9 8 9 7 9 9 9 9 9 9 8 9 0 8 5 5
split_gain=50.7339 23.4621 23.4491 16.8549 14.3908 11.1057 42.1036 22.0821 16.669 15.6321 10.8981 10.7689 8.74191 7.66506 6.23985 5.65388 9.48769 6.94053 5.27237 5.97548 4.62118 3.43445 3.13775
threshold=-2.9592882694284057 1.1445794666770477 -0.71349052288507664 1.0000000180025095e-35 -1.0000000180025095e-35 -0.7491350475729156 1.0000000180025095e-35 -0.41867290978318161 1.0000000180025095e-35 0.051666547158054986 -0.61331263118606871 0.051666547158054986 1.4626849179817649 0.92515411004892301 -0.14990750581676068 -0.14990750581676068 -0.35148155879157633 1.0000000180025095e-35 -0.82182101573281285 0.74913504757291582 -0.63134183865453442 1.0000000180025095e-35 -0.25066273765626779
decision_type=2 2 2 2 2 2 2 2 2 2 2 2 2 2 2 2 2 2 2 2 2 2 2
left_child=-1 4 -3 12 5 8 7 -7 9 10 -2 15 -4 20 -10 16 17 18 19 -6 -13 -19 -22
right_child=1 2 3 -5 11 6 -8 -9 14 -11 -12 13 -14 -15 -16 -17 -18 21 -20 -21 22 -23 -24
leaf_value=0.051088630994160972 -0.010159194920869434 -0.014144192760189373 0.049010308156203893 0.0018354566209018231 -0.014749801272437687 0.060561524077698041 -0.020076188152950061 0.011784359036069928 0.023740469542228512 0.0075827187646267027 -0.039143654997859684 -0.011777269353992061 0.018571958513214037 -0.0007801930894774775 -0.00015443281215779921 0.011834110647825332 -0.029170696395966741 -0.0062636490586476445 0.013473168204470379 0.0063434985280036923 -0.018988212010552806 -0.024265630642573036 -0.035452945380593126
leaf_weight=30 51 36 36 36 42 27 38 33 36 43 35 38 26 31 34 29 27 39 41 44 31 30 46
leaf_count=30 51 36 36 36 42 27 38 33 36 43 35 38 26 31 34 29 27 39 41 44 31 30 46
internal_value=-1.23264e-05 -0.00186158 0.0134636 0.0236053 -0.00481637 0.00184669 0.0128689 0.0337341 -0.00358133 -0.0121092 -0.0219552 -0.00978855 0.0362458 -0.0184328 0.0121344 -0.00478035 -0.00694098 -0.00387872 0.00166947 -0.00395788 -0.0231914 -0.0140906 -0.0288243
internal_weight=859 829 134 98 695 297 98 60 199 129 86 398 62 146 70 252 223 196 127 86 115 69 77
internal_count=859 829 134 98 695 297 98 60 199 129 86 398 62 146 70 252 223 196 127 86 115 69 77
is_linear=0
shrinkage=0.04


Tree=39
num_leaves=25
num_cat=0
split_feature=4 6 5 9 5 9 4 4 6 9 4 7 7 9 9 7 5 4 6 4 6 4 6 5
split_gain=47.8573 20.5604 15.1077 13.2972 17.3042 15.9694 16.0416 22.0305 23.0697 15.6077 13.1936 13.8413 9.08105 10.5935 7.90196 14.0252 10.2429 8.80312 7.31823 7.22667 6.62947 5.75056 4.72364 0.925746
threshold=0.1324983009793799 -1.1754552519803687 1.6006484032589683 -1.493734525648865 -1.1763183081138855 1.3954935669901598 1.1678312441462091 0.61971380364612305 0.30250609372052223 -0.75462966474120774 -1.012458130287466 1.1445794666770477 0.55861543405600889 0.3876233021160812 -0.48586426077478684 -1.1992766638071075 0.67499283280135014 -0.61050534058740313 -0.15225124341821353 -1.158622781087489 -0.37962991198758139 -0.26945448872068306 -0.26594057770289742 0.67499283280135014
decision_type=2 2 2 2 2 2 2 2 2 2 2 2 2 2 2 2 2 2 2 2 2 2 2 2
left_child=2 -2 10 -3 -5 6 7 9 -9 -6 19 12 13 14 15 21 17 22 23 -1 -14 -12 -16 -17
right_child=1 3 -4 4 5 -7 -8 8 -10 -11 11 -13 20 -15 16 18 -18 -19 -20 -21 -22 -23 -24 -25
leaf_value=-0.011198032697041829 0.039758446915791584 0.031676370705877033 0.018757159666103477 -0.02552441623921578 -0.01204182004822152 0.033728617702211652 0.023758254920442902 0.003443845863695498 -0.048845639206745013 0.026332864206890731 -0.0043242883223753711 0.019921283914196876 -0.035938841551542283 0.018071836582545579 -0.030779213574197561 0.024134323692321775 -0.034180443113850011 0.0041963982348348578 -0.0038613327379737584 -0.0337437800269412 -0.010928745605917865 -0.031192793035507205 -0.0092326103977677307 0.013452247712347242
leaf_weight=45 39 35 34 26 28 35 48 27 27 43 26 31 28 29 27 25 31 51 42 46 43 25 41 27
leaf_count=45 39 35 34 26 28 35 48 27 27 43 26 31 28 29 27 25 31 51 42 46 43 25 41 27
internal_value=-1.18335e-05 0.0126163 -0.00707073 0.00868115 0.0052417 0.00908746 0.00410225 -0.00344565 -0.0227009 0.0111992 -0.00876928 -0.00581594 -0.00783583 -0.00499669 -0.00726445 -0.000605921 -0.013701 -0.00836605 0.00855737 -0.0225948 -0.0207919 -0.0174951 -0.0177879 0.0185879
internal_weight=859 308 551 269 234 208 173 125 54 71 517 426 395 324 295 145 150 119 94 91 71 51 68 52
internal_count=859 308 551 269 234 208 173 125 54 71 517 426 395 324 295 145 150 119 94 91 71 51 68 52
is_linear=0
shrinkage=0.04


Tree=40
num_leaves=28
num_cat=0
split_feature=4 5 5 4 5 5 5 0 4 4 8 0 9 0 4 4 9 0 9 9 9 4 4 5 9 4 4
split_gain=31.1428 25.3529 21.9891 15.9256 14.9154 21.3755 12.2306 10.9649 10.5608 10.9513 8.38662 18.1937 8.85118 8.37107 7.39305 7.25097 5.6818 9.7108 9.38501 16.4739 11.1096 5.52586 3.12143 3.74727 3.37654 1.49252 1.27262
threshold=0.083776750712705572 -1.1763183081138855 -0.25066273765626779 0.24212178907939708 1.0000000180025095e-35 0.67499283280135014 -1.6391460933426945 -1.0000000180025095e-35 -0.038027124953980203 -0.12328983792066023 -0.63134183865453442 -0.7491350475729156 0.051666547158054986 -1.0000000180025095e-35 -0.64704650328740898 0.82678039227948885 1.0000000180025095e-35 -0.7491350475729156 0.72358005707410744 0.45481465310768643 0.25324060013287075 -0.76885037895409469 -0.56178379032072889 1.0000000180025095e-35 -0.48586426077478684 0.64407457877946017 -0.26945448872068306
decision_type=2 2 2 2 2 2 2 2 2 2 2 2 2 2 2 2 2 2 2 2 2 2 2 2 2 2 2
left_child=8 6 13 -4 -5 7 -2 -6 9 10 11 -1 14 -3 -13 -15 22 -18 19 20 -19 -14 23 -12 26 -7 -24
right_child=1 2 3 4 5 25 -8 -9 -10 -11 16 12 21 15 -16 -17 17 18 -20 -21 -22 -23 24 -25 -26 -27 -28
leaf_value=-0.021702415392149326 0.0041483726329875712 0.043230816604835652 0.03466691231498352 -0.018453992949591741 0.0090380831241607656 -0.0023062238216400147 -0.030035763260196236 0.046501534408330915 -0.027086461366791475 0.016365843968732016 0.0095057487588476493 0.0064657195950999407 0.011652897214889527 0.003734922122955322 0.034410495885780878 0.033905689120292667 -0.00030428426795535619 -0.035175425088447003 -0.0039963662624359127 -0.055786568751701945 0.0011109028922186958 -0.013278510416999009 -0.0116484121799469 -0.0073585349465815388 -0.023270995593070984 -0.016128024265170099 0.0011146254062652588
leaf_weight=43 33 42 26 45 25 25 34 25 38 35 37 33 25 25 28 26 45 27 32 26 27 33 25 49 25 25 25
leaf_count=43 33 42 26 45 25 25 34 25 38 35 37 33 25 25 28 26 45 27 32 26 27 33 25 49 25 25 25
internal_value=-0.000928275 0.00877595 0.0143529 0.00583944 0.000670376 0.00927634 -0.0131988 0.0277698 -0.00673677 -0.00523524 -0.00681032 0.000597471 0.00865541 0.0300066 0.0192928 0.0191161 -0.0105841 -0.0159985 -0.0223043 -0.0296274 -0.0170323 -0.00253221 -0.00530419 -0.000102971 -0.0112683 -0.00921712 -0.00526689
internal_weight=884 331 264 171 145 100 67 50 553 515 480 162 119 93 61 51 318 157 112 80 54 58 161 86 75 50 50
internal_count=884 331 264 171 145 100 67 50 553 515 480 162 119 93 61 51 318 157 112 80 54 58 161 86 75 50 50
is_linear=0
shrinkage=0.04


Tree=41
num_leaves=28
num_cat=0
split_feature=7 8 6 7 5 6 7 6 8 6 6 6 0 0 6 7 0 6 7 7 6 8 5 5 0 6 6
split_gain=23.0783 9.23452 14.2199 34.0557 12.4274 8.01479 8.97102 23.9982 10.9125 7.50269 9.59848 5.78871 6.86076 6.53515 7.53042 9.97195 5.66562 5.39975 5.20635 5.10899 4.85412 4.66673 4.23384 2.99756 2.84246 0.79903 0.00685719
threshold=0.85159745036652823 -0.63134183865453442 0.18881675943583826 1.0000000180025095e-35 1.0000000180025095e-35 -1.1754552519803687 -0.32033061487554942 -0.26594057770289742 1.0000000180025095e-35 -0.15225124341821353 1.3257101022826776 -1.1754552519803687 1.2485584126215263 0.74913504757291582 0.075127425151154323 1.4375614829875671 -0.7491350475729156 0.30250609372052223 1.1445794666770477 -0.90629464749658817 0.87095276514394182 1.0000000180025095e-35 1.0000000180025095e-35 0.67499283280135014 1.0000000180025095e-35 0.87095276514394182 0.75726343085925796
decision_type=2 2 2 2 2 2 2 2 2 2 2 2 2 2 2 2 2 2 2 2 2 2 2 2 2 2 2
left_child=1 2 3 19 25 21 9 -8 26 23 16 -2 13 14 22 18 -11 -18 -16 -1 -19 -3 -13 -7 -10 -4 -9
right_child=11 5 4 -5 -6 6 7 8 24 10 -12 12 -14 -15 15 -17 17 20 -20 -21 -22 -23 -24 -25 -26 -27 -28
leaf_value=0.0067296336488477113 0.025845436652889475 0.014077921364758467 -0.015419720430527964 0.039380926977504387 0.0097127199338542091 -0.0012986567442087418 -0.042268204371134439 -0.021359907350054493 0.011474741193301536 -0.030411930718729573 0.01069158873486298 0.008575004781995502 -0.011639883999641125 0.028471881738967367 -0.0036610574633986863 -0.02081045322948032 -0.025436688959598542 0.0094059433558812515 0.02095663180840867 -0.015563663989305497 -0.015036427917388769 -0.0057528738410044947 0.029884423659398009 0.01488510325551033 -0.0059092854901596353 -0.024576967179775241 -0.020458406171313039
leaf_weight=29 32 37 31 44 36 47 45 27 34 31 27 35 26 27 27 27 25 26 28 38 26 39 26 30 27 30 27
leaf_count=29 32 37 31 44 36 47 45 27 34 31 27 35 26 27 27 27 25 26 28 38 26 39 26 30 27 30 27
internal_value=-0.000891144 -0.00470138 0.00226365 0.0120405 -0.00892435 -0.00793514 -0.0103534 -0.0175036 -0.00781308 -0.00495703 -0.0106401 0.0100716 0.00749632 0.010423 0.00701521 -0.000901769 -0.015973 -0.0101599 0.00887158 -0.00591433 -0.00281524 0.00390159 0.0176577 0.0050067 0.00378017 -0.0199233 -0.0209092
internal_weight=884 656 208 111 97 448 372 160 115 212 135 228 196 170 143 82 108 77 55 67 52 76 61 77 61 61 54
internal_count=884 656 208 111 97 448 372 160 115 212 135 228 196 170 143 82 108 77 55 67 52 76 61 77 61 61 54
is_linear=0
shrinkage=0.04


Tree=42
num_leaves=28
num_cat=0
split_feature=9 6 0 8 8 9 6 6 9 6 9 6 8 0 8 9 8 6 0 6 9 9 6 9 8 0 6
split_gain=22.4424 8.38695 7.55283 7.71073 7.44881 15.1702 39.4587 14.186 13.3232 12.2099 11.5984 23.2536 10.5498 10.53 12.8962 6.85908 7.36219 6.75691 9.18017 5.94534 6.47701 8.61113 5.06418 4.02151 2.74161 2.68643 0.0487213
threshold=0.92515411004892301 -0.72069791484163315 -0.7491350475729156 1.0000000180025095e-35 -0.63134183865453442 1.0000000180025095e-35 0.30250609372052223 -0.83438724912631701 -0.35148155879157633 -1.1754552519803687 -0.35148155879157633 -0.26594057770289742 1.0000000180025095e-35 -0.7491350475729156 1.0000000180025095e-35 1.5298762689733703 -0.63134183865453442 -0.72069791484163315 -1.0000000180025095e-35 -0.15225124341821353 -1.3593518236656548 -1.0233950687076285 0.64357409657457409 -1.3593518236656548 1.0000000180025095e-35 1.0000000180025095e-35 0.75726343085925796
decision_type=2 2 2 2 2 2 2 2 2 2 2 2 2 2 2 2 2 2 2 2 2 2 2 2 2 2 2
left_child=4 -2 -3 15 5 8 7 -7 17 13 19 -12 26 -6 -15 16 -4 -1 -19 23 -21 -22 -23 -11 -25 -14 -13
right_child=1 2 3 -5 9 6 -8 -9 -10 10 11 12 25 14 -16 -17 -18 18 -20 20 21 22 -24 24 -26 -27 -28
leaf_value=0.01575227459271749 0.025474626725499935 -0.0076443138917287193 0.01064679542492176 0.027041648683241673 0.028302106618881228 0.016221142525856311 -0.020315549546672453 0.058421737074851994 -0.032275212361262393 -0.0079964423466187262 -0.041682450827211143 -0.020505510814211987 0.0089298002777229019 0.01677086864198957 -0.020974698464075722 0.021722368322885953 -0.018666132235756288 0.010311459894141844 -0.017730150089619007 0.0070820183418691162 -0.032039239337046943 -0.019217651609716745 0.002623356776993449 0.0207912850856781 0.0022392675911004729 -0.007398805330906596 -0.022886952641752681
leaf_weight=30 47 45 29 36 25 26 31 25 26 26 48 27 38 28 30 26 26 31 47 30 30 29 41 25 26 28 28
leaf_count=30 47 45 29 36 25 26 31 25 26 26 48 27 38 28 30 26 26 31 47 30 30 29 41 25 26 28 28
internal_value=-0.000855498 0.0105982 0.00628225 0.0116386 -0.00440191 0.00172344 0.0152745 0.0369077 -0.00656902 -0.00728443 -0.0103496 -0.0181247 -0.00877948 0.00660116 -0.0027527 0.00479283 -0.00321022 -0.000380496 -0.00658541 -0.00400181 -0.00921901 -0.0141093 -0.00642506 0.00480644 0.0113334 0.00200251 -0.0217179
internal_weight=884 209 162 117 675 216 82 51 134 459 376 169 121 83 58 81 55 108 78 207 130 100 70 77 51 66 55
internal_count=884 209 162 117 675 216 82 51 134 459 376 169 121 83 58 81 55 108 78 207 130 100 70 77 51 66 55
is_linear=0
shrinkage=0.04


Tree=43
num_leaves=26
num_cat=0
split_feature=4 5 5 4 4 5 5 5 4 4 0 4 8 0 4 7 4 5 8 8 5 5 7 4 7
split_gain=26.7922 22.3531 20.5684 14.9401 14.225 23.1054 11.2504 10.6461 9.90796 9.83997 7.77939 6.98743 7.62968 18.6029 8.84913 8.61979 6.24754 4.15333 12.0174 9.37753 14.8032 12.38 5.40384 3.70399 3.44355
threshold=0.083776750712705572 -1.1763183081138855 -0.25066273765626779 0.24212178907939708 1.4784311270962578 1.0000000180025095e-35 -1.6391460933426945 0.67499283280135014 -0.038027124953980203 -0.12328983792066023 -1.0000000180025095e-35 -1.012458130287466 -0.63134183865453442 -0.7491350475729156 -0.76885037895409469 -0.32033061487554942 0.82678039227948885 -0.25066273765626779 1.0000000180025095e-35 1.0000000180025095e-35 1.0000000180025095e-35 1.0000000180025095e-35 -0.32033061487554942 -0.47652107735404886 1.0000000180025095e-35
decision_type=2 2 2 2 2 2 2 2 2 2 2 2 2 2 2 2 2 2 2 2 2 2 2 2 2
left_child=8 6 10 -4 5 -5 -2 -7 9 11 -3 24 13 -13 -15 -16 -12 18 -14 20 -19 -21 -23 -22 -1
right_child=1 2 3 4 -6 7 -8 -9 -10 -11 16 12 17 14 15 -17 -18 19 -20 21 23 22 -24 -25 -26
leaf_value=-0.0075815037285026756 0.0041833406686782836 0.041304144818513161 0.03310377323283599 -0.037445738701599431 0.022813097089529038 0.020796632104686328 -0.028602360486984252 -0.0083426611696151981 -0.025919473375144757 0.015721327453851699 0.0037799831151962282 -0.020829260767334039 0.014548819185722442 0.032796078759890337 0.022423926509659867 -0.0057950578595316682 0.031785448313905645 -0.040855955012142661 -0.015045193955302238 0.019763875667537963 -0.017407755060442561 -0.026142994085183512 -0.00081841008737683298 0.0033839731950026293 -0.023699093090447911
leaf_weight=38 33 42 26 29 34 35 34 47 38 35 25 36 42 26 29 43 26 35 46 28 29 26 28 26 48
leaf_count=38 33 42 26 29 34 35 34 47 38 35 25 36 42 26 29 43 26 35 46 28 29 26 28 26 48
internal_value=-0.000821278 0.00817964 0.0134162 0.00518242 0.000175834 -0.0067581 -0.0124542 0.00409484 -0.00620881 -0.00475443 0.0285559 -0.00624745 -0.0039927 0.00376083 0.0127939 0.00557092 0.0180573 -0.00798874 -0.000920779 -0.0116049 -0.02052 -0.00182006 -0.0130117 -0.00757894 -0.0165774
internal_weight=884 331 264 171 145 111 67 82 553 515 93 480 394 134 98 72 51 260 88 172 90 82 54 55 86
internal_count=884 331 264 171 145 111 67 82 553 515 93 480 394 134 98 72 51 260 88 172 90 82 54 55 86
is_linear=0
shrinkage=0.04


end of trees

feature_importances:
Column_4=260
Column_9=204
Column_6=186
Column_0=120
Column_5=113
Column_7=112
Column_8=67
Column_2=18
Column_1=7
Column_3=4

parameters:
[boosting: gbdt]
[objective: regression]
[metric: rmse]
[tree_learner: serial]
[device_type: cpu]
[data_sample_strategy: bagging]
[data: ]
[valid: ]
[num_iterations: 44]
[learning_rate: 0.04]
[num_leaves: 45]
[num_threads: 0]
[seed: 0]
[deterministic: 0]
[force_col_wise: 0]
[force_row_wise: 0]
[histogram_pool_size: -1]
[max_depth: -1]
[min_data_in_leaf: 25]
[min_sum_hessian_in_leaf: 0.001]
[bagging_fraction: 0.8]
[pos_bagging_fraction: 1]
[neg_bagging_fraction: 1]
[bagging_freq: 5]
[bagging_seed: 3]
[bagging_by_query: 0]
[feature_fraction: 0.8]
[feature_fraction_bynode: 1]
[feature_fraction_seed: 2]
[extra_trees: 0]
[extra_seed: 6]
[early_stopping_round: 0]
[early_stopping_min_delta: 0]
[first_metric_only: 0]
[max_delta_step: 0]
[lambda_l1: 0]
[lambda_l2: 0]
[linear_lambda: 0]
[min_gain_to_split: 0]
[drop_rate: 0.1]
[max_drop: 50]
[skip_drop: 0.5]
[xgboost_dart_mode: 0]
[uniform_drop: 0]
[drop_seed: 4]
[top_rate: 0.2]
[other_rate: 0.1]
[min_data_per_group: 100]
[max_cat_threshold: 32]
[cat_l2: 10]
[cat_smooth: 10]
[max_cat_to_onehot: 4]
[top_k: 20]
[monotone_constraints: ]
[monotone_constraints_method: basic]
[monotone_penalty: 0]
[feature_contri: ]
[forcedsplits_filename: ]
[refit_decay_rate: 0.9]
[cegb_tradeoff: 1]
[cegb_penalty_split: 0]
[cegb_penalty_feature_lazy: ]
[cegb_penalty_feature_coupled: ]
[path_smooth: 0]
[interaction_constraints: ]
[verbosity: -1]
[saved_feature_importance_type: 0]
[use_quantized_grad: 0]
[num_grad_quant_bins: 4]
[quant_train_renew_leaf: 0]
[stochastic_rounding: 1]
[linear_tree: 0]
[max_bin: 255]
[max_bin_by_feature: ]
[min_data_in_bin: 3]
[bin_construct_sample_cnt: 200000]
[data_random_seed: 1]
[is_enable_sparse: 1]
[enable_bundle: 1]
[use_missing: 1]
[zero_as_missing: 0]
[feature_pre_filter: 1]
[pre_partition: 0]
[two_round: 0]
[header: 0]
[label_column: ]
[weight_column: ]
[group_column: ]
[ignore_column: ]
[categorical_feature: ]
[forcedbins_filename: ]
[precise_float_parser: 0]
[parser_config_file: ]
[objective_seed: 5]
[num_class: 1]
[is_unbalance: 0]
[scale_pos_weight: 1]
[sigmoid: 1]
[boost_from_average: 1]
[reg_sqrt: 0]
[alpha: 0.9]
[fair_c: 1]
[poisson_max_delta_step: 0.7]
[tweedie_variance_power: 1.5]
[lambdarank_truncation_level: 30]
[lambdarank_norm: 1]
[label_gain: ]
[lambdarank_position_bias_regularization: 0]
[eval_at: ]
[multi_error_top_k: 1]
[auc_mu_weights: ]
[num_machines: 1]
[local_listen_port: 12400]
[time_out: 120]
[machine_list_filename: ]
[machines: ]
[gpu_platform_id: -1]
[gpu_device_id: -1]
[gpu_use_dp: 0]
[num_gpu: 1]

end of parameters

pandas_categorical:null
