tree
version=v4
num_class=1
num_tree_per_iteration=1
label_index=0
max_feature_idx=49
objective=quantile
feature_names=day_of_week is_weekend aqi temperature_c accident_count bed_count staff_required_total Antibiotic Analgesic Antipyretic Respiratory Cardiovascular Diabetes Gastrointestinal Anti-allergic ORS PPE day month year weekofyear festival_main fest_RepublicDay fest_Holi fest_GaneshChaturthi fest_Navratri fest_Diwali fest_Christmas fest_Eid fest_OtherFestival nurses_required doctors_required support_required patient_count_lag_1 patient_count_lag_2 patient_count_lag_3 patient_count_lag_7 patient_count_lag_14 patient_count_rmean_3 patient_count_rstd_3 patient_count_rmean_7 patient_count_rstd_7 patient_count_rmean_14 patient_count_rstd_14 aqi_lag_1 aqi_lag_2 aqi_lag_3 temp_lag_1 temp_lag_2 temp_lag_3
feature_infos=[-1.4982921547462149:1.4982921547462149] [-0.63366752075060617:1.5781146535890891] [-1.6138449973566704:5.5885218170729418] [-3.6193216817856371:3.176983109597102] [-1.3763523510790243:18.167188714029759] [-2.987301843392657:6.0530616468654328] [-1.8627822386088848:5.2827197182931469] [-2.0283657835870934:9.951587108800025] [-2.0233030487545709:9.5909085858561642] [-1.076622727500937:12.040662493507412] [-1.7961973894577858:6.5280316982495687] [-2.20076795244296:4.8830548842016333] [-2.0848370489849959:4.9466762805755229] [-2.3014322702155368:4.6995940490126937] [-1.8772973659113699:5.4549779131817813] [-2.5214306753518203:4.4001277496100792] [-1.2349462919868515:12.380160634459266] [-1.6739057756253817:1.7346544462463314] [-1.6010205525754602:1.5883224384770427] [-1.2255835779588418:1.2233491502869545] [-1.6932364427954252:1.6932364427954252] [-0.26516504294495535:3.7712361663282534] none none [-0.13633547078730293:7.3348483283568973] [-0.14312292381781525:6.9870009172878902] none none none none [-1.8514643187776278:5.3544224047838354] [-1.9528760334719681:5.1545551471717417] [-1.6483622117425636:4.9813808490642231] [-1.8150955637293411:5.3303310018801406] [-1.8147284777775059:5.3321324940326713] [-1.8175531220292889:5.3500210721379773] [-1.8188056312480902:5.3727907662710734] [-1.8183748051975259:5.3963663111055018] [-1.9283527104540941:6.0279604882838598] [-1.4863397334072155:5.8991087522440742] [-1.8007130836317353:4.9137734504238635] [-1.8104448625152261:6.3261503028348507] [-1.9524746312977692:2.6289065230494142] [-1.8874185109193773:5.071557289501663] [-1.6133343473839084:5.5905883476766345] [-1.6132604583705259:5.597015366648983] [-1.613313758965345:5.6043961591701486] [-3.6193216817856371:3.176983109597102] [-3.6193216817856371:3.176983109597102] [-3.6200663949208485:3.1768604589506406]
tree_sizes=533 467 408 655 575 565 736 735 742 735 740 743 658 659 659 912 737 744 911 831 833 830 747 825 743 831 839 836 836 918 916 1171 819 830 999 843 837 757 757 752 836 928 931 932 919 1100 1177 1092 1091 1186 1009 1005 929 934 1101 1264 1100 1011 1174 1266 1093 1095 1187 1186 1186 1174 1092 1089 1016 1099 1092 1187 1424 1180 1364 1281 1262 1266 1277 1271 1181 1279 1107 1106 1106 1195 1358 1197 1272 1201 1201 1451 1024 1202 1188 1278 1365 1541 1376 1464 1349 1381 1266 1359 1361 1193 1366 1380 1794 1461 1357 1528 1541 1456 1640 1461 1633 1532 1622 1700 1540 1545 1459 1363 1464 1792 1710 1801 1623 1799 1625 1634 1556 1630 1304 1802 1811 1549 1806 1724 1886 1984 1892 2090 1892 1804 2061 1895 1725 1980 1890 1888 1725 1978 1718 1801 1893 1973 1908 2053 2041 2061 1992 1816 2062 2214 2060 2044 1963 1718 2059 1904 1978 1994 2062 1899 1980 2052 1983 1884 2141 1906 1992 1990 1976 1894 2158 2073 2076 2239 2147 1975 2136 2136 2332 2207 2053 2141 2256 2177 2139 2418 2254 2238 2322 2244 2161 2435 2443 2413 2419 2073 2508 2405 2237 2160 2241 2148 2153 2166 2159 2348 2617 2333 2421 2426 2498 2414 2734 2432 2412 2481 2514 2599 2241 2425 2591 2600 2615 2419 2328 2249 2653 2503 2492 2591 2328 2431 2337 2586 2440 2596 2738 2673 2488 2585 2757 2413 2503 2762 2334 2500 2232 2512 2496 2412 2590 2689 2693 2501 2594 2835 2688 2758 2433 2742 2740 2670 2681 2766 2600 2336 2348 2433 2437 2602 2525 2590 2518 2076 2434 2347 2436 2362 2271 2440 2445 2255 2517 2604 2261 2336 2410 2172 2433 2421 2599 2429 2418 2445 2688 2664 2596 2680 2497 2436 2437 2441 2497 2253 2335 2703 2775 2438 2629 2431 2398 2406 2327 2527 2351 2520 2514 2274 2255 2510 2681 2605 2516 2502 2592 2778 2864 2611 2686 2772 2825 2850 2673 2936 2670 2579 2852 2511 2682 2860 2597 2604 2343 2895 2604 2693 2790 2434 2614 2520 2662 2522 2540 2512 2502 2520 2606 2524 2354 2359 2496 2699 2507 2506 2673 2705

Tree=0
num_leaves=5
num_cat=0
split_feature=6 6 2 2
split_gain=74.9831 0.0487453 1.42109e-14 8.88178e-16
threshold=1.1435569993559944 1.0564167315888966 0.88680697811167519 1.9078555842320022
decision_type=2 2 2 2
left_child=1 3 -2 -1
right_child=2 -3 -4 -5
leaf_value=293.44999999999999 303.79999707937242 295 302.15999859571457 294.0099998950958
leaf_weight=754 51 20 32 23
leaf_count=754 51 20 32 23
internal_value=295 294.995 295.045 294.995
internal_weight=880 797 83 777
internal_count=880 797 83 777
is_linear=0
shrinkage=1


Tree=1
num_leaves=4
num_cat=0
split_feature=6 6 2
split_gain=63.2765 0.112715 8.88178e-16
threshold=1.4049778026572883 1.0564167315888966 1.9078555842320022
decision_type=2 2 2
left_child=1 2 -1
right_child=-2 -3 -4
leaf_value=-1.4724999999999995 8.4099997407197957 0 -0.94050009965896497
leaf_weight=754 69 34 23
leaf_count=754 69 34 23
internal_value=-0.00096591 -0.0048767 -0.005
internal_weight=880 811 777
internal_count=880 811 777
is_linear=0
shrinkage=0.05


Tree=2
num_leaves=3
num_cat=0
split_feature=6 16
split_gain=53.0492 0.19514
threshold=1.4921180704243862 0.73041433128675115
decision_type=2 2
left_child=1 -1
right_child=-2 -3
leaf_value=-0.91887691211700262 8.3494996249377724 0.0010000100731187582
leaf_weight=803 57 20
leaf_count=803 57 20
internal_value=-0.00164773 -0.00487849
internal_weight=880 823
internal_count=880 823
is_linear=0
shrinkage=0.05


Tree=3
num_leaves=6
num_cat=0
split_feature=6 6 0 0 2
split_gain=48.3381 0.460003 0.342062 7.10543e-15 8.88178e-16
threshold=1.6228284720750332 1.0564167315888966 -1.0000000180025095e-35 1.0000000180025095e-35 1.9078555842320022
decision_type=2 2 2 2 2
left_child=1 4 -3 -2 -1
right_child=3 2 -4 -5 -6
leaf_value=-1.3529311543941476 7.9916246837929386 0.0459438456058507 -0.040049861624939787 6.9666229516818703 -0.84753124907016686
leaf_weight=754 28 20 31 24 23
leaf_count=754 28 20 31 24 23
internal_value=-0.00176136 -0.00469807 -9.80404e-05 0.045 -0.005
internal_weight=880 828 51 52 777
internal_count=880 828 51 52 777
is_linear=0
shrinkage=0.05


Tree=4
num_leaves=5
num_cat=0
split_feature=6 16 7 2
split_gain=40.2176 0.946384 0.103182 1.77636e-15
threshold=1.7535388737256803 0.78738130587439181 1.2358348640577115 1.8467149491349768
decision_type=2 2 2 2
left_child=1 2 3 -1
right_child=-2 -3 -4 -5
leaf_value=-1.1352845966744411 8.0482936190951726 0.0034473162505063576 -0.069153635867608296 -0.52515481059431868
leaf_weight=750 43 25 37 25
leaf_count=750 43 25 37 25
internal_value=-0.00215909 -0.00458184 -0.00487685 -0.005
internal_weight=880 837 812 775
internal_count=880 837 812 775
is_linear=0
shrinkage=0.05


Tree=5
num_leaves=5
num_cat=0
split_feature=30 30 30 2
split_gain=31.7 2.05451 1.21034 1.77636e-15
threshold=1.8874391698627542 1.0716784087048528 1.3435986624241532 1.6571789803341974
decision_type=2 2 2 2
left_child=1 3 -3 -1
right_child=-2 2 -4 -5
leaf_value=-1.2285203668407179 8.3796284782545936 0.04710433511893939 -0.029522276398975308 -0.87389698065763644
leaf_weight=735 34 36 39 40
leaf_count=735 34 36 39 40
internal_value=-0.00234163 -0.0042353 0.00366667 -0.005
internal_weight=884 850 75 775
internal_count=884 850 75 775
is_linear=0
shrinkage=0.05


Tree=6
num_leaves=7
num_cat=0
split_feature=6 6 12 6 6 4
split_gain=28.0395 1.59844 1.13479 0.404743 0.13277 8.88178e-16
threshold=2.0149596770269742 1.0564167315888966 0.38921393734185333 1.4049778026572883 0.92570632993824953 0.99679192111275661
decision_type=2 2 2 2 2 2
left_child=1 4 -3 -4 5 -1
right_child=-2 2 3 -5 -6 -7
leaf_value=-1.5670943484986823 8.2642477398430767 0.041613731966952096 0.038510358569455901 -0.049781311347913137 -0.017094348498682167 -0.9170944216009409
leaf_weight=725 30 24 23 32 29 21
leaf_count=725 30 24 23 32 29 21
internal_value=-0.00251131 -0.00418033 0.00259494 -0.00136364 -0.00487097 -0.005
internal_weight=884 854 79 55 775 746
internal_count=884 854 79 55 775 746
is_linear=0
shrinkage=0.05


Tree=7
num_leaves=7
num_cat=0
split_feature=30 6 12 6 6 2
split_gain=26.2335 1.55397 1.16959 0.41495 0.13277 8.88178e-16
threshold=2.1593594235820546 1.0564167315888966 0.38921393734185333 1.4049778026572883 0.92570632993824953 1.8772852666834894
decision_type=2 2 2 2 2 2
left_child=1 4 -3 -4 5 -1
right_child=-2 2 3 -5 -6 -7
leaf_value=-1.5387396310737473 7.8774353439817482 0.039533045368604726 0.036584840640983211 -0.04474287433382669 -0.016239631073747773 -0.78184730214308618
leaf_weight=722 28 24 23 34 29 24
leaf_count=722 28 24 23 34 29 24
internal_value=-0.00262444 -0.00418224 0.00240741 -0.00149123 -0.00487097 -0.005
internal_weight=884 856 81 57 775 746
internal_count=884 856 81 57 775 746
is_linear=0
shrinkage=0.05


Tree=8
num_leaves=7
num_cat=0
split_feature=6 6 35 45 34 2
split_gain=23.619 1.1067 0.91276 0.467698 0.145205 8.88178e-16
threshold=2.3199506142118169 0.92570632993824953 1.2017233583299536 -0.34625952816760708 0.99113937392362572 1.8772852666834894
decision_type=2 2 2 2 2 2
left_child=1 5 3 -3 -5 -1
right_child=-2 2 -4 4 -6 -7
leaf_value=-1.4618026495200611 7.5231635634788976 0.040691779496214053 0.034572350479939472 -0.060605007762872011 -0.00099215905505043453 -0.74275493703593165
leaf_weight=722 25 20 20 53 20 24
leaf_count=722 25 20 20 53 20 24
internal_value=-0.00290724 -0.00430151 0.000309733 -0.00177419 -0.00363014 -0.005
internal_weight=884 859 113 93 73 746
internal_count=884 859 113 93 73 746
is_linear=0
shrinkage=0.05


Tree=9
num_leaves=7
num_cat=0
split_feature=30 30 35 45 5 2
split_gain=19.8414 1.4481 1.16854 0.371488 0.190345 8.88178e-16
threshold=2.431279677301355 0.93571828184520223 1.2359361229799166 -0.34625952816760708 1.1457123004405381 1.8772852666834894
decision_type=2 2 2 2 2 2
left_child=1 5 3 -3 -5 -1
right_child=-2 2 -4 4 -6 -7
leaf_value=-1.3887125170440584 7.1998053675666043 0.03865718553784929 0.032843732955942076 -0.059383249830250145 -0.0041186797572022029 -0.70561719018413394
leaf_weight=722 21 21 21 46 29 24
leaf_count=722 21 21 21 46 29 24
internal_value=-0.00302036 -0.00418888 0.000982905 -0.00135417 -0.003 -0.005
internal_weight=884 863 117 96 75 746
internal_count=884 863 117 96 75 746
is_linear=0
shrinkage=0.05


Tree=10
num_leaves=7
num_cat=0
split_feature=6 6 35 20 4 2
split_gain=12.1439 2.35852 1.31955 0.675556 0.128571 8.88178e-16
threshold=2.3199506142118169 0.92570632993824953 1.0990850643800643 -0.53121143303385876 0.15921158975095148 1.8772852666834894
decision_type=2 2 2 2 2 2
left_child=1 5 3 -3 -5 -1
right_child=-2 2 -4 4 -6 -7
leaf_value=-1.3192768911918564 7.8010146956409123 0.03917516601446399 0.031201546308145114 -0.020766241952185863 -0.049133674129197613 -0.6603363282907424
leaf_weight=715 22 26 25 36 20 22
leaf_count=715 22 26 25 36 20 22
internal_value=-0.00303695 -0.00399289 0.00294392 -0.000121952 -0.00321429 -0.005
internal_weight=866 844 107 82 56 737
internal_count=866 844 107 82 56 737
is_linear=0
shrinkage=0.05


Tree=11
num_leaves=7
num_cat=0
split_feature=30 30 35 18 5 2
split_gain=8.14181 2.35852 1.31955 0.681522 0.0291667 8.88178e-16
threshold=2.2953195504417052 0.93571828184520223 1.0990850643800643 0.57353148677851917 1.2618625808292929 1.8772852666834894
decision_type=2 2 2 2 2 2
left_child=1 5 3 -3 -5 -1
right_child=-2 2 -4 4 -6 -7
leaf_value=-1.2533130466322633 7.4109639608588669 0.037856378874830059 0.029641468992738854 -0.10276308956701988 -0.0046085349846195873 -0.62731951187620616
leaf_weight=715 22 34 25 28 20 22
leaf_count=715 22 34 25 28 20 22
internal_value=-0.00321016 -0.00399289 0.00294392 -0.000121952 -0.00395833 -0.005
internal_weight=866 844 107 82 48 737
internal_count=866 844 107 82 48 737
is_linear=0
shrinkage=0.05


Tree=12
num_leaves=6
num_cat=0
split_feature=30 30 35 34 44
split_gain=5.91674 1.89789 1.02565 0.712323 0.184615
threshold=2.2953195504417052 0.79975815498555203 1.1161914467050458 -0.1516761036689325 0.557627076000211
decision_type=2 2 2 2 2
left_child=1 -1 3 -3 -5
right_child=-2 2 -4 4 -6
leaf_value=-1.390647394300649 7.0404157628159245 0.03331429620059103 0.028159395543102053 -0.040647394300648898 0.0025420868184190984
leaf_weight=715 22 20 31 48 30
leaf_count=715 22 20 31 48 30
internal_value=-0.00332564 -0.00399289 0.00158915 -0.000918369 -0.00307692
internal_weight=866 844 129 98 78
internal_count=866 844 129 98 78
is_linear=0
shrinkage=0.05


Tree=13
num_leaves=6
num_cat=0
split_feature=6 6 44 0 7
split_gain=5.94346 1.68118 0.863619 0.61948 0.439547
threshold=2.3199506142118169 0.79499592828760257 0.80224244764912589 -1.0000000180025095e-35 0.83201622723567381
decision_type=2 2 2 2 2
left_child=1 -1 3 -3 -4
right_child=-2 2 4 -5 -6
leaf_value=-1.3211150245856176 6.688394974675127 0.019785360495067031 0.063055058839792469 -0.040121337180681185 0.020755759694605979
leaf_weight=715 22 35 20 53 21
leaf_count=715 22 35 20 53 21
internal_value=-0.00338337 -0.00405213 0.00120155 -0.00159091 0.00719512
internal_weight=866 844 129 88 41
internal_count=866 844 129 88 41
is_linear=0
shrinkage=0.05


Tree=14
num_leaves=6
num_cat=0
split_feature=16 6 35 34 5
split_gain=4.49981 1.8645 0.971608 0.717459 0.150782
threshold=1.4254114212559672 0.79499592828760257 1.1161914467050458 -0.13461915624217791 1.1457123004405381
decision_type=2 2 2 2 2
left_child=1 -1 3 -3 -5
right_child=-2 2 -4 4 -6
leaf_value=-1.2550592733563377 6.460900776342581 0.030659313365807097 0.023598672823956692 -0.036608957726582507 -0.003861876320272674
leaf_weight=715 20 20 32 45 34
leaf_count=715 20 20 32 45 34
internal_value=-0.00344111 -0.00399527 0.00148855 -0.000959597 -0.00310127
internal_weight=866 846 131 99 79
internal_count=866 846 131 99 79
is_linear=0
shrinkage=0.05


Tree=15
num_leaves=9
num_cat=0
split_feature=5 6 34 44 36 36 5 2
split_gain=5.20494 1.68297 0.762761 0.548956 0.81043 0.903856 0.0324561 8.88178e-16
threshold=2.1039521136477659 0.79499592828760257 -0.2710747356562147 0.22739632427417591 1.0217891271992166 0.3009131159920449 1.0489204001165755 1.8772852666834894
decision_type=2 2 2 2 2 2 2 2
left_child=1 7 -3 6 5 -5 -4 -1
right_child=-2 2 3 4 -6 -7 -8 -9
leaf_value=-1.2423063096885216 6.1377302201690602 0.042803223552150688 -0.048357981016346391 -0.00093019189215404272 -0.019157791995875875 0.036048875699052456 -0.033062232512091214 -0.5126125267721221
leaf_weight=690 21 20 37 22 23 21 20 22
leaf_count=690 21 20 37 22 23 21 20 22
internal_value=-0.00340183 -0.00400585 0.000944055 -0.000528456 0.00257576 0.00662791 -0.00412281 -0.005
internal_weight=876 855 143 123 66 43 57 712
internal_count=876 855 143 123 66 43 57 712
is_linear=0
shrinkage=0.05


Tree=16
num_leaves=7
num_cat=0
split_feature=6 6 45 13 41 4
split_gain=4.28963 1.52916 1.29643 0.533955 0.70586 0.1
threshold=2.450661015862464 0.79499592828760257 -0.71350617460323573 0.99905156599205769 0.21205867457925551 1.0000000180025095e-35
decision_type=2 2 2 2 2 2
left_child=1 -1 -3 4 5 -4
right_child=-2 2 3 -5 -6 -7
leaf_value=-1.0815136697078869 5.8308437091606082 0.031288720074988945 -0.00028074573502972561 -0.03813209593813572 0.095028962842822889 -0.014903915082769248
leaf_weight=715 21 20 20 53 27 20
leaf_count=715 21 20 20 53 27 20
internal_value=-0.00351598 -0.00406433 0.000714285 -0.00125 0.00171642 -0.0025
internal_weight=876 855 140 120 67 40
internal_count=876 855 140 120 67 40
is_linear=0
shrinkage=0.05


Tree=17
num_leaves=7
num_cat=0
split_feature=6 6 44 40 36 10
split_gain=4.31159 1.34398 0.798903 0.840278 0.669643 0.131653
threshold=2.450661015862464 0.79499592828760257 0.22739632427417591 0.58306722789517595 0.91880683988390621 0.45230127216431554
decision_type=2 2 2 2 2 2
left_child=1 -1 5 -4 -5 -3
right_child=-2 2 3 4 -6 -7
leaf_value=-1.0274379862224932 5.5393015237025782 -0.010644616312467678 0.026191191969040004 0.05209401367349481 -0.019700906695085781 -0.026438931042157388
leaf_weight=715 21 21 24 21 27 47
leaf_count=715 21 21 24 21 27 47
internal_value=-0.00357306 -0.00412281 0.000357142 0.00402778 0.000208332 -0.00352941
internal_weight=876 855 140 72 48 68
internal_count=876 855 140 72 48 68
is_linear=0
shrinkage=0.05


Tree=18
num_leaves=9
num_cat=0
split_feature=9 6 34 19 13 35 20 2
split_gain=3.98644 1.94125 1.27111 0.51783 0.753799 0.71096 1.10592 8.88178e-16
threshold=1.0483774783024156 0.70785566052050475 -0.28813168308296927 1.0000000180025095e-35 1.1990808893985787 0.089808507206153118 1.3944300117138797 1.6327227262953872
decision_type=2 2 2 2 2 2 2 2
left_child=1 7 -3 4 5 -4 -7 -1
right_child=-2 2 3 -5 -6 6 -8 -9
leaf_value=-1.3747434114075787 5.1555364144726319 0.02543568382929497 -0.019325920558106294 -0.017697739152220941 -0.037130305573380755 0.030077299711841473 -0.0089212767939434341 -0.71153421750119605
leaf_weight=661 22 24 22 48 31 21 20 27
leaf_count=661 22 24 22 48 31 21 20 27
internal_value=-0.00328767 -0.00382904 0.0010241 -0.000774649 0.00138298 0.00452381 0.00841463 -0.005
internal_weight=876 854 166 142 94 63 41 688
internal_count=876 854 166 142 94 63 41 688
is_linear=0
shrinkage=0.05


Tree=19
num_leaves=8
num_cat=0
split_feature=6 46 34 44 48 47 2
split_gain=3.51336 1.90525 0.873365 0.461936 1.06346 0.276029 8.88178e-16
threshold=0.70785566052050475 -0.57783585050617825 -0.20284694594919631 0.031704026955044033 0.2319176999979152 -0.6742562721864499 1.6327227262953872
decision_type=2 2 2 2 2 2 2
left_child=6 -2 -3 -4 5 -5 -1
right_child=1 2 3 4 -6 -7 -8
leaf_value=-1.3060062408372006 3.2461839892627107 0.024010389338938957 -0.041707899007005389 0.002861850425124904 0.043138897819273797 -0.0054841783558117838 -0.6759575066261363
leaf_weight=661 36 20 50 21 23 38 27
leaf_count=661 36 20 50 21 23 38 27
internal_value=-0.00334475 0.00271276 0.000263157 -0.00121212 0.00109756 -0.00245763 -0.005
internal_weight=876 188 152 132 82 59 688
internal_count=876 188 152 132 82 59 688
is_linear=0
shrinkage=0.05


Tree=20
num_leaves=8
num_cat=0
split_feature=5 6 44 43 18 8 5
split_gain=2.44215 0.926866 0.682976 0.780317 0.432102 0.0272727 8.88178e-16
threshold=1.7361428924167088 0.70785566052050475 -0.090603658869413392 -0.28138474269906272 0.57353148677851917 0.68667966598793384 0.95212849979261305
decision_type=2 2 2 2 2 2 2
left_child=1 6 -3 -4 -5 -6 -1
right_child=-2 2 3 4 5 -7 -8
leaf_value=-1.1907059287953417 2.2130006227623595 -0.059598512655018449 0.022835454870975592 0.014211535917297359 -0.037765829488734783 -0.10414364341734568 -0.68570601104975148
leaf_weight=642 35 56 29 20 20 24 24
leaf_count=642 35 56 29 20 20 24 24
internal_value=-0.00364706 -0.00420246 -0.000637585 0.00198925 -0.00109375 -0.00386364 -0.005
internal_weight=850 815 149 93 64 44 666
internal_count=850 815 149 93 64 44 666
is_linear=0
shrinkage=0.05


Tree=21
num_leaves=8
num_cat=0
split_feature=11 6 40 40 45 5 5
split_gain=2.24602 0.878485 0.677083 1.06667 0.125762 0.230488 8.88178e-16
threshold=2.1461233336798591 0.70785566052050475 0.46783398051256214 0.037859176846091823 0.18012733172346063 1.2618625808292929 0.97148687985740556
decision_type=2 2 2 2 2 2 2
left_child=1 6 3 -3 5 -4 -1
right_child=-2 2 4 -5 -6 -7 -8
leaf_value=-1.1311706323555739 2.1023506992106458 -0.066443797117883965 -0.025026641930287769 0.020598440649365168 -0.095763479902233217 0.0063137312133778158 -0.60490123101031479
leaf_weight=641 25 30 21 30 55 20 28
leaf_count=641 25 30 21 30 55 20 28
internal_value=-0.00376471 -0.00421212 -0.000833335 0.00333333 -0.0034375 -0.00134146 -0.005
internal_weight=850 825 156 60 96 41 669
internal_count=850 825 156 60 96 41 669
is_linear=0
shrinkage=0.05


Tree=22
num_leaves=7
num_cat=0
split_feature=13 6 5 33 38 2
split_gain=3.03051 0.737058 0.623271 1.00812 0.168908 8.88178e-16
threshold=2.1992275064311833 0.70785566052050475 0.68111117888551831 -0.33996573574552202 1.3399087026481775 1.6327227262953872
decision_type=2 2 2 2 2 2
left_child=1 5 3 -3 -4 -1
right_child=-2 2 4 -5 -6 -7
leaf_value=-1.0746121007377951 3.1442575862520892 -0.065640269223828637 -0.035185853749011335 0.018265035369143666 -0.0095626732673467739 -0.80238084026063605
leaf_weight=642 24 23 67 33 35 26
leaf_count=642 24 23 67 33 35 26
internal_value=-0.00376471 -0.00427361 -0.00120253 0.00303571 -0.00352941 -0.005
internal_weight=850 826 158 56 102 668
internal_count=850 826 158 56 102 668
is_linear=0
shrinkage=0.05


Tree=23
num_leaves=8
num_cat=0
split_feature=7 6 9 36 5 7 2
split_gain=2.50421 0.634333 0.579039 0.363142 0.225 0.0391304 8.88178e-16
threshold=2.1107752438387934 0.70785566052050475 0.051463801505780955 -0.025197460506437473 0.68111117888551831 1.3704410763317241 1.5226695831207413
decision_type=2 2 2 2 2 2 2
left_child=1 6 -3 4 -4 -5 -1
right_child=-2 2 3 5 -6 -7 -8
leaf_value=-1.0208814957009054 3.1251197236168604 0.017351784982374246 0.012513679178666469 -0.039018029110251061 -0.010802662162134226 -0.027610029708909502 -0.72088150647642302
leaf_weight=641 23 23 20 72 20 20 31
leaf_count=641 23 23 20 72 20 20 31
internal_value=-0.00388235 -0.00433495 -0.00145161 -0.00272727 0.00125 -0.00445652 -0.005
internal_weight=850 827 155 132 40 92 672
internal_count=850 827 155 132 40 92 672
is_linear=0
shrinkage=0.05


Tree=24
num_leaves=7
num_cat=0
split_feature=9 30 16 44 37 2
split_gain=2.21461 0.62004 0.647463 0.816308 0.159596 8.88178e-16
threshold=1.0483774783024156 0.66379802812590183 0.4455794583485479 -0.053911353122076164 1.0485807935243214 1.5226695831207413
decision_type=2 2 2 2 2 2
left_child=1 5 3 -3 -4 -1
right_child=-2 2 4 -5 -6 -7
leaf_value=-0.96983742091586012 3.2586625956736288 -0.1633698839120919 -0.030774547793694769 0.01774000483071873 0.00016686976955104099 -0.68483743115260221
leaf_weight=641 20 22 79 37 20 31
leaf_count=641 20 22 79 37 20 31
internal_value=-0.00394118 -0.00433735 -0.00151899 0.00262712 -0.0039899 -0.005
internal_weight=850 830 158 59 99 672
internal_count=850 830 158 59 99 672
is_linear=0
shrinkage=0.05


Tree=25
num_leaves=8
num_cat=0
split_feature=6 6 16 3 36 37 16
split_gain=3.56906 1.5957 0.882776 0.953269 0.787953 0.230321 0.122222
threshold=2.450661015862464 0.6207153927534067 0.45697285326607601 1.0000000180025095e-35 0.33524054509714835 1.1691134613384533 0.55951340752382928
decision_type=2 2 2 2 2 2 2
left_child=1 -1 3 -3 -5 6 -4
right_child=-2 2 5 4 -6 -7 -8
leaf_value=-0.97325766058454077 3.3118399479455078 -0.022577790641390861 -0.013172199911548169 0.028654450129931775 0.0078649264970098824 0.0012975381222770394 -0.032050003426765075
leaf_weight=683 20 29 24 26 28 22 66
leaf_count=683 20 29 24 26 28 22 66
internal_value=-0.0033853 -0.00386105 0.000128204 0.00403614 0.00796296 -0.00276786 -0.00388889
internal_weight=898 878 195 83 54 112 90
internal_count=898 878 195 83 54 112 90
is_linear=0
shrinkage=0.05


Tree=26
num_leaves=8
num_cat=0
split_feature=30 31 16 3 36 49 41
split_gain=3.56906 1.5957 0.882776 0.953269 0.787953 0.257555 0.655594
threshold=2.431279677301355 0.58549224532935695 0.45697285326607601 1.0000000180025095e-35 0.33524054509714835 1.0000000180025095e-35 0.081131026685144783
decision_type=2 2 2 2 2 2 2
left_child=1 -1 3 -3 -5 6 -4
right_child=-2 2 5 4 -6 -7 -8
leaf_value=-0.92459477755531472 3.1462479505482341 -0.02144890110932195 0.0098100524824698554 0.027221727623435756 0.0074716801721595441 -0.042683738609084226 -0.027559053615722525
leaf_weight=683 20 29 22 26 28 60 30
leaf_count=683 20 29 22 26 28 60 30
internal_value=-0.0033853 -0.00386105 0.000128204 0.00403614 0.00796296 -0.00276786 -0.000192309
internal_weight=898 878 195 83 54 112 52
internal_count=898 878 195 83 54 112 52
is_linear=0
shrinkage=0.05


Tree=27
num_leaves=8
num_cat=0
split_feature=6 6 16 36 34 49 41
split_gain=3.56906 1.5957 0.882776 0.81946 0.461538 0.257555 0.655594
threshold=2.450661015862464 0.6207153927534067 0.45697285326607601 0.33524054509714835 0.49648789854774228 1.0000000180025095e-35 0.081131026685144783
decision_type=2 2 2 2 2 2 2
left_child=1 -1 3 -3 -5 6 -4
right_child=-2 2 5 4 -6 -7 -8
leaf_value=-0.87836503867754756 2.9889355530208226 0.024637499765866447 0.0093195498583466315 0.0096384704855526308 -0.025860396960031423 -0.040549551678630669 -0.026181100934935905
leaf_weight=683 20 33 22 26 24 60 30
leaf_count=683 20 33 22 26 24 60 30
internal_value=-0.0033853 -0.00386105 0.000128204 0.00403614 -1.19209e-09 -0.00276786 -0.000192309
internal_weight=898 878 195 83 50 112 52
internal_count=898 878 195 83 50 112 52
is_linear=0
shrinkage=0.05


Tree=28
num_leaves=8
num_cat=0
split_feature=31 16 16 36 5 49 14
split_gain=3.18382 1.78075 0.753142 0.81946 0.461538 0.37861 0.579832
threshold=0.58549224532935695 1.4254114212559672 0.45697285326607601 0.33524054509714835 0.83597821940385819 1.0000000180025095e-35 0.36312008047820415
decision_type=2 2 2 2 2 2 2
left_child=-1 2 3 -2 -5 6 -4
right_child=1 -3 5 4 -6 -7 -8
leaf_value=-0.83444678674367045 0.023405624777574199 2.7325641133331651 -0.052384110419212537 0.009156546961276291 -0.024567377112030771 -0.038491431210674783 0.0051028987716189951
leaf_weight=683 33 22 23 26 24 59 28
leaf_count=683 33 22 23 26 24 59 28
internal_value=-0.00332962 0.00197674 0.000440413 0.00403614 -1.19209e-09 -0.00227273 0.000882352
internal_weight=898 215 193 83 50 110 51
internal_count=898 215 193 83 50 110 51
is_linear=0
shrinkage=0.05


Tree=29
num_leaves=9
num_cat=0
split_feature=9 31 16 3 36 8 16 0
split_gain=3.68575 1.52255 0.920386 0.988694 0.740633 0.324848 0.0485359 8.88178e-16
threshold=0.86473548520829879 0.58549224532935695 0.45697285326607601 1.0000000180025095e-35 0.33524054509714835 0.58344222923583844 0.34303890409079468 0.74914607737310757
decision_type=2 2 2 2 2 2 2 2
left_child=1 6 3 -3 -5 -4 7 -1
right_child=-2 2 5 4 -6 -7 -8 -9
leaf_value=-1.1838125338326866 2.3377438127093493 -0.017855067350255494 -0.00044916506990185737 0.02345848501509238 0.0074285324522125329 -0.046509935037420382 -0.1808123819915437 -0.63284415192580679
leaf_weight=477 33 29 33 26 27 67 20 186
leaf_count=477 33 29 33 26 27 67 20 186
internal_value=-0.00321826 -0.00384393 0.000219779 0.00414634 0.00820755 -0.003 -0.00492679 -0.005
internal_weight=898 865 182 82 53 100 683 663
internal_count=898 865 182 82 53 100 683 663
is_linear=0
shrinkage=0.05


Tree=30
num_leaves=9
num_cat=0
split_feature=6 6 43 45 6 11 46 2
split_gain=3.38512 1.88222 0.667856 1.06073 1.44799 0.526068 0.175 0.0364865
threshold=0.53357512498630888 2.450661015862464 -0.087973033218472593 0.045470228030396777 0.92570632993824953 0.21417165095860605 -0.22246473399356489 1.2781070427326389
decision_type=2 2 2 2 2 2 2 2
left_child=-1 2 3 6 -5 -4 -2 -7
right_child=1 -3 5 4 -6 7 -8 -9
leaf_value=-0.83162171000037977 -0.077714461031469395 2.4926969486008961 0.0063719992566617454 0.028123890539448373 -0.0058016729218151918 -0.059552379644503155 -6.0789169973586581e-05 -0.032812861627333115
leaf_weight=671 21 21 29 21 25 54 24 20
leaf_count=671 21 21 29 21 25 54 24 20
internal_value=-0.00325057 0.0022093 0.000670102 0.00379121 0.00913043 -0.00208738 -0.00166667 -0.00432433
internal_weight=886 215 194 91 46 103 45 74
internal_count=886 215 194 91 46 103 45 74
is_linear=0
shrinkage=0.05


Tree=31
num_leaves=12
num_cat=0
split_feature=31 5 7 13 40 16 10 2 0 2 2
split_gain=2.8332 1.53078 0.664257 0.914445 0.970759 0.71292 0.089373 0.104762 0.0321429 0.0321429 8.88178e-16
threshold=0.58549224532935695 2.0555561634857851 1.2358348640577115 1.0000000180025095e-35 0.61402541375916198 0.4455794583485479 0.83502444861063074 1.0824570104221571 1.0000000180025095e-35 0.91126323215048544 0.091978721850342796
decision_type=2 2 2 2 2 2 2 2 2 2 2
left_child=6 2 3 -2 5 -5 10 -8 -6 -4 -1
right_child=1 -3 9 4 8 -7 7 -9 -10 -11 -12
leaf_value=-1.0810602469353021 0.026533755950190047 2.46133853163761 -0.13437247254420129 0.014316188809048433 -0.053370820320823964 -0.042972995563167679 -0.069431494342557534 -0.33071279292825123 -0.0150162345759571 -0.03117221854596567 -0.51758904359570579
leaf_weight=477 25 20 36 24 36 23 20 22 20 20 163
leaf_count=477 25 20 36 24 36 23 20 22 20 20 163
internal_value=-0.003307 0.00186274 0.000434781 0.00242187 0.000339805 0.0056383 -0.00485337 -0.00261905 -0.00410714 -0.00410714 -0.005
internal_weight=886 204 184 128 103 47 682 42 56 56 640
internal_count=886 204 184 128 103 47 682 42 56 56 640
is_linear=0
shrinkage=0.05


Tree=32
num_leaves=8
num_cat=0
split_feature=6 36 5 6 10 7 33
split_gain=3.60703 1.76247 1.4881 1 0.634883 0.189804 0.0366667
threshold=0.53357512498630888 0.043457397703769336 1.3973712412828403 0.79499592828760257 0.45230127216431554 0.42819759041363598 1.450654286662582
decision_type=2 2 2 2 2 2 2
left_child=-1 2 3 -2 -3 -6 -7
right_child=1 4 -4 -5 5 6 -8
leaf_value=-0.7359876121535962 0.021596633439887936 0.025208327787368132 2.3382716050557284 -0.040515680030937543 1.5545501563045926e-06 -0.057774964873802154 -0.062059704156890529
leaf_weight=671 32 29 20 32 27 55 20
leaf_count=671 32 29 20 32 27 55 20
internal_value=-0.00319413 0.00244186 0.00809524 0.004375 -0.00118321 -0.00303922 -0.00433333
internal_weight=886 215 84 64 131 102 75
internal_count=886 215 84 64 131 102 75
is_linear=0
shrinkage=0.05


Tree=33
num_leaves=8
num_cat=0
split_feature=6 6 8 7 42 7 37
split_gain=2.96242 1.71229 1.38693 0.485514 0.289797 0.494838 0.0382353
threshold=0.53357512498630888 0.70785566052050475 2.4159067315855327 0.15898516586561084 0.6439711892221035 0.7647131210986674 1.0485807935243214
decision_type=2 2 2 2 2 2 2
left_child=-1 -2 3 -3 5 -5 -6
right_child=1 2 -4 4 6 -7 -8
leaf_value=-0.69918823154591658 0.02460935073749496 0.0096020030420843096 2.2213580248029405 0.0077685627202251769 -0.035399744486168207 -0.076973976889030959 -0.035391744038266892
leaf_weight=671 27 25 20 23 65 35 20
leaf_count=671 27 25 20 23 65 35 20
internal_value=-0.00336343 0.00174418 5.31903e-05 -0.00142857 -0.00255245 0.000172413 -0.00441177
internal_weight=886 215 188 168 143 58 85
internal_count=886 215 188 168 143 58 85
is_linear=0
shrinkage=0.05


Tree=34
num_leaves=10
num_cat=0
split_feature=6 36 15 9 33 13 10 7 2
split_gain=2.9029 1.25822 0.924185 0.783291 0.609081 0.602259 0.362141 0.0395833 8.88178e-16
threshold=0.44643485721921083 0.043457397703769336 0.71607245890455262 1.0000000180025095e-35 0.20574703298837629 0.99905156599205769 0.35662047805273672 1.6396535008797493 0.12866310290855815
decision_type=2 2 2 2 2 2 2 2 2
left_child=8 2 4 -3 -2 -4 -5 -8 -1
right_child=1 3 5 6 -6 -7 7 -9 -10
leaf_value=-1.0813835527037134 0.017853257296751562 0.0092525011391875224 0.017844344018793343 0.013222520563736928 -0.096199644491154757 1.9897172299563199 -0.032262400649537511 -0.042790196063328567 -0.59238926927700863
leaf_weight=477 21 26 24 29 22 23 76 20 168
leaf_count=477 21 26 24 29 22 23 76 20 168
internal_value=-0.00325057 0.00143153 0.00611111 -0.00135762 0.000813952 0.0109574 -0.003 -0.00447917 -0.005
internal_weight=886 241 90 151 43 47 125 96 645
internal_count=886 241 90 151 43 47 125 96 645
is_linear=0
shrinkage=0.05


Tree=35
num_leaves=8
num_cat=0
split_feature=15 6 9 12 37 16 12
split_gain=2.11354 1.16258 0.935538 0.859275 0.517614 0.196253 0.0410714
threshold=2.5022810847011723 0.44643485721921083 0.051463801505780955 0.38921393734185333 1.2982556054250229 0.28607192950315402 -0.13163890188485169
decision_type=2 2 2 2 2 2 2
left_child=1 -1 3 -3 5 -4 -7
right_child=-2 2 4 -5 -6 6 -8
leaf_value=-0.91279791972346391 2.0211593913359454 0.019862927993213344 -0.0076150092576943431 -0.013896079154825609 0.0073368027508795425 -0.070685348613254692 -0.039851325088918491
leaf_weight=642 20 23 30 25 20 20 92
leaf_count=642 20 23 30 25 20 20 92
internal_value=-0.00356651 -0.00394366 -0.000714287 0.00541667 -0.00253087 -0.00359155 -0.00455357
internal_weight=872 852 210 48 162 142 112
internal_count=872 852 210 48 162 142 112
is_linear=0
shrinkage=0.05


Tree=36
num_leaves=8
num_cat=0
split_feature=6 36 45 9 2 35 8
split_gain=1.8438 1.51498 0.674973 0.458009 0.366407 0.171429 0.354286
threshold=0.44643485721921083 -0.71174604260850549 -0.4686750769794833 0.31380950592594797 -0.43383073998407701 0.65431912393054414 0.68667966598793384
decision_type=2 2 2 2 2 2 2
left_child=-1 -2 3 -3 -4 -6 -7
right_child=1 2 4 -5 5 6 -8
leaf_value=-0.86715802373729101 0.86240693879464936 0.019755830554873937 0.00022465048383572069 -0.0058145036095590321 -0.064986453987034773 0.0043795209662497551 -0.1102509483539998
leaf_weight=642 23 20 25 22 84 25 31
leaf_count=642 23 20 25 22 84 25 31
internal_value=-0.00362385 0.00021739 -0.00113527 0.00452381 -0.00257576 -0.00357143 -0.00142857
internal_weight=872 230 207 42 165 140 56
internal_count=872 230 207 42 165 140 56
is_linear=0
shrinkage=0.05


Tree=37
num_leaves=7
num_cat=0
split_feature=15 6 9 35 35 2
split_gain=1.57133 0.703286 0.622222 0.529101 0.324441 0.169466
threshold=2.5022810847011723 0.44643485721921083 0.051463801505780955 0.32929785975589476 1.1161914467050458 -0.48274324806169749
decision_type=2 2 2 2 2 2
left_child=1 -1 3 -3 5 -4
right_child=-2 2 4 -5 -6 -7
leaf_value=-0.82380012255042656 1.8769810748294138 -0.0099090729363919949 -0.0032961233134775423 0.020765520557052865 0.00025084470264217612 -0.049264420446026108
leaf_weight=642 20 27 20 21 31 111
leaf_count=642 20 27 20 21 31 111
internal_value=-0.00385321 -0.0041784 -0.00166667 0.00333333 -0.00314815 -0.00423664
internal_weight=872 852 210 48 162 131
internal_count=872 852 210 48 162 131
is_linear=0
shrinkage=0.05


Tree=38
num_leaves=7
num_cat=0
split_feature=7 6 37 34 4 9
split_gain=1.58437 0.602591 0.67404 0.396262 0.122454 0.0422481
threshold=2.2453814561128058 0.44643485721921083 1.3929598444218405 -0.25401778822946008 -0.49223977908600797 1.0000000180025095e-35
decision_type=2 2 2 2 2 2
left_child=1 -1 3 -3 -5 -6
right_child=-2 2 -4 4 5 -7
leaf_value=-0.78259511566012252 1.7831320210879431 0.008670298969533306 0.010344970612894577 -0.018391546449528517 -0.011220973623506931 -0.036002086174966565
leaf_weight=641 20 37 22 23 20 109
leaf_count=641 20 37 22 23 20 109
internal_value=-0.00391055 -0.00423709 -0.00191943 -0.0028836 -0.00401316 -0.0046124
internal_weight=872 852 211 189 152 129
internal_count=872 852 211 189 152 129
is_linear=0
shrinkage=0.05


Tree=39
num_leaves=7
num_cat=0
split_feature=7 6 17 10 16 5
split_gain=1.58437 0.602591 0.597795 0.366033 0.45933 0.0418033
threshold=2.2453814561128058 0.44643485721921083 1.2233704129655745 0.45230127216431554 0.45697285326607601 1.5619174718335764
decision_type=2 2 2 2 2 2
left_child=1 -1 3 4 -3 -5
right_child=-2 2 -4 5 -6 -7
leaf_value=-0.7434653598771167 1.6939754200335448 0.016336804581887406 0.0042337158041154694 -0.043010325110358162 -0.043518154398180187 -0.064714279952884174
leaf_weight=641 20 33 32 102 24 20
leaf_count=641 20 33 32 102 24 20
internal_value=-0.00391055 -0.00423709 -0.00191943 -0.00304469 0.000263157 -0.00459017
internal_weight=872 852 211 179 57 122
internal_count=872 852 211 179 57 122
is_linear=0
shrinkage=0.05


Tree=40
num_leaves=8
num_cat=0
split_feature=6 6 39 41 45 41 2
split_gain=1.13229 0.645455 0.420342 0.378789 0.78 0.166942 8.88178e-16
threshold=0.53357512498630888 0.70785566052050475 1.5948611520189713 -0.34263337387465032 0.27805977077296162 0.73671892260705341 1.6327227262953872
decision_type=2 2 2 2 2 2 2
left_child=6 -2 3 4 -3 -5 -1
right_child=1 2 -4 5 -6 -7 -8
leaf_value=-0.44693369266843919 0.019860686524707002 0.013166713646579465 0.86697793206076756 -0.079080872825477877 -0.091223830669672407 -0.018726217512220259 -0.48638409147080142
leaf_weight=658 26 24 20 101 26 20 23
leaf_count=658 26 24 20 101 26 20 23
internal_value=-0.00399777 -0.000852536 -0.00185864 -0.00266082 0.000999999 -0.00417355 -0.005
internal_weight=898 217 191 171 50 121 681
internal_count=898 217 191 171 50 121 681
is_linear=0
shrinkage=0.05


Tree=41
num_leaves=9
num_cat=0
split_feature=6 9 5 44 4 47 37 0
split_gain=1.27291 0.645426 0.809157 0.397905 0.942857 0.257838 0.168992 8.88178e-16
threshold=0.35929458945211284 0.051463801505780955 0.46816899817280094 -0.46975748492523134 1.0000000180025095e-35 0.6850046860900979 1.3413029867872128 0.74914607737310757
decision_type=2 2 2 2 2 2 2 2
left_child=7 2 -2 4 -3 6 -5 -1
right_child=1 3 -4 5 -6 -7 -8 -9
leaf_value=-0.72537160418088342 0.01700974093593877 0.30604181008398329 -0.024692857282307881 -0.061574561536308248 -0.020107375272599242 -0.0040875081435969218 -0.031305620030788073 -0.47083779980917878
leaf_weight=467 26 20 30 109 22 23 20 181
leaf_count=467 26 20 30 109 22 23 20 181
internal_value=-0.00383074 -0.000800001 0.00392857 -0.00216495 0.00214286 -0.00335526 -0.00422481 -0.005
internal_weight=898 250 56 194 42 152 129 648
internal_count=898 250 56 194 42 152 129 648
is_linear=0
shrinkage=0.05


Tree=42
num_leaves=9
num_cat=0
split_feature=6 8 45 34 45 36 35 0
split_gain=1.27291 0.495171 0.476639 0.785622 0.367235 0.187783 0.136508 8.88178e-16
threshold=0.35929458945211284 -0.19083854640487727 0.18012733172346063 0.99113937392362572 -0.12591154030622992 0.026293683151217634 -0.32074466859340384 0.74914607737310757
decision_type=2 2 2 2 2 2 2 2
left_child=7 -2 3 4 6 -4 -3 -1
right_child=1 2 5 -5 -6 -7 -8 -9
leaf_value=-0.68910302397183942 0.014883102249207889 -0.060421902630967986 -0.019163243713426054 0.053228403854531252 0.0039680233298691591 -0.068770513658958962 -0.064528732820284748 -0.44729590981872003
leaf_weight=467 22 20 34 26 22 83 43 181
leaf_count=467 22 20 34 26 22 83 43 181
internal_value=-0.00383074 -0.000800001 -0.00149123 0.000855855 -0.00147059 -0.00371795 -0.0034127 -0.005
internal_weight=898 250 228 111 85 117 63 648
internal_count=898 250 228 111 85 117 63 648
is_linear=0
shrinkage=0.05


Tree=43
num_leaves=9
num_cat=0
split_feature=6 2 20 41 35 41 11 1
split_gain=1.27291 0.878806 0.78585 0.468728 0.191846 0.195758 0.032 8.88178e-16
threshold=0.35929458945211284 -0.27486508873181054 0.066401429129232373 -0.69982037749515813 -0.52602125649318232 -0.33941787652116479 1.0000000180025095e-35 1.0000000180025095e-35
decision_type=2 2 2 2 2 2 2 2
left_child=7 2 -2 -3 -5 -6 -7 -1
right_child=1 3 -4 4 5 6 -8 -9
leaf_value=-0.65464787277324676 0.016850589575037742 0.014285012330989317 -0.01733616012294319 -0.01120548413709214 -0.0032008321024461339 -0.035706753059493578 -0.040675677973502494 -0.42493111432778474
leaf_weight=467 24 20 25 25 31 25 100 181
leaf_count=467 24 20 25 25 31 25 100 181
internal_value=-0.00383074 -0.000800001 0.00520408 -0.00226368 -0.0030663 -0.00371795 -0.0046 -0.005
internal_weight=898 250 49 201 181 156 125 648
internal_count=898 250 49 201 181 156 125 648
is_linear=0
shrinkage=0.05


Tree=44
num_leaves=9
num_cat=0
split_feature=30 9 5 34 0 10 37 0
split_gain=1.042 0.517892 0.595238 0.454533 0.285058 0.325031 0.473485 8.88178e-16
threshold=0.39187777440660126 0.051463801505780955 0.64239441875593339 1.8098728504078465 -1.0000000180025095e-35 0.93070524272220945 0.18763316628052332 0.74914607737310757
decision_type=2 2 2 2 2 2 2 2
left_child=7 2 -2 4 5 6 -3 -1
right_child=1 3 -4 -5 -6 -7 -8 -9
leaf_value=-0.62191547913458489 0.015286705030043547 -0.064758760628907772 -0.056096155104773539 0.6507485164594331 -0.032834618199948283 -0.079806074202910207 0.018182199594810496 -0.40368455861139518
leaf_weight=467 32 24 24 21 100 29 20 181
leaf_count=467 32 24 24 21 100 29 20 181
internal_value=-0.00394209 -0.0012 0.00303571 -0.00242268 -0.0032659 -0.000890412 0.00181818 -0.005
internal_weight=898 250 56 194 173 73 44 648
internal_count=898 250 56 194 173 73 44 648
is_linear=0
shrinkage=0.05


Tree=45
num_leaves=11
num_cat=0
split_feature=30 2 19 43 41 10 49 7 44 2
split_gain=2.26158 1.24288 1.125 1.15307 0.488713 0.773244 0.274029 0.041896 0.0379103 8.88178e-16
threshold=0.39187777440660126 1.0000000180025095e-35 1.0000000180025095e-35 -0.30471455644569923 -0.34263337387465032 0.83502444861063074 0.68465394586442807 0.83201622723567381 -0.33521903051832819 0.26317250012201443
decision_type=2 2 2 2 2 2 2 2 2 2
left_child=7 2 3 -2 5 -3 8 9 -6 -1
right_child=1 4 -4 -5 6 -7 -8 -9 -10 -11
leaf_value=-0.79857679444664842 0.018255250912539125 0.014911007268045832 -0.069448296955714195 0.43773052297555765 -0.025686712892863856 -0.030223037096440687 0.010285433360889022 -0.078679142127680374 -0.065602846573668147 -0.55200487456060965
leaf_weight=477 21 20 26 38 21 26 23 23 82 132
leaf_count=477 21 20 26 38 21 26 23 23 82 132
internal_value=-0.00331271 0.000642022 0.00558823 0.00940678 -0.00180233 0.00260869 -0.0034127 -0.00492089 -0.00451456 -0.005
internal_weight=889 257 85 59 172 46 126 632 103 609
internal_count=889 257 85 59 172 46 126 632 103 609
is_linear=0
shrinkage=0.05


Tree=46
num_leaves=12
num_cat=0
split_feature=6 6 41 10 10 16 13 2 2 0 2
split_gain=1.51238 0.878487 0.770502 0.860061 0.804879 1.0288 0.170803 0.0311321 8.88178e-16 2.22045e-16 2.22045e-16
threshold=2.537801283629562 0.22858418780146592 -0.035252487797388023 0.83502444861063074 0.16525888982957918 0.30885871933821035 -0.20112437444706763 0.77675383493702921 0.27540062714141955 0.74914607737310757 1.4798711385528234
decision_type=2 2 2 2 2 2 2 2 2 2 2
left_child=1 8 3 4 -3 -6 -4 -5 -1 -8 -10
right_child=-2 2 6 7 5 -7 9 -9 10 -11 -12
leaf_value=-0.90719026093496247 2.3339909456722192 -0.017488843612847638 -0.0099950741594778819 -0.033469555585311582 0.017342488988043418 0.0096601871067371493 -0.045178618869013087 -0.04850077970640862 -0.63335684977786288 -0.063636372384233419 -0.86330836822414259
leaf_weight=467 20 34 20 20 21 34 80 33 103 37 20
leaf_count=467 20 34 20 20 21 34 80 33 103 37 20
internal_value=-0.00359393 -0.00390679 -0.00159498 0.000985914 0.00398876 0.00772727 -0.00427007 -0.0040566 -0.005 -0.005 -0.005
internal_weight=889 869 279 142 89 55 137 53 590 117 123
internal_count=889 869 279 142 89 55 137 53 590 117 123
is_linear=0
shrinkage=0.05


Tree=47
num_leaves=11
num_cat=0
split_feature=6 5 41 10 46 46 5 14 2 2
split_gain=1.50046 0.972822 0.776223 0.960805 0.956933 0.768627 0.0336066 0.032971 8.88178e-16 2.22045e-16
threshold=0.22858418780146592 2.1039521136477659 0.053265303708744438 0.83502444861063074 -0.11217714611034003 0.57405673405194801 0.3713770978488386 1.0000000180025095e-35 0.27540062714141955 1.4798711385528234
decision_type=2 2 2 2 2 2 2 2 2 2
left_child=8 2 3 4 -2 -6 -5 -4 -1 -10
right_child=1 -3 7 6 5 -7 -8 -9 9 -11
leaf_value=-0.86183074788821479 -0.0494794747557619 2.2172913983886082 -0.047296970486121581 -0.048871121516104496 0.014142705921360655 0.0018958121786463251 -0.043722055803767368 -0.044282764064706479 -0.60168900728896946 -0.8201429498129349
leaf_weight=467 39 20 24 20 34 30 41 91 103 20
leaf_count=467 39 20 24 20 34 30 41 91 103 20
internal_value=-0.00353768 -0.000652175 -0.00141577 0.000792682 0.00373786 0.0075 -0.00418033 -0.00456522 -0.005 -0.005
internal_weight=889 299 279 164 103 64 61 115 590 123
internal_count=889 299 279 164 103 64 61 115 590 123
is_linear=0
shrinkage=0.05


Tree=48
num_leaves=11
num_cat=0
split_feature=6 5 41 10 46 16 44 5 2 2
split_gain=1.50046 0.972822 0.776223 0.960805 0.956933 0.923077 0.0413043 0.0336066 8.88178e-16 2.22045e-16
threshold=0.22858418780146592 2.1039521136477659 0.053265303708744438 0.83502444861063074 -0.11217714611034003 0.30885871933821035 -0.44529594776033987 0.3713770978488386 0.27540062714141955 1.4798711385528234
decision_type=2 2 2 2 2 2 2 2 2 2
left_child=8 2 3 4 -2 -6 -4 -5 -1 -10
right_child=1 -3 6 7 5 -7 -8 -9 9 -11
leaf_value=-0.81873921049380449 -0.047005501017973378 2.1064268284691772 -0.02153306637680949 -0.046427565440298052 0.016767597470185604 0.007615254520331351 -0.04568352744326009 -0.041535953013579603 -0.57160455692452106 -0.77913580232228752
leaf_weight=467 39 20 20 20 25 39 95 41 103 20
leaf_count=467 39 20 20 20 25 39 95 41 103 20
internal_value=-0.00353768 -0.000652175 -0.00141577 0.000792682 0.00373786 0.0075 -0.00456522 -0.00418033 -0.005 -0.005
internal_weight=889 299 279 164 103 64 115 61 590 123
internal_count=889 299 279 164 103 64 115 61 590 123
is_linear=0
shrinkage=0.05


Tree=49
num_leaves=12
num_cat=0
split_feature=6 5 41 8 46 8 6 14 2 2 2
split_gain=1.50046 0.972822 0.674491 0.840755 0.427879 0.695402 1.07288 0.0361088 0.0333333 8.88178e-16 2.22045e-16
threshold=0.22858418780146592 2.1039521136477659 0.14828557501668721 -0.087601109652781853 -0.087668793247401192 0.27372991897955212 0.92570632993824953 1.0000000180025095e-35 0.69115694580119347 0.27540062714141955 1.4798711385528234
decision_type=2 2 2 2 2 2 2 2 2 2 2
left_child=9 2 3 -2 8 -6 -7 -4 -5 -1 -11
right_child=1 -3 7 4 5 6 -8 -9 -10 10 -12
leaf_value=-0.77780224996911362 0.010867730597673916 2.0011054870457179 -0.040566374757671601 -0.053212261530445448 -0.025095825977355237 0.032223658961957634 -0.0014279701121470865 -0.040782445416471434 -0.13806969488399248 -0.54302432907829545 -0.74017901220617321
leaf_weight=467 25 20 22 40 29 22 36 85 20 103 20
leaf_count=467 25 20 22 40 29 22 36 85 20 103 20
internal_value=-0.00353768 -0.000652175 -0.00141577 0.000523255 -0.000918369 0.00132184 0.00448276 -0.00453271 -0.00416667 -0.005 -0.005
internal_weight=889 299 279 172 147 87 58 107 60 590 123
internal_count=889 299 279 172 147 87 58 107 60 590 123
is_linear=0
shrinkage=0.05


Tree=50
num_leaves=10
num_cat=0
split_feature=30 8 5 41 9 41 41 4 4
split_gain=1.21328 0.65682 0.76444 0.420221 0.449333 0.244898 0.5 8.88178e-16 2.22045e-16
threshold=0.25591764754695101 -0.13921982802882954 2.1039521136477659 -0.029545840027547714 1.0000000180025095e-35 -0.41904373755166963 -0.25120128466456521 0.25227607101337429 0.71759847732548832
decision_type=2 2 2 2 2 2 2 2 2
left_child=7 -2 3 4 -3 -6 -7 -1 -9
right_child=1 2 -4 -5 5 6 -8 8 -10
leaf_value=-0.7633261548090825 0.0054703452026156766 0.027590824902823538 1.9010502126934321 -0.03508168109911923 -0.031270745028081706 0.0048283493652063686 -0.042330884834676591 -0.69846845761388909 -0.50625668564682802
leaf_weight=461 33 32 20 107 48 25 25 85 30
leaf_count=461 33 32 20 107 48 25 25 85 30
internal_value=-0.00367206 -0.00103448 -0.00188716 -0.00267933 -0.000769232 -0.00244898 -1.19209e-09 -0.005 -0.005
internal_weight=866 290 257 237 130 98 50 576 115
internal_count=866 290 257 237 130 98 50 576 115
is_linear=0
shrinkage=0.05


Tree=51
num_leaves=10
num_cat=0
split_feature=30 43 10 15 8 48 3 4 4
split_gain=1.43346 0.689726 1.28929 0.796338 0.537027 0.34542 0.0412088 8.88178e-16 2.22045e-16
threshold=0.25591764754695101 -0.49059996761174102 0.54798206627589441 2.279005006476595 -0.13921982802882954 1.1380916721822807 -1.1273432582786325 0.25227607101337429 0.71759847732548832
decision_type=2 2 2 2 2 2 2 2 2
left_child=7 2 -2 4 -3 6 -6 -1 -9
right_child=1 3 -4 -5 5 -7 -8 8 -10
leaf_value=-0.72515984706862857 0.026307278906974298 0.00083722596900007683 -0.034526037750476184 1.3448644283798199 -0.042449877965194407 8.1336148404931839e-05 -0.039873500707860006 -0.66354503473319415 -0.48094385136448636
leaf_weight=461 21 29 24 26 21 34 135 85 30
leaf_count=461 21 29 24 26 21 34 135 85 30
internal_value=-0.00355658 -0.000689656 0.005 -0.0017347 -0.0027169 -0.00368421 -0.00467949 -0.005 -0.005
internal_weight=866 290 45 245 219 190 156 576 115
internal_count=866 290 45 245 219 190 156 576 115
is_linear=0
shrinkage=0.05


Tree=52
num_leaves=9
num_cat=0
split_feature=30 8 5 41 9 49 33 2
split_gain=1.21328 0.65682 0.76444 0.420221 0.449333 0.189536 0.146667 8.88178e-16
threshold=0.25591764754695101 -0.13921982802882954 2.1039521136477659 -0.029545840027547714 1.0000000180025095e-35 -0.6747314249098697 -0.10121639942444154 -0.92295582076028149
decision_type=2 2 2 2 2 2 2 2
left_child=7 -2 3 4 -3 -6 -7 -1
right_child=1 2 -4 -5 5 6 -8 -9
leaf_value=-0.76035631192917863 0.0041361654981200051 0.02530807936425904 1.7387544806397708 -0.032580237595065925 -0.0016019755868806893 -0.056670345607011591 -0.03679625991515114 -0.642988356415097
leaf_weight=109 33 32 20 107 23 20 55 467
leaf_count=109 33 32 20 107 23 20 55 467
internal_value=-0.00367206 -0.00103448 -0.00188716 -0.00267933 -0.000769232 -0.00244898 -0.00366667 -0.005
internal_weight=866 290 257 237 130 98 75 576
internal_count=866 290 257 237 130 98 75 576
is_linear=0
shrinkage=0.05


Tree=53
num_leaves=9
num_cat=0
split_feature=6 43 10 44 35 6 9 2
split_gain=1.21328 1.04076 0.902041 0.511454 0.342062 0.239119 0.0368993 8.88178e-16
threshold=0.22858418780146592 -0.32797792871023174 0.45230127216431554 -0.56760363358479726 0.48325530068072864 0.35929458945211284 1.0000000180025095e-35 -0.92295582076028149
decision_type=2 2 2 2 2 2 2 2
left_child=7 2 -2 -3 -4 -5 -7 -1
right_child=1 3 4 5 -6 6 -8 -9
leaf_value=-0.72233849633271996 0.0091410215094040268 0.028288534774539565 -0.041592791246181489 -0.0096989496162556144 0.025800959034749278 -0.027144515817296645 -0.034289177209750561 -0.61083893859434257
leaf_weight=109 28 31 31 28 20 23 129 467
leaf_count=109 28 31 31 28 20 23 129 467
internal_value=-0.00367206 -0.00103448 0.00386076 -0.0028673 -9.80404e-05 -0.00388889 -0.00467105 -0.005
internal_weight=866 290 79 211 51 180 152 576
internal_count=866 290 79 211 51 180 152 576
is_linear=0
shrinkage=0.05


Tree=54
num_leaves=11
num_cat=0
split_feature=6 43 10 44 35 8 13 13 2 2
split_gain=1.37631 0.8993 0.902041 0.432992 0.342062 0.312059 0.115646 0.0417421 8.88178e-16 2.22045e-16
threshold=0.22858418780146592 -0.32797792871023174 0.45230127216431554 -0.56760363358479726 0.48325530068072864 -0.087601109652781853 1.0000000180025095e-35 1.1990808893985787 0.51996316752952187 1.8039165045670589
decision_type=2 2 2 2 2 2 2 2 2 2
left_child=7 2 -2 -3 -4 -5 -7 8 -1 -8
right_child=1 3 4 5 -6 6 9 -9 -10 -11
leaf_value=-0.64376619592592665 0.0086839704339346617 0.026874108035811542 -0.03951315168387208 0.00032570885554125131 0.024510911083010862 -0.023369431639980332 -0.043005801237446177 -0.15724551806943898 -0.42136697684512897 -0.06237308493262135
leaf_weight=461 28 31 31 33 20 28 99 23 92 20
leaf_count=461 28 31 31 33 20 28 99 23 92 20
internal_value=-0.00349885 -0.000689656 0.00386076 -0.00239337 -9.80404e-05 -0.00333333 -0.00431973 -0.0049132 -0.005 -0.005
internal_weight=866 290 79 211 51 180 147 576 553 119
internal_count=866 290 79 211 51 180 147 576 553 119
is_linear=0
shrinkage=0.05


Tree=55
num_leaves=13
num_cat=0
split_feature=6 2 8 42 42 46 41 33 10 15 0 0
split_gain=2.0903 0.70733 0.842826 0.629171 1.30991 0.342062 0.252479 0.595238 0.138528 0.0417115 0.0327586 8.88178e-16
threshold=0.22858418780146592 1.0335445023445367 -0.087601109652781853 0.41341788275063612 0.060166679272894666 -0.55332749764323941 -0.0067427877389982212 0.87083446988281499 0.93070524272220945 0.93934853712913002 -0.74914607737310734 1.2485767956218459
decision_type=2 2 2 2 2 2 2 2 2 2 2 2
left_child=9 2 -2 4 5 -4 7 -5 -3 11 -8 -1
right_child=1 8 3 6 -6 -7 10 -9 -10 -11 -12 -13
leaf_value=-0.58664665823030659 0.004511133180025279 -0.042221338028502045 0.14375387736136869 -0.026333640732833549 0.19525224116395901 -0.012765992416904227 -0.071483073920705673 0.022835261113278316 -0.054480082019871645 -0.17530259977608365 -0.019182032877938265 -0.73305752593004114
leaf_weight=467 31 21 20 21 20 31 20 21 56 23 38 76
leaf_count=467 31 21 20 21 20 31 20 21 56 23 38 76
internal_value=-0.00316568 0.000376343 0.00193069 0.000555554 0.00415493 -9.80404e-05 -0.002 0.00095238 -0.0037013 -0.00491166 -0.00413793 -0.005
internal_weight=845 279 202 171 71 51 100 42 77 566 58 543
internal_count=845 279 202 171 71 51 100 42 77 566 58 543
is_linear=0
shrinkage=0.05


Tree=56
num_leaves=11
num_cat=0
split_feature=6 2 41 44 33 46 18 34 35 2
split_gain=1.52219 0.744847 0.55414 0.663495 0.648214 0.315549 0.362427 0.282568 0.0783217 8.88178e-16
threshold=0.097873786150819 -0.88627143970206612 -0.31687944363932569 -0.677680550826809 0.68324570563053744 0.53729420475753975 -0.29628932896307253 -0.54398589448428825 1.1161914467050458 0.80121008897583945
decision_type=2 2 2 2 2 2 2 2 2 2
left_child=9 -2 4 -4 5 6 -3 -5 -9 -1
right_child=1 2 3 7 -6 -7 -8 8 -10 -11
leaf_value=-0.72815417607454325 0.014630785220542553 0.0059417144488447806 0.024045003338199155 0.0020176546221386898 0.0084146327260413607 -0.074980756853549255 -0.036151966235351475 -0.037632575255060391 -0.010629954974114808 -0.90808911964576178
leaf_weight=477 23 21 25 23 20 23 20 126 39 48
leaf_count=477 23 21 25 23 20 23 20 126 39 48
internal_value=-0.0033432 -0.000625001 -0.0012963 -0.00265258 0.00214286 -0.000312501 0.00231707 -0.00367021 -0.00439394 -0.005
internal_weight=845 320 297 213 84 64 41 188 165 525
internal_count=845 320 297 213 84 64 41 188 165 525
is_linear=0
shrinkage=0.05


Tree=57
num_leaves=10
num_cat=0
split_feature=6 2 41 35 11 45 12 8 2
split_gain=1.52219 0.744847 0.55414 0.539126 0.454261 0.433409 0.431034 0.214663 8.88178e-16
threshold=0.097873786150819 -0.88627143970206612 -0.31687944363932569 0.620106359280581 0.53616359807881486 -0.34625952816760708 0.64964035695520594 -0.087601109652781853 0.80121008897583945
decision_type=2 2 2 2 2 2 2 2 2
left_child=8 -2 3 4 -3 6 -4 -7 -1
right_child=1 2 5 -5 -6 7 -8 -9 -10
leaf_value=-0.69174646727081557 0.013899245959515928 0.0015762655606975061 -0.0064751292787310656 0.012800707959127923 -0.062501452880104752 -0.0088777876527047998 0.02721578423424429 -0.040148091353717344 -0.86268466366347418
leaf_weight=477 23 28 29 27 29 33 29 122 48
leaf_count=477 23 28 29 27 29 33 29 122 48
internal_value=-0.0033432 -0.000625001 -0.0012963 0.00214286 -0.000614036 -0.00265258 0.00103448 -0.00403226 -0.005
internal_weight=845 320 297 84 57 213 58 155 525
internal_count=845 320 297 84 57 213 58 155 525
is_linear=0
shrinkage=0.05


Tree=58
num_leaves=12
num_cat=0
split_feature=6 2 45 8 42 4 10 4 43 4 2
split_gain=1.63286 0.718237 0.375966 0.315046 0.237399 0.519324 1.01838 0.27 0.137524 0.0404762 8.88178e-16
threshold=0.097873786150819 -0.88627143970206612 -0.93385416246461284 -0.19083854640487727 0.51731529553820776 0.25227607101337429 0.64366286038747311 -0.3061108165611624 -0.3309631198923571 0.34534055227579702 0.80121008897583945
decision_type=2 2 2 2 2 2 2 2 2 2 2
left_child=10 -2 -3 -4 5 6 7 -5 -6 -10 -1
right_child=1 2 3 4 8 -7 -8 -9 9 -11 -12
leaf_value=-0.65715914390727537 0.013204283661539851 0.01208742324558338 0.0026512802648244998 8.252398933257548e-05 -0.046187675772485823 -0.046962535181915295 0.067795503729379619 -0.017440399007037845 -0.036624284437609317 -0.068138928320760905 -0.81955043048029985
leaf_weight=477 23 26 31 20 20 43 22 30 85 20 48
leaf_count=477 23 26 31 20 20 43 22 30 85 20 48
internal_value=-0.00328402 -0.000468751 -0.00112795 -0.00167897 -0.00229167 -0.000652175 0.00194444 -0.002 -0.0038 -0.00452381 -0.005
internal_weight=845 320 297 271 240 115 72 50 125 105 525
internal_count=845 320 297 271 240 115 72 50 125 105 525
is_linear=0
shrinkage=0.05


Tree=59
num_leaves=13
num_cat=0
split_feature=6 8 45 5 17 3 43 0 6 10 3 2
split_gain=1.88413 0.641945 0.70487 0.640639 0.557724 0.451334 0.421998 0.256586 0.0904938 0.102439 0.0415254 8.88178e-16
threshold=0.22858418780146592 -0.087601109652781853 -0.33401797328641947 1.0102036399869907 -0.14005367578311081 0.2319176999979152 -0.51510796014107785 -1.2485767956218454 0.097873786150819 0.16525888982957918 0.6850046860900979 0.80121008897583945
decision_type=2 2 2 2 2 2 2 2 2 2 2 2
left_child=8 4 3 5 -2 -3 -4 -8 11 -10 -9 -1
right_child=1 2 6 -5 -6 -7 7 10 9 -11 -12 -13
leaf_value=-0.62430118671191137 0.0079752387757743883 -0.04013247901240679 0.0031231827939858258 1.4481941208406184 -0.0050223072815952126 0.0067970692140425677 -0.0063399780397181875 -0.041293178332251941 -0.0381495891259672 -0.15787773008081732 -0.015021293820999287 -0.77857290895628539
leaf_weight=477 21 23 23 23 20 26 25 98 20 21 20 48
leaf_count=477 21 23 23 23 20 26 25 98 20 21 20 48
internal_value=-0.00316568 0.000197131 -0.000798321 0.00333333 0.00597561 0.00010204 -0.00259036 -0.0036014 -0.00482332 -0.00256098 -0.00457627 -0.005
internal_weight=845 279 238 72 41 49 166 143 566 41 118 525
internal_count=845 279 238 72 41 49 166 143 566 41 118 525
is_linear=0
shrinkage=0.05


Tree=60
num_leaves=11
num_cat=0
split_feature=6 43 40 37 38 2 42 37 17 0
split_gain=1.11798 0.615957 0.810811 1.37143 0.6 0.303147 0.241304 0.149661 0.0426471 8.88178e-16
threshold=0.097873786150819 -0.1555896971259543 -0.36803703781505609 -0.17396483716187186 -0.025010544376695493 -0.61725264527515367 1.0368023594760631 1.6856820376847319 1.1097517389031843 1.2485767956218459
decision_type=2 2 2 2 2 2 2 2 2 2
left_child=9 2 -2 -4 -5 -3 -6 8 -7 -1
right_child=1 5 3 4 6 7 -8 -9 -10 -11
leaf_value=-0.58917969958447558 -0.051566184411310202 0.066630185221000546 0.020920008359833542 0.017242580394746989 -0.049339859557672922 -0.037724345741527471 -0.0024423204757851682 -0.0074999533999963999 -0.030841998786827619 -0.77887595472532178
leaf_weight=477 40 20 28 20 37 116 23 20 20 72
leaf_count=477 40 20 28 20 37 116 23 20 20 72
internal_value=-0.00362543 -0.0012963 0.00108108 0.00333333 -1.19209e-09 -0.00329546 -0.0025 -0.00403846 -0.00463235 -0.005
internal_weight=873 324 148 108 80 176 60 156 136 549
internal_count=873 324 148 108 80 176 60 156 136 549
is_linear=0
shrinkage=0.05


Tree=61
num_leaves=11
num_cat=0
split_feature=30 43 40 9 15 42 41 36 5 0
split_gain=1.02676 0.488982 0.550417 0.670255 0.25098 0.22271 0.323784 0.237521 0.124561 8.88178e-16
threshold=0.11995752068730071 -0.32797792871023174 -0.50562897498832671 0.051463801505780955 0.93934853712913002 1.1832482365480679 0.7809927284617264 1.0217891271992166 0.21651005733049869 1.2485767956218459
decision_type=2 2 2 2 2 2 2 2 2 2
left_child=9 2 -2 -4 -5 6 7 8 -3 -1
right_child=1 5 3 4 -6 -7 -8 -9 -10 -11
leaf_value=-0.55972071460525241 -0.053184515418282043 -0.0067955607211745931 0.015462015545942837 -0.013845762307424306 0.0063434496243838685 -0.031565169088715726 0.0015601546110301599 0.0010430681876086156 -0.032490821664019794 -0.73993215698905568
leaf_weight=477 25 24 22 34 20 74 32 22 71 72
leaf_count=477 25 24 22 34 20 74 32 22 71 72
internal_value=-0.0036827 -0.00145062 0.00143564 0.00355263 0.000555554 -0.00275785 -0.0016443 -0.00286325 -0.00394737 -0.005
internal_weight=873 324 101 76 54 223 149 117 95 549
internal_count=873 324 101 76 54 223 149 117 95 549
is_linear=0
shrinkage=0.05


Tree=62
num_leaves=12
num_cat=0
split_feature=6 43 8 44 12 14 45 9 2 2 0
split_gain=1.41495 0.552826 0.625754 0.382324 0.33789 0.395062 0.587709 0.183693 0.0415966 0.0256098 8.88178e-16
threshold=0.097873786150819 -0.1555896971259543 -0.13921982802882954 -0.54314209641990574 0.9100667765685585 0.77046870709449045 -0.052462211019104206 -0.053474480262285844 -0.42160261296467189 0.58110380262654737 1.2485767956218459
decision_type=2 2 2 2 2 2 2 2 2 2 2
left_child=10 2 -2 -3 5 6 -4 -5 -9 -6 -1
right_child=1 3 4 7 9 -7 -8 8 -10 -11 -12
leaf_value=-0.53173467887499004 0.011591521953659336 0.0012879243933111375 -0.02560949117162379 -0.044503865416031706 -0.03416001092398744 -0.0062645965838785782 0.025585152223349134 -0.016122749822900167 -0.030699722581512608 -0.062460535475131952 -0.70293554913960288
leaf_weight=477 26 25 26 32 21 27 28 20 99 20 72
leaf_count=477 26 25 26 32 21 27 28 20 99 20 72
internal_value=-0.00345361 -0.000833335 0.00141892 -0.00272727 -8.19684e-05 0.00179012 0.00425926 -0.0036755 -0.00457983 -0.00378049 -0.005
internal_weight=873 324 148 176 122 81 54 151 119 41 549
internal_count=873 324 148 176 122 81 54 151 119 41 549
is_linear=0
shrinkage=0.05


Tree=63
num_leaves=12
num_cat=0
split_feature=31 40 42 45 39 44 9 2 13 9 2
split_gain=1.33349 0.643816 0.762604 0.907808 0.69 0.301259 0.217175 0.166667 0.0747716 0.220345 8.88178e-16
threshold=0.24704314148918022 0.23564758653266801 -0.63545123681912952 -0.4686750769794833 -0.074537717706566212 -0.46975748492523134 0.051463801505780955 -0.37269010488705145 0.39896359577249502 1.0000000180025095e-35 1.3637039318684747
decision_type=2 2 2 2 2 2 2 2 2 2 2
left_child=8 2 -2 -4 -5 -3 -7 -8 10 -10 -1
right_child=1 5 3 4 -6 6 7 -9 9 -11 -12
leaf_value=-0.42082715752929545 -0.068487191998877373 0.0011587872931388156 0.39789986235132307 0.0039371474896757221 -0.021572947813823948 -0.0029454488849005329 -0.0033708318657121941 -0.037924214568182658 -0.24559002609115668 -0.063800768186040788 -0.35475562895222595
leaf_weight=467 24 26 25 25 23 39 20 100 71 29 24
leaf_count=467 24 26 25 25 23 39 20 100 71 29 24
internal_value=-0.00339634 -0.000567377 0.00273196 0.00527397 0.00125 -0.0022973 -0.00311321 -0.00416667 -0.00474619 -0.0035 -0.005
internal_weight=873 282 97 73 48 185 159 120 591 100 491
internal_count=873 282 97 73 48 185 159 120 591 100 491
is_linear=0
shrinkage=0.05


Tree=64
num_leaves=12
num_cat=0
split_feature=6 8 43 41 41 11 20 47 40 0 0
split_gain=1.21309 0.654958 0.762764 0.365534 0.371545 0.410406 0.166994 0.109286 0.248377 8.88178e-16 2.22045e-16
threshold=0.097873786150819 -0.13921982802882954 -0.11755218364385044 -0.90235308399352943 0.76247600958107964 0.85815554519902371 -1.0624228660677175 0.6850046860900979 0.47815337580055717 1.2485767956218459 0.74914607737310757
decision_type=2 2 2 2 2 2 2 2 2 2 2
left_child=9 2 -2 -3 6 -6 -5 10 -9 -1 -8
right_child=1 3 -4 4 5 -7 7 8 -10 -11 -12
leaf_value=-0.48410658705477644 0.0070652827027059446 0.0029579745381723985 -0.0415999631856801 -0.0066712004803527354 -0.027759663385427659 0.0080631843126386295 -0.036150935867880082 -0.018413683361844704 -3.0798886678044727e-05 -0.64674741380615863 -0.040665743897600561
leaf_weight=477 27 22 22 31 25 22 81 34 22 72 38
leaf_count=477 27 22 22 31 25 22 81 34 22 72 38
internal_value=-0.00356816 -0.00114198 0.00418367 -0.00209091 -0.00262846 0.00138298 -0.00354369 -0.00414286 -0.00232143 -0.005 -0.005
internal_weight=873 324 49 275 253 47 206 175 56 549 119
internal_count=873 324 49 275 253 47 206 175 56 549 119
is_linear=0
shrinkage=0.05


Tree=65
num_leaves=12
num_cat=0
split_feature=6 43 34 7 17 9 9 7 33 2 2
split_gain=1.59927 0.414693 0.595882 0.454098 0.602723 0.578071 1.14405 0.519522 0.0361111 0.0303922 8.88178e-16
threshold=0.097873786150819 1.773804073049283 1.0081963213503804 1.2358348640577115 1.336989087027965 0.051463801505780955 -0.10594362114631924 0.69741001496166122 -0.35701925976845633 0.8256663430146497 0.58110380262654737
decision_type=2 2 2 2 2 2 2 2 2 2 2
left_child=10 2 3 4 5 6 -2 8 -7 -5 -1
right_child=1 -3 -4 9 -6 7 -8 -9 -10 -11 -12
leaf_value=-0.42721815907372185 -0.040443443607978344 1.2280827639103096 -0.042312091324831387 -0.11986033616997045 0.008397652393607357 -0.027335451105614653 0.023697442458283802 0.0030376655971034901 -0.026584149796959295 -0.057196194341281016 -0.51898572041487534
leaf_weight=477 28 23 74 31 21 20 32 29 52 20 79
leaf_count=477 28 23 74 31 21 20 32 29 52 20 79
internal_value=-0.00336343 -0.000606062 -0.00109121 0.000150213 0.00131868 0.000279502 0.00416667 -0.0020297 -0.00430556 -0.00401961 -0.005
internal_weight=886 330 307 233 182 161 60 101 72 51 556
internal_count=886 330 307 233 182 161 60 101 72 51 556
is_linear=0
shrinkage=0.05


Tree=66
num_leaves=11
num_cat=0
split_feature=6 13 46 34 38 12 8 17 37 5
split_gain=1.38629 0.339718 1.00685 0.44167 0.54995 0.822358 0.371556 0.325987 0.136876 8.88178e-16
threshold=0.097873786150819 1.5991395362116203 -0.11217714611034003 1.0081963213503804 0.79119744756280153 0.64964035695520594 -0.13921982802882954 1.1097517389031843 0.92804812571018969 0.10035977694174376
decision_type=2 2 2 2 2 2 2 2 2 2
left_child=9 3 -3 4 6 -6 -2 8 -8 -1
right_child=1 2 -4 -5 5 -7 7 -9 -10 -11
leaf_value=-0.60421980829518052 0.0040403879431352612 1.3873481223626136 -0.05797381239603662 -0.041920907536551866 0.018502103531412333 -0.04049464379217791 -0.025339687970958258 0.00045413476056895035 -0.0059822425190962951 -0.23007404993887889
leaf_weight=461 30 22 29 71 21 20 85 29 23 95
leaf_count=461 30 22 29 71 21 20 85 29 23 95
internal_value=-0.0034763 -0.000909092 0.00284314 -0.00159498 -0.000432693 0.0047561 -0.00170659 -0.00281022 -0.00407408 -0.005
internal_weight=886 330 51 279 208 41 167 137 108 556
internal_count=886 330 51 279 208 41 167 137 108 556
is_linear=0
shrinkage=0.05


Tree=67
num_leaves=11
num_cat=0
split_feature=6 37 15 44 6 39 4 15 8 2
split_gain=0.920391 0.390804 0.773244 0.430474 0.489879 0.307273 0.110296 0.266327 0.0433775 8.88178e-16
threshold=0.097873786150819 -0.72497131859790243 0.71607245890455262 -0.45752671634278558 0.70785566052050475 -1.0283877650052777 0.34534055227579702 0.26952030245539771 -0.29407598315697264 0.58110380262654737
decision_type=2 2 2 2 2 2 2 2 2 2
left_child=9 2 -2 4 -3 -5 8 -8 -7 -1
right_child=1 3 -4 5 -6 6 7 -9 -10 -11
leaf_value=-0.37981084557821965 -0.051005005980963025 0.018580893599892099 0.65643701246410424 0.022331391097513927 -0.057808109547967036 -0.027575272817222857 0.012049087389652893 -0.03917164133680065 -0.031867771753788902 -0.47779130910291107
leaf_weight=477 26 26 20 20 38 20 20 29 131 79
leaf_count=477 26 26 20 20 38 20 20 29 131 79
internal_value=-0.00375847 -0.00166667 0.00260869 -0.00235916 0.00125 -0.00340909 -0.004 -0.00193878 -0.00466888 -0.005
internal_weight=886 330 46 284 64 220 200 49 151 556
internal_count=886 330 46 284 64 220 200 49 151 556
is_linear=0
shrinkage=0.05


Tree=68
num_leaves=10
num_cat=0
split_feature=6 13 45 6 36 38 7 37 15
split_gain=0.883246 0.58227 0.652142 0.530042 0.248529 0.126471 0.273529 0.0418004 8.88178e-16
threshold=0.22858418780146592 1.0000000180025095e-35 -0.052462211019104206 2.450661015862464 1.4337182764604572 0.03671947182040932 0.56280380268764862 1.5307114647808484 0.26952030245539771
decision_type=2 2 2 2 2 2 2 2 2
left_child=7 2 -2 4 5 6 -3 8 -1
right_child=1 3 -4 -5 -6 -7 -8 -9 -10
leaf_value=-0.29112763703039501 -0.018650890708925595 -0.017595835151026792 0.024073361810607485 1.3818704162306099 -0.0018993571602008348 -0.042962781234596001 0.0034186664503931307 -0.36378824505841939 -0.20040001006923683
leaf_weight=461 28 31 38 20 24 129 20 23 112
leaf_count=461 28 31 38 20 24 129 20 23 112
internal_value=-0.0038149 -0.00155173 0.00257576 -0.00276786 -0.00352941 -0.00416667 -0.00205882 -0.00491611 -0.005
internal_weight=886 290 66 224 204 180 51 596 573
internal_count=886 290 66 224 204 180 51 596 573
is_linear=0
shrinkage=0.05


Tree=69
num_leaves=11
num_cat=0
split_feature=7 34 44 10 47 9 46 4 44 5
split_gain=0.883246 0.374579 0.489796 0.857143 0.608297 0.213387 0.150872 0.150476 0.0483221 8.88178e-16
threshold=0.22628827200261711 -0.049334419108404935 -0.45752671634278558 0.64366286038747311 0.6850046860900979 -0.053474480262285844 0.72110685122958118 0.34534055227579702 -1.3381420542788789 0.33266033771925357
decision_type=2 2 2 2 2 2 2 2 2 2
left_child=8 6 3 -3 5 -4 -2 -7 -1 -10
right_child=1 2 4 -5 -6 7 -8 -9 9 -11
leaf_value=-0.060903231169870689 -0.03112365386391043 -0.13403849639933796 -0.0091233547294376337 1.2987581380637563 0.034718119011703352 -0.026354593032186954 -0.043444032264593285 -0.053764226922051121 -0.25599524899843112 -0.04928366025550758
leaf_weight=20 80 21 24 21 23 79 21 21 477 99
leaf_count=20 80 21 24 21 23 79 21 21 477 99
internal_value=-0.0038149 -0.00155173 -0.000238096 0.00452381 -0.00159864 -0.00298387 -0.0040099 -0.004 -0.00491611 -0.005
internal_weight=886 290 189 42 147 124 101 100 596 576
internal_count=886 290 189 42 147 124 101 100 596 576
is_linear=0
shrinkage=0.05


Tree=70
num_leaves=11
num_cat=0
split_feature=6 10 43 46 10 35 37 33 5 2
split_gain=1.29752 0.493611 0.892337 0.968864 0.549569 0.5 0.284729 0.0936259 0.0481447 8.88178e-16
threshold=0.097873786150819 0.45230127216431554 -0.28458244082964118 -0.087668793247401192 0.069578095718000374 1.6978084457544182 -0.50112493551451498 -0.27175163965378474 0.91341173966302813 0.8256663430146497
decision_type=2 2 2 2 2 2 2 2 2 2
left_child=8 2 3 -2 -4 6 -3 -8 9 -1
right_child=1 5 4 -5 -6 -7 7 -9 -10 -11
leaf_value=-0.4037904740997677 -0.009458345455392517 -0.00067435417657012381 -0.032569365463535858 0.014216472548809195 0.028922389068520807 0.1508045866373614 -0.031035578376454515 -0.026514133215037962 -0.1912454106424995 -0.39074528322441776
leaf_weight=477 24 35 51 28 29 20 33 112 20 42
leaf_count=477 24 35 51 28 29 20 33 112 20 42
internal_value=-0.00339265 -0.000933736 0.00143939 0.00653846 -0.001875 -0.0025 -0.00333333 -0.00431035 -0.00490724 -0.005
internal_weight=871 332 132 52 80 200 180 145 539 519
internal_count=871 332 132 52 80 200 180 145 539 519
is_linear=0
shrinkage=0.05


Tree=71
num_leaves=12
num_cat=0
split_feature=6 10 43 14 14 5 8 15 5 33 2
split_gain=1.23765 0.663762 0.985304 0.939723 0.761269 0.49657 0.219984 0.128571 0.113791 0.0847953 8.88178e-16
threshold=0.097873786150819 0.45230127216431554 -0.12253267799145244 1.0000000180025095e-35 0.77046870709449045 1.9394058830970298 -0.087601109652781853 0.26952030245539771 0.54560251843197094 -0.27175163965378474 0.93571948618929568
decision_type=2 2 2 2 2 2 2 2 2 2 2
left_child=8 2 3 -2 -5 6 -3 -4 10 -8 -1
right_child=1 5 7 4 -6 -7 9 -9 -10 -11 -12
leaf_value=-0.43594982920746306 -0.0021095555096037554 -0.0032538952906319323 -0.0056219162079282764 0.016382283745560815 0.0021279849866140477 1.2338541754790087 -0.038499299032019339 -0.03735303918300234 -0.13034266251095658 -0.023968060253226398 -0.35257058031682847
leaf_weight=467 29 27 20 27 20 21 36 36 33 116 39
leaf_count=467 29 27 20 27 20 21 36 36 33 116 39
internal_value=-0.00333525 -0.000933736 0.00181818 0.00552631 0.00989362 -0.00275 -0.00360335 -0.00321429 -0.00481447 -0.00434211 -0.005
internal_weight=871 332 132 76 47 200 179 56 539 152 506
internal_count=871 332 132 76 47 200 179 56 539 152 506
is_linear=0
shrinkage=0.05


Tree=72
num_leaves=15
num_cat=0
split_feature=6 47 2 49 46 2 15 12 42 6 34 5 0 0
split_gain=1.41674 0.547269 0.432069 0.642219 0.641527 0.888688 0.892877 0.141378 0.234152 0.237863 0.12 0.0393617 0.03 8.88178e-16
threshold=1.0000000180025095e-35 1.5911786582744634 0.23871624608320416 0.68465394586442807 0.64758179264076465 -0.16481194555716455 0.93934853712913002 0.38921393734185333 0.80921755051281208 0.53357512498630888 0.053007265452122664 1.62967180206035 1.0000000180025095e-35 1.2485767956218459
decision_type=2 2 2 2 2 2 2 2 2 2 2 2 2 2
left_child=13 2 3 4 5 6 10 8 12 -10 -2 -9 -4 -1
right_child=1 -3 7 -5 -6 -7 -8 11 9 -11 -12 -13 -14 -15
leaf_value=-0.73945644438114488 -0.01342984042767492 0.001469233682543071 -0.069749978891699246 -0.021909034063448268 -0.023009763190140153 0.014837793304783006 1.172161295042055 -0.028125271459296098 0.0073814581466973318 -0.021548480438599762 -0.0052484183392805632 -0.034728312897839154 -0.051176453761691637 -0.72960593815330166
leaf_weight=405 30 21 30 44 38 36 21 74 20 21 20 20 20 71
leaf_count=405 30 21 30 44 38 36 21 74 20 21 20 20 20 71
internal_value=-0.00316303 -0.000949368 -0.00139038 0.000291004 0.00189655 0.0038785 0.000633802 -0.00310811 -0.0017033 0.00109756 -0.003 -0.00446809 -0.004 -0.005
internal_weight=871 395 374 189 145 107 71 185 91 41 50 94 50 476
internal_count=871 395 374 189 145 107 71 185 91 41 50 94 50 476
is_linear=0
shrinkage=0.05


Tree=73
num_leaves=12
num_cat=0
split_feature=6 39 3 6 45 6 12 41 10 4 0
split_gain=1.0847 0.410333 0.40078 0.480055 0.420118 0.616384 0.96307 1.36059 0.192496 0.0425373 8.88178e-16
threshold=1.0000000180025095e-35 1.7981358378820602 1.5911786582744634 0.79499592828760257 -0.052462211019104206 0.097873786150819 0.38921393734185333 0.30266773341307868 -0.21746428661673595 0.62453399606306548 1.2485767956218459
decision_type=2 2 2 2 2 2 2 2 2 2 2
left_child=10 2 3 4 8 -6 7 -7 -2 -5 -1
right_child=1 -3 -4 9 5 6 -8 -9 -10 -11 -12
leaf_value=-0.70248362216208748 -0.001828316820209136 0.5667564799247965 0.0040336064998734242 -0.028073309910603684 -0.040111336641038553 0.015352732684254012 -0.0065157222940122736 -0.024124035058901552 -0.013800352103390996 -0.04556175316602027 -0.6931256412456368
leaf_weight=405 31 26 20 114 31 36 34 22 61 20 71
leaf_count=405 31 26 20 114 31 36 34 22 61 20 71
internal_value=-0.00339265 -0.0014557 -0.00188347 -0.00227794 -0.000813955 0.00109756 0.00315217 0.00706896 -0.00336957 -0.00462687 -0.005
internal_weight=871 395 369 349 215 123 92 58 92 134 476
internal_count=871 395 369 349 215 123 92 58 92 134 476
is_linear=0
shrinkage=0.05


Tree=74
num_leaves=14
num_cat=0
split_feature=16 20 8 16 45 9 45 8 6 8 8 2 2
split_gain=1.27067 0.702042 0.845819 0.690775 0.794484 0.311052 0.247882 0.166667 0.143856 0.280189 0.0456997 0.0291667 1.77636e-15
threshold=0.058204031152591373 0.46481000390462662 0.53182351085979074 0.34303890409079468 -0.3707426379299823 0.051463801505780955 -0.040220656137916581 0.067255045475361264 0.097873786150819 -0.087601109652781853 0.53182351085979074 1.0000000180025095e-35 1.2169664076356135
decision_type=2 2 2 2 2 2 2 2 2 2 2 2 2
left_child=8 2 6 -4 -5 -3 11 -7 10 -10 12 -2 -1
right_child=1 5 3 4 -6 7 -8 -9 9 -11 -12 -13 -14
leaf_value=-0.40128803166368887 -0.028840255929026861 0.001320117093541141 0.011305689100606382 1.0984767174293235 -0.053135174773721483 -0.0093627995863811934 0.0008053373997488827 -0.037988472956044905 0.0016296681049865133 -0.013465215808868784 -0.18878662702709459 -0.036958114859154984 -0.50079455502743797
leaf_weight=477 28 31 22 20 27 20 29 100 20 33 21 20 23
leaf_count=477 28 31 22 20 27 20 29 100 20 33 21 20 23
internal_value=-0.00327784 -0.000622897 0.00184931 0.00586956 0.00244681 -0.00301325 -0.00175325 -0.00416667 -0.00465157 -0.00216981 -0.00490403 -0.00395833 -0.005
internal_weight=871 297 146 69 47 151 77 120 574 53 521 48 500
internal_count=871 297 146 69 47 151 77 120 574 53 521 48 500
is_linear=0
shrinkage=0.05


Tree=75
num_leaves=13
num_cat=0
split_feature=30 8 12 45 45 14 8 5 17 18 5 0
split_gain=1.03643 0.695399 0.605665 0.40691 0.828598 0.775758 0.448034 0.306818 0.147368 0.043007 8.88178e-16 2.22045e-16
threshold=1.0000000180025095e-35 2.7514284010298424 0.64964035695520594 -0.089186875662667059 0.42495842934721312 0.36312008047820415 -0.087601109652781853 -0.1512991639005585 -0.70814704609506285 -0.87616987279080039 0.41009385797842351 0.74914607737310757
decision_type=2 2 2 2 2 2 2 2 2 2 2 2
left_child=10 2 3 7 5 -5 -6 -2 -8 -4 -1 -11
right_child=1 -3 9 4 6 -7 8 -9 -10 11 -12 -13
leaf_value=-0.65645633036238682 0.0023001826576055213 1.0435528815578548 -0.008661655204023502 0.0039931773599890088 0.0068801562248880319 0.0080202160737630097 0.00073610801121815896 -0.027009859394619713 -0.026031727876322609 -0.022078741946228695 -0.44339822252667349 -0.044827855325634686
leaf_weight=461 22 20 20 33 29 22 20 66 56 86 28 37
leaf_count=461 22 20 20 33 29 22 20 66 56 86 28 37
internal_value=-0.00344445 -0.00159368 -0.00205882 -0.000564517 0.000937499 0.00590909 -0.00166667 -0.00329546 -0.00368421 -0.00465035 -0.005 -0.005
internal_weight=900 411 391 248 160 55 105 88 76 143 489 123
internal_count=900 411 391 248 160 55 105 88 76 143 489 123
is_linear=0
shrinkage=0.05


Tree=76
num_leaves=13
num_cat=0
split_feature=8 30 30 7 36 13 0 39 44 2 33 2
split_gain=0.99 0.687852 0.356011 0.476877 0.75241 0.948805 0.38248 0.361765 0.13796 0.254348 0.122117 8.88178e-16
threshold=2.7514284010298424 1.0000000180025095e-35 0.79975815498555203 0.15898516586561084 0.48971397607011363 0.39896359577249502 -0.74914607737310734 0.53506124134114208 -0.27406518760609949 0.4221381513742809 0.32512170114891653 1.3514758048490696
decision_type=2 2 2 2 2 2 2 2 2 2 2 2
left_child=1 11 3 7 6 -6 -5 -3 9 -4 -8 -1
right_child=-2 2 8 4 5 -7 10 -9 -10 -11 -12 -13
leaf_value=-0.60864723623380013 0.99137523747996248 -0.042746830308770849 -0.13861171102770489 0.0053731927297424225 0.012579265541626465 -0.00041986834416073751 -0.022415591195826895 0.0032812011569847521 -0.01899485668594519 0.0027845859438255637 -0.036109990320964451 -0.61389586154337139
leaf_weight=467 20 82 26 22 21 23 45 20 110 20 22 22
leaf_count=467 20 82 26 22 21 23 45 20 110 20 22 22
internal_value=-0.0035 -0.00375 -0.0021867 -0.000957448 0.00101504 0.00636364 -0.00162921 -0.00352941 -0.00403846 -0.00173913 -0.00350746 -0.005
internal_weight=900 880 391 235 133 44 89 102 156 46 67 489
internal_count=900 880 391 235 133 44 89 102 156 46 67 489
is_linear=0
shrinkage=0.05


Tree=77
num_leaves=13
num_cat=0
split_feature=6 6 12 5 39 37 6 13 6 39 17 2
split_gain=0.99 0.687852 0.540275 0.340398 0.540746 0.800476 0.445145 0.728597 0.0429577 0.0357143 0.0327586 8.88178e-16
threshold=2.537801283629562 1.0000000180025095e-35 0.64964035695520594 0.93277011972782053 0.1455381751004973 -0.070651121892616103 0.35929458945211284 0.79902224258553678 0.22858418780146592 -0.85962704500664178 -0.5945283720326725 1.3514758048490696
decision_type=2 2 2 2 2 2 2 2 2 2 2 2
left_child=1 11 3 4 6 -6 9 -8 -4 -3 -5 -1
right_child=-2 2 8 10 5 -7 7 -9 -10 -11 -12 -13
leaf_value=-0.5782148744221105 0.94180647560596586 -0.022262865537067918 -0.017067842689540976 -0.096558897212208936 0.010105496969842221 -0.0014861482065398378 0.0063843701661377428 -0.060704943761079912 -0.023090014347057094 -0.036115151752070807 -0.046099808965669481 -0.5832010684662029
leaf_weight=467 20 20 20 20 25 35 36 25 122 50 38 22
leaf_count=467 20 20 20 20 25 35 36 25 122 50 38 22
internal_value=-0.0035 -0.00375 -0.0021867 -0.000783134 0.000235601 0.00416667 -0.00156489 0.00155738 -0.00464789 -0.00428572 -0.00413793 -0.005
internal_weight=900 880 391 249 191 60 131 61 142 70 58 489
internal_count=900 880 391 249 191 60 131 61 142 70 58 489
is_linear=0
shrinkage=0.05


Tree=78
num_leaves=13
num_cat=0
split_feature=6 6 15 10 42 34 12 5 43 2 3 2
split_gain=1.11178 0.676917 0.43964 0.53502 0.773017 0.658489 0.27063 0.134426 0.0789216 0.0433775 0.0318182 8.88178e-16
threshold=1.0000000180025095e-35 2.537801283629562 0.26952030245539771 0.73934365449905193 0.67167716596545624 0.5135448459744969 -0.39206532149820422 -0.13194078383576599 -0.46376065954715556 1.7550039964894384 0.2319176999979152 1.3514758048490696
decision_type=2 2 2 2 2 2 2 2 2 2 2 2
left_child=11 2 3 4 5 7 -4 -2 -8 -10 -5 -1
right_child=1 -3 6 10 -6 -7 8 -9 9 -11 -12 -13
leaf_value=-0.5493041307010047 -0.00049497276931673368 0.89471615182566733 0.0040218282641107132 -0.010651566635357282 0.0080259909630939034 0.010001102587114293 -0.0057019452310488813 -0.024806722303702133 -0.025810254126795003 -0.019996915111159617 -0.03135173146339764 -0.55404101504289316
leaf_weight=467 20 20 36 35 34 21 33 41 131 20 20 22
leaf_count=467 20 20 36 35 34 21 33 41 131 20 20 22
internal_value=-0.00338889 -0.00147202 -0.00193095 -2.9241e-05 0.00189655 -0.000731709 -0.00340909 -0.00336066 -0.00418478 -0.00466888 -0.00409091 -0.005
internal_weight=900 411 391 171 116 82 220 61 184 151 55 489
internal_count=900 411 391 171 116 82 220 61 184 151 55 489
is_linear=0
shrinkage=0.05


Tree=79
num_leaves=13
num_cat=0
split_feature=6 37 39 45 44 44 45 5 42 36 4 5
split_gain=1.03643 0.463596 0.655892 0.968478 0.56445 0.25485 0.457385 0.569135 0.842977 0.0413793 0.0364865 8.88178e-16
threshold=1.0000000180025095e-35 -0.2428406473413757 0.1455381751004973 0.43719998422840073 0.41085785301086208 0.38639631584597062 0.045470228030396777 0.77790307920948076 0.47377733208436801 1.3135722745925953 -0.39917529782358513 0.41009385797842351
decision_type=2 2 2 2 2 2 2 2 2 2 2 2
left_child=11 2 4 -4 -2 6 10 8 -8 -7 -3 -1
right_child=1 5 3 -5 -6 9 7 -9 -10 -11 -12 -13
leaf_value=-0.53682520177642179 -0.049214271204046471 -0.0006928945392837187 0.0094533087217915091 -0.072427297198225646 0.0086052342376562452 -0.019505876581730287 -0.0025337016389530044 -0.036312384097540222 0.020864887219962623 -0.016382664465816214 -0.031736425233674613 -0.33389598922126368
leaf_weight=461 55 20 32 23 29 96 26 36 20 20 54 28
leaf_count=461 55 20 32 23 29 96 26 36 20 20 54 28
internal_value=-0.00344445 -0.00159368 0.000755394 0.005 -0.00202381 -0.00279412 -0.00147436 0.00109756 0.00478261 -0.00456897 -0.00432433 -0.005
internal_weight=900 411 139 55 84 272 156 82 46 116 74 489
internal_count=900 411 139 55 84 272 156 82 46 116 74 489
is_linear=0
shrinkage=0.05


Tree=80
num_leaves=12
num_cat=0
split_feature=6 9 38 10 35 39 38 42 12 4 2
split_gain=1.16674 0.697594 0.784978 1.37836 0.625 0.490597 0.324479 0.665025 0.103476 0.0432432 0.034375
threshold=1.0000000180025095e-35 0.10393294238981436 0.043578362508976419 0.45230127216431554 -0.4575957271932562 -0.35556029569097958 1.1341419819911616 1.5711319109549999 -0.39206532149820422 -0.49223977908600797 -0.28709321575121566
decision_type=2 2 2 2 2 2 2 2 2 2 2
left_child=-1 2 3 4 -2 -4 8 -8 -3 -10 -7
right_child=1 6 5 -5 -6 10 7 -9 9 -11 -12
leaf_value=-0.4690928827173913 0.0025262831204863989 -0.01346851928875295 0.0072252988143211953 -0.013723593132134365 0.015799163229276703 -0.039322805865599393 0.0305754637660831 -0.048583761502547403 -0.023031961826575832 -0.022251379414421683 -0.025400100801054665
leaf_weight=475 20 27 29 28 20 20 28 30 20 128 44
leaf_count=475 20 27 29 28 20 20 28 30 20 128 44
internal_value=-0.00333142 -0.0013198 0.00121118 0.00529412 0.01125 -0.00177419 -0.00306867 0.000172413 -0.00414286 -0.00466216 -0.00421875
internal_weight=869 394 161 68 40 93 233 58 175 148 64
internal_count=869 394 161 68 40 93 233 58 175 148 64
is_linear=0
shrinkage=0.05


Tree=81
num_leaves=13
num_cat=0
split_feature=6 9 13 16 0 38 38 42 12 4 5 5
split_gain=1.01136 0.509808 0.543942 0.637369 0.852958 0.349047 0.324479 0.665025 0.103476 0.0432432 0.0287234 0.025
threshold=1.0000000180025095e-35 0.10393294238981436 0.79902224258553678 0.10377761082270391 1.0000000180025095e-35 -0.066163888508098692 1.1341419819911616 1.5711319109549999 -0.39206532149820422 -0.49223977908600797 0.44881061810800849 0.62303603869114088
decision_type=2 2 2 2 2 2 2 2 2 2 2 2
left_child=-1 2 3 5 -5 -2 8 -8 -3 -10 -4 -7
right_child=1 6 10 4 -6 11 7 -9 9 -11 -12 -13
leaf_value=-0.44563823858152107 0.0012095841002769548 -0.012795093324315438 -0.014990383914261697 0.020608981261591691 -0.001006795017558549 -0.019487249557149769 0.029046690577779612 -0.046154573427421026 -0.021880363735247068 -0.021138810443701292 -0.076588839334105208 -0.010644771986653232
leaf_weight=475 22 27 27 29 23 20 28 30 20 128 20 20
leaf_count=475 22 27 27 29 23 20 28 30 20 128 20 20
internal_value=-0.00344649 -0.00157361 0.000590061 0.00245614 0.00653846 -0.000967743 -0.00306867 0.000172413 -0.00414286 -0.00466216 -0.00393617 -0.00375
internal_weight=869 394 161 114 52 62 233 58 175 148 47 40
internal_count=869 394 161 114 52 62 233 58 175 148 47 40
is_linear=0
shrinkage=0.05


Tree=82
num_leaves=11
num_cat=0
split_feature=6 5 7 37 38 17 48 4 8 2
split_gain=1.08766 0.460646 0.794935 0.33833 0.803115 0.255658 0.175763 0.132955 0.121569 0.0440828
threshold=1.0000000180025095e-35 -0.17065754396535096 0.15898516586561084 -0.3289354100657555 0.64373129775860638 -1.2762404164070149 1.1380916721822807 -0.58530426034843075 0.37696735573164758 -0.78844642354682526
decision_type=2 2 2 2 2 2 2 2 2 2
left_child=-1 2 -2 4 8 -5 7 -7 -3 -9
right_child=1 3 -4 5 -6 6 -8 9 -10 -11
leaf_value=-0.42335632665244494 0.011780108854342693 -0.00071230512026416852 -0.006335641493730497 0.00034935608971512307 0.01587251572189714 -0.0017142371133554019 -0.019780119580799643 -0.012551678594240251 -0.044156828729949908 -0.02054035887989265
leaf_weight=475 30 20 29 33 28 23 31 20 31 149
leaf_count=475 30 20 29 33 28 23 31 20 31 149
internal_value=-0.00338895 -0.0014467 0.00262712 -0.00216418 0.000696201 -0.00304688 -0.00365471 -0.00421875 -0.00303922 -0.00470414
internal_weight=869 394 59 335 79 256 223 192 51 169
internal_count=869 394 59 335 79 256 223 192 51 169
is_linear=0
shrinkage=0.05


Tree=83
num_leaves=11
num_cat=0
split_feature=6 20 10 43 3 0 33 46 14 20
split_gain=1.24859 0.618552 0.434092 0.617094 0.870274 0.420737 0.296052 0.252994 0.326241 0.130775
threshold=1.0000000180025095e-35 -1.4608314408431118 0.45230127216431554 -0.12253267799145244 0.2319176999979152 -1.0000000180025095e-35 2.0475276274652834 0.9539362034275003 0.77046870709449045 1.2616271534554151
decision_type=2 2 2 2 2 2 2 2 2 2
left_child=-1 -2 3 4 -3 -6 7 -4 -9 -5
right_child=1 2 6 9 5 -7 -8 8 -10 -11
leaf_value=-0.40218851031982228 0.012012054517370826 -0.015579999835840706 -0.029999728426792344 -0.022318350131846538 0.010470012877229106 0.00046109744967323121 0.09424242046615304 0.00058534448775901429 -0.053376101352588835 -0.015445064366202944
leaf_weight=475 27 35 136 46 33 29 20 24 23 21
leaf_count=475 27 35 136 46 33 29 20 24 23 21
internal_value=-0.00327388 -0.00119289 -0.00173025 0.000182926 0.00273196 0.00629032 -0.00327586 -0.00390711 -0.000744682 -0.00350746
internal_weight=869 394 367 164 97 62 203 183 47 67
internal_count=869 394 367 164 97 62 203 183 47 67
is_linear=0
shrinkage=0.05


Tree=84
num_leaves=11
num_cat=0
split_feature=6 10 8 2 2 10 8 46 46 5
split_gain=1.16674 0.478778 0.67447 0.395203 0.784149 0.294032 0.193156 0.144511 0.141176 0.0433333
threshold=1.0000000180025095e-35 0.35662047805273672 0.73829838436398154 -0.16481194555716455 0.23871624608320416 2.1745555661727338 -0.19083854640487727 1.7136951421786051 0.18192308824492626 -0.093224023706181047
decision_type=2 2 2 2 2 2 2 2 2 2
left_child=-1 2 3 8 -5 6 -3 9 -2 -8
right_child=1 5 -4 4 -6 -7 7 -9 -10 -11
leaf_value=-0.38207908480383074 -0.017438863816490357 -0.00058069582856166177 0.0097967876262086816 0.013300516592287323 -0.016268177615753401 0.0015568809265864266 -0.010138022406297631 -0.01138895248545968 8.81015562794317e-05 -0.0305388773594229
leaf_weight=475 48 28 33 32 33 29 20 21 20 130
leaf_count=475 48 28 33 32 33 29 20 21 20 130
internal_value=-0.00333142 -0.0013198 0.00072289 -0.000864663 0.00192308 -0.00280702 -0.00349246 -0.00412281 -0.00352941 -0.00466667
internal_weight=869 394 166 133 65 228 199 171 68 150
internal_count=869 394 166 133 65 228 199 171 68 150
is_linear=0
shrinkage=0.05


Tree=85
num_leaves=12
num_cat=0
split_feature=6 9 43 35 42 19 17 6 38 40 20
split_gain=1.52809 1.06693 1.23478 0.618357 0.389812 0.30461 0.494838 0.189292 0.423613 0.168254 0.166387
threshold=0.22858418780146592 0.051463801505780955 -0.2153968420530368 1.5695105783170569 0.67167716596545624 -0.6133503958973926 -0.70814704609506285 -0.076406749383376896 -0.82064186425049079 -0.17540832577247747 -1.1952257243261821
decision_type=2 2 2 2 2 2 2 2 2 2 2
left_child=7 2 -2 5 -4 6 -3 -1 -9 -7 -10
right_child=1 3 4 -5 -6 9 -8 8 10 -11 -12
leaf_value=-0.59532235611160644 0.013012759913450665 0.0084187537854485059 -0.010142257167753736 0.011511579148093594 0.0027215305206637758 -0.064007084029426592 -0.014750913052043938 0.0091746950789370601 -0.010659332326174427 -0.017236259098623023 -0.041434306877701096
leaf_weight=449 31 23 22 23 21 20 35 25 20 106 99
leaf_count=449 31 23 22 23 21 20 35 25 20 106 99
internal_value=-0.00305492 -1.77948e-05 0.00513513 -0.0018599 -0.000348838 -0.00282609 0.000172413 -0.0044941 -0.00291667 -0.00420635 -0.00415967
internal_weight=874 281 74 207 43 184 58 593 144 126 119
internal_count=874 281 74 207 43 184 58 593 144 126 119
is_linear=0
shrinkage=0.05


Tree=86
num_leaves=14
num_cat=0
split_feature=6 44 2 20 12 6 16 45 35 35 2 35 2
split_gain=1.47172 0.595055 0.423443 0.608768 0.365909 0.705333 1.06039 0.7895 0.249001 0.0479339 0.0392473 0.0380952 0.03
threshold=1.0000000180025095e-35 -0.95898822822306096 1.168053899557993 -1.0624228660677175 0.38921393734185333 0.22858418780146592 0.4455794583485479 -0.052462211019104206 -0.35495743324336698 -1.4326595197172038 -0.54388388315872294 0.92802124113024875 -0.48274324806169749
decision_type=2 2 2 2 2 2 2 2 2 2 2 2 2
left_child=9 -2 3 -3 5 12 7 -7 -6 -1 -10 -4 -5
right_child=1 2 11 4 8 6 -8 -9 10 -11 -12 -13 -14
leaf_value=-0.98193430573542229 0.018077416291020547 0.011333025425402272 -0.022289562404918896 -0.080833064171623073 0.0058562761942597521 6.1429979998793227e-05 -0.0098857585776285298 0.012457386438043836 -0.028599838834449887 -0.33057679246429794 -0.018039436864569238 -0.035639626465304559 -0.028874489992259014
leaf_weight=20 26 38 64 20 24 20 24 31 20 464 73 20 30
leaf_count=20 26 38 64 20 24 20 24 31 20 464 73 20 30
internal_value=-0.00305492 -0.000769232 -0.00129121 -0.000357144 -0.00128099 0.000599999 0.00366667 0.0077451 -0.0032906 -0.0048967 -0.00446237 -0.00440476 -0.004
internal_weight=874 390 364 280 242 125 75 51 117 484 93 84 50
internal_count=874 390 364 280 242 125 75 51 117 484 93 84 50
is_linear=0
shrinkage=0.05


Tree=87
num_leaves=12
num_cat=0
split_feature=6 15 0 38 34 36 10 34 12 35 10
split_gain=1.31636 0.612759 0.639386 0.656363 0.515723 0.422614 0.356315 0.450724 0.79926 0.134943 0.0962567
threshold=-0.076406749383376896 1.0000000180025095e-35 -0.74914607737310734 -0.6834640504791466 0.27474758199993249 0.57553254883287208 2.2702363602843127 -0.40753031507025145 0.38921393734185333 1.5695105783170569 -0.12178349250515719
decision_type=2 2 2 2 2 2 2 2 2 2 2
left_child=-1 2 4 -4 -2 -5 7 8 -3 10 -9
right_child=1 6 3 5 -6 -7 -8 9 -10 -11 -12
leaf_value=-0.5490273986828117 0.00037898923619881912 0.013792169732406165 0.0098642876810856421 -0.029322266272016236 0.0065738733688237216 0.0025692802561548514 0.12284559741296373 -0.0152944294528066 -0.0091383538017822032 -0.011690649685706583 -0.017137465933395223
leaf_weight=449 23 23 20 57 20 26 24 34 24 21 153
leaf_count=449 23 23 20 57 20 26 24 34 24 21 153
internal_value=-0.00311213 -0.00111765 0.00150685 -0.000631069 0.00662791 -0.00259036 -0.00249104 -0.00303922 0.00138298 -0.00403846 -0.00446524
internal_weight=874 425 146 103 43 83 279 255 47 208 187
internal_count=874 425 146 103 43 83 279 255 47 208 187
is_linear=0
shrinkage=0.05


Tree=88
num_leaves=13
num_cat=0
split_feature=6 9 6 13 35 38 39 10 38 33 2 0
split_gain=1.56657 0.543037 1.16963 1.81871 0.655005 0.533294 1.01788 0.33055 0.132537 0.266327 0.0364865 2.22045e-16
threshold=-0.076406749383376896 0.10393294238981436 0.35929458945211284 0.79902224258553678 1.5695105783170569 -0.1141761233280693 -0.090689498089533013 1.7918323897264186 -0.15532946745947249 -0.39112630781432495 -0.50719950210050768 0.74914607737310757
decision_type=2 2 2 2 2 2 2 2 2 2 2 2
left_child=-1 2 5 -4 7 6 -2 8 9 -3 -7 -10
right_child=1 4 3 -5 -6 10 -8 -9 11 -11 -12 -13
leaf_value=-0.52157602874867048 -0.070515175692705462 -0.011580815126437501 0.010061673965488731 -0.0060990381825008219 0.009292521847551475 -0.0239521697879468 0.025172755824565126 0.00013835146437355495 -0.017842593999735427 0.0073153991359040972 -0.043760316958589666 -0.030002622414392513
leaf_weight=449 33 29 37 27 24 20 23 31 92 20 54 35
leaf_count=449 33 29 37 27 24 20 23 31 92 20 54 35
internal_value=-0.0029405 -0.000764707 0.00118557 0.00671875 -0.0024026 -0.00153846 0.00214286 -0.00330918 -0.00414773 -0.00193878 -0.00432433 -0.005
internal_weight=874 425 194 64 231 130 56 207 176 49 74 127
internal_count=874 425 194 64 231 130 56 207 176 49 74 127
is_linear=0
shrinkage=0.05


Tree=89
num_leaves=12
num_cat=0
split_feature=6 15 47 38 10 45 14 34 43 46 34
split_gain=1.48075 0.663825 0.61583 0.536682 0.71297 0.417794 0.691026 0.315823 0.309375 0.180662 0.289429
threshold=-0.076406749383376896 1.0000000180025095e-35 -0.6742562721864499 0.11216726939464834 0.069578095718000374 -0.57884907091017179 1.0000000180025095e-35 -0.40753031507025145 0.24060393309884082 0.75786938052398944 0.7864560048025705
decision_type=2 2 2 2 2 2 2 2 2 2 2
left_child=-1 2 -2 4 -4 6 -3 -7 -5 -9 -11
right_child=1 5 3 8 -6 7 -8 9 -10 10 -12
leaf_value=-0.49549722731123635 0.011828894546141638 -0.092616773826916479 0.0069015527765031674 -0.025605160194097039 -0.019150092097589819 0.0065674170702782961 0.032154409645467522 -0.017319466461165348 0.0010501957921487837 0.00014681007196999934 -0.024799426991882572
leaf_weight=449 20 22 32 44 30 31 30 135 20 29 32
leaf_count=449 20 22 32 44 30 31 30 135 20 29 32
internal_value=-0.00299771 -0.000882354 0.00184931 0.000555554 0.00387097 -0.00231183 0.00173077 -0.00323789 -0.00265625 -0.00397959 -0.00172131
internal_weight=874 425 146 126 62 279 52 227 64 196 61
internal_count=874 425 146 126 62 279 52 227 64 196 61
is_linear=0
shrinkage=0.05


Tree=90
num_leaves=12
num_cat=0
split_feature=6 2 35 13 1 6 13 2 5 18 19
split_gain=1.53066 0.766462 0.802914 0.572149 0.889815 0.370956 0.422152 0.510048 0.156044 0.0956989 0.0321429
threshold=1.0000000180025095e-35 0.76452570791762409 -0.90236166764277626 -0.20112437444706763 1.0000000180025095e-35 0.6207153927534067 0.39896359577249502 -0.28709321575121566 -0.19001592403014342 -0.87616987279080039 -0.6133503958973926
decision_type=2 2 2 2 2 2 2 2 2 2 2
left_child=-1 2 -2 4 -4 8 -7 -8 -5 -3 -9
right_child=1 9 3 5 -6 6 7 10 -10 -11 -12
leaf_value=-0.27982356618008736 0.0096335266729326921 -0.00063992784169166958 0.014849581985916672 5.5307643483454642e-05 -0.032681168994980588 0.0035724026681975955 0.0061152559055680207 -0.049226681794909077 -0.0265476703416141 -0.047008838349634673 -0.059719909812281036
leaf_weight=472 30 31 30 20 24 28 27 20 71 89 36
leaf_count=472 30 31 30 20 24 28 27 20 71 89 36
internal_value=-0.00306378 -0.000812809 0.000594404 -0.000312501 0.00425926 -0.00153465 0.000405404 -0.00138554 -0.0039011 -0.00416667 -0.00410714
internal_weight=878 406 286 256 54 202 111 83 91 120 56
internal_count=878 406 286 256 54 202 111 83 91 120 56
is_linear=0
shrinkage=0.05


Tree=91
num_leaves=15
num_cat=0
split_feature=32 44 4 39 36 39 11 39 35 7 33 2 5 2
split_gain=1.08612 0.738985 0.893053 0.919708 0.535192 0.355982 0.289707 0.128348 0.307405 0.0801034 0.0613649 0.129825 0.0391304 4.44089e-16
threshold=0.42343249475955724 0.25185786143906741 0.25227607101337429 -0.11722052701166734 0.077784826808872748 -0.55080512516525404 1.5021394394394412 0.28927760579095646 -0.81682975601786856 0.15898516586561084 -1.1244278408005008 -0.54388388315872294 0.48752737823759346 1.3637039318684747
decision_type=2 2 2 2 2 2 2 2 2 2 2 2 2 2
left_child=6 2 3 -2 -5 -3 7 10 -9 -10 11 -1 -7 -12
right_child=1 5 -4 4 -6 12 -8 8 9 -11 13 -13 -14 -15
leaf_value=-0.29846759355295893 7.9685860865523052e-05 0.0038061727644958343 -0.052778736784815095 0.81872947228004644 0.001783472595898377 -0.0024574833916627958 -0.011010175414805845 0.0023115816470883534 -0.11472281963879571 -0.025145033825330183 -0.08971825573864417 -0.060525941414669139 -0.01174329626671944 -0.20763234832584324
leaf_weight=37 39 29 38 21 20 20 24 32 93 36 377 20 72 20
leaf_count=37 39 29 38 21 20 20 24 32 93 36 377 20 72 20
internal_value=-0.00306378 -0.000188286 0.00262712 0.005625 0.0108537 -0.00293389 -0.00413928 -0.00434959 -0.00313665 -0.00422481 -0.00477974 -0.00324562 -0.00445652 -0.005
internal_weight=878 239 118 80 41 121 639 615 161 129 454 57 92 397
internal_count=878 239 118 80 41 121 639 615 161 129 454 57 92 397
is_linear=0
shrinkage=0.05


Tree=92
num_leaves=10
num_cat=0
split_feature=6 35 35 7 48 34 34 15 12
split_gain=1.11357 0.898241 0.398093 0.24229 0.315922 0.224323 0.701299 0.354513 0.118132
threshold=1.0000000180025095e-35 -0.90236166764277626 1.9629573717916322 -0.042924152545408031 1.1380916721822807 0.25769063457317792 0.56471568825476071 0.26952030245539771 -0.13163890188485169
decision_type=2 2 2 2 2 2 2 2 2
left_child=-1 -2 3 -3 5 8 -7 -8 -5
right_child=1 2 -4 4 -6 6 7 -9 -10
leaf_value=-0.2613464750841516 0.0075382287451756791 -0.033484748578153228 0.010720915117414709 -0.0040680704302252088 0.0036338700076003387 0.0019959177457957271 0.0017308300379770493 -0.025981465374110141 -0.027949662196528419
leaf_weight=472 36 79 21 26 32 27 31 68 86
leaf_count=472 36 79 21 26 32 27 31 68 86
internal_value=-0.00334852 -0.00142857 -0.00216216 -0.00256447 -0.00185185 -0.00247899 -0.00103175 -0.0029798 -0.00410714
internal_weight=878 406 370 349 270 238 126 99 112
internal_count=878 406 370 349 270 238 126 99 112
is_linear=0
shrinkage=0.05


Tree=93
num_leaves=12
num_cat=0
split_feature=6 35 16 8 7 0 34 34 12 10 41
split_gain=1.33475 0.588169 0.753463 0.390931 0.853333 0.592593 0.397046 0.670641 0.326531 0.14966 0.0425373
threshold=-0.076406749383376896 -0.90236166764277626 0.058204031152591373 -0.087601109652781853 0.56280380268764862 -0.74914607737310734 0.25769063457317792 0.56471568825476071 1.4309196157952637 1.0000000180025095e-35 -0.7361243244966823
decision_type=2 2 2 2 2 2 2 2 2 2 2
left_child=-1 2 -2 4 5 -3 10 -8 9 -9 -5
right_child=1 3 -4 6 -6 -7 7 8 -10 -11 -12
leaf_value=-0.40541307674503824 -0.0043142035402803725 0.003930646645110252 0.01278463212638844 -0.0071145146168932376 0.0012464371541760881 -0.018034274302337016 0.0026626065025028346 -0.013139012335288995 0.021394375357770008 -0.027762929645276851 -0.030075735283760924
leaf_weight=442 20 27 22 20 25 48 34 21 28 77 114
leaf_count=442 20 27 22 20 25 48 34 21 28 77 114
internal_value=-0.00306378 -0.00110092 0.00452381 -0.00170051 0.000999999 -0.00166667 -0.00261905 -0.000937501 -0.00261905 -0.00397959 -0.00462687
internal_weight=878 436 42 394 100 75 294 160 126 98 134
internal_count=878 436 42 394 100 75 294 160 126 98 134
is_linear=0
shrinkage=0.05


Tree=94
num_leaves=12
num_cat=0
split_feature=16 2 35 7 48 36 36 46 49 2 2
split_gain=1.67814 1.01987 0.918275 0.705882 1.16024 0.610071 0.819195 0.814658 0.173605 0.0383721 0.0352941
threshold=-0.078516707857746199 1.0824570104221571 -0.90236166764277626 -0.042924152545408031 1.1380916721822807 0.6613511215956307 1.0904439854094232 -0.71263179125234188 -2.034116795684167 0.64224443772357298 0.23871624608320416
decision_type=2 2 2 2 2 2 2 2 2 2 2
left_child=8 2 -2 10 5 7 -7 -5 -1 -9 -4
right_child=1 -3 3 4 -6 6 -8 9 -10 -11 -12
leaf_value=-0.034734515887518504 0.0095889330329551915 -0.029856581026933567 -0.029931999775245629 0.14977336697148411 0.013772521342887098 0.0014789606681535835 -0.012358612803421359 -0.025427657805294209 -0.1624700829675701 -0.070225956960618938 -0.034757083074039345
leaf_weight=22 27 92 48 22 28 30 38 66 465 20 20
leaf_count=22 27 92 48 22 28 30 38 66 465 20 20
internal_value=-0.00283599 -0.000396421 0.00102007 0.000147058 0.00161765 0.000113635 0.00382353 -0.00222222 -0.00479466 -0.00441861 -0.00426471
internal_weight=878 391 299 272 204 176 68 108 487 86 68
internal_count=878 391 299 272 204 176 68 108 487 86 68
is_linear=0
shrinkage=0.05


Tree=95
num_leaves=13
num_cat=0
split_feature=31 10 5 36 36 13 40 35 39 3 37 2
split_gain=2.57428 0.783676 0.851823 1.29485 0.919121 0.75 1.72841 0.454638 0.523474 0.109091 0.0423077 0.038764
threshold=1.0000000180025095e-35 2.1745555661727338 0.97148687985740556 0.48971397607011363 -0.93487433179167756 1.0000000180025095e-35 0.26144607475265619 -0.81682975601786856 -0.78839550322706387 0.2319176999979152 0.82473441044093387 0.99686012128632118
decision_type=2 2 2 2 2 2 2 2 2 2 2 2
left_child=-1 2 3 4 -2 -5 -7 -6 -9 -8 -10 -4
right_child=1 -3 11 5 7 6 9 8 10 -11 -12 -13
leaf_value=-0.42266509620264359 0.0065038610197020357 0.52862680835812792 -0.026156703925358401 0.011579801819334537 0.0039098083701919395 0.0070373975571490074 -0.0046700706342772463 0.002484500442264627 -0.022519248575666877 -0.058163924769242675 -0.018941229551450486 -0.0060011324105899346
leaf_weight=455 22 25 69 32 29 20 20 34 110 24 20 20
leaf_count=455 22 25 69 32 29 20 20 34 110 24 20 20
internal_value=-0.00238636 0.000411764 -0.000125001 0.00110932 -0.00104651 0.0059375 0.0028125 -0.00215026 -0.00317073 -0.00272727 -0.00461539 -0.0044382
internal_weight=880 425 400 311 215 96 64 193 164 44 130 89
internal_count=880 425 400 311 215 96 64 193 164 44 130 89
is_linear=0
shrinkage=0.05


Tree=96
num_leaves=14
num_cat=0
split_feature=6 15 8 17 39 3 15 38 36 37 8 12 48
split_gain=1.85668 0.512872 0.896003 0.946904 0.618865 0.802914 0.577245 0.608179 0.890909 0.345349 0.109091 0.0432567 0.0404248
threshold=-0.076406749383376896 0.26952030245539771 -0.087601109652781853 -0.25367234984550119 -0.35556029569097958 0.2319176999979152 2.279005006476595 -0.011292762999561287 0.47255026151756191 -0.6560955084183987 0.17049248222745669 0.9100667765685585 -0.6742562721864499
decision_type=2 2 2 2 2 2 2 2 2 2 2 2 2
left_child=11 2 3 -2 5 -4 7 8 10 -6 -3 -1 -9
right_child=1 6 4 -5 9 -7 -8 12 -10 -11 -12 -13 -14
leaf_value=-0.4426373813682089 -0.004303803667929834 -0.042977210600620354 -0.0097861536368565784 0.005228717782695123 0.0018936420324753098 0.019192956548580296 0.56411314047631844 -0.014262250255532872 0.0070758640463363283 -0.020163067657399815 -0.067075331208301739 -0.037761354685853434 -0.023872875114497476
leaf_weight=433 29 20 30 31 20 22 24 21 20 66 24 22 118
leaf_count=433 29 20 30 31 20 22 24 21 20 66 24 22 118
internal_value=-0.00267046 -0.000294119 0.00156566 0.00666667 -0.000652175 0.00365384 -0.0019163 -0.00278325 0.00125 -0.00325582 -0.00272727 -0.00489011 -0.00464029
internal_weight=880 425 198 60 138 52 227 203 64 86 44 455 139
internal_count=880 425 198 60 138 52 227 203 64 86 44 455 139
is_linear=0
shrinkage=0.05


Tree=97
num_leaves=16
num_cat=0
split_feature=6 2 49 46 34 42 44 11 49 0 11 9 19 2 5
split_gain=1.97155 0.816551 0.892428 0.524757 0.581735 0.951452 0.452855 0.369095 0.262244 0.504431 1.06061 0.238524 0.163582 0.040566 0.0295918
threshold=-0.16354701715047482 1.0000000180025095e-35 -0.6747314249098697 0.56180255762047859 0.5135448459744969 0.60637022078469671 0.25185786143906741 1.8241313865596502 1.0000000180025095e-35 -0.74914607737310734 0.21417165095860605 -0.10594362114631924 1.0000000180025095e-35 1.5226695831207413 0.081001396876951293
decision_type=2 2 2 2 2 2 2 2 2 2 2 2 2 2 2
left_child=-1 2 -2 4 6 -6 11 8 13 10 -10 -4 -11 -3 -13
right_child=1 7 3 -5 5 -7 -8 -9 9 12 -12 14 -14 -15 -16
leaf_value=-0.53605976691666335 0.014469427036022534 -0.026711358909279354 0.01004841207640584 -0.015027604550643052 0.73491020562532516 -0.017758827321065009 0.0037883169242616298 0.0018490979996149571 0.0049021593785320968 -0.02104824257543551 -0.096646049655607885 -0.050710163819067844 -0.0093348554234462967 -0.019459101651080189 -0.034378196054761181
leaf_weight=426 25 86 20 31 20 21 29 22 22 55 20 29 34 20 20
leaf_count=426 25 86 20 31 20 21 29 22 22 55 20 29 34 20 20
internal_value=-0.00255682 -0.000264318 0.00217949 0.000882352 0.00219424 0.00719512 0.00010204 -0.00210425 -0.00267933 -0.00118321 0.00333333 -0.00210145 -0.00331461 -0.0045283 -0.00397959
internal_weight=880 454 195 170 139 41 98 259 237 131 42 69 89 106 49
internal_count=880 454 195 170 139 41 98 259 237 131 42 69 89 106 49
is_linear=0
shrinkage=0.05


Tree=98
num_leaves=14
num_cat=0
split_feature=6 35 39 9 6 46 48 35 37 36 17 16 36
split_gain=1.58247 0.871822 0.446641 0.628174 1.22991 0.635856 0.54251 0.288835 0.145946 0.127355 0.124673 0.0478022 0.043865
threshold=-0.076406749383376896 -1.1076382555425546 -0.36667108193857273 0.051463801505780955 0.35929458945211284 -0.47980243905442282 -1.1273432582786325 1.8774254601667246 0.94526707825506551 -0.8833831881340225 1.336989087027965 -0.021549733270105551 1.1247714145145269
decision_type=2 2 2 2 2 2 2 2 2 2 2 2 2
left_child=11 -2 3 4 -3 -5 -4 9 -7 -8 12 -1 -11
right_child=1 2 6 5 -6 8 7 -9 -10 10 -12 -13 -14
leaf_value=-0.42672021633597074 0.0068253949836661392 -0.001189774426224079 0.0050487487015208358 0.0024477025605277834 0.011004128692219966 -0.033655141152266276 -0.012639074248289271 0.082801510305439502 -0.00018730137023075324 -0.019611910644566535 -0.015339060408133374 -0.047709616945310604 -0.0052603301870383333
leaf_weight=435 21 29 27 23 24 54 20 20 20 143 24 20 20
leaf_count=435 21 29 27 23 24 54 20 20 20 143 24 20 20
internal_value=-0.00284091 -0.00064706 -0.00116337 0.000999999 0.00537736 -0.00139175 -0.00244095 -0.00323789 -0.00364865 -0.00379227 -0.00419786 -0.00489011 -0.00469325
internal_weight=880 425 404 150 53 97 254 227 74 207 187 455 163
internal_count=880 425 404 150 53 97 254 227 74 207 187 455 163
is_linear=0
shrinkage=0.05


Tree=99
num_leaves=15
num_cat=0
split_feature=31 35 39 7 3 46 46 20 35 12 8 11 16 2
split_gain=1.5072 0.851292 0.537368 0.672664 0.96287 1.12708 0.576271 0.48563 0.304144 0.164347 0.140806 0.102143 0.0476905 0.0272727
threshold=1.0000000180025095e-35 -1.1076382555425546 -0.36667108193857273 0.091682059728604548 0.2319176999979152 -0.038652087521523472 0.43926079330578427 -1.12882429519695 1.8774254601667246 0.9100667765685585 -0.50055085666116339 -0.42981224328181145 -0.032943128187633682 1.0000000180025095e-35
decision_type=2 2 2 2 2 2 2 2 2 2 2 2 2 2
left_child=9 -2 3 13 6 -6 -5 -4 10 12 -9 -12 -1 -3
right_child=1 2 7 4 5 -7 -8 8 -10 -11 11 -13 -14 -15
leaf_value=-0.43045706740983958 0.0064841252344822022 -0.026260151573045155 0.0010110606127243088 -0.0604130742824368 0.028396500654458014 -0.0050033072611534515 0.003153343070876793 -0.0041186753895180355 0.089926274530764877 -0.015054842525919772 -0.032875893390360796 -0.018631315112338422 -0.045324136098045718 -0.01677610975185561
leaf_weight=413 21 20 39 34 23 24 25 20 20 22 32 143 20 24
leaf_count=413 21 20 39 34 23 24 25 20 20 22 32 143 20 24
internal_value=-0.00267046 -0.000529413 -0.00103961 0.00133333 0.00349056 0.00882979 -0.000762713 -0.00244095 -0.00337209 -0.00467033 -0.00397436 -0.00442857 -0.00488453 -0.00386364
internal_weight=880 425 404 150 106 47 59 254 215 455 195 175 433 44
internal_count=880 425 404 150 106 47 59 254 215 455 195 175 433 44
is_linear=0
shrinkage=0.05


Tree=100
num_leaves=14
num_cat=0
split_feature=6 38 2 4 36 0 11 33 45 41 13 36 2
split_gain=2.334 1.03727 1.45727 1.32168 1.29196 1.32219 1.26531 0.728261 0.465455 0.268889 0.209055 0.421479 0.0424812
threshold=-0.16354701715047482 0.3042162086745302 0.23871624608320416 0.25227607101337429 0.57553254883287208 0.74914607737310757 0.21417165095860605 0.06931884080490168 2.0163605639016042 1.5914928091713347 1.0000000180025095e-35 0.42105911785990685 1.3942742494169875
decision_type=2 2 2 2 2 2 2 2 2 2 2 2 2
left_child=-1 2 3 4 5 6 -2 -4 9 10 11 -3 -12
right_child=1 8 7 -5 -6 -7 -8 -9 -10 -11 12 -13 -14
leaf_value=-0.4841961140491628 0.033447624767583957 -0.02420989281158014 -0.029356940012186153 -0.025118800468172171 0.010493254674228063 -0.013089702375509708 0.003750533226078036 0.0023806180798429701 0.0034943928588439866 0.084649599249968344 -0.021941752221621647 0.0050588506152787994 -0.037624321749728934
leaf_weight=429 33 26 67 30 20 21 29 25 20 20 113 21 20
leaf_count=429 33 26 67 30 20 21 29 25 20 20 113 21 20
internal_value=-0.00236842 0.000168538 0.00255555 0.00590225 0.00859223 0.00584337 0.00951613 -0.00228261 -0.00227273 -0.003 -0.00361111 -0.000744682 -0.00462406
internal_weight=874 445 225 133 103 83 62 92 220 200 180 47 133
internal_count=874 445 225 133 103 83 62 92 220 200 180 47 133
is_linear=0
shrinkage=0.05


Tree=101
num_leaves=14
num_cat=0
split_feature=6 38 36 34 0 39 45 43 14 38 3 33 17
split_gain=2.13546 1.05428 1.55103 0.777012 0.995383 0.768571 0.510768 0.445157 0.222915 0.131034 0.129569 0.159355 0.0442529
threshold=-0.16354701715047482 1.0000000180025095e-35 0.76433340891094093 -0.20284694594919631 -1.0000000180025095e-35 -0.94930320908435983 2.0286021187827918 -0.30000087309080403 1.5851659603270629 -0.15532946745947249 -1.1273432582786325 -0.25469811563085037 -1.3898590904694055
decision_type=2 2 2 2 2 2 2 2 2 2 2 2 2
left_child=-1 2 3 4 -2 -3 8 -6 10 -5 -7 -12 -13
right_child=1 5 -4 9 7 6 -8 -9 -10 -11 11 12 -14
leaf_value=-0.45998630834670506 0.025405942167257663 0.016998622804522634 0.0082042934053989675 -0.022556965583682972 0.01406053424034346 -0.0014469613298210276 0.0033196732159019638 -0.022314267159410074 0.00077131984671899268 -0.011347042962217843 -0.00098239818034554297 -0.019034629501231606 -0.018552515302770047
leaf_weight=429 35 20 22 38 27 20 20 25 24 20 20 20 154
leaf_count=429 35 20 22 38 27 20 20 25 24 20 20 20 154
internal_value=-0.00248284 -5.6181e-05 0.00308383 0.0012069 0.0041954 -0.00194245 -0.00267442 -0.000192309 -0.00331933 -0.00327586 -0.00383178 -0.00422681 -0.00471264
internal_weight=874 445 167 145 87 278 258 52 238 58 214 194 174
internal_count=874 445 167 145 87 278 258 52 238 58 214 194 174
is_linear=0
shrinkage=0.05


Tree=102
num_leaves=13
num_cat=0
split_feature=6 35 4 9 2 5 42 41 18 35 9 16
split_gain=2.23363 1.00721 1.1132 0.930769 1.09071 1.24079 1.225 0.685526 0.323563 0.31962 0.146667 0.0389234
threshold=-0.16354701715047482 0.67142550625552566 0.25227607101337429 -0.26335104379841939 1.0000000180025095e-35 -0.1512991639005585 0.49356731547247662 0.016029209548060454 -0.58622960087693643 1.9629573717916322 -0.053474480262285844 0.78738130587439181
decision_type=2 2 2 2 2 2 2 2 2 2 2 2
left_child=-1 2 3 -2 5 -5 -7 8 -6 11 -4 -3
right_child=1 9 10 4 7 6 -8 -9 -10 -11 -12 -13
leaf_value=-0.43698699292936932 -0.038743720908195133 -0.01775321087761892 7.0114749843995516e-05 0.035749444741863048 -0.025018472522377322 -0.005417129574031395 0.012514487547388854 0.0032251737258244977 0.00065307494572459251 0.0048782341187300939 -0.073849061240804939 -0.072136874189745098
leaf_weight=429 39 94 20 26 34 36 24 38 37 21 55 21
leaf_count=429 39 94 20 26 34 36 24 38 37 21 55 21
internal_value=-0.00242563 5.61786e-05 0.0016343 0.00333333 0.00474359 0.00895349 0.005 0.00142202 -0.00147887 -0.00352941 -0.00366667 -0.00456522
internal_weight=874 445 309 234 195 86 60 109 71 136 75 115
internal_count=874 445 309 234 195 86 60 109 71 136 75 115
is_linear=0
shrinkage=0.05


Tree=103
num_leaves=14
num_cat=0
split_feature=6 2 43 11 13 2 43 34 4 36 33 35 36
split_gain=2.43658 0.789979 1.21996 1.43983 1.38459 1.43622 1.09402 0.588849 0.442901 0.405346 0.271934 0.402706 0.12381
threshold=-0.16354701715047482 0.25094437310260931 -0.12253267799145244 0.85815554519902371 0.99905156599205769 -0.71507766143039453 -0.44618888815407526 0.49648789854774228 -0.11998185403631688 1.1247714145145269 0.32512170114891653 0.038489360231208476 0.67851483614818242
decision_type=2 2 2 2 2 2 2 2 2 2 2 2 2
left_child=-1 2 3 4 5 -2 -7 -4 -9 10 -3 -12 -13
right_child=1 9 7 -5 -6 6 -8 8 -10 -11 11 12 -14
leaf_value=-0.41513764328290048 -0.0063812760984190038 -0.029990117722946408 -0.023556917121612328 -0.010409247768946361 -0.015804365341386916 0.0071964032872130343 0.033734619803203594 0.0028220109309612172 -0.017739202184448313 0.0011664908240911476 0.0027447531677780076 -0.013152553536649262 -0.0019518692345071309
leaf_weight=429 24 84 61 34 22 26 29 25 22 30 28 39 21
leaf_count=429 24 84 61 34 22 26 29 25 22 30 28 39 21
internal_value=-0.00231121 0.000280898 0.00220164 0.00537037 0.00836634 0.0114557 0.0159091 -0.00175926 0.00244681 -0.0020297 -0.00296512 -0.00102273 -0.00333333
internal_weight=874 445 243 135 101 79 55 108 47 202 172 88 60
internal_count=874 445 243 135 101 79 55 108 47 202 172 88 60
is_linear=0
shrinkage=0.05


Tree=104
num_leaves=14
num_cat=0
split_feature=6 38 11 0 13 20 7 8 43 2 8 34 41
split_gain=2.334 0.908774 1.53053 1.2268 0.329989 0.310231 0.290849 0.507039 0.625 0.352574 0.25098 0.156044 0.156044
threshold=-0.16354701715047482 1.0000000180025095e-35 -0.75180419040202018 1.2485767956218459 -0.60118302126010925 -0.3984085747753941 0.22628827200261711 0.22211120060350439 -0.16670917596224125 -0.22595258065419013 0.42858607410769528 1.3322783224587178 -0.36225358769765542
decision_type=2 2 2 2 2 2 2 2 2 2 2 2 2
left_child=-1 2 -2 4 -4 10 11 8 -8 -9 -6 -3 -11
right_child=1 6 3 -5 5 -7 7 9 -10 12 -12 -13 -14
leaf_value=-0.39438076111875603 0.016612808860082495 -0.01608365795378373 0.023529759490101415 0.016195086295918083 -0.0033532697684437521 -0.039816636349955553 -0.020931099251315591 0.00052606872328546037 0.0033411395423374006 -0.021761422979813767 0.00097336857544021963 -0.00015240696037906152 -0.025741445506777108
leaf_weight=429 26 71 20 20 34 47 24 36 36 20 20 20 71
leaf_count=429 26 71 20 20 34 47 24 36 36 20 20 20 71
internal_value=-0.00236842 0.000168538 0.00308383 0.00102837 -0.00086777 -0.0020297 -0.00158274 -0.000454547 0.00333333 -0.0022441 0.000555554 -0.0039011 -0.0039011
internal_weight=874 445 167 141 121 101 278 187 60 127 54 91 91
internal_count=874 445 167 141 121 101 278 187 60 127 54 91 91
is_linear=0
shrinkage=0.05


Tree=105
num_leaves=12
num_cat=0
split_feature=30 36 47 10 7 5 48 41 35 12 7
split_gain=1.5673 1.24852 0.412648 0.690068 0.983428 0.431525 0.407445 0.268983 0.136742 0.132168 0.137268
threshold=-0.15196273303199975 -0.90054690268657411 0.6850046860900979 0.54798206627589441 0.15898516586561084 1.8426139827730674 -1.5804302443708151 -0.9120716368173456 1.5695105783170569 -0.39206532149820422 0.15898516586561084
decision_type=2 2 2 2 2 2 2 2 2 2 2
left_child=-1 -2 5 4 -4 6 -3 -8 9 10 -9
right_child=1 2 3 -5 -6 -7 7 8 -10 -11 -12
leaf_value=-0.33437603913194325 0.012941984604534851 0.0073399511906822971 -0.013425942786811508 -0.013795312989676824 0.0047950879812843974 0.002630368761632469 0.00089161014269405051 -0.029519552457045163 -0.00099360005748149057 -0.01233565158850757 -0.0015662847867763752
leaf_weight=413 33 24 35 31 38 21 22 23 20 168 29
leaf_count=413 33 24 35 31 38 21 22 23 20 168 29
internal_value=-0.00278297 -0.000720722 -0.00147202 0.00125 0.00390411 -0.00239414 -0.0029021 -0.00347328 -0.00395833 -0.00431818 -0.00211539
internal_weight=857 444 411 104 73 307 286 262 240 220 52
internal_count=857 444 411 104 73 307 286 262 240 220 52
is_linear=0
shrinkage=0.05


Tree=106
num_leaves=14
num_cat=0
split_feature=6 36 37 44 45 44 44 36 36 37 44 3 2
split_gain=1.64453 1.18914 0.531443 0.825397 0.91746 0.54982 0.277662 0.666822 1.04489 0.109129 0.0451977 0.0432886 4.44089e-16
threshold=-0.16354701715047482 -0.90054690268657411 0.89361022062043771 0.67993476182466839 0.0087455633868339031 -0.83668054239860357 0.557627076000211 0.28374940143949318 0.76433340891094093 -0.75940922368765429 -1.2892189799490958 -1.1273432582786325 1.0213163753251315
decision_type=2 2 2 2 2 2 2 2 2 2 2 2 2
left_child=10 -2 5 4 -4 -3 9 -8 -9 -7 -1 -11 -12
right_child=1 2 3 -5 -6 6 7 8 -10 11 12 -13 -14
leaf_value=-0.52919129806073772 0.012294885374307951 0.017194075130560621 -0.00038114456996075577 -0.01704275379643504 0.015654036584691399 -0.035059344354907783 -0.051091246853038542 0.011327227073834285 -0.024309382783760072 -0.013568017994086518 -0.3151775892639278 -0.0070758530489577398 -0.33028211121427742
leaf_weight=21 33 34 28 28 35 26 53 21 37 20 369 129 23
leaf_count=21 33 34 28 28 35 26 53 21 37 20 369 129 23
internal_value=-0.00260794 -0.000495497 -0.00122871 0.00214286 0.00531746 -0.0021875 -0.0029021 -0.000945947 0.00275862 -0.00414286 -0.00487894 -0.00466443 -0.005
internal_weight=857 444 411 91 63 320 286 111 58 175 413 149 392
internal_count=857 444 411 91 63 320 286 111 58 175 413 149 392
is_linear=0
shrinkage=0.05


Tree=107
num_leaves=14
num_cat=0
split_feature=6 36 41 35 45 33 12 33 46 18 13 16 33
split_gain=1.6382 0.819282 0.426657 0.411533 0.403784 0.24576 0.535497 0.271336 0.304838 0.478139 0.239615 0.101426 0.0391304
threshold=-0.16354701715047482 -0.81472832992381561 -0.9120716368173456 -0.90236166764277626 2.0286021187827918 -0.47639392792899665 0.38921393734185333 0.18869350896544196 -0.21021055756209545 -0.58622960087693643 1.0000000180025095e-35 -0.1126968926103306 0.42744284528652249
decision_type=2 2 2 2 2 2 2 2 2 2 2 2 2
left_child=11 -2 -3 -4 5 6 -5 -7 9 -9 -10 -1 -12
right_child=1 2 3 4 -6 7 -8 8 10 -11 12 -13 -14
leaf_value=-0.39785088769798765 0.0059388364585412556 0.0032534879121767024 0.0025614880903646114 0.0081234241798718385 0.002002606606333402 -0.0089071404838424965 -0.01264219841173863 -0.011254625368125116 3.7835364874935299e-05 0.060785695255531492 -0.015307522459096804 -0.10257598728450379 -0.021563123585189171
leaf_weight=377 39 24 26 29 20 99 22 28 38 27 20 36 72
leaf_count=377 39 24 26 29 20 99 22 28 38 27 20 36 72
internal_value=-0.00249125 -0.000382884 -0.00104938 -0.00145669 -0.00190141 -0.00231343 0.000882352 -0.00288733 -0.00175676 0.00136364 -0.00307692 -0.00475787 -0.00445652
internal_weight=857 444 405 381 355 335 51 284 185 55 130 413 92
internal_count=857 444 405 381 355 335 51 284 185 55 130 413 92
is_linear=0
shrinkage=0.05


Tree=108
num_leaves=19
num_cat=0
split_feature=30 40 37 41 12 42 38 2 35 42 48 9 9 8 2 2 2 0
split_gain=1.61296 0.54675 0.544273 0.5 0.460661 0.982987 0.415984 0.748142 0.595238 0.226573 0.41979 0.173562 0.427907 0.106843 0.0366667 0.0256098 4.44089e-16 2.22045e-16
threshold=-0.28792285989164995 -1.0387977315347496 1.2982556054250229 -0.022196650434606471 1.4309196157952637 0.63506569669745461 -0.29936617191938369 1.0000000180025095e-35 -0.57734040346812698 0.49356731547247662 -0.6742562721864499 1.0000000180025095e-35 -0.21088190291438599 -0.50055085666116339 0.78898196195643433 0.75229758089821896 0.92349135916989056 0.74914607737310757
decision_type=2 2 2 2 2 2 2 2 2 2 2 2 2 2 2 2 2 2
left_child=16 -2 4 -4 6 -6 7 8 -3 13 -11 12 -12 -8 -13 -9 -1 -15
right_child=1 2 3 -5 5 -7 9 15 -10 10 11 14 -14 17 -16 -17 -18 -19
leaf_value=-0.66908070531236608 0.0017570369471088922 -0.00039624245131433458 0.013848931731349197 -0.00069855000379500428 0.61784259945629039 -0.022369966155252757 -0.0014279368873281678 -0.04526743552875389 0.032227247421678908 0.0014884203578352908 -0.079810192189513185 -0.0098466261112687952 0.0050923660186948808 -0.011165085897809183 -0.018074249608629151 -0.098522713479711699 -0.49579406287942107 -0.031698706670911597
leaf_weight=337 20 21 25 25 22 28 30 20 21 28 23 55 20 79 20 21 20 42
leaf_count=337 20 21 25 25 22 28 30 20 21 28 23 55 20 79 20 21 20 42
internal_value=-0.00243291 -0.000600001 -0.000937501 0.004 -0.00151163 0.003 -0.00210526 0.0010241 0.00571428 -0.0029798 -0.00157534 -0.00288136 -0.000348838 -0.00433775 -0.00433333 -0.00378049 -0.005 -0.005
internal_weight=857 500 480 50 430 50 380 83 42 297 146 118 43 151 75 41 357 121
internal_count=857 500 480 50 430 50 380 83 42 297 146 118 43 151 75 41 357 121
is_linear=0
shrinkage=0.05


Tree=109
num_leaves=15
num_cat=0
split_feature=6 36 39 36 38 49 45 39 12 45 39 6 8 4
split_gain=1.40051 0.598223 0.338048 0.469452 0.837063 1.0275 1.19899 0.680847 0.436364 0.430237 0.188482 0.04375 0.0406542 4.44089e-16
threshold=-0.25068728491757275 -1.0035291900018841 2.5344156950948418 -0.33414432245236808 -0.1141761233280693 0.23152548893966207 -0.040220656137916581 -0.94466709577038876 -0.13163890188485169 1.4165243747234106 -0.50098744942005613 -0.076406749383376896 0.94477325786817234 0.43840503353821986
decision_type=2 2 2 2 2 2 2 2 2 2 2 2 2 2
left_child=13 -2 3 12 5 8 -7 -6 -5 10 -9 -12 -3 -1
right_child=1 2 -4 4 7 6 -8 9 -10 -11 11 -13 -14 -15
leaf_value=-0.60323572972895723 0.0029169827339470692 -0.021184218919158525 0.66014904675194841 0.0099339620870712055 0.0090363440031279892 0.017111848259017216 -0.0025872811684186365 -0.00046928345262601374 -0.04451769697739167 0.0019760849507196704 -0.039595452224292005 -0.010689746579642306 -0.065606422996651384 -0.66285924171070354
leaf_weight=321 33 87 20 22 23 23 20 34 33 25 20 140 20 36
leaf_count=321 33 87 20 22 23 23 20 34 33 25 20 140 20 36
internal_value=-0.00260794 -0.000900001 -0.00135974 -0.0016443 -0.000735295 0.00316326 0.00895349 -0.00231405 -0.00136364 -0.00317352 -0.00396907 -0.0046875 -0.00453271 -0.005
internal_weight=857 500 467 447 340 98 43 242 55 219 194 160 107 357
internal_count=857 500 467 447 340 98 43 242 55 219 194 160 107 357
is_linear=0
shrinkage=0.05


Tree=110
num_leaves=14
num_cat=0
split_feature=6 38 5 5 36 9 34 41 15 13 48 35 2
split_gain=1.62865 1.42679 1.28163 0.584808 0.380911 0.732101 0.43548 0.285832 0.163734 0.12 0.103125 0.309375 4.44089e-16
threshold=-0.25068728491757275 -0.78291796546337122 -0.6933338057147479 1.7651804625138974 0.97029798354156138 0.10393294238981436 -0.68044147389832499 -0.87058312276918193 -0.6235840104429119 0.39896359577249502 0.6850046860900979 0.48325530068072864 0.88680697811167519
decision_type=2 2 2 2 2 2 2 2 2 2 2 2 2
left_child=12 2 -2 4 6 -6 -3 -8 -9 -7 -10 -12 -1
right_child=1 3 -4 -5 5 9 7 8 10 -11 11 -13 -14
leaf_value=-0.64513505606062427 -0.06585747286827652 0.0071473844479685439 0.0090972907592155924 0.033821929781459183 0.0076776629579135254 -0.00026616744861349145 0.003355605855976693 -0.0075623029435812981 -0.020470295547461673 -0.023648358242970721 -0.015287105401085167 0.00058902387285551219 -0.44371722489023074
leaf_weight=353 21 33 33 37 35 20 21 35 176 30 44 20 20
leaf_count=353 21 33 33 37 35 20 21 35 176 30 44 20 20
internal_value=-0.00249431 -0.000643566 0.00703704 -0.00156319 -0.00210145 0.000882352 -0.00287234 -0.00347973 -0.00390909 -0.003 -0.004375 -0.00265625 -0.005
internal_weight=878 505 54 451 414 85 329 296 275 50 240 64 373
internal_count=878 505 54 451 414 85 329 296 275 50 240 64 373
is_linear=0
shrinkage=0.05


Tree=111
num_leaves=16
num_cat=0
split_feature=6 38 5 5 34 34 36 17 17 46 2 2 2 2 0
split_gain=1.70352 1.39024 1.28163 0.335313 0.375383 0.7983 0.304044 1.35659 0.7009 0.274892 0.0709481 0.146922 0.0267442 4.44089e-16 2.22045e-16
threshold=-0.25068728491757275 -0.78291796546337122 -0.6933338057147479 1.7651804625138974 0.56471568825476071 0.36003231913370548 0.57553254883287208 -0.5945283720326725 1.336989087027965 0.9539362034275003 0.29985688118022974 -0.22595258065419013 0.15311935694736836 0.88680697811167519 1.2485767956218459
decision_type=2 2 2 2 2 2 2 2 2 2 2 2 2 2 2
left_child=13 2 -2 4 5 6 8 -8 9 14 11 -6 -9 -1 -3
right_child=1 3 -4 -5 10 -7 7 12 -10 -11 -12 -13 -14 -15 -16
leaf_value=-0.61287830325759374 -0.062564599224862114 -0.021091340874704309 0.0086424262212544348 0.0321308332923851 -0.010059237416614412 0.0025474993215861682 0.018340925992322812 -0.03616573639731014 0.0065584834212156357 -0.0019764381367410352 -0.018491985875215139 -0.00042831664383121971 -0.00054225302616076802 -0.42153136364571897 -0.072839905992010831
leaf_weight=353 21 102 33 37 35 29 21 23 25 27 75 32 20 20 25
leaf_count=353 21 102 33 37 35 29 21 23 25 27 75 32 20 20 25
internal_value=-0.00243736 -0.000544556 0.00703704 -0.00145233 -0.0018599 -0.00077206 -0.00170782 0.00125 -0.00276536 -0.00402598 -0.00394366 -0.0027612 -0.00383721 -0.005 -0.005
internal_weight=878 505 54 451 414 272 243 64 179 154 142 67 43 373 127
internal_count=878 505 54 451 414 272 243 64 179 154 142 67 43 373 127
is_linear=0
shrinkage=0.05


Tree=112
num_leaves=16
num_cat=0
split_feature=6 38 5 5 14 19 43 2 14 13 2 19 10 34 2
split_gain=1.55546 1.46381 1.28163 0.338432 0.408365 0.465813 0.878431 1.05861 0.325542 0.54418 0.759753 0.782609 0.121569 0.0411504 4.44089e-16
threshold=-0.25068728491757275 -0.78291796546337122 -0.6933338057147479 2.1039521136477659 0.77046870709449045 1.0000000180025095e-35 -0.25415346890273433 -0.11589943747954412 -0.45157717275436821 0.79902224258553678 0.48327878647130645 -0.6133503958973926 0.73934365449905193 -0.16873305109568712 0.88680697811167519
decision_type=2 2 2 2 2 2 2 2 2 2 2 2 2 2 2
left_child=14 2 -2 4 5 8 12 -8 -3 10 11 -10 -7 -6 -1
right_child=1 3 -4 -5 13 6 7 -9 9 -11 -12 -13 -14 -15 -16
leaf_value=-0.58223438809471428 -0.059436369263619296 -0.0086466902168850918 0.0082103049101918471 0.61132595593126238 -0.016130045931338762 -0.031367938587732118 -0.0064324491211994461 0.013460788029570687 -0.01211191505328999 -0.013803566349727382 -0.022717920750645746 0.0076012790409441949 0.00057534285138775008 -0.012549928219690471 -0.4004547954634326
leaf_weight=353 21 77 33 21 20 31 26 28 23 51 38 23 20 93 20
leaf_count=353 21 77 33 21 20 31 26 28 23 51 38 23 20 93 20
internal_value=-0.00255125 -0.000742575 0.00703704 -0.00167406 -0.00197675 -0.00105678 0.00166667 0.00611111 -0.00240566 -0.000925927 0.00154762 0.00586956 -0.00303922 -0.00455752 -0.005
internal_weight=878 505 54 451 430 317 105 54 212 135 84 46 51 113 373
internal_count=878 505 54 451 430 317 105 54 212 135 84 46 51 113 373
is_linear=0
shrinkage=0.05


Tree=113
num_leaves=15
num_cat=0
split_feature=6 38 2 36 13 16 45 34 17 17 8 44 8 2
split_gain=1.62865 1.10351 1.04762 0.368875 1.00873 0.608034 1.13821 0.495296 0.332623 0.271858 0.0731622 0.148897 0.0444134 4.44089e-16
threshold=-0.25068728491757275 -0.78291796546337122 0.01860995973391211 0.97029798354156138 1.0000000180025095e-35 0.8557416753795607 0.24133510612939874 -0.68044147389832499 1.0000000180025095e-35 1.336989087027965 -0.19083854640487727 0.043934795537489774 1.0996294129963158 0.88680697811167519
decision_type=2 2 2 2 2 2 2 2 2 2 2 2 2 2
left_child=13 2 -2 5 -5 7 -7 -3 -6 10 11 -9 -12 -1
right_child=1 3 -4 4 8 6 -8 9 -10 -11 12 -13 -14 -15
leaf_value=-0.55312266868997839 0.018883701873684332 0.0073616524669430907 -0.0097093748620008021 0.0055675445297305214 0.001025171130308418 0.58075965813469699 -0.098970012673589361 -0.0032999134319167665 -0.01375070956496543 0.00045910093786860552 -0.013646860835099639 -0.019648454430905779 -0.019717243193273629 -0.38043205569026028
leaf_weight=353 33 31 21 28 28 21 20 32 39 37 159 36 20 20
leaf_count=353 33 31 21 28 28 21 20 32 39 37 159 36 20 20
internal_value=-0.00249431 -0.000643566 0.00611111 -0.00145233 0.00131579 -0.00219101 0.00353658 -0.00293651 -0.00201493 -0.00359155 -0.00419028 -0.00279412 -0.00472067 -0.005
internal_weight=878 505 54 451 95 356 41 315 67 284 247 68 179 373
internal_count=878 505 54 451 95 356 41 315 67 284 247 68 179 373
is_linear=0
shrinkage=0.05


Tree=114
num_leaves=17
num_cat=0
split_feature=6 35 45 45 15 13 43 37 3 6 11 10 42 35 37 2
split_gain=1.62865 0.864093 0.485369 0.714694 0.728139 0.44353 0.446987 0.597487 0.434682 0.381216 0.509697 0.225295 0.409756 0.134426 0.0413793 4.44089e-16
threshold=-0.25068728491757275 -1.1076382555425546 -0.38298419281116997 -0.64005684531610996 0.26952030245539771 0.79902224258553678 0.44104869089782534 0.89361022062043771 0.6850046860900979 0.35929458945211284 0.53616359807881486 1.0000000180025095e-35 1.0000000180025095e-35 -0.42338296254329316 1.1346755562487012 0.88680697811167519
decision_type=2 2 2 2 2 2 2 2 2 2 2 2 2 2 2 2
left_child=15 -2 3 8 -5 6 7 9 13 11 -11 12 -4 -3 -7 -1
right_child=1 2 5 4 -6 14 -8 -9 -10 10 -12 -13 -14 -15 -16 -17
leaf_value=-0.52546653525547937 0.0040782637920971209 -0.0019502426583330173 0.0017086015117771848 -0.00039291144608679524 0.036458343971904721 -0.012503123619547814 -0.033168754033111127 0.0050970640525501397 0.0077973971013666002 0.0070150865686827435 -0.0084671678853636759 -0.032278041210004792 -0.025331460344493961 -0.045766391908642207 -0.0083629990159908036 -0.3614104529057478
leaf_weight=353 21 20 20 20 22 96 50 36 27 30 25 56 21 41 20 20
leaf_count=353 21 20 20 20 22 96 50 36 27 30 25 56 21 41 20 20
internal_value=-0.00249431 -0.000643566 -0.00107438 0.00153846 0.00690476 -0.0020339 -0.000798321 0.000319148 -0.00102273 -0.00105263 0.00227273 -0.00293815 -0.000121952 -0.00336066 -0.00456897 -0.005
internal_weight=878 505 484 130 42 354 238 188 88 152 55 97 41 61 116 373
internal_count=878 505 484 130 42 354 238 188 88 152 55 97 41 61 116 373
is_linear=0
shrinkage=0.05


Tree=115
num_leaves=15
num_cat=0
split_feature=6 35 7 7 12 15 6 44 5 13 36 33 0 0
split_gain=2.03588 0.811433 0.527969 1.18201 0.993177 1.21334 0.912745 0.794669 0.399646 0.654534 1.08088 0.172789 4.44089e-16 2.22045e-16
threshold=-0.25068728491757275 -1.1418510201925178 0.091682059728604548 0.63010690882465481 1.0000000180025095e-35 -0.17703185399375715 0.70785566052050475 -0.72660362515659183 1.8426139827730674 1.0000000180025095e-35 -0.042361175058989169 -0.76630383631887999 1.2485767956218459 1.2485767956218459
decision_type=2 2 2 2 2 2 2 2 2 2 2 2 2 2
left_child=12 -2 7 4 5 -4 -6 -3 9 10 -5 -9 -1 -13
right_child=1 2 3 8 6 -7 -8 11 -10 -11 -12 13 -14 -15
leaf_value=-0.41580754428021161 0.0037662055803471643 0.0039095799764908498 -0.037624181657622241 -0.017223908188392166 -0.0064657645184223473 0.014833715516407615 0.0024997570917057264 -0.00013547950583647078 9.8999163062486655e-05 -0.018054047129444913 0.0024423165459476247 -0.0197808521421379 -0.4983037906568395 -0.049057514357554725
leaf_weight=321 26 32 22 27 38 39 30 20 21 109 24 107 51 20
leaf_count=321 26 32 22 27 38 39 30 20 21 109 24 107 51 20
internal_value=-0.00218151 -0.000145632 -0.000603273 0.00064516 0.00430232 0.00893443 0.000147058 -0.00276536 -0.00196133 -0.0028125 0.00186274 -0.00431973 -0.005 -0.005
internal_weight=887 515 489 310 129 61 68 179 181 160 51 147 372 127
internal_count=887 515 489 310 129 61 68 179 181 160 51 147 372 127
is_linear=0
shrinkage=0.05


Tree=116
num_leaves=17
num_cat=0
split_feature=7 7 31 9 17 8 37 37 20 5 31 38 44 15 36 3
split_gain=1.62156 0.78358 1.13032 0.890642 0.959475 0.983543 1.08908 0.541667 0.4 0.313215 0.286544 0.824917 0.333587 0.273529 0.0442857 0.0386364
threshold=0.091682059728604548 1.0339255456466927 1.0000000180025095e-35 0.3662786468099814 0.42803969452884144 -0.087601109652781853 0.34260373918440695 0.20485211882539925 -0.26560571651692938 1.8038972226434824 -0.42985506619117303 -0.80349463752907291 -0.87337284814594074 0.49279638067997511 -0.81472832992381561 -0.6742562721864499
decision_type=2 2 2 2 2 2 2 2 2 2 2 2 2 2 2 2
left_child=10 2 -2 4 5 -4 8 -6 -7 15 -1 -12 -13 -5 -14 -3
right_child=1 9 3 13 7 6 -8 -9 -10 -11 11 12 14 -15 -16 -17
leaf_value=-0.90082256119219639 -0.11215077615908052 -0.015630351554772336 0.0031381778049523151 0.00011045148939800888 0.0041553687095079754 0.0013825786949576869 0.022627146442426405 -0.0027734255687338616 -0.03914760558071341 0.070334720076338106 0.0035130082364755299 -0.00038502556078389913 -0.025841079895186938 -0.0025176327212915054 -0.021899470846209079 -0.049678600464359318
leaf_weight=299 47 20 28 20 24 20 28 26 20 20 39 22 20 31 155 68
leaf_count=299 47 20 28 20 24 20 28 26 20 20 39 22 20 31 155 68
internal_value=-0.00223788 0.000397726 0.00196721 0.00362944 0.00561644 0.00854167 0.00529412 -1.19209e-09 -1.19209e-09 -0.00314815 -0.00397196 -0.00266949 -0.00398477 -0.00205882 -0.00471429 -0.00443182
internal_weight=887 352 244 197 146 96 68 50 40 108 535 236 197 51 175 88
internal_count=887 352 244 197 146 96 68 50 40 108 535 236 197 51 175 88
is_linear=0
shrinkage=0.05


Tree=117
num_leaves=16
num_cat=0
split_feature=6 2 5 33 37 49 4 7 13 40 7 42 38 5 0
split_gain=1.95526 0.632846 0.660419 1.61278 0.612392 0.894662 1.06341 0.609668 0.837181 0.510436 0.227668 0.219336 0.419048 0.142029 4.44089e-16
threshold=-0.25068728491757275 0.27540062714141955 -0.1512991639005585 -0.25469811563085037 0.03266259337663964 0.68465394586442807 -0.11998185403631688 0.36089448427662973 -0.20112437444706763 -0.55206625378430563 0.63010690882465481 0.049282188409434553 0.03671947182040932 1.62967180206035 1.2485767956218459
decision_type=2 2 2 2 2 2 2 2 2 2 2 2 2 2 2
left_child=14 2 3 9 11 6 -6 -3 -9 -2 -10 12 -4 -12 -1
right_child=1 7 4 -5 5 -7 -8 8 10 -11 13 -13 -14 -15 -16
leaf_value=-0.39372508014690677 -0.012429146263050757 -0.024614447426180963 -0.02811445311929673 0.019451343404183377 0.010113144373075932 -0.017211750868415435 -0.0001808334900486191 0.0072421376959862357 0.0011154846199891882 0.0081633794530862735 -0.033041893090484539 -0.011546008824775179 0.0015491627333269688 -0.00094168886426243981 -0.47229362220228899
leaf_weight=321 38 105 22 20 31 38 38 27 30 20 49 57 20 20 51
leaf_count=321 38 105 22 20 31 38 38 27 30 20 49 57 20 20 51
internal_value=-0.00223788 -0.00024272 0.00133803 0.00525641 -0.000145632 0.00247663 0.00586956 -0.00218615 0.000158729 0.00103448 -0.0019697 -0.0029798 -0.000238096 -0.00355073 -0.005
internal_weight=887 515 284 78 206 107 69 231 126 58 99 99 42 69 372
internal_count=887 515 284 78 206 107 69 231 126 58 99 99 42 69 372
is_linear=0
shrinkage=0.05


Tree=118
num_leaves=17
num_cat=0
split_feature=6 35 39 36 36 2 7 6 35 9 33 46 36 35 2 0
split_gain=1.7989 0.532923 0.501596 0.609782 0.57099 1.35601 0.677554 0.919371 1.0431 1.78065 0.402299 0.4 0.313346 0.267893 0.0346154 4.44089e-16
threshold=-0.25068728491757275 -1.1418510201925178 0.55459540806065355 -0.35130803700491975 0.0091299685986659298 1.0000000180025095e-35 -0.042924152545408031 1.1435569993559944 0.15823403650607928 0.10393294238981436 1.0000000180025095e-35 0.022618794635823666 -1.020692904554436 1.5695105783170569 -0.29932134277062078 1.2485767956218459
decision_type=2 2 2 2 2 2 2 2 2 2 2 2 2 2 2 2
left_child=15 -2 3 12 5 -5 14 8 10 -10 -8 -7 -3 -4 -6 -1
right_child=1 2 13 4 6 11 7 -9 9 -11 -12 -13 -14 -15 -16 -17
leaf_value=-0.37403882613956141 0.0024296777192978451 0.0010679834993912909 -0.034517455694210962 0.040423245386992518 -0.016940937328701073 0.0065881105711462305 -0.008737249198056159 -0.028978721664568108 0.0048406978205869089 0.00017781470604598707 0.0015848670570217571 -0.016189708209257584 -0.016176519148244702 -0.014550799432669018 -0.020587604232979773 -0.44867894109217393
leaf_weight=321 26 22 89 22 20 20 28 37 22 36 30 20 72 26 45 51
leaf_count=321 26 22 89 22 20 20 28 37 22 36 30 20 72 26 45 51
internal_value=-0.00235062 -0.000436894 -0.000807772 8.02127e-05 0.00125 0.00548387 4.58704e-05 0.00186274 0.00405172 0.0087931 -0.000689656 -1.19209e-09 -0.00340426 -0.00369565 -0.00423077 -0.005
internal_weight=887 515 489 374 280 62 218 153 116 58 58 40 94 115 65 372
internal_count=887 515 489 374 280 62 218 153 116 58 58 40 94 115 65 372
is_linear=0
shrinkage=0.05


Tree=119
num_leaves=18
num_cat=0
split_feature=6 7 7 37 38 13 41 36 6 5 8 3 2 37 3 2 2
split_gain=2.03588 0.492796 0.948966 1.02806 0.894984 0.670375 0.916825 0.760547 0.72 0.313215 0.178232 0.174519 0.123077 0.0904429 0.0386364 0.0277778 4.44089e-16
threshold=-0.25068728491757275 1.0339255456466927 0.091682059728604548 1.2982556054250229 -0.80349463752907291 0.99905156599205769 -0.28962575377344563 0.98746169809411299 0.097873786150819 1.8038972226434824 -0.13921982802882954 1.1380916721822807 0.72784132685940872 -0.34615436261063143 -0.6742562721864499 0.43436627839368602 0.81343821599524457
decision_type=2 2 2 2 2 2 2 2 2 2 2 2 2 2 2 2 2
left_child=16 2 4 5 -2 6 8 10 -4 14 -8 13 -7 -6 -3 -12 -1
right_child=1 9 3 -5 11 12 7 -9 -10 -11 15 -13 -14 -15 -16 -17 -18
leaf_value=-0.40280604297445255 0.0020941418678641567 -0.012438181816634017 0.017097459632152864 0.018032392789484358 -0.014414758081418934 -0.039312937944594645 0.00024256907811651951 0.0017860532125848266 0.00674523893065479 0.066544000855677063 -0.019851369047690672 -0.0023152057769368437 -0.00096912444679209174 -0.021489222210360384 -0.045717423991896051 -0.015252086086446716 -0.28284174662569816
leaf_weight=345 33 20 25 22 33 32 23 22 25 20 25 30 20 97 68 20 27
leaf_count=345 33 20 25 22 33 32 23 22 25 20 25 30 20 97 68 20 27
internal_value=-0.00218151 -0.000145632 0.000651104 0.00294392 -0.00189119 0.00177083 0.00357143 0.000555554 0.009 -0.00314815 -0.00205882 -0.0034375 -0.00307692 -0.00423077 -0.00443182 -0.00388889 -0.005
internal_weight=887 515 407 214 193 192 140 90 50 108 68 160 52 130 88 45 372
internal_count=887 515 407 214 193 192 140 90 50 108 68 160 52 130 88 45 372
is_linear=0
shrinkage=0.05


Tree=120
num_leaves=16
num_cat=0
split_feature=6 47 5 7 9 9 6 39 45 17 41 39 39 3 5
split_gain=1.90146 0.590646 0.513117 0.528035 0.556128 0.649274 1.25714 1.38528 0.578571 0.467081 0.349018 0.837181 0.149367 0.133619 0.0386364
threshold=-0.16354701715047482 1.5911786582744634 1.8426139827730674 1.0339255456466927 -0.26335104379841939 0.10393294238981436 0.35929458945211284 -0.099557052067340918 -0.5910906257913594 -0.82176572015745342 -0.29719915354932175 -0.37834506580389987 -0.57280248812345658 1.5911786582744634 0.33266033771925357
decision_type=2 2 2 2 2 2 2 2 2 2 2 2 2 2 2
left_child=13 2 3 4 -2 6 8 -8 -6 -10 11 -7 -12 -1 -5
right_child=1 -3 -4 14 5 10 7 -9 9 -11 12 -13 -14 -15 -16
leaf_value=-0.24617954431291086 -0.014067836414820102 0.0071630936913932713 0.22357330679831999 -0.082320662479473561 0.010103749906566767 -0.024332656082930997 0.0053461293465829566 0.0008464306876296286 0.010828984062266702 -0.014970120133255885 -0.00043856996427494129 0.0058241349526601156 -0.018418624509646587 -0.036067440650778652 -0.02300038912005993
leaf_weight=405 48 24 27 20 20 33 20 22 23 47 20 21 59 28 68
leaf_count=405 48 24 27 20 20 33 20 22 23 47 20 21 59 28 68
internal_value=-0.00240113 -0.000132745 -0.000560749 -0.00100998 -4.79245e-05 0.000849055 0.00333333 0.0104762 -1.19209e-09 -0.00214286 -0.00161654 0.00148148 -0.00373418 -0.00476905 -0.00443182
internal_weight=885 452 428 401 313 265 132 42 90 70 133 54 79 433 88
internal_count=885 452 428 401 313 265 132 42 90 70 133 54 79 433 88
is_linear=0
shrinkage=0.05


Tree=121
num_leaves=16
num_cat=0
split_feature=6 2 38 18 20 45 13 33 45 45 37 17 33 3 33
split_gain=1.72432 0.628816 0.541316 1.055 0.560173 0.668435 0.578781 0.76485 0.459574 0.344729 0.330583 0.213571 0.136508 0.133619 0.0403846
threshold=-0.16354701715047482 0.76452570791762409 -0.29936617191938369 -0.58622960087693643 -0.73041572042155589 -0.57884907091017179 0.59899291917901587 0.83672742183694637 0.48616620375315123 -0.52988285138542135 -0.72497131859790243 -0.93538439421984376 0.42744284528652249 1.5911786582744634 -0.45934040390606229
decision_type=2 2 2 2 2 2 2 2 2 2 2 2 2 2 2
left_child=13 2 3 -2 11 -6 7 8 -7 -5 -3 -4 -8 -1 -12
right_child=1 10 4 9 5 6 12 -9 -10 -11 14 -13 -14 -15 -16
leaf_value=-0.2338705670972647 0.024030518349453175 0.003059435306073173 0.00016141690175255493 -0.040272763688408833 0.32062821353798276 -0.0099984919205373651 -0.00094344632116573942 0.009807713721299632 0.0013343648898930518 0.00070046515031757257 -0.042509015018653076 -0.011125715807484889 -0.015504080643073619 -0.034264068618239517 -0.024933882322121403
leaf_weight=405 21 20 29 27 25 27 20 27 20 25 20 64 43 28 84
leaf_count=405 21 20 29 27 25 27 20 27 20 25 20 64 43 28 84
internal_value=-0.00251413 -0.000353983 0.000792682 0.00458904 -0.000294119 0.00148148 0.000109488 0.00310811 -0.000744682 0.00076923 -0.0033871 -0.0033871 -0.0034127 -0.00476905 -0.00451923
internal_weight=885 452 328 73 255 162 137 74 47 52 124 93 63 433 104
internal_count=885 452 328 73 255 162 137 74 47 52 124 93 63 433 104
is_linear=0
shrinkage=0.05


Tree=122
num_leaves=15
num_cat=0
split_feature=30 2 46 7 2 41 46 13 36 0 49 30 2 8
split_gain=1.53478 0.721292 1.04065 0.686992 1.26478 0.686532 0.340909 0.275383 0.340531 0.536907 0.536508 0.458824 0.142857 0.0376543
threshold=-0.28792285989164995 -0.33600572382883614 -0.82291937913556679 0.63010690882465481 -0.60502451825574854 -0.81929794692487645 -0.35726067473972856 0.99905156599205769 -0.12817974782174765 1.0000000180025095e-35 0.68465394586442807 0.25591764754695101 0.043066213772722343 -0.19083854640487727
decision_type=2 2 2 2 2 2 2 2 2 2 2 2 2 2
left_child=-1 2 -2 4 6 -3 -4 8 13 10 11 -10 -11 -7
right_child=1 5 3 -5 -6 7 -8 -9 9 12 -12 -13 -14 -15
leaf_value=-0.32938058322539687 0.36892369086584276 0.0057251092300121438 -0.034534536594244485 -0.024335111513008514 0.022037678733681926 -0.0092375139739410191 0.0010952726429104009 -0.0313712834934377 -0.052355467842321569 0.0011984949420802415 0.0070030218768155203 0.0020470545978050355 -0.023236038097348862 -0.014033028882929344
leaf_weight=385 24 29 27 41 22 20 33 92 26 20 21 34 50 61
leaf_count=385 24 29 27 41 22 20 33 92 26 20 21 34 50 61
internal_value=-0.00262712 -0.000800001 0.00214286 0.000284552 0.00292683 -0.0020255 -0.000833335 -0.00268519 -0.00176724 -0.00036424 0.00240741 -1.19209e-09 -0.00357143 -0.00438272
internal_weight=885 500 147 123 82 353 60 324 232 151 81 60 70 81
internal_count=885 500 147 123 82 353 60 324 232 151 81 60 70 81
is_linear=0
shrinkage=0.05


Tree=123
num_leaves=14
num_cat=0
split_feature=6 38 33 18 8 43 5 10 4 0 36 39 3
split_gain=1.47485 0.557993 1.31947 0.833333 0.488187 0.570814 0.4763 0.245894 0.375734 0.41957 0.241833 0.164286 0.133619
threshold=-0.16354701715047482 -0.29936617191938369 -0.30585868769965335 -0.58622960087693643 -0.29407598315697264 -0.22690169198546742 2.0555561634857851 0.73934365449905193 0.34534055227579702 1.0000000180025095e-35 1.1247714145145269 -0.67260010859622821 1.5911786582744634
decision_type=2 2 2 2 2 2 2 2 2 2 2 2 2
left_child=12 2 3 -2 5 -3 7 8 10 -10 11 -6 -1
right_child=1 4 -4 -5 6 -7 -8 -9 9 -11 -12 -13 -14
leaf_value=-0.21672257276375523 0.011747054788223311 -0.010111882593361458 0.0072560106724940017 -0.018194735463974359 -0.00091431576059082119 0.0011453607974633336 0.5111551273032775 -0.019656681201768895 0.0017454440863379308 -0.0023058945527556093 -0.0020976152362765957 -0.015456158859511647 -0.032071182827715712
leaf_weight=405 27 26 26 45 20 34 20 98 20 21 23 92 28
leaf_count=405 27 26 26 45 20 34 20 98 20 21 23 92 28
internal_value=-0.00268362 -0.000685842 0.00265306 -0.000833335 -0.00161017 0.0025 -0.00244898 -0.0029927 -0.001875 0.00231707 -0.00314815 -0.00410714 -0.00476905
internal_weight=885 452 98 72 354 60 294 274 176 41 135 112 433
internal_count=885 452 98 72 354 60 294 274 176 41 135 112 433
is_linear=0
shrinkage=0.05


Tree=124
num_leaves=15
num_cat=0
split_feature=30 11 36 9 9 43 10 48 36 36 20 43 10 0
split_gain=1.84104 1.22446 0.348751 1.06956 0.957635 0.41393 0.344357 0.303571 0.251482 0.479331 0.264706 0.534982 0.0419355 0.0272727
threshold=-0.28792285989164995 -1.0737961375222289 0.71284226525328587 0.10393294238981436 -0.10594362114631924 1.6774695808875666 -0.69586825717462975 -0.6742562721864499 -0.23116203513705788 -0.11101603326919597 -0.46481000390462651 -0.13162075223729672 1.2177476250569459 -1.0000000180025095e-35
decision_type=2 2 2 2 2 2 2 2 2 2 2 2 2 2
left_child=-1 -2 5 4 -4 6 -3 -5 12 -10 11 13 -8 -11
right_child=1 2 3 7 -6 -7 8 -9 9 10 -12 -13 -14 -15
leaf_value=-0.30207542542593901 0.0044982280896409361 0.0010154153951936334 -0.021469539956910502 0.00069398193131878488 0.012101994254102294 0.14230394594466525 -0.02356707879982526 -0.018123114400784523 0.0045030920117345181 -0.033363990555473226 -0.016582445850144362 0.0034704942301630121 -0.017137235121019809 -0.01339660645564978
leaf_weight=385 32 24 30 21 28 28 104 51 26 24 68 24 20 20
leaf_count=385 32 24 30 21 28 28 104 51 26 24 68 24 20 20
internal_value=-0.00240113 -0.000400001 -0.00104701 0.00115384 0.0062069 -0.00189349 -0.00241936 -0.00291667 -0.0029021 -0.00160494 -0.00279412 -0.000588236 -0.00459678 -0.00386364
internal_weight=885 500 468 130 58 338 310 72 286 162 136 68 124 44
internal_count=885 500 468 130 58 338 310 72 286 162 136 68 124 44
is_linear=0
shrinkage=0.05


Tree=125
num_leaves=19
num_cat=0
split_feature=6 35 2 12 46 17 9 5 8 7 36 34 41 20 36 6 2 36
split_gain=2.02274 1.25051 0.761986 0.672526 1.00685 1.38512 1.22328 0.811534 0.548369 0.431882 0.591279 0.822358 0.250039 0.170608 0.349091 0.128542 0.297458 0.038764
threshold=-0.25068728491757275 -1.0905318732175731 1.1558257725385879 0.38921393734185333 0.51278585189460091 -0.70814704609506285 0.15640208327384778 -0.38359972467806824 -0.34569470153302034 0.15898516586561084 -0.21399832058450616 -0.12182644567211197 1.2450053438119866 -0.66401429129232348 0.16360339957163125 -0.42496782045176862 -0.53165575613931781 -0.26548946424216124
decision_type=2 2 2 2 2 2 2 2 2 2 2 2 2 2 2 2 2 2
left_child=15 -2 3 4 7 -6 -7 -3 -5 -9 -11 -12 13 14 -10 -1 -17 -4
right_child=1 2 17 8 5 6 -8 9 12 10 11 -13 -14 -15 -16 16 -18 -19
leaf_value=-0.62741757930199848 0.011942202488262312 0.018415348707104495 -0.047784136843593811 0.00096464462543426619 -0.019423993278124305 0.0018479060216520611 0.0085346570933203993 -0.018608881642356023 -0.0073325256933369724 -0.040103456743871078 -0.0027381141124487199 0.0071046033553268193 0.062522955280313583 -0.016008447147315735 0.0045285083420225644 0.0052024340068771609 -0.13281265986879875 -0.062474108702463352
leaf_weight=316 20 27 20 24 23 29 21 53 30 25 20 21 20 78 25 20 39 69
leaf_count=316 20 27 20 24 23 29 21 53 30 25 20 21 20 78 25 20 39 69
internal_value=-0.00181818 0.000247524 -0.000257733 0.000681817 0.00253425 0.00732877 0.012 0.000136985 -0.00161017 -0.00163866 0.0010606 0.0047561 -0.00271242 -0.00349624 -0.00136364 -0.0046 -0.00245763 -0.0044382
internal_weight=880 505 485 396 219 73 50 146 177 119 66 41 153 133 55 375 59 89
internal_count=880 505 485 396 219 73 50 146 177 119 66 41 153 133 55 375 59 89
is_linear=0
shrinkage=0.05


Tree=126
num_leaves=18
num_cat=0
split_feature=6 38 5 20 46 44 36 46 6 7 7 39 17 11 14 6 6
split_gain=1.92598 0.953192 1.7509 0.546468 1.05361 0.735952 0.34972 0.853333 0.244927 0.537315 0.545365 0.899892 1.22727 0.124071 0.266327 0.0386364 0.0277778
threshold=-0.42496782045176862 -0.78291796546337122 -0.75140894590912533 1.5272328699723443 0.53729420475753975 -0.97121899680550672 -0.81472832992381561 0.21255852932359984 0.097873786150819 0.83201622723567381 0.091682059728604548 0.32754710549827271 -0.14005367578311081 -0.42981224328181145 1.0000000180025095e-35 2.1020999447940723 0.6207153927534067
decision_type=2 2 2 2 2 2 2 2 2 2 2 2 2 2 2 2 2
left_child=-1 2 -2 5 -5 -3 7 -7 13 10 16 12 -12 14 -8 -11 -10
right_child=1 3 -4 4 -6 6 8 -9 9 15 11 -13 -14 -15 -16 -17 -18
leaf_value=-0.59604670033689822 -0.045914215424127526 0.014047245012175864 0.015008050215194524 -0.011519275934970442 0.00088357589731793008 -0.052592160791536127 -0.021117064745994292 0.016974430730418599 -0.0095544965585491297 -0.013717740325448025 8.2286678475365467e-05 -0.008384727039093591 0.0074734749160298292 -0.026585403548433903 0.0068630919809330908 -0.050444497728019858 -0.0010732564667971822
leaf_weight=316 23 32 37 25 24 30 29 20 25 68 30 34 25 102 20 20 20
leaf_count=316 23 32 37 25 24 30 29 20 25 68 30 34 25 102 20 20 20
internal_value=-0.001875 -0.000124115 0.00583333 -0.000833335 0.00418367 -0.00137363 -0.00192672 0.002 -0.00245308 -0.0013964 0.000597014 0.00286517 0.00681818 -0.00400662 -0.00193878 -0.00443182 -0.00388889
internal_weight=880 564 60 504 49 455 423 50 373 222 134 89 55 151 49 88 45
internal_count=880 564 60 504 49 455 423 50 373 222 134 89 55 151 49 88 45
is_linear=0
shrinkage=0.05


Tree=127
num_leaves=19
num_cat=0
split_feature=6 41 17 17 4 7 43 20 38 44 33 48 37 5 35 5 7 8
split_gain=2.2163 0.717112 0.631262 0.873684 0.562332 0.741033 2.10649 2.54409 0.969996 0.346058 0.28553 0.87931 0.265152 0.237863 0.165217 0.0388889 0.0336066 0.0277778
threshold=-0.42496782045176862 -0.87927590280129342 0.54165836859123184 0.31442102046645098 0.43840503353821986 0.36089448427662973 -0.19637377777861939 0.066401429129232373 -0.8549363176933269 -0.34744979910077395 -0.067109351378572893 0.2319176999979152 0.20485211882539925 -0.054507263576596084 1.3898935639047505 -0.13194078383576599 0.29359137813962344 0.17049248222745669
decision_type=2 2 2 2 2 2 2 2 2 2 2 2 2 2 2 2 2 2
left_child=-1 -2 3 4 5 8 17 -8 -3 13 11 -4 -9 -10 -12 -11 -6 -7
right_child=1 2 10 -5 16 6 7 12 9 15 14 -13 -14 -15 -16 -17 -18 -19
leaf_value=-0.56624436532005329 0.0063043464362233584 0.011913509756333138 -0.019143737605336306 0.0027065519784714737 -0.0076771403150027121 -0.015323534334948614 0.13369960193344932 -0.015157725258823338 0.00370224916159154 -0.010879178584279406 -0.024618958744594792 0.0020933487805233045 0.0012266319863532054 -0.02282366702069696 -0.018737053464787809 -0.024172026466904237 -0.041126486484224539 -0.01752444282084141
leaf_weight=316 32 22 34 38 20 20 20 22 20 20 95 24 20 21 20 70 41 25
leaf_count=316 32 22 34 38 20 20 20 22 20 20 95 24 20 21 20 70 41 25
internal_value=-0.00164773 0.000230495 -0.000206768 0.000988857 0.000140186 0.00115384 0.00434579 0.0103226 -0.00107843 -0.00270992 -0.00268786 0.000172413 0.00333333 0.00109756 -0.00413044 -0.00444445 -0.00418033 -0.00388889
internal_weight=880 564 532 359 321 260 107 62 153 131 173 58 42 41 115 90 61 45
internal_count=880 564 532 359 321 260 107 62 153 131 173 58 42 41 115 90 61 45
is_linear=0
shrinkage=0.05


Tree=128
num_leaves=17
num_cat=0
split_feature=6 2 20 43 34 4 40 17 6 34 6 7 44 4 35 36
split_gain=1.78845 0.980016 0.99403 0.839077 0.968199 0.63459 1.89029 0.58978 0.539919 0.459703 0.315915 0.520833 0.225 0.157143 0.144048 0.0416667
threshold=-0.42496782045176862 0.76452570791762409 1.5272328699723443 -0.048447829247972564 -1.055694317286926 -0.39917529782358513 0.098055649359397312 1.336989087027965 1.4049778026572883 -0.52692894705753357 0.44643485721921083 0.7647131210986674 -0.38414210484811112 0.62453399606306548 1.3043616522798429 1.0732802708568716
decision_type=2 2 2 2 2 2 2 2 2 2 2 2 2 2 2 2
left_child=-1 2 3 4 -2 6 12 9 13 -7 -11 -12 -6 -5 15 -3
right_child=1 14 -4 8 5 7 -8 -9 -10 10 11 -13 -14 -15 -16 -17
leaf_value=-0.53793214705405101 0.012541794714232047 -0.03784803214569523 0.00060175740457802458 -0.0096517029657572154 -0.024584088208454206 0.029631327945674957 0.013063490194493731 0.005418306775136144 0.46130491341675467 -0.011105473344097573 0.00092677323758865024 -0.018951427793341968 0.00072588538295837585 -0.0070787872850441207 -0.083392004042692716 -0.017831485935792212
leaf_weight=316 20 100 31 99 20 27 23 20 21 74 24 24 20 21 20 20
leaf_count=316 20 100 31 99 20 27 23 20 21 74 24 24 20 21 20 20
internal_value=-0.00198864 -0.00030142 0.000896225 0.000216284 0.00194444 0.00103448 0.00531746 -0.000562131 -0.00287234 -0.0016443 -0.00295082 0.000208332 -0.00125 -0.00416667 -0.00392857 -0.00458333
internal_weight=880 564 424 393 252 232 63 169 141 149 122 48 40 120 140 120
internal_count=880 564 424 393 252 232 63 169 141 149 122 48 40 120 140 120
is_linear=0
shrinkage=0.05


Tree=129
num_leaves=19
num_cat=0
split_feature=6 20 44 17 43 20 2 45 39 3 20 47 2 2 34 13 9 5
split_gain=1.65602 0.789813 0.804588 1.30837 1.74545 0.955536 1.15227 0.436027 0.461653 0.284378 0.235714 0.234932 0.243911 0.451319 0.140747 0.0428571 0.0410714 0.03
threshold=-0.42496782045176862 -0.99602143693848522 -0.677680550826809 -0.14005367578311081 -0.45784779417543803 1.5272328699723443 0.59944599315565505 -0.70126461972204801 -0.94930320908435983 0.2319176999979152 0.066401429129232373 1.5911786582744634 0.69115694580119347 1.1558257725385879 -0.69749842132507955 -0.60118302126010925 -0.36828932556648614 0.58431927856155597
decision_type=2 2 2 2 2 2 2 2 2 2 2 2 2 2 2 2 2 2
left_child=-1 14 3 10 -5 7 -7 9 -9 -4 -3 12 15 -14 -2 -10 -16 -15
right_child=1 2 5 4 -6 6 -8 8 11 -11 -12 -13 13 17 16 -17 -18 -19
leaf_value=-0.51103553970134852 -0.019289843908614344 0.01182684687269691 0.0069250776276721078 -0.0097879287524995917 0.039735229546620593 0.00092905734790468266 -0.013282519630739627 0.0016661786559101902 -0.059101220484664332 -0.0060697999380266918 -0.12128107092541779 0.0001966119065169998 0.0046773257736946175 -0.079000763573805088 -0.033702027833503546 -0.0055882527334842448 -0.0090009220281384045 -0.044032674404581973
leaf_weight=316 20 20 20 20 24 24 20 20 20 23 22 21 28 20 20 120 92 30
leaf_count=316 20 20 20 20 24 24 20 20 20 23 22 21 28 20 20 120 92 30
internal_value=-0.00210227 -0.000478725 0.000555554 0.00488372 0.0109091 -0.000520232 0.00636364 -0.00152318 -0.0022973 0.00313953 -0.00142857 -0.00290795 -0.0033945 -0.00115385 -0.00386364 -0.00464286 -0.00455357 -0.004
internal_weight=880 564 432 86 44 346 44 302 259 43 42 239 218 78 132 140 112 50
internal_count=880 564 432 86 44 346 44 302 259 43 42 239 218 78 132 140 112 50
is_linear=0
shrinkage=0.05


Tree=130
num_leaves=17
num_cat=0
split_feature=6 41 48 44 43 44 39 42 42 16 41 3 11 33 2 39
split_gain=1.45516 0.959154 0.811036 0.75284 1.37143 0.433273 0.823407 0.712041 1.47 0.197246 0.441684 0.111772 0.104323 0.23341 0.0371989 0.0350746
threshold=-0.16354701715047482 -0.79589248128362999 -0.6742562721864499 0.65547322465977709 -0.13670394518780876 -0.11506519603430486 -0.14253810599044117 0.56975875151669586 -0.01503525760191895 -0.20384405195055563 -0.37440980908263272 1.1380916721822807 1.0000000180025095e-35 0.75145980172227467 -1.2531152502842193 -0.85274882625870996
decision_type=2 2 2 2 2 2 2 2 2 2 2 2 2 2 2 2
left_child=9 -2 3 4 -3 6 15 8 -8 14 -11 12 13 -7 -1 -4
right_child=1 2 5 -5 -6 11 7 -9 -10 10 -12 -13 -14 -15 -16 -17
leaf_value=-0.19857967210699662 0.0031426811450467745 -0.004503790916167788 -0.0039032996419198461 -0.0065625442934879839 0.0075125875212221126 -0.024126914157987425 -0.012349726290453706 -0.0049022584724879026 0.073368703843208746 0.011628071251380592 -0.045645076736336637 -0.00082076982096155552 -0.019665308576175405 0.0006590911510144466 -0.19036049309958791 -0.032455380231271126
leaf_weight=25 36 28 20 35 20 34 30 36 20 23 40 21 111 23 332 47
leaf_count=25 36 28 20 35 20 34 30 36 20 23 40 21 111 23 332 47
internal_value=-0.00227582 -0.000336227 -0.001 0.00343373 0.0075 -0.00207602 -9.80404e-05 0.00313953 0.007 -0.00440476 -0.0018254 -0.00367725 -0.00410714 -0.00236842 -0.00485995 -0.00425373
internal_weight=881 461 425 83 48 342 153 86 50 420 63 189 168 57 357 67
internal_count=881 461 425 83 48 342 153 86 50 420 63 189 168 57 357 67
is_linear=0
shrinkage=0.05


Tree=131
num_leaves=17
num_cat=0
split_feature=30 38 5 47 45 45 34 45 44 38 42 43 49 2 13 35
split_gain=1.45761 0.732917 1.65844 0.508605 0.548092 0.985222 0.666617 0.489885 0.608768 0.361412 0.56875 0.824275 0.713656 0.625 0.0712452 0.102439
threshold=-0.42388298675130026 -0.80349463752907291 -0.71269218577954041 1.0000000180025095e-35 0.057711782911584394 -0.81143861365273662 -0.10050526138866872 0.91462062459471805 0.74108860473689708 0.31793399005166439 -0.15257564214927521 -0.048447829247972564 0.68465394586442807 0.091978721850342796 -0.20112437444706763 0.72274465323047032
decision_type=2 2 2 2 2 2 2 2 2 2 2 2 2 2 2 2
left_child=-1 2 -2 4 5 -3 -7 -6 -9 10 -5 12 13 -12 15 -11
right_child=1 3 -4 9 7 6 -8 8 -10 14 11 -13 -14 -15 -16 -17
leaf_value=-0.49321427062713474 -0.017908213098279509 -0.086623018531402696 0.01133519336389651 -0.026180863736151107 -0.017483420870375872 0.0062631418743189426 0.0077933882016287051 0.0016789336825162211 -0.018220375096047313 -0.0013789346473078792 0.015700668874270674 -0.015463928956613741 -0.0019612341126418026 0.00053244633174359408 -0.020930417210642455 -0.011543372096822293
leaf_weight=307 25 24 32 56 56 26 37 39 23 20 20 35 29 20 111 21
leaf_count=307 25 24 32 56 56 26 37 39 23 20 20 35 29 20 111 21
internal_value=-0.00221907 -0.000731709 0.00464912 -0.00132495 0.000609755 0.00362069 0.00690476 -0.00161017 0.00145161 -0.00259616 -0.000937501 0.00125 0.00442029 0.00875 -0.00434211 -0.00256098
internal_weight=881 574 57 517 205 87 63 118 62 312 160 104 69 40 152 41
internal_count=881 574 57 517 205 87 63 118 62 312 160 104 69 40 152 41
is_linear=0
shrinkage=0.05


Tree=132
num_leaves=16
num_cat=0
split_feature=6 41 10 17 48 47 4 35 2 11 44 40 34 35 2
split_gain=1.22935 0.846275 0.613946 0.604921 0.57185 0.887266 0.728139 0.533051 0.290556 0.389854 0.480208 0.279487 0.190347 0.13351 0.0336066
threshold=-0.42496782045176862 -0.78917105849296187 0.069578095718000374 0.65527704265362241 -0.6742562721864499 -1.5804302443708151 -0.11998185403631688 -0.91946804996775777 1.0000000180025095e-35 0.53616359807881486 0.031704026955044033 1.1489140695202507 -0.45870115735051525 1.1675105936799905 -0.76399016950801502
decision_type=2 2 2 2 2 2 2 2 2 2 2 2 2 2 2
left_child=-1 2 -2 4 5 -3 -7 -6 9 12 -11 -10 -9 -5 -14
right_child=1 3 -4 13 7 6 -8 8 11 10 -12 -13 14 -15 -16
leaf_value=-0.46855355709577795 0.008829364976638835 -0.0082156376509022883 7.8188701662333017e-05 -0.014313811767958843 0.0078665694058312422 0.024382312725914151 5.2661460325245975e-05 -0.00017764621499808048 -0.01197353605470176 0.030744414525328667 -0.017798037602195057 -0.0054673468909228664 -0.0035250448374251364 -0.012212184968899351 -0.039832370936574289
leaf_weight=307 21 29 28 126 31 20 22 25 109 29 22 26 20 25 41
leaf_count=307 21 29 28 126 31 20 22 25 109 29 22 26 20 25 41
internal_value=-0.00244609 -0.00108014 0.00520408 -0.00166667 -0.000588236 0.0034507 0.00809524 -0.00153465 -0.00224265 -0.000620439 0.00284314 -0.00388889 -0.00267442 -0.00433775 -0.00418033
internal_weight=881 574 49 525 374 71 42 303 272 137 51 135 86 151 61
internal_count=881 574 49 525 374 71 42 303 272 137 51 135 86 151 61
is_linear=0
shrinkage=0.05


Tree=133
num_leaves=17
num_cat=0
split_feature=6 38 33 0 35 17 36 43 35 0 5 39 42 33 35 8
split_gain=1.2846 0.680936 1.29633 1.36347 0.400696 0.362812 0.45873 0.893897 0.95335 0.754658 0.481704 0.179605 0.331439 0.347727 0.128254 0.0324561
threshold=-0.42496782045176862 -0.34051951605078684 -0.51050097597486521 -1.0000000180025095e-35 -0.88525528531779474 0.76889571671601276 0.59269626338542392 0.29563507680112466 0.72274465323047032 1.0000000180025095e-35 1.668388562189935 0.15450353723309848 0.70927813440286258 -0.25469811563085037 1.1675105936799905 -0.39731341990906804
decision_type=2 2 2 2 2 2 2 2 2 2 2 2 2 2 2 2
left_child=-1 2 4 -4 -2 6 10 8 9 -8 11 12 13 -3 -7 -6
right_child=1 5 3 -5 15 14 7 -9 -10 -11 -12 -13 -14 -15 -16 -17
leaf_value=-0.44512587924098856 0.0060777453381278676 0.0048352417754311608 0.009071016181818015 0.012701608925160847 -0.0098360290081850234 -0.0036999534101010141 0.0029850967499806288 -0.053264873955014592 -0.0065082673061686276 0.010849420938172708 0.056868649999383618 -0.006277275113390466 0.00070157594932199131 -0.024989737868755156 -0.011601575720454095 -0.02615696550200023
leaf_weight=307 23 20 22 31 20 101 21 34 25 25 20 78 24 68 25 37
leaf_count=307 23 20 22 31 20 101 21 34 25 25 20 78 24 68 25 37
internal_value=-0.00238933 -0.000993033 0.00214286 0.00820755 -0.001875 -0.00193878 -0.00103175 0.00166667 0.00485915 0.00913043 -0.00238095 -0.0031579 -0.001875 -0.00329546 -0.00420635 -0.00412281
internal_weight=881 574 133 53 80 441 315 105 71 46 210 190 112 88 126 57
internal_count=881 574 133 53 80 441 315 105 71 46 210 190 112 88 126 57
is_linear=0
shrinkage=0.05


Tree=134
num_leaves=13
num_cat=0
split_feature=30 38 5 41 47 35 38 13 20 4 38 49
split_gain=1.17532 1.05621 1.79462 0.581086 0.469068 0.560565 0.593939 0.257398 0.247222 0.399811 0.187013 0.160784
threshold=-0.42388298675130026 -0.78291796546337122 -0.71269218577954041 -0.78917105849296187 1.0000000180025095e-35 1.6464892987794737 -0.29250728123081626 -0.20112437444706763 -0.46481000390462651 -0.39917529782358513 0.084731706640379642 1.0000000180025095e-35
decision_type=2 2 2 2 2 2 2 2 2 2 2 2
left_child=-1 2 -2 -3 5 6 -5 -8 9 -6 -11 -9
right_child=1 3 -4 4 8 -7 7 11 -10 10 -12 -13
leaf_value=-0.42286958527893975 -0.017842495641814098 0.0034850801144150332 0.0089407886189795515 0.02066202437707532 0.0080848798071567387 0.057900014324589757 0.0040298883441334454 -0.0080859424724730369 -0.026514154942990666 -0.0019266723490376674 -0.0026358187143434393 -0.0012296865228685536
leaf_weight=307 25 39 34 30 32 20 33 82 154 33 72 20
leaf_count=307 25 39 34 30 32 20 33 82 154 33 72 20
internal_value=-0.00250284 -0.00116725 0.00516949 -0.00189321 -0.00237395 -0.000405407 -0.00136364 -0.00277778 -0.00362543 -0.00208029 -0.00357143 -0.00401961
internal_weight=881 574 59 515 476 185 165 135 291 137 105 102
internal_count=881 574 59 515 476 185 165 135 291 137 105 102
is_linear=0
shrinkage=0.05


Tree=135
num_leaves=19
num_cat=0
split_feature=6 36 11 7 15 40 0 15 18 3 2 10 41 39 6 13 2 0
split_gain=1.23154 0.575272 0.971645 0.316092 0.521298 1.32117 0.428193 0.742115 0.719528 0.306054 0.640244 0.270072 0.219134 0.395568 0.109091 0.041453 0.0295918 2.22045e-16
threshold=-0.42496782045176862 -0.98636547544933262 1.0000000180025095e-35 0.7647131210986674 0.71607245890455262 0.34744103548595057 -0.74914607737310734 -0.40030793221833455 0.57353148677851917 1.1380916721822807 -0.28709321575121566 2.1745555661727338 -0.29948702378767006 -0.13906912769929278 0.79499592828760257 -0.20112437444706763 0.030838086753317225 1.2485767956218459
decision_type=2 2 2 2 2 2 2 2 2 2 2 2 2 2 2 2 2 2
left_child=-1 2 -2 4 6 -6 7 -3 -9 12 -11 15 13 16 -7 -5 -8 -14
right_child=1 3 -4 11 5 14 9 8 -10 10 -12 -13 17 -15 -16 -17 -18 -19
leaf_value=-0.3936641150708306 0.0078272231623524573 -0.012525159028717559 -0.01199719959959542 -0.0023415886928078791 0.02459090522073434 -0.013944029539378445 -0.013583143387419117 -0.0065117100882482321 0.0068498033200801653 0.0098050048556761835 -0.0076908737710892272 -0.0035584138704342853 -0.010457158770810387 0.010964824651931502 7.5562678242199761e-07 -0.01587208183719439 -0.004362502762890884 -0.0052661487613427345
leaf_weight=317 20 28 22 20 32 24 29 29 20 20 21 24 95 22 20 97 20 22
leaf_count=317 20 28 22 20 32 24 29 29 20 20 21 24 95 22 20 97 20 22
internal_value=-0.00250567 -0.0011062 0.00452381 -0.00155832 -0.00081152 0.00289474 -0.00173203 0.00149351 0.00520408 -0.0028166 0.00109756 -0.00358156 -0.00367021 -0.00147887 -0.00272727 -0.00457265 -0.00397959 -0.005
internal_weight=882 565 42 523 382 76 306 77 49 229 41 141 188 71 44 117 49 117
internal_count=882 565 42 523 382 76 306 77 49 229 41 141 188 71 44 117 49 117
is_linear=0
shrinkage=0.05


Tree=136
num_leaves=19
num_cat=0
split_feature=6 13 34 43 43 7 19 13 36 40 2 12 35 12 2 12 37 0
split_gain=1.30867 0.509626 0.495254 0.72708 2.2045 0.332308 0.261333 0.423529 0.72381 0.458009 0.392269 0.39985 0.144444 0.0869509 0.102439 0.0519423 0.115004 2.22045e-16
threshold=-0.25068728491757275 -1.0012416680731508 -0.40753031507025145 -0.45248636486866733 -0.35055956676723465 0.42819759041363598 -0.6133503958973926 1.0000000180025095e-35 0.16360339957163125 0.7326984595711078 -0.50719950210050768 -0.39206532149820422 0.85959571183032268 0.38921393734185333 -0.36046197786764633 -0.13163890188485169 0.51479326463316666 0.74914607737310757
decision_type=2 2 2 2 2 2 2 2 2 2 2 2 2 2 2 2 2 2
left_child=13 -2 3 -3 -5 -6 10 8 -8 -10 -4 -12 -13 -1 -15 16 -9 -17
right_child=1 2 6 4 5 -7 7 15 9 -11 11 12 -14 14 -16 17 -18 -19
leaf_value=-0.2085600338933066 0.0064729373912842175 -0.014029478623364584 0.0064743208936098558 0.032382262423671197 0.0078406782206362439 -0.034943450937465426 -0.017190618068842548 -0.013892169292729066 0.0087194889737539551 -0.00024303212116568554 0.00040629997554736727 -0.0036106314411062631 -0.00081654064825668481 -0.016931119783131915 -0.15818669206462346 -0.010651713028454792 -0.00051676316563977474 -0.038252954167705487
leaf_weight=336 28 28 31 22 25 27 38 32 20 22 22 52 20 20 21 88 21 29
leaf_count=336 28 28 31 22 25 27 38 32 20 22 22 52 20 20 21 88 21 29
internal_value=-0.00250567 -0.000841585 -0.00122642 0.00186274 0.00445946 -0.00115385 -0.00206667 -0.003 -1.19209e-09 0.00452381 -0.000200001 -0.00180851 -0.00361111 -0.00473475 -0.00256098 -0.00441177 -0.00311321 -0.005
internal_weight=882 505 477 102 74 52 375 250 80 42 125 94 72 377 41 170 53 117
internal_count=882 505 477 102 74 52 375 250 80 42 125 94 72 377 41 170 53 117
is_linear=0
shrinkage=0.05


Tree=137
num_leaves=16
num_cat=0
split_feature=30 41 10 17 11 47 7 17 36 48 46 12 0 4 34
split_gain=1.46563 0.798494 1.11243 0.533371 0.338227 0.388008 0.574084 0.266327 0.263717 0.179428 0.332468 0.49 0.166422 0.131945 0.0450739
threshold=-0.42388298675130026 -0.78917105849296187 0.069578095718000374 -1.5034777645317958 1.8241313865596502 1.1380916721822807 -0.31213657709343312 0.2008023464040605 -0.98636547544933262 -0.6742562721864499 0.23093979397080397 -0.13163890188485169 -1.2485767956218454 0.71759847732548832 -0.79984010588560717
decision_type=2 2 2 2 2 2 2 2 2 2 2 2 2 2 2
left_child=-1 2 -2 -3 5 8 -7 -8 -5 10 -10 -12 -11 14 -14
right_child=1 3 -4 4 -6 6 7 -9 9 12 11 -13 13 -15 -16
leaf_value=-0.36738541371795524 0.007901448135293752 0.00075922203737937579 -0.00012245453038143908 0.0060622096387627309 0.00486143442069262 0.0076727263626286931 0.0014888713737805513 -0.0020041191447062027 -0.0067370874491980469 -0.0026660487475231743 0.018024526068100743 -0.007562971513709338 -0.00085190578540995346 -0.019578479004597624 -0.014559990842864532
leaf_weight=317 21 37 27 30 39 24 20 29 32 34 20 25 20 24 183
leaf_count=317 21 37 27 30 39 24 20 29 32 34 20 25 20 24 183
internal_value=-0.00227891 -0.000752214 0.00541667 -0.00132495 -0.00177083 -0.00216553 0.00116438 -0.00193878 -0.00282609 -0.00322485 -0.0011039 0.00166667 -0.00385058 -0.00433921 -0.0047537
internal_weight=882 565 48 517 480 441 73 49 368 338 77 45 261 227 203
internal_count=882 565 48 517 480 441 73 49 368 338 77 45 261 227 203
is_linear=0
shrinkage=0.05


Tree=138
num_leaves=19
num_cat=0
split_feature=6 14 14 7 45 5 39 44 33 17 8 35 40 4 7 2 2 1
split_gain=1.78687 0.555328 0.918818 1.44194 1.75476 1.28922 0.768002 0.568621 0.550571 0.380679 0.622294 0.308924 0.505853 0.133263 0.289429 0.0429078 0.0303922 2.22045e-16
threshold=-0.42496782045176862 1.0000000180025095e-35 0.77046870709449045 0.7647131210986674 -0.40746730257354519 0.73918631907989574 -0.43739840488343179 -0.78775746806882052 1.6382430509148598 -0.93538439421984376 -0.13921982802882954 -0.26942552161845923 0.26144607475265619 1.0000000180025095e-35 0.63010690882465481 0.92349135916989056 0.69115694580119347 1.0000000180025095e-35
decision_type=2 2 2 2 2 2 2 2 2 2 2 2 2 2 2 2 2 2
left_child=-1 7 3 4 6 11 -3 -2 13 10 -9 -6 -13 -4 -15 17 -5 -11
right_child=1 2 8 16 5 -7 -8 9 -10 15 -12 12 -14 14 -16 -17 -18 -19
leaf_value=-0.34901614303205752 0.0066342946363778313 0.013532239770848978 -0.01747149458840681 -0.018336518409781698 -0.009724068976738191 0.0067728959239012083 0.0090899474208950767 0.0044530660872596738 0.0070435133993777101 -0.014789206696559304 -0.018983117606146842 0.0072574564081297937 -0.023340950897605909 0.00046110654642698805 -0.019758837949428204 -0.0098438398615404935 -0.056899140639878533 -0.010276014439976746
leaf_weight=317 35 20 63 31 30 27 21 21 26 83 23 20 26 29 32 20 20 38
leaf_count=317 35 20 63 31 30 27 21 21 26 83 23 20 26 29 32 20 20 38
internal_value=-0.00199547 -0.000309736 0.000942028 0.00320513 0.00576389 0.00228155 0.0145122 -0.00227273 -0.002 -0.00337838 0.000681817 -0.00105263 0.00152174 -0.0033871 -0.00172131 -0.00464539 -0.00401961 -0.005
internal_weight=882 565 345 195 144 103 41 220 150 185 44 76 46 124 61 141 51 121
internal_count=882 565 345 195 144 103 41 220 150 185 44 76 46 124 61 141 51 121
is_linear=0
shrinkage=0.05


Tree=139
num_leaves=18
num_cat=0
split_feature=6 41 11 45 45 33 44 7 39 35 17 17 40 9 6 39 33
split_gain=1.72008 0.986443 0.572024 0.473673 0.529409 0.521739 0.615516 0.657071 0.821616 0.501465 0.382245 0.431002 0.320315 1.32716 0.254348 0.156989 0.142857
threshold=-0.42496782045176862 -0.78917105849296187 0.53616359807881486 1.0000000180025095e-35 -0.64005684531610996 0.42744284528652249 0.41085785301086208 0.15898516586561084 -0.13906912769929278 -0.78261699136790541 0.42803969452884144 0.087183672341670057 0.29584405904597383 0.051463801505780955 0.79499592828760257 0.72873838160388515 -0.47639392792899665
decision_type=2 2 2 2 2 2 2 2 2 2 2 2 2 2 2 2 2
left_child=-1 2 -2 4 9 6 7 8 -6 -3 11 12 13 -5 -7 -14 -11
right_child=1 3 -4 10 5 14 -8 -9 -10 16 -12 -13 15 -15 -16 -17 -18
leaf_value=-0.3315653358804545 0.003436565685119207 0.0069448259891438996 -0.003871073647287995 -0.0051303874383602519 -0.015739133481550829 -0.0055309228958901526 0.0099289824881887562 -0.012072336934081612 0.0086266446550710973 -0.00032649442840717186 -0.02059495728336494 0.0047287261747027617 -0.014947216939844916 0.021465351900883379 0.0016757207652090601 -0.0010187514764503813 -0.016857061343700384
leaf_weight=317 28 20 20 38 24 26 24 21 23 21 96 25 73 23 20 20 63
leaf_count=317 28 20 20 38 24 26 24 21 23 21 96 25 73 23 20 20 63
internal_value=-0.00205216 -0.000398231 0.00645833 -0.00103482 0.000578511 0.00260869 0.00478261 0.00235294 0.0056383 -0.00211539 -0.00245455 -0.00108939 -0.00207792 0.000737704 -0.00173913 -0.00392473 -0.00380953
internal_weight=882 565 48 517 242 138 92 68 47 104 275 179 154 61 46 93 84
internal_count=882 565 48 517 242 138 92 68 47 104 275 179 154 61 46 93 84
is_linear=0
shrinkage=0.05


Tree=140
num_leaves=20
num_cat=0
split_feature=6 41 13 42 42 5 44 37 6 35 5 44 35 44 33 8 0 44 35
split_gain=2.19103 0.821876 1.47099 0.50542 1.29973 0.714557 0.647764 0.9 0.352625 0.655656 0.793173 1.07023 0.212873 0.144662 0.22096 0.237201 0.134426 0.125275 0.0468051
threshold=-0.42496782045176862 -0.79589248128362999 0.19893427236597411 0.99722239269984569 1.269334664286341 0.95212849979261305 -0.95898822822306096 -0.12230797952724398 0.44643485721921083 0.97934038810519342 0.46816899817280094 0.22739632427417591 -0.98789357926768395 -0.26183441902365373 -0.57871507206660244 -0.087601109652781853 1.0000000180025095e-35 1.1263578150839382 1.0135531527551567
decision_type=2 2 2 2 2 2 2 2 2 2 2 2 2 2 2 2 2 2 2
left_child=18 2 -2 6 -5 -6 7 -3 12 10 11 -10 -8 14 -14 -16 -7 -15 -1
right_child=1 3 -4 4 5 16 8 -9 9 -11 -12 -13 13 17 15 -17 -18 -19 -20
leaf_value=-0.31439951031454061 0.0080226883130460162 -0.00075423073739081274 -0.009868080912606516 0.004558312432206643 0.0010959004764132866 -0.020382447924728382 0.0012331731846146493 0.034788163281684929 -0.026584198204258364 0.019432038919175429 -0.01045797267667928 0.0030940459414011572 -0.012909957666863299 -0.0096876949652095583 0.0056538949300603096 -0.013803229210818772 -0.0071808923041751377 -0.017557472342286856 -0.30449540679903286
leaf_weight=293 25 20 22 30 26 41 22 20 20 23 61 26 28 114 21 23 20 26 20
leaf_count=293 25 20 22 30 26 41 22 20 20 23 61 26 28 114 21 23 20 26 20
internal_value=-0.00148127 0.000369717 0.00670213 -0.000201537 0.00269231 -0.0004023 -0.00103961 0.005 -0.0017033 0.000384614 -0.00126168 0.00369565 -0.00286325 -0.00334906 -0.00152778 0.000681817 -0.00336066 -0.00428572 -0.00484026
internal_weight=881 568 47 521 117 87 404 40 364 130 107 46 234 212 72 44 61 140 313
internal_count=881 568 47 521 117 87 404 40 364 130 107 46 234 212 72 44 61 140 313
is_linear=0
shrinkage=0.05


Tree=141
num_leaves=21
num_cat=0
split_feature=6 14 2 17 0 3 35 45 13 2 36 2 10 2 10 46 35 33 17 33
split_gain=2.27967 0.788732 0.964286 1.15084 1.2465 1.37287 0.783072 0.857907 1.08671 0.61655 0.444444 0.401111 0.318949 0.237863 0.191304 0.155311 0.225641 0.141067 0.134203 0.0415254
threshold=-0.42496782045176862 1.0000000180025095e-35 0.0063818327145069957 -0.4809096979702821 0.74914607737310757 0.6850046860900979 0.24376594813098704 0.64530641720859039 0.39896359577249502 -0.40937448594526676 0.79866083801604437 -0.030302548343708342 -0.40882587483989347 -0.33600572382883614 0.83502444861063074 -0.050906263952992907 -0.064148933718680773 -1.3972842251674498 1.2233704129655745 -0.74925031229594574
decision_type=2 2 2 2 2 2 2 2 2 2 2 2 2 2 2 2 2 2 2 2
left_child=17 10 3 9 5 -5 15 8 -8 -3 12 -12 13 -2 -9 -4 -17 -1 19 -14
right_child=1 2 6 4 -6 -7 7 14 -10 -11 11 -13 18 -15 -16 16 -18 -19 -20 -21
leaf_value=-0.046401096511615697 -0.018708660445374125 -0.013794855747533127 -0.061064690911361776 0.016633655187307691 -0.0015732473168504684 0.00021356649068575507 0.010263839330073757 -0.043931305980761039 -0.00020179075472366687 0.01114578223562244 -0.0065579956183886741 0.0031644353895868686 -0.0038373542722807477 0.0015449062012242128 -0.010059771843579639 0.0052322428665074455 -0.020223997813151873 -0.31503650574844633 -0.040466532837147295 -0.0063365883550220853
leaf_weight=26 21 39 53 38 23 20 21 22 25 27 20 25 20 20 23 30 22 287 21 98
leaf_count=26 21 39 53 38 23 20 21 22 25 27 20 25 20 20 23 30 22 287 21 98
internal_value=-0.00125426 0.000633802 0.00214286 0.00520408 0.00919753 0.0131034 -0.000153062 0.00324176 0.00804348 0.000303029 -0.00166667 0.00277778 -0.00277778 0.00109756 -0.00166667 -0.00309524 -0.00115385 -0.00468051 -0.00392086 -0.00457627
internal_weight=881 568 343 147 81 58 196 91 46 66 225 45 180 41 45 105 52 313 139 118
internal_count=881 568 343 147 81 58 196 91 46 66 225 45 180 41 45 105 52 313 139 118
is_linear=0
shrinkage=0.05


Tree=142
num_leaves=20
num_cat=0
split_feature=16 41 2 35 44 46 42 35 36 36 15 44 40 39 38 4 6 7 2
split_gain=2.03582 0.572821 0.655674 0.55002 0.60915 1.37578 0.623377 0.771539 0.387233 0.666667 0.628205 0.44941 0.382321 0.278902 0.504025 0.480237 0.140984 0.124528 0.0346154
threshold=-0.29499121129078065 -0.81929794692487645 -0.066986929401923676 0.32929785975589476 -0.29852672477099096 -0.11217714611034003 0.43617636364696122 0.84248932950534106 0.52404140517521702 1.2620811309349402 0.26952030245539771 -1.0201420711352895 0.97004455119499922 -0.13906912769929278 -0.14847057677090508 1.0000000180025095e-35 -0.25068728491757275 0.15898516586561084 0.80121008897583945
decision_type=2 2 2 2 2 2 2 2 2 2 2 2 2 2 2 2 2 2 2
left_child=16 2 -2 8 5 -5 -6 -8 11 10 -10 -3 -9 -13 15 -15 -1 -14 -16
right_child=1 3 -4 4 6 -7 7 12 9 -11 -12 13 17 14 18 -17 -18 -19 -20
leaf_value=-0.28322148819691378 0.0027724980534706389 0.028549595889662573 0.0065868614655326318 0.0199465429065116 -0.0089346367349002875 0.0005509832309803425 0.0033471231141827072 0.00041598228381550481 -0.0012235843680841628 -0.015576007699180067 0.0046273380610216703 -0.017272184034665034 -0.030328412349521341 -0.0023894971043274815 -0.015357145058362727 0.014296398484059045 -0.0027448089111111319 -0.01229947338695888 -0.0091150790085195634
leaf_weight=285 27 21 20 21 42 37 39 20 24 25 26 104 20 22 45 24 26 33 20
leaf_count=285 27 21 20 21 42 37 39 20 24 25 26 104 20 22 45 24 26 33 20
internal_value=-0.00142452 0.000350876 0.0056383 -0.000124284 0.00183962 0.0062069 0.000194804 0.00214286 -0.00146302 0.00166667 0.005 -0.00245763 -0.000890412 -0.00313954 -0.0013964 0.00260869 -0.00467846 -0.00311321 -0.00423077
internal_weight=881 570 47 523 212 58 154 112 311 75 50 236 73 215 111 46 311 53 65
internal_count=881 570 47 523 212 58 154 112 311 75 50 236 73 215 111 46 311 53 65
is_linear=0
shrinkage=0.05


Tree=143
num_leaves=22
num_cat=0
split_feature=16 41 38 39 45 38 42 42 17 45 17 35 35 17 45 41 37 6 36 0 7
split_gain=1.99161 0.474301 0.930757 0.443045 0.591054 0.896745 0.770125 1.61278 0.640021 0.636177 0.308114 0.33325 0.688095 0.484463 0.272596 0.324203 0.41957 0.168529 0.132203 0.118269 0.0282609
threshold=-0.30638460620830882 -0.79589248128362999 -0.33366062536221947 -0.58437622293147318 -0.64005684531610996 -0.78291796546337122 1.0170123760879548 1.269334664286341 1.0000000180025095e-35 -0.38298419281116997 0.76889571671601276 -0.26942552161845923 -0.029936169068717693 -0.14005367578311081 0.094436447555147268 -0.17819980642367075 -0.018994264257988242 -0.25068728491757275 -0.29981689334726463 1.0000000180025095e-35 0.091682059728604548
decision_type=2 2 2 2 2 2 2 2 2 2 2 2 2 2 2 2 2 2 2 2 2
left_child=17 2 -2 14 19 -6 9 -8 -9 -7 11 20 -13 18 15 16 -3 -1 -14 -5 -11
right_child=1 3 -4 4 5 6 7 8 -10 10 -12 12 13 -15 -16 -17 -18 -19 -20 -21 -22
leaf_value=-0.29594728272771431 0.0080654955636054911 -0.0038160288033462042 -0.00025873363786312384 -0.017653732360436984 0.011224644838411714 0.0069839177067145819 0.0048580706690238883 -0.056194030470136061 0.0043215069313546645 -0.013377057461930606 -0.017411632622133636 0.0087612369168294808 -0.0048299277072820675 0.0027510541786791602 -0.019837486950657721 -0.0089056508605113195 0.0069161862763444997 -0.0058923095295624998 -0.0093876996776388402 -0.0025347470629262844 -0.012828656779390268
leaf_weight=279 23 21 27 41 21 25 20 25 33 20 47 21 20 25 63 24 20 22 39 39 26
leaf_count=279 23 21 27 41 21 25 20 25 33 20 47 21 20 25 63 24 20 22 39 39 26
internal_value=-0.00136777 0.000344826 0.005 -9.43408e-05 0.000721392 0.00167702 0.000980065 0.00525641 0.00103448 -0.000515696 -0.00146465 -0.00036424 0.00119047 -0.000833335 -0.00265625 -0.000384617 0.00231707 -0.00466778 -0.00330509 -0.003125 -0.00391304
internal_weight=881 580 50 530 402 322 301 78 58 223 198 151 105 84 128 65 41 301 59 80 46
internal_count=881 580 50 530 402 322 301 78 58 223 198 151 105 84 128 65 41 301 59 80 46
is_linear=0
shrinkage=0.05


Tree=144
num_leaves=20
num_cat=0
split_feature=6 21 11 38 33 41 5 45 45 13 16 13 45 8 41 16 10 15 5
split_gain=2.24575 0.733431 0.684874 2.48117 2.42969 0.797893 0.768329 0.824496 1.0616 0.85832 0.595238 0.525192 0.280882 0.504193 0.277149 0.132203 0.129825 0.038764 0.0346154
threshold=-0.59924835598596438 1.0000000180025095e-35 -0.42981224328181145 -0.31308395329651789 -0.62987564413540542 -0.043123648685226897 0.10035977694174376 1.0247946185254067 0.559615533040277 1.0000000180025095e-35 0.27467853458562591 1.5991395362116203 -0.19936086959335564 -0.34569470153302034 -0.43218721116265207 0.46836624818360417 0.069578095718000374 0.49279638067997511 0.44881061810800849
decision_type=2 2 2 2 2 2 2 2 2 2 2 2 2 2 2 2 2 2 2
left_child=-1 2 3 4 -2 -5 12 8 9 -8 -10 14 13 -4 -11 -9 -15 -14 -16
right_child=1 -3 6 5 -6 -7 7 15 10 11 -12 -13 17 16 18 -17 -18 -19 -20
leaf_value=-0.6414788860885916 0.0072505747325920652 -0.02841230071042641 0.026560878093788133 -0.01352877957041513 0.010663412159850581 0.0032385829442197834 0.0042685563534149654 -0.035843088997556859 0.00083029411937824479 0.00086508281606444712 0.011050991056915885 0.0028302723543295726 -0.0099855442482902259 -0.024343632152466699 -0.0094038048878511242 -0.0031407266208786627 -0.00047667231169099098 -0.012691745824995486 -0.010666026276502273
leaf_weight=264 29 55 31 51 21 36 39 39 21 20 21 23 69 37 20 20 20 20 45
leaf_count=264 29 55 31 51 21 36 39 39 21 20 21 23 69 37 20 20 20 20 45
internal_value=-0.00114075 0.000510534 0.00104982 0.00412409 0.013 -0.000977013 5.88223e-05 0.00185484 0.00346561 0.00146258 0.0104762 -0.000833335 -0.00245763 -0.000454547 -0.00264706 -0.00330509 -0.00324562 -0.0044382 -0.00423077
internal_weight=881 617 562 137 50 87 425 248 189 147 42 108 177 88 85 59 57 89 65
internal_count=881 617 562 137 50 87 425 248 189 147 42 108 177 88 85 59 57 89 65
is_linear=0
shrinkage=0.05


Tree=145
num_leaves=19
num_cat=0
split_feature=6 35 37 7 9 36 8 2 41 43 44 48 17 17 48 36 7 5
split_gain=2.00609 1.24703 0.720633 0.738368 0.825464 0.867594 0.835626 0.626658 0.468796 1.13821 0.422601 0.319458 0.398588 0.691358 0.534676 0.23262 0.182331 0.04375
threshold=-0.59924835598596438 -1.2273829318174254 0.72142069517167806 1.3031379701947179 0.20887122415788115 0.91880683988390621 -0.44893213828511574 -1.1308339800901683 -0.78917105849296187 -0.67372576495766068 -1.1669112941246385 1.5911786582744634 0.087183672341670057 -0.14005367578311081 -0.6742562721864499 0.54120511972776886 0.69741001496166122 -0.48039162500203064
decision_type=2 2 2 2 2 2 2 2 2 2 2 2 2 2 2 2 2 2
left_child=-1 -2 7 4 6 -6 -4 -3 9 -9 -10 12 13 14 -12 -8 -16 -14
right_child=1 2 3 -5 5 -7 15 8 10 -11 11 -13 17 -15 16 -17 -18 -19
leaf_value=-0.63490564433519758 0.015020404835894613 0.013247214077703373 0.0075647248663900379 -0.02398258966149637 0.0071458473709350538 0.00062779624272680786 -0.0016009583507020219 -0.0037178063149779141 0.0087984157055510971 0.0074369071159767902 0.002551403820539313 0.00066022305941227429 -0.040010578923455727 0.016644511358781172 -0.01907054515023027 0.0012882447436887031 -0.0052117115205044424 -0.010872420947596632
leaf_weight=263 20 20 20 24 23 20 29 20 20 21 29 25 20 27 97 22 36 140
leaf_count=263 20 20 20 24 23 20 29 20 20 21 29 25 20 27 97 22 36 140
internal_value=-0.00134703 0.000220227 -0.00019393 0.00297101 0.00464912 0.0101163 0.00133803 -0.00115385 -0.00155173 0.00353658 -0.00208122 -0.00245989 -0.002851 -0.0012963 -0.00253087 -0.00205882 -0.00387218 -0.0046875
internal_weight=876 613 593 138 114 43 71 455 435 41 394 374 349 189 162 51 133 160
internal_count=876 613 593 138 114 43 71 455 435 41 394 374 349 189 162 51 133 160
is_linear=0
shrinkage=0.05


Tree=146
num_leaves=22
num_cat=0
split_feature=30 2 47 48 17 8 0 11 5 17 9 45 2 39 19 17 5 45 44 36 0
split_gain=2.19857 0.725951 0.655893 0.635455 1.34003 0.642104 0.856578 0.990606 1.51309 0.380503 0.64512 0.677213 1.40506 0.38389 0.548252 0.369122 0.350227 0.286364 0.152941 0.0371795 0.0277778
threshold=-0.5598431136109504 1.3025632967714491 -1.5804302443708151 -0.6742562721864499 0.65527704265362241 -0.34569470153302034 1.0000000180025095e-35 0.21417165095860605 0.081001396876951293 1.0000000180025095e-35 0.62862435123014848 0.36375065494127501 0.030838086753317225 -0.14253810599044117 -0.6133503958973926 -0.36729102390789165 -0.4029581047428607 -0.22690436807602779 -0.15175750178164207 0.67851483614818242 1.0000000180025095e-35
decision_type=2 2 2 2 2 2 2 2 2 2 2 2 2 2 2 2 2 2 2 2 2
left_child=-1 2 -2 4 -4 6 7 8 -5 13 11 12 16 19 -15 -8 -11 -16 -3 -7 -18
right_child=1 18 3 5 -6 9 15 -9 -10 10 -12 -13 -14 14 17 -17 20 -19 -20 -21 -22
leaf_value=-0.60316036211843804 -0.0095093118819349343 0.00019216651256200382 0.015764514047029644 0.024672629274025526 -0.0024584261942916207 -0.015805876585419324 -0.015572734302684741 0.0016974968692212704 0.0008007612550662345 0.0049406110328900736 0.0018656569594074426 -0.049317264901946822 0.0025815664723623259 0.006142589442396252 0.0017563133946432046 0.007890727689751716 -0.004032991164784153 -0.0059511226366770874 -0.07450047972204453 -0.020528655779938933 -0.0011010665071961674
leaf_weight=263 40 20 29 20 21 58 26 28 23 23 20 41 30 26 20 23 25 35 65 20 20
leaf_count=263 40 20 29 20 21 58 26 28 23 23 20 41 30 26 20 23 25 35 65 20 20
internal_value=-0.0011758 0.000464925 0.0011553 0.00165983 0.007 0.00105023 0.00416667 0.00767606 0.0124419 -0.000125787 0.00160377 0.000395682 0.00265306 -0.00185535 0.000555554 -0.000918369 -0.00132353 -0.00227273 -0.00382353 -0.00435898 -0.00388889
internal_weight=876 613 528 488 50 438 120 71 43 318 159 139 98 159 81 49 68 55 85 78 45
internal_count=876 613 528 488 50 438 120 71 43 318 159 139 98 159 81 49 68 55 85 78 45
is_linear=0
shrinkage=0.05


Tree=147
num_leaves=20
num_cat=0
split_feature=6 2 39 8 16 33 34 40 36 6 47 8 10 35 44 35 35 7 4
split_gain=1.88267 0.594441 0.583838 0.622559 1.4815 0.997253 0.894622 0.403226 0.579895 0.509102 0.50141 0.4491 0.583333 0.703247 0.280292 0.152941 0.140307 0.104762 0.040991
threshold=-0.59924835598596438 1.3025632967714491 1.4358916545561413 -0.34569470153302034 -0.055729918022689943 -0.033002303332704257 -0.25401778822946008 1.24522842554154 0.52404140517521702 0.097873786150819 0.2319176999979152 0.48020479248374298 0.35662047805273672 -0.14968084534358847 -0.95898822822306096 0.8767020941553042 -0.83393613834285008 0.7647131210986674 0.34534055227579702
decision_type=2 2 2 2 2 2 2 2 2 2 2 2 2 2 2 2 2 2 2
left_child=-1 2 3 4 5 6 -2 8 11 -10 -11 14 13 -13 -5 -3 -16 -14 -18
right_child=1 15 -4 7 -6 -7 -8 -9 9 10 -12 12 17 -15 16 -17 18 -19 -20
leaf_value=-0.57300234401251582 0.020628220258551565 -0.057931885947657573 0.0090381369162918675 0.00066141565057880681 0.012295976159611942 -0.015327090045884792 -0.00071294181563782727 -0.0066439242440330367 -0.0012976799797391292 0.0069557103386426837 0.00084779695083512076 -0.0094284538082129894 -0.00046712026454518926 0.0011731321857882818 -5.2563138978486972e-06 0.00018255818693531725 -0.026229660348471896 -0.080216529360344721 -0.031735450767393571
leaf_weight=263 23 65 33 20 31 48 33 50 22 24 29 22 20 20 20 20 91 22 20
leaf_count=263 23 65 33 20 31 48 33 50 22 24 29 22 20 20 20 20 91 22 20
internal_value=-0.00146119 5.70951e-05 0.000681817 0.000252524 0.00314815 0.00028846 0.00482143 -0.000833335 -0.000161292 0.00366667 0.00632075 -0.00138298 0.00154762 0.00571428 -0.00301325 -0.00382353 -0.00385496 -0.00261905 -0.00454955
internal_weight=876 613 528 495 135 104 56 360 310 75 53 235 84 42 151 85 131 42 111
internal_count=876 613 528 495 135 104 56 360 310 75 53 235 84 42 151 85 131 42 111
is_linear=0
shrinkage=0.05


Tree=148
num_leaves=18
num_cat=0
split_feature=30 44 20 48 12 34 42 43 13 45 36 41 44 18 2 0 43
split_gain=2.06927 0.85528 0.676412 1.11945 0.637773 0.583963 0.903573 1.43299 0.453001 1.27509 1.03563 0.837181 0.244798 0.388431 0.141176 0.138462 0.107332
threshold=-0.5598431136109504 1.0957808936278239 -1.2616271534554147 -0.6742562721864499 -0.65249174111155672 -0.45870115735051525 -1.2133187517519055 -0.19178806810694418 -0.20112437444706763 -0.10142843054385468 -0.17967089147940277 -0.18760668801150418 0.031704026955044033 0.86347175869238313 1.0000000180025095e-35 -0.74914607737310734 -0.27221238400923353
decision_type=2 2 2 2 2 2 2 2 2 2 2 2 2 2 2 2 2
left_child=-1 2 14 -4 15 6 -6 -8 9 -7 11 -10 -12 -14 -2 -5 -3
right_child=1 16 3 4 5 8 7 -9 10 -11 12 -13 13 -15 -16 -17 -18
leaf_value=-0.54435222681189044 -0.0016869398154496841 -0.00045996851820157112 0.0026516578273241527 -0.0011821274476474298 -0.01338389562953572 -0.031424406835875662 0.023243226975552214 -0.00016222419302503951 -0.011060033422486411 0.0091440219229983691 -0.00097401274016080137 0.014844769129378578 0.00039750210015726648 -0.0093882286971501347 -0.024807694111353057 -0.035266524875432304 -0.028915033932453423
leaf_weight=263 20 27 36 20 25 30 38 35 21 35 72 33 20 37 48 45 71
leaf_count=263 20 27 36 20 25 30 38 35 21 35 72 33 20 37 48 45 71
internal_value=-0.00128996 0.000301793 0.0011165 0.00182327 0.00108272 0.00193641 0.00520408 0.0080137 0.00064516 0.00423077 -0.000628416 0.00518518 -0.00306202 -0.000614036 -0.00352941 -0.00346154 -0.00397959
internal_weight=876 613 515 447 411 346 98 73 248 65 183 54 129 57 68 65 98
internal_count=876 613 515 447 411 346 98 73 248 65 183 54 129 57 68 65 98
is_linear=0
shrinkage=0.05


Tree=149
num_leaves=21
num_cat=0
split_feature=6 44 35 41 43 37 10 37 37 41 46 10 7 41 13 19 6 46 37 2
split_gain=1.94389 0.597283 0.48708 0.456499 1.03618 1.04614 1.74921 0.49 0.45836 0.264895 0.662171 0.738401 0.375652 0.278551 0.511485 0.691643 0.230488 0.158763 0.0393617 0.0330508
threshold=-0.59924835598596438 -1.1791420627070843 -1.2102765494924439 -0.42536675342141028 -0.69290375546434746 -0.4322491253350112 0.069578095718000374 0.30816583409465503 1.8406526105886156 0.47575289930535686 0.50053167546313149 0.54798206627589441 0.15898516586561084 -0.14691198955399468 0.39896359577249502 -0.6133503958973926 1.0000000180025095e-35 -0.50431079191736161 -0.46668703042476312 0.29985688118022974
decision_type=2 2 2 2 2 2 2 2 2 2 2 2 2 2 2 2 2 2 2 2
left_child=-1 -2 -3 4 -4 -6 -7 -8 9 10 13 12 -12 18 15 -15 -17 -11 -5 -16
right_child=1 2 3 8 5 6 7 -9 -10 17 11 -13 -14 14 19 16 -18 -19 -20 -21
leaf_value=-0.51713461547129558 0.013589382103167031 0.012758449075581081 -0.0040520995488942148 -0.007502341809191071 -0.0080055618486940105 0.0072980880177500526 0.00097235658445789415 -0.0066509605874199478 0.0047180781562472726 -0.00070251674324823198 -0.033847957813940774 0.0024106240391663747 0.00076576638732507975 0.017388590735293856 -0.0028458343786531629 -0.028328042105793996 0.0018916865732405393 -0.048268513355713472 -0.01201299840637844 -0.016301261163345567
leaf_weight=263 23 20 40 20 38 29 20 25 24 20 27 33 23 20 39 21 20 77 74 20
leaf_count=263 23 20 40 20 38 29 20 25 24 20 27 33 23 20 39 21 20 77 74 20
internal_value=-0.00140411 0.000138661 -0.000169493 -0.000438598 0.00190789 0.004375 0.00783784 0.00166667 -0.00129187 -0.00170051 -0.000959597 0.00283132 -0.001 -0.00242991 -0.000833335 0.00237705 -0.00134146 -0.00396907 -0.00446809 -0.00415254
internal_weight=876 613 590 570 152 112 74 45 418 394 297 83 50 214 120 61 41 97 94 59
internal_count=876 613 590 570 152 112 74 45 418 394 297 83 50 214 120 61 41 97 94 59
is_linear=0
shrinkage=0.05


Tree=150
num_leaves=20
num_cat=0
split_feature=6 41 17 13 19 4 44 41 7 8 10 7 35 45 2 6 33 38 2
split_gain=2.37133 0.718306 0.609959 0.683973 0.718979 1.0043 0.694206 0.572344 0.548242 0.813005 0.493494 0.571525 0.907981 0.41651 0.41957 0.310753 0.145946 0.0392473 0.0380952
threshold=-0.59924835598596438 -0.78917105849296187 0.88251439077840321 -1.0012416680731508 -0.6133503958973926 -0.58530426034843075 -0.45752671634278558 -0.96175955874749641 -0.042924152545408031 -0.44893213828511574 0.35662047805273672 0.89931933337268 -0.14968084534358847 -0.089186875662667059 0.40991002435487578 0.92570632993824953 0.9902091380433552 -0.29936617191938369 -0.53165575613931781
decision_type=2 2 2 2 2 2 2 2 2 2 2 2 2 2 2 2 2 2 2
left_child=-1 7 3 -3 5 -5 -7 -2 18 -10 11 12 -11 -8 -15 17 -12 -4 -6
right_child=1 2 15 4 8 6 13 -9 9 10 16 -13 -14 14 -16 -17 -18 -19 -20
leaf_value=-0.49246812359959852 0.0012535026325598076 0.0055556043739620198 -0.008768975956360078 0.013887379727846705 -0.023637083024400974 0.0054958684252445532 -0.0026699137721302832 0.0046118848470475537 0.0081597598953202961 -0.0011783474303204327 -0.041135884608525325 -0.055377280532521084 0.016725710415944169 0.0062753051851155497 -0.014418637837245771 0.00070195512581355682 -0.0063451869400658056 -0.039059761961185213 -0.011493466439415947
leaf_weight=275 26 25 20 22 20 37 37 28 20 29 54 21 28 20 21 32 20 73 64
leaf_count=275 26 25 20 22 20 37 37 28 20 29 54 21 28 20 21 32 20 73 64
internal_value=-0.00115826 0.000611389 6.44555e-05 0.00098086 0.000470737 0.00339416 0.00152174 0.00611111 -0.00109375 0.000523255 -0.000723685 0.00205128 0.00464912 -0.00115385 0.00231707 -0.003 -0.00364865 -0.00446237 -0.00440476
internal_weight=872 597 543 418 393 137 115 54 256 172 152 78 57 78 41 125 74 93 84
internal_count=872 597 543 418 393 137 115 54 256 172 152 78 57 78 41 125 74 93 84
is_linear=0
shrinkage=0.05


Tree=151
num_leaves=20
num_cat=0
split_feature=6 15 41 43 35 17 6 15 4 47 35 42 20 2 16 38 2 2 13
split_gain=2.37133 0.899821 0.641376 1.09379 0.684566 0.703247 0.63121 0.674599 0.462587 0.594324 1.09459 1.21669 0.749316 0.951452 0.703148 0.934258 0.154023 0.123077 0.039899
threshold=-0.59924835598596438 -1.0701361668920668 -0.78917105849296187 -0.69290375546434746 -0.91946804996775777 -0.25367234984550119 -0.16354701715047482 1.3859006935782852 0.43840503353821986 0.2319176999979152 -0.33785105091838541 1.3613580870410473 1.1952257243261826 0.11643497588915303 0.092384215905175773 0.3042162086745302 -0.25040883469300029 0.59944599315565505 0.39896359577249502
decision_type=2 2 2 2 2 2 2 2 2 2 2 2 2 2 2 2 2 2 2
left_child=-1 -2 3 -3 5 -4 18 8 9 10 -8 12 13 -12 -11 -16 -9 -10 -6
right_child=1 2 4 -5 6 -7 7 16 17 14 11 -13 -14 -15 15 -17 -18 -19 -20
leaf_value=-0.46784471741961886 0.001347114486983151 -0.0003791790328991637 0.0031897221754381313 0.0044182812971752215 -0.08717108822544968 -0.00036026809760345983 -0.0096314175552923709 0.0046968533263556551 -0.012942796969526747 -0.0040205550185234331 0.013055045565709711 -0.0045508721528705505 0.00271619376614015 -0.0095678807632142687 0.012828453598731261 -0.0044209964426014233 -0.0082317086206872801 -0.021580526420076657 -0.021314659678663226
leaf_weight=275 33 23 20 30 79 22 23 20 32 48 20 28 21 21 38 32 67 20 20
leaf_count=275 33 23 20 30 79 22 23 20 32 48 20 28 21 21 38 32 67 20 20
internal_value=-0.00115826 0.000611389 0.000141843 0.00537736 -0.000401175 0.00571428 -0.000948828 -1.19209e-09 0.00118374 0.00214286 0.00473451 0.00722222 0.011129 0.00719512 -0.000338984 0.00285714 -0.00385058 -0.00307692 -0.00449495
internal_weight=872 597 564 53 511 42 469 370 283 231 113 90 62 41 118 70 87 52 99
internal_count=872 597 564 53 511 42 469 370 283 231 113 90 62 41 118 70 87 52 99
is_linear=0
shrinkage=0.05


Tree=152
num_leaves=18
num_cat=0
split_feature=6 3 10 0 41 6 33 13 44 9 34 46 44 15 34 2 10
split_gain=1.96563 0.794187 0.602013 1.24402 0.646168 0.619035 0.675452 1.06753 1.31531 0.796838 0.787256 0.55641 0.524417 0.376307 0.148718 0.0413793 0.0346154
threshold=-0.59924835598596438 0.6850046860900979 -0.40882587483989347 -1.0000000180025095e-35 -0.31919770458211333 -0.076406749383376896 -0.10121639942444154 0.99905156599205769 -0.10283442745185913 1.0000000180025095e-35 1.6393033761403004 0.41475244044284543 -0.78775746806882052 1.0000000180025095e-35 -0.62927063161806118 0.59944599315565505 0.45230127216431554
decision_type=2 2 2 2 2 2 2 2 2 2 2 2 2 2 2 2 2
left_child=-1 2 3 -2 -5 14 13 8 -8 -10 16 -11 -3 -7 -4 -14 -9
right_child=1 12 5 4 -6 6 7 10 9 11 -12 -13 15 -15 -16 -17 -18
leaf_value=-0.44445248154863837 0.01742016361639552 0.0083757034123977947 -0.0018790177942563512 0.0012390559783311524 -0.010697251549380948 0.001440728298085784 0.0039702696238165351 -0.023137426795257373 0.0060364889789435473 -0.013803985316606905 0.43756254090872027 0.0027203503039578579 -0.0031628416923496759 -0.011963336915499856 -0.047059356272767104 -0.0070030547944123197 -0.022427227193948747
leaf_weight=275 35 23 20 22 29 28 34 20 22 31 21 39 96 54 58 20 45
leaf_count=275 35 23 20 22 29 28 34 20 22 31 21 39 96 54 58 20 45
internal_value=-0.00150229 0.000108877 0.00111354 0.00488372 -9.80404e-05 0.000241934 0.00129252 0.00278302 0.00571428 0.00260869 -0.00151163 -1.19209e-09 -0.00320144 -0.00256098 -0.00371795 -0.00456897 -0.00423077
internal_weight=872 597 458 86 51 372 294 212 126 92 86 70 139 82 78 116 65
internal_count=872 597 458 86 51 372 294 212 126 92 86 70 139 82 78 116 65
is_linear=0
shrinkage=0.05


Tree=153
num_leaves=21
num_cat=0
split_feature=30 17 4 7 7 33 3 45 41 41 18 33 8 16 11 48 2 11 36 38
split_gain=2.16372 0.665013 0.741642 0.823029 1.56113 0.731221 0.640244 0.538068 0.534069 0.457307 0.64851 0.511521 0.38322 1.072 0.290404 0.473485 0.240698 0.137524 0.118367 0.0404762
threshold=-0.5598431136109504 0.88251439077840321 -0.11998185403631688 0.36089448427662973 0.7647131210986674 -0.86862498045648595 1.0000000180025095e-35 -0.44419196721710802 -0.75554579578534919 -0.47914472707098937 -0.87616987279080039 -0.10121639942444154 0.84153582111607694 0.34303890409079468 1.0000000180025095e-35 0.2319176999979152 0.055294340792127451 1.1801474923192325 -0.042361175058989169 -0.29936617191938369
decision_type=2 2 2 2 2 2 2 2 2 2 2 2 2 2 2 2 2 2 2 2
left_child=-1 2 3 5 -5 -2 -6 -7 -3 10 -4 -11 13 16 15 -9 -13 19 -14 -10
right_child=1 8 9 4 6 7 -8 14 17 11 -12 12 18 -15 -16 -17 -18 -19 -20 -21
leaf_value=-0.4222298574712065 0.0072270781557925122 0.0039689564095222616 -0.0063608154632336794 0.00621713790780492 0.042544921219148081 0.0034604649671109364 -0.050966195999090892 0.0026819563510661138 -0.0084126118024524573 -0.01036568058297449 0.0045880485129125414 0.0013340048411083925 -0.019262346231393231 0.011747313453708205 -0.012897936869069549 -0.021707709681125151 -0.060844287793696931 -0.0017579818453977922 -0.047178508120211432 -0.02292525814290854
leaf_weight=275 20 20 23 34 20 28 21 24 20 74 30 20 20 20 46 20 23 20 29 85
leaf_count=275 20 20 23 34 20 28 21 24 20 74 30 20 20 20 46 20 23 20 29 85
internal_value=-0.00133028 0.000360133 0.00130531 0.0034507 0.00766667 0.00115942 0.00109756 -0.000338984 -0.00258621 -0.000606696 0.00349056 -0.00177419 0.000357142 0.00293651 -0.00222222 0.000681817 -0.00151163 -0.0038 -0.00295918 -0.00452381
internal_weight=872 597 452 213 75 138 41 118 145 239 53 186 112 63 90 44 43 125 49 105
internal_count=872 597 452 213 75 138 41 118 145 239 53 186 112 63 90 44 43 125 49 105
is_linear=0
shrinkage=0.05


Tree=154
num_leaves=18
num_cat=0
split_feature=6 7 7 9 6 0 2 2 38 42 44 12 33 9 9 8 34
split_gain=1.96563 0.669042 1.18681 1.14643 2.26287 0.946721 0.711954 1.25411 0.673395 0.797065 0.855972 0.623843 0.373854 0.327836 0.540601 0.165217 0.0403846
threshold=-0.59924835598596438 0.83201622723567381 0.36089448427662973 0.051463801505780955 0.44643485721921083 -1.0000000180025095e-35 -0.054758802382518561 -0.16481194555716455 0.13274394146034996 -1.191549770024986 -0.77552669948637487 0.38921393734185333 1.7405641950524655 0.10393294238981436 0.31380950592594797 0.11887376385140898 -0.54398589448428825
decision_type=2 2 2 2 2 2 2 2 2 2 2 2 2 2 2 2 2
left_child=-1 2 6 4 -4 -5 7 8 9 -2 -11 -12 15 16 -15 -3 -8
right_child=1 12 3 5 -6 -7 13 -9 -10 10 11 -13 -14 14 -16 -17 -18
leaf_value=-0.40111836459764683 -0.0095070800469047104 -0.0011185127680741899 0.00012948410381351293 0.0049526050977282011 0.0076467011214524823 -0.0042061875566780458 -0.020723276639628918 0.0038805221596244625 -0.004930791170797387 0.012326197833177292 0.010464432396995682 -0.017977927940660578 0.17122379862306578 0.0016411697870567371 -0.0052935021562129023 -0.020389131223900445 -0.046689124204400162
leaf_weight=275 28 20 33 28 21 33 20 27 47 22 32 22 27 31 27 95 84
leaf_count=275 28 20 33 28 21 33 20 27 47 22 32 22 27 31 27 95 84
internal_value=-0.00150229 0.000108877 0.00104395 0.00543478 0.0107407 0.000737704 -0.000441178 0.00174157 -3.31138e-05 0.00221154 0.00486842 0.00148148 -0.00288733 -0.00283951 0.000172413 -0.00413044 -0.00451923
internal_weight=872 597 455 115 54 61 340 178 151 104 76 54 142 162 58 115 104
internal_count=872 597 455 115 54 61 340 178 151 104 76 54 142 162 58 115 104
is_linear=0
shrinkage=0.05


Tree=155
num_leaves=19
num_cat=0
split_feature=6 44 12 8 34 37 39 4 34 5 10 41 44 6 33 39 4 17
split_gain=2.36999 0.953692 0.587868 0.733091 1.51515 0.644182 1.34776 0.648649 0.556669 1.93939 0.695187 0.559406 0.645448 0.376996 0.332016 0.145946 0.131808 0.124675
threshold=-0.59924835598596438 1.0835501250453781 -0.65249174111155672 -0.50055085666116339 -0.20284694594919631 0.89361022062043771 -0.194402945617176 -0.3061108165611624 0.34297537170695086 0.70046955895031082 0.26093968394115796 -0.32732355327004475 0.043934795537489774 1.0000000180025095e-35 0.95610208999748658 0.1455381751004973 -0.39917529782358513 0.65527704265362241
decision_type=2 2 2 2 2 2 2 2 2 2 2 2 2 2 2 2 2 2
left_child=-1 2 13 4 -4 7 -7 15 10 -10 11 -9 -13 -2 -11 -5 -3 -12
right_child=1 16 3 5 -6 6 -8 8 9 14 17 12 -14 -15 -16 -17 -18 -19
leaf_value=-0.38226602577137037 -0.056915779362618227 -0.0028116575531617221 0.015679958399070184 -0.005950160868891087 -0.0023465291069874601 0.0082886383439395358 -0.001224169399418286 0.010712514850292865 0.0033022584060295175 -0.00085439452951692929 -0.010972360914804559 -0.008430361344731227 0.0031991821292944272 0.00069234551120268795 0.0026607890279715589 -0.0011749245409471963 -0.022280185202216283 -0.001535828342302893
leaf_weight=266 51 23 33 54 33 25 39 29 22 21 48 37 20 38 23 20 72 22
leaf_count=266 51 23 33 54 33 25 39 29 22 21 48 37 20 38 23 20 72 22
internal_value=-0.00106165 0.000655737 0.00150485 0.00227699 0.00712121 0.00138889 0.0059375 0.000405404 0.00175676 0.00560606 0.000128204 0.00313953 0.000263157 -0.00219101 -0.000454547 -0.00364865 -0.00394737 -0.00357143
internal_weight=876 610 515 426 66 360 64 296 222 66 156 86 57 89 44 74 95 70
internal_count=876 610 515 426 66 360 64 296 222 66 156 86 57 89 44 74 95 70
is_linear=0
shrinkage=0.05


Tree=156
num_leaves=20
num_cat=0
split_feature=6 44 3 48 19 36 36 41 4 8 0 8 48 16 16 41 44 4 8
split_gain=2.23459 0.886972 0.791644 0.804289 0.57729 0.852319 1.35144 0.614547 0.591512 0.557331 0.715632 0.513333 0.441905 0.331357 0.469925 0.32967 0.143662 0.131808 0.130536
threshold=-0.59924835598596438 1.0835501250453781 -1.1273432582786325 -0.6742562721864499 -0.6133503958973926 0.094948541361424457 -0.23116203513705788 -0.81929794692487645 -0.21304633529873965 0.78991710274002924 1.2485767956218459 0.48020479248374298 0.2319176999979152 -0.078516707857746199 0.012630451482478844 -0.074295523717731557 0.52093477025287382 -0.39917529782358513 -0.60378829341325879
decision_type=2 2 2 2 2 2 2 2 2 2 2 2 2 2 2 2 2 2 2
left_child=-1 2 16 -4 5 6 8 -6 -5 10 11 13 -7 18 -15 -16 -2 -3 -9
right_child=1 17 3 4 7 12 -8 9 -10 -11 -12 -13 -14 14 15 -17 -18 -19 -20
leaf_value=-0.36315272448280173 -0.008527324019136551 -0.0026710746755036602 0.0056888172427060207 -0.012150065891812339 0.0032465890588728439 0.0012742417310552122 0.0043447623376579696 -0.00011921860687311988 0.014387964925714715 -0.026925158260117571 0.0049402808336273269 0.0043380042577614861 -0.00057124666240087089 0.01280441696340578 -0.0089188843104636741 0.00067587078598772788 -0.00014853456048266427 -0.021166175942105424 -0.021990264586845963
leaf_weight=266 51 23 30 24 23 21 25 22 37 54 26 21 29 20 30 26 20 72 56
leaf_count=266 51 23 30 24 23 21 25 22 37 54 26 21 29 20 30 26 20 72 56
internal_value=-0.0011758 0.000491802 0.00131068 0.00209459 0.00152174 0.00419118 0.0072093 0.000215826 0.00319672 -0.000490197 0.000721392 -0.000428573 -0.001 -0.00142857 0.000921051 -0.00142857 -0.00359155 -0.00394737 -0.00371795
internal_weight=876 610 515 444 414 136 86 278 61 255 201 175 50 154 76 56 71 95 78
internal_count=876 610 515 444 414 136 86 278 61 255 201 175 50 154 76 56 71 95 78
is_linear=0
shrinkage=0.05


Tree=157
num_leaves=21
num_cat=0
split_feature=30 44 12 13 18 46 37 38 45 46 34 34 45 11 16 37 9 16 10 7
split_gain=2.43918 0.830544 0.623869 1.02953 0.986311 0.834231 1.00734 1.52381 1.27385 0.752667 0.657494 0.814152 0.544881 0.404776 0.591512 0.272593 0.247048 0.111111 0.0363014 0.0361111
threshold=-0.5598431136109504 1.3159347281118472 -0.65249174111155672 0.59899291917901587 -1.1661101447046642 -0.51656496834883103 0.7386396477165541 0.77747966618566677 0.069953337792772033 0.10839802965610967 1.3834491647389815 -0.64632757904481575 0.64530641720859039 -0.75180419040202018 0.012630451482478844 0.067100498466391559 0.52368606946208163 -0.089910102775274323 -0.50450666895147223 -0.17753036481942056
decision_type=2 2 2 2 2 2 2 2 2 2 2 2 2 2 2 2 2 2 2 2
left_child=-1 2 12 4 17 13 8 -8 9 -7 11 -5 18 -6 -15 -10 -13 -4 -2 -3
right_child=1 19 3 10 5 6 7 -9 15 -11 -12 16 -14 14 -16 -17 -18 -19 -20 -21
leaf_value=-0.34499508825866165 -0.035280832790299192 -0.0059135076513494285 -0.025237366920758637 0.0025991791486725956 -0.00076363604402359905 0.0064589987184637283 0.012049177041704091 0.00032203211863006463 0.00033626803249659691 0.0012075669728014375 0.41552262251757227 -0.0075167605640997148 0.0015025277751665523 0.01206831502241329 -0.0011396433989988139 -0.012376539035224846 8.4669007285521902e-05 -0.0011032543607622451 -0.017897905058460135 -0.032551870824356045
leaf_weight=266 20 20 25 21 20 36 21 21 27 29 20 93 20 37 24 23 28 20 53 52
leaf_count=266 20 20 25 21 20 36 21 21 27 29 20 93 20 37 24 23 28 20 53 52
internal_value=-0.00100457 0.000737704 0.00141264 0.00219101 0.0040106 0.00529412 0.00742038 0.0140476 0.005 0.00961538 -0.000987656 -0.0021831 -0.00231183 0.00117284 0.00319672 -0.001 -0.00376033 -0.00277778 -0.00431507 -0.00430556
internal_weight=876 610 538 445 283 238 157 42 115 65 162 142 93 81 61 50 121 45 73 72
internal_count=876 610 538 445 283 238 157 42 115 65 162 142 93 81 61 50 121 45 73 72
is_linear=0
shrinkage=0.05


Tree=158
num_leaves=20
num_cat=0
split_feature=6 44 35 46 3 48 41 35 33 19 39 39 41 4 46 11 10 36 19
split_gain=2.28198 0.830544 0.66689 1.59679 0.62082 0.789001 0.706165 0.658771 1.35143 1.00884 0.605198 0.43371 0.6946 0.400206 0.302459 0.15122 0.142857 0.0362406 0.0361111
threshold=-0.59924835598596438 1.3159347281118472 -0.90236166764277626 -0.44303990976001456 -1.1273432582786325 -0.6742562721864499 -0.87927590280129342 0.055595742556190021 1.0000000180025095e-35 -0.6133503958973926 -0.90259726508240767 -0.14253810599044117 -0.25120128466456521 0.15921158975095148 -0.050906263952992907 1.1801474923192325 0.64366286038747311 0.64418740704307897 1.0000000180025095e-35
decision_type=2 2 2 2 2 2 2 2 2 2 2 2 2 2 2 2 2 2 2
left_child=17 2 3 -2 16 -6 -7 11 9 -9 -10 -8 -13 15 -14 -12 -4 -1 -3
right_child=1 18 4 -5 5 6 7 8 10 -11 13 12 14 -15 -16 -17 -18 -19 -20
leaf_value=-0.32216626982162438 -0.00092965646404310652 -0.019812188826158705 -0.0080098202033017825 0.005027023646605757 0.0039652348868359152 0.0031663064384058782 -0.0095962693679877004 0.010219145931856891 0.0022537928101947369 0.00036241413882057638 -0.0042088521460334509 0.0035545748704781453 -0.024162714091407769 0.0010653044544994791 0.0016286263900095967 0.00040168398903368336 -0.00034615054526033269 -0.38156620251551754 -0.0056178322687822886
leaf_weight=241 39 52 50 23 32 25 71 23 20 36 62 24 41 32 20 20 20 25 20
leaf_count=241 39 52 50 23 32 25 71 23 20 36 62 24 41 32 20 20 20 25 20
internal_value=-0.00094749 0.000737704 0.00141264 0.00629032 0.00077731 0.00152709 0.000882352 0.000300858 0.00225388 0.00855932 -0.000522389 -0.00211539 0.000294116 -0.00192983 -0.00254098 -0.00378049 -0.00357143 -0.00481203 -0.00430556
internal_weight=876 610 538 62 476 406 374 349 193 59 134 156 85 114 61 82 70 266 72
internal_count=876 610 538 62 476 406 374 349 193 59 134 156 85 114 61 82 70 266 72
is_linear=0
shrinkage=0.05


Tree=159
num_leaves=22
num_cat=0
split_feature=6 2 37 39 11 33 4 39 35 6 6 14 13 34 47 49 7 6 2 11 2
split_gain=2.06539 0.75223 1.04491 1.17071 0.858085 1.33885 0.915126 1.03569 0.959034 0.835068 1.38225 0.653856 0.423306 0.409237 0.142529 0.41979 0.125926 0.0738513 0.111111 0.0413793 0.0321429
threshold=-0.59924835598596438 0.27540062714141955 0.89361022062043771 -0.23384573450266691 0.21417165095860605 0.2228005570113106 0.15921158975095148 0.1455381751004973 -0.33785105091838541 0.44643485721921083 0.70785566052050475 1.1778173337107767 0.79902224258553678 0.3770892665604601 0.2319176999979152 0.68465394586442807 0.36089448427662973 -0.68638862375306242 -0.60502451825574854 0.85815554519902371 0.7156131998400036
decision_type=2 2 2 2 2 2 2 2 2 2 2 2 2 2 2 2 2 2 2 2 2
left_child=17 2 4 -4 5 6 7 8 -2 19 -11 14 13 -12 -6 -16 -7 -1 -19 -3 -14
right_child=1 9 3 -5 11 16 -8 -9 -10 10 12 -13 20 -15 15 -17 -18 18 -20 -21 -22
leaf_value=-0.5347998778954256 -4.92965549105115e-05 -0.031058625435350103 0.0037514960611564029 0.0022159751936788648 -0.024910337042589666 -0.022818696589935478 -0.00087277683698993376 0.018553967416405578 0.0099393089168430468 0.002509107308394664 0.0073822023901994943 0.3074785167452132 -0.0096712549519268748 -0.007868910600331739 0.0036830982827374664 -0.013271711646769713 -0.0012762817551474799 -0.033418932600130728 -0.077092475338248478 -0.0081636911404166616 -0.016804190507790428
leaf_weight=221 32 96 26 25 62 34 34 24 29 23 26 23 20 22 23 35 20 20 25 20 36
leaf_count=221 32 96 26 25 62 34 34 24 29 23 26 23 20 22 23 35 20 20 25 20 36
internal_value=-0.00094749 0.000655737 0.00208447 0.00872549 0.00101266 0.0033815 0.00634454 0.00911765 0.00565574 -0.00150206 0.00129921 -0.00185315 -0.00115385 0.00229167 -0.00333333 -0.00155173 -0.00314815 -0.00462406 -0.00277778 -0.00456897 -0.00410714
internal_weight=876 610 367 51 316 173 119 85 61 243 127 143 104 48 120 58 54 266 45 116 56
internal_count=876 610 367 51 316 173 119 85 61 243 127 143 104 48 120 58 54 266 45 116 56
is_linear=0
shrinkage=0.05


Tree=160
num_leaves=22
num_cat=0
split_feature=6 35 13 15 7 35 35 2 2 9 6 45 42 40 11 17 35 34 8 7 2
split_gain=2.73861 1.55656 0.873456 0.939434 1.0819 1.72552 1.2668 1.12035 1.4366 0.983352 0.482609 0.717391 0.396673 0.593009 0.382653 0.359587 0.362427 0.114894 0.0391304 0.0332492 0.03
threshold=-0.59924835598596438 -1.2615956964673884 0.79902224258553678 1.1626246153537074 0.36089448427662973 1.0000000180025095e-35 0.79117018253039639 0.01860995973391211 -0.16481194555716455 -0.31582018468245282 0.097873786150819 0.62082330744621506 0.33623694753701211 0.098055649359397312 0.21417165095860605 1.0000000180025095e-35 -0.11546808069362539 -0.4928150522040245 1.409341723252602 -0.1102272586824143 -0.66616515335277415
decision_type=2 2 2 2 2 2 2 2 2 2 2 2 2 2 2 2 2 2 2 2 2
left_child=19 -2 3 4 7 14 -7 8 9 -3 -9 -12 13 17 -6 16 -11 -4 -14 -1 -17
right_child=1 2 12 -5 5 6 -8 10 -10 15 11 -13 18 -15 -16 20 -18 -19 -20 -21 -22
leaf_value=-0.31716552530610698 0.011538858422765454 0.013895452617973279 -0.00025643415045959183 -0.015328889004151814 0.00080828485851372901 0.0077053330328419756 0.0067108440431098444 -0.05763521377664782 0.0058527322272675722 0.015850965094826152 0.0023808263500510163 -0.016976351066303162 -0.013401907814635029 0.015229173792905171 -0.036877789143913091 -0.0084989441525026074 -0.010187659881064848 -0.0083010878397007347 -0.054460606526636458 -0.18773463415452518 -0.001725727083721363
leaf_weight=237 20 37 20 43 28 30 29 74 29 21 24 22 72 26 21 30 20 27 20 27 20
leaf_count=237 20 37 20 43 28 30 29 74 29 21 24 22 72 26 21 30 20 27 20 27 20
internal_value=-0.000553023 0.00128059 0.000817874 0.00200934 0.00279221 0.00703704 0.0127966 0.00113718 0.0039172 0.00164062 -0.0025 0.00152174 -0.00227273 0.000479451 0.00010204 -0.00115385 0.00231707 -0.00287234 -0.00445652 -0.00481061 -0.004
internal_weight=877 613 593 428 385 108 59 277 157 128 120 46 165 73 49 91 41 47 92 264 50
internal_count=877 613 593 428 385 108 59 277 157 128 120 46 165 73 49 91 41 47 92 264 50
is_linear=0
shrinkage=0.05


Tree=161
num_leaves=22
num_cat=0
split_feature=30 45 45 41 0 4 39 5 30 15 37 45 41 11 16 40 37 39 40 34 4
split_gain=2.24926 1.13205 1.36126 1.10495 1.55958 2.06525 0.797302 0.52381 0.836996 0.581897 0.667105 0.827895 1.57507 0.37001 0.506123 0.418553 0.246859 0.128205 0.039011 0.0200216 0.0261905
threshold=-0.5598431136109504 -0.040220656137916581 -0.11366998542504229 -0.45454778023684222 0.74914607737310757 -0.11998185403631688 1.3637090813255508 0.93277011972782053 0.11995752068730071 1.1626246153537074 0.92804812571018969 1.0247946185254067 -0.23673057431478048 0.53616359807881486 -0.27220442145572438 0.027539781558096142 0.7386396477165541 0.37651657034085462 0.5710279333925149 -1.1580360018474536 1.0000000180025095e-35
decision_type=2 2 2 2 2 2 2 2 2 2 2 2 2 2 2 2 2 2 2 2 2
left_child=19 2 3 4 5 -2 13 8 16 10 11 12 -10 14 -5 -15 18 -16 -3 20 -1
right_child=1 7 -4 6 -6 -7 -8 -9 9 -11 -12 -13 -14 15 17 -17 -18 -19 -20 -21 -22
leaf_value=-0.22833857447030015 0.00043438401708726011 -0.0045769747816921209 0.0033590428281591645 0.0017544284635534859 -0.037370940033998663 0.016512783646563094 0.36746305840882371 -0.021797132809479591 0.0061365393003616538 -0.014303310538668299 0.023175748292038778 -0.016555435240921863 -0.00069184221033408025 -0.023746148406488993 -0.0034913008707759784 0.0035349854756632354 0.00048836297068125044 -0.0010497945587983118 -0.034988265205114118 -0.27292322472488773 -0.40209570500063729
leaf_weight=22 26 71 23 30 25 23 21 77 21 20 20 26 29 22 80 31 24 24 20 222 20
leaf_count=22 26 71 23 30 25 23 21 77 21 20 20 26 29 22 80 31 24 24 20 222 20
internal_value=-0.000952111 0.000709624 0.00286885 0.00191489 0.00716216 0.0123469 4.80757e-05 -0.00142857 -0.000238096 0.00275862 0.004375 0.00223684 0.006 -0.000989306 -0.00238806 0.00254717 -0.00326087 -0.00403846 -0.00445055 -0.00481061 -0.00380953
internal_weight=877 613 305 282 74 49 208 308 231 116 96 76 50 187 134 53 115 104 91 264 42
internal_count=877 613 305 282 74 49 208 308 231 116 96 76 50 187 134 53 115 104 91 264 42
is_linear=0
shrinkage=0.05


Tree=162
num_leaves=21
num_cat=0
split_feature=6 41 14 45 45 37 34 13 36 3 34 11 11 20 35 41 41 0 7 36
split_gain=1.97115 1.04723 1.45915 0.671611 1.39553 0.727923 0.906666 1.3193 0.550747 0.619967 0.718093 0.714206 0.432608 0.260287 0.151807 0.143662 0.0979823 0.0757576 0.109091 0.0431507
threshold=-0.59924835598596438 -0.78917105849296187 0.36312008047820415 1.0000000180025095e-35 -0.10142843054385468 0.72142069517167806 0.70117126766879745 0.59899291917901587 0.026293683151217634 1.1380916721822807 0.15534895001265028 -0.75180419040202018 1.1801474923192325 -1.4608314408431118 -0.38917019789333002 -0.38104146900681118 -0.48938421752248479 -1.2485767956218454 -0.78325832005247709 1.1076076999619751
decision_type=2 2 2 2 2 2 2 2 2 2 2 2 2 2 2 2 2 2 2 2
left_child=17 2 -2 4 8 13 7 -7 9 10 11 -3 14 -5 -10 -13 -15 18 -1 -18
right_child=1 3 -4 5 -6 6 -8 -9 12 -11 -12 15 -14 16 -16 -17 19 -19 -20 -21
leaf_value=-0.5619338522641395 0.00010107647973686858 0.0069247556694577135 0.0055344046985173583 0.00040500218800740149 0.0033491539560456863 0.01989638058278825 -0.014791248294892638 -0.0013861583607585977 5.3629366959059152e-05 0.01266129327219786 0.006716285668895013 -0.0067075710009860331 0.0028265364106080902 -0.0073580211038187307 -0.0046985867953511368 -0.022389860351241384 -0.011556815176063218 -0.25607387279074811 -0.10774041357352189 -0.00028990613434002292
leaf_weight=24 30 21 23 23 21 26 38 21 20 28 32 20 22 28 63 51 126 220 20 20
leaf_count=24 30 21 23 23 21 26 38 21 20 28 32 20 22 28 63 51 126 220 20 20
internal_value=-0.00100912 0.000546491 0.00726415 -8.92869e-05 0.00165468 -0.00180851 0.00205882 0.00670213 0.000642022 0.00256579 0.00104839 -0.00119565 -0.00214286 -0.00347716 -0.00379518 -0.00359155 -0.00413793 -0.00462121 -0.00272727 -0.00465754
internal_weight=877 613 53 560 278 282 85 47 257 152 124 92 105 197 83 71 174 264 44 146
internal_count=877 613 53 560 278 282 85 47 257 152 124 92 105 197 83 71 174 264 44 146
is_linear=0
shrinkage=0.05


Tree=163
num_leaves=19
num_cat=0
split_feature=30 45 41 39 43 41 43 30 17 13 11 33 0 2 11 36 37 9
split_gain=1.91309 0.888127 0.774023 0.875022 0.602621 0.719518 0.663654 0.616768 0.601667 0.55441 0.728565 0.631431 0.494225 0.497698 0.470171 0.294643 0.145055 0.106977
threshold=-0.6958032404706006 1.0247946185254067 -0.42536675342141028 -0.17671664732283843 0.19635942701313097 0.14828557501668721 -0.55296748342848956 0.79975815498555203 1.336989087027965 0.59899291917901587 0.53616359807881486 0.27396112908011361 0.74914607737310757 -0.20149632661537989 -0.75180419040202018 0.98746169809411299 -0.17396483716187186 1.0000000180025095e-35
decision_type=2 2 2 2 2 2 2 2 2 2 2 2 2 2 2 2 2 2
left_child=-1 2 3 8 6 -6 -4 17 12 10 14 -12 13 -2 -8 -3 -16 -7
right_child=1 15 4 -5 5 7 9 -9 -10 -11 11 -13 -14 -15 16 -17 -18 -19
leaf_value=-0.47118869223877352 -0.0010316753278450711 -0.015377286154347386 0.0031183489930089667 0.0084004527488195872 0.0060337594502094588 -0.04724188743544909 0.0042331239002058917 0.054466106108399706 0.0035975677147324693 -0.0095763124145832063 -0.012138887391668463 0.011177081919165603 -0.070903444260030798 0.0031849418369974351 -0.0067518680322832189 0.00015015145097029069 -0.0082058699354522601 9.2187877480673715e-07
leaf_weight=219 32 88 26 38 21 23 29 30 20 91 22 21 29 39 39 24 66 20
leaf_count=219 32 88 26 38 21 23 29 30 20 91 22 21 29 39 39 24 66 20
internal_value=-0.000952111 0.000395136 0.00122711 0.00417721 2.5772e-05 0.00351064 -0.00108844 0.00116438 0.00208333 -0.00182836 -0.000197741 0.00546512 0.000499999 0.00274648 -0.00201493 -0.00366072 -0.00357143 -0.00267442
internal_weight=877 658 546 158 388 94 294 73 120 268 177 43 100 71 134 112 105 43
internal_count=877 658 546 158 388 94 294 73 120 268 177 43 100 71 134 112 105 43
is_linear=0
shrinkage=0.05


Tree=164
num_leaves=22
num_cat=0
split_feature=6 45 35 8 49 13 35 3 3 40 13 37 13 42 15 5 36 7 37 2 2
split_gain=2.30891 0.737087 0.776159 1.31578 0.583237 0.562281 0.518287 0.507946 0.591876 0.787207 0.773848 1.31695 0.637121 0.611377 1.11468 0.496426 0.916667 0.299747 0.234848 0.0366667 0.0282609
threshold=-0.68638862375306242 1.0247946185254067 -0.88525528531779474 0.22211120060350439 -0.6747314249098697 -1.0012416680731508 -0.64576593276805305 -1.1273432582786325 0.6850046860900979 0.027539781558096142 0.59899291917901587 0.89361022062043771 0.19893427236597411 0.74094210782383696 0.71607245890455262 0.54560251843197094 -0.71174604260850549 -0.24483347095642685 -0.12230797952724398 -0.48274324806169749 0.69115694580119347
decision_type=2 2 2 2 2 2 2 2 2 2 2 2 2 2 2 2 2 2 2 2 2
left_child=-1 2 3 17 -3 -4 -7 20 10 12 11 15 -10 14 -12 16 -9 -2 -18 -11 -8
right_child=1 4 5 -5 -6 6 7 8 9 19 13 -13 -14 -15 -16 -17 18 -19 -20 -21 -22
leaf_value=-0.44762925762683503 0.0023878969278765499 0.00022156832251544992 0.0064194392499626321 0.0061461406817648785 -0.023128553438248031 -0.0084777646441024767 -0.0059341487264845325 0.010894982155015153 -0.0023494591988455146 -0.0093094401720104514 -0.0042487961347562045 0.012048698572033712 0.0021516882351096602 -0.0071524343053187131 0.063093328427580087 0.0020016727343253175 -0.0012355512835789872 -0.01558488953958706 -0.0098043705427383419 -0.012057125513796705 -0.022962240114880433
leaf_weight=219 23 31 38 20 81 39 26 24 20 20 36 27 24 41 20 29 33 20 31 55 20
leaf_count=219 23 31 38 20 81 39 26 24 20 20 36 27 24 41 20 29 33 20 31 55 20
internal_value=-0.000553023 0.00092705 0.00168498 0.00690476 -0.00276786 0.00100414 0.000505617 0.00103448 0.00166667 -0.00121849 0.00309129 0.00541667 0.00409091 -0.000360826 0.00303571 0.00311966 0.00125 0.00197674 -0.001875 -0.00433333 -0.00391304
internal_weight=877 658 546 63 112 483 445 406 360 119 241 144 44 97 56 117 88 43 64 75 46
internal_count=877 658 546 63 112 483 445 406 360 119 241 144 44 97 56 117 88 43 64 75 46
is_linear=0
shrinkage=0.05


Tree=165
num_leaves=24
num_cat=0
split_feature=6 8 38 16 14 42 37 7 7 35 2 47 3 33 4 2 43 35 11 10 37 37 7
split_gain=2.44112 0.837351 1.65637 1.00189 1.23253 0.988142 0.941952 1.17188 1.27604 1.225 0.606922 0.753463 0.340364 0.431126 0.454545 0.818182 0.4 0.336639 0.259072 0.144354 0.135484 0.0676123 0.111111
threshold=-0.68638862375306242 -0.34569470153302034 -0.94410189664470046 -0.20384405195055563 -0.45157717275436821 0.22937103724122451 0.92804812571018969 0.9666224395096864 0.091682059728604548 0.34640424208087628 -0.83735893162444575 0.2319176999979152 1.1380916721822807 0.92199504195161797 0.25227607101337429 0.87457885109227018 -0.17682039702364635 0.32929785975589476 -0.75180419040202018 1.5047900073916822 0.22207107137027524 -0.53556284060426684 0.091682059728604548
decision_type=2 2 2 2 2 2 2 2 2 2 2 2 2 2 2 2 2 2 2 2 2 2 2
left_child=-1 2 -2 17 -5 -6 10 8 -8 -10 11 -3 13 18 15 -15 -14 20 -12 21 -4 22 -20
right_child=1 6 3 4 5 -7 7 -9 9 -11 12 -13 16 14 -16 -17 -18 -19 19 -21 -22 -23 -24
leaf_value=-0.42232946725162024 0.012764689202827605 -0.036106538146388256 -0.025810056611650024 -0.00050078240008584343 0.017128119496617425 0.0023538106993941498 -0.00176618997630022 -0.0095171143342929927 0.0025025256487976738 0.0024617092292548225 -0.00026967189249611968 0.010193114878808467 0.0020485483504556006 0.010797957912896002 -0.019775277554841333 -0.0043932139797760016 -0.010666014409409671 0.0043922819846464213 -6.6968183146892251e-05 -0.0060803236952293163 -0.021707715538224662 -0.013014484074395004 -0.046684674504878163
leaf_weight=226 20 20 42 29 23 22 24 32 20 20 36 22 20 22 20 22 20 23 20 20 20 143 25
leaf_count=226 20 20 42 29 23 22 24 32 20 20 36 22 20 22 20 22 20 23 20 20 20 143 25
internal_value=-0.000510663 0.00101504 0.00393855 0.0022327 0.00648649 0.0116667 -6.17296e-05 0.004375 0.00828125 0.01375 -0.00115385 0.00452381 -0.00183908 -0.0024026 0.00125 0.00409091 0.0025 -0.00147059 -0.00336066 -0.00403846 -0.0033871 -0.00446809 -0.00277778
internal_weight=891 665 179 159 74 45 486 96 64 40 390 42 348 308 64 44 40 85 244 208 62 188 45
internal_count=891 665 179 159 74 45 486 96 64 40 390 42 348 308 64 44 40 85 244 208 62 188 45
is_linear=0
shrinkage=0.05


Tree=166
num_leaves=22
num_cat=0
split_feature=30 3 38 46 46 46 12 30 46 37 41 2 2 2 37 37 46 42 0 2 8
split_gain=2.20311 0.701033 1.04185 0.857607 1.65176 0.752942 1.14586 1.56473 1.41199 1.12154 0.947749 0.91875 0.491459 0.410714 0.598316 0.4 0.328663 0.468085 0.069392 0.102439 0.0311321
threshold=-0.6958032404706006 1.1380916721822807 0.33508121677308261 -0.50431079191736161 -0.11217714611034003 0.41475244044284543 0.9100667765685585 0.25591764754695101 1.7136951421786051 0.77307755280630597 -0.90754259689328343 0.16534748396677348 1.0000000180025095e-35 -0.16481194555716455 -0.8110660813222822 -0.087870074437492063 -0.71263179125234188 -0.87688903415405661 0.74914607737310757 0.72784132685940872 0.27372991897955212
decision_type=2 2 2 2 2 2 2 2 2 2 2 2 2 2 2 2 2 2 2 2 2
left_child=-1 5 3 -3 -5 10 7 11 9 15 -2 -7 13 14 -12 -9 17 -16 -14 -20 -8
right_child=1 2 -4 4 -6 6 20 8 -10 -11 12 -13 18 -15 16 -17 -18 -19 19 -21 -22
leaf_value=-0.40121299388903947 0.00098602095759083301 -0.0064976439346973508 -0.049943852949879478 0.010646407289775308 0.00027492154601081308 0.0060590551264843358 -0.0062500493776637732 0.001630025079594049 -0.0082785809941369384 0.0079568082882937787 0.0079415818173200637 -0.039107574889976578 -0.0086634344240359758 0.0021347152251248373 -0.0059011281271240598 0.00060603443800168102 -0.0031227777931456813 0.029080370845874517 -0.015416901581139715 -0.0010362244074443566 -0.012292968667785426
leaf_weight=226 22 28 22 23 26 32 20 20 20 25 38 48 101 23 22 20 76 25 21 20 33
leaf_count=226 22 28 22 23 26 32 20 20 20 25 38 48 101 23 22 20 76 25 21 20 33
internal_value=-0.00073513 0.000714285 0.00459596 0.00733766 0.0113265 3.53345e-05 0.00233945 0.00439394 0.00911765 0.0126923 -0.00140805 -0.000625001 -0.00208589 -0.000380436 -0.00127329 0.0075 -0.00296748 0.000319148 -0.00429578 -0.00256098 -0.0040566
internal_weight=891 665 99 77 49 566 218 165 85 65 348 80 326 184 161 40 123 47 142 41 53
internal_count=891 665 99 77 49 566 218 165 85 65 348 80 326 184 161 40 123 47 142 41 53
is_linear=0
shrinkage=0.05


Tree=167
num_leaves=22
num_cat=0
split_feature=6 45 46 15 6 46 2 45 39 43 0 9 5 43 0 45 15 38 38 0 5
split_gain=2.20311 0.697132 0.851212 0.864234 0.900355 1.6713 1.5569 1.13511 1.11617 1.37681 1.16667 1.04895 1.73804 0.792637 0.710784 1.36825 0.48913 0.325 0.188259 0.0391304 0.0333333
threshold=-0.68638862375306242 1.0247946185254067 -1.0067320256076082 1.1626246153537074 0.22858418780146592 0.30446485255962058 0.23871624608320416 -0.064703765900291824 0.34956413005167081 -0.44251843406157149 -1.0000000180025095e-35 0.10393294238981436 0.83597821940385819 -0.57349244725496473 -1.0000000180025095e-35 -0.10142843054385468 -0.40030793221833455 1.0724119657940567 0.16017950421461893 -0.74914607737310734 0.31330195765446112
decision_type=2 2 2 2 2 2 2 2 2 2 2 2 2 2 2 2 2 2 2 2 2
left_child=-1 2 20 4 6 14 7 8 9 13 -11 -7 -13 -4 -6 -16 -3 -5 -9 -18 -2
right_child=1 16 3 17 5 11 -8 18 -10 10 -12 12 -14 -15 15 -17 19 -19 -20 -21 -22
leaf_value=-0.38115234419458788 -0.0091304585746335657 0.0023601068603626898 0.011881675970200033 -0.012710302360797902 -0.0030783144154340339 0.00054133923216087131 -0.053896644430722819 -0.008610536936899213 -0.010232977774608364 0.018360380193855285 0.0050753017037938764 0.011721274332524872 0.00091373405344332987 -0.057622124817723587 -0.0006428946386395491 0.0013237196477369235 -0.014747283502951791 0.035156421351006405 0.0047929044242294256 -0.0074926385740868634 -0.013474543012750926
leaf_weight=226 40 23 37 52 29 27 72 31 27 24 32 20 21 21 31 20 20 20 26 72 20
leaf_count=226 40 23 37 52 29 27 72 31 27 24 32 20 21 21 31 20 20 20 26 72 20
internal_value=-0.00073513 0.000714285 0.00145454 0.00214286 0.00301435 0.00614865 0.0012963 0.00358586 0.00599291 0.00815789 0.01375 0.0119118 0.0169512 0.00275862 0.00125 0.00480392 -0.00282609 -0.00291667 -0.00236842 -0.00445652 -0.00416667
internal_weight=891 665 550 490 418 148 270 198 141 114 56 68 41 58 80 51 115 72 57 92 60
internal_count=891 665 550 490 418 148 270 198 141 114 56 68 41 58 80 51 115 72 57 92 60
is_linear=0
shrinkage=0.05


Tree=168
num_leaves=21
num_cat=0
split_feature=6 15 36 0 7 7 5 36 43 37 46 46 45 8 45 45 46 4 5 3
split_gain=1.86898 0.489308 0.738884 1.56615 0.930475 1.52635 0.981417 0.610041 0.85403 0.765945 0.652913 0.637441 0.712336 1.10968 0.61595 1.83122 0.600289 0.149698 0.111111 0.025
threshold=-0.68638862375306242 1.1626246153537074 0.50687769062266541 1.2485767956218459 0.15898516586561084 0.69741001496166122 0.54560251843197094 -0.95203804634422917 -0.38757338985653295 0.22207107137027524 -0.28373561615091197 -0.52881914478030045 -0.44419196721710802 0.11887376385140898 -0.19936086959335564 -0.60333218067254712 -0.59009002693764767 -0.21304633529873965 -0.6933338057147479 0.2319176999979152
decision_type=2 2 2 2 2 2 2 2 2 2 2 2 2 2 2 2 2 2 2 2
left_child=-1 2 7 4 17 6 -6 8 -2 10 14 -11 -13 19 15 18 -3 -4 -9 -14
right_child=1 16 3 -5 5 -7 -8 9 -10 11 -12 12 13 -15 -16 -17 -18 -19 -20 -21
leaf_value=-0.36209472698485839 0.0091929257940750464 0.34431697324761695 -0.00011814488214403803 0.0024653030966204168 0.0002074154327574891 -0.0048298902179642221 0.0035745312256709031 -0.0011646450933532303 -0.0090483760223123901 -0.0046654333182948636 -0.010138440341551126 0.016364103398954333 -0.012569263632352246 0.0061117638307333043 -0.01694400373014255 0.017711616014235779 -0.014585745922453548 -0.028361078262889878 -0.020626545942084486 -0.0003789905137183277
leaf_weight=226 24 21 31 21 21 35 20 20 27 24 133 20 20 33 36 23 78 33 25 20
leaf_count=226 24 21 31 21 21 35 20 20 27 24 133 20 20 33 36 23 78 33 25 20
internal_value=-0.00107183 0.000263157 0.000830388 0.00369565 0.00178571 0.00552631 0.0120732 -0.000308643 0.00480392 -0.0010452 -0.00267933 0.00226496 0.00413978 0.00184931 0.00028846 0.00308823 -0.0029798 -0.00265625 -0.00277778 -0.00375
internal_weight=891 665 566 161 140 76 41 405 51 354 237 117 93 73 104 68 99 64 45 40
internal_count=891 665 566 161 140 76 41 405 51 354 237 117 93 73 104 68 99 64 45 40
is_linear=0
shrinkage=0.05


Tree=169
num_leaves=18
num_cat=0
split_feature=6 15 46 41 2 16 33 35 2 0 0 17 6 5 46 5 4
split_gain=1.97731 0.707081 0.905365 0.822529 1.06671 1.30603 0.88646 1.19713 0.470358 0.627026 0.398396 0.398176 0.686262 0.888889 1.2004 0.359091 0.0762777
threshold=-0.68638862375306242 1.1626246153537074 -1.0067320256076082 -0.31919770458211333 0.81343821599524457 0.092384215905175773 -0.35701925976845633 -0.64576593276805305 -0.83735893162444575 1.2485767956218459 -1.0000000180025095e-35 -1.2762404164070149 0.44643485721921083 1.029562020051783 0.23093979397080397 1.7361428924167088 -0.39917529782358513
decision_type=2 2 2 2 2 2 2 2 2 2 2 2 2 2 2 2 2
left_child=-1 2 -2 4 5 6 7 -4 -5 11 -8 -10 16 14 -14 -3 -13
right_child=1 15 3 8 -6 -7 10 -9 9 -11 -12 12 13 -15 -16 -17 -18
leaf_value=-0.34398999063561586 -0.0084877375184570416 -0.016260244093939096 -0.032629961695314617 0.0057357972602983913 -0.04632336276076645 0.00088802046860668178 0.0066589919239827839 0.0087827933483820755 0.003747349471427833 0.0026261037334889647 -0.0093659247545206381 -0.0045979923514951077 -0.0038848389010693383 -0.0031041954285471155 0.0062383502705816067 0.33803817569507649 -0.018195800564854293
leaf_weight=226 55 79 23 32 35 36 27 34 35 38 38 38 21 30 24 20 100
leaf_count=226 55 79 23 32 35 36 27 34 35 38 38 38 21 30 24 20 100
internal_value=-0.000959597 0.000413533 0.00109541 0.00175147 0.00432642 0.00607595 0.00360656 0.00815789 0.000188678 -0.000454547 -0.000384617 -0.00137097 -0.0021831 0.00166667 0.00611111 -0.00348485 -0.00427536
internal_weight=891 665 566 511 193 158 122 57 318 286 65 248 213 75 45 99 138
internal_count=891 665 566 511 193 158 122 57 318 286 65 248 213 75 45 99 138
is_linear=0
shrinkage=0.05


Tree=170
num_leaves=22
num_cat=0
split_feature=6 45 35 40 16 33 16 10 43 36 7 33 2 3 0 15 35 0 2 44 2
split_gain=2.04196 0.939599 0.740608 0.74921 0.680212 1.25483 1.71607 1.40612 1.05928 1.34544 1.83995 0.643842 0.582748 0.572691 0.812406 0.310947 0.267172 0.250216 0.225 0.155556 0.0336066
threshold=-0.68638862375306242 1.0247946185254067 1.4241063285547135 0.63982390197915018 -0.1126968926103306 0.06931884080490168 0.2632851396680978 1.0000000180025095e-35 -0.36360886266715831 -0.33414432245236808 0.091682059728604548 0.12047941287370466 0.18980373800558373 1.0000000180025095e-35 -1.0000000180025095e-35 -0.40030793221833455 1.0819786820550827 -1.0000000180025095e-35 -0.65393702633336903 1.0713193564629322 -0.27486508873181054
decision_type=2 2 2 2 2 2 2 2 2 2 2 2 2 2 2 2 2 2 2 2 2
left_child=-1 2 3 4 11 8 7 -7 9 -6 -11 12 13 -2 -15 -3 19 -8 -16 -5 -10
right_child=1 15 -4 16 5 6 17 -9 20 10 -12 -13 -14 14 18 -17 -18 -19 -20 -21 -22
leaf_value=-0.32685907718655643 -0.003112974675704898 0.0017873755400228655 0.011035700259583068 -0.0076295388727366234 -0.007895778211646708 0.0017663143495512965 -0.008989422993618594 0.0028560645167843091 -0.00063849613777503965 0.014555720064417311 0.00017920521372916389 -0.03048769952889744 -0.096011451788148225 0.0154046908685127 -0.0315640913910945 -0.021110810358399418 0.00040791394765942504 0.0036532790224829553 0.0041221072963283966 0.00081063132238554385 -0.0036905973733734909
leaf_weight=225 34 23 28 70 37 23 22 25 20 21 20 53 27 29 20 89 20 20 20 20 41
leaf_count=225 34 23 28 70 37 23 22 25 20 21 20 53 27 29 20 89 20 20 20 20 41
internal_value=-0.000885007 0.000513594 0.00136364 0.000938696 0.00191747 0.00373362 0.00833333 0.0147917 0.000755394 0.00461538 0.0108537 -0.000355192 0.00153846 0.00325243 0.00586956 -0.00366072 -0.00272727 0.00095238 0.00125 -0.00388889 -0.00418033
internal_weight=887 662 550 522 412 229 90 48 139 78 41 183 130 103 69 112 110 42 40 90 61
internal_count=887 662 550 522 412 229 90 48 139 78 41 183 130 103 69 112 110 42 40 90 61
is_linear=0
shrinkage=0.05


Tree=171
num_leaves=20
num_cat=0
split_feature=6 2 6 16 35 15 2 7 46 34 42 12 10 39 46 42 7 16 2
split_gain=2.09828 0.849983 0.841053 1.46518 1.10961 0.576542 0.966957 0.941176 0.687799 0.653864 0.77979 0.823129 0.732417 0.640646 0.568116 0.31916 0.144444 0.0392473 0.0287234
threshold=-0.68638862375306242 0.29985688118022974 0.22858418780146592 0.11517100574023204 1.3385744169298059 0.93934853712913002 -0.066986929401923676 -0.042924152545408031 -0.87193608486144447 -1.0898082121404353 0.47377733208436801 1.0000000180025095e-35 -0.40882587483989347 -0.31642982342024001 -0.57783585050617825 -0.29902151922127995 -0.37943968323043936 0.29746532442068219 -0.75176204248860989
decision_type=2 2 2 2 2 2 2 2 2 2 2 2 2 2 2 2 2 2 2
left_child=-1 5 -3 -4 15 6 8 -8 18 -10 12 -12 13 -11 -7 -5 -14 -17 -2
right_child=1 2 3 4 -6 14 7 -9 9 10 11 -13 16 -15 -16 17 -18 -19 -20
leaf_value=-0.31051612332722867 -0.0082830651831811274 -0.04693374791764398 0.002728504692789221 0.003379696499578283 0.0067959223367409843 0.3209166910202248 0.0014251491979537833 0.0031489897145548732 0.0092539652614812458 0.0063221459636345042 -0.0077961216457027574 0.0042071588814416539 -0.012225453187752967 -0.00034793374793172304 -0.0086062318674882676 -0.0026031771942301037 -0.0021963524520268863 -0.0065263313810078874 -0.0022218137260442915
leaf_weight=225 20 108 23 20 21 20 34 34 22 33 21 28 20 37 49 20 52 73 27
leaf_count=225 20 108 23 20 21 20 34 34 22 33 21 28 20 37 49 20 52 73 27
internal_value=-0.000828637 0.000589123 -0.00160377 0.000732483 -0.00126866 0.0020529 0.00292683 0.00823529 0.00153846 0.00274648 0.00180628 0.0072449 -7.04237e-05 0.00357143 -0.00210145 -0.00323009 -0.00361111 -0.00446237 -0.00393617
internal_weight=887 662 265 157 134 397 328 68 260 213 191 49 142 70 69 113 72 93 47
internal_count=887 662 265 157 134 397 328 68 260 213 191 49 142 70 69 113 72 93 47
is_linear=0
shrinkage=0.05


Tree=172
num_leaves=21
num_cat=0
split_feature=6 2 6 16 37 39 37 19 42 42 0 14 34 17 34 15 34 44 37 0
split_gain=1.82431 0.709806 0.750198 1.36317 0.624205 0.942653 1.0077 0.464594 0.417241 0.667293 0.662802 0.444992 0.4 0.389681 0.385614 0.567987 0.5 0.356204 0.154545 0.0267442
threshold=-0.68638862375306242 0.29985688118022974 0.22858418780146592 0.14935119049281645 0.34260373918440695 -0.41164946041638473 1.1346755562487012 1.0000000180025095e-35 -0.22678807985468322 -0.87688903415405661 0.74914607737310757 1.0000000180025095e-35 -0.23696084080270549 0.65527704265362241 1.0000000180025095e-35 1.0000000180025095e-35 0.66705737281528832 0.068396332702381268 1.0141428884345696 -1.0000000180025095e-35
decision_type=2 2 2 2 2 2 2 2 2 2 2 2 2 2 2 2 2 2 2 2
left_child=-1 4 -3 -4 8 6 -6 18 9 11 12 13 -11 -2 -10 16 -16 -7 -5 -17
right_child=1 2 3 7 5 17 -8 -9 14 10 -12 -13 -14 -15 15 19 -18 -19 -20 -21
leaf_value=-0.29499031716086704 0.0062262808305659188 -0.044587060521761535 0.0027753050372737349 -0.0057029514941568799 0.012054259375955244 0.0018886949540026677 0.00011500848578372498 0.0022521383002429246 -0.002300982313064092 0.011822496094755322 -0.0005261359594607249 -0.050442771670502852 0.0019928412459759054 -0.053745959540400401 0.00099908739858912423 -0.023942696640106269 -0.00017099990966923915 -0.00039768368103784322 -0.0015455064648015563 -0.030464445230594484
leaf_weight=225 26 108 30 68 25 32 21 39 52 20 23 35 20 21 25 20 25 29 20 23
leaf_count=225 26 108 30 68 25 32 21 39 52 20 23 35 20 21 25 20 25 29 20 23
internal_value=-0.00111049 0.000211479 -0.00179245 0.000414012 0.00154912 0.00481308 0.0102174 -0.00185039 0.000344826 0.00224138 0.00611111 -0.000731709 0.01 0.00244681 -0.00155173 0.000376343 0.004 0.000737704 -0.00386364 -0.00383721
internal_weight=887 662 265 157 397 107 46 127 290 145 63 82 40 47 145 93 50 61 88 43
internal_count=887 662 265 157 397 107 46 127 290 145 63 82 40 47 145 93 50 61 88 43
is_linear=0
shrinkage=0.05


Tree=173
num_leaves=21
num_cat=0
split_feature=6 45 35 39 41 2 4 9 35 46 7 41 41 2 39 44 15 5 5 33
split_gain=1.77182 0.777281 0.828034 0.488672 0.584688 0.491995 0.740192 0.38258 0.529199 0.734639 1.21 0.488691 0.544218 0.528736 0.988476 0.445804 0.310947 0.235714 0.142029 0.140635
threshold=-0.68638862375306242 1.0247946185254067 1.4241063285547135 -1.0784519815547018 -0.78917105849296187 -0.94741207479909173 -0.11998185403631688 -0.36828932556648614 -0.35495743324336698 -0.52881914478030045 -0.1102272586824143 -0.065264503510018376 -0.52876476919634141 0.49550691349071158 -0.27691368489313611 0.85116552197890882 -0.40030793221833455 0.42945223804321603 0.022926256682573833 -0.22059106758498179
decision_type=2 2 2 2 2 2 2 2 2 2 2 2 2 2 2 2 2 2 2 2
left_child=-1 2 3 -2 -5 6 -6 18 9 19 -11 12 -10 14 -14 -13 -3 -15 -7 -9
right_child=1 16 -4 4 5 7 -8 8 11 10 -12 15 13 17 -16 -17 -18 -19 -20 -21
leaf_value=-0.28024080130282297 -0.0040533696375385474 0.0015602340957065518 0.010088476763998011 0.0020731080365074396 0.0096603839449580162 -0.049186466025767622 -0.0051922998154577439 -0.0041639354902005057 -0.0031666123737494113 0.0049042609858624166 -6.4724184852496224e-05 -0.0062291258073577339 0.012311078122563603 -0.0043729492878479244 8.4106020722849595e-05 0.0031500106351672417 -0.019577026836341299 0.00033972078917688249 -0.089288563851666863 0.00049878044324229681
leaf_weight=225 38 23 28 38 20 49 23 26 27 20 25 82 28 22 37 27 89 20 20 20
leaf_count=225 38 23 28 38 20 49 23 26 27 20 25 82 28 22 37 27 89 20 20 20
internal_value=-0.00116686 0.00013595 0.00090909 0.000459769 0.000888429 0.000381165 0.00546512 -0.000161292 0.000538921 0.00379121 0.00833333 -0.000679014 0.00134328 0.00294392 0.00576923 -0.00316514 -0.00366072 -0.00142857 -0.00355073 -0.000652175
internal_weight=887 662 550 522 484 446 43 403 334 91 45 243 134 107 65 109 112 42 69 46
internal_count=887 662 550 522 484 446 43 403 334 91 45 243 134 107 65 109 112 42 69 46
is_linear=0
shrinkage=0.05


Tree=174
num_leaves=22
num_cat=0
split_feature=6 2 39 6 8 34 37 15 6 49 42 0 47 37 49 13 36 37 5 35 2
split_gain=1.77182 0.810692 0.652151 0.828477 1.50509 1.24076 0.606061 1.73854 0.678201 0.934615 0.878912 0.923807 0.366824 0.456269 0.319355 0.4 0.276923 0.271765 0.267857 0.0419355 0.034375
threshold=-0.68638862375306242 0.18980373800558373 -0.25032586600551648 0.22858418780146592 0.58344222923583844 0.61588653053502451 0.34260373918440695 1.0000000180025095e-35 -0.076406749383376896 1.0000000180025095e-35 0.10271514355732835 -1.0000000180025095e-35 1.0000000180025095e-35 -0.29449750497600352 0.68465394586442807 0.19893427236597411 -0.8833831881340225 0.049881545921515599 0.83597821940385819 -0.5089148741682008 0.58110380262654737
decision_type=2 2 2 2 2 2 2 2 2 2 2 2 2 2 2 2 2 2 2 2 2
left_child=-1 6 19 20 5 -5 8 -8 9 16 11 -11 13 -10 15 -9 -2 -14 -6 -3 -4
right_child=1 2 3 4 18 -7 7 14 12 10 -12 -13 17 -15 -16 -17 -18 -19 -20 -21 -22
leaf_value=-0.2662287612376818 0.0027689630091667218 -0.068620542547666641 -0.0072933768563500133 0.0084857061413400239 0.00010971207594342404 0.0017794238353245507 0.0082700089778139415 -0.00073982847863410977 0.03104261265539341 0.0066446910014254 -0.025629072841524839 0.0030167670750450553 -0.007201393865725686 -0.00061372543780668768 -0.029982290903423386 0.0069481452485658096 -0.03055715798920558 0.00053537236016255895 -0.062739741382099798 -0.0091191629554941821 -0.049346150461779814
leaf_weight=225 20 20 20 21 21 22 38 20 20 22 20 36 77 23 22 20 32 25 35 104 44
leaf_count=225 20 20 20 21 21 22 38 20 20 22 20 36 77 23 22 20 32 25 35 104 44
internal_value=-0.00116686 0.00013595 -0.00186411 0.000214723 0.00308081 0.0101163 0.00166667 0.005 0.000454544 0.00307692 0.00653846 0.00965517 -0.00189655 0.00197674 -0.000161292 0.0025 -0.00211539 -0.00352941 -0.00232143 -0.00459678 -0.00421875
internal_weight=887 662 287 163 99 43 375 100 275 130 78 58 145 43 62 40 52 102 56 124 64
internal_count=887 662 287 163 99 43 375 100 275 130 78 58 145 43 62 40 52 102 56 124 64
is_linear=0
shrinkage=0.05


Tree=175
num_leaves=20
num_cat=0
split_feature=6 38 11 33 17 6 13 42 17 40 45 40 37 47 40 46 16 5 0
split_gain=2.08797 0.753792 1.48303 0.727212 1.47946 0.557529 0.988482 1.2058 0.478926 0.570249 1.01308 0.49285 0.461008 0.330583 0.154545 0.153695 0.0403846 0.0324561 4.44089e-16
threshold=-0.68638862375306242 -0.31308395329651789 -1.0737961375222289 -0.51050097597486521 -0.14005367578311081 -0.076406749383376896 -0.20112437444706763 0.3441529408922554 0.54165836859123184 0.29584405904597383 0.22909355124821112 1.3277835878455024 -0.67331446096327452 1.1380916721822807 1.5238520983174129 0.15741473538198739 -0.36335158079594948 -0.53846676519640801 1.2485767956218459
decision_type=2 2 2 2 2 2 2 2 2 2 2 2 2 2 2 2 2 2 2
left_child=18 2 -2 12 -5 13 7 -7 9 10 -8 15 -4 16 -10 -11 -3 -14 -1
right_child=1 5 3 4 -6 6 8 -9 14 11 -12 -13 17 -15 -16 -17 -18 -19 -20
leaf_value=-0.24168807146181626 0.0060336236835844088 -0.092686724645415663 0.0016405534335645765 -0.013419487594711059 0.023173507663904986 -0.00019352675824965248 -0.00042107976441364847 0.004530418611877537 -0.013377118114398123 -0.0014355757709866835 0.0015728108728835404 0.0019500852820949746 -0.043768715894391096 0.0014746139359668037 -4.9813080058514721e-05 -0.015330205952794827 -0.015900048519534929 -0.0013246908661419608 -0.32552997178731569
leaf_weight=197 22 20 29 35 38 30 34 39 68 35 22 34 37 20 20 52 84 20 33
leaf_count=197 22 20 29 35 38 30 34 39 68 35 22 34 37 20 20 52 84 20 33
internal_value=-0.000914846 0.000555554 0.00328729 0.00160377 0.00527397 -0.000524019 0.000538921 0.00586956 -0.000849058 0.000649716 0.00482143 -0.00128099 -0.00151163 -0.0033871 -0.00386364 -0.00327586 -0.00451923 -0.00412281 -0.005
internal_weight=869 639 181 159 73 458 334 69 265 177 56 121 86 124 88 87 104 57 230
internal_count=869 639 181 159 73 458 334 69 265 177 56 121 86 124 88 87 104 57 230
is_linear=0
shrinkage=0.05


Tree=176
num_leaves=21
num_cat=0
split_feature=30 2 12 38 30 41 35 19 17 35 0 14 40 46 35 44 39 7 2 0
split_gain=2.3924 0.916278 0.825695 0.78772 1.13509 0.824804 1.01496 1.22543 0.826257 0.826596 0.86413 1.57979 0.674845 0.380091 0.296703 0.522918 0.168216 0.267891 0.0357143 4.44089e-16
threshold=-0.6958032404706006 0.9479476132087008 -0.65249174111155672 -0.78291796546337122 1.0000000180025095e-35 -0.26886939959215533 -0.26942552161845923 1.0000000180025095e-35 0.54165836859123184 0.38061700673083937 0.74914607737310757 0.36312008047820415 0.38355891899393368 -0.11217714611034003 -0.081255316043662318 -0.29852672477099096 -0.16897452010235259 0.56280380268764862 0.34876938925785023 1.2485767956218459
decision_type=2 2 2 2 2 2 2 2 2 2 2 2 2 2 2 2 2 2 2 2
left_child=19 2 14 4 -4 6 -5 12 9 10 11 -7 -8 -11 -2 -16 -3 -18 -10 -1
right_child=1 16 3 5 -6 8 7 -9 18 13 -12 -13 -14 -15 15 -17 17 -19 -20 -21
leaf_value=-0.2296036678887251 -0.040275877438098052 -0.01982927445073053 0.0042373307380322621 -0.013199111403755815 -0.00064068420676987128 0.0086727991981595757 0.0020224774660576547 0.007519530085602813 -0.022527444008859445 0.012664417722128674 -0.0025784574703683308 -0.0083992328214214599 -8.0012155125925362e-05 -0.0083155903149210991 0.0069691973734803394 -0.029673641395420322 0.0032608068176219335 -0.020030390754302199 -0.0025034844474600298 -0.30925347319794977
leaf_weight=197 48 55 38 33 23 37 31 24 50 26 37 25 27 42 22 34 39 28 20 33
leaf_count=197 48 55 38 33 23 37 31 24 50 26 37 25 27 42 22 34 39 28 20 33
internal_value=-0.000627159 0.000946791 0.00186654 0.00286925 0.00811475 0.00196023 0.00543478 0.00841463 0.00027426 0.00218563 0.00510101 0.00870968 0.00448276 -0.00205882 -0.00211539 0.000357142 -0.00295082 -0.00126866 -0.00428572 -0.005
internal_weight=869 639 517 413 61 352 115 82 237 167 99 62 58 68 104 56 122 67 70 230
internal_count=869 639 517 413 61 352 115 82 237 167 99 62 58 68 104 56 122 67 70 230
is_linear=0
shrinkage=0.05


Tree=177
num_leaves=22
num_cat=0
split_feature=6 21 13 36 8 8 42 12 41 35 35 2 46 16 8 13 13 38 2 2 0
split_gain=2.45578 0.839187 0.735412 0.771429 0.560283 0.705608 1.21048 1.01951 0.571363 1.23587 1.18449 0.916672 0.922835 0.768002 0.329288 0.389189 0.369231 0.198613 0.140299 0.03 4.44089e-16
threshold=-0.68638862375306242 1.0000000180025095e-35 -1.0012416680731508 -0.093852318716644276 -0.75864444854140201 -0.34569470153302034 -0.20402959895835776 1.0000000180025095e-35 -0.26886939959215533 -0.30363828626842232 -0.52602125649318232 0.69115694580119347 0.57405673405194801 -0.021549733270105551 0.17049248222745669 0.59899291917901587 0.19893427236597411 -0.80349463752907291 -0.32377759680943102 -0.62948077229455879 1.2485767956218459
decision_type=2 2 2 2 2 2 2 2 2 2 2 2 2 2 2 2 2 2 2 2 2
left_child=20 2 3 -2 19 6 -6 -8 9 17 -10 12 13 -11 -12 16 -16 -7 -17 -4 -1
right_child=1 -3 4 -5 5 8 7 -9 10 11 14 -13 -14 -15 15 18 -18 -19 -20 -21 -22
leaf_value=-0.21812348449428814 0.0056579808118138704 -0.029335067816738964 -0.001436120283431384 0.00093038414865025576 0.012108902628448777 0.0020311443080767559 -0.016009543879908217 0.0014255384340773006 0.0031928999849016346 0.0029719685521428633 -0.0078469698379772471 -0.0056857032319408913 4.1385013108405513e-05 0.003537876911620462 -0.00031987646819278291 0.039599863865517372 0.00393219152907989 -0.026514982613184392 -0.017147758698326892 -0.017578505732006793 -0.2937907995380527
leaf_weight=197 20 53 20 28 29 26 37 24 36 20 74 32 22 21 39 20 26 35 47 30 33
leaf_count=197 20 53 20 28 29 26 37 24 36 20 74 32 22 21 39 20 26 35 47 30 33
internal_value=-0.000569621 0.00102504 0.00156996 0.0075 0.00104089 0.00155738 0.00555555 0.00155738 0.000653265 0.00301282 -0.00086777 0.00657895 0.0100794 0.0145122 -0.0023301 -0.000833335 0.00192308 -0.00254098 -0.00350746 -0.004 -0.005
internal_weight=869 639 586 48 538 488 90 61 398 156 242 95 63 41 206 132 65 61 67 50 230
internal_count=869 639 586 48 538 488 90 61 398 156 242 95 63 41 206 132 65 61 67 50 230
is_linear=0
shrinkage=0.05


Tree=178
num_leaves=21
num_cat=0
split_feature=6 21 12 10 46 35 37 3 46 36 3 46 13 46 37 0 17 46 35 0
split_gain=2.3924 0.817532 0.802326 0.763544 1.22045 1.74086 0.838356 0.706522 0.632863 1.01786 0.556028 0.490451 0.532092 1.2766 0.353448 0.337035 0.226398 0.156019 0.132943 4.44089e-16
threshold=-0.68638862375306242 1.0000000180025095e-35 -0.65249174111155672 -0.40882587483989347 -0.47980243905442282 -0.098361698368643849 1.2982556054250229 0.2319176999979152 -0.7739026734096891 -0.076688604164092566 1.1380916721822807 -0.14893967540474831 -0.20112437444706763 0.83139443911280608 -0.44946807787988713 -1.0000000180025095e-35 -1.1626217423446246 0.7333610276610506 0.089808507206153118 1.2485767956218459
decision_type=2 2 2 2 2 2 2 2 2 2 2 2 2 2 2 2 2 2 2 2
left_child=19 2 16 4 7 -6 8 -4 9 -5 11 -10 13 -13 -14 -12 -2 -16 -18 -1
right_child=1 -3 3 6 5 -7 -8 -9 10 -11 15 12 14 -15 17 -17 18 -19 -20 -21
leaf_value=-0.20721731026957318 0.0019580657262319788 -0.027868314425900972 -0.0054200598647580686 0.03621634616750468 0.0087896998127195165 0.0010093540439891119 0.0051605947883816743 0.0028664105496466839 -0.012544456692971752 -0.002353185072163623 0.004805373704079359 0.0030644144399822378 7.542914813138487e-05 -0.033042143594738796 -0.0046295201672497954 8.2654591520002493e-05 -0.032426956998742366 -0.00011547020664391733 -0.030560143792231112 -0.27910125956115051
leaf_weight=197 20 53 26 35 22 29 37 20 67 23 21 27 32 20 54 26 53 35 39 33
leaf_count=197 20 53 26 35 22 29 37 20 67 23 21 27 32 20 54 26 53 35 39 33
internal_value=-0.000627159 0.000946791 0.00148464 0.00238397 0.0063402 0.0116667 0.00136605 0.000434781 0.000588234 0.00534483 -0.000390072 -0.00138298 5.95226e-05 0.00457447 -0.00169422 0.00457447 -0.00232143 -0.00331461 -0.00336957 -0.005
internal_weight=869 639 586 474 97 51 377 46 340 58 282 235 168 47 121 47 112 89 92 230
internal_count=869 639 586 474 97 51 377 46 340 58 282 235 168 47 121 47 112 89 92 230
is_linear=0
shrinkage=0.05


Tree=179
num_leaves=20
num_cat=0
split_feature=6 13 0 45 16 10 10 8 40 37 38 13 4 14 12 46 15 5 0
split_gain=2.26814 0.791304 0.884804 0.713372 0.578819 0.947926 0.986896 0.778706 1.69225 0.820921 0.828579 0.545389 0.98 0.442699 0.47619 0.507937 0.286765 0.0386364 4.44089e-16
threshold=-0.68638862375306242 -1.0012416680731508 -1.0000000180025095e-35 1.0247946185254067 -0.14687707736291497 -0.40882587483989347 -0.69586825717462975 -0.34569470153302034 -0.012017900379218677 1.3929598444218405 1.4119270548781333 -0.20112437444706763 0.15921158975095148 0.36312008047820415 -0.13163890188485169 0.43926079330578427 -0.17703185399375715 0.97148687985740556 1.2485767956218459
decision_type=2 2 2 2 2 2 2 2 2 2 2 2 2 2 2 2 2 2 2
left_child=18 2 -2 4 5 6 -3 8 -6 10 11 12 -9 14 -13 -16 -5 -15 -1
right_child=1 3 -4 16 7 -7 -8 9 -10 -11 -12 13 -14 17 15 -17 -18 -19 -20
leaf_value=-0.19685644475609398 0.0066056940002029683 -0.027573664688763912 0.00015879826614441264 -5.7708741423232166e-05 0.020952741643391115 -0.011483194683422647 0.0051957111315530467 0.0018641383766741075 -7.9108438989296915e-05 0.0015422452712503618 0.30103494700421551 0.0081039058432915839 -0.0052587700782481071 -0.0065840936237807172 -0.0070998974432792327 0.00266195240378818 -0.022139275174912855 -0.006497973639489377 -0.26514619658309324
leaf_weight=197 24 39 27 24 21 85 31 25 29 33 20 27 25 68 42 21 78 20 33
leaf_count=197 24 39 27 24 21 85 31 25 29 33 20 27 25 68 42 21 78 20 33
internal_value=-0.000742234 0.000790296 0.0067647 0.000272108 0.00106996 -0.00145161 0.00285714 0.00225075 0.008 0.00122776 0.000241934 -0.000614036 0.004 -0.00191011 0.000555554 -0.0018254 -0.00352941 -0.00443182 -0.005
internal_weight=869 639 51 588 486 155 70 331 50 281 248 228 50 178 90 63 102 88 230
internal_count=869 639 51 588 486 155 70 331 50 281 248 228 50 178 90 63 102 88 230
is_linear=0
shrinkage=0.05


Tree=180
num_leaves=23
num_cat=0
split_feature=6 15 34 36 40 0 33 16 12 8 34 16 12 3 39 2 5 49 6 9 2 2
split_gain=2.28552 0.810338 0.695706 0.833832 1.19783 1.37868 0.615646 0.941773 0.885476 1.18447 1.15238 0.845153 0.83046 0.827611 0.588942 0.465608 0.333532 0.159879 0.257703 0.124675 0.0392473 0.0291667
threshold=-0.68638862375306242 1.1626246153537074 1.4175630595924908 0.86731569622625104 0.53662994909919715 1.0000000180025095e-35 0.06931884080490168 -0.021549733270105551 -0.39206532149820422 -0.34569470153302034 -0.2199038933759509 0.21771155999798522 0.9100667765685585 0.2319176999979152 -0.20632956899234969 0.64224443772357298 -0.42231648480765321 1.0000000180025095e-35 1.0564167315888966 -0.10594362114631924 -0.5805682642169383 -0.40937448594526676
decision_type=2 2 2 2 2 2 2 2 2 2 2 2 2 2 2 2 2 2 2 2 2 2
left_child=-1 2 3 6 -5 -6 8 20 16 10 -10 -9 13 14 -11 -13 21 18 -3 -18 -8 -2
right_child=1 17 -4 4 5 -7 7 11 9 12 -12 15 -14 -15 -16 -17 19 -19 -20 -21 -22 -23
leaf_value=-0.19045781694409319 -0.025100238299477991 -0.0055163524035708187 -0.0085900913077277055 0.0041634139000283517 0.007168564962037112 -0.010251141790127866 -0.018062317107949772 0.0018595059568007812 0.011854137473032116 -0.034322776397788683 0.00028822087494081945 -0.011391108688809989 -0.042268111752191515 0.002638178594791755 0.009357766476492264 0.0027887510301145939 0.0053491201248627449 -0.020525247988862169 0.00016468441160109 -0.00054269068101376304 -0.0067212029820497539 -0.01685559136892515
leaf_weight=210 20 23 36 27 34 30 20 37 28 32 20 33 29 35 20 21 20 53 28 22 73 28
leaf_count=210 20 23 36 27 34 30 20 37 28 32 20 33 29 35 20 21 20 53 28 22 73 28
internal_value=-0.000449375 0.000979072 0.00172566 0.00218336 0.00653846 0.0028125 0.00127854 -0.000923914 0.00287401 0.00506097 0.0116667 0.00269231 0.00232759 0.00477011 0.00076923 -0.0012963 -0.00111111 -0.00307692 -0.00107843 0.00214286 -0.00446237 -0.00395833
internal_weight=879 669 565 529 91 64 438 184 254 164 48 91 116 87 52 54 90 104 51 42 93 48
internal_count=879 669 565 529 91 64 438 184 254 164 48 91 116 87 52 54 90 104 51 42 93 48
is_linear=0
shrinkage=0.05


Tree=181
num_leaves=20
num_cat=0
split_feature=6 37 44 34 34 8 6 36 35 11 49 42 9 17 2 5 2 43 33
split_gain=2.11732 1.25925 1.18527 1.13985 1.86189 0.749253 0.830383 1.15108 0.755395 0.716628 0.582437 0.833333 0.634921 0.29349 0.314265 0.237863 0.106977 0.105919 0.126758
threshold=-0.68638862375306242 0.89361022062043771 0.69216553040711426 0.97408242649687116 -0.066391366535159521 -0.087601109652781853 -0.16354701715047482 -0.21399832058450616 -0.88525528531779474 1.0000000180025095e-35 1.0000000180025095e-35 -0.010087761754891697 -0.15841276203035262 1.2233704129655745 -0.82513080460504062 0.19715167726570618 0.16534748396677348 -0.56512602062984685 1.3824401905708448
decision_type=2 2 2 2 2 2 2 2 2 2 2 2 2 2 2 2 2 2 2
left_child=-1 5 3 4 -3 6 10 -8 -7 -9 -2 12 -12 14 -10 -15 -11 -16 -19
right_child=1 2 -4 -5 -6 8 7 9 13 16 11 -13 -14 15 17 -17 -18 18 -20
leaf_value=-0.18093492609688799 -0.022600419318050641 0.00086410555130186104 -0.00035741620851508882 -0.0075261293815015165 0.0093019375867732946 0.0037519874630482205 0.0056330723512577332 0.0010834531298496942 0.00089138473637182317 -8.3086483918720915e-05 0.022124288764436239 -0.061065488165705277 -2.5725718101379794e-05 0.0021283839845900663 -0.0010081196021753354 -0.00028883937582061746 -0.021693033438752486 -0.0085602857912002086 -0.010240506846466248
leaf_weight=210 52 30 37 29 31 35 34 33 20 20 24 27 21 20 25 21 23 160 27
leaf_count=210 52 30 37 29 31 35 34 33 20 20 24 27 21 20 25 21 23 160 27
internal_value=-0.000620024 0.000754857 0.00523622 0.00833333 0.0122131 -0.000295204 0.00183761 0.005 -0.00191559 0.00157895 -0.000967743 0.00194444 0.00611111 -0.0028022 -0.00349138 0.00109756 -0.00267442 -0.0040566 -0.00446524
internal_weight=879 669 127 90 61 542 234 110 308 76 124 72 45 273 232 41 43 212 187
internal_count=879 669 127 90 61 542 234 110 308 76 124 72 45 273 232 41 43 212 187
is_linear=0
shrinkage=0.05


Tree=182
num_leaves=21
num_cat=0
split_feature=6 15 37 33 18 33 36 2 17 43 14 39 14 13 39 37 20 33 13 12
split_gain=2.00875 0.871108 0.799072 1.08909 1.20448 1.41324 0.563407 1.01642 0.638856 1.20603 0.996647 1.41678 0.940625 0.488723 0.346943 0.681818 0.313357 0.149021 0.13834 0.0425373
threshold=-0.68638862375306242 1.3859006935782852 0.48035535954341463 0.30806817712598228 -0.58622960087693643 -0.27175163965378474 -0.95203804634422917 -0.40937448594526676 -0.14005367578311081 0.19635942701313097 0.36312008047820415 -0.43739840488343179 -0.85892579937065439 -0.20112437444706763 -0.13203421341744279 -0.20840274225162378 1.3944300117138797 -0.69808974022714276 1.3991102128050996 -0.65249174111155672
decision_type=2 2 2 2 2 2 2 2 2 2 2 2 2 2 2 2 2 2 2 2
left_child=-1 2 6 4 -4 -6 7 -2 12 10 14 -12 -8 -5 -10 -16 -15 -14 -3 -19
right_child=1 18 3 13 5 -7 8 -9 9 -11 11 -13 17 16 15 -17 -18 19 -20 -21
leaf_value=-0.17188817979204393 -0.0022330313007414659 -0.016501530611737609 9.7064636949852916e-06 0.0084954919103677161 0.0014151285023352262 0.010155084314361769 0.00093362701814202372 0.0080656975340176046 -0.019077270831294207 0.0041761456857193806 -0.0034783629438383057 0.004161437865641624 -0.00079032227434564547 0.00059865074781325169 -0.019415830129866408 0.0048669823924905311 -0.0025479564282429885 -0.07125659605521964 -0.0011848926191344285 -0.004145035534073349
leaf_weight=210 27 70 31 20 20 21 20 22 69 28 25 27 20 37 24 20 32 20 22 114
leaf_count=210 27 70 31 20 20 21 20 22 69 28 25 27 20 37 24 20 32 20 22 114
internal_value=-0.00073379 0.00060538 0.00132582 0.00431677 0.00888889 0.0145122 0.000168268 0.00520408 -0.000504088 0.00147668 -0.000151516 0.00557692 -0.00270115 0.000617976 -0.00278761 0.000681817 -0.00137681 -0.00402598 -0.00391304 -0.00462687
internal_weight=879 669 577 161 72 41 416 49 367 193 165 52 174 89 113 44 69 154 92 134
internal_count=879 669 577 161 72 41 416 49 367 193 165 52 174 89 113 44 69 154 92 134
is_linear=0
shrinkage=0.05


Tree=183
num_leaves=21
num_cat=0
split_feature=6 37 12 8 39 39 33 35 40 16 5 41 16 48 41 39 35 37 16 16
split_gain=2.22874 1.08507 1.41154 0.804424 0.877605 0.963345 1.71753 0.858586 1.30909 1.25022 0.509091 0.404951 0.311538 0.291814 0.662184 0.693619 0.248551 0.227688 0.111509 0.287318
threshold=-0.68638862375306242 1.2724271766077089 -0.13163890188485169 -0.087601109652781853 0.33781255894472861 -0.13906912769929278 0.035211792759033037 -0.69708507974299772 -0.012017900379218677 -0.20384405195055563 0.44881061810800849 -0.81929794692487645 -0.067123312940218061 0.6850046860900979 -0.0067427877389982212 0.079537244412475297 -0.95368081461772092 0.89361022062043771 0.28607192950315402 0.53672661768877294
decision_type=2 2 2 2 2 2 2 2 2 2 2 2 2 2 2 2 2 2 2 2
left_child=-1 3 -3 4 5 7 -7 -2 9 -9 -10 -5 -6 16 15 -15 -13 18 -18 -20
right_child=1 2 -4 11 12 6 -8 8 10 -11 -12 13 -14 14 -16 -17 17 -19 19 -21
leaf_value=-0.1632937708024422 -0.0091748815783292172 0.0095648162749706698 -2.9457845888040547e-05 0.00039849760223630904 -0.02499385464671899 0.019977748105585474 -6.0160705414886423e-05 0.00028247834384162359 -0.0092802650378968673 0.0079257763533311654 0.0012750917305709806 0.0046048284813180193 0.00063258733020232826 -0.0054906737505447068 -0.0096941592736832505 0.0020566439589270315 -0.0087079438146464311 0.00201442892774282 0.0015612429898881385 -0.013905749053650092
leaf_weight=210 34 30 37 34 45 28 22 28 35 27 20 20 20 26 31 22 105 24 33 48
leaf_count=210 34 30 37 34 45 28 22 28 35 27 20 20 20 26 31 22 105 24 33 48
internal_value=-0.000506258 0.000904334 0.0069403 0.000232557 0.00233591 0.00402062 0.01 0.00194444 0.00409091 0.00954545 -0.00136364 -0.00135569 -0.00269231 -0.00192557 0.000696201 0.004375 -0.00282609 -0.00333333 -0.00392473 -0.00253087
internal_weight=879 669 67 602 259 194 50 144 110 55 55 343 65 309 79 48 230 210 186 81
internal_count=879 669 67 602 259 194 50 144 110 55 55 343 65 309 79 48 230 210 186 81
is_linear=0
shrinkage=0.05


Tree=184
num_leaves=21
num_cat=0
split_feature=6 46 36 37 15 2 7 45 43 13 16 15 2 6 9 46 44 44 2 8
split_gain=2.00875 0.874106 1.05861 0.798854 0.73262 1.16362 0.871474 0.799836 0.835935 0.592116 0.763728 0.610349 0.658583 0.488309 0.952778 0.300136 0.25697 0.436364 0.0327586 0.0287234
threshold=-0.68638862375306242 -1.0067320256076082 -1.243821193737608 0.42869850190878672 0.26952030245539771 0.16534748396677348 0.49550069655064227 0.16788577684227302 -0.056963779480518895 -0.20112437444706763 0.058204031152591373 -0.17703185399375715 -0.55611201017812806 0.35929458945211284 0.10393294238981436 0.50053167546313149 -0.4819882535076771 -0.77552669948637487 -0.22595258065419013 -0.13921982802882954
decision_type=2 2 2 2 2 2 2 2 2 2 2 2 2 2 2 2 2 2 2 2
left_child=-1 -2 -3 9 5 -5 -7 -6 -9 10 11 12 -4 16 -15 18 17 -11 -16 -13
right_child=1 2 3 4 7 6 -8 8 -10 13 -12 19 -14 14 15 -17 -18 -19 -20 -21
leaf_value=-0.15512908226231947 -0.0037622261962698914 0.0064448041361977754 0.033205539589494092 0.0091331319671067324 -0.0011770273801056672 -0.012903080531475397 0.0023174125220563938 0.0080306005007989654 -0.00017141069563465368 -0.0012485416909726551 0.0020832420302914034 -0.025084006733690496 -0.014164365300519966 0.0011466146516430811 -0.019279901601153792 0.00023891811828524571 -0.0048806927419035827 0.0044311959600955731 -0.022944803423375421 -0.02727604673882611
leaf_weight=210 63 20 23 38 39 31 20 20 33 24 32 27 27 30 20 38 106 20 38 20
leaf_count=210 63 20 23 38 39 31 20 20 33 24 32 27 27 30 20 38 106 20 38 20
internal_value=-0.00073379 0.00060538 0.00118812 0.000802047 0.00356353 0.00679775 0.00186274 0.000434781 0.00443396 -0.0004321 0.00236434 0.000154638 0.004 -0.00173913 0.000555554 -0.001875 -0.00366667 -0.000454547 -0.00413793 -0.00393617
internal_weight=879 669 606 586 181 89 51 92 53 405 129 97 50 276 126 96 150 44 58 47
internal_count=879 669 606 586 181 89 51 92 53 405 129 97 50 276 126 96 150 44 58 47
is_linear=0
shrinkage=0.05


Tree=185
num_leaves=20
num_cat=0
split_feature=6 42 37 48 15 42 16 2 40 45 45 6 15 40 17 4 2 8 37
split_gain=1.589 0.707482 0.7911 0.630591 0.864975 1.39789 1.20988 0.677352 0.492362 0.316712 1.27962 0.316839 0.554113 0.244559 0.394011 0.138199 0.125926 0.122854 0.0393617
threshold=-0.68638862375306242 1.1654372514987701 -0.053432169347740158 -0.6742562721864499 0.26952030245539771 0.02157621166608225 0.080990820987647635 0.67892881878178835 -1.0181589409587588 -0.62781529043492235 -0.34625952816760708 0.44643485721921083 0.26952030245539771 0.21328889674201149 0.42803969452884144 -0.49223977908600797 -0.091443183440733891 -0.19083854640487727 0.10153840355614348
decision_type=2 2 2 2 2 2 2 2 2 2 2 2 2 2 2 2 2 2 2
left_child=-1 2 8 7 5 -5 16 -4 -2 -10 -11 15 -13 -6 -15 -12 -7 -3 -19
right_child=1 17 3 4 13 6 -8 -9 9 10 11 12 -14 14 -16 -17 -18 18 -20
leaf_value=-0.15556818286077789 0.0017314396588842375 -0.0018165070305704405 0.012490177086049032 0.0086596312269524075 -0.01305740476808652 -0.0040641301255561688 0.0039106955422270745 4.5214246647288135e-05 -0.014949822950475462 0.013213139181055909 -0.0015418331083464573 0.0040982240515574798 -0.0015266410946933383 0.0096448646542530627 -0.020967725513942964 -0.0076095173126879724 -0.019614902256615361 -0.021572629923540875 -0.0044148713708199137
leaf_weight=227 38 21 20 29 40 20 27 21 62 29 23 21 33 27 20 89 34 20 74
leaf_count=227 38 21 20 29 40 20 27 21 62 29 23 21 33 27 20 89 34 20 74
internal_value=-0.0014 -0.00013889 0.000628517 0.00277311 0.00159898 0.00454545 0.00117284 0.00841463 -0.0011017 -0.00188716 -0.000897437 -0.00259036 0.000555554 -0.00212644 0.000319148 -0.00410714 -0.00314815 -0.00369565 -0.00446809
internal_weight=875 648 533 238 197 110 81 41 295 257 195 166 54 87 47 112 54 115 94
internal_count=875 648 533 238 197 110 81 41 295 257 195 166 54 87 47 112 54 115 94
is_linear=0
shrinkage=0.05


Tree=186
num_leaves=23
num_cat=0
split_feature=6 43 46 11 44 19 46 33 13 43 34 12 47 41 40 40 2 19 8 34 11 0
split_gain=1.69906 0.975216 0.803374 0.704981 0.576139 0.56209 0.467767 0.536722 0.601024 0.72757 0.957902 1.09527 0.757529 1.1297 0.367747 0.92827 0.553846 0.349193 0.140299 0.0455947 0.0380952 0.025
threshold=-0.68638862375306242 -0.55931868460698064 0.26770232326521226 0.53616359807881486 1.1569347365400524 -0.6133503958973926 1.3338156728030528 -0.71514326425007713 0.99905156599205769 -0.46866301335901317 -0.33930252536323308 1.0000000180025095e-35 1.0000000180025095e-35 -0.10584091180767741 0.70174027370712155 0.46783398051256214 -0.40937448594526676 -0.6133503958973926 -0.44893213828511574 0.42826010884072391 -0.42981224328181145 1.0000000180025095e-35
decision_type=2 2 2 2 2 2 2 2 2 2 2 2 2 2 2 2 2 2 2 2 2 2
left_child=19 2 3 5 6 -2 7 18 9 21 11 -11 13 -12 15 16 -14 -10 -3 -1 -6 -9
right_child=1 4 -4 -5 20 -7 -8 8 17 10 12 -13 14 -15 -16 -17 -18 -19 -20 -21 -22 -23
leaf_value=-0.1527974817437637 0.0069851106250065631 -0.0011517657887097179 0.0034338378856372705 -0.032176667663605489 -0.015343949141381433 0.00032976606867900931 -0.034497893305907287 -0.012135607596243421 0.0015000760062117871 0.014145320853139907 -0.012353856484289751 0.0016203294389171654 0.0018462361692268615 0.0078568870047329327 -0.081857451270252679 0.010475423145558493 -0.018066813293776327 -0.0086134983818859159 -0.0027769950376306807 -0.053024787562422973 -0.027971382965601838 -0.00056566299686134182
leaf_weight=207 25 20 22 23 20 33 41 20 29 32 20 29 20 31 33 24 45 50 47 20 64 20
leaf_count=207 25 20 22 23 20 33 41 20 29 32 20 29 20 31 33 24 45 50 47 20 64 20
internal_value=-0.00105714 0.000246912 0.00470874 0.00240741 -0.000596331 0.00534483 9.76127e-05 0.000595237 0.00137394 0.00248175 0.00354701 0.00893443 0.0016474 0.0067647 -0.000491804 0.00117977 -0.00192308 -0.00246836 -0.00350746 -0.00477974 -0.00440476 -0.00375
internal_weight=875 648 103 81 545 58 461 420 353 274 234 61 173 51 122 89 65 79 67 227 84 40
internal_count=875 648 103 81 545 58 461 420 353 274 234 61 173 51 122 89 65 79 67 227 84 40
is_linear=0
shrinkage=0.05


Tree=187
num_leaves=22
num_cat=0
split_feature=6 0 41 0 49 18 15 10 36 36 35 44 20 37 37 7 6 8 19 20 34
split_gain=1.4005 0.896601 0.88829 0.641046 0.693639 0.928902 0.384843 0.36734 0.724352 0.275888 0.259673 0.27835 0.740463 0.429501 0.202777 0.133977 0.225 0.1 0.0548236 0.123077 0.0455947
threshold=-0.68638862375306242 -1.0000000180025095e-35 -0.78546148514003622 -0.74914607737310734 0.23152548893966207 1.0000000180025095e-35 -1.0701361668920668 -0.50450666895147223 1.0217891271992166 -0.71174604260850549 -0.95368081461772092 -0.57983440216724291 0.066401429129232373 0.049881545921515599 1.0485807935243214 0.9666224395096864 1.1435569993559944 0.27372991897955212 1.0000000180025095e-35 0.92962000780925313 0.42826010884072391
decision_type=2 2 2 2 2 2 2 2 2 2 2 2 2 2 2 2 2 2 2 2 2
left_child=20 2 -2 7 5 -5 -3 -4 9 -9 -8 12 13 -12 15 18 -17 -16 -13 -20 -1
right_child=1 6 3 4 -6 -7 10 8 -10 -11 11 14 -14 -15 17 16 -18 -19 19 -21 -22
leaf_value=-0.14515760765657565 0.0026078558756841026 0.00023145914068431787 0.005908397996342918 0.013551316281939646 -0.002712193889697288 0.0013469963531787654 0.00289907384422861 -0.00039279993925074954 0.008124670526852118 -0.012136385470571215 -0.00041497967074503764 -0.0024621235111667475 -0.039611786926176396 0.0080378087847163271 0.013291696079048241 0.0011070394199039662 -0.14351681838095035 -9.1561154189352787e-05 -0.030722779428021648 -0.0014312350353552106 -0.050373548184301203
leaf_weight=207 25 20 26 21 35 27 26 25 22 82 21 129 37 20 20 20 20 20 32 20 20
leaf_count=207 25 20 26 21 35 27 26 25 22 82 21 129 37 20 20 20 20 20 32 20 20
internal_value=-0.0014 -0.000216051 0.00203422 0.00109244 0.00463855 0.00854167 -0.00175325 -0.000806453 -0.00189923 -0.00359813 -0.00212329 -0.00249263 0.000128204 0.0047561 -0.00327586 -0.00386878 -0.00125 -1.19209e-09 -0.00444752 -0.00307692 -0.00477974
internal_weight=875 648 263 238 83 48 385 155 129 107 365 339 78 41 261 221 40 40 181 52 227
internal_count=875 648 263 238 83 48 385 155 129 107 365 339 78 41 261 221 40 40 181 52 227
is_linear=0
shrinkage=0.05


Tree=188
num_leaves=22
num_cat=0
split_feature=6 0 41 7 8 10 15 43 13 36 2 44 40 35 35 47 44 12 13 48 42
split_gain=1.49682 0.777842 0.88829 0.492069 0.735482 0.708714 0.490914 0.625 0.392628 0.605579 0.531614 0.363592 0.309375 0.232807 0.480194 0.157324 0.363916 0.187057 0.114894 0.111111 0.0455947
threshold=-0.68638862375306242 -1.0000000180025095e-35 -0.78546148514003622 0.7647131210986674 -0.55216957503721109 -0.50450666895147223 -0.84686008866748941 -0.25415346890273433 0.79902224258553678 0.86731569622625104 0.25094437310260931 -0.97121899680550672 1.2865060066935212 0.80827656485537802 0.36351062440585785 0.2319176999979152 -0.46975748492523134 -0.13163890188485169 0.19893427236597411 -1.1273432582786325 0.45002935201863736
decision_type=2 2 2 2 2 2 2 2 2 2 2 2 2 2 2 2 2 2 2 2 2
left_child=20 2 -2 4 18 -6 7 -3 9 10 -7 -8 -5 14 15 19 -17 -18 -4 -13 -1
right_child=1 6 3 12 5 8 11 -9 -10 -11 -12 13 -14 -15 -16 16 17 -19 -20 -21 -22
leaf_value=-0.13467403166469277 0.0024774630819000623 -0.0049880670756796757 -0.0053783786049842689 -0.02299252316106911 0.011829668771374849 0.0031464382135950979 0.00095186019286603413 0.0017588442034400078 -0.015156259957355554 0.0078628573242258849 -0.011750016096091373 -0.0015450360382498322 0.0005400098120722064 -0.0098076406926413118 0.002365318581257081 0.00067288314821995485 0.00021484860803952372 -0.00079627693675879115 -0.00018205232662519964 -0.022311415142346587 -0.13228038156071573
leaf_weight=207 25 20 27 44 23 31 31 20 24 21 28 27 20 77 35 21 29 44 20 81 20
leaf_count=207 25 20 27 44 23 31 31 20 24 21 28 27 20 77 35 21 29 44 20 81 20
internal_value=-0.00128572 -6.17296e-05 0.00203422 0.00109244 0.00247126 0.00444882 -0.00149351 0.00375 0.00269231 0.004375 0.00177966 -0.00210145 -0.00265625 -0.00261147 -0.00183544 -0.00277228 -0.0012766 -0.00294521 -0.00287234 -0.00407408 -0.00477974
internal_weight=875 648 263 238 174 127 385 40 104 80 59 345 64 314 237 202 94 73 47 108 227
internal_count=875 648 263 238 174 127 385 40 104 80 59 345 64 314 237 202 94 73 47 108 227
is_linear=0
shrinkage=0.05


Tree=189
num_leaves=24
num_cat=0
split_feature=6 43 35 4 35 42 43 43 8 9 36 36 44 13 18 6 35 36 0 44 17 18 5
split_gain=1.81923 1.0017 0.880037 0.957265 0.960317 0.595238 0.504852 0.717257 0.773164 0.544008 0.634315 0.825328 0.851527 1.11707 1.51411 0.949696 0.625 0.389401 0.365363 0.303069 0.231828 0.107375 0.0359155
threshold=-0.77352889152016024 -0.55931868460698064 0.31219147743091319 0.15921158975095148 -0.20099999231853308 -0.87688903415405661 -0.45248636486866733 0.70825363745065595 1.0480106946202679 -0.52569674821858625 1.2792448454874921 1.0217891271992166 -0.10283442745185913 0.39896359577249502 -0.29628932896307253 1.0564167315888966 0.19244680115604237 -0.093852318716644276 1.2485767956218459 -0.62875747649702596 -0.36729102390789165 -0.87616987279080039 0.23586843739529115
decision_type=2 2 2 2 2 2 2 2 2 2 2 2 2 2 2 2 2 2 2 2 2 2 2
left_child=-1 2 3 4 5 -2 22 8 9 -8 11 12 13 14 16 18 -11 -15 20 -9 21 -14 -3
right_child=1 6 -4 -5 -6 -7 7 19 -10 10 -12 -13 15 17 -16 -17 -18 -19 -20 -21 -22 -23 -24
leaf_value=-0.32240963383905979 0.006089572509519448 -0.016400222916237064 0.00090426771850598024 -0.024480018142102572 -0.0071554259513782444 0.0054526363339391865 -0.027578995200096115 0.00013025332905039488 -0.033478209975979584 -0.011677776692724186 -0.0012220106326296042 0.0071808739566660814 0.0015348183235487202 0.010147549842043448 0.0058894769232381312 0.0067443664371990512 0.0021791151639210513 -0.0050977472279412385 0.0017577431143443447 -0.033350920434099415 -0.011002184144945831 -0.0012601357189448161 -0.0003744598246229674
leaf_weight=193 21 51 21 28 21 21 26 23 45 20 37 23 20 25 27 20 20 31 22 79 60 21 20
leaf_count=193 21 51 21 28 21 21 26 23 45 20 37 23 20 25 27 20 20 31 22 79 60 21 20
internal_value=-0.000714287 0.000498533 0.00482143 0.00269231 0.00611111 0.0104762 -0.000350878 0.00021042 0.00117128 0.00196023 0.00251534 0.0033045 0.0025188 0.0055691 0.00992537 -0.000104896 0.00375 0.000357142 -0.00174797 -0.00352941 -0.0030198 -0.000121952 -0.00429578
internal_weight=875 682 112 91 63 42 570 499 397 352 326 289 266 123 67 143 40 56 123 102 101 41 71
internal_count=875 682 112 91 63 42 570 499 397 352 326 289 266 123 67 143 40 56 123 102 101 41 71
is_linear=0
shrinkage=0.05


Tree=190
num_leaves=23
num_cat=0
split_feature=31 37 46 2 0 43 46 45 46 35 37 44 8 16 36 34 45 17 42 20 11 2
split_gain=2.42623 0.921326 1.63973 0.759276 1.07123 0.824333 1.28716 0.758007 0.688767 0.651537 0.647871 0.680272 0.625 0.515723 0.513369 0.502811 0.414302 0.294912 0.28032 0.157447 0.133509 0.0366667
threshold=-0.76830417003134965 0.7386396477165541 0.071635500361701396 0.74006945387881384 0.74914607737310757 -0.39666637406599436 0.034872971067293097 -0.55436596114779657 -0.79841102627262794 0.38061700673083937 0.03266259337663964 -0.11506519603430486 -0.035982391276734159 0.35443229900832285 0.52404140517521702 -0.37341642021674226 0.49840775863433878 1.1097517389031843 1.0368023594760631 -0.99602143693848522 0.85815554519902371 -0.70284953441098941
decision_type=2 2 2 2 2 2 2 2 2 2 2 2 2 2 2 2 2 2 2 2 2 2
left_child=-1 3 14 4 5 6 7 -2 -7 -4 17 -12 -8 -11 -3 -9 19 21 20 -6 -5 -10
right_child=1 2 9 18 16 8 12 15 10 13 11 -13 -14 -15 -16 -17 -18 -19 -20 -21 -22 -23
leaf_value=-0.29550626690113074 -0.00059483979838454728 0.0026461043357414293 0.0080774491972544042 -0.044708384985075379 -0.0053839343586328369 0.0021431367916945406 0.0038113308744669155 0.018631705824141646 -0.028841501197772915 -0.0013426477724078115 -0.011799919313432369 0.0047903716337761729 0.0046653041641824726 0.005216731821775792 -0.013334501424423507 0.00031596217714951422 0.00091560148843010153 0.0018876874642828056 0.0031662621328620959 -0.012461583703130993 -0.018790312879888679 -0.010329742718997899
leaf_weight=178 38 34 28 76 20 37 20 23 20 23 21 28 20 20 32 22 33 20 20 74 23 55
leaf_count=178 38 34 28 76 20 37 20 23 20 23 21 28 20 20 32 22 33 20 20 74 23 55
internal_value=0.000202311 0.00155022 0.00521898 0.000636362 0.00161253 0.00322368 0.00638211 0.00283132 0.00107735 0.010493 -0.000486112 0.00418367 0.01375 0.00662791 -0.000454547 0.00722222 -0.0022441 -0.00289474 -0.00289916 -0.00393617 -0.0039899 -0.00433333
internal_weight=865 687 137 550 431 304 123 83 181 71 144 49 40 43 66 45 127 95 119 94 99 75
internal_count=865 687 137 550 431 304 123 83 181 71 144 49 40 43 66 45 127 95 119 94 99 75
is_linear=0
shrinkage=0.05


Tree=191
num_leaves=21
num_cat=0
split_feature=6 7 8 34 48 37 14 6 2 37 7 39 45 12 33 15 4 2 8 45
split_gain=2.76519 1.54548 1.14436 1.37619 1.04567 0.813913 0.799261 0.63603 0.673289 0.72236 0.512958 0.802778 0.728179 0.922266 0.479576 0.429383 0.296309 0.289286 0.151743 0.145532
threshold=-0.16354701715047482 1.0339255456466927 -0.39731341990906804 -0.20284694594919631 -1.1273432582786325 1.3413029867872128 -0.85892579937065439 -0.77352889152016024 -0.82513080460504062 -0.50112493551451498 0.56280380268764862 0.22579699246891352 -0.4686750769794833 0.38921393734185333 1.7405641950524655 -1.0701361668920668 0.34534055227579702 -0.36046197786764633 -0.86188188529349741 0.62082330744621506
decision_type=2 2 2 2 2 2 2 2 2 2 2 2 2 2 2 2 2 2 2 2
left_child=7 2 3 -2 -4 6 -6 -1 9 -9 12 -12 13 -8 19 -10 18 -14 -17 -3
right_child=1 14 4 -5 5 -7 10 8 15 -11 11 -13 17 -15 -16 16 -18 -19 -20 -21
leaf_value=-0.28073095355607436 0.0034423806921289983 -0.010255904438388986 0.0052690174815917023 0.0032174666261032452 0.0021597382182033165 0.0020878695965943894 -0.00075738933104569934 -0.012296151383522925 0.011812827617139178 0.022099893970949986 0.0015423078057759142 -0.046359354285450564 0.00020257711926895269 0.004472935417274961 0.0028451725032144679 -0.0014966353697652025 0.0020553077034933423 -0.0074121491261803646 -0.028113402235739278 -0.010381667421769297
leaf_weight=178 21 68 33 35 33 21 23 27 22 22 36 24 24 21 21 22 21 81 111 21
leaf_count=178 21 68 33 35 33 21 23 27 22 22 36 24 24 21 21 22 21 81 111 21
internal_value=0.000260114 0.00290043 0.00451704 0.0110714 0.00327703 0.00222433 0.00140496 -0.00276675 -0.001 0.00418367 0.000263157 0.00416667 -0.00130873 0.00409091 -0.00227273 -0.00244318 -0.00337662 -0.00357143 -0.00424812 -0.00387641
internal_weight=865 462 352 56 296 263 242 403 225 49 209 60 149 44 110 176 154 105 133 89
internal_count=865 462 352 56 296 263 242 403 225 49 209 60 149 44 110 176 154 105 133 89
is_linear=0
shrinkage=0.05


Tree=192
num_leaves=23
num_cat=0
split_feature=30 7 38 13 37 4 43 41 10 44 38 41 30 40 41 16 37 39 16 35 35 12
split_gain=2.82474 1.27405 1.13512 1.45875 1.65301 1.20002 0.874712 1.05051 0.795104 1.0671 0.668182 0.665472 0.64879 1.33267 0.675439 0.4 0.389044 0.563333 0.225 0.15 0.141119 0.0427536
threshold=-0.15196273303199975 1.0339255456466927 1.4119270548781333 0.59899291917901587 0.7386396477165541 0.25227607101337429 -0.45049513814917969 0.0075848224895977562 0.83502444861063074 0.36193477868107909 1.1135653099254599 -0.24421316987136957 -0.83176336733025091 -1.3552591870332715 -0.83574097918881718 -0.067123312940218061 0.34260373918440695 -0.35011723050111526 0.13795779557528834 0.70563827090548881 -0.95368081461772092 -0.91291816072490928
decision_type=2 2 2 2 2 2 2 2 2 2 2 2 2 2 2 2 2 2 2 2 2 2
left_child=12 2 3 4 5 6 -2 15 9 11 19 -5 -1 -14 -15 -8 20 -18 -7 -3 -16 -22
right_child=1 10 -4 8 -6 18 7 -9 -10 -11 -12 -13 13 14 16 -17 17 -19 -20 -21 21 -23
leaf_value=-0.48717281523893297 0.0010242133616629638 -0.026659561595986293 -0.011835429209263478 0.0063439271170685364 0.0062382743317006316 0.00038792641343380588 0.0016042997684101578 0.0022357970754523205 -0.027524667524693427 0.0047577530432497293 0.00084673421325054269 -0.0055495277059047958 0.0018761212241830848 0.0061257609651729746 -0.011135102889484778 0.0033681640958544814 0.012355883322210368 -0.028594111296776734 -0.0056455285559234639 -0.0018793000835083222 -0.020739511365877053 -0.024918534936718046
leaf_weight=150 39 60 36 20 37 20 20 37 34 30 30 39 22 22 21 20 20 30 20 20 20 118
leaf_count=150 39 60 36 20 37 20 20 37 34 30 30 39 22 22 21 20 20 30 20 20 20 118
internal_value=0.000664739 0.00333333 0.00480114 0.00575949 0.0084715 0.00621795 0.0087931 0.0118831 0.00150406 0.00398876 -0.00136364 8.47446e-05 -0.00239454 -0.000849804 -0.0019697 0.0175 -0.00284689 0.000999999 -0.00125 -0.00375 -0.0040566 -0.00463768
internal_weight=865 462 352 316 193 156 116 77 123 89 110 59 403 253 231 40 209 50 40 80 159 138
internal_count=865 462 352 316 193 156 116 77 123 89 110 59 403 253 231 40 209 50 40 80 159 138
is_linear=0
shrinkage=0.05


Tree=193
num_leaves=23
num_cat=0
split_feature=6 0 2 41 15 37 6 6 4 37 10 6 16 19 39 12 36 7 36 49 17 45
split_gain=2.99535 0.970148 1.17526 1.53484 1.11828 1.60256 0.982537 1.51176 1.43482 0.884323 1.13426 0.705927 0.717068 0.694021 0.645528 1.27675 0.569969 0.508242 0.423408 0.857143 0.229318 0.366449
threshold=-0.77352889152016024 0.74914607737310757 0.45882253243249621 -0.43490600679927099 0.26952030245539771 -0.12230797952724398 -0.16354701715047482 0.097873786150819 -0.11998185403631688 0.72142069517167806 0.64366286038747311 -0.076406749383376896 0.52533322277124495 -0.6133503958973926 -0.13906912769929278 0.38921393734185333 0.35240425964970001 0.56280380268764862 -0.19683460603195446 1.0000000180025095e-35 -0.14005367578311081 0.38823376470365023
decision_type=2 2 2 2 2 2 2 2 2 2 2 2 2 2 2 2 2 2 2 2 2 2
left_child=-1 2 3 4 5 -2 18 8 -8 20 -11 -3 14 -9 16 -16 -13 -15 19 -5 -4 -22
right_child=1 11 9 6 -6 -7 7 13 -10 10 -12 12 -14 17 15 -17 -18 -19 -20 -21 21 -23
leaf_value=-0.266479903168508 0.006432400100652296 -0.062895654348631702 -0.044062303816268654 -0.042411800264254673 0.0009909750271019709 0.01130541797857621 0.0063131883808971783 0.0046948796483760394 0.0015723942842091427 -0.066001595151529008 0.0040169075946474807 -0.01324299070722618 -0.013138649634671191 0.00030118444339466356 -0.0017660469624261677 0.0037871724282121477 0.0026164566382829921 -0.0092678806637964111 -0.01658322666815603 0.0064413376913641093 0.00081849896656045577 -0.035194655267228481
leaf_weight=178 39 64 53 21 32 26 25 36 23 24 30 29 33 28 23 24 24 37 41 21 20 34
leaf_count=178 39 64 53 21 32 26 25 36 23 24 30 29 33 28 23 24 24 37 41 21 20 34
internal_value=0.000780346 0.00227802 0.00346939 0.00518237 0.0104639 0.0142308 0.00297414 0.00540268 0.0127083 -3.10571e-05 0.00518518 -0.00068528 0.00139098 0.00193069 0.0035 0.00776596 -0.00028302 -0.00115385 -0.00138554 0.00214286 -0.00266355 -0.000370372
internal_weight=865 687 490 329 97 65 232 149 48 161 54 197 133 101 100 47 53 65 83 42 107 54
internal_count=865 687 490 329 97 65 232 149 48 161 54 197 133 101 100 47 53 65 83 42 107 54
is_linear=0
shrinkage=0.05


Tree=194
num_leaves=25
num_cat=0
split_feature=6 2 2 16 8 40 35 15 48 44 20 14 16 43 40 19 36 45 0 2 35 5 33 2
split_gain=2.59068 1.01114 1.31688 0.754528 1.21943 1.36785 0.857143 0.789216 0.573458 0.663588 0.776369 0.65301 0.664866 0.581692 0.635036 0.545865 0.692 0.359864 0.256764 0.407547 0.469264 0.250216 0.0404762 0.0346154
threshold=-0.77352889152016024 -1.0696933449931427 -1.1797464881677888 -0.26081102653819627 -0.34569470153302034 -0.055015380745865837 -0.33785105091838541 -0.17703185399375715 -0.6742562721864499 0.69216553040711426 -0.99602143693848522 -0.85892579937065439 0.092384215905175773 -0.16670917596224125 1.3484223784214933 -0.6133503958973926 0.28374940143949318 -0.48091663186067091 1.0000000180025095e-35 -0.12812756449894921 -0.5089148741682008 -0.17065754396535096 0.71735275367640605 -0.030302548343708342
decision_type=2 2 2 2 2 2 2 2 2 2 2 2 2 2 2 2 2 2 2 2 2 2 2 2
left_child=-1 2 -2 18 5 6 -5 -7 9 10 -6 12 -10 17 15 -15 -17 21 19 20 -3 -13 -19 -20
right_child=1 3 -4 4 8 7 -8 -9 11 -11 -12 13 -14 14 -16 16 -18 22 23 -21 -22 -23 -24 -25
leaf_value=-0.2531559080100822 0.00021485143929738626 -0.041044278826049642 0.0088605462089178192 0.0015371208338222002 0.0016143261850684401 -0.0075323974203467259 0.0053272503079897643 0.0045462200499290766 -0.00090993008811919649 -0.00017457760490190133 0.0041166218287784001 0.00037975838451236791 0.0034076265043536721 0.0062892360328909548 -0.082060908114549344 -0.048776407215179896 0.0037798870265811657 -0.0050067522630998333 -0.026284494091387601 -0.059283513821558886 0.0069372660725668502 -0.0057039590676751396 -0.00015549108354194968 -0.077469905379567952
leaf_weight=178 20 23 22 21 26 23 21 28 21 34 22 20 20 38 29 39 31 85 45 27 30 22 20 20
leaf_count=178 20 23 22 21 26 23 21 28 21 34 22 20 20 38 29 39 31 85 45 27 30 22 20 20
internal_value=0.000375721 0.00176856 0.00928571 0.00127907 0.0022 0.00736559 0.0140476 0.00186274 0.00101965 0.0047561 0.00854167 7.69219e-05 0.00597561 -0.000774649 0.00156934 0.00333333 0.000714285 -0.00295918 -0.00189655 -1.19209e-09 0.00254717 0.00095238 -0.00452381 -0.00423077
internal_weight=865 687 42 645 500 93 42 51 407 82 48 325 41 284 137 108 70 147 145 80 53 42 105 65
internal_count=865 687 42 645 500 93 42 51 407 82 48 325 41 284 137 108 70 147 145 80 53 42 105 65
is_linear=0
shrinkage=0.05


Tree=195
num_leaves=24
num_cat=0
split_feature=6 2 6 6 6 2 45 12 8 15 2 44 33 11 17 41 39 36 17 41 2 37 4
split_gain=3.39611 1.14302 1.85164 1.65143 1.31436 1.92544 1.21345 1.02498 1.37477 1.72492 1.41535 0.930618 0.81542 0.775092 0.524667 0.484848 0.410112 0.642766 0.126621 0.339545 0.125926 0.12 0.0318182
threshold=-0.77352889152016024 0.06752246781153258 0.35929458945211284 1.1435569993559944 0.53357512498630888 -0.066986929401923676 0.69427263673334083 -0.65249174111155672 -0.34569470153302034 0.26952030245539771 -0.50719950210050768 0.17847324994439298 -0.30585868769965335 0.53616359807881486 -0.70814704609506285 0.49775653502651412 0.24651362981304967 -0.33414432245236808 0.087183672341670057 -0.23973533794118668 -0.71507766143039453 0.89361022062043771 0.066147108488528672
decision_type=2 2 2 2 2 2 2 2 2 2 2 2 2 2 2 2 2 2 2 2 2 2 2
left_child=-1 4 18 6 5 7 13 14 9 10 12 16 -9 -4 -2 22 17 -10 -3 -20 -16 -5 -6
right_child=1 2 3 21 15 -7 -8 8 11 -11 -12 -13 -14 -15 20 -17 -18 -19 19 -21 -22 -23 -24
leaf_value=-0.23439485455399733 0.0059695317027929663 -0.032072174904547841 0.0045165976370456929 -0.023752985660284109 -0.01081578868097844 0.0063002585767399089 0.00076390513964626021 0.010627540788265104 -0.011927620271093656 -0.0019257236396465829 0.0083525000100938048 0.010813430281964444 0.0036735900823391776 0.0038105605720491018 -0.007253039235763867 0.2889100040419012 -0.014042982238168453 0.0046435081650167851 0.0013907906638505883 -0.0067694206426239098 -0.013048736229563151 4.4250620089509272e-05 -0.0002479421383277147
leaf_weight=194 23 83 30 30 35 28 34 20 36 23 21 24 23 26 20 20 24 37 28 41 34 20 20
leaf_count=194 23 83 30 30 35 28 34 20 36 23 21 24 23 26 20 20 24 37 28 41 34 20 20
internal_value=0.000835239 0.0025 0.000136985 0.00428571 0.00427835 0.00570287 0.00833333 0.00447368 0.00629808 0.011092 0.0153125 0.00285124 0.0101163 0.0128571 -0.000454547 -0.00166667 0.000670102 0.00253425 -0.00368421 -0.00210145 -0.00314815 -0.003 -0.00409091
internal_weight=874 680 292 140 388 313 90 285 208 87 64 121 43 56 77 75 97 73 152 69 54 50 55
internal_count=874 680 292 140 388 313 90 285 208 87 64 121 43 56 77 75 97 73 152 69 54 50 55
is_linear=0
shrinkage=0.05


Tree=196
num_leaves=22
num_cat=0
split_feature=6 40 35 46 14 6 46 44 35 6 44 43 2 40 36 9 44 35 36 37 2
split_gain=3.07132 1.36573 1.07224 1.15548 1.0572 0.988749 1.66725 1.59892 1.31282 1.23077 0.744651 1.33571 1.41527 0.731737 1.38365 0.519298 0.482143 0.467281 0.396319 0.617394 0.0311321
threshold=-0.77352889152016024 0.49535236794721621 -1.3813403727422593 -0.71263179125234188 0.77046870709449045 -0.16354701715047482 -0.4062773804656063 0.85116552197890882 0.072702124881171573 0.22858418780146592 0.65547322465977709 -0.13162075223729672 0.23871624608320416 -0.034376590169875175 -0.45429032432022992 0.20887122415788115 -0.066142121704521897 0.20955318348102395 -0.19683460603195446 -0.41503017279013527 -0.44605886700348213
decision_type=2 2 2 2 2 2 2 2 2 2 2 2 2 2 2 2 2 2 2 2 2
left_child=-1 2 -2 18 5 6 -5 8 13 -10 11 -3 16 14 -7 -6 -13 20 19 -4 -8
right_child=1 10 3 4 15 7 17 -9 9 -11 -12 12 -14 -15 -16 -17 -18 -19 -20 -21 -22
leaf_value=-0.22267511182629773 0.010514236892292878 -0.0032506919601500046 -0.0015593311512877399 0.017486966414915109 -0.011529075351841958 -0.012928105646879674 -0.0080894872642862225 0.013056085290112502 0.0062595949233696553 0.00097316978526448134 -0.0094224989203178042 0.0063156717241645149 0.0051170978521202339 -0.00087650722436176409 0.003708080386162751 0.0011586663849290108 -0.015652868322162995 0.0016528034332461772 -0.017228538488291204 0.0025161742752383468 -0.026470665586107552
leaf_weight=194 20 55 36 28 37 20 20 29 26 26 79 32 29 25 33 20 24 28 42 38 33
leaf_count=194 20 55 36 28 37 20 20 29 26 26 79 32 29 25 33 20 24 28 42 38 33
internal_value=0.000549198 0.00213235 0.00367679 0.00316326 0.00469231 0.00600746 0.00233945 0.00852201 0.00615384 0.0123077 -0.00111872 0.00107143 0.005 0.00205128 0.00537736 -0.00149123 0.000357142 -0.0012963 -0.00112069 0.00108108 -0.0040566
internal_weight=874 680 461 441 325 268 109 159 130 52 219 140 85 78 53 57 56 81 116 74 53
internal_count=874 680 461 441 325 268 109 159 130 52 219 140 85 78 53 57 56 81 116 74 53
is_linear=0
shrinkage=0.05


Tree=197
num_leaves=23
num_cat=0
split_feature=6 40 4 6 45 33 14 43 2 0 37 34 45 34 40 34 20 3 37 10 34 2
split_gain=3.5306 1.05142 1.22482 1.12303 1.51013 1.17629 1.34446 1.78976 0.980453 0.785364 0.910598 0.750473 0.708041 0.802667 0.699849 0.678646 0.522056 0.492869 0.470214 0.700742 0.1375 0.0324561
threshold=-0.77352889152016024 0.49535236794721621 0.43840503353821986 -0.16354701715047482 -0.60333218067254712 -0.71514326425007713 1.0000000180025095e-35 -0.27221238400923353 -1.0574652179737376 1.0000000180025095e-35 0.27372792900490311 -0.2199038933759509 0.082194892673959644 0.25769063457317792 -0.4467224268860201 1.0081963213503804 -0.13280285825846469 0.2319176999979152 0.60088802735754643 0.54798206627589441 -0.66338452647157042 -0.38491823190645658
decision_type=2 2 2 2 2 2 2 2 2 2 2 2 2 2 2 2 2 2 2 2 2 2
left_child=-1 2 3 8 16 -6 7 -7 -2 10 14 -8 13 -3 -10 -15 -5 21 -14 -20 -11 -4
right_child=1 12 17 4 5 6 11 -9 9 20 -12 -13 18 15 -16 -17 -18 -19 19 -21 -22 -23
leaf_value=-0.21154135623498249 0.014634025297270687 -0.0037541128454048698 -0.0042990664443392631 -0.0025562768471889541 0.00044571059822675458 0.0014378807536847222 0.017998112963527386 0.005258371657982595 0.0013724588380454384 0.00051426712340483312 0.0089171107916546054 0.00032231681214846633 -0.016037118435782389 0.0040464683784265931 -0.071907689947706813 0.0042228733538055901 0.002239500174571482 0.00025740089305387816 -0.010506410422751175 0.0032004841987554747 -0.052658314468128256 -0.067422155523768415
leaf_weight=194 24 29 20 39 26 33 27 26 39 20 23 34 77 29 29 25 20 20 27 32 44 37
leaf_count=194 24 29 20 39 26 33 27 26 39 20 23 34 77 29 29 25 20 20 27 32 44 37
internal_value=0.000949656 0.00264706 0.00400217 0.00515625 0.00768293 0.010411 0.0125 0.0178814 0.00226257 0.00080645 0.00379121 0.00729508 -0.000205481 0.00343373 0.000882352 0.00703704 0.000932202 -0.00175325 -0.00242647 0.000932202 -0.0034375 -0.00412281
internal_weight=874 680 461 384 205 146 120 59 179 155 91 61 219 83 68 54 59 77 136 59 64 57
internal_count=874 680 461 384 205 146 120 59 179 155 91 61 219 83 68 54 59 77 136 59 64 57
is_linear=0
shrinkage=0.05


Tree=198
num_leaves=24
num_cat=0
split_feature=6 35 4 46 40 20 15 39 20 7 34 20 17 35 37 36 9 35 0 2 17 2 2
split_gain=3.00832 0.898574 0.757081 1.18065 1.22485 2.08288 1.16004 0.779343 0.663106 0.936237 1.40047 1.0219 0.778842 0.682881 0.568182 0.476291 0.458737 0.293478 0.251673 0.167433 0.36478 0.102439 0.102439
threshold=-0.77352889152016024 -1.3984467550672408 -0.39917529782358513 -0.67586926195793362 0.49535236794721621 -0.13280285825846469 1.0000000180025095e-35 0.5803265750630402 1.0000000180025095e-35 -0.1102272586824143 -0.59515673676455194 -0.33200714564616179 0.65527704265362241 1.1161914467050458 0.60088802735754643 -0.86621947358147067 0.051463801505780955 1.1675105936799905 1.0000000180025095e-35 0.40991002435487578 1.0000000180025095e-35 -0.28709321575121566 1.0000000180025095e-35
decision_type=2 2 2 2 2 2 2 2 2 2 2 2 2 2 2 2 2 2 2 2 2 2 2
left_child=-1 -2 3 21 5 6 -5 8 9 11 -11 18 16 15 -6 -10 22 -9 -4 -17 -21 -3 -12
right_child=1 2 7 4 14 -7 -8 17 13 10 12 -13 -14 -15 -16 19 -18 -19 -20 20 -22 -23 -24
leaf_value=-0.20096428842323305 0.0098753928583115991 -0.00021635895427915623 0.00063338933792299931 0.0062188744700858454 -0.032528634688561063 0.0065160202750514651 -0.0049478594583302477 -0.016280936763904342 0.00058709260146268196 0.017555985347709618 4.5726193780728201e-05 0.019558647642953533 0.00065893122937509235 0.0036991727409660178 0.0030404607349368323 -0.020414444741413688 0.0014975645106433755 0.0011079435150385111 -0.024667308674618221 -0.029678440489929559 0.0009175066517851622 -0.00062704378002885399 -0.044118337575312375
leaf_weight=194 20 20 36 32 22 20 22 69 28 22 20 20 37 25 22 66 34 23 47 29 24 21 21
leaf_count=194 20 20 36 32 22 20 22 69 28 22 20 20 37 25 22 66 34 23 47 29 24 21 21
internal_value=0.00049199 0.00205882 0.00174242 0.00474843 0.00728813 0.0112162 0.00611111 0.000788422 0.00172372 0.00343882 0.00619403 -0.000145632 0.00392857 -0.000639536 0.000681817 -0.00193878 0.000999999 -0.00336957 -0.00259036 -0.00331933 -0.00122642 -0.00256098 -0.00256098
internal_weight=874 680 660 159 118 74 54 501 409 237 134 103 112 172 44 147 75 92 83 119 53 41 41
internal_count=874 680 660 159 118 74 54 501 409 237 134 103 112 172 44 147 75 92 83 119 53 41 41
is_linear=0
shrinkage=0.05


Tree=199
num_leaves=23
num_cat=0
split_feature=6 35 4 14 16 34 15 36 37 44 10 46 0 46 14 14 17 40 37 17 16 34
split_gain=2.82324 0.936943 0.819734 0.650911 0.804543 1.01904 0.837893 0.76302 2.04719 1.43844 0.668014 0.507961 0.530433 0.481619 0.375652 0.311111 0.265292 0.603763 0.241503 0.186076 0.114894 0.0348485
threshold=-0.77352889152016024 -1.3984467550672408 0.34534055227579702 0.77046870709449045 -0.14687707736291497 0.85468379450958887 -0.84686008866748941 0.18076711412418298 -0.053432169347740158 -0.041680584539630423 0.26093968394115796 -0.35726067473972856 -1.0000000180025095e-35 -0.4675482626229534 1.0000000180025095e-35 1.0000000180025095e-35 1.0000000180025095e-35 0.23564758653266801 0.44591745445366271 0.2008023464040605 -0.067123312940218061 -0.30518863050972383
decision_type=2 2 2 2 2 2 2 2 2 2 2 2 2 2 2 2 2 2 2 2 2 2
left_child=-1 -2 3 4 6 7 -3 8 9 -6 15 12 -8 -5 -7 -9 21 20 -13 -15 -18 -4
right_child=1 2 16 13 5 14 11 10 -10 -11 -12 18 -14 19 -16 -17 17 -19 -20 -21 -22 -23
leaf_value=-0.19091607400207194 0.0093816232153963453 0.0068103986862119922 -0.00028346484146647005 0.00084371098344907533 -0.00035356256261755809 -0.0097539703146516787 0.0084287777414886224 0.00072148892351402865 0.0052244442311821376 0.0067261840153148957 0.0028266930193417885 -0.014424399312593528 -0.010691321377694261 -0.024813046076193446 0.0025611775312396733 -0.0022654244310691294 -0.0032115673396895515 0.0016738481115865845 -0.0087645097325829979 -0.0014018859768747103 -0.040377510195832363 -0.0067173853147334574
leaf_weight=194 20 35 20 33 35 27 27 24 37 24 37 60 39 49 23 21 20 20 26 30 27 46
leaf_count=194 20 35 20 33 35 27 27 24 37 24 37 60 39 49 23 21 20 20 26 30 27 46
internal_value=0.000320365 0.00183823 0.00151515 0.00240038 0.00331325 0.00530702 0.000882352 0.00707865 0.0101042 0.00432203 0.00353658 -0.000723685 0.00257576 -0.000982144 -0.001 -0.000555557 -0.00199248 0.000223879 -0.00325582 -0.00310127 -0.00287234 -0.00424243
internal_weight=874 680 660 527 415 228 187 178 96 59 82 152 66 112 50 45 133 67 86 79 47 66
internal_count=874 680 660 527 415 228 187 178 96 59 82 152 66 112 50 45 133 67 86 79 47 66
is_linear=0
shrinkage=0.05


Tree=200
num_leaves=23
num_cat=0
split_feature=6 7 37 37 44 38 4 4 17 36 44 39 46 6 43 5 16 17 6 13 5 5
split_gain=2.43891 0.95505 1.15199 1.08552 1.04895 0.996645 0.91011 1.41894 1.44648 1.04684 1.08745 0.60554 0.900298 0.442308 1.11177 0.333117 0.317593 0.428571 0.284378 0.0407407 0.0307692 0.0272727
threshold=-0.25068728491757275 1.3031379701947179 0.7386396477165541 1.0141428884345696 0.557627076000211 0.88036302651417475 0.43840503353821986 -0.21304633529873965 1.2233704129655745 -0.48861775342533337 -0.12729596461675061 -0.32486763469004559 -0.1857022046991566 -0.77352889152016024 -0.69527144735061153 1.62967180206035 -0.40892516046606198 0.2008023464040605 0.44643485721921083 0.39896359577249502 -0.17065754396535096 -0.035148883511803605
decision_type=2 2 2 2 2 2 2 2 2 2 2 2 2 2 2 2 2 2 2 2 2 2
left_child=13 2 5 -4 -5 6 7 11 9 -9 -11 20 -13 -1 -15 -3 17 -16 -12 -18 -2 -8
right_child=1 15 3 4 -6 -7 21 8 -10 10 18 12 -14 14 16 -17 19 -19 -20 -21 -22 -23
leaf_value=-0.19956912084422751 -0.0029527625106263371 -0.038217371915445622 0.0032660994197530576 -0.00011456812978912737 0.0083512420252100008 -0.0017635830453481324 -0.040160939122551156 -0.0012628937021031943 0.0072855775916126284 0.0025901556094845789 -0.0023936896113812799 -0.00029530569131609188 0.001483471215356373 0.0072435786354479101 0.0069109645187125264 0.27296156850845971 -0.02482336683303632 -0.020778830405446033 0.0026201285029234301 -0.042286617977015967 -0.013152497902836253 -0.0024366611314132428
leaf_weight=185 20 57 32 39 27 49 20 27 20 32 23 28 32 21 35 20 88 25 20 20 32 24
leaf_count=185 20 57 32 39 27 49 20 27 20 32 23 28 32 21 35 20 88 25 20 20 32 24
internal_value=-0.000205481 0.00207171 0.003 0.0077551 0.00409091 0.00157492 0.00273381 0.00397436 0.00770492 0.00529412 0.00833333 -8.92869e-05 0.00333333 -0.00326203 -0.00156085 -0.00305195 -0.00291667 -1.19209e-09 0.00313953 -0.00453704 -0.00403846 -0.00386364
internal_weight=876 502 425 98 66 327 278 234 122 102 75 112 60 374 189 77 168 60 43 108 52 44
internal_count=876 502 425 98 66 327 278 234 122 102 75 112 60 374 189 77 168 60 43 108 52 44
is_linear=0
shrinkage=0.05


Tree=201
num_leaves=26
num_cat=0
split_feature=6 40 6 4 40 46 46 37 36 43 17 5 43 8 4 39 2 37 37 10 34 2 6 2 2
split_gain=2.58681 0.868001 1.09299 0.815342 0.630098 0.861795 1.06883 0.883566 1.05175 0.811493 1.32003 0.962059 0.697819 0.677583 0.521145 0.417854 0.328515 0.301042 0.277069 0.225 0.138947 0.0407407 0.0346154 0.0277778 0.025
threshold=-0.77352889152016024 -1.3672984815359326 -0.25068728491757275 0.81066295858791093 1.6803629268520079 0.41475244044284543 0.51278585189460091 0.72142069517167806 -0.17967089147940277 -0.40639077773492333 1.2233704129655745 -0.073865643641388562 0.32509879425040594 -0.035982391276734159 0.066147108488528672 -0.36905526317027854 -0.97186832883790197 -0.19118378970674779 0.94526707825506551 0.64366286038747311 -0.90218179044613478 -0.70284953441098941 1.0000000180025095e-35 0.43436627839368602 0.23871624608320416
decision_type=2 2 2 2 2 2 2 2 2 2 2 2 2 2 2 2 2 2 2 2 2 2 2 2 2
left_child=-1 -2 16 4 5 9 -7 8 -8 14 11 13 15 -11 22 -13 -3 -10 20 -9 -18 -22 -4 -5 -19
right_child=1 2 3 23 -6 6 7 19 17 10 -12 12 -14 -15 -16 -17 18 24 -20 -21 21 -23 -24 -25 -26
leaf_value=-0.18959066480201667 0.0030432313211670413 0.0021262135127844465 -0.00040521244380026787 -0.036413895036932667 -0.0089835232363870698 0.0091072600776651979 0.0085533993550394437 0.0023697677590438673 0.00019711557047456097 0.0028702342539112581 0.0055726145272936428 0.00014688465662795685 0.020625894448561857 0.00099095040326684504 0.0024354605129702032 -0.0050484962637524144 -0.011231037555482357 -0.0017715672284418314 0.0025794771998678312 0.0037381629747232866 -0.019250418543163856 -0.053251524785294907 -0.0037909295329228727 -0.062063676050308762 -0.060964773354581926
leaf_weight=185 21 24 20 20 33 20 25 20 24 23 22 26 31 21 28 55 20 20 20 20 20 88 45 25 20
leaf_count=185 21 24 20 20 33 20 25 20 24 23 22 26 31 21 28 55 20 20 20 20 20 88 45 25 20
internal_value=0.00025114 0.00165702 0.00134328 0.00253012 0.00316777 0.00369047 0.00674497 0.00507752 0.00230337 0.00201107 0.00398876 0.00237179 -8.92869e-05 0.00863636 -0.00177419 -0.00253087 -0.00209302 -0.00109375 -0.00297297 0.01125 -0.00382813 -0.00453704 -0.00423077 -0.00388889 -0.00375
internal_weight=876 691 670 498 453 420 149 129 89 271 178 156 112 44 93 81 172 64 148 40 128 108 65 45 40
internal_count=876 691 670 498 453 420 149 129 89 271 178 156 112 44 93 81 172 64 148 40 128 108 65 45 40
is_linear=0
shrinkage=0.05


Tree=202
num_leaves=24
num_cat=0
split_feature=6 4 12 45 45 8 15 4 46 10 12 33 8 5 36 38 34 9 41 40 33 2 2
split_gain=2.20814 0.982192 0.842013 0.8988 1.23105 0.964888 1.55487 1.24148 0.582424 0.576807 0.744774 0.730824 1.20536 0.469927 0.315657 0.313726 0.967248 0.219596 0.271687 0.428571 0.0388889 0.0330508 0.0261905
threshold=-0.77352889152016024 0.43840503353821986 -0.65249174111155672 -0.71350617460323573 -0.040220656137916581 -0.60378829341325879 -0.40030793221833455 1.0000000180025095e-35 -0.14893967540474831 0.26093968394115796 0.9100667765685585 0.18869350896544196 1.0000000180025095e-35 -0.36424134461327579 -0.84905575902891905 0.62658407103718849 0.32591842428019629 -0.36828932556648614 0.17214211900457937 -0.018897497237882348 0.92199504195161797 -0.59279639123634342 0.030838086753317225
decision_type=2 2 2 2 2 2 2 2 2 2 2 2 2 2 2 2 2 2 2 2 2 2 2
left_child=-1 2 17 13 5 -5 -7 8 -8 15 11 -11 -13 -4 -3 16 22 -2 19 -19 -16 -15 -6
right_child=1 14 3 4 9 6 7 -9 -10 10 -12 12 -14 21 20 -17 -18 18 -20 -21 -22 -23 -24
leaf_value=-0.18011113156191608 -0.016317357118648415 0.0012786426575604273 0.00076035605770801871 -0.00011138304643771652 -0.002363445425530377 0.0077001154960567482 0.00098749109956232373 0.0061359491320720954 -0.0019225288717364805 3.2405381664130922e-05 -0.014669611735210126 0.0027920101212253767 0.0026239824907171912 -0.035009527091760057 -0.016201240682314624 -0.01954701880321659 0.0014611362086758414 -0.014687964999036735 -0.023959973633404727 0.0039795472907679617 -0.0055875602598913108 -0.0079826905761914927 -0.00054740952087290579
leaf_weight=185 36 20 29 26 22 34 25 32 30 39 35 20 28 20 70 34 26 36 23 27 20 39 20
leaf_count=185 36 20 29 26 22 34 25 32 30 39 35 20 28 20 70 34 26 36 23 27 20 39 20
internal_value=-0.000148403 0.00115051 0.00197074 0.00295207 0.00402965 0.00758503 0.00946281 0.00591954 0.00136364 0.00169643 0.00401639 0.00649425 0.010625 -0.00159091 -0.00318182 -0.00107843 0.000882352 -0.00172131 -0.000348838 0.00134921 -0.00444445 -0.00415254 -0.00380953
internal_weight=876 691 581 459 371 147 121 87 55 224 122 87 48 88 110 102 68 122 86 63 90 59 42
internal_count=876 691 581 459 371 147 121 87 55 224 122 87 48 88 110 102 68 122 86 63 90 59 42
is_linear=0
shrinkage=0.05


Tree=203
num_leaves=24
num_cat=0
split_feature=6 37 43 20 20 38 2 6 7 43 6 40 36 39 6 6 37 4 15 43 15 2 5
split_gain=2.56021 0.892043 1.17845 1.17528 2.4381 1.52381 0.862092 0.824526 1.45886 0.689304 0.588872 1.00595 0.541126 0.41105 0.473667 0.635582 0.478139 0.465608 0.309298 0.262796 0.232842 0.140015 0.0350746
threshold=-0.25068728491757275 0.72142069517167806 0.75013612793341633 -0.66401429129232348 1.3944300117138797 1.1821542168111321 -0.066986929401923676 1.0000000180025095e-35 -0.31213657709343312 0.62046212479150109 -0.77352889152016024 -1.2417458388653231 0.79866083801604437 -0.47526811973299959 1.1435569993559944 0.35929458945211284 -0.12230797952724398 -0.21304633529873965 -1.0701361668920668 -0.38757338985653295 0.49279638067997511 -0.82513080460504062 0.54560251843197094
decision_type=2 2 2 2 2 2 2 2 2 2 2 2 2 2 2 2 2 2 2 2 2 2 2
left_child=10 6 3 -3 -5 -6 7 8 -2 12 -1 -12 19 22 15 17 -17 -15 -13 -9 21 -20 -8
right_child=1 2 -4 4 5 -7 13 9 -10 -11 11 18 -14 14 -16 16 -18 -19 20 -21 -22 -23 -24
leaf_value=-0.17110557498382031 -6.71837487933866e-05 -0.0003046117219396528 -0.0038585609007554937 0.0060656066491750933 -0.013931642735755319 0.0021011463202340063 -0.0063214545137148595 0.00014473966672580164 0.0059919067573871746 0.1501559875787235 0.0022702838853223104 0.0020963722269222379 0.00077531527053575292 0.00067625958354096296 -0.052304482244625874 0.01229439176458951 0.00018408825749241777 -0.011092110533515991 -0.004529288214282075 -0.0088277447357671245 0.00089263989250157642 -0.036647822762903834 -0.00096624793838359061
leaf_weight=185 23 29 27 28 21 21 47 34 31 25 21 26 28 21 29 20 22 33 23 43 24 95 20
leaf_count=185 23 29 27 28 21 21 47 34 31 25 21 26 28 21 29 20 22 33 23 43 24 95 20
internal_value=0.000136985 0.00247012 0.00611111 0.00863636 0.0121429 0.00452381 0.00125 0.00369565 0.00888889 0.00153846 -0.00299465 -0.00103175 -0.000238096 -0.00109375 0.000599999 0.00229167 0.00690476 -0.0012963 -0.00232143 -0.0024026 -0.00323944 -0.00415254 -0.00425373
internal_weight=876 502 126 99 70 42 376 184 54 130 374 189 105 192 125 96 42 54 168 77 142 118 67
internal_count=876 502 126 99 70 42 376 184 54 130 374 189 105 192 125 96 42 54 168 77 142 118 67
is_linear=0
shrinkage=0.05


Tree=204
num_leaves=25
num_cat=0
split_feature=6 37 35 16 5 38 8 45 39 45 8 4 45 5 13 14 8 44 37 43 16 5 2 17
split_gain=2.20814 1.19612 1.28445 1.10971 1.20192 1.0528 0.942308 0.558062 0.563589 0.639209 1.08449 1.13906 0.963021 0.963333 1.48688 0.814881 0.442387 0.345349 0.277964 0.124949 0.235539 0.123077 0.0291667 0.0272727
threshold=-0.77352889152016024 0.77307755280630597 -1.3984467550672408 0.13795779557528834 0.60367765862634837 -0.059304997819531587 0.63506094761188614 0.38823376470365023 -0.94466709577038876 -0.71350617460323573 -0.50055085666116339 0.43840503353821986 -0.4197088574547328 1.0000000180025095e-35 0.39896359577249502 1.0000000180025095e-35 -0.44893213828511574 -0.88560361672838661 -0.74219027114277847 -0.24924714482631058 0.22910495491551339 0.56496089849676345 0.32431313521903998 -0.25367234984550119
decision_type=2 2 2 2 2 2 2 2 2 2 2 2 2 2 2 2 2 2 2 2 2 2 2 2
left_child=-1 2 -2 5 -5 -3 -6 8 -4 16 23 12 15 -14 -15 -12 -10 -18 -9 20 22 -7 -20 -11
right_child=1 3 7 4 6 21 -8 18 9 10 11 -13 13 14 -16 -17 17 -19 19 -21 -22 -23 -24 -25
leaf_value=-0.16255029623462969 0.0076945815603932767 0.0046858835280699906 -0.0031477728142772113 0.003434828874758435 0.0029123335395954361 -0.018166210187060508 -0.015435509541529653 5.6271994488689136e-05 0.00058353124327588249 -0.00020847085455204907 0.00752636809448381 -0.017434848123668314 -0.015427523878983579 0.010540974732135451 9.521531506171679e-05 0.01370538921647101 0.0022687372910231199 -0.014641729120977769 -0.00012153042439136939 -0.0077148828098886867 0.0010619852422244914 -0.00053194986511889979 -0.029075353067005694 -0.0010270615562517509
leaf_weight=185 20 24 38 20 26 32 26 30 20 20 20 32 30 22 28 28 20 66 20 77 20 20 28 24
leaf_count=185 20 24 38 20 26 32 26 30 20 20 20 32 30 22 28 28 20 66 20 77 20 20 28 24
internal_value=-0.000148403 0.00115051 6.44555e-05 0.00513513 0.00958333 0.000921051 0.00557692 -0.000411091 0.000747125 0.00145161 0.00308823 0.005 0.00710937 0.00375 0.008 0.0127083 -0.00169811 -0.00325582 -0.00271429 -0.00362069 -0.00205882 -0.00307692 -0.00395833 -0.00386364
internal_weight=876 691 543 148 72 76 52 523 348 310 204 160 128 80 50 48 106 86 175 145 68 52 48 44
internal_count=876 691 543 148 72 76 52 523 348 310 204 160 128 80 50 48 106 86 175 145 68 52 48 44
is_linear=0
shrinkage=0.05


Tree=205
num_leaves=24
num_cat=0
split_feature=31 37 16 21 44 17 46 37 46 13 33 35 49 45 11 44 38 30 18 46 35 41 16
split_gain=2.54114 0.843072 1.03755 0.581603 0.507685 0.707258 1.11777 1.55826 1.12668 0.906998 0.855277 1.16931 1.51004 0.561571 0.914286 0.621048 0.533771 0.362583 0.589073 0.374557 0.157447 0.1375 0.0303922
threshold=-0.76830417003134965 1.3929598444218405 0.12656440065776017 1.0000000180025095e-35 0.56985784458265687 -0.70814704609506285 0.83139443911280608 0.049881545921515599 -0.35726067473972856 0.39896359577249502 0.052265316781967358 0.072702124881171573 0.68465394586442807 -0.67678150995967279 1.0000000180025095e-35 -0.34744979910077395 1.1135653099254599 -0.15196273303199975 -1.1661101447046642 0.9539362034275003 -0.44048934486827468 -0.25650867787456938 0.20631816508045711
decision_type=2 2 2 2 2 2 2 2 2 2 2 2 2 2 2 2 2 2 2 2 2 2 2
left_child=-1 3 -3 4 5 6 7 8 -2 -9 11 13 -13 14 -7 -15 20 -6 -19 21 -12 -20 -5
right_child=1 2 -4 22 17 10 -8 9 -10 -11 16 12 -14 15 -16 -17 -18 18 19 -21 -22 -23 -24
leaf_value=-0.14906967694395554 0.0063466941366432002 -0.044445348040256301 0.0066435897617488195 -0.00047965934991485003 -0.062365898948807154 0.0062114496114754813 -0.0082527802972374806 0.0078487469477307534 -0.0037008234934249834 0.0023775020102166553 -0.0032162929538521452 0.0034414632129162446 -0.00025734286294687864 -0.0028140597962095838 -0.025973452709236844 0.0021553943064442356 0.0023264926299174137 0.0046572061635957963 -0.0024135313037737492 0.0033527342805853289 -0.0052393305051421889 -0.0082637331586400357 -0.037416766795512812
leaf_weight=183 33 23 33 20 40 24 21 25 28 21 20 37 24 55 21 27 28 24 20 30 74 44 31
leaf_count=183 33 23 33 20 40 24 21 25 28 21 20 37 24 55 21 27 28 24 20 30 74 44 31
internal_value=0.000248306 0.00161451 0.0075 0.0011051 0.00154362 0.00242009 0.00554687 0.00761682 0.00237705 0.0145652 0.00112903 0.00324468 0.00893443 0.00051181 0.005 -0.00195122 -0.00213115 -0.000886077 0.000508473 -0.0012766 -0.00393617 -0.0034375 -0.00401961
internal_weight=886 703 56 647 596 438 128 107 61 46 310 188 61 127 45 82 122 158 118 94 94 64 51
internal_count=886 703 56 647 596 438 128 107 61 46 310 188 61 127 45 82 122 158 118 94 94 64 51
is_linear=0
shrinkage=0.05


Tree=206
num_leaves=23
num_cat=0
split_feature=6 35 35 5 6 47 39 46 44 3 2 36 8 13 2 14 45 5 9 14 49 39
split_gain=1.9689 0.505451 0.681146 1.0355 1.18373 1.45013 1.70872 0.784849 0.772496 0.559845 0.669281 0.536623 0.5625 0.516686 0.523989 0.486782 0.486275 0.314092 0.729167 0.214819 0.166086 0.135682
threshold=-0.86066915928725829 -1.3129148434423332 0.089808507206153118 0.62303603869114088 -0.25068728491757275 0.2319176999979152 0.0098494500370553944 0.14516055895051796 0.092857869867272749 1.0000000180025095e-35 0.6544725647429781 -0.797564615371264 -0.44893213828511574 0.79902224258553678 -0.95964020181849685 0.36312008047820415 0.057711782911584394 0.33266033771925357 1.0000000180025095e-35 1.0000000180025095e-35 -1.5809883387594015 -0.50098744942005613
decision_type=2 2 2 2 2 2 2 2 2 2 2 2 2 2 2 2 2 2 2 2 2 2
left_child=-1 -2 11 4 7 6 -6 -4 -7 10 16 12 -3 14 -13 -15 -5 20 -19 -14 -16 -11
right_child=1 2 3 9 5 8 -8 -9 -10 21 -12 13 19 15 17 -17 -18 18 -20 -21 -22 -23
leaf_value=-0.31951445249813298 0.0043654105980849142 0.005076403450743637 0.0099309936665539725 0.035845961644761594 0.010678011393961389 0.00052856807119709627 0.002338132906278947 -0.046002028331205952 -0.00053769800223545637 -9.8081484084167864e-06 0.0032490302152580518 0.0011214893910122419 0.00038475831308077649 0.0020743255156680791 -0.00048111930338808409 -0.0024190103287074619 -0.0059930680724807825 0.001250141242643308 -0.00033711531333742483 -0.013335665544230619 -0.0044784039821290939 -0.017023718098321865
leaf_weight=157 22 24 33 20 32 30 23 37 28 21 30 28 23 28 21 30 31 20 28 25 143 52
leaf_count=157 22 24 33 20 32 30 23 37 28 21 30 28 23 28 21 30 31 20 28 25 143 52
internal_value=7.90056e-05 0.00117284 0.000940593 0.00256676 0.00510929 0.00827434 0.0140909 -1.19209e-09 0.00275862 -0.000454547 0.00240741 -0.000540542 0.00333333 -0.00147651 -0.0025 0.00275862 -0.00107843 -0.00334906 0.000208332 0.000208332 -0.00439025 -0.00363014
internal_weight=886 729 707 337 183 113 55 70 58 154 81 370 72 298 240 58 51 212 48 48 164 73
internal_count=886 729 707 337 183 113 55 70 58 154 81 370 72 298 240 58 51 212 48 48 164 73
is_linear=0
shrinkage=0.05


Tree=207
num_leaves=26
num_cat=0
split_feature=6 43 45 34 34 42 34 35 15 2 2 14 38 42 42 0 42 0 36 41 5 7 14 41 2
split_gain=1.84157 0.561175 0.991796 1.90152 1.67074 0.731114 0.714837 0.576253 0.564916 0.594171 0.861684 0.839369 0.419167 0.418574 0.750037 0.551828 0.335508 0.225 0.215793 0.177456 0.230488 0.130512 0.123077 0.0391304 0.0352941
threshold=-0.68638862375306242 -0.21949421761451857 0.42495842934721312 0.13829200258589566 0.75234210994906137 -0.15257564214927521 0.13829200258589566 0.97934038810519342 -0.17703185399375715 0.055294340792127451 -0.32377759680943102 -0.85892579937065439 -0.004433872310993894 1.269334664286341 0.62813920251161692 -1.0000000180025095e-35 0.72807861862156609 1.0000000180025095e-35 -0.81472832992381561 -0.83574097918881718 -1.0611430269458049 -0.44674278936744566 1.0000000180025095e-35 -0.61017361796230729 -0.61725264527515367
decision_type=2 2 2 2 2 2 2 2 2 2 2 2 2 2 2 2 2 2 2 2 2 2 2 2 2
left_child=19 6 3 5 -5 -3 8 -6 9 10 11 -2 18 14 22 -16 -7 -13 -10 20 -1 -8 -4 -23 -20
right_child=1 2 13 4 7 16 21 -9 12 -11 -12 17 -14 -15 15 -17 -18 -19 24 -21 -22 23 -24 -25 -26
leaf_value=-0.64380277107527983 0.0010506822290460493 0.0026102463293814684 -0.00013689671661434112 0.011181685549481327 -0.0021303487354628532 -0.017046515369275636 -0.00079538780829237806 0.011289828598961936 0.0074892541647626799 -0.0054207926325087518 0.0052983082571893894 0.010892931693895999 0.00049673609885839468 -0.031202266020219395 0.0063734396779619928 -0.0014013760085370072 9.3241652341604763e-05 -0.0034565916432197051 -0.0042050237516482892 -0.065860307915909841 0.0010165960201378125 -0.00010125040971573507 -0.0062051589367055288 -0.00075074925753472346 -0.00043386419065353956
leaf_weight=21 22 29 20 33 24 45 20 27 24 33 20 20 27 40 21 26 29 20 20 173 20 20 32 72 48
leaf_count=21 22 29 20 33 24 45 20 27 24 33 20 20 27 40 21 26 29 20 20 173 20 20 32 72 48
internal_value=-0.000259595 0.00102678 0.00251534 0.00489305 0.0104762 0.000339805 -0.000375724 0.00480392 0.00119658 0.00369565 0.00597561 0.00306451 -0.00121849 -0.000683454 0.0010606 0.0056383 -0.0022973 -0.00125 -0.00282609 -0.00429907 -0.00134146 -0.00366072 -0.00307692 -0.00445652 -0.00426471
internal_weight=886 672 326 187 84 103 346 51 234 115 82 62 119 139 99 47 74 40 92 214 41 112 52 92 68
internal_count=886 672 326 187 84 103 346 51 234 115 82 62 119 139 99 47 74 40 92 214 41 112 52 92 68
is_linear=0
shrinkage=0.05


Tree=208
num_leaves=26
num_cat=0
split_feature=6 35 15 17 13 4 41 40 44 36 15 6 44 38 45 44 33 14 2 14 33 7 13 3 2
split_gain=1.74916 0.629227 0.607075 1.13778 0.454664 0.527978 0.769248 0.647949 0.437139 0.754062 0.436025 0.918403 0.535301 0.425744 0.612813 0.385112 0.391843 0.301527 0.245354 0.211304 0.0534907 0.111111 0.0445355 0.0386364 0.0321429
threshold=-0.77352889152016024 -1.2958084611173517 -1.0701361668920668 -0.25367234984550119 -0.40115369785358845 -0.39917529782358513 0.13849349089787902 -0.15820933362581849 -0.78775746806882052 -0.81472832992381561 1.0000000180025095e-35 0.22858418780146592 -0.10283442745185913 1.1135653099254599 0.41271687446602551 -0.34744979910077395 -0.71514326425007713 -0.45157717275436821 -0.60502451825574854 1.0000000180025095e-35 0.30806817712598228 0.7647131210986674 1.0000000180025095e-35 -1.1273432582786325 -0.5194276291199128
decision_type=2 2 2 2 2 2 2 2 2 2 2 2 2 2 2 2 2 2 2 2 2 2 2 2 2
left_child=22 -2 3 -3 15 6 7 -6 24 -10 11 12 -11 17 -15 16 -4 -12 -18 -9 -19 -22 -1 -17 -7
right_child=1 2 4 -5 5 8 -8 19 9 10 13 -13 -14 14 -16 23 18 20 -20 -21 21 -23 -24 -25 -26
leaf_value=-0.15866367757445426 0.0041047543455765244 0.0069395117238231123 -0.0023553029594902929 -0.00032889855559511391 0.0035181117663610506 -0.01403250094627957 0.0030785041829620146 0.0018346591409660066 0.0056729549216510558 0.0013861784520347227 0.00073159398600907398 0.0012830914035161416 -0.0095674552474793555 0.0065949526770805724 -0.03219218816413956 -0.0008761665944937183 0.015342889077289394 -0.00037331821522201716 -0.00012060826482639694 -0.0016426531279526537 -0.00010342410546781301 -0.034300216830510259 -0.0050416463597088507 -0.023074537689886654 -0.035393332123921331
leaf_weight=163 21 20 20 25 28 20 28 23 36 27 31 36 37 22 24 20 20 68 21 27 20 25 20 68 36
leaf_count=163 21 20 20 25 28 20 28 23 36 27 31 36 37 22 24 20 20 68 21 27 20 25 20 68 36
internal_value=-0.000372462 0.000761023 0.000498533 0.00611111 0.00010204 0.000840163 0.00396226 0.00141026 -2.61792e-05 0.000674845 -0.000172415 0.0025 -0.00109375 -0.00157895 0.00260869 -0.00231544 0.000737704 -0.00291667 0.00353658 -0.002 -0.00411505 -0.00277778 -0.00472678 -0.00443182 -0.00410714
internal_weight=886 703 682 45 637 488 106 78 382 326 290 100 64 190 46 149 61 144 41 50 113 45 183 88 56
internal_count=886 703 682 45 637 488 106 78 382 326 290 100 64 190 46 149 61 144 41 50 113 45 183 88 56
is_linear=0
shrinkage=0.05


Tree=209
num_leaves=26
num_cat=0
split_feature=6 35 2 35 34 45 46 6 7 17 48 11 2 4 4 33 45 11 33 43 11 6 8 8 5
split_gain=1.75621 0.921811 0.492572 0.550039 0.795132 1.48193 0.94163 1.11031 1.62965 1.00074 1.1297 0.534231 0.479517 0.458009 0.394261 0.550852 0.399296 0.533769 0.240698 0.20988 0.458089 0.207505 0.141176 0.0295918 0.0272727
threshold=-0.86066915928725829 -1.3129148434423332 1.3637039318684747 0.072702124881171573 0.85468379450958887 -0.51764129650423374 0.27995649969668174 0.70785566052050475 -0.24483347095642685 -0.5945283720326725 0.2319176999979152 1.1801474923192325 -0.95964020181849685 0.066147108488528672 -0.39917529782358513 -0.084162875401507228 -0.67678150995967279 0.21417165095860605 -0.76630383631887999 -0.42977994633224975 0.53616359807881486 0.92570632993824953 0.78991710274002924 -0.13921982802882954 0.13907653707132875
decision_type=2 2 2 2 2 2 2 2 2 2 2 2 2 2 2 2 2 2 2 2 2 2 2 2 2
left_child=-1 -2 3 12 5 24 7 8 -7 -8 -11 21 13 -3 15 18 17 -16 -14 20 23 -6 -4 -18 -5
right_child=1 2 22 4 11 6 9 -9 -10 10 -12 -13 14 -15 16 -17 19 -19 -20 -21 -22 -23 -24 -25 -26
leaf_value=-0.28972910501494603 0.0038422890031294533 0.0069687958901187511 -0.018578007135908983 -0.0017894396559134411 -0.0056046800453980099 0.0057494342269852885 -0.012865410755771989 -0.032444714338157425 0.021227030653119535 0.0038532628884632119 -0.0040825063114651675 0.0046905911679237591 0.00067957877964000101 -0.0032896398726431405 0.0017841169448830072 0.00197684783680283 -0.0093812777958172597 -0.022166485988701662 -0.04536192248104827 -0.0014936373447331239 0.0017965581597961891 -0.0012403014511015214 -0.0026769969096447689 -0.00013557795504224243 -0.006523060947200828
leaf_weight=157 22 20 48 24 51 35 28 20 27 31 20 24 20 22 34 28 29 20 23 95 20 28 20 20 20
leaf_count=157 22 20 48 24 51 35 28 20 27 31 20 24 20 22 34 28 29 20 23 95 20 28 20 20 20
internal_value=-0.000203161 0.000829903 0.000516265 0.000946791 0.00246753 0.00426829 0.00649068 0.0102439 0.0135484 0.00259494 0.0067647 -0.00111651 -0.000468279 0.00452381 -0.00119377 0.00204225 -0.00224771 0.00148148 -0.00151163 -0.00347561 -0.00137681 -0.00310127 -0.00352941 -0.00397959 -0.00386364
internal_weight=886 729 707 639 308 205 161 82 62 79 51 103 331 42 289 71 218 54 43 164 69 79 68 49 44
internal_count=886 729 707 639 308 205 161 82 62 79 51 103 331 42 289 71 218 54 43 164 69 79 68 49 44
is_linear=0
shrinkage=0.05


Tree=210
num_leaves=26
num_cat=0
split_feature=6 20 3 17 39 17 3 8 4 0 39 39 9 37 19 37 44 37 16 17 9 35 8 6 2
split_gain=2.16139 0.709314 0.514899 1.15227 0.591524 0.698872 0.750894 0.646711 0.945013 1.2932 0.801151 0.623853 0.777012 0.491736 0.475289 0.768182 0.504628 0.473485 0.341752 0.320225 0.284378 0.129825 0.0392473 0.0368421 0.0311321
threshold=-0.86066915928725829 -1.5936342991015764 1.5911786582744634 0.65527704265362241 -0.53262762656721108 0.88251439077840321 0.2319176999979152 -0.035982391276734159 0.066147108488528672 1.2485767956218459 -0.29468721439550855 -0.79536096373378262 -0.42075846645051956 -0.036213216802864198 -0.6133503958973926 0.34260373918440695 1.0468578192980409 -0.3289354100657555 -0.055729918022689943 1.0000000180025095e-35 0.15640208327384778 -0.38917019789333002 -0.55216957503721109 0.79499592828760257 -0.48274324806169749
decision_type=2 2 2 2 2 2 2 2 2 2 2 2 2 2 2 2 2 2 2 2 2 2 2 2 2
left_child=-1 -2 4 -4 11 7 23 8 9 10 -6 12 -3 24 15 17 19 -9 21 -16 -15 -12 -13 -7 -14
right_child=1 2 3 -5 5 6 -8 14 -10 -11 18 22 13 20 16 -17 -18 -19 -20 -21 -22 -23 -24 -25 -26
leaf_value=-0.25650574746561705 0.0014853557827018322 0.0081928858428023752 -0.0041439553868365051 0.004857666019427242 0.0022235664398152452 -0.0080246080337609531 0.0012033013933107006 0.0059181259263204888 0.011285799937903535 0.015401298222848409 0.00025332857290790226 -0.00020187806579799147 -0.0032383119021266189 0.0084903834727027335 -0.0073535055314488673 0.0046529664926238876 0.003093563025848305 -0.006546853897728625 0.00095876770795773987 0.00080742431712455584 -8.7777540917509552e-05 -0.024428100868783512 -0.010876740108451069 -0.02619631885228485 -0.0057120769798472797
leaf_weight=157 33 20 20 24 20 56 30 24 30 20 20 20 20 20 57 20 24 20 22 32 23 37 73 20 33
leaf_count=157 33 20 20 24 20 56 30 24 30 20 20 20 20 20 57 20 24 20 22 32 23 37 73 20 33
internal_value=0.000314285 0.00147632 0.00113139 0.00636364 0.00077223 0.0018287 -0.00169811 0.00297546 0.00540268 0.00340336 0.0010606 -0.00141148 0.00103448 -0.000833335 0.000932202 0.004375 -0.0010177 0.000681817 -0.00120253 -0.00275281 0.00313953 -0.00324562 -0.00446237 -0.00434211 -0.0040566
internal_weight=875 718 685 44 641 432 106 326 149 119 99 209 116 96 177 64 113 44 79 89 43 57 93 76 53
internal_count=875 718 685 44 641 432 106 326 149 119 99 209 116 96 177 64 113 44 79 89 43 57 93 76 53
is_linear=0
shrinkage=0.05


Tree=211
num_leaves=22
num_cat=0
split_feature=30 20 45 43 10 16 35 39 44 5 43 12 39 39 17 45 42 47 41 17 0
split_gain=2.02419 0.751311 0.741039 0.820428 0.70177 1.27457 0.784149 0.810752 0.720442 0.942308 0.65625 0.574578 0.768662 0.92805 1.22655 0.894825 1.31579 0.788478 0.424617 0.131034 0.0321429
threshold=-0.83176336733025091 -1.5936342991015764 -0.81143861365273662 0.030178849742978204 -0.31314508072831471 -0.16966386719797125 -0.95368081461772092 0.32754710549827271 -0.27406518760609949 -0.4029581047428607 -0.3309631198923571 1.1704931961819109 1.128683379833527 -0.53262762656721108 -0.82176572015745342 -0.18711931471216803 0.37581691431322972 0.6850046860900979 0.76247600958107964 0.88251439077840321 -1.0000000180025095e-35
decision_type=2 2 2 2 2 2 2 2 2 2 2 2 2 2 2 2 2 2 2 2 2
left_child=-1 -2 3 -3 6 -6 -4 8 9 -8 -10 12 13 17 -15 -16 -17 19 20 -7 -13
right_child=1 2 4 -5 5 11 7 -9 10 -11 -12 18 -14 14 15 16 -18 -19 -20 -21 -22
leaf_value=-0.24368046009233654 0.0014110879935665694 -0.017564837208263937 0.0075372985388719701 0.0010111182103609824 -0.015486526240376358 -0.00099652525232556653 0.007618999121609283 -0.0037267415424272043 0.0063790792937999932 0.0068187409743878276 -0.00098285616884564715 -0.00029098358723934984 -0.0087070633910815692 -0.00030055604269797927 0.0047930509437203294 0.00027488984770091489 0.0086129070785114278 0.0017928453716959045 0.011765914650738058 -4.7398974276807684e-05 -0.028918630434053228
leaf_weight=157 33 89 22 24 83 38 26 35 24 26 32 20 26 38 24 38 38 24 22 20 36
leaf_count=157 33 89 22 24 83 38 26 35 24 26 32 20 26 38 24 38 38 24 22 20 36
internal_value=0.000142856 0.00126741 0.000912408 -0.00278761 0.00164336 0.000528254 0.00439394 0.00304196 0.00518518 0.00942308 0.00125 0.00194444 0.00313008 0.00409091 0.0065942 0.0095 0.0068421 -0.000121952 -0.00179487 -0.00327586 -0.00410714
internal_weight=875 718 685 113 572 407 165 143 108 52 56 324 246 220 138 100 76 82 78 58 56
internal_count=875 718 685 113 572 407 165 143 108 52 56 324 246 220 138 100 76 82 78 58 56
is_linear=0
shrinkage=0.05


Tree=212
num_leaves=27
num_cat=0
split_feature=6 35 41 37 15 12 13 20 39 46 16 20 3 12 37 34 43 34 12 35 35 43 8 13 4 4
split_gain=2.35131 0.86402 2.04716 0.744546 0.750622 0.599109 0.947383 0.91207 1.67613 1.35281 0.859091 0.681502 0.62701 0.915352 1.76024 0.572917 0.531463 0.443493 0.625 0.347384 0.479903 0.277484 0.273485 0.138462 0.0383721 0.034127
threshold=-0.86066915928725829 -0.88525528531779474 -0.14691198955399468 -0.20840274225162378 -1.0701361668920668 0.9100667765685585 0.19893427236597411 0.99602143693848544 0.34956413005167081 -0.43078573332854514 0.38861248376090723 -0.66401429129232348 1.0000000180025095e-35 -0.65249174111155672 0.58366907481267039 0.99113937392362572 -0.51691776010731638 -0.76572621103209804 -0.13163890188485169 -0.098361698368643849 0.10691488953113465 -0.061384186020540153 -0.087601109652781853 -0.80121234466663016 -0.39917529782358513 0.15921158975095148
decision_type=2 2 2 2 2 2 2 2 2 2 2 2 2 2 2 2 2 2 2 2 2 2 2 2 2 2
left_child=-1 2 16 17 -5 6 11 8 9 -8 -9 23 -13 -14 -15 25 -2 18 -3 24 -21 -22 -23 -6 -19 -7
right_child=1 3 -4 4 5 15 7 10 -10 -11 -12 12 13 14 -16 -17 -18 19 -20 20 21 22 -24 -25 -26 -27
leaf_value=-0.23149643708771905 0.0075167722010939832 0.0020781035904896676 0.0019253520977442684 0.0055099089494336445 -0.0041586092873419694 -0.0004869759036316225 0.00093758913977757164 -0.0069727440562101922 -0.04521955436198976 0.0087463994984264635 0.0039004491661904328 -0.0042979344472276809 -0.0024261170488841977 -0.00010104011417827908 0.013661618689105166 0.0024622519845297775 -0.041193036831769878 -0.0054565295038660026 -0.00082268552599141359 0.0012402314747411497 -0.0017353387067730549 0.0097430115461654247 -0.051322203988746276 -0.0066505683668233069 -0.0086395710823800684 -0.0010875543492183425
leaf_weight=157 24 20 33 21 20 43 21 27 20 33 28 27 21 21 22 26 25 20 20 29 42 20 24 45 66 20
leaf_count=157 24 20 33 21 20 43 21 27 20 33 28 27 21 21 22 26 25 20 20 29 42 20 24 45 66 20
internal_value=0.000542856 0.00175487 0.00658536 0.00113207 0.00246835 0.00195187 0.00307017 0.00624031 0.00986486 0.0144444 0.00136364 0.000448717 0.00324176 0.0059375 0.0101163 -0.00162921 0.00010204 -0.00105809 0.00375 -0.00201493 -0.000217392 -0.00209302 0.000681817 -0.00346154 -0.00441861 -0.00420635
internal_weight=875 718 82 636 395 374 285 129 74 54 55 156 91 64 43 89 49 241 40 201 115 86 44 65 86 63
internal_count=875 718 82 636 395 374 285 129 74 54 55 156 91 64 43 89 49 241 40 201 115 86 44 65 86 63
is_linear=0
shrinkage=0.05


Tree=213
num_leaves=26
num_cat=0
split_feature=6 46 37 34 5 46 15 8 46 36 9 16 37 3 36 34 9 45 33 20 41 15 36 4 33
split_gain=2.40004 0.542796 0.634192 0.801592 1.31263 0.665763 0.799417 0.665025 0.556184 1.18957 1.07935 2.03338 1.21352 1.11594 0.8308 0.551471 0.470996 0.378355 0.429134 0.371873 0.360966 0.338119 0.27 0.255495 0.152941
threshold=-0.86066915928725829 2.2038621994373826 -0.20840274225162378 -0.68044147389832499 -0.59654190539078544 -0.84742773199850563 1.1626246153537074 -0.34569470153302034 0.65983596907223407 -0.41996289521512659 1.0000000180025095e-35 -0.14687707736291497 0.99692393588969341 0.2319176999979152 0.026293683151217634 0.34297537170695086 0.31380950592594797 -0.62781529043492235 1.0072626620662897 -0.46481000390462651 -0.70899687155524016 0.49279638067997511 -0.042361175058989169 -0.3061108165611624 -0.54460802402073383
decision_type=2 2 2 2 2 2 2 2 2 2 2 2 2 2 2 2 2 2 2 2 2 2 2 2 2
left_child=-1 2 3 4 7 22 8 -2 9 19 11 -11 15 -13 -10 -12 -8 -5 20 -7 -19 24 -4 -16 -22
right_child=1 -3 5 17 -6 6 16 -9 14 10 12 13 -14 -15 23 -17 -18 18 -20 -21 21 -23 -24 -25 -26
leaf_value=-0.2199216152333334 0.0029145336153092055 -0.034087613887897959 0.00057282309457121813 -0.022380758714941509 0.013319164730616201 -0.00036018503446109479 0.00037950021241957104 -0.016834600515919902 0.0066583416132094233 0.0020460200003615289 -0.0017381434278072178 0.0033534010317257273 0.0076620885667358475 0.012209069003178748 0.0016958881965357935 0.00025912148551000174 -0.0086450546896014811 0.00044460526991742548 0.0081846181454704233 0.0019064903468096661 -0.0007660895295718064 0.00075692204776763266 -0.034953297521962981 -0.0089075038106888327 -0.002989125545374091
leaf_weight=157 28 28 20 53 27 22 21 30 30 38 27 23 28 21 21 24 34 20 22 29 20 26 30 31 65
leaf_count=157 28 28 20 53 27 22 21 30 30 38 27 23 28 21 21 24 34 20 22 29 20 26 30 31 65
internal_value=0.000599999 0.00182451 0.00210145 0.000326459 0.00441176 0.00339599 0.00416905 0.000172413 0.00520408 0.0065566 0.0086646 0.0126829 0.00449367 0.02 0.00170732 -9.80404e-05 -0.00136364 -0.00135922 -9.80404e-05 -9.80404e-05 -0.00118321 -0.0022973 -0.002 -0.00211539 -0.00382353
internal_weight=875 718 690 291 85 399 349 58 294 212 161 82 79 44 82 51 55 206 153 51 131 111 50 52 85
internal_count=875 718 690 291 85 399 349 58 294 212 161 82 79 44 82 51 55 206 153 51 131 111 50 52 85
is_linear=0
shrinkage=0.05


Tree=214
num_leaves=24
num_cat=0
split_feature=6 2 6 7 49 16 2 2 41 39 35 39 9 0 5 16 33 36 12 37 35 11 2
split_gain=2.20812 0.595518 1.46512 1.05267 1.10847 0.968382 1.35634 2.06436 1.39518 0.72622 1.39724 1.02101 0.983332 1.39187 0.600519 0.4756 0.712936 0.481203 0.447867 0.326712 0.229315 0.207979 0.0282609
threshold=-0.86066915928725829 0.055294340792127451 0.22858418780146592 0.22628827200261711 -0.6747314249098697 0.60508698719394183 1.3392476778296645 0.69115694580119347 -0.038221679750072381 -0.13906912769929278 -0.83393613834285008 0.32754710549827271 -0.26335104379841939 -1.0000000180025095e-35 -0.073865643641388562 0.12656440065776017 -0.11826992344737587 -0.076688604164092566 0.38921393734185333 0.10153840355614348 0.92802124113024875 0.53616359807881486 1.0824570104221571
decision_type=2 2 2 2 2 2 2 2 2 2 2 2 2 2 2 2 2 2 2 2 2 2 2
left_child=-1 3 21 4 -2 6 7 18 -9 12 -11 14 13 -6 -12 -5 -17 -18 -4 -14 22 -3 -7
right_child=1 2 5 15 9 20 -8 8 -10 10 11 -13 19 -15 -16 16 17 -19 -20 -21 -22 -23 -24
leaf_value=-0.20892553447166606 0.0030775046557694609 -0.020488013206648975 0.00034388174827451877 -0.0041198587112399451 0.0088099177053395043 -0.049524784109375969 -0.010688917614237922 0.00068352177228692026 0.012943574829882296 0.014915646860296934 0.0075176124864582755 -0.0055767920687922181 -0.0081871702984986847 -0.0027977038911810234 0.00026975294677791529 0.00052502002686300104 0.078394693824605191 -0.0036086890819513671 -0.00018637402968138192 0.00046629130803647407 0.00088742987781848318 -0.00022246617310844863 -0.0031745212084006201
leaf_weight=157 33 106 21 46 30 26 31 20 21 22 28 32 53 31 22 21 21 36 25 20 20 33 20
leaf_count=157 33 106 21 46 30 26 31 20 21 22 28 32 53 31 22 21 21 36 25 20 20 33 20
internal_value=0.000371427 0.00154596 -4.64408e-05 0.0028481 0.00459409 0.00288043 0.00559322 0.0087931 0.0169512 0.00340336 0.00653846 0.00353658 0.000970148 0.00565574 0.008 -0.000967743 0.00141026 -0.00149123 0.00152174 -0.00294521 -0.0019697 -0.00392086 -0.00391304
internal_weight=875 718 323 395 271 184 118 87 41 238 104 82 134 61 50 124 78 57 46 73 66 139 46
internal_count=875 718 323 395 271 184 118 87 41 238 104 82 134 61 50 124 78 57 46 73 66 139 46
is_linear=0
shrinkage=0.05


Tree=215
num_leaves=23
num_cat=0
split_feature=6 36 35 35 37 12 5 9 36 41 0 6 44 10 0 6 9 8 0 34 3 36
split_gain=2.35056 1.19794 0.732349 0.948869 1.32635 0.971251 1.348 1.92121 0.804762 0.64125 1.11371 0.567114 0.92874 0.483113 0.466869 0.641988 1.27201 0.398201 0.301883 0.138462 0.125926 0.0394737
threshold=-0.86066915928725829 0.91880683988390621 -1.3984467550672408 0.072702124881171573 -0.070651121892616103 -0.65249174111155672 0.62303603869114088 -0.10594362114631924 0.3867316887548034 -0.78917105849296187 -1.0000000180025095e-35 -0.59924835598596438 -0.83668054239860357 -0.12178349250515719 -0.74914607737310734 0.35929458945211284 0.20887122415788115 -0.29407598315697264 1.0000000180025095e-35 -0.509871999630779 1.0000000180025095e-35 1.0389528417517682
decision_type=2 2 2 2 2 2 2 2 2 2 2 2 2 2 2 2 2 2 2 2 2 2
left_child=-1 2 -2 9 13 -6 7 -7 -8 10 -4 -11 -13 -5 -14 18 -17 -3 -16 -20 -15 -19
right_child=1 17 3 4 5 6 8 -9 -10 11 -12 12 14 20 15 16 -18 21 19 -21 -22 -23
leaf_value=-0.23653830012570254 0.0010004184172023817 0.0024352854414821032 0.00774834822664449 0.00071963972066293352 -0.001938700584086161 0.00046709254633734635 -0.0037345881264649601 0.0074397142512868802 0.0070024702771296068 -0.010945597600418952 -0.00025457155901734542 0.0040594572292263903 -0.0068562943111853307 -0.0083333114263403098 0.00046817590145272424 0.0022249732584772269 -0.0033375143666508119 -0.011099509653615811 -0.00049242291910529877 -0.01602495116264014 -0.02143508066126238 -0.0010012536631735655
leaf_weight=170 21 27 25 38 26 34 35 27 21 56 21 34 48 20 34 20 21 20 20 45 34 75
leaf_count=170 21 27 25 38 26 34 35 27 21 56 21 34 48 20 34 20 21 20 20 45 34 75
internal_value=0.000275228 0.00155271 0.0025 0.00215563 0.00457447 0.00758741 0.00952991 0.0146721 0.00392857 0.000401233 0.00586956 -0.000503598 0.000630629 -0.000108697 -0.000744682 0.000714285 0.00597561 -0.00295082 -0.00146465 -0.00346154 -0.00314815 -0.00447369
internal_weight=872 702 580 559 235 143 117 61 56 324 46 278 222 92 188 140 41 122 99 65 54 95
internal_count=872 702 580 559 235 143 117 61 56 324 46 278 222 92 188 140 41 122 99 65 54 95
is_linear=0
shrinkage=0.05


Tree=216
num_leaves=24
num_cat=0
split_feature=6 36 35 8 41 9 45 41 45 13 36 49 37 4 35 20 16 0 41 42 8 2 2
split_gain=2.35056 0.989826 0.746189 0.687808 0.72391 1.1006 0.930413 1.15179 1.19513 1.6103 2.05894 1.72414 1.08956 1.34442 0.77412 0.461171 0.409756 0.392358 0.223636 0.1375 0.133038 0.0382353 0.0287234
threshold=-0.86066915928725829 0.91880683988390621 -1.3984467550672408 -0.75864444854140201 -0.81929794692487645 -0.10594362114631924 -0.64005684531610996 -0.53950635425386351 0.18012733172346063 -0.40115369785358845 -0.36847175155747142 0.23152548893966207 -0.12230797952724398 -0.3061108165611624 0.38061700673083937 0.53121143303385898 -0.23802423670314002 -0.74914607737310734 -0.48938421752248479 -0.29902151922127995 -0.24245726478092497 -0.47051512104229237 0.030838086753317225
decision_type=2 2 2 2 2 2 2 2 2 2 2 2 2 2 2 2 2 2 2 2 2 2 2
left_child=-1 2 -2 18 5 -5 15 22 9 16 -11 -12 19 -14 -15 20 -9 -3 -4 -10 -6 -19 -8
right_child=1 17 3 4 6 -7 7 8 12 10 11 -13 13 14 -16 -17 -18 21 -20 -21 -22 -23 -24
leaf_value=-0.22471138511941674 0.00095039749634278693 0.0011747946218796904 0.0003749597251998977 0.0088178245320432499 -0.004775830075181637 0.00062315529466128053 -0.013247078137513392 0.0050466226723885274 -0.0014477507709839592 4.6538719712330769e-05 0.0090345969190736806 0.0019497826132436292 0.0037023051635477673 -0.002969111521961072 0.0033430234995161165 0.0079600749784356408 -0.0016570521692035084 -0.00056519345885347406 -0.013293521990939453 -0.009682463526490442 -0.014125151410865344 -0.0093467574932658923 -0.035582572431915878
leaf_weight=170 21 37 25 20 22 28 20 20 20 31 29 29 33 39 29 21 21 20 41 44 60 65 27
leaf_count=170 21 37 25 20 22 28 20 20 20 31 29 29 33 39 29 21 21 20 41 44 60 65 27
internal_value=0.000275228 0.00155271 0.00241379 0.00206619 0.00270791 0.00854167 0.00207865 0.00333333 0.00449152 0.00807692 0.0118539 0.0174138 0.00166667 0.00490099 0.000882352 -0.00208738 -0.000121952 -0.00254098 -0.00272727 -0.0034375 -0.00378049 -0.00441177 -0.00393617
internal_weight=872 702 580 559 493 48 445 342 295 130 89 58 165 101 68 103 41 122 66 64 82 85 47
internal_count=872 702 580 559 493 48 445 342 295 130 89 58 165 101 68 103 41 122 66 64 82 85 47
is_linear=0
shrinkage=0.05


Tree=217
num_leaves=23
num_cat=0
split_feature=6 15 18 2 2 36 7 7 41 42 2 33 37 8 4 4 4 33 10 34 16 2
split_gain=2.15061 0.872507 1.3 0.687919 1.39216 0.768675 0.678326 1.37519 0.872433 1.04004 0.454325 0.639898 0.619898 0.862245 0.687013 0.419048 0.382966 0.517927 0.342857 0.148876 0.0395833 0.034375
threshold=-0.86066915928725829 -1.0701361668920668 1.0000000180025095e-35 1.2658789157132337 1.1069132644609674 1.1590988436196301 -0.1102272586824143 1.0000000180025095e-35 -0.074295523717731557 -0.28714752918841463 -0.9840964558573071 -0.42523335586019367 1.4446167020564686 0.63506094761188614 0.25227607101337429 -0.39917529782358513 -0.39917529782358513 -0.3740727837913907 0.73934365449905193 -0.032277471681650335 -0.089910102775274323 0.32431313521903998
decision_type=2 2 2 2 2 2 2 2 2 2 2 2 2 2 2 2 2 2 2 2 2 2
left_child=-1 2 -2 4 5 6 8 -8 16 -10 -9 -12 13 18 -15 -11 17 -3 -13 -5 -18 -7
right_child=1 3 -4 19 -6 21 7 10 9 15 11 12 -14 14 -16 -17 20 -19 -20 -21 -22 -23
leaf_value=-0.21347581586344644 0.0040658961898106501 0.004557292492123978 -0.0015529909904115162 -0.021716887489700409 0.0077976127901058651 -0.0033134253682368269 0.0042975202322475042 -0.0042888546590078569 0.0018229607670852438 0.0031096616143045219 0.0012047611130732243 -0.0017495959059327792 0.0055113964429173217 0.039269628130984779 -0.0049604908834255043 -0.006521949077087575 -0.01033164186515349 -0.0023553461001423141 0.00046471374951638077 -0.014245621816686144 -0.00026065189267673411 -0.0011483435030377868
leaf_weight=170 32 21 20 36 21 44 38 22 22 20 37 64 21 30 33 22 76 30 20 53 20 20
leaf_count=170 32 21 20 36 21 44 38 22 22 20 37 64 21 30 33 22 76 30 20 53 20 20
internal_value=4.58704e-05 0.00126781 0.0075 0.00076923 0.00141711 0.000925925 0.00161765 0.00330189 -0.000497632 0.004375 0.00182819 0.00256097 0.00125 0.00010204 0.00452381 -0.000238096 -0.00261905 0.000882352 -0.00321429 -0.00331461 -0.00447917 -0.00421875
internal_weight=872 702 52 650 561 540 476 265 211 64 227 205 168 147 63 42 147 51 84 89 96 64
internal_count=872 702 52 650 561 540 476 265 211 64 227 205 168 147 63 42 147 51 84 89 96 64
is_linear=0
shrinkage=0.05


Tree=218
num_leaves=23
num_cat=0
split_feature=6 16 46 7 38 7 20 12 12 35 37 37 33 15 35 5 36 5 35 17 33 5
split_gain=2.00647 0.828761 0.785927 0.730123 1.31921 1.05218 1 0.763825 1.05501 2.94969 1.47808 0.631579 0.983041 0.630966 0.650833 0.48002 0.273529 0.136508 0.104396 0.1 0.0794679 0.229839
threshold=-0.86066915928725829 0.4455794583485479 -0.98222367274466937 -0.1102272586824143 -0.80349463752907291 -0.042924152545408031 0.1992042873876971 -0.65249174111155672 -0.13163890188485169 -0.14968084534358847 -0.69053341350815056 0.03266259337663964 0.35922874919478526 -0.84686008866748941 0.79117018253039639 1.8426139827730674 0.19793082867673467 -0.093224023706181047 0.97934038810519342 0.42803969452884144 -0.084162875401507228 -0.26744944428931333
decision_type=2 2 2 2 2 2 2 2 2 2 2 2 2 2 2 2 2 2 2 2 2 2
left_child=-1 2 17 4 6 -5 -4 16 9 -9 -10 -12 -13 -6 20 18 -7 -2 -3 -14 21 -15
right_child=1 15 3 5 13 7 -8 8 10 -11 11 12 19 14 -16 -17 -18 -19 -20 -21 -22 -23
leaf_value=-0.20280202507027481 -0.0044572118420587543 -0.0045890460421010885 0.0014251181450711614 0.010644848918739529 0.0034492576123466056 -0.033306540964578933 -0.00043641956293401213 -9.7373197834853145e-05 0.012802356856229699 0.013396137388035618 -0.0041941644817186088 0.00053122737126869352 -0.00031704857901649621 -0.037140110196985147 0.0021179728026093992 0.21211152961934088 0.00021722322429171758 -0.015355116884667439 -0.00042166306894317459 -0.0045258122227294648 -0.001828856927250406 -6.1774548928220528e-05
leaf_weight=170 43 76 25 23 35 31 20 23 20 31 38 36 20 38 34 22 20 20 28 20 75 24
leaf_count=170 43 76 25 23 35 31 20 23 20 31 38 36 20 38 34 22 20 20 28 20 75 24
internal_value=-0.000126148 0.00105413 0.00185764 0.00250487 0.000577688 0.00435114 0.00833333 0.0033682 0.00484042 0.0107407 0.00246269 0.000263157 0.00289474 -0.00111651 -0.00236842 -0.00261905 -0.00205882 -0.0034127 -0.00403846 -0.0025 -0.00390511 -0.00258065
internal_weight=872 702 576 513 251 262 45 239 188 54 134 114 76 206 171 126 51 63 104 40 137 62
internal_count=872 702 576 513 251 262 45 239 188 54 134 114 76 206 171 126 51 63 104 40 137 62
is_linear=0
shrinkage=0.05


Tree=219
num_leaves=23
num_cat=0
split_feature=31 8 15 36 5 36 40 19 7 36 20 13 37 44 42 42 5 5 15 42 2 34
split_gain=1.51777 0.623427 0.901869 0.757867 1.0947 0.448795 0.584715 0.775371 1.36908 1.09412 0.788373 0.533678 0.613363 0.593503 0.47099 0.957854 0.212121 0.373718 0.131034 0.0793814 0.1 0.0395833
threshold=-0.76830417003134965 -0.34569470153302034 -0.84686008866748941 -0.797564615371264 0.44881061810800849 1.2792448454874921 -0.018897497237882348 -0.6133503958973926 0.42819759041363598 0.0091299685986659298 -1.12882429519695 0.59899291917901587 0.03266259337663964 0.19070401852683869 -0.57904978416301944 -0.87688903415405661 -0.054507263576596084 -0.36424134461327579 1.0000000180025095e-35 -1.4765255308137524 -0.71507766143039453 -0.74866926360534336
decision_type=2 2 2 2 2 2 2 2 2 2 2 2 2 2 2 2 2 2 2 2 2 2
left_child=19 2 -2 -4 16 6 14 8 -8 -10 -9 12 -12 -14 15 18 17 -5 -3 20 -1 -16
right_child=1 5 3 4 -6 -7 7 10 9 -11 11 -13 13 -15 21 -17 -18 -19 -20 -21 -22 -23
leaf_value=-0.40814669351616556 0.013192703056754461 -0.012843887387790435 0.0032976153451974737 -0.00086988692286284338 0.0033755313021481374 -0.0054210001452591767 0.00096795610374973489 0.0014963160915928376 0.23505762790881427 -0.0084540118509514595 -0.026156368743388315 -0.012139928331983055 0.0053708279594015321 -0.00052761393050103638 -0.00021712452995818678 0.0052617484149521908 -0.0048966999264354327 0.00014563288604275295 0.0010316380309559892 -0.094570586963060199 -0.016515219660871158 -0.0017218622890944808
leaf_weight=20 32 38 24 38 24 48 28 28 20 31 28 66 23 32 20 32 42 28 20 154 20 76
leaf_count=20 32 38 24 38 24 48 28 28 20 31 28 66 23 32 20 32 42 28 20 154 20 76
internal_value=-0.000584864 0.000530972 0.00297872 0.00141026 -7.57588e-05 -0.000408164 9.04965e-05 0.00164062 0.00575949 0.000882352 -0.000197741 -0.0016443 0.0010241 0.00409091 -0.00204301 0.000555554 -0.00222222 -0.000454547 -0.00327586 -0.00448454 -0.0025 -0.00447917
internal_weight=872 678 188 156 132 490 442 256 79 51 177 149 83 55 186 90 108 66 58 194 40 96
internal_count=872 678 188 156 132 490 442 256 79 51 177 149 83 55 186 90 108 66 58 194 40 96
is_linear=0
shrinkage=0.05


Tree=220
num_leaves=23
num_cat=0
split_feature=6 35 7 20 43 2 34 45 8 7 17 7 7 2 46 2 8 38 41 35 2 4
split_gain=1.53354 1.15116 0.542536 0.596054 0.648123 0.934357 0.721814 1.82165 2.5827 1.54316 0.689554 0.491386 0.853179 0.473901 0.462645 0.393417 0.380952 0.24503 0.219393 0.150476 0.043865 0.0333333
threshold=-0.86066915928725829 -1.4155531373922223 1.2358348640577115 -1.2616271534554147 0.70825363745065595 1.1252554549900751 0.25769063457317792 0.40047531958483784 0.22211120060350439 -0.91786453232648968 -0.5945283720326725 -0.17753036481942056 -0.042924152545408031 1.0000000180025095e-35 -0.12443132254180948 -0.16481194555716455 0.27372991897955212 1.1135653099254599 2.2211426456159273 0.27797871278095015 -1.1675183611483837 0.15921158975095148
decision_type=2 2 2 2 2 2 2 2 2 2 2 2 2 2 2 2 2 2 2 2 2 2
left_child=20 -2 3 13 5 6 9 8 14 -5 -9 19 -13 -3 -8 21 -17 -4 -6 -11 -1 -14
right_child=1 2 17 4 18 -7 7 10 -10 11 -12 12 15 -15 -16 16 -18 -19 -20 -21 -22 -23
leaf_value=-0.32119737968818374 0.0051112531287307809 0.0002759788666449185 -0.038764089986580125 0.010606628194462816 -0.0076416452927923414 0.0053786313185295587 0.0027517435055187068 0.00013847558716379119 0.0022312393792380735 -0.0090746269295519464 -0.0087968191071866302 0.0065518657491134991 -0.0016373968770454315 -0.00055198793110248481 -0.016068928724142482 0.00086634631161968453 -0.00036769032186509859 0.0030740764565827935 -8.4940668569494142e-05 -2.0911094373817202e-05 -0.1841215139388698 -0.001078923138470614
leaf_weight=20 20 35 63 28 45 37 25 24 31 79 47 31 40 69 23 21 21 26 26 21 143 20
leaf_count=20 20 35 63 28 45 37 25 24 31 79 47 31 40 69 23 21 21 26 26 21 143 20
internal_value=-0.000307264 0.000669398 0.000337077 0.000858747 0.00155106 0.00225446 0.00156934 0.00433333 0.00955696 -1.91583e-05 -0.00147887 -0.00135193 0.000639097 -0.00259616 0.00229167 -0.00156863 0.00214286 -0.00331461 -0.00288733 -0.004 -0.00469325 -0.00416667
internal_weight=895 732 712 623 519 448 411 150 79 261 71 233 133 104 48 102 42 89 71 100 163 60
internal_count=895 732 712 623 519 448 411 150 79 261 71 233 133 104 48 102 42 89 71 100 163 60
is_linear=0
shrinkage=0.05


Tree=221
num_leaves=25
num_cat=0
split_feature=30 4 39 39 33 47 45 35 37 37 0 37 39 9 11 16 4 5 2 45 2 8 46 2
split_gain=1.57285 0.776616 0.754492 0.883325 0.717087 0.958821 1.54462 0.691643 0.58018 0.990815 1.03052 0.762888 0.939716 1.05502 0.536605 0.323296 0.294828 0.278661 0.290865 0.409756 0.240698 0.230488 0.159707 0.043865
threshold=-0.83176336733025091 -0.86449770413569904 0.32754710549827271 -0.13906912769929278 0.70029922965347169 0.2319176999979152 -0.39522574769235758 0.34640424208087628 -0.74219027114277847 -1.0693503694954216 -1.0000000180025095e-35 0.27372792900490311 -0.64996984842233385 0.10393294238981436 1.5021394394394412 0.27467853458562591 -0.21304633529873965 -0.48039162500203064 0.91126323215048544 0.93910373435709327 -0.65393702633336903 -0.13921982802882954 -0.92095279058732227 -1.1675183611483837
decision_type=2 2 2 2 2 2 2 2 2 2 2 2 2 2 2 2 2 2 2 2 2 2 2 2
left_child=23 -2 3 8 5 7 -7 21 9 20 -11 15 16 -14 17 22 -13 -4 -19 -20 -3 -5 -10 -1
right_child=1 2 14 4 -6 6 -8 -9 11 10 -12 12 13 -15 -16 -17 -18 18 19 -21 -22 -23 -24 -25
leaf_value=-0.30513751070377443 0.00084662472186964254 0.00021788871982844906 0.00018166317799740532 0.0039128602885865425 -0.0027425087407947908 0.011875537633836655 0.00024306358097077579 0.002540904981634156 -0.0002200679406057593 0.0072238885138698698 2.8437838425632953e-05 0.0061289468475231425 0.0034453080616430286 -9.5579996645534413e-05 0.10773753485251561 0.00015843459732146949 -0.0017838750248250481 -0.0028192966024764244 0.0054331754365793648 -0.026166380873557056 -0.013427322445453636 -0.0014733344822615412 -0.0042850901689098185 -0.17491543824192668
leaf_weight=20 24 20 20 20 24 20 31 20 21 20 22 20 35 26 26 31 38 120 20 21 23 21 109 143
leaf_count=20 24 20 20 20 24 20 31 20 21 20 22 20 35 26 26 31 38 120 20 21 23 21 109 143
internal_value=-0.000251398 0.000737704 0.000437852 0.00148702 0.00492647 0.00660714 0.0116667 0.00237705 0.000205478 0.00382353 0.00928571 -0.000892858 0.00214286 0.00647541 -0.00210145 -0.00313665 -0.00241379 -0.0030663 -0.00375777 -0.000121952 -0.00151163 -0.00134146 -0.00423077 -0.00469325
internal_weight=895 732 708 501 136 112 51 61 365 85 42 280 119 61 207 161 58 181 161 41 43 41 130 163
internal_count=895 732 708 501 136 112 51 61 365 85 42 280 119 61 207 161 58 181 161 41 43 41 130 163
is_linear=0
shrinkage=0.05


Tree=222
num_leaves=28
num_cat=0
split_feature=6 42 4 21 17 40 36 11 41 38 0 43 5 42 43 43 19 11 8 6 18 34 17 2 4 2 4
split_gain=1.57285 1.1379 0.836513 0.499467 0.415402 0.490645 0.634936 0.858071 0.886658 0.836563 0.478892 0.669097 0.625009 0.523862 1.44668 0.59407 0.393939 0.35331 0.349851 0.511325 0.232464 0.343137 0.114894 0.043865 0.033871 0.0291667 0.0291667
threshold=-0.86066915928725829 -1.4765255308137524 -0.86449770413569904 1.0000000180025095e-35 1.4506077610903556 1.4516163313014461 0.85015198167369943 0.85815554519902371 0.42803270979744584 1.1135653099254599 0.74914607737310757 -0.69527144735061153 -0.71269218577954041 -0.27923153583317134 -0.41995618829505421 -0.3309631198923571 -0.6133503958973926 1.0000000180025095e-35 -0.035982391276734159 -0.16354701715047482 -0.58622960087693643 0.41120316141396929 0.087183672341670057 -1.1675183611483837 0.34534055227579702 0.66670069176238322 -0.21304633529873965
decision_type=2 2 2 2 2 2 2 2 2 2 2 2 2 2 2 2 2 2 2 2 2 2 2 2 2 2 2
left_child=23 -2 -3 4 5 6 9 8 -8 10 11 -4 -13 14 16 17 -14 -15 19 22 -17 -22 -12 -1 -5 -7 -6
right_child=1 2 3 24 26 25 7 -9 -10 -11 18 12 13 15 -16 20 -18 -19 -20 -21 21 -23 -24 -25 -26 -27 -28
leaf_value=-0.28988063516858509 0.007098672817403371 0.00080429348577596912 0.0089858452228567757 -0.0013135144549134858 -0.00084440061481854127 -0.0068995536828489988 0.0039320947531328206 -0.0045661150602902077 -0.00067903577983384879 0.049738600156998963 -0.056087938658552876 -0.0033698209765841858 0.0013500669007603175 0.00022214182184982363 0.0021289195989841903 -0.0098968573837319995 -0.003819301022678689 0.00045469979615453643 -0.00024269748559905716 0.00014543044689593307 0.00032524605891100255 -0.0030857236590930565 -0.041218129389446828 -0.16616966632983043 -0.024761255383405872 -0.00079739592047426637 -0.0013660697895383957
leaf_weight=20 20 24 20 20 20 28 39 23 20 29 27 43 22 20 34 46 26 21 67 22 30 21 20 143 42 20 28
leaf_count=20 20 24 20 20 20 28 39 23 20 29 27 43 22 20 34 46 26 21 67 22 30 21 20 143 42 20 28
internal_value=-0.000251398 0.000737704 0.000407302 8.72081e-05 0.000511181 0.000882352 0.00132075 0.00536585 0.00855932 0.000580356 1.1932e-05 0.00118374 0.000513307 0.00159091 0.0047561 -0.000289856 -0.000833335 0.0047561 -0.00242647 7.24626e-05 -0.00242268 -9.80404e-05 -0.00287234 -0.00469325 -0.00419355 -0.00395833 -0.00395833
internal_weight=895 732 712 688 626 578 530 82 59 448 419 283 263 220 82 138 48 41 136 69 97 51 47 163 62 48 48
internal_count=895 732 712 688 626 578 530 82 59 448 419 283 263 220 82 138 48 41 136 69 97 51 47 163 62 48 48
is_linear=0
shrinkage=0.05


Tree=223
num_leaves=25
num_cat=0
split_feature=6 42 39 39 47 35 33 42 40 33 44 46 40 46 39 39 39 34 36 2 37 2 38 4
split_gain=1.4564 1.1779 0.664108 1.1484 1.15112 0.716824 0.733384 1.07821 0.634615 0.509766 0.455045 0.550661 0.81 0.75 0.773752 0.379082 0.316131 0.260427 0.160784 0.159715 0.138462 0.043865 0.042126 0.0295918
threshold=-0.86066915928725829 -1.4765255308137524 0.32754710549827271 0.14706986095240651 0.2319176999979152 -0.4575957271932562 -0.28880516367671905 -0.025919748465378669 -0.48842998284166778 2.0475276274652834 -0.50644979067256857 0.26770232326521226 -0.14788993833782349 -0.36951485117119798 -0.54140648875751818 -0.30043683644052338 -0.16897452010235259 -0.7827831584588526 -0.84905575902891905 0.91126323215048544 -0.13952693207211994 -1.1675183611483837 -0.20334170227944279 1.0000000180025095e-35
decision_type=2 2 2 2 2 2 2 2 2 2 2 2 2 2 2 2 2 2 2 2 2 2 2 2
left_child=21 -2 3 5 -5 16 7 8 -7 17 23 12 -12 -14 -15 20 18 -4 -3 22 -13 -1 -19 -8
right_child=1 2 9 4 -6 6 10 -9 -10 -11 11 15 13 14 -16 -17 -18 19 -20 -21 -22 -23 -24 -25
leaf_value=-0.27538660341015647 0.0067437391765337671 -0.0032222335213196356 4.9193881117693383e-05 -0.00026350454001320588 0.0044950247292682129 0.00045733093894481853 -0.015307449861262944 0.0020280809131804421 -0.024969577201326355 0.086647622495285681 -0.0071000608850981198 -0.0030118543167937301 -0.00041418742142999734 0.0032206016805908103 0.0063888036573369784 0.00061649226762923416 0.00071106755717396009 -0.00067750115404033751 -0.0002606931439824824 -0.00039120305007698695 -0.0018801837636326691 -0.15786118301333865 -0.0045822464141033002 -0.013535835428818083
leaf_weight=20 20 20 21 21 27 26 29 30 22 27 20 20 30 27 23 30 29 20 82 36 45 143 107 20
leaf_count=20 20 20 21 21 27 26 29 30 22 27 20 20 30 27 23 30 29 20 82 36 45 143 107 20
internal_value=-0.000418996 0.000532786 0.000196628 0.00118762 0.00854167 0.000408387 0.00167702 0.00589743 0.00125 -0.0021564 0.000327868 0.00141026 0.004 0.00625 0.01 -0.00131579 -0.00270992 -0.00309783 -0.00401961 -0.00377301 -0.00346154 -0.00469325 -0.0046063 -0.00397959
internal_weight=895 732 712 501 48 453 322 78 48 211 244 195 100 80 50 95 131 184 102 163 65 163 127 49
internal_count=895 732 712 501 48 453 322 78 48 211 244 195 100 80 50 95 131 184 102 163 65 163 127 49
is_linear=0
shrinkage=0.05


Tree=224
num_leaves=26
num_cat=0
split_feature=6 42 44 8 13 12 0 36 35 45 45 14 14 19 35 34 34 37 44 35 13 0 2 5 2
split_gain=1.57285 0.7056 0.604463 0.517658 0.776316 1.23934 0.787099 1.27116 0.575831 0.793238 2.10297 0.5 0.474052 0.553898 0.802287 0.394652 0.473485 0.330882 0.416788 0.27 0.158678 0.324476 0.043865 0.0376543 0.0336066
threshold=-0.86066915928725829 -1.4765255308137524 -1.2525266742017587 -0.81026316691744971 -0.20112437444706763 0.38921393734185333 -1.0000000180025095e-35 -0.19683460603195446 -0.57734040346812698 -0.38298419281116997 -0.64005684531610996 1.0000000180025095e-35 0.36312008047820415 1.0000000180025095e-35 0.38061700673083937 0.20651979229291409 0.99113937392362572 -0.12230797952724398 0.14178094419705575 -0.16678722766856999 0.59899291917901587 -1.0000000180025095e-35 -1.1675183611483837 0.46816899817280094 -0.70284953441098941
decision_type=2 2 2 2 2 2 2 2 2 2 2 2 2 2 2 2 2 2 2 2 2 2 2 2 2
left_child=22 -2 -3 24 5 6 7 -5 23 10 19 -7 13 15 -15 -11 -17 -8 -19 -10 21 -14 -1 -6 -4
right_child=1 2 3 4 8 11 17 -9 9 12 -12 -13 20 14 -16 16 -18 18 -20 -21 -22 -23 -24 -25 -26
leaf_value=-0.26161727323964801 0.0064065522177073593 0.00070740090803727207 -0.00017889127218358237 0.0053238563148978544 -0.00023444145747245098 0.00078637699787340682 -0.002074910234755715 -0.00041105225819592413 5.4189441884003671e-05 -0.00144575225148207 0.0030029721359539543 0.00146200404695595 0.0017307743425424836 0.0013878883901715957 -0.028229954227342188 0.0033659568841867848 -0.0039354641685169119 -0.018325788252704991 0.002894451292470672 -0.0067471609742742718 -0.003761668973772005 -0.002075964728899544 -0.14996812386267103 -0.00068120029643869539 -0.028014040829006565
leaf_weight=20 20 22 20 27 61 25 45 36 20 41 34 25 26 29 20 20 24 28 23 30 66 29 143 20 41
leaf_count=20 20 22 20 27 61 25 45 36 20 41 34 25 26 29 20 20 24 28 23 30 66 29 143 20 41
internal_value=-0.000251398 0.000737704 0.000477527 0.00021739 0.000643878 0.00313397 0.000974842 0.00531746 -0.000595239 0.000309733 0.00452381 0.01 -0.00107843 0.000970148 0.00520408 -0.00147059 0.00181818 -0.001875 0.000882352 -0.002 -0.00334711 -0.00136364 -0.00469325 -0.00438272 -0.00418033
internal_weight=895 732 712 690 629 209 159 63 420 339 84 50 255 134 49 85 44 96 51 50 121 55 163 81 61
internal_count=895 732 712 690 629 209 159 63 420 339 84 50 255 134 49 85 44 96 51 50 121 55 163 81 61
is_linear=0
shrinkage=0.05


Tree=225
num_leaves=26
num_cat=0
split_feature=30 39 4 10 17 47 7 7 20 42 14 46 36 36 34 13 5 35 13 15 5 36 5 46 0
split_gain=1.37033 0.764722 0.665877 1.25679 0.662522 1.03234 0.538562 0.800739 0.926665 0.92973 0.544045 0.532303 0.526756 0.689068 0.45873 0.456831 1.08371 0.380952 0.21523 0.427907 0.134426 0.127604 0.1 0.0402913 2.22045e-16
threshold=-0.96772349418990122 0.6527803213112765 -0.58530426034843075 -0.31314508072831471 1.2233704129655745 1.0000000180025095e-35 0.63010690882465481 -0.1102272586824143 -1.0624228660677175 0.70927813440286258 -0.85892579937065439 -0.78615684984115852 -0.19683460603195446 -0.67741861350340205 -0.25401778822946008 -0.20112437444706763 -0.11258240377097353 -0.11546808069362539 0.39896359577249502 0.71607245890455262 -0.94499274655705012 -0.6430911843982986 0.081001396876951293 -0.29598979258238139 0.74914607737310757
decision_type=2 2 2 2 2 2 2 2 2 2 2 2 2 2 2 2 2 2 2 2 2 2 2 2 2
left_child=24 2 3 -2 6 17 7 10 -9 12 14 -3 13 -10 -4 16 20 -6 19 -8 -12 -13 -5 -23 -1
right_child=1 11 4 22 5 -7 18 8 9 -11 15 21 -14 -15 -16 -17 -18 -19 -20 -21 -22 23 -24 -25 -26
leaf_value=-0.54441783067143534 0.0033097358469027487 0.21086882105502647 0.0010501095609215978 0.0002147783160880211 -0.013632232838627155 0.0020983302239173467 -0.00074709905363047689 0.0010912644591931596 -0.0013023903184443517 0.0010194152166017685 -0.010846998817885783 -1.6494368691088996e-05 -0.00024184127083280452 0.011965698858998793 -0.00418460020207109 -0.012867052161829151 0.0047514441409345744 0.00026841711215269654 -0.0071483261341859679 0.0030630192723664867 -0.023549680361952957 -0.00047865999202721459 -0.013364616777853684 -0.004481818709759138 -0.74034696700173475
leaf_weight=91 33 20 21 20 21 37 23 39 25 38 20 21 45 21 24 81 25 21 59 20 41 20 20 83 30
leaf_count=91 33 20 21 20 21 37 23 39 25 38 20 21 45 21 24 81 25 21 59 20 41 20 20 83 30
internal_value=-5.00568e-05 0.000719793 0.00146688 0.0059589 0.000882352 0.00512658 0.000186721 0.00105263 0.00363095 0.00158915 -0.000990567 -0.00256945 -0.00115385 0.00260869 0.00388889 -0.00230539 0.000232557 -0.000238096 -0.00303922 -0.000348838 -0.00336066 -0.00379032 -1.19209e-09 -0.00451456 -0.005
internal_weight=899 778 634 73 561 79 482 380 168 129 212 144 91 46 45 167 86 42 102 43 61 124 40 103 121
internal_count=899 778 634 73 561 79 482 380 168 129 212 144 91 46 45 167 86 42 102 43 61 124 40 103 121
is_linear=0
shrinkage=0.05


Tree=226
num_leaves=27
num_cat=0
split_feature=6 18 12 36 7 47 14 2 0 3 39 8 16 14 33 34 12 0 10 10 41 3 13 2 7 0
split_gain=1.49628 0.956027 0.914509 0.953014 0.786373 1.21499 0.90646 0.901953 0.774807 0.623383 0.577706 0.937662 0.783718 0.49 0.473684 0.41957 0.386542 0.640244 0.36 0.280189 0.181759 0.136033 0.134426 0.0401961 0.0382353 2.22045e-16
threshold=-0.94780942705435633 0.28359121486465527 -0.39206532149820422 1.0389528417517682 -0.37943968323043936 0.2319176999979152 -0.45157717275436821 0.23871624608320416 -0.74914607737310734 0.2319176999979152 0.19385852624821404 -0.39731341990906804 -0.23802423670314002 -0.45157717275436821 0.95610208999748658 -0.32224557793647846 -0.65249174111155672 0.74914607737310757 -0.12178349250515719 0.16525888982957918 -0.79589248128362999 -0.6742562721864499 0.59899291917901587 -0.5194276291199128 0.7647131210986674 0.74914607737310757
decision_type=2 2 2 2 2 2 2 2 2 2 2 2 2 2 2 2 2 2 2 2 2 2 2 2 2 2
left_child=25 2 8 4 5 15 22 9 18 -8 11 12 13 -3 20 -4 -10 -18 -2 -11 -13 -12 -6 -23 -22 -1
right_child=1 10 3 -5 6 -7 7 -9 16 19 21 14 -14 -15 -16 -17 17 -19 -20 -21 24 23 -24 -25 -26 -27
leaf_value=-0.51719693913786291 0.0059684687116296799 0.0041531474089767269 -0.0070498651411696261 0.00066915400237103505 -0.00023950282642290109 0.022989919517964221 0.0040363918101617878 0.00064977288017647463 -0.014770579279642707 -0.0095459228700024348 -0.0018188037272664098 -0.0011664691638610728 0.0059862449695460094 -0.015069294985238627 0.00076073431368276314 0.00071752972561541341 0.0007128439104241097 -0.00046835508223448956 -0.0021149304046934807 7.5864775133153712e-05 -0.0045821070477245623 -0.0029681706380864435 9.3105114975807111e-06 -0.02733282725481806 -0.0036181111382604897 -0.70332961865164834
leaf_weight=91 25 20 21 24 41 29 35 39 71 33 20 29 22 25 36 20 20 21 20 20 65 20 20 82 20 30
leaf_count=91 25 20 21 24 41 29 35 39 71 33 20 29 22 25 36 20 20 21 20 20 65 20 20 82 20 30
internal_value=0.000172413 0.000976863 0.00251708 0.00421986 0.00333333 0.00785714 0.00164893 0.00405512 -0.000541402 0.00125 -0.0010177 0.000529953 0.00544776 0.00166667 -0.00166667 0.00231707 -0.00276786 0.00109756 0.005 -0.00216981 -0.00324562 -0.00377049 -0.00336066 -0.00450981 -0.00441177 -0.005
internal_weight=899 778 439 282 258 70 188 127 157 88 339 217 67 45 150 41 112 41 45 53 114 122 61 102 85 121
internal_count=899 778 439 282 258 70 188 127 157 88 339 217 67 45 150 41 112 41 45 53 114 122 61 102 85 121
is_linear=0
shrinkage=0.05


Tree=227
num_leaves=26
num_cat=0
split_feature=6 35 39 38 47 36 34 20 15 4 39 13 20 4 41 11 7 2 36 44 2 17 40 20 0
split_gain=1.62776 1.55173 1.01877 1.11581 0.965161 1.00534 0.953602 0.632284 0.701734 0.589312 0.735869 0.912777 1.41832 0.720979 0.622241 0.45873 0.414566 0.409408 0.389773 0.251724 0.4 0.4 0.190323 0.136422 2.22045e-16
threshold=-0.94780942705435633 -1.4326595197172038 0.60924216577533341 -0.82750075493905784 1.1380916721822807 0.33524054509714835 -0.88512484301938021 -1.5936342991015764 -1.0701361668920668 0.25227607101337429 -0.13203421341744279 -0.20112437444706763 0.86321857868002072 1.0000000180025095e-35 -0.23673057431478048 1.0000000180025095e-35 -0.58134900164145809 0.0063818327145069957 0.85015198167369943 0.34970401009863339 -0.53165575613931781 0.087183672341670057 -0.055015380745865837 1.1288242951969505 0.74914607737310757
decision_type=2 2 2 2 2 2 2 2 2 2 2 2 2 2 2 2 2 2 2 2 2 2 2 2 2
left_child=24 -2 3 16 6 15 -5 -8 -9 10 11 12 -10 17 -15 -6 -3 -13 22 20 -4 -22 -12 -11 -1
right_child=1 2 19 4 5 -7 7 8 9 23 18 13 -14 14 -16 -17 -18 -19 -20 -21 21 -23 -24 -25 -26
leaf_value=-0.49133709218096916 0.00094084693474940804 0.0022812857449770389 -0.021596155786466766 0.010948883732343918 0.011068989802822274 0.0029416384688682436 0.00085598716569252123 0.00088519845100387532 0.00048176050097461891 -0.0031174627776133085 -2.7862538464805227e-05 0.0014984165572681611 0.0025689586315534381 6.2792677767545854e-05 0.0021278450504985838 -0.0012154675997221526 -0.0066773050428703025 -0.00890579035482565 0.00027770981857047167 -0.0046110289383491281 0.033937836342976979 -0.0037678562968660131 -0.0021169709822100001 -0.007641933155340847 -0.66816313771906577
leaf_weight=91 24 28 32 20 21 23 20 25 39 53 31 35 21 26 20 24 74 47 22 73 20 20 59 21 30
leaf_count=91 24 28 32 20 21 23 20 25 39 53 31 35 21 26 20 24 74 47 22 73 20 20 59 21 30
internal_value=0.000394882 0.00123393 0.000835543 0.00173235 0.00269231 0.00823529 0.00183371 0.00132458 0.000889723 0.000347592 0.00133333 0.00324468 0.00833333 0.000859374 0.00586956 0.00388889 -0.00303922 -0.00195122 -0.001875 -0.00293104 -0.000833335 0.0025 -0.00333333 -0.00364865 -0.005
internal_weight=899 778 754 609 507 68 439 419 399 374 300 188 60 128 46 45 102 82 112 145 72 40 90 74 121
internal_count=899 778 754 609 507 68 439 419 399 374 300 188 60 128 46 45 102 82 112 145 72 40 90 74 121
is_linear=0
shrinkage=0.05


Tree=228
num_leaves=30
num_cat=0
split_feature=6 35 39 4 46 34 42 46 43 38 0 7 7 2 46 40 17 45 17 40 39 43 42 15 17 2 20 0 0
split_gain=1.76477 1.48864 1.22444 0.792131 1.17123 1.52035 1.85911 1.15346 0.680922 0.725628 0.727706 1.07143 1.42545 2.12121 0.760563 0.865243 0.645 0.608009 0.416441 0.4 0.240698 0.211892 0.389838 0.183943 0.444444 0.118367 0.0391304 0.03 2.22045e-16
threshold=-0.94780942705435633 -1.4326595197172038 0.6527803213112765 -0.39917529782358513 -0.62685255623205594 0.63294347796177908 -0.062531217733380245 0.15741473538198739 0.88867950235223991 -0.97839635008753645 0.74914607737310757 0.56280380268764862 -0.1102272586824143 0.48327878647130645 0.27995649969668174 -0.27172268179376674 0.087183672341670057 -0.040220656137916581 -1.1626217423446246 -0.69481788860157379 -0.38680300184854488 -0.45248636486866733 -0.11299567537305759 0.93934853712913002 0.42803969452884144 0.55664754858773724 -1.0624228660677175 -1.0000000180025095e-35 0.74914607737310757
decision_type=2 2 2 2 2 2 2 2 2 2 2 2 2 2 2 2 2 2 2 2 2 2 2 2 2 2 2 2 2
left_child=28 -2 3 4 20 6 -6 -8 9 27 11 12 14 17 15 19 -13 -14 -12 -11 -3 -20 -23 26 -25 -24 -4 -5 -1
right_child=1 2 23 8 5 -7 7 -9 -10 10 18 16 13 -15 -16 -17 -18 -19 21 -21 -22 22 25 24 -26 -27 -28 -29 -30
leaf_value=-0.46677023757192065 0.00089380458801173891 0.0054193189211392163 -0.0038416807231786403 -0.00093883675207836732 0.00010308744176820748 -0.01379815126445607 0.010784958915219314 0.0015641932817270134 -0.0039439264162961811 0.0037751426712504168 0.00012854064587414259 -0.0045447461651388008 0.010156455959042177 0.00045989802972686212 -0.0017653474424386495 0.0015352452699947093 0.00011849916548666374 0.00065278861877128482 -0.0015457747746006447 -0.052582325229117127 -0.051725519266821653 0.0015895785006512404 -0.018157301090217466 0.032240944525827285 -0.043523726549647597 3.3608353384428742e-05 -0.010519388140353742 -0.01392100306285698 -0.63475498083311266
leaf_weight=91 24 20 20 20 32 23 20 22 42 20 24 43 22 35 27 31 32 20 36 20 23 26 29 20 25 20 72 30 30
leaf_count=91 24 20 20 20 32 23 20 22 42 20 24 43 22 35 27 31 32 20 36 20 23 26 29 20 25 20 72 30 30
internal_value=0.000617351 0.001491 0.00110079 0.00205024 0.00535714 0.00840206 0.0118919 0.0188095 0.00107966 0.00166667 0.0024026 0.004 0.00614286 0.0112338 0.00214286 0.00485915 -0.001 0.0188095 -0.000555557 -1.19209e-09 -0.00151163 -0.00184685 -0.000333335 -0.00317518 -0.000555557 -0.00295918 -0.00445652 -0.004 -0.005
internal_weight=899 778 754 617 140 97 74 42 477 435 385 250 175 77 98 71 75 42 135 40 43 111 75 137 45 49 92 50 121
internal_count=899 778 754 617 140 97 74 42 477 435 385 250 175 77 98 71 75 42 135 40 43 111 75 137 45 49 92 50 121
is_linear=0
shrinkage=0.05


Tree=229
num_leaves=26
num_cat=0
split_feature=31 41 0 34 37 16 2 20 2 20 40 5 46 17 36 44 12 16 44 9 15 14 37 7 7
split_gain=1.13843 1.12567 1.76939 1.39342 0.740266 0.845699 0.957045 0.86094 1.08281 0.749943 0.673997 0.979526 1.06107 0.772947 0.531401 0.406349 0.378866 0.862774 0.452395 0.36478 0.299931 0.217602 0.197138 0.136553 0.244898
threshold=-1.1067532738715262 -0.87927590280129342 0.74914607737310757 -0.2710747356562147 -1.3620725627583128 -0.14687707736291497 -0.75176204248860989 0.066401429129232373 -0.67839328037217916 0.066401429129232373 0.62950450669115454 0.31330195765446112 0.40249826401137601 -0.36729102390789165 -0.059524889611540878 -0.44529594776033987 -0.13163890188485169 0.20631816508045711 -0.090603658869413392 0.10393294238981436 -1.0701361668920668 -0.45157717275436821 0.80751545789605783 -0.042924152545408031 0.22628827200261711
decision_type=2 2 2 2 2 2 2 2 2 2 2 2 2 2 2 2 2 2 2 2 2 2 2 2 2
left_child=-1 2 3 -2 -3 6 9 8 -7 15 11 12 13 -10 -15 -6 17 -9 -18 -13 -8 -11 -20 -22 -25
right_child=1 4 -4 -5 5 7 20 16 10 21 -12 19 -14 14 -16 -17 18 -19 22 -21 23 -23 -24 24 -26
leaf_value=-0.78119306431428415 0.0027449154438945866 0.0019051372471501184 -0.0090250825818919914 0.0036536751364853043 0.010360496782928153 -0.00026558748584002041 -0.00063141075443780249 -0.019468805485151338 0.0013325062576267034 -0.00035410236223943004 0.0015060447626965463 0.00016103841219196671 0.0067727349637516504 0.00033108601301036727 -0.0030702889832500534 0.0035024839358617273 0.0006177156246294414 0.0056025266044105841 -0.0050751674103880979 -0.00042167052484379849 -0.031951842919192515 -0.021976200005671659 -0.00018903999724326356 2.3096178194152129e-05 -0.026839318835177862
leaf_weight=85 29 20 21 20 24 38 34 26 24 22 32 24 20 23 22 21 39 23 75 29 142 25 32 21 28
leaf_count=85 29 20 21 20 24 38 34 26 24 22 32 24 20 23 22 21 39 23 75 29 142 25 32 21 28
internal_value=0.000506117 0.00108108 0.00714286 0.0123469 0.000510751 0.000248618 -0.0016877 0.00175676 0.00396226 0.00260869 0.00563218 0.00415493 0.00735955 0.00442029 0.000555554 0.00722222 -0.000641027 0.00316326 -0.00191781 -0.00122642 -0.00344445 -0.00180851 -0.00359813 -0.00421466 -0.00193878
internal_weight=899 814 70 49 744 724 317 407 212 92 174 142 89 69 45 45 195 49 146 53 225 47 107 191 49
internal_count=899 814 70 49 744 724 317 407 212 92 174 142 89 69 45 45 195 49 146 53 225 47 107 191 49
is_linear=0
shrinkage=0.05


Tree=230
num_leaves=26
num_cat=0
split_feature=30 7 35 41 0 14 42 40 30 48 31 17 5 35 10 41 12 35 42 39 49 3 34 4 0
split_gain=1.82151 1.80465 1.5915 1.29792 0.914286 0.91893 1.54173 1.00676 0.852459 1.29327 1.20199 1.03732 0.595238 0.509133 0.466667 0.419048 0.409505 0.397783 0.635552 0.819493 0.163225 0.0764099 0.040099 0.0392473 2.22045e-16
threshold=-0.96772349418990122 0.83201622723567381 -1.2615956964673884 -0.46678949085833593 0.74914607737310757 0.77046870709449045 -0.049667728531109324 -0.63978111373226498 -0.15196273303199975 -1.1273432582786325 1.0000000180025095e-35 1.2233704129655745 -0.75140894590912533 0.79117018253039639 0.069578095718000374 -0.66611372707862559 -0.13163890188485169 0.089808507206153118 0.27389849986446901 0.37651657034085462 -0.6747314249098697 0.2319176999979152 -0.12182644567211197 0.15921158975095148 0.74914607737310757
decision_type=2 2 2 2 2 2 2 2 2 2 2 2 2 2 2 2 2 2 2 2 2 2 2 2 2
left_child=24 2 -2 4 5 6 7 12 17 -10 -11 13 -4 16 -15 -6 -12 21 19 -19 -3 -5 -22 -18 -1
right_child=1 20 3 8 15 -7 -8 -9 9 10 11 -13 -14 14 -16 -17 23 18 -20 -21 22 -23 -24 -25 -26
leaf_value=-0.4367670222805754 0.005091632080577238 -0.00085042973552008807 0.001768671623155289 -0.04294729649310839 -0.053242251888509673 -0.0036944908748025433 0.0025494138175978995 -0.0027685958375189487 0.0077634997159364109 0.00063440425601204238 4.8016940671005989e-05 0.0017087474269309338 0.0098325958613250386 -0.0016157049596564454 0.0010276596338870045 0.0010609795291810157 -0.001688592105780213 0.005690504100957435 -0.093963087770681172 -0.030914262554999163 -0.05911368337696285 -0.0093453217642526318 -0.0045641042590646693 -0.00015062627275777966 -0.53884605018398035
leaf_weight=89 32 33 21 63 22 23 33 22 24 23 37 28 21 20 28 20 73 26 29 22 20 34 81 20 26
leaf_count=89 32 33 21 63 22 23 33 22 24 23 37 28 21 20 28 20 73 26 29 22 20 34 81 20 26
internal_value=0.000862068 0.00175497 0.0028905 0.00230051 0.00611111 0.00833333 0.0104639 0.0059375 0.0008548 0.00270751 0.00155022 0.000339805 0.0104762 -0.00106742 0.00333333 -0.000238096 -0.00269231 -0.00183908 0.000844155 0.004375 -0.00350746 -0.00396907 -0.00450495 -0.00446237 -0.005
internal_weight=870 755 621 589 162 120 97 64 427 253 229 206 42 178 48 42 130 174 77 48 134 97 101 93 115
internal_count=870 755 621 589 162 120 97 64 427 253 229 206 42 178 48 42 130 174 77 48 134 97 101 93 115
is_linear=0
shrinkage=0.05


Tree=231
num_leaves=27
num_cat=0
split_feature=30 41 34 34 49 36 41 34 8 9 39 38 5 2 7 4 48 2 7 39 15 46 44 44 2 0
split_gain=1.8574 1.52897 1.43447 1.07433 1.874 0.903124 0.667998 0.687465 0.94761 1.07888 0.85966 1.07249 1.6 0.684643 0.625 0.471154 0.918478 0.541806 0.453477 0.317588 0.484749 0.308337 0.142029 0.039899 0.0287234 2.22045e-16
threshold=-0.96772349418990122 -0.78917105849296187 0.53060179340125158 0.25769063457317792 0.23152548893966207 -0.52294518253043665 0.90808038676108505 -0.049334419108404935 0.48020479248374298 0.10393294238981436 0.44462779017779835 -0.32680173467365237 -0.054507263576596084 0.10420684886974792 0.22628827200261711 0.15921158975095148 0.2319176999979152 -0.71507766143039453 -0.5140458955044519 0.19712995882914255 -0.40030793221833455 0.059381323930231954 0.4964732330879823 1.2792424223645098 0.01860995973391211 0.74914607737310757
decision_type=2 2 2 2 2 2 2 2 2 2 2 2 2 2 2 2 2 2 2 2 2 2 2 2 2 2
left_child=25 5 3 6 -5 -2 7 8 10 -10 11 13 -13 15 -7 16 17 -3 -9 20 -4 -22 -20 -21 -12 -1
right_child=1 2 19 4 -6 14 -8 18 9 -11 24 12 -14 -15 -16 -17 -18 -19 22 23 21 -23 -24 -25 -26 -27
leaf_value=-0.41492867116654653 0.0036592744762638726 0.0025445495541695424 0.00024470931828886989 0.0031034937789027246 -3.4904146926511305e-05 0.0051084048863381864 -0.0445300466984037 0.0028431537350830185 0.0025864738337446195 0.00074657923682424862 -0.006714742124104018 0.0028900346775963723 -0.0091791631138730297 -0.035388481162306876 0.0008277333128305491 -0.010399903688106008 -0.00093537844377258861 0.0038780319618324302 -0.0033305760813078229 -0.0036135270218789111 0.00015660891970851448 -0.0066739908930248774 -0.0011302695168594109 -0.0066854396662228508 -0.012864678681645503 -0.51190374767478086
leaf_weight=89 33 23 23 35 32 20 35 20 25 22 27 36 24 34 20 32 23 26 49 79 31 46 20 20 20 26
leaf_count=89 33 23 23 35 32 20 35 20 25 22 27 36 24 34 20 32 23 26 49 79 31 46 20 20 20 26
internal_value=0.000919539 0.00182119 0.00108504 0.00255693 0.00843283 0.00869863 0.00161058 0.00221785 0.00339041 0.00989362 0.00214286 0.00358586 0.00916667 0.00115942 0.01375 0.00317308 0.00541667 0.00928571 -0.00162921 -0.00248744 -0.000500001 -0.0024026 -0.00355073 -0.00449495 -0.00393617 -0.005
internal_weight=870 755 682 483 67 73 416 381 292 47 245 198 60 138 40 104 72 49 89 199 100 77 69 99 47 115
internal_count=870 755 682 483 67 73 416 381 292 47 245 198 60 138 40 104 72 49 89 199 100 77 69 99 47 115
is_linear=0
shrinkage=0.05


Tree=232
num_leaves=27
num_cat=0
split_feature=31 41 34 46 34 49 34 39 40 37 36 41 5 46 49 13 34 19 39 18 36 46 5 5 33 5
split_gain=1.20395 1.06645 1.10528 1.02361 0.792506 1.76371 1.00862 1.00761 0.966539 0.935123 0.956098 0.616837 1.09854 0.836269 0.477977 0.641316 0.426055 0.423955 0.33201 0.567291 0.324813 0.1375 0.132203 0.125926 0.0393617 0.0357143
threshold=-1.1067532738715262 -0.90754259689328343 0.53060179340125158 -0.54107332121176999 0.25769063457317792 0.23152548893966207 0.10417810773238646 -0.85962704500664178 0.45063498836590316 0.80751545789605783 -0.84905575902891905 -0.29719915354932175 -0.48039162500203064 -0.12443132254180948 1.0000000180025095e-35 -0.80121234466663016 -0.2710747356562147 -0.6133503958973926 0.23541246728216239 0.86347175869238313 0.043457397703769336 0.16966891181345684 -0.84820084623308778 -0.1512991639005585 1.7405641950524655 -0.92563436649225761
decision_type=2 2 2 2 2 2 2 2 2 2 2 2 2 2 2 2 2 2 2 2 2 2 2 2 2 2
left_child=-1 16 3 14 6 -6 7 -5 9 10 -9 12 -12 -13 25 -16 -2 -17 19 20 -4 -21 -19 -15 -20 -3
right_child=1 2 18 4 5 -7 -8 8 -10 -11 11 13 -14 23 15 17 -18 22 24 21 -22 -23 -24 -25 -26 -27
leaf_value=-0.69220085745591531 0.0050023167328419344 -0.00064642764581814428 -0.0016941013658360955 -0.017663181696605783 0.0032906699269183563 -7.0568732758797452e-06 -0.0034956915968473862 0.0019794333133794579 -0.00043566025886396367 0.0020882973556195974 -0.0046966296417579262 0.0013461408756443604 0.0041747197934995815 -0.019843550342714084 0.0082518257460412192 0.00039248777595017191 0.0025800973032680894 -0.0085923455308789549 -0.014067866653524727 -0.0045440630063704043 0.00023247385237482434 -0.0026907882684395652 -0.0039087708258903143 -0.0010737560410162214 -0.10111858156703862 -0.0052519644565825934
leaf_weight=84 22 20 22 30 32 30 39 20 39 28 25 28 37 34 22 27 21 20 74 20 23 44 39 20 20 50
leaf_count=84 22 20 22 30 32 30 39 20 39 28 25 28 37 34 22 27 21 20 74 20 23 44 39 20 20 50
internal_value=0.000689654 0.00129771 0.000854642 0.00203704 0.00356353 0.00870968 0.0025 0.00362069 0.00474026 0.00619792 0.0047561 0.00333333 0.00709677 0.000487804 -0.00106742 0.00101852 0.00895349 -0.000930234 -0.00229064 -0.000412845 0.00388889 -0.0034375 -0.00330509 -0.00314815 -0.00446809 -0.00428572
internal_weight=870 786 743 540 362 62 300 261 231 192 164 144 62 82 178 108 43 86 203 109 45 64 59 54 94 70
internal_count=870 786 743 540 362 62 300 261 231 192 164 144 62 82 178 108 43 86 203 109 45 64 59 54 94 70
is_linear=0
shrinkage=0.05


Tree=233
num_leaves=28
num_cat=0
split_feature=6 43 5 5 37 37 2 41 13 14 43 19 39 39 2 46 46 2 33 33 39 40 3 5 4 5 0
split_gain=1.71594 1.22504 1.15042 1.44276 1.23731 1.0126 1.56991 3.36111 0.781131 0.650313 0.637605 0.93487 0.577145 0.591949 0.520956 0.516043 0.85305 0.834507 0.588272 0.487329 0.314901 0.654762 0.217524 0.0412281 0.0376543 0.0267442 2.22045e-16
threshold=-0.94780942705435633 -0.82060420320177063 -0.073865643641388562 -0.4029581047428607 -1.344853610213437 -0.20840274225162378 0.079750594830937688 -0.29719915354932175 -1.0012416680731508 1.0000000180025095e-35 -0.51691776010731638 -0.6133503958973926 0.27891946021281699 0.14706986095240651 -0.45828699402288725 1.2725447906457055 -0.28373561615091197 -0.066986929401923676 0.80262037379107765 0.12047941287370466 -0.37834506580389987 -0.71717657839222981 -0.6742562721864499 0.21651005733049869 0.25227607101337429 0.50688575830238602 0.74914607737310757
decision_type=2 2 2 2 2 2 2 2 2 2 2 2 2 2 2 2 2 2 2 2 2 2 2 2 2 2 2
left_child=26 -2 3 4 -3 9 7 -7 -4 -5 11 -6 13 14 -10 16 25 -18 19 -19 21 -12 -14 -24 -22 -16 -1
right_child=1 2 8 5 10 6 -8 -9 12 -11 20 -13 22 -15 15 -17 17 18 -20 -21 24 -23 23 -25 -26 -27 -28
leaf_value=-0.39413723478647678 0.00492950428950935 0.0059115347027909534 0.0054609169444608035 -0.0011991044225804623 0.0068132448677921623 0.0059889825105739706 0.00016644994371567304 0.0007679252879983188 -0.0029996353035737257 0.0024637730390924093 0.0016874338626066767 -0.0081769482032864552 5.6323080465026619e-05 0.0028623932461794405 -0.00016370958675530315 -0.001010957164088989 0.0019949496836158577 0.00011207283546903114 0.00064511473516389397 -0.017694359921477287 -0.0019032116239941844 -0.040005697952329972 -0.058610830940447389 -0.011540854995508238 -0.011180478742083784 -0.029040605179543585 -0.46927008100251499
leaf_weight=89 22 20 22 33 20 20 28 25 48 21 20 29 28 23 20 31 22 27 26 30 61 22 20 94 20 23 26
leaf_count=89 22 20 22 33 20 20 28 25 48 21 20 29 28 23 20 31 22 27 26 30 61 22 20 94 20 23 26
internal_value=0.000689654 0.00155629 0.00120737 0.00346395 0.000729165 0.00759842 0.0114384 0.0172222 -0.000531402 0.00240741 -0.000639536 0.00418367 -0.00104592 0.000399999 -0.000374451 0.000865921 0.00209459 0.00452381 0.00222891 -0.000614036 -0.00256098 0.00095238 -0.00359155 -0.0045614 -0.00438272 -0.00383721 -0.005
internal_weight=870 755 733 319 192 127 73 45 414 54 172 49 392 250 227 179 148 105 83 57 123 42 142 114 81 43 115
internal_count=870 755 733 319 192 127 73 45 414 54 172 49 392 250 227 179 148 105 83 57 123 42 142 114 81 43 115
is_linear=0
shrinkage=0.05


Tree=234
num_leaves=24
num_cat=0
split_feature=6 43 34 15 46 47 45 15 43 35 4 34 38 41 41 38 5 4 17 36 46 20 0
split_gain=1.64731 1.25311 1.30887 0.836205 0.780959 0.86188 1.03226 0.67198 1.0253 0.806411 0.799526 0.577886 1.3984 1.63695 0.490093 0.439894 0.428537 0.282871 0.29556 0.166409 0.351979 0.135484 2.22045e-16
threshold=-0.94780942705435633 -0.82060420320177063 0.87174074193634354 1.3859006935782852 -0.54107332121176999 0.2319176999979152 -0.55436596114779657 0.71607245890455262 -0.54748856421016379 -0.91946804996775777 -0.21304633529873965 -0.35635947278998764 -0.3816728601821901 -0.1621604870102549 -0.12088667621533901 0.76376188480853269 -0.90627598642746521 0.066147108488528672 0.76889571671601276 0.3867316887548034 0.56180255762047859 -0.3984085747753941 0.74914607737310757
decision_type=2 2 2 2 2 2 2 2 2 2 2 2 2 2 2 2 2 2 2 2 2 2 2
left_child=22 -2 3 4 5 16 -7 8 10 -10 -6 12 -11 -14 -9 17 -3 18 -13 -4 -21 -5 -1
right_child=1 2 19 21 7 6 -8 14 9 11 -12 15 13 -15 -16 -17 -18 -19 -20 20 -22 -23 -24
leaf_value=-0.37443037304715254 0.0046830290750332999 0.00099481005240265952 -0.006852173947818372 -7.5917257019471137e-06 0.0032718477565139232 -0.0082080290871132944 0.013580246038576502 0.0018301072682995055 0.0010454359020055865 -0.027318949130775663 0.00051129506465229561 -0.00099600774370896196 0.003751668620873165 -0.0015313785899136831 0.0058055484722512422 0.0029309184678617769 -0.004582059574439544 0.00014304011894480823 0.00075314946534873496 0.00039967493667884975 -0.0019345464150301403 -0.0038104768111632175 -0.44580657695238896
leaf_weight=89 22 38 69 20 20 31 31 22 31 25 31 71 26 22 26 24 71 37 23 36 37 42 26
leaf_count=89 22 38 69 20 20 31 31 22 31 25 31 71 26 22 26 24 71 37 23 36 37 42 26
internal_value=0.000574711 0.00142384 0.00107094 0.0021066 0.00275047 -2.9241e-05 0.00467742 0.00407821 0.00322581 0.00194981 0.00970588 0.000921051 0.00458904 0.00958333 0.00958333 -0.000806453 -0.00270642 -0.00194657 -0.00340426 -0.00323944 -0.00157534 -0.0033871 -0.005
internal_weight=870 755 733 591 529 171 62 358 310 259 51 228 73 48 48 155 109 131 94 142 73 62 115
internal_count=870 755 733 591 529 171 62 358 310 259 51 228 73 48 48 155 109 131 94 142 73 62 115
is_linear=0
shrinkage=0.05


Tree=235
num_leaves=26
num_cat=0
split_feature=31 41 20 5 38 46 36 35 8 11 20 33 42 13 42 36 46 9 9 39 33 2 16 43 41
split_gain=1.06034 1.28114 0.881467 0.81139 0.990274 0.94364 1.21945 0.790157 0.755004 0.715147 0.874516 0.590909 0.418947 0.620205 0.401216 0.38767 0.852101 0.376471 0.49 0.31015 0.299085 0.687961 0.252962 0.0540464 0.118367
threshold=-1.1067532738715262 -0.90754259689328343 0.066401429129232373 -0.59654190539078544 -0.038728325753829985 -0.050906263952992907 0.35240425964970001 -0.13257446301860693 0.22211120060350439 1.0000000180025095e-35 -0.66401429129232348 -0.084162875401507228 0.51731529553820776 0.19893427236597411 -0.041751735175866035 -0.45429032432022992 0.30446485255962058 -0.21088190291438599 -0.36828932556648614 -0.59403610127706441 0.80262037379107765 0.6544725647429781 -0.13548368244538686 -0.28458244082964118 -0.31687944363932569
decision_type=2 2 2 2 2 2 2 2 2 2 2 2 2 2 2 2 2 2 2 2 2 2 2 2 2
left_child=-1 7 3 19 5 6 11 -2 22 14 12 -5 13 -11 -6 16 17 18 -4 -3 23 -22 -7 24 -17
right_child=1 2 15 4 9 8 -8 -9 -10 10 -12 -13 -14 -15 -16 20 -18 -19 -20 -21 21 -23 -24 -25 -26
leaf_value=-0.60770849859730014 0.004397748941452383 0.0011550413499099436 -0.0069895700618437424 -0.015729149670738324 0.00082880823941083219 0.0026117407544323061 0.0010004965219075001 0.0031327289420309775 0.0028875649695600547 0.0012267889142391316 0.016600348195981874 0.0072682264362633996 -0.018331387285721094 -0.0017520916535108122 -0.0075470997476370502 -0.016203358845924557 0.0022415126915071196 -0.012078877459850302 0.022359774020534472 -0.004243939123117919 -0.0058938841041761827 0.0029584060655194859 0.00052362491245716407 -0.0029360454363038103 -0.00043775928848130993
leaf_weight=91 31 21 25 39 28 20 23 22 25 21 29 33 25 22 66 29 20 40 20 55 40 37 21 96 20
leaf_count=91 31 21 25 39 28 20 23 22 25 21 29 33 25 22 66 29 20 40 20 55 40 37 21 96 20
internal_value=0.000116795 0.000693068 0.000165562 0.00165888 0.00267045 0.00555901 0.00236842 0.00820755 0.0101515 0.000235601 0.00324742 -0.000833335 0.000147058 0.00313953 -0.00287234 -0.00178899 0.000714285 -0.00147059 0.00166667 -0.00302632 -0.00297297 -0.000454547 0.00597561 -0.00431035 -0.00295918
internal_weight=899 808 755 428 352 161 95 53 66 191 97 72 68 43 94 327 105 85 45 76 222 77 41 145 49
internal_count=899 808 755 428 352 161 95 53 66 191 97 72 68 43 94 327 105 85 45 76 222 77 41 145 49
is_linear=0
shrinkage=0.05


Tree=236
num_leaves=28
num_cat=0
split_feature=6 41 34 46 15 6 13 2 43 41 13 6 40 2 2 39 13 36 38 15 46 33 13 35 3 0 0
split_gain=1.72529 1.8063 0.793859 0.874316 0.906247 1.10254 1.60602 0.948043 0.840946 0.862398 1.45158 1.03052 0.771699 0.752765 0.728139 0.582403 0.816308 0.539359 0.502232 0.310204 0.531463 0.280519 0.227556 0.134444 0.0359155 0.0282609 2.22045e-16
threshold=-0.94780942705435633 -0.87927590280129342 0.90585463678985267 -0.54107332121176999 1.3859006935782852 0.35929458945211284 1.0000000180025095e-35 0.20814592853469138 -0.55931868460698064 -0.39978651855353126 1.0000000180025095e-35 1.0000000180025095e-35 0.47815337580055717 -0.61725264527515367 0.40991002435487578 0.1455381751004973 0.39896359577249502 -0.57443632618809171 -0.12789390470520348 0.71607245890455262 0.18192308824492626 -0.11826992344737587 -0.40115369785358845 -0.7655106090429239 -1.1273432582786325 1.0000000180025095e-35 0.74914607737310757
decision_type=2 2 2 2 2 2 2 2 2 2 2 2 2 2 2 2 2 2 2 2 2 2 2 2 2 2 2
left_child=26 13 3 15 5 7 -7 8 -5 -10 18 -12 14 -2 -8 22 -17 -9 -11 -4 -21 -15 23 -3 -19 -6 -1
right_child=1 2 19 4 25 6 12 17 9 10 11 -13 -14 21 -16 16 -18 24 -20 20 -22 -23 -24 -25 -26 -27 -28
leaf_value=-0.37741794147830704 0.0038549668252830962 0.0018254874137415653 -0.004794716790065795 -0.0010558389050631257 -0.025912106067308108 0.0031205124031130644 6.1318468137045592e-05 0.00090677161732551136 0.0017736695453143183 -0.0057581620895159709 0.0026014690585663093 0.00034151082775531433 -0.0077975816802536846 -7.0889206352734669e-05 0.0034344223353498329 0.015813519503979509 -0.023204166925642908 -0.0018982099222185141 0.0015113212214581011 0.0017451496861790471 -0.030150281898935139 0.0016226900477301642 -0.0027883904812329757 -0.0014133612024343246 -0.025709108571524482 -0.00025224590211387021 -0.40876886735262263
leaf_weight=98 20 20 76 31 26 28 22 20 23 36 31 22 25 22 20 37 22 20 28 24 25 20 80 25 51 20 27
leaf_count=98 20 20 76 31 26 28 22 20 23 36 31 22 25 22 20 37 22 20 28 24 25 20 80 25 51 20 27
internal_value=0.000450499 0.00133075 0.000617976 0.00138841 0.00269231 0.00354342 0.00815789 0.00187023 0.00406433 0.00571428 0.00397436 0.0100943 0.00395522 0.00951613 0.00809524 -0.00146739 0.00262712 -0.00225275 -0.00109375 -0.003 0.00010204 0.00571428 -0.0034 -0.000555557 -0.00429578 -0.00391304 -0.005
internal_weight=899 774 712 587 403 357 95 262 171 140 117 53 67 62 42 184 59 91 64 125 49 42 125 45 71 46 125
internal_count=899 774 712 587 403 357 95 262 171 140 117 53 67 62 42 184 59 91 64 125 49 42 125 45 71 46 125
is_linear=0
shrinkage=0.05


Tree=237
num_leaves=28
num_cat=0
split_feature=6 41 8 44 37 20 48 46 38 37 33 38 12 8 17 2 0 40 40 45 39 17 10 4 41 19 0
split_gain=1.72529 1.08592 1.35268 1.58541 0.940358 0.638059 0.588419 0.635183 1.27233 0.914358 0.981258 2.17509 1.08932 0.787544 0.588202 0.81946 0.541667 0.425368 0.753931 0.515206 0.723588 0.240698 0.146667 0.143417 0.128571 0.0761905 2.22045e-16
threshold=-0.94780942705435633 -0.79589248128362999 -0.55216957503721109 0.031704026955044033 -1.2931967525788091 0.066401429129232373 -2.0335172304629974 -0.62685255623205594 0.4276762410687398 1.0000000180025095e-35 -0.28880516367671905 -0.31308395329651789 -0.39206532149820422 0.42858607410769528 -1.049003068282234 -0.12812756449894921 1.0000000180025095e-35 0.21328889674201149 0.45063498836590316 0.41271687446602551 -0.33149081239174305 1.0000000180025095e-35 -0.60018746306305093 -0.49223977908600797 -0.18390408160182767 1.0000000180025095e-35 0.74914607737310757
decision_type=2 2 2 2 2 2 2 2 2 2 2 2 2 2 2 2 2 2 2 2 2 2 2 2 2 2 2
left_child=26 2 -2 -4 -3 6 -6 13 9 14 11 -11 -12 22 -9 -16 -17 25 -19 20 -20 -22 -8 -21 -10 -7 -1
right_child=1 4 3 -5 5 17 7 8 24 10 12 -13 -14 -15 15 16 -18 18 19 23 21 -23 -24 -25 -26 -27 -28
leaf_value=-0.35854704440439139 0.0061365589447941703 0.006797365520829571 -0.00039483957622585449 0.0026087954946340825 -0.0010030427590098146 -0.015497780400415696 0.0020939836936509945 -0.015554266293337891 -0.0024791336217901017 0.00035068820878508881 -0.0066137475110279375 0.001695169683940523 0.0022572143757708871 0.020546009301947256 0.0016160020327697937 0.00074878389424752362 -0.0173333637178914 0.00092274104913078834 0.00098194134422814258 -0.006966144417600616 -0.0014963683091139945 0.00034991478079360354 -0.0007214431427069772 -0.0074293873757517812 -0.0031295854938203794 -0.015472411513337423 -0.38833042398499162
leaf_weight=98 26 27 38 22 31 70 20 23 20 23 20 21 34 20 33 24 26 22 20 21 23 20 55 64 36 35 27
leaf_count=98 26 27 38 22 31 70 20 23 20 23 20 21 34 20 33 24 26 22 20 21 23 20 55 64 36 35 27
internal_value=0.000450499 0.00133075 0.00662791 0.0025 0.000668603 0.000295006 0.00160622 0.0021831 0.00346154 0.00529412 0.00877551 0.0143182 0.00425926 -0.00131579 0.00207547 0.00403614 -1.19209e-09 -0.00154546 -1.19209e-09 -0.00128378 0.00214286 -0.00151163 -0.00366667 -0.00382353 -0.00321429 -0.00404762 -0.005
internal_weight=899 774 86 60 688 661 386 355 260 204 98 44 54 95 106 83 50 275 170 148 63 43 75 85 56 105 125
internal_count=899 774 86 60 688 661 386 355 260 204 98 44 54 95 106 83 50 275 170 148 63 43 75 85 56 105 125
is_linear=0
shrinkage=0.05


Tree=238
num_leaves=28
num_cat=0
split_feature=30 41 8 44 34 13 34 34 37 41 41 39 45 13 8 34 45 49 20 16 16 33 37 14 16 0 0
split_gain=1.72529 1.07876 1.22646 1.46365 0.570514 0.627223 0.693003 1.46053 0.791072 0.530744 0.847861 0.946753 0.978253 0.636742 0.736364 0.557605 0.429567 0.403059 0.246032 0.212055 0.221402 0.139394 0.125926 0.110368 0.106977 0.0376543 2.22045e-16
threshold=-0.96772349418990122 -0.78546148514003622 -0.55216957503721109 0.031704026955044033 -1.1921498967009627 0.99905156599205769 0.49648789854774228 0.34297537170695086 1.0485807935243214 -0.52876476919634141 -0.29469330947909572 0.13333566752311066 -0.45643352209829569 -0.40115369785358845 -0.55216957503721109 0.070064212878877263 -0.55436596114779657 1.1377824027891941 -0.59761286216309106 0.49115303801866045 -0.32917139604336504 -0.81746440838768308 -0.58721969823889475 1.0000000180025095e-35 -0.23802423670314002 -1.2485767956218454 0.74914607737310757
decision_type=2 2 2 2 2 2 2 2 2 2 2 2 2 2 2 2 2 2 2 2 2 2 2 2 2 2 2
left_child=26 2 -2 24 -3 6 7 8 9 22 11 12 -11 21 -15 18 -7 19 -16 20 -8 -12 -6 -18 -4 -22 -1
right_child=1 4 3 -5 5 16 17 -9 -10 10 13 -13 -14 14 15 -17 23 -19 -20 -21 25 -23 -24 -25 -26 -27 -28
leaf_value=-0.34061969218417193 0.0053994415709104227 -0.0054883567975527537 8.421965536036316e-06 0.0024783557199036205 -0.00064743726958575894 0.00013978077302124957 -0.0096267144272140573 0.0073128181619594211 0.00066110998079507981 0.010545457249456928 -0.00035511610428549928 0.01095963801497059 -0.00027148043487840135 0.0011121925839510435 0.00056940798319835061 0.00069661718148375604 -0.00031190446526552706 0.00048772856554745695 -0.033274516802214681 0.00013689391303518123 -0.0011412531049640247 -0.030573256773553961 -0.036102535660213257 -0.0049508234237923641 -0.00056011518273229178 -0.0012441330296037272 -0.36891390278574177
leaf_weight=98 27 42 20 22 20 32 25 22 35 21 20 22 34 22 32 25 26 26 31 20 20 46 34 66 23 61 27
leaf_count=98 27 42 20 22 20 32 25 22 35 21 20 22 34 22 32 25 26 26 31 20 20 46 34 66 23 61 27
internal_value=0.000450499 0.00133075 0.00641304 0.00269231 0.00064516 0.00101562 0.00178294 0.00296703 0.00216374 0.00135179 0.00231225 0.00668831 0.00318182 0.000397726 0.00272727 0.000681817 -0.00217742 -0.00105263 -0.0018254 -0.00222222 -0.00311321 -0.00348485 -0.00314815 -0.00391304 -0.00267442 -0.00438272 -0.005
internal_weight=899 774 92 65 682 640 516 364 342 307 253 77 55 176 110 88 124 152 63 126 106 66 54 92 43 81 125
internal_count=899 774 92 65 682 640 516 364 342 307 253 77 55 176 110 88 124 152 63 126 106 66 54 92 43 81 125
is_linear=0
shrinkage=0.05


Tree=239
num_leaves=26
num_cat=0
split_feature=30 41 37 38 30 45 45 12 39 15 45 4 37 16 38 17 40 39 3 9 40 38 43 4 0
split_gain=1.69026 1.10636 0.960704 0.945483 0.733175 0.736229 0.891694 1.30687 2.68686 0.938276 1.13611 0.726744 1.00511 0.614959 0.915719 0.425261 0.614179 0.409756 0.33147 0.751111 0.295601 1.09574 0.314647 0.0371795 2.22045e-16
threshold=-0.96772349418990122 -0.78546148514003622 -1.2931967525788091 0.20133284834602214 -0.6958032404706006 0.36375065494127501 -0.10142843054385468 -0.39206532149820422 -0.24118788185255413 -0.40030793221833455 -0.55436596114779657 -0.49223977908600797 0.22207107137027524 -0.18105726211549936 -0.70404072254484829 -0.25367234984550119 0.49535236794721621 -0.065474412562330192 1.1380916721822807 -0.053474480262285844 -0.2166859069244588 0.057296143886110922 0.67584883473773394 0.15921158975095148 0.74914607737310757
decision_type=2 2 2 2 2 2 2 2 2 2 2 2 2 2 2 2 2 2 2 2 2 2 2 2 2
left_child=24 3 -3 13 23 6 9 -8 -9 10 17 12 -7 14 -2 16 -13 -6 20 -20 -11 -22 -23 -4 -1
right_child=1 2 4 -5 5 11 7 8 -10 18 -12 15 -14 -15 -16 -17 -18 -19 19 -21 21 22 -24 -25 -26
leaf_value=-0.32358870757496377 0.00018858341551317585 0.006413685524733129 -0.031830996540085581 0.0012549537240881894 5.4811895421558265e-05 -0.0015201660037047321 -0.0059865952961023188 0.0020826454848896963 0.0012574785770447978 -0.038143757773562652 0.010079095707193887 0.00093899067567287649 0.0024021897338039611 -0.0014356103235298569 0.0046029019322703091 -0.0036829564710925164 -0.013567075032624982 -0.009744493633136557 -0.0012422327488284966 0.00046449422467294705 0.0048951353832724451 -0.0090903030809858319 0.0058816095562072334 -0.00035057232657842121 -0.35046820764645431
leaf_weight=98 26 27 58 22 20 23 25 22 39 56 35 37 20 24 20 103 32 21 25 20 20 58 21 20 27
leaf_count=98 26 27 58 22 20 23 25 22 39 56 35 37 20 24 20 103 32 21 25 20 20 58 21 20 27
internal_value=0.000394882 0.00126615 0.000571846 0.00641304 0.000190839 0.000805891 0.00218232 0.00662791 0.0105738 0.0007971 0.00552631 -0.00151163 0.00430232 0.00357143 0.00695652 -0.00296512 7.24626e-05 -0.000121952 -0.001 0.00277778 -0.00209678 -0.000454547 -0.00310127 -0.00435898 -0.005
internal_weight=899 774 682 92 655 577 362 86 61 276 76 215 43 70 46 172 69 41 200 45 155 99 79 78 125
internal_count=899 774 682 92 655 577 362 86 61 276 76 215 43 70 46 172 69 41 200 45 155 99 79 78 125
is_linear=0
shrinkage=0.05


Tree=240
num_leaves=25
num_cat=0
split_feature=30 7 44 42 9 42 33 10 30 7 44 44 44 44 48 34 40 10 45 44 34 42 5 1
split_gain=1.55838 0.884868 0.889466 1.56472 1.20687 1.46991 1.60952 1.66667 1.24512 0.705583 1.13077 0.5269 0.43367 0.475456 1.01158 0.561005 0.416873 0.580645 0.267857 0.214686 0.655594 0.182143 0.037013 2.22045e-16
threshold=-0.96772349418990122 0.89931933337268 -0.053911353122076164 -0.57212328997718132 -0.10594362114631924 0.073030168475165219 1.2460119983873701 0.73934365449905193 0.39187777440660126 -0.78325832005247709 -0.59206517074968879 -1.2280651370368674 -0.86114207956349509 -0.677680550826809 1.0000000180025095e-35 0.7864560048025705 0.40247781035525848 -0.21746428661673595 0.75548041113927888 -0.066142121704521897 0.34297537170695086 -0.86105704744356959 0.56496089849676345 1.0000000180025095e-35
decision_type=2 2 2 2 2 2 2 2 2 2 2 2 2 2 2 2 2 2 2 2 2 2 2 2
left_child=23 2 9 -4 16 -6 7 8 -7 10 -2 -11 -13 14 -14 18 17 -5 21 20 -3 -15 -21 -1
right_child=1 19 3 4 5 6 -8 -9 -10 11 -12 12 13 15 -16 -17 -18 -19 -20 22 -22 -23 -24 -25
leaf_value=-0.28187379766961879 0.0072753051836654025 -0.014491530013608606 0.0028335888843823952 0.0017769589629673841 -0.0039287498918598026 0.0035156053187923538 -0.00082572073774161764 -0.0014398329793902369 0.0054332116579231017 0.0042320138068591921 -0.025559407251213979 -0.0050374970965825884 -0.005040344622338053 -2.598122581942221e-05 0.0020643253019529831 0.0013537174107989469 -0.034335591348939661 -0.0012418686326175303 0.00019814877435418441 -0.0018338291698444947 0.0020718786964519179 -0.0018446246581912803 -0.018343184996137674 -0.37563029180659868
leaf_weight=92 39 30 20 31 39 33 28 20 27 21 26 62 28 35 30 24 42 31 20 20 22 85 57 29
leaf_count=92 39 30 20 31 39 33 28 20 27 21 26 62 28 35 30 24 42 31 20 20 22 85 57 29
internal_value=0.000274971 0.00110389 0.00186427 0.00404059 0.00296813 0.00588435 0.00888889 0.0125 0.0166667 0.000270269 0.005 -0.000737706 -0.00130282 -0.000270271 0.00362069 -0.00164634 -0.00115385 0.00145161 -0.00285714 -0.00267442 -0.000192309 -0.00375 -0.00435065 -0.005
internal_weight=891 770 641 271 251 147 108 80 60 370 65 305 284 222 58 164 104 62 140 129 52 120 77 121
internal_count=891 770 641 271 251 147 108 80 60 370 65 305 284 222 58 164 104 62 140 129 52 120 77 121
is_linear=0
shrinkage=0.05


Tree=241
num_leaves=24
num_cat=0
split_feature=6 35 13 9 15 37 0 35 38 49 17 36 34 39 14 45 33 7 43 0 33 3 0
split_gain=1.5254 1.22216 0.554945 0.789056 1.11898 1.06013 0.915728 1.06539 1.6415 1.28185 0.941088 0.5819 0.563607 0.511385 0.952778 0.42574 0.398459 0.376287 0.505853 0.203544 0.248016 0.250216 2.22045e-16
threshold=-0.94780942705435633 -1.3984467550672408 0.79902224258553678 -0.053474480262285844 -0.84686008866748941 -0.34615436261063143 -0.74914607737310734 -0.14968084534358847 0.13274394146034996 0.23152548893966207 -0.25367234984550119 -0.33414432245236808 -0.049334419108404935 -0.54140648875751818 0.36312008047820415 -0.56660751602898418 0.68324570563053744 -0.78325832005247709 -0.4275512240454431 -1.0000000180025095e-35 -0.4934474519519309 1.0000000180025095e-35 0.74914607737310757
decision_type=2 2 2 2 2 2 2 2 2 2 2 2 2 2 2 2 2 2 2 2 2 2 2
left_child=22 -2 3 4 5 -3 12 11 -9 10 -10 -8 -5 14 -4 -15 17 18 -6 20 -19 -22 -1
right_child=1 2 13 6 16 -7 7 8 9 -11 -12 -13 -14 15 -16 -17 -18 19 -20 -21 21 -23 -24
leaf_value=-0.26778010778613787 0.0029938079506296542 -0.00055681884301734565 0.0013313525283158304 0.00059146471808880488 0.020565013289378504 0.0051052766893525912 -0.032349193602891145 0.0076172028687594047 4.9814868506595437e-07 -0.0098618355535631148 0.0037261191165107992 0.0013638310353277275 -0.0012169485214634712 0.00022250980770147262 -0.0018095979732579031 -0.0034035946615175675 0.0024897023577378032 -0.010227850700794405 -0.026014776748429537 -0.0096659180211594344 -0.0063703057504776589 0.00051324832110754247 -0.35684877721626862
leaf_weight=92 23 29 24 27 20 37 29 30 23 31 33 37 42 29 21 98 37 30 26 102 22 20 29
leaf_count=92 23 29 24 27 20 37 29 30 23 31 33 37 42 29 21 98 37 30 26 102 22 20 29
internal_value=0.000218854 0.00103896 0.000689423 0.00143478 -0.00020124 0.00560606 0.00353174 0.00538251 0.00824786 0.00477011 0.00928571 0.000303029 -0.00137681 -0.00180233 0.00277778 -0.0034252 -0.00169261 -0.0025 0.00152174 -0.00356322 -0.00152778 0.00095238 -0.005
internal_weight=891 770 747 575 323 66 252 183 117 87 56 66 69 172 45 127 257 220 46 174 72 42 121
internal_count=891 770 747 575 323 66 252 183 117 87 56 66 69 172 45 127 257 220 46 174 72 42 121
is_linear=0
shrinkage=0.05


Tree=242
num_leaves=29
num_cat=0
split_feature=6 7 16 33 46 2 46 0 34 5 11 11 46 4 42 46 8 17 11 17 2 2 0 4 34 0 2 0
split_gain=1.69383 0.581761 0.615134 1.83643 1.76224 1.52077 1.2075 0.669878 0.707702 0.912669 0.759568 0.743872 0.690107 1.225 0.792682 0.908888 0.625 0.612332 0.776968 0.389305 0.701604 0.637121 0.334235 0.551186 0.251929 0.033871 0.0307692 2.22045e-16
threshold=-0.94780942705435633 1.2358348640577115 0.30885871933821035 0.052265316781967358 0.23093979397080397 0.17757561098617861 1.2847989670771751 0.74914607737310757 0.97408242649687116 0.10035977694174376 0.53616359807881486 -1.0737961375222289 -0.7739026734096891 -0.21304633529873965 -0.74033814877610593 0.10839802965610967 -0.29407598315697264 -0.36729102390789165 0.21417165095860605 0.087183672341670057 0.74006945387881384 1.3942742494169875 1.2485767956218459 -0.11998185403631688 1.1958227430446811 0.74914607737310757 -0.28709321575121566 0.74914607737310757
decision_type=2 2 2 2 2 2 2 2 2 2 2 2 2 2 2 2 2 2 2 2 2 2 2 2 2 2 2 2
left_child=27 2 5 4 -4 6 7 8 9 10 11 -2 13 -13 -14 -16 -11 -5 -19 -7 -21 -22 26 -24 25 -3 -9 -1
right_child=1 24 3 17 -6 19 -8 22 -10 16 -12 12 14 -15 15 -17 -18 18 -20 20 21 -23 23 -25 -26 -27 -28 -29
leaf_value=-0.25439110239683099 -0.00041662631601350407 -0.039927968196114855 0.00040684128794217576 -0.0056143829611413664 0.0014729405429806078 -0.0043955797881858613 0.0034605253089746595 -0.012178542099076166 -0.011326138677266468 0.0022933483403159076 -0.0056361243833464728 0.00072619434403021924 -0.010133636592410487 0.021423562460469538 0.0048911923434311368 -0.0001641138330579805 0.001747564784262162 0.0019646284621047884 -0.00085648821623805532 -0.0047297194681205036 0.0032159441671557199 -0.046907829262377201 0.0038529252603478961 -0.0097843576390693691 0.00077908595545791905 -0.027482885773892508 -0.0041622179494438475 -0.33900633835545507
leaf_weight=92 28 42 27 32 21 91 24 32 22 20 26 20 37 20 35 23 20 22 29 41 24 20 25 28 21 20 20 29
leaf_count=92 28 42 27 32 21 91 24 32 22 20 26 20 37 20 35 23 20 22 29 41 24 20 25 28 21 20 20 29
internal_value=0.000499438 0.00136364 0.00184134 0.00492366 0.0127083 0.00111511 0.00289474 0.00216292 0.00356574 0.00438865 0.00293651 0.00420245 0.00574074 0.01125 0.00342105 0.00706896 0.01125 0.000421686 0.00382353 -0.00272727 -0.000294119 0.00409091 -0.00119048 0.00160377 -0.00259036 -0.00419355 -0.00403846 -0.005
internal_weight=891 770 687 131 48 556 380 356 251 229 189 163 135 40 95 58 40 83 51 176 85 44 105 53 83 62 52 121
internal_count=891 770 687 131 48 556 380 356 251 229 189 163 135 40 95 58 40 83 51 176 85 44 105 53 83 62 52 121
is_linear=0
shrinkage=0.05


Tree=243
num_leaves=27
num_cat=0
split_feature=6 35 38 43 2 8 37 13 16 8 4 33 33 44 37 42 0 43 4 45 9 4 6 8 41 0
split_gain=1.55838 1.35461 0.722876 0.977683 1.59091 1.71449 0.969317 0.719242 0.773733 1.72408 3.17974 0.521341 1.0947 0.638982 0.618687 0.543684 1.05495 0.182524 0.354915 0.136855 0.115152 0.1 0.0401961 0.0375 0.0352941 2.22045e-16
threshold=-0.94780942705435633 -1.2787020787923702 -0.95781967802183487 -0.55296748342848956 0.055294340792127451 -0.55216957503721109 -0.15674588461699587 0.99905156599205769 0.36582569392585096 0.99639197624422005 1.0000000180025095e-35 -0.40817983183725931 -0.57871507206660244 1.2486655009083958 -0.036213216802864198 -0.28714752918841463 1.0000000180025095e-35 0.030178849742978204 -0.49223977908600797 -0.34625952816760708 0.051463801505780955 1.0000000180025095e-35 -0.59924835598596438 1.4609604416286495 -0.14691198955399468 0.74914607737310757
decision_type=2 2 2 2 2 2 2 2 2 2 2 2 2 2 2 2 2 2 2 2 2 2 2 2 2 2
left_child=25 -2 24 4 5 -4 -7 8 11 10 -10 12 14 15 -5 16 -13 22 -19 -9 -20 -6 -17 -21 -3 -1
right_child=1 2 3 7 21 6 -8 19 9 -11 -12 13 -14 -15 -16 17 -18 18 20 23 -22 -23 -24 -25 -26 -27
leaf_value=-0.24167154727698983 0.01474454474836428 -0.010395299326549232 -7.1217223211507687e-05 -0.00068694793174184344 -5.5348846720613968e-06 0.0032867590266124022 0.0029814906417015667 -2.4686270663429021e-05 -0.00086412716513954019 -0.058475923846218074 0.0048030822913462286 0.0045593077156658888 0.0038826047150776915 0.0030482650488917913 0.0020596653826486012 -0.00048913951464192714 -0.0078281337345040038 0.00029660890220806983 -0.028470262703242006 -0.0054835337411558629 -0.00019363623889446222 -0.031400448867868087 -0.00096228106295948111 -0.021626538985066193 -0.002258153924814787 -0.32205602143768203
leaf_weight=92 35 48 24 30 20 25 21 34 29 27 30 28 22 33 36 20 24 22 38 60 22 20 82 20 20 29
leaf_count=92 35 48 24 30 20 25 21 34 29 27 30 28 22 33 36 20 24 22 38 60 22 20 82 20 20 29
internal_value=0.000274971 0.00110389 0.000646257 0.00114693 0.00545454 0.01 0.0156522 0.000296229 0.00120767 0.00546512 0.0102542 0.000182072 0.00352273 -0.000910782 0.000303029 -0.00182204 0.00269231 -0.00309783 -0.00134146 -0.00324562 -0.00333333 -0.0025 -0.00450981 -0.004375 -0.00426471 -0.005
internal_weight=891 770 735 667 110 70 46 557 443 86 59 357 88 269 66 236 52 184 82 114 60 40 102 80 68 121
internal_count=891 770 735 667 110 70 46 557 443 86 59 357 88 269 66 236 52 184 82 114 60 40 102 80 68 121
is_linear=0
shrinkage=0.05


Tree=244
num_leaves=27
num_cat=0
split_feature=6 0 10 36 8 46 11 43 41 13 40 0 45 34 43 34 41 41 3 34 39 40 6 34 0 0
split_gain=1.397 0.553443 0.581627 0.498341 0.509319 1.25211 1.12797 1.134 0.892886 1.35064 0.870614 1.65398 0.609323 1.12595 0.613806 0.390724 0.374442 0.637059 0.32 0.297458 0.288911 0.241304 0.138199 0.040099 0.03 2.22045e-16
threshold=-0.94780942705435633 -0.74914607737310734 -0.88722984539778726 1.7598288529589396 0.11887376385140898 -0.52881914478030045 1.1801474923192325 -0.53675320810815863 -0.14691198955399468 0.19893427236597411 -0.69481788860157379 1.0000000180025095e-35 0.29030132565414929 -0.39047336764349688 0.32509879425040594 0.25769063457317792 -0.038221679750072381 0.14828557501668721 1.0000000180025095e-35 0.10417810773238646 -0.78839550322706387 0.46783398051256214 -0.42496782045176862 0.61588653053502451 0.74914607737310757 0.74914607737310757
decision_type=2 2 2 2 2 2 2 2 2 2 2 2 2 2 2 2 2 2 2 2 2 2 2 2 2 2
left_child=25 2 -2 4 10 19 7 -7 15 -10 11 -3 20 -14 24 -9 22 -18 -13 -6 -12 -19 -4 -22 -15 -1
right_child=1 3 16 -5 5 6 -8 8 9 -11 12 18 13 14 -16 -17 17 21 -20 -21 23 -23 -24 -25 -26 -27
leaf_value=-0.22958796991314087 0.0027904568044075499 0.016791958774730893 -0.016812624100354955 -0.031839592136975021 -0.0021025001156581313 0.0021761270987517116 -0.0018618675535446369 -0.00027514905960745057 0.0031127787151880642 0.00082729210468639777 -2.3064457691595003e-05 0.0023332059682258975 0.009651760243477088 -0.00027718030977145022 0.0024972475593020484 0.00093179747855830653 0.00085806428173617873 0.00017004006170105894 -0.0034193743618292981 0.01948652692956028 -0.01973392848872605 -0.007389346706052043 -0.00049424757840202643 -0.00013659200934644221 -0.045299234116945031 -0.30595322036579831
leaf_weight=92 22 36 23 27 39 21 34 26 28 31 22 25 20 30 23 23 25 23 25 20 81 37 89 20 20 29
leaf_count=92 22 36 23 27 39 21 34 26 28 31 22 25 20 30 23 23 25 23 25 20 81 37 89 20 20 29
internal_value=-5.61286e-06 0.00077922 -0.00134703 0.00162432 0.00196565 0.00378378 0.00604294 0.00817829 0.00611111 0.0102542 0.000629138 0.00488372 -0.00106482 0.00198925 -0.000890412 0.00112245 -0.00220812 0.000294116 -0.001 -0.00245763 -0.00337398 -0.0025 -0.00410714 -0.00450495 -0.004 -0.005
internal_weight=891 770 219 551 524 222 163 129 108 59 302 86 216 93 73 49 197 85 50 59 123 60 112 101 50 121
internal_count=891 770 219 551 524 222 163 129 108 59 302 86 216 93 73 49 197 85 50 59 123 60 112 101 50 121
is_linear=0
shrinkage=0.05


Tree=245
num_leaves=28
num_cat=0
split_feature=6 37 7 7 2 15 46 11 5 44 11 37 41 44 7 13 45 45 41 39 46 20 13 37 5 36 2
split_gain=1.63564 0.795233 1.48584 1.51309 0.839628 1.57733 0.516212 0.840918 0.559713 0.814748 1.27293 1.18382 0.827475 0.589474 0.441453 0.982029 0.395071 0.598639 0.349869 0.347403 0.489896 0.543311 0.311111 0.189429 0.12 0.0413043 0.0330508
threshold=-0.94780942705435633 1.1691134613384533 0.15898516586561084 0.69741001496166122 -1.0696933449931427 -0.6235840104429119 -0.3817690276026674 1.1801474923192325 1.3586544811532553 0.36193477868107909 0.53616359807881486 -0.57000074569401882 -0.4157261357184745 -1.0568343768826269 -0.37943968323043936 -0.40115369785358845 -0.089186875662667059 0.57185708792146461 -0.90754259689328343 0.17690563764311809 -0.6636150855264642 -0.19920428738769705 1.0000000180025095e-35 0.11875735610101944 0.042284636747366315 0.31807683054459662 0.87457885109227018
decision_type=2 2 2 2 2 2 2 2 2 2 2 2 2 2 2 2 2 2 2 2 2 2 2 2 2 2 2
left_child=-1 4 22 -4 5 -2 18 8 9 13 11 -11 -13 -8 15 -15 -16 -18 -6 23 21 -21 -3 25 -14 -20 -9
right_child=1 2 3 -5 6 -7 7 26 -10 10 -12 12 24 14 16 -17 17 -19 19 20 -22 -23 -24 -25 -26 -27 -28
leaf_value=-0.22604722665323573 0.019131377159008253 0.00045118639668744425 0.0025217164948683514 0.0025606312364014078 0.00056037894992485009 -0.00018688150732444855 0.0019182763867066134 -0.0043176670526139608 -0.0135055688415474 0.0028359018668026393 0.0051518729745623961 0.0016697009635292749 -0.0006241218450383023 -0.014426395783843034 -0.0032606283415342746 0.0029049934820836176 0.00019350384779716765 -0.0086718706298520003 -0.001363490744899172 -0.0006941337762539075 -0.019090902504308616 0.034276255037135932 -0.026993486787078348 -0.00020102006432753158 -0.0037316746133274495 -0.00026041262811041238 -0.024393663738005226
leaf_weight=118 27 24 20 23 21 35 28 39 24 21 23 22 20 25 57 21 27 22 95 20 25 26 21 31 30 20 20
leaf_count=118 27 24 20 23 21 35 28 39 24 21 23 22 20 25 57 21 27 22 95 20 25 26 21 31 30 20 20
internal_value=0.000480225 0.00132334 0.00579545 0.0124419 0.00074374 0.00629032 0.000186385 0.00133245 0.00234375 0.00293919 0.0062069 0.00360215 0.000555554 0.000833332 -0.000394738 0.00369565 -0.00216981 0.00112245 -0.00163866 -0.00223502 0.000633802 0.00369565 -0.000555557 -0.00363014 -0.003 -0.00456522 -0.00415254
internal_weight=885 767 88 43 679 62 617 379 320 296 116 93 72 180 152 46 106 49 238 217 71 46 45 146 50 115 59
internal_count=885 767 88 43 679 62 617 379 320 296 116 93 72 180 152 46 106 49 238 217 71 46 45 146 50 115 59
is_linear=0
shrinkage=0.05


Tree=246
num_leaves=25
num_cat=0
split_feature=30 45 15 17 35 46 16 30 4 5 34 13 2 46 17 13 35 10 3 34 11 2 13 33
split_gain=1.77332 0.770475 0.80146 1.73611 0.993626 0.639094 0.702139 0.983373 1.74766 1.20536 1.42131 1.07709 0.827586 0.905921 0.690404 0.44181 0.498034 0.439547 0.312864 0.312376 0.294243 0.144643 0.0989011 0.0382353
threshold=-0.96772349418990122 -1.1297190405636146 -1.0701361668920668 -0.25367234984550119 -1.2787020787923702 -0.89644443772438331 0.92410204488472947 0.39187777440660126 1.0000000180025095e-35 0.87469497953344311 0.27474758199993249 1.0000000180025095e-35 0.23871624608320416 1.2847989670771751 -1.2762404164070149 0.59899291917901587 -0.74840422671794238 -0.21746428661673595 1.1380916721822807 -0.35635947278998764 0.21417165095860605 -0.33600572382883614 -0.80121234466663016 0.78556684976814328
decision_type=2 2 2 2 2 2 2 2 2 2 2 2 2 2 2 2 2 2 2 2 2 2 2 2
left_child=-1 -2 3 -3 -4 21 7 12 11 10 -10 -9 13 14 17 16 -16 -7 22 -14 -13 -6 -18 -21
right_child=1 2 4 -5 5 6 -8 8 9 -11 -12 20 19 -15 15 -17 18 -19 -20 23 -22 -23 -24 -25
leaf_value=-0.21474486532057391 -0.0015519196233918077 0.0063120129334819607 0.02282126431407917 -8.1282733854959289e-05 -0.0020186485695679831 0.0057751984254881998 -0.042366132038545216 0.0018436647239044085 0.0016366830565934668 0.0001277390178578021 0.0039957938856395566 0.00014270667368485084 8.3703293583455894e-07 0.0030932913015885607 0.0010099749408741024 0.0015416718491123424 -0.0093445933900997893 0.0024477089277555705 0.0010004463890550962 -0.024902279693625889 -0.010261672343616884 -0.0015383751173911808 -0.0011983487462465833 -0.001455502318104806
leaf_weight=118 42 24 29 36 35 21 37 24 34 24 22 21 31 20 24 28 28 20 28 65 46 45 63 20
leaf_count=118 42 24 29 36 35 21 37 24 34 24 22 21 31 20 24 28 28 20 28 65 46 45 63 20
internal_value=0.000706213 0.00158409 0.00196552 0.0075 0.00146616 0.00105346 0.00165468 0.00212909 0.00523392 0.010625 0.0146429 0.000494504 0.000603447 0.00232759 0.00136792 -2.9241e-05 -0.00115385 0.00719512 -0.00247899 -0.00284483 -0.0027612 -0.003125 -0.0039011 -0.00441177
internal_weight=885 767 725 60 665 636 556 519 171 80 56 91 348 232 212 171 143 41 119 116 67 80 91 85
internal_count=885 767 725 60 665 636 556 519 171 80 56 91 348 232 212 171 143 41 119 116 67 80 91 85
is_linear=0
shrinkage=0.05


Tree=247
num_leaves=26
num_cat=0
split_feature=6 46 38 45 45 44 45 9 14 45 17 0 42 8 39 10 20 36 41 38 39 44 36 41 5
split_gain=1.63564 0.570233 0.661417 0.641389 1.00118 1.01826 0.918452 0.962154 1.15015 0.950991 1.71905 0.969082 0.562889 0.653992 0.52228 0.507937 0.412765 0.334672 0.402548 0.514286 0.478139 0.32457 0.199178 0.124342 0.0330508
threshold=-0.94780942705435633 -0.99447784917613868 1.6965710184536722 -0.57884907091017179 -0.38298419281116997 0.031704026955044033 -0.064703765900291824 -0.31582018468245282 -0.85892579937065439 0.36375065494127501 -0.14005367578311081 1.2485767956218459 -0.05560472354754218 0.067255045475361264 1.0917163510826586 -0.40882587483989347 -1.12882429519695 -0.96920176089678101 -0.29469330947909572 -0.70404072254484829 -0.43739840488343179 -0.26183441902365373 -0.81472832992381561 -0.074295523717731557 0.27458519752487615
decision_type=2 2 2 2 2 2 2 2 2 2 2 2 2 2 2 2 2 2 2 2 2 2 2 2 2
left_child=-1 22 3 17 5 -5 12 15 -9 10 -10 14 13 -6 16 -8 -11 -3 19 -19 -21 -20 -2 -18 -24
right_child=1 2 -4 4 6 -7 7 8 9 11 -12 -13 -14 -15 -16 -17 23 18 21 20 -22 -23 24 -25 -26
leaf_value=-0.20400762205454548 0.00014792055997364637 -0.0081106164912393645 -0.12320062983977698 0.00023255484551827123 0.013119817343424461 0.0021757904976912688 0.0018742146609750593 0.0015767500720658579 9.8807851449907234e-05 0.0012227968915636128 0.0023310336923193721 0.0049385035132877182 -0.00031842349265618687 -0.0001930973843637324 0.00054442530769544569 -0.012423453010443779 -0.0067699688442348881 -0.019874039451506051 3.0314136589166824e-05 0.00043266914085773813 0.004509317646030536 -0.00020927733693468144 -0.0025539788177793461 -0.0033321833728364673 -0.001324595036901918
leaf_weight=118 24 32 34 38 22 22 21 28 32 28 28 21 59 26 20 42 42 30 39 22 20 40 39 38 20
leaf_count=118 24 32 34 38 22 22 21 28 32 28 28 21 59 26 20 42 42 30 39 22 20 40 39 38 20
internal_value=0.000480225 0.00132334 0.00179824 0.00215384 0.00313704 0.00916667 0.00224816 0.00366667 0.00512658 0.00385167 0.00916667 0.00171141 -0.00172897 0.00229167 7.81238e-05 -0.0018254 -0.0012963 -0.000355192 0.000629138 0.00333333 0.00690476 -0.00183544 -0.00259036 -0.003125 -0.00415254
internal_weight=885 767 684 650 467 60 407 300 237 209 60 149 107 48 128 63 108 183 151 72 42 79 83 80 59
internal_count=885 767 684 650 467 60 407 300 237 209 60 149 107 48 128 63 108 183 151 72 42 79 83 80 59
is_linear=0
shrinkage=0.05


Tree=248
num_leaves=25
num_cat=0
split_feature=6 41 37 2 37 40 41 36 10 8 34 33 46 8 4 37 4 15 46 36 41 10 11 2
split_gain=1.77332 1.00206 1.39567 2.27949 1.75315 1.74555 0.854843 0.731488 0.729238 0.682972 0.662093 1.35855 0.601212 0.637121 0.512922 0.452586 0.486111 0.369066 0.709158 0.595358 0.366723 0.146932 0.230488 0.118367
threshold=-0.94780942705435633 -0.25763891836890879 -0.20840274225162378 0.079750594830937688 -0.018994264257988242 -0.37835643310305139 -0.78917105849296187 -0.7289097571610571 0.16525888982957918 1.0480106946202679 0.46237400369423304 0.20574703298837629 0.034872971067293097 0.11887376385140898 1.0000000180025095e-35 -0.69053341350815056 0.15921158975095148 -0.17703185399375715 -0.62685255623205594 -0.093852318716644276 0.11432681788314139 -0.50450666895147223 1.0000000180025095e-35 0.18980373800558373
decision_type=2 2 2 2 2 2 2 2 2 2 2 2 2 2 2 2 2 2 2 2 2 2 2 2
left_child=-1 2 6 4 -4 -6 7 -2 17 10 11 14 -5 -14 -10 16 -8 18 -3 -20 -12 22 -19 -11
right_child=1 8 3 12 5 -7 15 -9 9 23 20 -13 13 -15 -16 -17 -18 21 19 -21 -22 -23 -24 -25
leaf_value=-0.19380724095181814 0.00085904492411480009 -0.0013294026052746548 0.0042951212111916439 -0.015622280345051746 -0.016108610264762187 0.0024186990191204833 0.0020960801439597293 0.0015596885352209061 -0.00035084340412040911 0.018817632909288819 -0.0029835712287875093 0.006974393339645087 -0.0010603533665217897 0.0019991070363125302 0.00035964878027888746 -0.011505640922626292 -0.023599575796644533 -0.09144972691884394 0.0022311786746674685 -0.00010434800111980164 0.00012896530754964597 -0.00084627882156605477 0.0016414736183908596 -0.082402570837029093
leaf_weight=118 28 40 27 31 29 38 36 23 28 20 24 37 20 24 26 60 20 21 29 36 38 83 20 29
leaf_count=118 28 40 27 31 29 38 36 23 28 20 24 37 20 24 26 60 20 21 29 36 38 83 20 29
internal_value=0.000706213 0.00158409 0.00363095 0.00683432 0.0120213 0.00768657 0.00038922 0.00578431 -1.16021e-05 0.00217822 0.00382353 0.00653846 0.000333332 0.00409091 0.00148148 -0.00198276 0.00125 -0.00194323 0.000238094 0.00346154 -0.000161292 -0.00379032 -0.00134146 -0.00295918
internal_weight=885 767 336 169 94 67 167 51 431 202 153 91 75 44 54 116 56 229 105 65 62 124 41 49
internal_count=885 767 336 169 94 67 167 51 431 202 153 91 75 44 54 116 56 229 105 65 62 124 41 49
is_linear=0
shrinkage=0.05


Tree=249
num_leaves=28
num_cat=0
split_feature=6 45 13 6 33 2 2 46 38 48 48 4 45 46 34 39 2 4 7 33 10 33 14 16 8 2 17
split_gain=1.73837 0.72883 1.13738 1.08482 1.36742 1.09578 1.03676 0.971645 0.771429 1.06271 1.11297 0.442279 0.470357 0.473077 1.80556 0.444444 0.397551 0.589637 0.561592 0.502469 0.397242 0.4 0.254848 0.188592 0.0401961 0.0318182 0.0314815
threshold=-0.94780942705435633 -0.089186875662667059 0.99905156599205769 0.35929458945211284 -0.27175163965378474 0.23871624608320416 0.17757561098617861 0.74561520409252002 0.75004410343139838 1.0000000180025095e-35 0.6850046860900979 0.62453399606306548 -0.19936086959335564 0.36573573471696769 -0.42458726249700601 -0.22946382116420677 -1.094149599031953 0.066147108488528672 -0.17753036481942056 0.46154989333239116 0.26093968394115796 -0.10121639942444154 1.0000000180025095e-35 -0.48867892488875891 -0.65540701178930649 1.070228883402752 0.65527704265362241
decision_type=2 2 2 2 2 2 2 2 2 2 2 2 2 2 2 2 2 2 2 2 2 2 2 2 2 2 2
left_child=-1 11 3 6 -5 -6 8 -7 9 -3 -11 12 13 16 -15 -16 -2 19 -19 23 26 -22 -4 -18 -25 -24 -8
right_child=1 2 22 4 5 7 20 -9 -10 10 -12 -13 -14 14 15 -17 17 18 -20 -21 21 -23 25 24 -26 -27 -28
leaf_value=-0.18411687890422679 0.0081812761766096118 7.9545575852176326e-05 0.00067683597536122536 0.00091431932646380404 -0.0032444473761472055 0.0038574840773749155 -0.024190416042163924 0.00046614803032385968 -0.000985873974131873 0.0058762908849286531 0.0013206739181888679 -0.0080752515955186573 -0.0010644211437046229 0.0039051709981899421 0.00050146254171449557 -0.00031516951385814263 -0.00096118077342530889 -0.00072269786752521097 0.0027957404139424256 0.0017650491050198579 -0.004508007311521749 0.002311633658483588 -0.0066193997886003194 -0.0076089420745475318 -0.00074896066262640493 -0.013641397124073551 -0.020918268897437808
leaf_weight=118 34 37 20 22 24 22 34 20 21 26 21 39 34 20 20 25 30 29 35 37 20 20 35 20 82 20 20
leaf_count=118 34 37 20 22 24 22 34 20 21 26 21 39 34 20 20 25 30 29 35 37 20 20 35 20 82 20 20
internal_value=0.000649716 0.0015189 0.00314917 0.00458188 0.00920454 0.00560606 0.00253769 0.0104762 0.00595238 0.00809524 0.0130851 6.17272e-05 0.000601092 0.0011747 0.005 -0.000555557 0.000243445 -0.000493563 0.00359375 -0.00204142 -0.0012766 0.0025 -0.00233333 -0.00348485 -0.00450981 -0.00409091 -0.00407408
internal_weight=885 767 362 287 88 66 199 42 105 84 47 405 366 332 65 45 267 233 64 169 94 40 75 132 102 55 54
internal_count=885 767 362 287 88 66 199 42 105 84 47 405 366 332 65 45 267 233 64 169 94 40 75 132 102 55 54
is_linear=0
shrinkage=0.05


Tree=250
num_leaves=26
num_cat=0
split_feature=31 43 46 2 39 36 41 13 45 36 45 34 34 43 43 35 41 42 35 36 37 15 43 39 2
split_gain=1.36966 0.973563 1.93562 2.13993 0.971645 0.815554 1.37143 0.604202 0.558761 1.03895 1.18875 1.29492 0.536292 1.23194 0.640152 0.512747 0.406042 0.395062 0.721305 0.325 0.289286 0.224288 0.144499 0.128571 0.0311321
threshold=-0.76830417003134965 -0.31394113728675482 0.43926079330578427 0.055294340792127451 -0.32486763469004559 0.21509454322928637 -0.42536675342141028 -1.0012416680731508 -0.089186875662667059 0.35240425964970001 0.40047531958483784 0.053007265452122664 -0.066391366535159521 -0.41995618829505421 -0.73201858641419826 1.150404211355009 -0.91394151208162355 0.25509801564576601 0.055595742556190021 -0.28265317879471291 -0.20840274225162378 -0.17703185399375715 -0.19637377777861939 -0.39930788949207913 -0.26263696171240541
decision_type=2 2 2 2 2 2 2 2 2 2 2 2 2 2 2 2 2 2 2 2 2 2 2 2 2
left_child=16 2 5 -4 -5 12 -7 -3 17 15 -11 -12 13 14 -2 22 -1 18 23 -16 -13 -18 -10 -9 -14
right_child=1 7 3 4 -6 6 -8 8 9 10 11 20 24 -15 19 -17 21 -19 -20 -21 -22 -23 -24 -25 -26
leaf_value=0.00086360000667605246 0.0045869298508598192 0.0015103402488411011 0.0029465920897349921 -0.00083942874858840266 0.0019468409413738641 0.0014423631526921253 -0.00019634832918732472 -0.00029179908406780288 -1.5305749892588943e-05 0.0023320687283651747 0.0047808379494905431 0.0015485312313854882 -4.691202627084909e-05 0.0019819905699638789 -0.0051297556886350324 0.00041166686614188151 -0.054095939338057265 -0.0011615660459625926 0.014482695866814447 0.00032526608209105666 -0.0041269782185150558 -0.0096918582892938018 -0.011939985133215508 -0.00047043397575280616 -0.014488362353439914
leaf_weight=26 27 23 25 22 20 20 28 20 21 30 20 20 20 23 52 28 126 81 25 20 36 32 66 36 33
leaf_count=26 27 23 25 22 20 20 28 20 21 30 20 20 20 23 52 28 126 81 25 20 36 32 66 36 33
internal_value=0.000738635 0.00175287 0.00396552 0.0114179 0.00452381 0.00172646 0.0075 0.000172413 -0.000300262 0.00133484 0.00490566 0.00157895 0.000142856 0.00196721 -0.000454547 -0.00195652 -0.00309783 -0.00253087 -6.17296e-05 -0.00291667 -0.00232143 -0.00405063 -0.00385058 -0.00321429 -0.0040566
internal_weight=880 696 290 67 42 223 48 406 383 221 106 76 175 122 99 115 184 162 81 72 56 158 87 56 53
internal_count=880 696 290 67 42 223 48 406 383 221 106 76 175 122 99 115 184 162 81 72 56 158 87 56 53
is_linear=0
shrinkage=0.05


Tree=251
num_leaves=28
num_cat=0
split_feature=31 43 45 9 40 46 33 36 45 36 46 33 3 38 45 45 20 42 7 7 20 2 2 7 7 33 8
split_gain=1.27221 0.778502 0.816135 0.728084 0.687435 0.854545 1.79653 1.24741 1.22778 1.15064 0.878854 0.826186 0.712792 0.953008 0.894936 0.675607 0.473014 0.530458 0.456468 0.728139 0.48074 0.273549 0.273485 0.142283 0.127273 0.0350746 0.0348485
threshold=-1.1067532738715262 -0.87508171201193052 -1.117477485682427 -0.47322760733455299 0.70174027370712155 0.48827749903166201 0.37628227321771951 0.21509454322928637 -0.15039465006860517 0.043457397703769336 1.0519696148792559 0.06931884080490168 1.0000000180025095e-35 0.83235079169420489 0.26581821589177401 -0.92161260758342523 0.13280285825846475 1.0000000180025095e-35 -0.1102272586824143 0.22628827200261711 -0.53121143303385876 -0.65393702633336903 -0.48274324806169749 1.0000000180025095e-35 0.63010690882465481 -0.033002303332704257 -0.087601109652781853
decision_type=2 2 2 2 2 2 2 2 2 2 2 2 2 2 2 2 2 2 2 2 2 2 2 2 2 2 2
left_child=-1 -2 -3 21 5 7 9 15 22 10 -7 -10 13 -6 -15 -5 17 18 20 -20 -17 -4 -9 -14 -19 -18 -23
right_child=1 2 3 4 12 6 -8 8 11 -11 -12 -13 23 14 -16 16 25 24 19 -21 -22 26 -24 -25 -26 -27 -28
leaf_value=-0.37178123690065518 0.011181455049614271 -0.021693155660521518 0.0002620852562937048 0.0033714116219757694 -0.0086818970819208998 0.0059505945068389337 -0.00019294025415005176 0.00066094216985631996 0.0003129450667387652 0.0001449237751830851 0.00061089508633118512 0.0045092287642140832 -7.8903722363102182e-05 0.0041789034442764441 0.001092084576609332 -0.0033241656124292176 -0.0078954118807334755 -0.0016013746918391678 0.001730896321268568 1.0070209831851202e-05 0.00120740518261461 -0.042355761635753539 -0.00055144011921407453 -0.008492014067987011 4.4296698270344335e-05 -0.035467439279639801 -0.045223019671069759
leaf_weight=84 27 50 31 28 27 23 35 20 33 25 24 20 21 24 33 26 47 35 22 20 33 46 24 62 20 20 20
leaf_count=84 27 50 31 28 27 23 35 20 33 25 24 20 21 24 33 26 47 35 22 20 33 46 24 62 20 20 20
internal_value=0.000852272 0.00146985 0.00117685 0.0016064 0.00223473 0.00324176 0.00714953 0.00204023 0.00685567 0.0116667 0.0162766 0.0119811 -0.000508983 0.00273809 0.00640351 0.000179282 -0.000739912 0.00076923 0.00292079 0.00690476 8.47446e-05 -0.00242268 0.000681817 -0.00379518 -0.00318182 -0.00425373 -0.00424243
internal_weight=880 796 769 719 622 455 107 348 97 72 47 53 167 84 57 251 223 156 101 42 59 97 44 83 55 67 66
internal_count=880 796 769 719 622 455 107 348 97 72 47 53 167 84 57 251 223 156 101 42 59 97 44 83 55 67 66
is_linear=0
shrinkage=0.05


Tree=252
num_leaves=30
num_cat=0
split_feature=30 46 46 33 43 9 42 40 9 45 46 44 39 39 5 7 46 46 9 16 46 43 33 4 4 35 34 2 2
split_gain=1.53534 0.684961 1.84954 0.9 0.81646 0.827849 0.532289 0.800504 0.902099 0.735134 0.619625 0.917243 0.873038 1.34232 1.5603 0.719528 0.593137 0.592888 1.08827 0.550298 0.461823 0.452233 0.2625 0.201071 0.148718 0.0412281 0.0366667 0.03 0.03
threshold=-0.96772349418990122 1.7259493186100745 1.2357822613512972 0.29101465310304792 -0.8549330218122807 -0.47322760733455299 0.51731529553820776 0.58306722789517595 0.31380950592594797 -1.117477485682427 -0.85968190842997505 -1.0690651454650726 -0.56607580850676353 -0.031732125859607947 -0.13194078383576599 -0.37943968323043936 0.24319397040227339 0.16966891181345684 0.47121692857804814 -0.19245065703302752 -1.117019613490833 0.045002141218274533 -0.44228687988312793 0.25227607101337429 0.15921158975095148 -0.047042551393699235 -0.032277471681650335 0.532191294548927 0.50773504051011675
decision_type=2 2 2 2 2 2 2 2 2 2 2 2 2 2 2 2 2 2 2 2 2 2 2 2 2 2 2 2 2
left_child=25 2 4 -4 -2 24 7 8 9 -7 20 -12 22 14 15 -14 19 23 21 -15 -11 -19 -13 26 -6 -1 -8 -3 -10
right_child=1 27 3 -5 5 6 17 -9 28 10 11 12 13 16 -16 -17 -18 18 -20 -21 -22 -23 -24 -25 -26 -27 -28 -29 -30
leaf_value=-0.18900303711416314 0.019628395977361018 -0.001626965209103782 0.0025030616041601794 0.0016222828412158421 -0.020694530537421058 -0.01522696304035199 -0.00028094183653062991 0.0056352292396687886 -0.0014203381092305831 0.00034485155199712636 0.007260359502217705 2.903964137502906e-05 0.0019863974399220749 -0.00026816303499974071 0.0028075529513215242 -0.00013227367869000987 -0.00019272947785496522 0.00012109488282904548 0.001904189925085944 0.0008500834984139418 -0.00097592384479976949 -0.0095014674796790183 -0.013422633059784639 -0.00045189593767234489 -0.0056209576576835667 -0.16370845965068373 -0.0084185618299962503 -0.060347294673850971 -0.000965478716353394
leaf_weight=94 22 20 20 20 58 25 20 24 30 28 23 20 20 32 28 29 25 29 24 28 30 32 28 26 20 20 55 30 20
leaf_count=94 22 20 20 20 58 25 20 24 30 28 23 20 20 32 28 29 25 29 24 28 30 32 28 26 20 20 55 30 20
internal_value=0.000852272 0.00165796 0.00205307 0.0125 0.00143491 0.00111621 0.00177083 0.00282051 0.00224044 0.00322785 0.00393471 0.00508584 0.00404762 0.00580247 0.0105844 0.00520408 0.00147059 -0.000430109 0.00264706 0.00416667 -0.000689656 -0.000901641 -0.001875 -0.0030198 -0.00371795 -0.0045614 -0.00433333 -0.004 -0.004
internal_weight=880 766 716 40 676 654 576 390 366 316 291 233 210 162 77 49 85 186 85 60 58 61 48 101 78 114 75 50 50
internal_count=880 766 716 40 676 654 576 390 366 316 291 233 210 162 77 49 85 186 85 60 58 61 48 101 78 114 75 50 50
is_linear=0
shrinkage=0.05


Tree=253
num_leaves=29
num_cat=0
split_feature=6 46 46 46 35 41 46 9 41 17 41 12 43 46 39 0 43 36 41 40 3 6 16 34 6 8 10 5
split_gain=1.58048 0.658597 1.34432 0.549029 0.705098 1.24912 0.854398 0.809606 1.00575 0.97009 1.24905 1.0744 0.629531 1.13022 0.997501 0.750669 0.565505 0.488723 0.257255 0.254348 0.205863 0.237201 0.200694 0.165401 0.348718 0.0371795 0.0333333 0.0287234
threshold=-0.86066915928725829 1.7259493186100745 1.2847989670771751 0.77012355695545887 0.50036168300571027 -0.25120128466456521 0.12065220608757911 -0.15841276203035262 0.098595473946056875 0.99613306484079367 -0.45920186036204652 -0.65249174111155672 -0.087973033218472593 -0.19795638113062602 -0.56607580850676353 1.0000000180025095e-35 0.19635942701313097 -0.83189204447636733 0.13849349089787902 0.68454128156046323 0.6850046860900979 -0.25068728491757275 -0.18105726211549936 -0.90218179044613478 -1.0785198287050031 -0.19083854640487727 0.64366286038747311 0.46816899817280094
decision_type=2 2 2 2 2 2 2 2 2 2 2 2 2 2 2 2 2 2 2 2 2 2 2 2 2 2 2 2
left_child=23 2 3 4 7 6 -6 8 9 10 11 -2 13 22 -15 -16 19 -12 -5 -7 21 -19 -9 24 -1 -14 -24 -3
right_child=1 27 -4 18 5 16 -8 12 -10 -11 17 -13 25 14 15 -17 -18 20 -20 -21 -22 -23 26 -25 -26 -27 -28 -29
leaf_value=-0.56643400919033116 0.0013260922970841223 -0.028365140729282652 0.0038171892495504171 -0.0019311009714734655 0.00049100582227666243 0.00039810862176269845 0.0016071181562291718 -0.0056451565100960645 0.000696429146844828 -0.006017030191768565 0.00077178197023130668 0.015364810586601708 -0.0003156960607665665 -0.035470636608741821 0.0014147871325955184 0.0030480804308900796 0.0034176372852064876 0.00069378796287695185 3.1598303070640068e-05 -0.026063007640335457 -0.020844462354502543 -0.0041866071521243099 -0.001143210702311738 -0.083440398342033276 0.0052415729175849021 -0.0014094446386987607 -0.044720208381298428 -0.0045806876394534233
leaf_weight=34 21 20 32 41 23 20 20 36 29 37 20 27 20 22 26 20 34 21 34 26 25 23 40 98 26 58 20 27
leaf_count=34 21 20 32 41 23 20 20 36 29 37 20 27 20 22 26 20 34 21 34 26 25 23 40 98 26 58 20 27
internal_value=0.000795453 0.0017867 0.00218518 0.0016874 0.00221831 0.0055691 0.0124419 0.00129213 0.00362069 0.00218391 0.00412409 0.010625 -0.000661158 0.00109756 0.00602941 0.0102174 0.001875 0.000617976 -0.00233333 -0.00173913 -0.00137681 0.000681817 -0.00239583 -0.00373418 -0.00166667 -0.00435898 -0.00416667 -0.00393617
internal_weight=880 722 675 643 568 123 43 445 203 174 137 48 242 164 68 46 80 89 75 46 69 44 96 158 60 78 60 47
internal_count=880 722 675 643 568 123 43 445 203 174 137 48 242 164 68 46 80 89 75 46 69 44 96 158 60 78 60 47
is_linear=0
shrinkage=0.05


Tree=254
num_leaves=27
num_cat=0
split_feature=6 43 17 16 7 39 12 40 36 16 8 37 20 17 8 20 36 45 45 40 40 2 8 45 2 0
split_gain=1.44017 0.653636 0.706511 0.76566 1.02389 1.27078 1.27258 0.909681 1.32058 0.636278 0.635294 0.608529 0.813392 1.10478 0.719321 1.04348 0.35435 0.349798 1.47368 0.349339 0.640244 0.273529 0.168701 0.155056 0.151807 0.0412281
threshold=-0.94780942705435633 -0.8549330218122807 -1.049003068282234 0.29746532442068219 0.7647131210986674 -0.57280248812345658 0.38921393734185333 0.63982390197915018 0.76433340891094093 1.0000000180025095e-35 0.78991710274002924 -0.19118378970674779 0.6640142912923237 -0.36729102390789165 -0.50055085666116339 0.13280285825846475 -0.38563546611002314 -0.34625952816760708 -0.61557373555373474 -0.76705365561754069 -1.1419916844147022 -0.17704007257656967 0.22211120060350439 1.2206594966244086 -0.27486508873181054 -1.2485767956218454
decision_type=2 2 2 2 2 2 2 2 2 2 2 2 2 2 2 2 2 2 2 2 2 2 2 2 2 2
left_child=25 -2 17 7 5 -5 -7 8 9 11 -6 14 13 -13 15 -4 -15 18 -3 20 -16 -12 -11 -19 -9 -1
right_child=1 2 3 4 10 6 -8 24 -10 22 21 12 -14 16 19 -17 -18 23 -20 -21 -22 -23 -24 -25 -26 -27
leaf_value=-0.095417583757188298 0.015333352239415421 -0.0012068345681756098 0.0035649561590065425 -0.00024938179068366661 0.0013649779463948018 0.0033994884157886661 0.00078367513735111199 -0.00051518600855405877 0.0026624028310918788 -0.0014531625070470905 0.033119009816542415 0.0015920338452338261 0.001813707106268783 -0.0050034097539492063 -0.011033063243225267 -0.0064955165870062281 0.0041908215263475757 -0.0027525731662662641 0.00083123841155261489 -0.017633693171279847 0.0035733400530679957 -0.087681181092866267 -0.00026135053096395622 0.00016502676736325427 -0.028366604872573128 -0.20829232362395708
leaf_weight=20 24 36 27 21 34 21 22 20 29 43 20 24 29 29 21 23 33 69 21 55 20 31 31 20 63 94
leaf_count=20 24 36 27 21 34 21 22 20 29 43 20 24 29 29 21 23 33 69 21 55 20 31 31 20 63 94
internal_value=0.000681817 0.00146214 0.00119946 0.00196309 0.00506711 0.00984375 0.0147674 0.00092841 0.00200549 0.0011194 0.00147059 0.00227969 0.005 0.00255814 0.000136985 0.005 -0.000967743 -0.00191781 0.00114035 -0.00239583 0.00109756 -0.00205882 -0.00297297 -0.00387641 -0.00379518 -0.0045614
internal_weight=880 766 742 596 149 64 43 447 364 335 85 261 115 86 146 50 62 146 57 96 41 51 74 89 83 114
internal_count=880 766 742 596 149 64 43 447 364 335 85 261 115 86 146 50 62 146 57 96 41 51 74 89 83 114
is_linear=0
shrinkage=0.05


Tree=255
num_leaves=28
num_cat=0
split_feature=6 46 20 44 8 20 41 3 35 8 6 39 9 43 16 34 12 11 7 46 34 34 12 40 39 35 2
split_gain=1.83901 0.746978 0.814423 1.4255 2.12391 1.01787 1.39367 1.40925 1.01713 1.32723 1.31827 1.21653 1.11501 0.881633 0.675 0.46002 0.456269 0.364069 0.486195 0.580501 0.241071 0.210345 0.166942 0.164286 0.118367 0.111111 0.0272727
threshold=-0.94780942705435633 1.885253612219177 -0.66401429129232348 0.25185786143906741 0.42858607410769528 -0.066401429129232345 -0.34663178398224087 0.6850046860900979 1.0306595350801382 -0.39731341990906804 -0.25068728491757275 -0.49659855998703517 0.10393294238981436 -0.13670394518780876 -0.067123312940218061 0.34297537170695086 1.0000000180025095e-35 0.21417165095860605 -0.1102272586824143 0.45151496973725369 -0.39047336764349688 0.71822821509555212 -1.4337709999516142 -0.51594837027632179 -0.37834506580389987 -0.73129784439296086 0.55664754858773724
decision_type=2 2 2 2 2 2 2 2 2 2 2 2 2 2 2 2 2 2 2 2 2 2 2 2 2 2 2
left_child=22 2 3 15 13 6 -4 -8 9 10 11 -7 -10 24 20 23 -17 18 25 -20 -9 -19 -1 -2 -5 -11 -3
right_child=1 26 5 4 -6 8 7 14 12 17 -12 -13 -14 -15 -16 16 -18 21 19 -21 -22 -23 -24 -25 -26 -27 -28
leaf_value=-0.040086673987833485 -5.5103946271145829e-05 -0.0032824621528327416 0.0053604984793181286 0.00011009642550314034 0.0019461145204038889 0.013651640157385465 0.00063769979325380849 0.00011985920875113357 0.0015194979346315495 -0.00033256954625973407 0.0037345309332599548 -0.0087989631746388779 0.0023590598469462351 0.0011801934350410899 0.0014697078930362934 0.003048256837030471 -0.0023387868869946702 -0.0091440822052366658 0.001435760891996758 -5.5649989686906431e-05 -0.049281437258913138 -0.0015377559448681273 -0.15575726711498317 -0.00073769778069039606 -0.0057214579926595406 -0.0096458440790845174 -0.052796278530206034
leaf_weight=20 20 20 32 20 27 25 21 21 27 20 23 34 37 21 32 20 23 61 34 20 27 29 101 92 29 25 24
leaf_count=20 20 20 32 20 27 25 21 21 27 20 23 34 37 21 32 20 23 61 34 20 27 29 101 92 29 25 24
internal_value=0.00155367 0.00246073 0.00284722 0.000555554 0.00530928 0.0040812 0.00778195 0.00490099 0.00261194 0.00127306 0.00658536 0.00262712 0.00828125 0.000714285 0.001875 -0.00241936 0.00197674 -0.00103175 0.0010606 0.00425926 -0.001875 -0.00333333 -0.00417355 -0.00410714 -0.00295918 -0.00277778 -0.00386364
internal_weight=885 764 720 252 97 468 133 101 335 271 82 59 64 70 80 155 43 189 99 54 48 90 121 112 49 45 44
internal_count=885 764 720 252 97 468 133 101 335 271 82 59 64 70 80 155 43 189 99 54 48 90 121 112 49 45 44
is_linear=0
shrinkage=0.05


Tree=256
num_leaves=30
num_cat=0
split_feature=6 2 9 2 9 2 35 2 4 8 4 16 3 36 41 6 7 43 3 12 46 13 8 39 33 42 3 4 2
split_gain=1.58059 0.826881 0.931006 0.72726 0.674848 1.21768 1.07431 1.51392 1.11364 0.959659 1.19505 1.31805 0.857143 0.678549 0.662043 0.665186 1.18158 0.590325 0.480769 0.479167 0.445716 0.364222 0.340562 0.31916 0.317856 0.906874 0.0392473 0.0282609 0.0267442
threshold=-1.0785198287050031 1.3637039318684747 -0.36828932556648614 -1.0085527098961171 -0.21088190291438599 -0.53165575613931781 -0.098361698368643849 -0.091443183440733891 -0.3061108165611624 0.78991710274002924 0.066147108488528672 0.36582569392585096 0.2319176999979152 1.1247714145145269 -0.68236087858218153 0.79499592828760257 -0.1102272586824143 -0.025778950431571735 0.2319176999979152 1.0000000180025095e-35 0.096143853224640238 -1.0012416680731508 0.73829838436398154 -0.77749376957443761 -0.44228687988312793 -0.22678807985468322 1.1380916721822807 -0.11998185403631688 0.25094437310260931
decision_type=2 2 2 2 2 2 2 2 2 2 2 2 2 2 2 2 2 2 2 2 2 2 2 2 2 2 2 2 2
left_child=-1 2 3 -2 6 24 7 8 -4 10 13 12 -12 14 -7 16 19 -18 -8 -16 -11 -5 -3 -23 -6 -26 -25 -27 -22
right_child=1 22 4 21 5 9 18 -9 -10 20 11 -13 -14 -15 15 -17 17 -19 -20 -21 28 23 -24 26 25 27 -28 -29 -30
leaf_value=-0.33903040132007911 0.0059947087187050916 -0.033767714485693399 0.00087075090898501703 4.4434934549904486e-05 -0.0095506409948602645 -0.0013205592255285854 -0.0083001765401979517 0.00011886065519449776 0.015099344342508049 0.0011816085654300298 0.0092651031715179806 0.0036873933583866968 -0.0005339862129321634 0.0023452179439151467 -0.014592728528350153 -0.00033688094175732047 0.0017798146525551826 0.0019149451932360128 0.0013439279749983099 0.0029533005823111323 -0.014083996513071679 0.002138592511876862 0.0011453771901859353 -0.025602763473215946 0.0014333695116205945 -0.0020031513680642361 -0.0053144808422117308 -0.0056105856022654341 -0.0027459060864547767
leaf_weight=86 24 53 22 32 43 24 26 20 22 34 21 20 21 24 23 26 32 21 26 25 20 20 30 73 28 26 20 20 23
leaf_count=86 24 53 22 32 43 24 26 20 22 34 21 20 21 24 23 26 32 21 26 25 20 20 30 73 28 26 20 20 23
internal_value=0.00144068 0.00213392 0.00268156 -0.000562131 0.00368373 0.00277262 0.00706896 0.0114062 0.0165909 0.0043949 0.00597046 0.0119355 0.00690476 0.00385714 0.00261589 0.00405512 0.00589109 0.0110377 0.00173077 0.000208332 -0.000454547 -0.00189655 -0.00259036 -0.00323009 -0.0015812 0.000405404 -0.00446237 -0.00391304 -0.00383721
internal_weight=885 799 716 169 547 431 116 64 44 314 237 62 42 175 151 127 101 53 52 48 77 145 83 113 117 74 93 46 43
internal_count=885 799 716 169 547 431 116 64 44 314 237 62 42 175 151 127 101 53 52 48 77 145 83 113 117 74 93 46 43
is_linear=0
shrinkage=0.05


Tree=257
num_leaves=26
num_cat=0
split_feature=6 46 39 48 0 35 36 44 13 43 44 39 48 2 40 45 47 12 11 39 4 0 46 8 2
split_gain=1.44498 0.809373 1.02231 0.858651 1.71445 0.738468 0.732784 0.692078 0.619548 1.06813 0.855696 1.8 0.656828 0.745372 0.58468 0.748301 0.512121 0.456769 0.444444 0.311688 0.306399 0.223332 0.231397 0.1 0.0303922
threshold=-1.0785198287050031 -1.0067320256076082 0.60924216577533341 1.1380916721822807 -1.0000000180025095e-35 -1.2444893141424069 -0.31698060789981636 -0.27406518760609949 0.19893427236597411 -0.55931868460698064 0.22739632427417591 -0.25871688179111957 0.2319176999979152 -0.091443183440733891 0.037859176846091823 0.033228673149209152 1.0000000180025095e-35 -0.13163890188485169 0.21417165095860605 0.2549580798833827 -0.49223977908600797 -1.2485767956218454 0.53729420475753975 -0.087601109652781853 -0.11589943747954412
decision_type=2 2 2 2 2 2 2 2 2 2 2 2 2 2 2 2 2 2 2 2 2 2 2 2 2
left_child=-1 19 3 5 -5 -3 16 -6 12 -10 17 18 14 -14 21 -16 -4 -11 -12 -2 -8 -7 -23 -15 -19
right_child=1 2 6 4 7 8 20 -9 9 10 11 -13 13 23 15 -17 -18 24 -20 -21 -22 22 -24 -25 -26
leaf_value=-0.32207888125407474 -0.0010548921874703214 0.018273602658481682 0.033158825970244402 0.0043325378868087619 -0.0074002064870750013 0.0037668983465477864 1.7700909552767633e-05 0.00049880367875375516 0.0021318426000312835 0.0010490297369482547 0.0027922106788538167 0.0061331541873147089 0.00074091616950156805 0.00055473689545890994 0.0013326391008306512 -0.00030128195982479774 -0.00395643757557778 -0.0048380581458952569 -0.032879595111415388 0.00040465222791164206 -0.0026490149337550606 -0.007806152770036108 3.7248269604852477e-06 -0.0045962475653185406 -0.015399439463865697
leaf_weight=86 56 21 20 35 28 22 23 22 35 28 20 36 33 20 23 39 24 20 25 21 83 85 29 20 31
leaf_count=86 56 21 20 35 28 22 23 22 35 28 20 36 33 20 23 39 24 20 25 21 83 85 29 20 31
internal_value=0.00115819 0.00182103 0.00234072 0.00330419 0.00794118 0.00249487 -0.00133333 0.002 0.00208154 0.00423077 0.0025 0.00611111 0.000535054 0.00458904 -0.000959597 0.00306451 0.00409091 -0.00120253 -0.000555557 -0.00305195 -0.00358491 -0.00279412 -0.00368421 -1.19209e-09 -0.00401961
internal_weight=885 799 722 572 85 487 150 50 466 195 160 81 271 73 198 62 44 79 45 77 106 136 114 40 51
internal_count=885 799 722 572 85 487 150 50 466 195 160 81 271 73 198 62 44 79 45 77 106 136 114 40 51
is_linear=0
shrinkage=0.05


Tree=258
num_leaves=27
num_cat=0
split_feature=16 39 17 39 33 46 46 30 12 16 36 30 10 30 46 12 12 12 42 2 45 0 49 33 30 13
split_gain=1.51834 1.32837 0.944029 1.1967 1.23626 1.25187 1.20275 0.771503 1.26939 1.44278 0.810713 0.685959 1.24063 1.13002 0.657197 0.611954 0.585389 0.704167 0.625 0.460227 0.584416 0.2625 0.148628 0.276517 0.262083 0.139843
threshold=-0.1126968926103306 0.61908629798243575 -0.14005367578311081 -0.56607580850676353 -0.51050097597486521 0.65983596907223407 -0.038652087521523472 -1.1036836210495513 -1.1733445803382618 -0.43171195030111825 -0.33414432245236808 0.79975815498555203 0.069578095718000374 0.39187777440660126 -0.59009002693764767 0.38921393734185333 0.38921393734185333 -0.13163890188485169 -0.91844799926908505 -0.34823385084824121 -0.45643352209829569 -1.0000000180025095e-35 1.0000000180025095e-35 -0.015948779309769939 -0.5598431136109504 0.19893427236597411
decision_type=2 2 2 2 2 2 2 2 2 2 2 2 2 2 2 2 2 2 2 2 2 2 2 2 2 2
left_child=7 2 11 15 -5 6 -6 -1 9 -9 16 12 21 -14 -3 -4 17 19 -19 20 -10 -2 -12 24 -24 -16
right_child=1 14 3 4 5 -7 -8 8 10 -11 22 -13 13 -15 25 -17 -18 18 -20 -21 -22 -23 23 -25 -26 -27
leaf_value=-0.30597493719137114 0.00047994740721006503 0.14986144665046255 -0.00066872471914317143 3.1124547152239134e-05 0.0021005426339068857 0.00090885690675006283 0.0087301131064377157 0.010073651119134878 -0.00055366294808956238 -0.020159546860166758 -0.011809511196596227 -0.010698800046321922 0.00026460721225619025 0.0023056390027132874 -0.00019818182613331361 0.0011859864736731857 -0.0015184651795047165 0.0026617828641216424 0.0057208210344746385 -0.036527962652132207 0.0090837504317083078 -0.0025845427340432468 -0.0043925989591015275 -0.014512788905668398 0.0012212237699044299 -0.00088026636920589436
leaf_weight=86 20 23 37 26 38 24 29 31 35 21 78 39 32 25 21 28 39 20 20 25 20 28 23 39 20 58
leaf_count=86 20 23 37 26 38 24 29 31 35 21 78 39 32 25 21 28 39 20 20 25 20 28 23 39 20 58
internal_value=0.00127119 0.00341121 0.00496932 0.00736264 0.0103846 0.0131319 0.0166418 -0.000733043 0.000256063 0.0075 -0.000924766 0.00194444 0.00404762 0.00903509 -0.00156863 0.00192308 0.00160377 0.00333333 0.00875 0.000624999 0.00318182 -0.001875 -0.0034375 -0.00195122 0.000813952 -0.00373418
internal_weight=885 428 326 182 117 91 67 457 371 52 319 144 105 57 102 65 159 120 40 80 55 48 160 82 43 79
internal_count=885 428 326 182 117 91 67 457 371 52 319 144 105 57 102 65 159 120 40 80 55 48 160 82 43 79
is_linear=0
shrinkage=0.05


Tree=259
num_leaves=30
num_cat=0
split_feature=6 39 20 2 20 41 12 16 37 17 35 45 17 37 4 17 20 2 2 14 5 40 44 2 15 44 7 4 0
split_gain=1.29028 0.963226 0.766476 1.89394 0.771385 1.0929 0.720245 1.11782 1.44441 1.53186 0.956394 1.83508 0.907937 1.41429 0.697233 0.468405 0.433235 1.89652 0.429633 0.670654 0.4 0.318018 0.238384 0.4 0.226068 0.0411504 0.0386364 0.0277778 0.0256098
threshold=-1.0785198287050031 0.70954743468261972 -1.5272328699723439 0.25094437310260931 -0.73041572042155589 0.091467123652367949 1.1704931961819109 -0.10130349769280246 -0.91437979659153801 0.31442102046645098 -0.74840422671794238 -0.48091663186067091 -0.36729102390789165 0.6869827900819262 -0.11998185403631688 -1.2762404164070149 -0.066401429129232345 -0.72730578844979965 -0.20149632661537989 1.0000000180025095e-35 0.56496089849676345 -0.45747179697768209 -0.71437285657414618 -0.60502451825574854 1.1626246153537074 0.76555014190178861 -0.24483347095642685 -0.11998185403631688 1.0000000180025095e-35
decision_type=2 2 2 2 2 2 2 2 2 2 2 2 2 2 2 2 2 2 2 2 2 2 2 2 2 2 2 2 2
left_child=-1 2 3 -2 5 15 7 8 9 -6 -9 -12 20 14 -14 -4 17 -10 19 -3 -13 -17 23 -18 27 -23 -20 -8 -19
right_child=1 18 4 -5 6 -7 24 10 16 -11 11 12 13 -15 -16 21 22 28 26 -21 -22 25 -24 -25 -26 -27 -28 -29 -30
leaf_value=-0.29067619033180286 0.0029517064580427245 -0.0021470769260164917 0.00025503196942462539 -0.00076427219391033124 0.012619607195929137 0.0011453924974877663 -0.00014281722905674243 -0.0022023587323436859 0.018714104656970331 7.8782624551359921e-05 0.0032514431580926251 0.0011652551120610235 0.0013354629214236066 0.00010638643764304605 0.0030523606883774484 0.00018317347482823423 -0.034476744511200121 -0.00074059854262254713 -0.0021129435732258994 0.12647954898313946 -0.0092749637165575327 -0.0015639441880497243 -0.0063609758669449902 0.0019964248488996529 0.00011041558960088452 -0.0017619665675107519 -0.0013904058054942355 -0.034171906237142051 -0.019453665032596573
leaf_weight=86 20 33 21 24 24 20 20 22 20 27 20 20 22 32 23 21 20 20 20 24 20 93 59 20 20 20 68 25 21
leaf_count=86 20 33 21 24 24 20 20 22 20 27 20 20 22 32 23 21 20 20 20 24 20 93 59 20 20 20 68 25 21
internal_value=0.000819208 0.00144556 0.002263 0.00863636 0.00180328 -0.001 0.00293103 0.00378378 0.0013981 0.00872549 0.00694968 0.00850365 0.00611111 0.00928571 0.015 -0.00241936 -0.000937501 0.00237705 -0.00224138 0.00114035 -1.19209e-09 -0.00350746 -0.0029798 -1.19209e-09 -0.00192308 -0.00455752 -0.00443182 -0.00388889 -0.00378049
internal_weight=885 799 654 44 610 175 435 370 211 51 159 137 117 77 45 155 160 61 145 57 40 134 99 40 65 113 88 45 41
internal_count=885 799 654 44 610 175 435 370 211 51 159 137 117 77 45 155 160 61 145 57 40 134 99 40 65 113 88 45 41
is_linear=0
shrinkage=0.05


Tree=260
num_leaves=25
num_cat=0
split_feature=30 35 39 44 16 16 33 34 16 20 46 16 9 43 45 36 9 15 49 34 43 34 39 0
split_gain=1.16862 1.03986 1.17134 0.740413 0.741899 0.912918 0.704333 1.79147 0.678404 0.625 0.584582 0.546521 1.55894 0.536117 0.5287 0.413232 0.3647 0.581527 0.299645 0.555042 0.198957 0.171631 0.147335 2.22045e-16
threshold=-0.96772349418990122 -1.3984467550672408 0.32754710549827271 -1.0690651454650726 -0.1126968926103306 -0.055729918022689943 0.95610208999748658 0.87174074193634354 -0.42031855538359009 -0.066401429129232345 -0.82291937913556679 0.21771155999798522 0.051463801505780955 -0.51018906570032496 1.1288478350155016 0.42105911785990685 -0.053474480262285844 0.49279638067997511 -0.6747314249098697 0.34297537170695086 -0.12253267799145244 -0.7827831584588526 0.27891946021281699 0.74914607737310757
decision_type=2 2 2 2 2 2 2 2 2 2 2 2 2 2 2 2 2 2 2 2 2 2 2 2
left_child=22 -2 3 9 8 -6 11 -8 13 -3 -4 16 -13 -5 20 -14 -7 -18 19 -12 -10 -20 -1 -23
right_child=1 2 10 4 5 6 7 -9 14 -11 18 12 15 -15 -16 -17 17 -19 21 -21 -22 23 -24 -25
leaf_value=-0.14464787787024921 0.0079803209028610194 0.0042294265004680937 0.0086536279183314201 0.0037535953057472788 0.00050671227811697887 -0.00066164324449077437 0.0085994754022682123 -0.0014293103723730207 -0.0041458804939552424 0.0057733545526090554 -0.0089180923112372381 0.0016263196984267958 -0.0076592798725462988 -0.00015192590269659718 0.0014609099862843097 0.0010789392315581786 0.0020205447629534578 -0.013491940680381851 -1.9099401814105919e-05 0.0011693345957381111 -0.0001310335054125047 -0.0077917813125321566 -0.1403091831792779 -0.0061508400724406224
leaf_weight=94 20 20 25 35 26 42 21 25 89 20 24 30 39 36 20 34 34 23 20 23 33 84 22 37
leaf_count=94 20 20 25 35 26 42 21 25 89 20 24 30 39 36 20 34 34 23 20 23 33 84 22 37
internal_value=0.000536528 0.00125 0.000945945 0.00221062 0.00167351 0.00339416 0.00245968 0.00804348 -0.000539907 0.00875 -0.0021831 0.00118812 0.00373786 0.0034507 -0.00253521 -0.000205481 -0.00146465 0.00114035 -0.0031383 0.000319148 -0.00377049 -0.00429078 -0.00413793 -0.005
internal_weight=876 760 740 527 487 274 248 46 213 40 213 202 103 71 142 73 99 57 188 47 122 141 116 121
internal_count=876 760 740 527 487 274 248 46 213 40 213 202 103 71 142 73 99 57 188 47 122 141 116 121
is_linear=0
shrinkage=0.05


Tree=261
num_leaves=27
num_cat=0
split_feature=6 40 36 5 7 4 16 46 9 17 15 18 34 10 9 39 10 46 7 5 39 46 43 2 2 2
split_gain=1.40445 0.828009 1.3376 1.71264 0.759375 0.583731 0.888683 0.853137 0.852273 0.627575 0.832553 0.952424 0.762847 0.755831 1.59489 0.516841 0.782248 0.456515 0.471303 0.736795 1.05834 0.686275 0.286392 0.040566 0.0383721 0.0261905
threshold=-1.0785198287050031 0.70174027370712155 0.73000597980583748 0.33266033771925357 1.3031379701947179 0.71759847732548832 0.21771155999798522 0.36573573471696769 0.051463801505780955 -1.5034777645317958 -0.6235840104429119 0.57353148677851917 -0.8339540007391163 -0.60018746306305093 -0.21088190291438599 -0.47526811973299959 0.64366286038747311 0.64758179264076465 -0.1102272586824143 -0.073865643641388562 -0.23384573450266691 0.18192308824492626 -0.24924714482631058 1.2291945346550186 -0.83735893162444575 0.14089122992796327
decision_type=2 2 2 2 2 2 2 2 2 2 2 2 2 2 2 2 2 2 2 2 2 2 2 2 2 2
left_child=-1 2 5 -4 15 6 9 8 -8 -2 11 12 -11 -14 -15 16 -3 18 21 20 -20 22 24 -17 -12 -7
right_child=1 4 3 -5 -6 25 7 -9 -10 10 17 -13 13 14 -16 23 -18 -19 19 -21 -22 -23 -24 -25 -26 -27
leaf_value=-0.2638107052867153 0.00057350044170780023 0.0022262264159637981 0.00073715163784841234 0.0024269281955909112 0.0014264205370815093 -0.007881910986188654 0.00046905079822944971 0.002673440040095973 -0.010774829863032132 -0.0051215297379210815 -0.003675457536783275 0.0035444424639425294 -0.00052630483856824675 0.017626350286974287 -0.00030988912166891343 -0.0027334411735995975 -0.0067567204856086418 -0.0023770124719478449 -4.2592098495574328e-05 -0.00060882627797915253 0.0028068825476404622 0.00080795975455693909 0.00056139684294277269 -0.020424773861426757 -0.014128155531901374 -0.028150629987247534
leaf_weight=85 30 29 39 27 32 20 22 29 32 26 20 21 21 21 22 86 25 50 21 34 22 21 33 20 66 22
leaf_count=85 30 29 39 27 32 20 22 29 32 26 20 21 21 21 22 86 25 50 21 34 22 21 33 20 66 22
internal_value=0.0011073 0.00176359 0.00267946 0.00939394 -0.00109375 0.00184803 0.00233197 0.00704819 0.00333333 0.00137255 0.000820105 0.00445946 0.00222222 0.00515625 0.00895349 -0.0025 0.00148148 -0.000692885 0.000299538 0.00344156 0.0077907 -0.00142857 -0.00289916 -0.0045283 -0.00441861 -0.00380953
internal_weight=876 791 599 66 192 533 491 83 54 408 378 111 90 64 43 160 54 267 217 77 43 140 119 106 86 42
internal_count=876 791 599 66 192 533 491 83 54 408 378 111 90 64 43 160 54 267 217 77 43 140 119 106 86 42
is_linear=0
shrinkage=0.05


Tree=262
num_leaves=24
num_cat=0
split_feature=6 35 39 38 33 11 36 3 37 34 42 18 19 44 45 10 35 16 44 42 37 2 2
split_gain=1.2267 0.999084 1.21585 1.34521 1.27947 1.56577 1.89779 1.79095 1.2398 0.656207 1.61441 0.613834 0.941023 0.795775 0.763636 0.491873 0.3 0.271007 0.258048 0.157216 0.152941 0.125926 0.033871
threshold=-1.0785198287050031 -1.2787020787923702 0.5110009486938466 -0.86179520838189394 -0.28880516367671905 1.0000000180025095e-35 0.35240425964970001 0.2319176999979152 -0.22562169479649971 0.87174074193634354 0.98040090681995318 -0.58622960087693643 1.0000000180025095e-35 1.0223962821331494 -0.34625952816760708 1.6961515956148399 -0.029936169068717693 0.58230019735888561 1.0468578192980409 0.2966569807607945 -0.94881770168128987 -0.65393702633336903 -0.16481194555716455
decision_type=2 2 2 2 2 2 2 2 2 2 2 2 2 2 2 2 2 2 2 2 2 2 2
left_child=-1 -2 3 20 5 7 21 8 -5 10 11 13 14 19 -13 18 -16 22 -4 -6 -3 -7 -11
right_child=1 2 15 4 9 6 -8 -9 -10 17 -12 12 -14 -15 16 -17 -18 -19 -20 -21 -22 -23 -24
leaf_value=-0.25062017002237952 0.011635146196332722 -0.00044075062646712341 -0.0079812137821300769 0.003367220446854462 -0.0069186081521363518 -0.0004036630139875222 0.0033366181343283427 0.01374652249980486 -1.1608382188649409e-05 -0.006181803625406667 0.0017006762780188624 0.001553846403713535 0.0040893372956406562 0.00062342584006779206 0.0019453686482269446 0.0023994143892582271 -0.0021925820417147027 0.000456754576448785 6.2942028599944761e-06 -5.1711399192720472e-05 -0.0050227096022152267 -0.018854639097189888 -0.0025244633067020485
leaf_weight=85 34 20 114 21 61 20 24 20 28 20 38 28 36 20 20 22 40 20 28 36 65 34 42
leaf_count=85 34 20 114 21 61 20 24 20 28 20 38 28 36 20 20 22 40 20 28 36 65 34 42
internal_value=0.000707761 0.00132111 0.000944517 0.00199831 0.00297244 0.00690476 0.00205128 0.0123913 0.0072449 0.00137119 0.00252688 0.0010166 0.00346774 -0.0015812 0.000681817 -0.00286585 -0.0025 -0.00256098 -0.00394366 -0.00345361 -0.00382353 -0.00314815 -0.00419355
internal_weight=876 791 757 593 508 147 78 69 49 361 279 241 124 117 88 164 60 82 142 97 85 54 62
internal_count=876 791 757 593 508 147 78 69 49 361 279 241 124 117 88 164 60 82 142 97 85 54 62
is_linear=0
shrinkage=0.05


Tree=263
num_leaves=27
num_cat=0
split_feature=6 39 6 15 34 42 15 42 7 17 2 2 44 14 34 7 17 0 39 5 5 11 44 2 0 2
split_gain=1.25136 1.1415 0.610457 1.12407 0.982456 1.21322 1.58309 1.41934 0.960542 0.821183 0.731847 0.633412 0.538106 1.07599 0.494444 0.478604 0.419048 0.412556 0.676407 0.400216 0.701299 0.514286 0.131034 0.0346154 0.034375 0.0318182
threshold=-1.0785198287050031 0.75396588188953773 -0.25068728491757275 1.0000000180025095e-35 0.5135448459744969 -0.84522506073308268 -0.17703185399375715 -0.36135996689382266 -1.1197738507375083 1.2233704129655745 0.36099751627725535 -0.16481194555716455 0.557627076000211 0.77046870709449045 1.5625471127199049 0.69741001496166122 0.2008023464040605 0.74914607737310757 -0.83102888188217994 -0.46103324493723813 -0.67397542564995538 1.0000000180025095e-35 -0.34744979910077395 -0.72730578844979965 -1.0000000180025095e-35 -0.49497137508110262
decision_type=2 2 2 2 2 2 2 2 2 2 2 2 2 2 2 2 2 2 2 2 2 2 2 2 2 2
left_child=-1 2 8 4 5 -4 7 -7 -2 11 -9 24 15 -14 -3 22 -6 18 -10 20 21 -20 -13 -19 -5 -21
right_child=1 14 3 9 16 6 -8 10 17 -11 -12 12 13 -15 -16 -17 -18 23 19 25 -22 -23 -24 -25 -26 -27
leaf_value=-0.2380891615212602 0.012801727893423993 -0.0048694978464889974 -0.0049153038228720485 -0.0005782261672803798 0.00016358642556382771 0.00095109257404621568 0.0045507447965554499 0.0011135861016997942 0.0089311263918774256 0.0013613662241980082 -0.01165790236705066 -0.00042559493968980937 0.001684671623331158 -0.0054752839494031542 0.00072084468272187892 0.00043024692588686676 -0.00071334361698331737 -0.028300261081457091 -0.0050547340437031548 -0.00037484027595163772 0.0047944747099176064 0.00044622776463717383 -0.0014539040528882667 -0.044937534503261378 -0.0025787901895014862 -0.02097439104346108
leaf_weight=85 29 89 26 20 20 25 29 33 22 39 20 20 34 23 36 25 22 20 36 20 21 20 38 45 44 35
leaf_count=85 29 89 26 20 20 25 29 33 22 39 20 20 34 23 36 25 22 20 36 20 21 20 38 45 44 35
internal_value=0.000764839 0.00138432 0.00220721 0.0033732 0.00642857 0.00853383 0.0108878 0.00717949 0.000241934 0.00117284 0.00254717 -9.80404e-05 0.00178571 0.00552631 -0.003 -0.000783134 -0.000238096 -0.000890412 0.000519479 -0.000833335 0.00149351 -0.00142857 -0.00327586 -0.00423077 -0.00421875 -0.00409091
internal_weight=876 791 666 418 175 133 107 78 248 243 53 204 140 57 125 83 42 219 154 132 77 56 58 65 64 55
internal_count=876 791 666 418 175 133 107 78 248 243 53 204 140 57 125 83 42 219 154 132 77 56 58 65 64 55
is_linear=0
shrinkage=0.05


Tree=264
num_leaves=27
num_cat=0
split_feature=6 39 39 39 1 6 13 40 4 2 2 37 9 6 6 2 35 46 37 2 37 2 11 8 11 2
split_gain=1.37832 0.727616 0.753171 0.849496 1.17162 0.731682 1.74857 1.4589 1.23354 1.09352 1.50529 1.27038 0.701299 0.638988 1.3193 0.816071 0.862854 0.546429 0.625 0.457589 0.364004 0.171237 0.134426 0.0747005 0.0336066 0.0277778
threshold=-1.0785198287050031 0.75396588188953773 -1.0784519815547018 -0.83102888188217994 1.0000000180025095e-35 0.22858418780146592 -0.20112437444706763 0.26832567161131954 1.0000000180025095e-35 0.11643497588915303 -0.33600572382883614 -0.15674588461699587 -0.21088190291438599 -0.25068728491757275 1.0000000180025095e-35 -0.76399016950801502 -0.86814890299281322 -0.038652087521523472 1.0000000180025095e-35 -0.25040883469300029 0.39426059681903486 0.43436627839368602 0.21417165095860605 0.68667966598793384 1.0000000180025095e-35 0.043066213772722343
decision_type=2 2 2 2 2 2 2 2 2 2 2 2 2 2 2 2 2 2 2 2 2 2 2 2 2 2
left_child=-1 2 25 4 12 7 -7 9 20 10 13 -12 -4 15 -15 16 -5 -10 -19 -3 21 -8 -11 -21 -17 -2
right_child=1 19 3 5 -6 6 8 -9 17 22 11 -13 -14 14 -16 24 -18 18 -20 23 -22 -23 -24 -25 -26 -27
leaf_value=-0.22618470344519725 -0.0012418507303430437 0.00015982718890281524 0.0091214892279465123 0.012093727214696542 -0.0021804286273296902 0.00095660036123776599 -0.00027032655410250979 -0.010815311495887664 2.580747668605928e-05 -0.03416115644527766 0.00093608628922126752 0.0042303710959245176 0.0017856448421808603 0.0018458550206895471 -0.00013508067951848411 -0.014842258093943992 -0.00024950076706084918 0.0011435166444898296 0.0013198215481945096 -0.007568855866606744 -0.0027624229426692621 0.00083087254063046463 -0.0001509565788412726 -0.0016679227607711629 -0.039844010032476049 -0.028930666715319665
leaf_weight=85 25 39 21 20 20 32 26 83 28 41 31 24 33 26 21 41 34 20 20 53 40 20 20 33 20 20
leaf_count=85 25 39 21 20 20 32 26 83 28 41 31 24 33 26 21 41 34 20 20 53 40 20 20 33 20 20
internal_value=0.00105023 0.00170038 0.00235736 0.00280998 0.00783784 0.0021298 0.00467742 0.000817173 0.00246753 0.00255396 0.00421659 0.0113636 0.0116667 0.00179012 0.00670213 -0.000217392 0.00425926 0.0075 0.01125 -0.0018 -0.00151163 0.00152174 -0.00336066 -0.00383721 -0.00418033 -0.00388889
internal_weight=876 791 666 621 74 547 186 361 154 278 217 55 54 162 47 115 54 68 40 125 86 46 61 86 61 45
internal_count=876 791 666 621 74 547 186 361 154 278 217 55 54 162 47 115 54 68 40 125 86 46 61 86 61 45
is_linear=0
shrinkage=0.05


Tree=265
num_leaves=26
num_cat=0
split_feature=9 43 39 13 16 47 44 6 13 40 2 7 44 45 33 35 41 16 42 14 47 6 15 41 9
split_gain=1.86264 1.22594 1.49766 1.59091 2.65094 1.26825 1.10248 0.858458 0.71165 0.959125 0.618947 1.03644 0.586957 0.456837 0.4 0.375578 0.518228 0.825472 0.438312 0.311765 0.287433 0.243426 0.378788 0.0447368 0.0373418
threshold=-0.053474480262285844 -0.061384186020540153 -0.36667108193857273 0.59899291917901587 -0.010156338352577421 -0.6742562721864499 0.11731940703216424 0.44643485721921083 -1.0012416680731508 -0.47467078912434074 0.76452570791762409 0.36089448427662973 -0.56760363358479726 -0.4686750769794833 0.49565694137825983 -1.2787020787923702 -0.78917105849296187 -0.60261287406404007 -1.232119235970609 -0.45157717275436821 1.0000000180025095e-35 -0.16354701715047482 1.0000000180025095e-35 0.70423716746628251 0.41874778769401477
decision_type=2 2 2 2 2 2 2 2 2 2 2 2 2 2 2 2 2 2 2 2 2 2 2 2 2
left_child=6 2 10 4 -4 -3 15 8 -8 -10 11 12 -2 -7 -5 18 17 -17 -1 -11 -15 23 -23 -18 -22
right_child=1 5 3 14 -6 13 7 -9 9 19 -12 -13 -14 20 -16 16 21 -19 -20 -21 24 22 -24 -25 -26
leaf_value=0.01237731966492076 0.0023047078789475025 0.0012118100458712688 0.0050972778757368787 -0.0072613227872376229 0.0076169546680648799 0.0021093865970790104 0.0010245781515543764 0.0029615961400997828 0.0035242258409582845 0.00018281185470646279 -0.024624151999004775 0.0014128757599567935 -0.020478350889889474 0.00067157991814512325 0.000856103597034413 -0.04038910880276067 -0.022897605817102002 0.0019326359249511574 -0.0087952661950124102 -0.021325583713184007 -0.0025069183180204718 0.00033011508830081628 -0.00086504215024607665 -0.041017654181973687 -0.031286973354755943
leaf_weight=20 23 30 37 20 33 26 20 20 21 32 24 26 27 32 20 25 170 28 22 53 59 33 33 20 20
leaf_count=20 23 30 37 20 33 26 20 20 21 32 24 26 27 32 20 25 170 28 22 53 59 33 33 20 20
internal_value=0.0012357 0.00388594 0.00642857 0.0104545 0.015 0.000688622 -0.000774649 0.00287671 0.00134921 -0.00028302 0.002 0.00421053 -1.19209e-09 -0.00135037 0.0025 -0.00229345 -0.00289644 0.00160377 0.00214286 -0.00264706 -0.00274775 -0.00382813 -0.00121212 -0.00473684 -0.00436709
internal_weight=874 377 210 110 70 167 497 146 126 106 100 76 50 137 40 351 309 53 42 85 111 256 66 190 79
internal_count=874 377 210 110 70 167 497 146 126 106 100 76 50 137 40 351 309 53 42 85 111 256 66 190 79
is_linear=0
shrinkage=0.05


Tree=266
num_leaves=28
num_cat=0
split_feature=30 14 44 42 9 46 46 37 45 39 18 43 44 15 9 46 41 10 8 36 15 9 9 2 14 37 35
split_gain=1.55345 1.23353 1.72362 1.11407 1.17469 1.31489 1.18877 1.00736 0.906641 0.913676 0.820762 0.863404 1.04379 0.606809 0.671609 1.6471 0.588194 0.54697 0.408004 0.4 0.308378 0.405922 0.283333 0.258511 0.241579 0.132203 0.0357143
threshold=-1.1036836210495513 0.77046870709449045 0.11731940703216424 -0.55332280575847792 -0.31582018468245282 -0.55332749764323941 -0.1857022046991566 -1.344853610213437 0.71875574649571605 0.26221678054525449 -1.1661101447046642 -0.082347277774933225 0.69216553040711426 0.26952030245539771 -0.053474480262285844 -0.22246473399356489 -0.76609777082997088 0.35662047805273672 0.067255045475361264 0.24942197233438976 0.26952030245539771 0.10393294238981436 0.41874778769401477 0.043066213772722343 -0.85892579937065439 0.25650897646002718 0.51746806533069178
decision_type=2 2 2 2 2 2 2 2 2 2 2 2 2 2 2 2 2 2 2 2 2 2 2 2 2 2 2
left_child=-1 2 7 -4 23 -6 -7 -2 9 13 -8 12 -12 14 16 -16 -9 -13 24 -10 26 -22 -23 -5 -18 -15 -3
right_child=1 20 3 4 5 6 10 8 19 -11 11 17 -14 25 15 -17 18 -19 -20 -21 21 22 -24 -25 -26 -27 -28
leaf_value=-0.20615475836332642 0.011481401698530649 -0.0078948361007890721 0.0032598887357539654 0.00041470083788762088 -0.00099464661834141005 0.0012410433309799221 0.0081161598772757446 0.0017321205417675013 0.00083487596074222732 -0.0061200226648508499 0.00038519994853295283 0.0015510391800153374 0.010237866861806035 -0.0074538815858347131 -0.00013416849275174795 0.0068214256724519057 -8.1214081606721501e-05 -0.0027533845253477451 0.00071784945244427725 0.0013116123110582683 0.00030676313084361794 -0.00041355724185717025 0.00077995280756476017 -0.043466658390437306 -0.027543035119488864 -0.0069528912609357662 -7.3105580885004064e-05
leaf_weight=84 21 50 26 20 20 20 35 30 20 83 21 27 22 39 31 22 25 33 20 20 23 34 30 27 51 20 20
leaf_count=84 21 50 26 20 20 20 35 30 20 83 21 27 22 39 31 22 25 33 20 20 23 34 30 27 51 20 20
internal_value=0.00146453 0.0021519 0.00313586 0.00635458 0.00522222 0.00707865 0.00860759 0.00102094 0.000401661 -0.000482867 0.00695652 0.00470874 0.0101163 0.00109244 0.0025419 0.00726415 0.000555554 0.000833332 -0.00135417 0.0075 -0.00181529 0.000172413 -0.001875 -0.00180851 -0.00302632 -0.00330509 -0.00428572
internal_weight=874 790 633 251 225 178 158 382 361 321 138 103 43 238 179 53 126 60 96 40 157 87 64 47 76 59 70
internal_count=874 790 633 251 225 178 158 382 361 321 138 103 43 238 179 53 126 60 96 40 157 87 64 47 76 59 70
is_linear=0
shrinkage=0.05


Tree=267
num_leaves=29
num_cat=0
split_feature=6 36 43 8 20 8 15 15 17 4 44 19 43 15 35 38 8 39 8 17 6 7 20 20 39 39 4 1
split_gain=1.49895 0.854843 1.28748 1.03531 0.939097 0.91699 1.03496 1.2548 0.95343 0.879137 1.13426 0.919738 0.753119 0.729874 0.817517 1.13062 0.74922 0.715924 0.664935 0.493355 0.381639 0.304834 0.266327 0.162698 0.146667 0.114894 0.0295918 2.22045e-16
threshold=-1.0785198287050031 -0.38563546611002314 0.44104869089782534 -0.55216957503721109 -1.5936342991015764 -0.86188188529349741 1.0000000180025095e-35 -0.17703185399375715 -0.82176572015745342 -0.11998185403631688 -0.32298826193588243 1.0000000180025095e-35 0.77075519512073665 0.26952030245539771 -0.081255316043662318 0.99010527753125022 0.17049248222745669 -0.087112969108939745 -0.75864444854140201 0.2008023464040605 0.92570632993824953 -0.78325832005247709 -0.53121143303385876 -1.2616271534554147 -0.4453715864909325 -0.056701821790474637 -0.21304633529873965 1.0000000180025095e-35
decision_type=2 2 2 2 2 2 2 2 2 2 2 2 2 2 2 2 2 2 2 2 2 2 2 2 2 2 2 2
left_child=-1 3 4 17 -3 -6 7 9 26 10 -7 25 21 -10 16 22 -15 18 -2 -9 24 -5 -16 -23 -4 -11 -8 -25
right_child=1 2 20 12 5 6 8 19 13 11 -12 -13 -14 14 15 -17 -18 -19 -20 -21 -22 23 -24 27 -26 -27 -28 -29
leaf_value=-0.19584702044515942 0.0052667051219408879 0.0014010938263016425 -0.0020041482604903661 0.010907329703064293 -0.0090145973624332736 0.0023995732635304339 -0.00028644306724304755 0.0025078018268606442 -0.00024662034477428667 -0.0048917641403633111 0.00016814960229551916 0.00093620161021125284 0.00062774597361118373 0.00036072858269655436 0.00058804090689572807 0.001349156799252192 0.0067221349629065317 -0.0023492001489055061 0.0043641359964315092 0.001759188782619654 0.00026614273631989972 -0.00021766347908878104 -0.0029614548425753316 -0.0013570883450467362 -0.0058283365907610026 0.00012492488575306174 -0.0026805466106443535 -0.06728041084965404
leaf_weight=84 35 20 20 21 27 24 20 21 28 27 30 30 22 21 20 29 22 31 20 22 23 21 29 85 55 20 29 38
leaf_count=84 35 20 20 21 27 24 20 21 28 27 30 30 22 21 20 29 22 31 20 22 23 21 29 85 55 20 29 38
internal_value=0.00135011 0.00202532 0.0032205 -0.000238096 0.00442721 0.00389724 0.00454301 0.00735632 0.00207071 0.00492366 0.00981481 0.00149351 -0.0023262 0.0040604 0.0057438 0.00269231 0.0112791 0.00430232 0.00772727 0.0147674 -0.00193878 -0.00348485 -0.00193878 -0.00430556 -0.00366667 -0.00287234 -0.00397959 -0.005
internal_weight=874 790 517 273 419 399 372 174 198 131 54 77 187 149 121 78 43 86 55 43 98 165 49 144 75 47 49 123
internal_count=874 790 517 273 419 399 372 174 198 131 54 77 187 149 121 78 43 86 55 43 98 165 49 144 75 47 49 123
is_linear=0
shrinkage=0.05


Tree=268
num_leaves=29
num_cat=0
split_feature=30 14 46 9 46 41 45 4 40 37 9 37 45 15 8 4 37 37 37 13 12 9 0 34 40 16 5 0
split_gain=1.39286 0.837537 0.912744 1.83683 1.84304 1.18827 1.35563 1.51309 0.990763 0.952991 0.903856 0.771366 0.802778 1.1375 0.75343 1.11394 0.677987 0.331641 0.817173 0.534028 0.330297 0.276423 0.237863 0.228888 0.138566 0.0423077 0.0346154 0.0295918
threshold=-1.1036836210495513 0.77046870709449045 0.41475244044284543 0.10393294238981436 0.65983596907223407 -0.43490600679927099 -0.089186875662667059 -0.3061108165611624 0.15481232344337184 -1.1554451322198014 0.31380950592594797 0.23929002391515117 -0.24832708911810611 1.0000000180025095e-35 -0.55216957503721109 -0.3061108165611624 0.13597630864589541 -0.10508902698236802 0.42869850190878672 0.39896359577249502 -0.13163890188485169 -0.26335104379841939 1.0000000180025095e-35 -1.0898082121404353 0.82557301716306519 -0.44310534521864636 0.70046955895031082 1.0000000180025095e-35
decision_type=2 2 2 2 2 2 2 2 2 2 2 2 2 2 2 2 2 2 2 2 2 2 2 2 2 2 2 2
left_child=-1 2 5 8 -5 6 14 -8 16 -7 -6 23 -13 -14 15 -2 -4 26 19 -19 -16 -10 -23 -11 25 -25 -3 -20
right_child=1 17 3 4 10 9 7 -9 21 11 -12 12 13 -15 20 -17 -18 18 27 -21 -22 22 -24 24 -26 -27 -28 -29
leaf_value=-0.18605466942290083 -0.00032383083758677229 -0.0034317347137682837 0.0027752519299476482 0.0024577240249889689 0.007702556326139651 0.0044258653686850315 0.0024187137936922702 9.1611572388753298e-05 -0.033160413576999573 -0.00022997592531624479 -9.4959960593253836e-05 -0.009245575036639371 0.004772646885757249 -2.8721231784106707e-05 0.00063138363500554046 0.0014149383683178061 -0.00078196885426564376 0.00038509231372264451 -0.00046476527805144652 -0.00021434962533936034 -0.012971406852739457 0.0014592641983612509 -0.0014985332158244241 -0.03351850085602643 -8.8497880999786161e-05 -0.0013363750908040491 -0.0025342056275029484 -0.033519791348678517
leaf_weight=84 24 45 33 20 21 20 20 23 34 24 22 36 23 37 27 23 20 22 29 21 34 20 21 20 21 110 20 20
leaf_count=84 24 45 33 20 21 20 20 23 34 24 22 36 23 37 27 23 20 22 29 21 34 20 21 20 21 110 20 20
internal_value=0.00112128 0.00177215 0.00258294 0.0054712 0.0124603 0.00133484 0.00493377 0.0124419 0.00203125 -0.000532647 0.00662791 -0.00130996 0.00229167 0.00583333 0.00194444 0.00670213 0.00726415 -0.00149682 0.000434781 0.00546512 -0.00172131 -0.00166667 0.00109756 -0.00328572 -0.00400662 -0.00461539 -0.00423077 -0.00397959
internal_weight=874 790 633 191 63 442 151 43 128 291 43 271 96 60 108 47 53 157 92 43 61 75 41 175 151 130 65 49
internal_count=874 790 633 191 63 442 151 43 128 291 43 271 96 60 108 47 53 157 92 43 61 75 41 175 151 130 65 49
is_linear=0
shrinkage=0.05


Tree=269
num_leaves=27
num_cat=0
split_feature=30 41 11 42 36 12 34 39 12 36 36 41 19 34 9 33 33 43 9 45 41 11 3 9 8 0
split_gain=1.55345 0.772078 0.787741 1.31905 1.14221 1.16197 1.87984 1.14437 1.13625 0.715792 1.28674 1.8375 0.639829 0.50425 0.449712 0.634073 0.873038 0.573231 0.444444 0.4 0.343932 0.28692 0.460793 0.252101 0.0359155 0.0277778
threshold=-1.1036836210495513 -0.29719915354932175 1.0000000180025095e-35 0.060166679272894666 -0.41996289521512659 -0.65249174111155672 -0.032277471681650335 -0.64996984842233385 1.0000000180025095e-35 0.3867316887548034 0.86731569622625104 0.18319414588022598 1.0000000180025095e-35 -0.8339540007391163 -0.42075846645051956 -0.23764459160791609 -0.57871507206660244 -0.4275512240454431 -0.21088190291438599 0.2535766610105864 0.22475870684214325 0.21417165095860605 0.2319176999979152 -0.21088190291438599 -0.34569470153302034 1.0000000180025095e-35
decision_type=2 2 2 2 2 2 2 2 2 2 2 2 2 2 2 2 2 2 2 2 2 2 2 2 2 2
left_child=-1 2 4 13 7 -6 -7 -2 -5 14 11 19 20 -4 -3 16 18 -17 -16 -11 -12 -19 25 -9 -15 -23
right_child=1 9 3 8 5 6 -8 23 -10 10 12 -13 -14 24 15 17 -18 21 -20 -21 -22 22 -24 -25 -26 -27
leaf_value=-0.17675193595175576 0.01471113573339454 -0.033477589759739974 0.0017578126951353209 4.2065486974632505e-05 0.00048807771500550181 0.0038532624164571436 0.00019144395962612223 -0.025426519091430091 0.0010295540862935609 0.00048574264336069003 0.00030298687921527393 0.0026415345696549717 0.0011314571476568477 -0.00034682897266987176 0.00081142345897885321 0.0028836431407362594 0.00071043993471113954 -0.0017002511825833318 -0.0058064955909845062 -0.0011503040275874475 -0.025761215919980204 -0.0078341860109149546 0.0010757066248607533 0.0003624415621789274 -0.027615618095155864 -0.0043328503381160101
leaf_weight=84 25 49 21 35 27 30 22 30 32 20 29 24 38 20 20 23 33 68 25 20 48 25 34 21 51 20
leaf_count=84 25 49 21 35 27 30 22 30 32 20 29 24 38 20 20 23 33 68 25 20 48 25 34 21 51 20
internal_value=0.00146453 0.0021519 0.00407643 0.00160377 0.0066129 0.0108228 0.0151923 0.00223684 0.0069403 0.000882352 0.00337989 0.0090625 0.00021739 -0.00228261 -0.000622897 0.000241934 0.00397436 -0.00147059 -0.000555557 0.0025 -0.0024026 -0.00261905 -0.000569621 -0.00205882 -0.00429578 -0.00388889
internal_weight=874 790 314 159 155 79 52 76 67 476 179 64 115 92 297 248 78 170 45 40 77 147 79 51 71 45
internal_count=874 790 314 159 155 79 52 76 67 476 179 64 115 92 297 248 78 170 45 40 77 147 79 51 71 45
is_linear=0
shrinkage=0.05


Tree=270
num_leaves=28
num_cat=0
split_feature=6 33 42 37 8 33 41 9 44 44 3 2 42 44 8 39 16 4 43 42 38 37 19 42 34 2 1
split_gain=1.36011 0.912982 1.94997 1.28332 2.00344 1.21401 1.10454 0.923462 0.726283 0.685604 0.669643 0.625 0.572432 0.573661 0.78022 0.557724 0.456429 0.671089 1.00169 0.510224 0.458009 0.381349 0.318182 0.203121 0.460018 0.102439 0.0380952
threshold=-1.0785198287050031 0.10342588885077032 -0.010087761754891697 -0.8110660813222822 -0.39731341990906804 -0.3740727837913907 -0.52257856819369874 0.051463801505780955 2.5634731235213128 -0.041680584539630423 1.0000000180025095e-35 -0.16481194555716455 -0.99266043697449258 -0.68991131940925465 0.37696735573164758 -0.10981358098191592 0.78738130587439181 0.15921158975095148 -0.30471455644569923 -0.3128745075929561 1.1341419819911616 0.6869827900819262 1.0000000180025095e-35 1.0368023594760631 0.92291158421660724 0.36099751627725535 1.0000000180025095e-35
decision_type=2 2 2 2 2 2 2 2 2 2 2 2 2 2 2 2 2 2 2 2 2 2 2 2 2 2 2
left_child=26 2 3 4 -2 7 -7 11 16 -8 -6 -4 -5 15 22 -14 17 19 -19 -3 -18 -20 -15 -21 -25 -11 -1
right_child=1 8 5 12 10 6 9 -9 -10 25 -12 -13 13 14 -16 -17 20 18 21 23 -22 -23 -24 24 -26 -27 -28
leaf_value=-0.25792219512113529 0.012540179359181884 0.0057803404239192713 0.0041951585299807113 -0.0055382357718762303 0.0035113363489209532 0.00029872794310340065 0.00096466813393073511 0.0015987122502939288 0.0014393378929921593 -0.0035163603121632445 -0.014690439614416163 0.00063153529467924554 0.0050039744268719011 -0.037017059487354842 0.0026407852868841849 -2.7282463700814858e-05 -0.0015369616134898482 0.0064003921325546283 -0.0062276682573741034 -0.00067458102197241103 0.018591413482506969 0.002133027959756987 0.0013120776175936865 0.00099364936550177976 -0.0042712213801302992 -0.0012736057764911107 -0.05271760021364328
leaf_weight=64 33 30 20 56 21 20 33 25 21 21 27 20 21 63 25 20 22 20 36 109 20 20 33 21 32 20 20
leaf_count=64 33 30 20 56 21 20 33 25 21 21 27 20 21 63 25 20 22 20 36 109 20 20 33 21 32 20 20
internal_value=0.00164376 0.0022877 0.00373362 0.00135451 0.00672839 0.00820755 0.00457447 0.0134615 0.000287008 0.00175676 0.000208332 0.00875 -0.000642203 0.000864196 -0.00086777 0.00597561 -0.000322582 -0.00108209 0.00289474 -0.00265625 0.00452381 -0.000535715 -0.00291667 -0.00376543 -0.00122642 -0.00256098 -0.00440476
internal_weight=873 789 458 299 81 159 94 65 331 74 48 40 218 162 121 41 310 268 76 192 42 56 96 162 53 41 84
internal_count=873 789 458 299 81 159 94 65 331 74 48 40 218 162 121 41 310 268 76 192 42 56 96 162 53 41 84
is_linear=0
shrinkage=0.05


Tree=271
num_leaves=31
num_cat=0
split_feature=6 46 33 42 33 41 20 35 37 42 44 8 2 2 11 0 7 35 35 41 44 16 2 35 5 2 2 0 15 2
split_gain=1.28394 1.06525 1.08656 1.20881 1.32854 1.24708 0.886919 1.59017 0.877625 1.52456 0.807918 1.38952 0.768013 0.754704 0.504693 0.640706 1.1006 0.547605 0.744093 0.49 0.374995 0.833824 0.284444 0.237515 0.225 0.121569 0.107375 0.0380952 0.0379518 0.033871
threshold=-1.0785198287050031 -1.0680029077649553 0.42744284528652249 -0.010087761754891697 -0.3740727837913907 -0.56748211036747176 -0.66401429129232348 0.19244680115604237 -0.91437979659153801 -1.3360166487581802 0.22739632427417591 0.17049248222745669 0.43436627839368602 -0.48274324806169749 0.53616359807881486 -1.0000000180025095e-35 1.1012286517836991 0.60299997695559948 1.0135531527551567 -0.55273873914866345 -0.68991131940925465 -0.3861383706310057 0.25094437310260931 -0.081255316043662318 -0.4029581047428607 -0.28709321575121566 0.16534748396677348 0.74914607737310757 0.49279638067997511 -0.67839328037217916
decision_type=2 2 2 2 2 2 2 2 2 2 2 2 2 2 2 2 2 2 2 2 2 2 2 2 2 2 2 2 2 2
left_child=27 29 3 8 12 -6 25 -8 9 -3 20 26 13 -5 17 -16 -17 -4 -19 -11 21 -10 -9 28 -23 -7 -12 -1 -22 -2
right_child=1 2 14 4 5 6 7 22 10 19 11 -13 -14 -15 15 16 -18 18 -20 -21 23 24 -24 -25 -26 -27 -28 -29 -30 -31
leaf_value=-0.24502608536507903 -8.015250856687286e-05 0.014075015292104871 -0.0018712219271312888 0.00042239953923998145 0.00031947571355252636 -0.00042494917421660445 0.004956543188681781 0.00029756180854825629 -0.02859375755952083 0.0014041545063812689 0.0017020348363781302 0.0031074906064578042 0.00069166773425843712 0.0079324213453446039 -0.0028659279049130315 0.0035593098167513468 -0.011411571365828994 0.0071083984281024972 -0.0018556395890983197 -0.0082475088653443836 -0.0065884220762007688 0.00075293159975366674 -0.01199730848478622 0.00076818628527544836 0.00057363726237091232 -0.0018715422101059265 -0.030354020349267798 -0.050081720202961283 -0.004903395177152982 -0.021017251218375568
leaf_weight=64 20 22 77 20 30 20 20 20 28 20 20 22 20 21 37 28 20 22 31 25 63 20 25 24 20 31 21 20 20 42
leaf_count=64 20 22 77 20 30 20 20 20 28 20 20 22 20 21 37 28 20 22 31 25 63 20 25 24 20 31 21 20 20 42
internal_value=0.00147193 0.00209759 0.00263411 0.00388672 0.00683575 0.00424657 0.00189655 0.00576923 0.00188524 0.0069403 0.000462184 0.00531746 0.0130328 0.0169512 -0.000348838 0.00264706 0.00645833 -0.00230769 0.00160377 0.00166667 -0.00128572 0.00161765 0.000555554 -0.00313084 0.00625 -0.00303922 -0.000121952 -0.00440476 -0.00439759 -0.00419355
internal_weight=873 789 727 512 207 146 116 65 305 67 238 63 61 41 215 85 48 130 53 45 175 68 45 107 40 51 41 84 83 62
internal_count=873 789 727 512 207 146 116 65 305 67 238 63 61 41 215 85 48 130 53 45 175 68 45 107 40 51 41 84 83 62
is_linear=0
shrinkage=0.05


Tree=272
num_leaves=29
num_cat=0
split_feature=9 13 45 10 42 33 42 40 34 34 34 34 7 45 8 33 5 9 37 13 4 39 8 33 18 17 3 4
split_gain=1.21044 0.724604 0.701053 1.00008 0.696134 0.876253 1.69102 1.58333 0.772431 1.21917 0.948536 0.747546 0.679556 0.561636 0.703247 0.475097 0.805927 0.552273 0.4242 0.393765 0.362024 0.323183 0.26 0.215745 0.042126 0.033871 0.0327586 0.0261905
threshold=-0.36828932556648614 0.99905156599205769 -0.089186875662667059 -0.69586825717462975 -0.43755140293804146 -0.40817983183725931 -0.22678807985468322 -0.044695985457870853 0.018893370598613457 0.42826010884072391 0.30886147685344173 -1.1580360018474536 -0.44674278936744566 0.43719998422840073 0.42858607410769528 -0.3740727837913907 -0.73205056584433281 -0.053474480262285844 0.99692393588969341 -0.20112437444706763 -0.39917529782358513 -0.83102888188217994 1.5641978783807449 0.20574703298837629 -0.58622960087693643 -0.4809096979702821 0.2319176999979152 -0.21304633529873965
decision_type=2 2 2 2 2 2 2 2 2 2 2 2 2 2 2 2 2 2 2 2 2 2 2 2 2 2 2 2
left_child=2 4 21 -4 11 7 -7 -6 12 10 -10 -2 -8 14 -11 16 -13 -18 20 -5 -3 -1 -22 -15 -23 -14 -17 -25
right_child=1 18 3 19 5 6 8 -9 9 13 -12 15 25 23 -16 26 17 -19 -20 -21 22 24 -24 27 -26 -27 -28 -29
leaf_value=0.00071461422645108415 0.0013820766325974452 0.00017703011501830161 0.0021736772949251049 -0.016956167252392532 0.0010352738602003319 0.0062852927100852593 0.00028882334945862887 0.0034976487086018759 0.0013845987134498917 -0.012932143350437568 0.0018602782419701572 -0.00051273313040589021 -1.0795682783558726e-05 0.00015023096741301385 0.0011552944995175827 -0.022260363879220504 0.0087537342577206998 0.00022274782716657948 0.0004621396401866574 0.0009973119231173192 -0.0011517750751461439 -0.037065385671675374 -0.0073852334384865385 -0.0016885999098697252 -0.029954630148578201 -0.0027538746802264237 -0.0071442477987239657 -0.01853723489014009
leaf_weight=34 31 23 21 30 34 20 23 33 34 22 21 37 20 20 20 38 20 24 24 23 65 20 25 20 107 42 20 22
leaf_count=34 31 23 21 30 34 20 23 33 34 22 21 37 20 20 20 38 20 24 24 23 65 20 25 20 107 42 20 22
internal_value=0.00147193 0.00260188 -0.00159575 0.00243243 0.00348303 0.00481873 0.00352273 0.00992537 0.00237705 0.00443396 0.0104545 0.000882352 -0.00147059 0.00125 0.00571428 -0.000683454 0.00179012 0.00636364 -0.000620439 -0.00122642 -0.00190266 -0.00344721 -0.00333333 -0.00177419 -0.0046063 -0.00419355 -0.00413793 -0.00380953
internal_weight=873 638 235 74 501 331 264 67 244 159 55 170 85 104 42 139 81 44 137 53 113 161 90 62 127 62 58 42
internal_count=873 638 235 74 501 331 264 67 244 159 55 170 85 104 42 139 81 44 137 53 113 161 90 62 127 62 58 42
is_linear=0
shrinkage=0.05


Tree=273
num_leaves=30
num_cat=0
split_feature=6 2 33 41 13 40 5 46 12 41 34 0 4 38 13 13 10 10 17 17 16 17 34 2 0 2 2 2 2
split_gain=1.25903 0.887226 0.797643 1.36364 1.375 1.77094 0.977229 1.1166 1.2534 1.18656 1.47522 1.02935 1.02401 0.991754 0.836405 1.9944 0.72803 0.612392 0.941941 1.72598 0.367123 0.34632 0.279776 0.156522 0.0380952 0.0371795 0.0318182 0.0303922 0.0261905
threshold=-1.0785198287050031 1.7672321235088435 0.42744284528652249 0.18319414588022598 1.0000000180025095e-35 0.61402541375916198 -0.73205056584433281 -0.88419026129291389 0.9100667765685585 -0.61017361796230729 -0.52692894705753357 -1.0000000180025095e-35 1.0000000180025095e-35 -1.3247703298601798 1.0000000180025095e-35 0.59899291917901587 -0.31314508072831471 0.26093968394115796 -0.14005367578311081 0.54165836859123184 -0.16966386719797125 1.1097517389031843 -0.30518863050972383 -1.0574652179737376 0.74914607737310757 -0.5194276291199128 2.7210260310224426 -0.59279639123634342 -0.53165575613931781
decision_type=2 2 2 2 2 2 2 2 2 2 2 2 2 2 2 2 2 2 2 2 2 2 2 2 2 2 2 2 2
left_child=24 2 3 6 16 -6 13 28 9 12 11 -11 -9 -2 20 -16 -5 22 -19 -20 27 -21 -4 -15 -1 -24 -3 -12 -8
right_child=1 26 17 4 5 -7 7 8 -10 10 14 -13 -14 23 15 -17 -18 18 19 21 -22 -23 25 -25 -26 -27 -28 -29 -30
leaf_value=-0.23281546263970654 0.00062704438037276095 -0.037652191522390105 0.00073007170445589357 0.0052187919024703341 0.0049830950530009308 0.0011855592468346815 -0.0015223054246426885 0.002373140448989322 -0.0030770258084324023 0.0046733297835783458 -0.018315622099006203 0.0077435923579373791 0.00018494775600254364 0.00016264110364379303 0.0036238389666780773 -0.00028221045853383392 -0.00081902458696130271 -0.001147660375344072 0.0082933446532377098 -0.0184347669375431 0.00058551914217307209 0.00068632059032458156 -0.0079139440445201801 -0.0063790837120866507 -0.047460019376910911 -0.0057498924994838002 -0.034756085519497895 -0.027723306585950732 -0.010335779768194437
leaf_weight=64 24 35 21 20 21 23 20 35 37 21 20 22 22 20 33 29 24 39 26 20 32 22 20 72 20 58 20 31 22
leaf_count=64 24 35 21 20 21 23 20 35 37 21 20 22 22 20 33 29 24 39 26 20 32 22 20 72 20 58 20 31 22
internal_value=0.00141466 0.00203422 0.00249319 0.00352273 0.00920454 0.0154545 0.00238636 0.0037963 0.00492908 0.00622449 0.00430851 0.0124419 0.0125439 -0.00155173 0.00189655 0.00629032 0.00295454 -0.000145632 0.00247663 0.00602941 -0.00138554 -0.000238096 -0.0029798 -0.00391304 -0.00440476 -0.00435898 -0.00409091 -0.00401961 -0.00380953
internal_weight=873 789 734 528 88 44 440 324 282 245 188 43 57 116 145 62 44 206 107 68 83 42 99 92 84 78 55 51 42
internal_count=873 789 734 528 88 44 440 324 282 245 188 43 57 116 145 62 44 206 107 68 83 42 99 92 84 78 55 51 42
is_linear=0
shrinkage=0.05


Tree=274
num_leaves=26
num_cat=0
split_feature=6 37 33 6 12 37 17 7 39 34 41 20 36 8 34 12 38 4 47 35 43 11 20 0 5
split_gain=1.13817 0.546703 1.09565 0.956083 0.842319 0.810994 1.0349 1.52773 1.06812 0.755649 0.710012 1.37578 0.681518 0.726923 0.660326 0.611206 0.465686 0.427666 0.627451 0.388942 0.323084 0.568182 0.0416667 0.0380952 0.0336066
threshold=-1.0785198287050031 -0.72497131859790243 -0.95389260057115755 -0.25068728491757275 1.1704931961819109 1.4101787969667166 0.2008023464040605 -0.37943968323043936 -0.53823615395994573 0.15534895001265028 -0.13421875360434624 0.066401429129232373 -0.093852318716644276 0.37696735573164758 0.87174074193634354 -1.1733445803382618 -0.61487514359347484 -0.39917529782358513 1.0000000180025095e-35 -0.064148933718680773 -0.11755218364385044 0.21417165095860605 -1.3944300117138793 0.74914607737310757 0.60367765862634837
decision_type=2 2 2 2 2 2 2 2 2 2 2 2 2 2 2 2 2 2 2 2 2 2 2 2 2
left_child=23 2 -2 15 5 6 12 -8 -9 -10 16 -12 13 -5 -11 -3 -4 18 -17 -6 21 -14 -19 -1 -21
right_child=1 3 10 4 19 -7 7 8 9 14 11 -13 20 -15 -16 17 -18 22 -20 24 -22 -23 -24 -25 -26
leaf_value=-0.22117468950772123 0.0085727669709266003 0.0024154106240043185 0.0016197292799078986 -0.00012784954861935288 0.00064716622010529783 0.0016897306197020145 0.0051433985494202623 -0.00045242082409038657 -1.4623744269213682e-05 0.0017537017779068438 0.0032532906301938197 -0.00018032134993519697 -0.0019987833839331861 0.00080426966410816368 0.00019517864750202206 -0.033282247297003159 -0.016327457324696617 -0.065130655038528995 0.0012193344740192647 -0.00019085776921977447 -0.0012975916278686608 0.0010474785507994461 -0.017057666017453166 -0.045087018408065949 -0.0062946641039719588
leaf_weight=64 35 31 30 39 24 35 25 37 34 23 21 37 22 21 25 24 38 20 27 20 58 22 100 20 41
leaf_count=64 35 31 30 39 24 35 25 37 34 23 21 37 22 21 25 24 38 20 27 20 58 22 100 20 41
internal_value=0.00112829 0.00171736 0.00431677 0.00105095 0.00239437 0.0035044 0.00267974 0.00576389 0.00340336 0.00658536 0.00214286 0.0062069 -6.17296e-05 0.00416667 0.010625 -0.00178218 -0.00132353 -0.00295322 0.000882352 -0.00205882 -0.00254902 0.000681817 -0.00458333 -0.00440476 -0.00418033
internal_weight=873 789 161 628 426 341 306 144 119 82 126 58 162 60 48 202 68 171 51 85 102 44 120 84 61
internal_count=873 789 161 628 426 341 306 144 119 82 126 58 162 60 48 202 68 171 51 85 102 44 120 84 61
is_linear=0
shrinkage=0.05


Tree=275
num_leaves=30
num_cat=0
split_feature=6 10 13 10 46 2 8 7 43 2 7 38 48 39 16 7 19 7 41 20 20 42 10 11 46 2 2 2 2
split_gain=1.57316 0.964281 0.69703 0.805609 1.3123 0.844616 2.23601 1.42199 1.05706 1.00874 2.021 1.92677 1.25228 1.03783 1.42092 0.593939 0.579654 0.931437 1.04537 0.44468 0.645435 2.04884 0.442607 0.220557 0.415827 0.102439 0.0379518 0.03 0.0256098
threshold=-1.0785198287050031 -1.2699530218441024 0.99905156599205769 1.1220668309453672 0.18192308824492626 -0.92295582076028149 -0.50055085666116339 -0.1102272586824143 1.3660416538853284 0.45882253243249621 1.0339255456466927 0.86664524513704067 -0.6742562721864499 0.32754710549827271 -0.1126968926103306 0.15898516586561084 1.0000000180025095e-35 -0.37943968323043936 -0.31919770458211333 -0.66401429129232348 1.3280285825846474 0.23926602893527904 0.16525888982957918 -0.42981224328181145 -0.34500649830825914 -0.33600572382883614 -1.0330089639349274 1.0824570104221571 0.67892881878178835
decision_type=2 2 2 2 2 2 2 2 2 2 2 2 2 2 2 2 2 2 2 2 2 2 2 2 2 2 2 2 2
left_child=26 -2 3 5 -5 6 -3 16 9 10 12 27 -9 14 -14 -8 22 18 -18 -4 21 25 23 24 -7 -21 -1 -11 -22
right_child=1 2 19 4 -6 7 15 8 -10 11 -12 -13 13 -15 -16 -17 17 -19 -20 20 28 -23 -24 -25 -26 -27 -28 -29 -30
leaf_value=-0.17845083221530683 0.0011500930492344065 0.011831646201938988 -0.017726419130153531 0.00086697248984545687 0.00401687097010066 -0.018622518328925319 0.0077639656592838786 0.0069865069383207613 -0.0099354144752726373 -0.001720091557801025 -0.00092893388261130637 0.0068589922262726009 0.00018437286276309692 -0.00039826008857472112 0.0021758949136889091 -0.00058923312778012924 -0.00012670488840279303 -0.029769679493401618 0.0094124006776825433 -0.001657990115411046 -0.0011621887616635972 0.0042926563817959713 0.00030239120961619717 -0.0090908937642487173 0.00071008220211758938 -0.00013850797806856335 -0.14549994796371632 -0.0015288097112678347 -0.00039290126704565108
leaf_weight=20 26 30 41 23 21 33 33 22 24 30 22 21 28 22 33 22 25 25 31 21 21 24 39 83 31 20 63 20 20
leaf_count=20 26 30 41 23 21 33 33 22 24 30 22 21 28 22 33 22 25 25 31 21 21 24 39 83 31 20 63 20 20
internal_value=0.00215103 0.00283818 0.00251634 0.00325243 0.00977273 0.00275261 0.00735294 0.00195296 0.00490991 0.00611111 0.00877953 0.00133803 0.0116667 0.00885542 0.0122131 0.00136364 -0.000505619 0.00302469 0.00660714 -0.000578232 0.00113207 0.00423077 -0.00204301 -0.00329932 -0.00109375 -0.00256098 -0.00439759 -0.004 -0.00378049
internal_weight=874 791 765 618 44 574 85 489 222 198 127 71 105 83 61 55 267 81 56 147 106 65 186 147 64 41 83 50 41
internal_count=874 791 765 618 44 574 85 489 222 198 127 71 105 83 61 55 267 81 56 147 106 65 186 147 64 41 83 50 41
is_linear=0
shrinkage=0.05


Tree=276
num_leaves=30
num_cat=0
split_feature=6 34 13 4 4 43 34 6 43 44 16 15 15 40 42 35 34 38 41 35 11 36 17 46 43 16 8 15 4
split_gain=1.41257 1.09618 1.25423 1.15003 1.57263 1.66673 1.32645 1.24018 0.989183 1.2862 1.06754 0.722451 1.16378 0.813383 1.75069 0.980981 0.902784 0.625 0.566783 0.492273 0.436851 0.409756 0.318561 0.225 0.216595 0.121569 0.0379518 0.0375 0.0267442
threshold=-1.0785198287050031 1.0081963213503804 1.1990808893985787 0.71759847732548832 0.15921158975095148 -0.49280706944935432 -0.45870115735051525 0.097873786150819 -0.67720188605036935 -0.26183441902365373 -0.28359781637325249 -0.6235840104429119 -0.17703185399375715 0.63982390197915018 0.47377733208436801 -0.5944467857931085 -0.083448313961914114 -0.53942734601923548 0.22785160136195712 -0.79972337369288704 1.5021394394394412 0.79866083801604437 -0.70814704609506285 -0.70037761482087246 -0.12253267799145244 -0.010156338352577421 -0.65540701178930649 -0.6235840104429119 0.99679192111275661
decision_type=2 2 2 2 2 2 2 2 2 2 2 2 2 2 2 2 2 2 2 2 2 2 2 2 2 2 2 2 2
left_child=26 2 3 4 8 17 -7 -8 9 -2 19 -12 25 14 15 -14 -17 -6 -4 23 24 -15 -21 -10 -3 -13 -1 -24 -5
right_child=1 20 18 28 5 6 7 -9 10 -11 11 12 13 21 -16 16 -18 -19 -20 22 -22 -23 27 -25 -26 -27 -28 -29 -30
leaf_value=-0.20121774289063987 0.011549982196743766 -5.9756428832922563e-05 -0.00029658358436072236 -0.0093001969113476034 0.0039670496041950163 0.0063041148294187199 -0.0013171765780865443 0.001962031486284925 0.0075619453322709031 -3.3035758743971377e-05 0.0021292467768486306 -0.0089069126520201752 -0.00012229423320665308 0.0014454409694215423 0.0082373884209132036 0.0029852014308461312 0.00028410627811880474 -0.010209798504188426 0.0003585732801436574 0.0011085210786490553 0.0021325980688820319 -0.012316933489665581 -0.01931876451494248 -0.008314362539652561 -0.0035665720775639427 -0.00025309780853464183 -0.050305120173413813 -0.015444551936241625 -0.0075953181630128083
leaf_weight=63 38 29 61 20 20 27 25 31 20 22 26 31 20 20 24 29 25 20 21 30 21 21 20 20 67 20 20 60 23
leaf_count=63 38 29 61 20 20 27 25 31 20 22 26 31 20 20 24 29 25 20 21 30 21 21 20 20 67 20 20 60 23
internal_value=0.00180778 0.00245891 0.00323442 0.00403716 0.00465392 0.00963415 0.0136747 0.00928571 0.00321596 0.00916667 0.00224044 0.00449074 0.00342105 0.00579137 0.0082653 0.00445946 0.00796296 0.00125 -0.00256098 -0.001 -0.00200855 -0.000121952 -0.00272727 0.00375 -0.0034375 -0.00303922 -0.00439759 -0.004375 -0.00383721
internal_weight=874 791 674 592 549 123 83 56 426 60 366 216 190 139 98 74 54 40 82 150 117 41 110 40 96 51 83 80 43
internal_count=874 791 674 592 549 123 83 56 426 60 366 216 190 139 98 74 54 40 82 150 117 41 110 40 96 51 83 80 43
is_linear=0
shrinkage=0.05


Tree=277
num_leaves=29
num_cat=0
split_feature=30 34 7 41 40 20 17 35 45 45 4 37 34 44 34 17 5 10 36 33 9 43 46 46 36 18 2 5
split_gain=1.41257 0.799223 0.9774 1.32069 1.43184 1.83782 0.668858 0.647693 0.68477 1.00979 0.775512 1.01044 0.92758 1.27536 0.841734 0.668296 0.459612 0.714888 0.577122 0.427907 0.395479 0.306923 0.168383 0.146612 0.141667 0.225 0.0379518 0.0336066
threshold=-1.1036836210495513 0.99113937392362572 1.5050472886057367 0.17214211900457937 0.31304305119263248 -0.3984085747753941 -0.25367234984550119 -1.2273829318174254 0.71875574649571605 1.0003115087630314 0.15921158975095148 -0.50112493551451498 -0.52692894705753357 -0.11506519603430486 0.63294347796177908 -0.5945283720326725 -0.22873268415972839 -0.31314508072831471 -0.41996289521512659 0.27396112908011361 0.47121692857804814 -0.68507452148426495 0.41475244044284543 0.91717367413309203 -0.093852318716644276 -0.58622960087693643 -1.0330089639349274 -0.61590028545557796
decision_type=2 2 2 2 2 2 2 2 2 2 2 2 2 2 2 2 2 2 2 2 2 2 2 2 2 2 2 2
left_child=26 2 3 7 5 -5 19 -2 10 -10 14 -12 -13 -14 16 -11 17 21 -19 -6 22 -9 -3 -24 25 -18 -1 -23
right_child=1 20 -4 4 6 -7 -8 8 9 15 11 12 13 -15 -16 -17 24 18 -20 -21 -22 27 23 -25 -26 -27 -28 -29
leaf_value=-0.16701303459587064 0.010886589333614086 -0.0061386200994033814 -0.047674565090717942 0.011954544071506557 0.0010549036847078729 0.00067708887940876906 0.002175731637336485 0.002503755810220833 0.001233400535576662 0.0013342708668792117 -0.0027213997202233183 0.0051785588790717371 -0.029281244733694225 0.0045359445768544688 0.0032250747501124132 -0.00020340332065689817 -0.012276701312257965 -0.0018406483076359504 0.00058963162653291796 -0.016190821791556738 0.00023912561606023483 -0.0052795968991321742 0.00084576643047172019 -0.0010907485667603616 -0.00030339839933925554 0.0060632921421163617 -0.12816406342099892 -0.00064051329087605404
leaf_weight=20 36 46 35 21 20 30 36 28 26 21 36 27 22 24 21 34 20 25 36 23 28 41 20 27 68 20 63 20
leaf_count=20 36 46 35 21 20 30 36 28 26 21 36 27 22 24 21 34 20 25 36 23 28 41 20 27 68 20 63 20
internal_value=0.00180778 0.00245891 0.00313433 0.00358268 0.00807692 0.0146078 0.00386076 0.00242574 0.00192964 0.00611111 0.0010567 0.00463303 0.0080137 0.00369565 -0.000340503 0.00227273 -0.00112403 0.000666665 0.00483606 -0.000348838 -0.00128099 -0.00219101 -0.00284946 -0.000744682 -0.00361111 -0.00125 -0.00439759 -0.00418033
internal_weight=874 791 670 635 130 51 79 505 469 81 388 109 73 46 279 55 258 150 61 43 121 89 93 47 108 40 83 61
internal_count=874 791 670 635 130 51 79 505 469 81 388 109 73 46 279 55 258 150 61 43 121 89 93 47 108 40 83 61
is_linear=0
shrinkage=0.05


Tree=278
num_leaves=29
num_cat=0
split_feature=6 15 41 41 14 41 41 37 2 6 46 10 44 39 4 10 40 19 37 12 46 44 12 12 45 41 6 2
split_gain=1.36095 0.773236 1.311 1.40967 1.38528 0.965301 1.24392 0.922146 0.797484 1.70579 1.22449 1.25807 0.527825 0.49862 0.627738 1.06561 0.464083 0.759543 0.41979 0.409229 0.364016 0.623377 0.512121 0.332221 0.306667 0.280189 0.038764 0.0379518
threshold=-1.0785198287050031 -0.84686008866748941 0.17214211900457937 -0.61017361796230729 -0.45157717275436821 -0.52876476919634141 -0.48938421752248479 -1.1554451322198014 0.6544725647429781 0.22858418780146592 0.65983596907223407 1.3134284191685246 1.4260116453538589 0.32754710549827271 0.15921158975095148 0.16525888982957918 0.027539781558096142 1.0000000180025095e-35 -0.053432169347740158 0.9100667765685585 -0.3817690276026674 0.26408863002151317 -0.13163890188485169 -0.13163890188485169 -0.49315818674185852 -0.21187476808637254 -0.59924835598596438 -1.0330089639349274
decision_type=2 2 2 2 2 2 2 2 2 2 2 2 2 2 2 2 2 2 2 2 2 2 2 2 2 2 2 2
left_child=27 2 3 4 -2 20 -7 -8 12 25 11 -11 13 14 16 -16 17 24 -5 26 -3 22 -22 -18 -9 -10 -15 -1
right_child=1 5 -4 18 -6 6 7 8 9 10 -12 -13 -14 19 15 -17 23 -19 -20 -21 21 -23 -24 -25 -26 -27 -28 -29
leaf_value=-0.15866238286607723 0.0071947475984881944 -0.00027225222120477429 0.0020069088442977805 -0.0040024038461064452 0.0013220094469859112 0.00084533298941166172 0.0060642814303265048 -0.0006320134570463005 0.00034528478681988622 0.0058012320097907064 0.0011580867895232111 0.00096833660798213901 0.00043347465826539845 -0.01411559996853758 0.0033206596551130525 -0.00098640727217907151 0.0051647964350918316 0.0030956270136669071 0.00033308226523841148 0.00031234095004747313 -0.00010654538104435491 -0.00030609784375032321 0.0054488771948124279 -0.00042276711592815477 0.00035471751578142549 -0.026565900130213007 -0.00051784071661186543 -0.1217558602499491
leaf_weight=20 20 60 23 35 22 24 24 23 20 26 35 23 24 20 24 25 31 23 23 26 24 33 20 56 25 33 69 63
leaf_count=20 20 60 23 35 22 24 24 23 20 26 35 23 24 20 24 25 31 23 23 26 24 33 20 56 25 33 69 63
internal_value=0.00169336 0.00233249 0.00597561 0.0035 0.0104762 0.00166168 0.00262712 0.00210059 0.00162526 0.00485401 0.00928571 0.0143878 0.00034682 -0.000186337 0.00128019 0.00622449 -0.000253166 0.00274648 -0.00155173 -0.00282609 -0.00208029 0.000194804 0.00409091 -0.00270115 -0.000833335 -0.00216981 -0.0044382 -0.00439759
internal_weight=874 791 123 100 42 668 531 507 483 137 84 49 346 322 207 49 158 71 58 115 137 77 44 87 48 53 89 83
internal_count=874 791 123 100 42 668 531 507 483 137 84 49 346 322 207 49 158 71 58 115 137 77 44 87 48 53 89 83
is_linear=0
shrinkage=0.05


Tree=279
num_leaves=30
num_cat=0
split_feature=6 13 44 34 15 35 6 2 12 2 1 17 39 7 19 7 11 39 20 43 18 4 39 17 12 46 2 5 2
split_gain=1.14059 0.98998 0.818139 0.896066 0.831607 1.61633 0.825268 1.36231 0.795499 0.706329 0.637832 0.728354 1.04342 0.622076 0.597235 0.768106 0.578704 0.338164 0.395422 0.327543 0.644374 0.284378 0.276813 0.394011 0.193611 0.141418 0.0379518 0.0363014 0.0256098
threshold=-1.0785198287050031 0.99905156599205769 2.1965500660479411 1.0081963213503804 -1.0701361668920668 -0.21810637464351465 0.35929458945211284 1.1252554549900751 1.0000000180025095e-35 0.23871624608320416 1.0000000180025095e-35 0.2008023464040605 -0.73502163985420987 -0.1102272586824143 -0.6133503958973926 -0.1102272586824143 0.21417165095860605 -0.24118788185255413 -0.46481000390462651 -0.17404033954431528 0.57353148677851917 -0.3061108165611624 -0.31885479675764122 0.087183672341670057 1.0000000180025095e-35 0.43926079330578427 -1.0330089639349274 -0.01579050344701113 0.48327878647130645
decision_type=2 2 2 2 2 2 2 2 2 2 2 2 2 2 2 2 2 2 2 2 2 2 2 2 2 2 2 2 2
left_child=26 2 3 4 5 -2 9 8 -8 10 11 12 -6 24 -14 21 -10 -12 -19 27 -21 -16 -11 -24 -13 -5 -1 -3 -22
right_child=1 19 -4 25 6 -7 7 -9 16 22 17 13 14 -15 15 -17 -18 18 -20 20 28 -23 23 -25 -26 -27 -28 -29 -30
leaf_value=-0.15072926372277307 0.0007624525577318717 -0.00037623045280940853 0.00043963071468975902 -0.00500008883992328 0.043786089403555779 0.004428730967449686 0.0047189408491728948 0.0040027287891201708 0.00052136493260377715 -0.023571546275338581 -0.018243374630163983 -0.0011588670898331121 -0.00026953453345941947 0.00048420698244931444 -6.9714223066410873e-05 0.0069279246615586536 -0.0047205884038573273 0.00976081935363355 -0.0098327355974555872 0.0020905213835665662 -0.00025953910147364821 0.0034609069746334934 -0.036873772170814223 0.0009632042955320107 -3.2927136995982726e-05 -0.00015175256290899349 -0.1156680672374517 -0.007578857267040922 -0.00026912464685095483
leaf_weight=20 36 20 24 39 24 23 22 26 24 51 35 33 30 31 23 20 30 22 24 33 21 20 20 27 26 34 63 53 20
leaf_count=20 36 20 24 39 24 23 22 26 24 51 35 33 30 31 23 20 30 22 24 33 21 20 20 27 26 34 63 53 20
internal_value=0.00117849 0.00176359 0.00260869 0.00225806 0.00295247 0.00855932 0.00227459 0.00627451 0.00289474 0.00121762 0.00246528 0.0039372 0.00653846 0.000555554 0.00413978 0.00690476 -0.000370372 -0.0012963 0.00152174 -0.00193878 0.000405404 0.00313953 -0.00244898 0.000319148 -0.00245763 -0.00294521 -0.00439759 -0.00431507 -0.00378049
internal_weight=874 791 644 620 547 59 488 102 76 386 288 207 117 90 93 63 54 81 46 147 74 43 98 47 59 73 83 73 41
internal_count=874 791 644 620 547 59 488 102 76 386 288 207 117 90 93 63 54 81 46 147 74 43 98 47 59 73 83 73 41
is_linear=0
shrinkage=0.05


Tree=280
num_leaves=28
num_cat=0
split_feature=5 7 42 44 45 10 17 42 42 10 37 5 41 44 45 37 7 8 10 45 44 17 16 39 9 5 4
split_gain=1.01902 0.641645 0.894936 0.750678 0.632336 0.584499 0.68373 0.643216 0.962983 0.793919 0.741383 1.19624 1.3615 0.805411 1.26326 0.61403 0.527095 0.367063 0.345238 0.318296 0.557357 0.537778 0.250216 0.160784 0.158333 0.131034 0.109091
threshold=-1.0998597870753899 -1.0524707446005019 -0.53551182070917969 -1.2280651370368674 -0.62781529043492235 -0.79154905128620856 -1.3898590904694055 1.2079857157832039 1.0170123760879548 1.2177476250569459 0.049881545921515599 0.50688575830238602 0.17214211900457937 -0.50644979067256857 -0.15039465006860517 1.220770318973081 -0.042924152545408031 0.48020479248374298 0.26093968394115796 -0.94609571734580045 1.0000000180025095e-35 0.2008023464040605 0.12656440065776017 -0.94930320908435983 -0.42075846645051956 -0.49975000506682316 0.066147108488528672
decision_type=2 2 2 2 2 2 2 2 2 2 2 2 2 2 2 2 2 2 2 2 2 2 2 2 2 2 2
left_child=23 2 -2 -3 19 25 26 8 9 10 11 12 13 -8 -15 18 -16 -9 -12 20 21 -5 -20 -1 -21 -6 -7
right_child=1 3 -4 4 5 6 7 17 -10 -11 15 -13 -14 14 16 -17 -18 -19 22 24 -22 -23 -24 -25 -26 -27 -28
leaf_value=-0.01417984795548142 0.0066218750233824732 0.0032888030517406412 -0.0062722164912226959 -0.010197806772788247 -0.00013774740504969574 -0.0026613121405292938 -0.00049800112735976312 0.00094413619799961393 0.0025944498384533107 0.0052467506554386327 -0.00064051121388126846 -0.0052406325189143094 0.0055548181508611998 0.0039080404177420777 -0.0099690210427958014 0.0015056162557304947 0.00051608428207243256 -0.01862455641097668 -0.0004954050033825555 -0.031599315216859533 -0.0017878088220356497 0.0038200427628182231 4.4075747210943619e-05 -0.020463363874529364 -0.0022643578375115894 -0.0071382443549371233 -0.00034237761148557077
leaf_weight=20 24 24 33 25 20 33 28 35 21 37 58 28 22 20 30 21 27 37 22 20 29 20 20 82 76 38 22
leaf_count=20 24 24 33 25 20 33 28 35 21 37 58 28 22 20 30 21 27 37 22 20 29 20 20 82 76 38 22
internal_value=0.000676604 0.0012987 0.00640351 0.000890602 0.000587807 0.00145472 0.00204989 0.00275862 0.00368263 0.00298722 0.00206522 0.00435484 0.00641732 0.00404762 0.00668831 -0.00086777 0.00289474 -0.00152778 -0.0025 -0.00205882 0.000405404 0.00388889 0.00095238 -0.00401961 -0.00395833 -0.00327586 -0.00318182
internal_weight=872 770 57 713 689 519 461 406 334 313 276 155 127 105 77 121 57 72 100 170 74 45 42 102 96 58 55
internal_count=872 770 57 713 689 519 461 406 334 313 276 155 127 105 77 121 57 72 100 170 74 45 42 102 96 58 55
is_linear=0
shrinkage=0.05


Tree=281
num_leaves=25
num_cat=0
split_feature=30 39 46 46 47 41 20 33 36 5 38 33 38 33 38 33 39 45 39 5 20 2 37 5
split_gain=0.780946 0.869194 1.17228 0.957722 1.22798 1.13127 1.1065 0.874744 0.808031 0.888932 0.845956 1.25757 0.71479 0.879545 1.15257 0.607287 0.524646 0.471953 0.276923 0.266145 0.296126 0.409756 0.161538 0.0397959
threshold=-1.2396437479092015 0.32754710549827271 -0.81066520270409737 -0.72488596768381142 1.1380916721822807 -0.35150771805072994 -1.5272328699723439 -0.23764459160791609 -0.29981689334726463 0.19715167726570618 -0.25821282778798044 0.23985408103424494 0.33508121677308261 0.92199504195161797 1.3707737107467299 -1.0391602206858293 -0.011925091608333603 -1.0317866015141137 -0.63731173025583499 -0.6933338057147479 1.1952257243261826 0.7156131998400036 0.65254488499217433 0.13907653707132875
decision_type=2 2 2 2 2 2 2 2 2 2 2 2 2 2 2 2 2 2 2 2 2 2 2 2
left_child=-1 3 -3 16 6 -6 -5 -7 10 22 15 -12 -11 -14 -15 -8 17 -2 -17 -4 -21 -22 -10 -19
right_child=1 2 19 4 5 7 8 -9 9 12 11 -13 13 14 -16 18 -18 23 -20 20 21 -23 -24 -25
leaf_value=-0.41158913485044907 0.0026207417591821761 0.072607316124053953 0.0007804242423005062 0.0029699369120320868 0.0080985215034099743 0.0045387583801992674 0.0024248775434880633 -5.4496197856217563e-05 -0.0013326286490356817 0.0017832475202218278 0.0036082130075711996 0.00015848756849417647 -0.0026328746674249663 0.0057381342128681734 -0.00044372443953806127 0.0022060677685890183 0.0096961662366540202 -0.00072478357238972948 -0.035700791192452105 -0.0012660525779235078 -0.005397930373648792 0.00062339847769639595 0.00017179420792238812 -0.0090041809099140006
leaf_weight=60 24 27 21 27 24 20 24 27 84 28 28 25 43 22 23 20 25 78 32 129 21 20 20 20
leaf_count=60 24 27 21 27 24 20 24 27 84 28 28 25 43 22 23 20 25 78 32 129 21 20 20 20
internal_value=0.000504586 0.000911329 -0.00178899 0.00190236 0.00305369 0.00908451 0.00191489 0.00457447 0.00116046 -0.000681819 0.00430232 0.00915094 0.00232759 0.000113635 0.005 0.000921051 -0.00159864 -0.00295082 -0.00211539 -0.00316754 -0.00382353 -0.000121952 -0.00403846 -0.0044898
internal_weight=872 812 218 594 447 71 376 47 349 220 129 53 116 88 45 76 147 122 52 191 170 41 104 98
internal_count=872 812 218 594 447 71 376 47 349 220 129 53 116 88 45 76 147 122 52 191 170 41 104 98
is_linear=0
shrinkage=0.05


Tree=282
num_leaves=25
num_cat=0
split_feature=6 39 0 37 33 45 39 33 6 17 4 20 39 9 11 41 45 35 18 9 6 13 35 33
split_gain=0.701716 0.55774 0.797626 0.913345 1.33793 0.622915 1.31792 0.811098 1.28438 0.915001 0.948148 1.78135 0.525809 0.612549 0.450262 0.418204 0.413929 0.26253 0.251196 0.22998 0.396616 0.207407 0.444444 0.0812604
threshold=-1.2092302303556499 0.32754710549827271 1.2485767956218459 -0.34615436261063143 0.32512170114891653 -0.50539974162304613 -0.56607580850676353 -0.25469811563085037 -0.25068728491757275 -0.25367234984550119 -0.11998185403631688 -0.33200714564616179 -0.79536096373378262 -0.21088190291438599 1.5021394394394412 -0.29719915354932175 -0.29729330864285658 1.1675105936799905 -0.58622960087693643 -0.31582018468245282 -0.77352889152016024 0.39896359577249502 0.12402127185611619 1.1948514263185672
decision_type=2 2 2 2 2 2 2 2 2 2 2 2 2 2 2 2 2 2 2 2 2 2 2 2
left_child=-1 2 5 -4 -5 12 16 8 -8 18 -11 -12 13 -2 15 -3 -7 23 -9 20 -14 -18 -23 -17
right_child=1 14 3 4 -6 6 7 9 -10 10 11 -13 19 -15 -16 17 21 -19 -20 -21 -22 22 -24 -25
leaf_value=-0.39100967810792608 0.0068757872370180583 0.00067040656510213058 -0.00046970860942281668 0.0084106663499761616 0.00034677850293728248 0.0025139300515445097 0.00061397711975254765 -1.3835282807598055e-05 0.003635594172774809 -4.7171862202812055e-05 0.00019375774876954866 0.0075070503570787142 -0.030284756761632559 -0.0020572973075958564 0.08500986551554518 -0.0028980055401692816 -0.00078946837056006786 -7.8392498051124639e-05 -0.010574240608380359 -0.00045998872117602091 0.0018139999963081126 0.00025356744369826656 -0.0021444548932679623 -0.00060831446804343939
leaf_weight=60 21 22 33 26 23 21 26 22 37 27 24 21 30 31 26 98 63 36 35 78 31 20 25 36
leaf_count=60 21 22 33 26 23 21 26 22 37 27 24 21 30 31 26 98 63 36 35 78 31 20 25 36
internal_value=0.000217889 0.000603447 0.00139731 0.00597561 0.0103061 0.000664061 0.00200934 0.00463542 0.00928571 0.00236434 0.00611111 0.0105556 -0.00159686 0.00269231 -0.00155963 -0.00239583 -0.00189923 -0.0032353 -0.00236842 -0.00320144 -0.000901641 -0.00314815 -0.000555557 -0.00425373
internal_weight=872 812 594 82 49 512 321 192 63 129 72 45 191 52 218 192 129 170 57 139 61 108 45 134
internal_count=872 812 594 82 49 512 321 192 63 129 72 45 191 52 218 192 129 170 57 139 61 108 45 134
is_linear=0
shrinkage=0.05


Tree=283
num_leaves=26
num_cat=0
split_feature=20 2 8 14 35 33 4 8 16 42 36 40 46 46 17 2 43 43 4 42 13 2 41 2 15
split_gain=0.55406 1.35976 0.474849 0.46513 0.672213 0.453128 0.596025 1.60212 2.04744 0.826512 0.520744 1.32806 0.742982 0.43573 0.385602 0.4 0.31775 0.328111 0.246508 0.425926 0.223636 0.154023 0.0780533 0.0333333 0.0333333
threshold=-1.5272328699723439 0.32431313521903998 -0.96511932204559281 -1.2662744259869405 -1.2787020787923702 -0.62987564413540542 0.15921158975095148 0.84153582111607694 0.36582569392585096 -0.36135996689382266 -0.076688604164092566 0.15481232344337184 0.022618794635823666 0.27995649969668174 1.2233704129655745 0.25094437310260931 0.27820093956385927 -0.67720188605036935 -0.49223977908600797 0.80921755051281208 1.1990808893985787 -0.89849956672147124 -0.35150771805072994 -0.67839328037217916 -0.6235840104429119
decision_type=2 2 2 2 2 2 2 2 2 2 2 2 2 2 2 2 2 2 2 2 2 2 2 2 2
left_child=1 -1 21 24 -5 16 10 8 9 -8 11 12 23 -11 18 -16 17 -6 19 -12 -9 -2 -20 -7 -4
right_child=2 -3 3 4 5 6 7 20 -10 13 14 -13 -14 -15 15 -17 -18 -19 22 -21 -22 -23 -24 -25 -26
leaf_value=0.0055826226198232272 2.386533586886848e-05 -0.00038919961690376533 -0.00083707726774394787 0.01174355501442566 0.00096756379126572217 -0.00022587219085895102 0.010856944465464273 -0.0077236903404015456 0.0026226462631702323 0.00017064221078718627 8.6281241434209413e-05 0.0073605322435315442 0.0014424606810911525 -0.019410880211477577 0.00073303804742014711 -0.00035714276057986094 0.00076511438159296979 -0.0047092880090397931 -0.00066183302500581449 -0.0032810507903615945 -0.00023608822948388344 -0.01292946805393095 -0.0035625991851900626 -0.0031851817810320151 -0.0011227029698493087
leaf_weight=20 20 23 20 32 35 20 25 41 21 27 27 31 35 24 20 20 26 89 36 23 25 67 85 40 40
leaf_count=20 20 23 20 32 35 20 25 41 21 27 27 31 35 24 20 20 26 89 36 23 25 67 85 40 40
internal_value=-6.88085e-05 0.00546512 -0.000355852 5.39072e-05 0.000425219 7.69219e-05 0.000799999 0.00328221 0.00737113 0.00355263 -0.000400595 0.00214286 -0.000789475 -9.80404e-05 -0.00191943 0.0025 -0.00233333 -0.0033871 -0.00295322 -1.19209e-09 -0.00272727 -0.00385058 -0.00417355 -0.00416667 -0.00416667
internal_weight=872 43 829 742 682 650 500 163 97 76 337 126 95 51 211 40 150 124 171 50 66 87 121 60 60
internal_count=872 43 829 742 682 650 500 163 97 76 337 126 95 51 211 40 150 124 171 50 66 87 121 60 60
is_linear=0
shrinkage=0.05


Tree=284
num_leaves=26
num_cat=0
split_feature=30 47 41 41 2 4 36 40 33 39 12 46 35 40 45 46 33 19 2 11 47 37 8 2 0
split_gain=0.686379 0.622149 1.88422 0.778439 0.912162 0.52697 0.675806 0.880063 0.656539 0.607789 1.05 0.695105 0.6294 0.562542 0.443694 0.37212 0.564312 0.558224 0.2625 0.132537 0.266327 0.131653 0.125926 0.0311321 2.22045e-16
threshold=-1.2396437479092015 1.1380916721822807 -0.45920186036204652 0.18319414588022598 -0.091443183440733891 0.066147108488528672 -0.076688604164092566 0.20640929988334816 -0.74925031229594574 0.66638062113299745 0.64964035695520594 -0.50431079191736161 0.089808507206153118 0.50567176323521124 1.2941088259115343 -0.78615684984115852 -1.0221066966628947 1.0000000180025095e-35 0.18980373800558373 0.85815554519902371 0.2319176999979152 -0.70775236605302649 -0.19083854640487727 -0.69062140739158429 0.74914607737310757
decision_type=2 2 2 2 2 2 2 2 2 2 2 2 2 2 2 2 2 2 2 2 2 2 2 2 2
left_child=-1 5 -3 4 -4 6 7 15 22 10 11 -10 -13 -14 19 23 -17 21 -11 24 -21 -18 -7 -2 -8
right_child=1 2 3 -5 -6 8 14 -9 9 18 -12 12 13 -15 -16 16 17 -19 -20 20 -22 -23 -24 -25 -26
leaf_value=-0.37168686650424154 -0.00023990934805542702 0.0072399864156564089 -0.0041987025897405527 0.0031615775999496321 0.00011090716516599887 -0.0022567044554948536 -0.0010572805376227426 0.0063349469953975605 0.0029155424064101656 0.0018560966048681155 0.0016441695363947325 -0.0070935196430352973 0.0044162704865907633 -7.6245445090819791e-05 9.1421664034836968e-05 0.001957114194563295 -0.00032590948602665511 0.001929873495821347 -0.090752586333017693 -0.0020214051596921163 0.00015089523121906355 -0.00096747103526225592 -0.0022273506688468793 -0.0092327208880334868 -0.0024104152438945755
leaf_weight=60 20 23 54 21 20 20 92 34 34 20 39 38 20 26 36 29 21 39 28 29 20 47 34 33 35
leaf_count=60 20 23 54 21 20 20 92 34 34 20 39 38 20 26 36 29 21 39 28 29 20 47 34 33 35
internal_value=0.000160549 0.000541871 0.0038983 0.000789472 -0.00162162 -2.88196e-05 -0.00109196 0.000829595 0.00175676 0.00304878 0.00455414 0.00220339 -0.000238096 0.00369565 -0.00311321 -0.000502647 0.000882352 -0.000794394 -0.001875 -0.00414773 -0.00193878 -0.00352941 -0.00314815 -0.0040566 -0.005
internal_weight=872 812 118 95 74 694 435 223 259 205 157 118 84 46 212 189 136 107 48 176 49 68 54 53 127
internal_count=872 812 118 95 74 694 435 223 259 205 157 118 84 46 212 189 136 107 48 176 49 68 54 53 127
is_linear=0
shrinkage=0.05


Tree=285
num_leaves=28
num_cat=0
split_feature=6 36 33 36 2 33 43 39 45 45 34 6 44 0 12 16 34 44 6 34 16 34 44 7 5 7 2
split_gain=0.868758 0.597697 0.830638 0.588985 0.836338 0.781115 0.570236 0.860678 0.855641 0.91746 1.52381 1.04098 2.18378 1.04751 0.851212 0.86137 0.744211 1.27353 1.09247 0.676681 0.519102 0.290667 0.149367 0.132203 0.123077 0.0383721 0.0371795
threshold=-1.2092302303556499 -1.243821193737608 -0.97094612459409191 -1.020692904554436 -1.1430621071095735 -0.73219678827301138 -0.087973033218472593 -0.83843910811044331 -0.89712949782105 -0.49315818674185852 -0.52692894705753357 -0.16354701715047482 1.0223962821331494 -0.74914607737310734 1.1704931961819109 0.22910495491551339 0.018893370598613457 -0.11506519603430486 0.44643485721921083 0.42826010884072391 -0.43171195030111825 -1.0898082121404353 1.4137808767714131 -0.64865210777846449 0.17779329720091372 -0.78325832005247709 0.9479476132087008
decision_type=2 2 2 2 2 2 2 2 2 2 2 2 2 2 2 2 2 2 2 2 2 2 2 2 2 2 2
left_child=-1 2 -2 -3 -5 21 7 24 -9 10 -10 20 13 -13 15 -15 26 18 -18 -19 -11 -6 -21 -22 -7 -23 -8
right_child=1 3 -4 4 5 6 16 8 9 11 -12 12 -14 14 -16 -17 17 19 -20 22 23 25 -24 -25 -26 -27 -28
leaf_value=-0.36704659648597177 0.0053497671689629175 -0.00042559033442557268 0.0008829113679266528 0.042938067024361787 4.3838821202619926e-05 -0.050002477831442772 -0.0008238048567213998 -0.00071324578002910114 0.0037729339691378429 0.0014156858408256095 0.00022091567953551956 -0.0057079403601884683 0.0080103494507200376 0.00061831823535369885 -0.00058905332191566879 0.00092050262229436861 0.00011975647673365922 0.00064967721639747349 0.17430662883615131 -0.0019254784198423957 -0.00031982042467874601 -0.00052264765222614223 -0.00024232071513709074 -0.01214876056693364 -0.00029181928570784938 -0.0015501723675662028 -0.015923990345970699
leaf_weight=61 21 41 32 32 21 32 58 34 21 24 21 28 24 29 20 26 23 37 20 59 20 20 20 39 20 66 20
leaf_count=61 21 41 32 32 21 32 58 34 21 24 21 28 24 29 20 26 23 37 20 59 20 20 20 39 20 66 20
internal_value=0.000753739 0.00118812 0.00632075 0.000827813 0.00116246 0.000791788 0.00152174 0.00284024 0.00391608 0.00492063 0.0116667 0.00357143 0.00641732 0.00325243 0.00633333 0.00954545 -0.000358651 0.00160377 0.00895349 -0.00112069 -0.000783134 -0.00313084 -0.00373418 -0.00330509 -0.00307692 -0.00441861 -0.00435898
internal_weight=869 808 53 755 714 682 575 338 286 252 42 210 127 103 75 55 237 159 43 116 83 107 79 59 52 86 78
internal_count=869 808 53 755 714 682 575 338 286 252 42 210 127 103 75 55 237 159 43 116 83 107 79 59 52 86 78
is_linear=0
shrinkage=0.05


Tree=286
num_leaves=27
num_cat=0
split_feature=6 35 15 5 39 43 39 33 2 44 6 39 39 34 2 9 8 35 7 46 5 41 4 8 16 10
split_gain=0.909699 0.686524 0.731588 0.439547 0.397175 0.440212 0.612166 0.560991 0.539117 0.817024 1.09394 0.975546 0.685537 0.50836 0.799471 0.338064 0.62872 0.309375 0.306882 0.553634 0.270175 0.63 0.12 0.038764 0.038764 0.0380952
threshold=-1.0785198287050031 -1.2273829318174254 -1.2934122451166441 -0.71269218577954041 -1.0784519815547018 -0.046105484192235785 -0.81543211030417451 1.0754767581580269 1.0000000180025095e-35 0.36193477868107909 -0.16354701715047482 -0.76698747637210707 0.57029964622381091 -0.86806789559262554 -0.92295582076028149 -0.053474480262285844 -0.19083854640487727 -0.20099999231853308 1.0000000180025095e-35 -0.55332749764323941 0.93277011972782053 0.73671892260705341 0.066147108488528672 -0.55216957503721109 -0.43171195030111825 -0.79154905128620856
decision_type=2 2 2 2 2 2 2 2 2 2 2 2 2 2 2 2 2 2 2 2 2 2 2 2 2 2
left_child=23 3 -3 -2 -4 7 -7 8 9 11 -11 -6 15 -13 -15 -10 -17 -18 25 -20 21 22 -21 -1 -16 -8
right_child=1 2 4 -5 5 6 18 -9 12 10 -12 13 -14 14 24 16 17 -19 19 20 -22 -23 -24 -25 -26 -27
leaf_value=-0.14316622254870101 0.00010128426159276198 0.0010380467462011596 -0.0016168823494569129 0.0060407384616430713 0.0089595942582005594 0.0013446776152131481 -0.0013240662149040176 0.0013227285388115726 -0.013391231978699489 -0.026232408602292867 0.00099426103850665769 0.00021101068225206317 0.0045532591899821589 0.00067321331341067304 -0.0096779482976343482 0.0024697385825198596 0.00024950258361599578 -0.0024621281344403335 0.0001855197744928649 -0.00094190605324404606 -0.011284851018873885 0.0044745733713661799 0.00012548807377352425 -0.014549629689769319 -0.00027091437982594883 -0.0016149890865723713
leaf_weight=69 21 36 35 20 27 21 20 31 67 20 24 36 20 30 20 20 20 44 21 30 44 20 20 20 69 64
leaf_count=69 21 36 35 20 27 21 20 31 67 20 24 36 20 30 20 20 20 44 21 30 44 20 20 20 69 64
internal_value=0.000350977 0.000897435 0.000548037 0.00719512 0.000192033 0.000464071 -0.00125 0.00142523 0.000919394 0.00252212 0.00863636 0.00104395 -0.00119883 -0.000483872 -0.00205882 -0.00235099 -0.000238096 -0.00265625 -0.00203196 -0.000555557 -0.00192983 -1.19209e-09 -0.003 -0.0044382 -0.0044382 -0.00440476
internal_weight=869 780 739 41 703 668 240 428 397 226 44 182 171 155 119 151 84 64 219 135 114 70 50 89 89 84
internal_count=869 780 739 41 703 668 240 428 397 226 44 182 171 155 119 151 84 64 219 135 114 70 50 89 89 84
is_linear=0
shrinkage=0.05


Tree=287
num_leaves=28
num_cat=0
split_feature=6 37 39 4 44 14 6 39 15 16 2 2 41 19 13 15 44 39 2 2 49 34 37 17 2 2 0
split_gain=0.751389 0.701122 0.473232 0.466883 0.590793 1.11209 1.3581 1.98596 0.872677 1.1337 1.05158 1.59982 1.62483 0.810519 0.611111 0.328517 0.66932 0.595588 0.272727 0.25 0.225965 0.205083 0.172789 0.121569 0.107375 0.033871 2.22045e-16
threshold=-1.2092302303556499 -1.4826052305724444 -1.0784519815547018 0.53146951480064264 1.0223962821331494 0.36312008047820415 -0.25068728491757275 0.44462779017779835 -0.40030793221833455 0.52533322277124495 0.10420684886974792 -0.16481194555716455 -0.67265209575608986 -0.6133503958973926 -0.20112437444706763 1.0000000180025095e-35 -0.46975748492523134 -0.11722052701166734 -0.83735893162444575 0.8256663430146497 -0.6747314249098697 0.3770892665604601 -0.62165760332864661 1.0000000180025095e-35 0.26317250012201443 0.45882253243249621 0.74914607737310757
decision_type=2 2 2 2 2 2 2 2 2 2 2 2 2 2 2 2 2 2 2 2 2 2 2 2 2 2 2
left_child=-1 -2 -3 4 8 6 -6 -8 10 15 11 12 -4 -11 18 16 -10 -18 -14 -7 24 25 -22 -12 -17 -5 -24
right_child=1 2 3 21 5 19 7 -9 9 13 23 -13 14 -15 -16 20 17 -19 -20 -21 22 -23 26 -25 -26 -27 -28
leaf_value=-0.34796677597780823 0.0050041048464543924 -0.0019957717500605631 0.009453401752575875 -0.011271723229887546 -0.033535933510313636 0.00099618314746385632 0.0044249325077566209 1.4715439260670142e-05 -0.0026256319283891431 0.13885073905880171 -0.0014232292237313811 0.00093174132258159233 0.011544021356912815 8.4359226669097984e-05 0.0008673468485567732 0.0035577882205606818 0.0015836528270050593 -0.00083910127787592201 -0.022916927766578193 -0.027524016547907468 -9.1614552865673687e-05 4.3506796912050318e-06 -0.00089698047804082331 1.6624766250919075e-05 -0.0008064305722191808 -0.0085280847984381732 -0.0061342879615310089
leaf_weight=61 20 37 30 42 25 20 25 21 41 22 31 22 22 28 33 20 36 32 44 25 20 24 88 20 21 20 39
leaf_count=61 20 37 30 42 25 20 25 21 41 22 31 22 22 28 33 20 36 32 44 25 20 24 88 20 21 20 39
internal_value=0.000350977 0.000754949 0.000520303 0.000792276 0.0012406 0.00448276 0.00838028 0.0134783 0.000555554 -0.000965419 0.00316832 0.0052649 0.00313953 0.006 5.05039e-05 -0.00213805 4.58704e-05 0.00308823 -0.00272727 -0.00166667 -0.00340426 -0.00267442 -0.00431973 -0.00303922 -0.000121952 -0.00419355 -0.005
internal_weight=869 808 788 751 665 116 71 46 549 347 202 151 129 50 99 297 109 68 66 45 188 86 147 51 41 62 127
internal_count=869 808 788 751 665 116 71 46 549 347 202 151 129 50 99 297 109 68 66 45 188 86 147 51 41 62 127
is_linear=0
shrinkage=0.05


Tree=288
num_leaves=27
num_cat=0
split_feature=6 43 44 39 15 43 34 36 49 2 9 35 33 44 39 39 33 44 47 37 18 2 5 13 2 0
split_gain=0.767634 0.792823 0.70389 2.00518 0.739482 1.12092 2.32283 0.583582 0.574233 0.816667 0.668182 0.47193 1.18929 0.381149 0.788611 1.17371 0.806667 0.44709 0.350681 0.32802 0.358605 0.121569 0.0380952 0.0307692 0.0256098 2.22045e-16
threshold=-1.2092302303556499 -0.046105484192235785 1.0223962821331494 -0.24118788185255413 -0.40030793221833455 -0.61271166706658409 -0.44164420992376069 -0.90054690268657411 1.0000000180025095e-35 -0.77621829652742014 -0.26335104379841939 0.99644677043017504 0.64913865758466882 -0.4819882535076771 -0.57280248812345658 -0.087112969108939745 -0.067109351378572893 -1.0690651454650726 0.2319176999979152 -0.3289354100657555 0.28359121486465527 0.20814592853469138 0.11971815700653625 0.39896359577249502 -0.15258381853775946 0.74914607737310757
decision_type=2 2 2 2 2 2 2 2 2 2 2 2 2 2 2 2 2 2 2 2 2 2 2 2 2 2
left_child=-1 2 4 -4 5 6 -2 -3 21 -10 -11 19 -13 17 23 16 -16 -6 -17 20 -9 -7 -19 -15 -20 -21
right_child=1 7 3 -5 13 8 -8 11 9 10 -12 12 -14 14 15 18 -18 22 24 25 -22 -23 -24 -25 -26 -27
leaf_value=-0.33056843717891843 0.0013804573193519827 0.0013014182232777196 -0.00028111532033455735 0.0058256791163527662 0.0019594102124919047 -0.0071416118943909597 0.0043882799348703358 0.0010428687765891777 0.0091873509942240351 -0.078306633460126659 0.00068558144878743082 -0.0047414190333279387 0.0038150668289577225 -0.0090892787456865864 0.00086536534523167375 0.0048939456293791046 0.00019850187607032559 -0.0018253397722087735 -0.00010460044398783607 -0.00051332039615152602 -0.00062972028045493766 1.5793527937893068e-05 -0.0066535035575517633 -0.0020889617740941116 -0.001685869290410002 -0.0057213270830042857
leaf_weight=61 37 29 32 31 24 31 22 20 20 27 33 37 35 32 24 30 25 64 20 80 33 20 20 20 21 41
leaf_count=61 37 29 32 31 24 31 22 20 20 27 33 37 35 32 24 30 25 64 20 80 33 20 20 20 21 41
internal_value=0.000408514 0.00081683 0.00194184 0.00690476 0.00127659 0.00368421 0.00940678 -0.00136364 0.00110687 0.00375 0.000833332 -0.00215447 0.00125 -0.000357144 0.00110465 0.00333333 0.00928571 -0.00268519 -0.000774649 -0.00356322 -0.00028302 -0.00303922 -0.00440476 -0.00403846 -0.00378049 -0.005
internal_weight=869 808 533 63 470 190 59 275 131 80 60 246 72 280 172 120 49 108 71 174 53 51 84 52 41 121
internal_count=869 808 533 63 470 190 59 275 131 80 60 246 72 280 172 120 49 108 71 174 53 51 84 52 41 121
is_linear=0
shrinkage=0.05


Tree=289
num_leaves=22
num_cat=0
split_feature=30 35 39 47 33 45 34 41 2 49 43 36 35 16 36 33 42 34 5 2 2
split_gain=0.688143 0.933556 0.652861 1.05734 0.955845 1.08023 0.917416 0.831515 0.780172 1.49642 0.9 0.543592 0.493621 1.24654 0.382813 0.290147 0.273529 0.173154 0.161425 0.154725 0.481119
threshold=-1.2396437479092015 -1.2787020787923702 0.32754710549827271 1.1380916721822807 0.92199504195161797 0.44944153910958834 -0.032277471681650335 -0.29719915354932175 0.091978721850342796 -0.6747314249098697 -0.5063104569630742 -0.76323718626616055 -0.11546808069362539 -0.13548368244538686 -1.2609849082901599 2.141322009591422 0.50840980301355843 -0.69749842132507955 -0.96435112662184264 0.51996316752952187 0.8256663430146497
decision_type=2 2 2 2 2 2 2 2 2 2 2 2 2 2 2 2 2 2 2 2 2
left_child=-1 -2 3 4 8 -6 -5 -4 9 10 -3 -10 14 -14 -11 19 -15 -13 -16 -9 -21
right_child=1 2 7 6 5 -7 -8 15 11 12 -12 17 13 16 18 -17 -18 -19 -20 20 -22
leaf_value=-0.31404001531997217 0.0050593944632364813 0.0006888704717753993 0.0032962335128822067 0.00014605404386042802 0.0012895903390171481 -9.3834827149158611e-05 0.0013945974561128604 -0.0019023787918441535 0.0037611131057623069 0.0001762404466081469 0.0032672556882907284 0.00014932864252054125 0.003559650261816932 -0.002941387799379172 -0.00098979979212266973 0.033660872515385742 9.9756931776405326e-05 -0.00077100684031233097 -0.00068215890518668427 0.0037068473560407213 -0.0063796567280977427
leaf_weight=61 38 20 20 39 27 31 34 110 22 24 20 20 28 31 37 20 20 129 73 22 43
leaf_count=61 38 20 20 39 27 31 34 110 22 24 20 20 28 31 37 20 20 129 73 22 43
internal_value=0.000120827 0.000507425 0.000129869 0.00103603 0.000186721 0.0062069 0.00664383 -0.0022093 -0.000636794 0.00112648 0.01 -0.00324562 -0.000539907 0.00259494 -0.00238806 -0.00320513 -0.00205882 -0.00432886 -0.00363636 -0.00385714 -0.00192308
internal_weight=869 808 770 555 482 58 73 215 424 253 40 171 213 79 134 195 51 149 110 175 65
internal_count=869 808 770 555 482 58 73 215 424 253 40 171 213 79 134 195 51 149 110 175 65
is_linear=0
shrinkage=0.05


Tree=290
num_leaves=26
num_cat=0
split_feature=5 45 5 37 49 47 36 45 7 17 42 5 15 11 5 5 41 43 3 18 10 13 13 1 5
split_gain=1.53468 1.14691 1.00707 0.769137 0.636981 1.53362 0.820175 1.14971 1.59197 0.76455 0.614381 1.27913 0.513659 0.381474 0.851852 0.862854 0.331852 0.438938 0.286364 0.253968 0.166942 0.140005 0.446383 0.0361111 0.034127
threshold=-0.73205056584433281 0.42495842934721312 -0.65461704558516287 -1.0693503694954216 0.68465394586442807 0.6850046860900979 0.67851483614818242 -0.10142843054385468 0.22628827200261711 0.99613306484079367 0.25509801564576601 0.0616430168121588 -0.84686008866748941 0.21417165095860605 0.83597821940385819 0.390735477913631 -0.69335344686887723 -0.39666637406599436 -0.6742562721864499 -0.29628932896307253 1.0263860368337883 -0.60118302126010925 -0.40115369785358845 1.0000000180025095e-35 1.0000000180025095e-35
decision_type=2 2 2 2 2 2 2 2 2 2 2 2 2 2 2 2 2 2 2 2 2 2 2 2 2
left_child=21 2 -2 -4 5 6 7 10 -9 19 11 16 -3 20 15 -15 -5 -18 -8 24 -14 -1 -23 -24 -6
right_child=1 12 3 4 9 -7 18 8 -10 -11 -12 -13 13 14 -16 -17 17 -19 -20 -21 -22 22 23 -25 -26
leaf_value=-0.031068834341723424 0.0049873121411058196 0.00055372726409599156 -0.0086158626853162674 -0.0001242244366360738 -0.00016310702000643223 0.0016759459932847668 3.3155925252331956e-05 0.0051067808188102757 0.00011035239123719697 0.00048754405379064139 -0.0023323756188895458 0.047087671384164344 -0.00053834044748599433 -9.3499410740027853e-05 -0.014179280619242557 0.0038845925376002569 0.0054257199103126177 -0.0062097786013846096 -0.00033333876203637462 0.00031003833847772426 -0.0032252026318925573 0.0067395624185078301 -0.0044517837219559811 -0.04619500761658827 -0.006620056794639154
leaf_weight=108 22 24 34 21 20 20 20 33 25 24 25 28 101 34 46 20 31 23 35 21 20 23 52 20 43
leaf_count=108 22 24 34 21 20 20 20 33 25 24 25 28 101 34 46 20 31 23 35 21 20 23 52 20 43
internal_value=4.00904e-05 0.00119403 0.0027647 0.00219603 0.00285908 0.0041954 0.00309129 0.00467742 0.0105172 -0.000370372 0.00203125 0.00373786 -0.00153061 -0.00228507 -1.19209e-09 0.00425926 0.000333332 0.00240741 -0.00227273 -0.00261905 -0.00417355 -0.00376847 -0.00236842 -0.00430556 -0.00420635
internal_weight=873 670 425 403 369 261 241 186 58 108 128 103 245 221 100 54 75 54 55 84 121 203 95 72 63
internal_count=873 670 425 403 369 261 241 186 58 108 128 103 245 221 100 54 75 54 55 84 121 203 95 72 63
is_linear=0
shrinkage=0.05


Tree=291
num_leaves=25
num_cat=0
split_feature=5 35 5 35 35 2 45 9 35 15 9 45 45 37 5 33 7 9 33 40 45 20 4 2
split_gain=0.786229 1.23657 0.667222 0.733241 0.907742 1.21658 1.48176 0.684211 1.20708 0.476474 0.426331 0.510935 0.901506 0.619466 0.496884 0.577778 0.293743 1.13364 0.280189 0.234375 0.148365 0.100663 0.0424242 0.0311321
threshold=-0.73205056584433281 -1.2444893141424069 0.41009385797842351 0.70563827090548881 0.19244680115604237 0.20814592853469138 -0.15039465006860517 0.31380950592594797 1.1161914467050458 0.26952030245539771 -0.36828932556648614 0.41271687446602551 -0.089186875662667059 0.29094688154977905 -0.55782514526120053 0.20574703298837629 -0.91786453232648968 -0.42075846645051956 -0.33996573574552202 -0.48842998284166778 1.7348048016342887 0.6640142912923237 0.43840503353821986 0.15311935694736836
decision_type=2 2 2 2 2 2 2 2 2 2 2 2 2 2 2 2 2 2 2 2 2 2 2 2
left_child=16 -2 3 4 10 6 -6 20 9 -9 19 12 13 14 -12 -16 17 -1 -13 -3 22 -18 -4 -5
right_child=1 2 7 23 5 -7 -8 8 -10 -11 11 18 -14 -15 15 -17 21 -19 -20 -21 -22 -23 -24 -25
leaf_value=-0.014331251867895016 0.004060669298833702 -1.1651671654915022e-05 -0.00037906631965684261 -0.001579066735840874 0.00024631426008800124 -0.0072857227820153974 0.0069158381203696887 0.00022141034378987779 0.003438172655399808 -0.0068009758086871363 0.0043880328758855967 0.00033182135223948535 0.0038823549098793916 0.00053857877399981666 -0.0021561979556924981 0.00034502856059536493 -0.020054827992439475 0.0052368450425020214 -0.00038175733982979097 -0.021600023857602901 -5.3076580077578763e-05 -0.0016855983644596013 -0.0014853653830407547 -0.00050373358611076021
leaf_weight=41 24 24 112 33 21 27 26 23 31 50 22 20 31 21 52 20 110 21 33 40 20 31 20 20
leaf_count=41 24 24 112 33 21 27 26 23 31 50 22 20 31 21 52 20 110 21 33 40 20 31 20 20
internal_value=-0.000303552 0.000522387 0.000108358 0.00141026 0.00227003 0.00716216 0.0120213 -0.001875 0.00125 -0.00226028 0.000893535 0.00203517 0.00356164 0.00152174 -0.000212767 -0.00222222 -0.00302956 -0.000161292 -0.00216981 -0.00265625 -0.00401316 -0.00429078 -0.00462121 -0.0040566
internal_weight=873 670 646 390 337 74 47 256 104 73 263 199 146 115 94 72 203 62 53 64 152 141 132 53
internal_count=873 670 646 390 337 74 47 256 104 73 263 199 146 115 94 72 203 62 53 64 152 141 132 53
is_linear=0
shrinkage=0.05


Tree=292
num_leaves=26
num_cat=0
split_feature=6 7 44 6 45 45 33 44 45 38 2 34 34 17 5 46 47 41 9 15 7 6 2 9 0
split_gain=0.571965 0.762964 1.84749 0.533997 0.82252 0.84092 1.1305 0.722433 1.45891 1.51732 0.917397 0.773369 0.84149 0.419839 1.03712 0.379051 0.303571 0.288854 0.263585 0.254348 0.165295 0.230488 0.111111 0.0392473 2.22045e-16
threshold=-1.2092302303556499 -0.98516763846349586 -0.77552669948637487 -0.68638862375306242 0.40047531958483784 1.4165243747234106 -0.033002303332704257 -0.053911353122076164 0.057711782911584394 -0.025010544376695493 -0.066986929401923676 -0.35635947278998764 -0.56104284191104281 -0.14005367578311081 -0.67397542564995538 -0.61459837980058651 0.6850046860900979 -0.29469330947909572 -0.57816588910261968 0.49279638067997511 -0.24483347095642685 -0.16354701715047482 -0.34823385084824121 -0.26335104379841939 0.74914607737310757
decision_type=2 2 2 2 2 2 2 2 2 2 2 2 2 2 2 2 2 2 2 2 2 2 2 2 2
left_child=-1 2 -2 18 7 20 -7 11 9 10 -9 12 13 22 -15 -13 -11 -4 -3 -8 21 -6 -5 -17 -22
right_child=1 3 17 4 5 6 19 8 -10 16 -12 15 -14 14 -16 23 -18 -19 -20 -21 24 -23 -24 -25 -26
leaf_value=-0.33271886187086575 0.019918173201779875 0.0032561064270248703 0.00096537805708795917 -0.0039330095966898272 -0.035101183242834531 0.0021660279695199978 0.00058160601891710619 0.0043596735397748859 0.0038480619665995919 -0.0003080327478577245 0.00013589061615682007 0.0018467721403943331 0.003687286728101034 -0.0065622852325963824 0.0090965818718163234 -0.0001670993071665308 1.5877460105134697e-05 -0.011812381179462409 -0.0056845617294509661 -0.010937123638725657 -0.0016769636958207581 0.00030918264974620982 -0.00021086359901228009 -0.0026218939150962012 -0.00016458474244722464
leaf_weight=59 27 26 26 25 21 20 20 21 36 51 22 39 25 24 20 20 21 23 83 26 94 20 20 73 31
leaf_count=59 27 26 26 25 21 20 20 21 36 51 22 39 25 24 20 20 21 23 83 26 94 20 20 73 31
internal_value=-0.000246278 9.82789e-05 0.00486842 -0.000392955 0.00016693 -0.00219828 0.00257576 0.00154912 0.00427152 0.00152174 0.00895349 -0.000121952 0.00289474 0.000617976 0.00409091 -0.00272727 -0.00291667 -0.000918369 -0.00362385 -0.00173913 -0.00409639 -0.00134146 -0.00277778 -0.00446237 -0.005
internal_weight=873 814 76 738 629 232 66 397 151 115 43 246 114 89 44 132 72 49 109 46 166 41 45 93 125
internal_count=873 814 76 738 629 232 66 397 151 115 43 246 114 89 44 132 72 49 109 46 166 41 45 93 125
is_linear=0
shrinkage=0.05


Tree=293
num_leaves=25
num_cat=0
split_feature=6 10 38 13 34 44 35 38 11 43 9 38 34 33 45 46 44 34 20 2 33 12 34 2
split_gain=0.554813 0.920375 0.45785 0.549922 0.636635 0.762219 1.06891 0.831562 0.604828 0.974445 0.548616 0.868443 0.54215 0.529807 0.401197 0.339616 0.157895 0.15489 0.514286 0.138462 0.0419355 0.038764 0.0378049 0.0277778
threshold=-1.0785198287050031 -1.1742722277325235 0.44825291313444143 0.59899291917901587 -0.56104284191104281 -0.93452669105816943 -0.47470210951823771 -0.21705948365657726 0.21417165095860605 -0.16670917596224125 0.47121692857804814 1.3399087026481775 0.30886147685344173 -0.13532344747031019 -0.94609571734580045 0.42700661687431485 -0.79998823665126639 0.39414621398721467 0.99602143693848544 -0.65393702633336903 0.035211792759033037 0.38921393734185333 -0.2710747356562147 -0.18926819959597477
decision_type=2 2 2 2 2 2 2 2 2 2 2 2 2 2 2 2 2 2 2 2 2 2 2 2
left_child=22 -2 3 4 13 -6 19 -8 12 -10 17 -12 23 14 -3 16 -5 18 -4 -7 -19 -16 -1 -9
right_child=1 2 10 15 5 6 7 8 9 -11 11 -13 -14 -15 21 -17 -18 20 -20 -21 -22 -23 -24 -25
leaf_value=-0.1372714245785521 0.00084276634070249009 0.00065527187909824268 -0.010498731707922045 0.00044648560555485831 0.0014487405012260153 -0.0046617184574997009 0.0042466032900539564 -0.00018151289230471405 0.0020858260789226152 -0.0001152407143835429 -8.9949668462510526e-05 0.089445265279928882 0.00037947896482549065 0.004141691168228121 -0.0026762488042691261 0.00025757654303585557 -0.0002987670919219725 -0.00033732373304989362 0.00095984769283124572 -0.00070602715227465948 -0.0021453788339158455 -0.0015367215455247042 -0.067758273522215223 -0.025385892275030464
leaf_weight=62 35 37 36 20 29 20 30 20 24 23 32 25 24 31 69 27 75 20 20 45 104 20 20 25
leaf_count=62 35 37 36 20 29 20 30 20 24 23 32 25 24 31 69 27 75 20 20 45 104 20 20 25
internal_value=-0.000475373 -6.95334e-05 -0.000436509 0.000394989 0.00129723 0.00291667 0.00187204 0.00424657 0.00232759 0.00670213 -0.00225739 0.00201754 -0.000652175 -0.00117835 -0.00261905 -0.00254098 -0.00394737 -0.00361111 -0.00142857 -0.00346154 -0.00459678 -0.0044382 -0.00439025 -0.00388889
internal_weight=873 791 756 519 397 240 211 146 116 47 237 57 69 157 126 122 95 180 56 65 124 89 82 45
internal_count=873 791 756 519 397 240 211 146 116 47 237 57 69 157 126 122 95 180 56 65 124 89 82 45
is_linear=0
shrinkage=0.05


Tree=294
num_leaves=24
num_cat=0
split_feature=43 38 38 44 44 47 13 13 41 43 41 2 16 11 6 38 36 41 41 41 20 0 2
split_gain=0.654079 0.553246 0.970323 1.15227 0.668953 0.788907 0.77913 0.687335 0.548277 0.320615 0.404631 0.323661 0.319088 0.312999 0.276481 0.238986 0.314662 0.596166 0.173217 0.353778 0.156522 0.123077 0.0324561
threshold=-0.24431842242213025 0.46197069451157563 -0.57372179946207147 -0.93452669105816943 -0.6165267079145802 -0.6742562721864499 0.59899291917901587 -0.40115369785358845 2.2211426456159273 -0.6420919752876082 -0.58294919598734285 -0.71507766143039453 -0.21523744686808374 -0.75180419040202018 1.0000000180025095e-35 -1.1567275079902835 1.0217891271992166 0.059585484811302006 0.18319414588022598 0.35546201570627134 -0.73041572042155589 1.0000000180025095e-35 0.59944599315565505
decision_type=2 2 2 2 2 2 2 2 2 2 2 2 2 2 2 2 2 2 2 2 2 2 2
left_child=1 2 9 -4 -5 12 7 -7 15 10 11 -1 -6 -11 -9 -2 18 -18 -17 -20 -21 -19 -3
right_child=8 22 3 4 5 6 -8 14 -10 13 -12 -13 -14 -15 -16 16 17 21 19 20 -22 -23 -24
leaf_value=-0.024850864489619803 4.417473672059569e-05 -0.007798524170601142 0.0084427835646633601 -0.0040379767925906342 0.0018846077354127669 0.0008664728166078372 -0.00018058842363681622 0.0041720584313385146 0.0042682181261327074 -0.00059424776950302717 0.0035028451553729594 0.00013438837967067946 -0.0017449337036259636 -0.0021787159582312811 0.0012532867710095845 -0.0025469274718128861 0.00051824695211609407 -0.00020027622847104129 0.0021949652988292297 0.00013564161827564898 -0.0021810116492319343 -0.00012175552818120646 -3.6649228582711069e-05
leaf_weight=29 20 37 24 39 26 30 32 20 34 35 21 35 28 76 21 155 21 32 26 20 72 20 20
leaf_count=29 20 37 24 39 26 30 32 20 34 35 21 35 28 76 21 155 21 32 26 20 72 20 20
internal_value=-0.000761742 0.000496828 0.00112981 0.00340909 0.00214286 0.00359872 0.00616505 0.00908451 -0.00225 -0.00142857 0.000882352 -0.00109375 -0.0012963 -0.0031982 0.0132927 -0.00281421 -0.00312139 -0.000205481 -0.0039011 -0.00245763 -0.00391304 -0.00307692 -0.00412281
internal_weight=873 473 416 220 196 157 103 71 400 196 85 64 54 111 41 366 346 73 273 118 92 52 57
internal_count=873 473 416 220 196 157 103 71 400 196 85 64 54 111 41 366 346 73 273 118 92 52 57
is_linear=0
shrinkage=0.05


Tree=295
num_leaves=26
num_cat=0
split_feature=40 6 47 15 8 45 43 43 16 44 41 10 44 17 2 40 33 36 16 8 14 40 5 33 2
split_gain=0.887852 0.996191 1.15132 1.15397 1.44565 2.24003 0.745342 1.48052 0.644298 1.09003 0.634921 0.605173 0.8845 0.808595 0.400083 0.338966 0.641379 0.314447 0.234031 0.417957 0.204762 0.0418033 0.0391304 0.038764 0.0376543
threshold=0.70174027370712155 -1.0785198287050031 -0.6742562721864499 -0.84686008866748941 -0.29407598315697264 -0.55436596114779657 -0.40639077773492333 -0.44618888815407526 0.30885871933821035 0.11731940703216424 -0.27103148668658311 -0.60018746306305093 0.031704026955044033 1.0000000180025095e-35 -0.80067455056623038 1.5083730053854201 1.024316186089224 -0.71174604260850549 -0.078516707857746199 0.22211120060350439 -0.45157717275436821 0.79117503286974789 -0.71269218577954041 0.34217522517185089 -0.9840964558573071
decision_type=2 2 2 2 2 2 2 2 2 2 2 2 2 2 2 2 2 2 2 2 2 2 2 2 2
left_child=1 24 17 4 5 -4 7 11 14 -10 -6 13 20 -5 -8 21 -17 -3 22 -20 -13 -2 -16 -19 -1
right_child=15 2 3 6 10 -7 8 -9 9 -11 -12 12 -14 -15 18 16 -18 23 19 -21 -22 -23 -24 -25 -26
leaf_value=-0.097200215166677484 -0.0069588006913613304 0.0011567763197517405 0.0015502688579321754 0.004421379149492274 -0.035695955431901058 0.013312562435003745 4.0750904518133964e-05 0.0043619739297309935 -0.0029074237022772668 0.00085028051987388821 0.00069411652190825386 -7.6089697197640355e-05 0.0035914513445736138 -0.00014288319266902362 -0.016491463603120954 0.0003422424597798021 -0.0019001902607466801 -0.00089879431946186241 0.00037516936212147323 -0.00026239242610932531 -0.0064579849334229335 -0.0034880284900812319 -0.0028337822279181062 -0.00037005346116854087 -0.093048010587905461
leaf_weight=20 20 20 33 21 24 24 38 21 35 32 21 27 22 20 20 29 31 69 38 30 43 102 72 20 61
leaf_count=20 20 20 33 21 24 24 38 21 35 32 21 27 22 20 20 29 31 69 38 30 43 102 72 20 61
internal_value=3.91925e-05 0.000836848 0.00150794 0.0024856 0.0072549 0.0125439 0.00132458 0.00409091 -0.00028302 0.00395522 0.000555554 0.00214286 -0.000108697 0.00719512 -0.00171717 -0.00307692 -1.19209e-09 -0.00316514 -0.0028125 -0.000588236 -0.00285714 -0.00459017 -0.00445652 -0.0044382 -0.00438272
internal_weight=893 711 630 521 102 57 419 154 265 67 45 133 92 41 198 182 60 109 160 68 70 122 92 89 81
internal_count=893 711 630 521 102 57 419 154 265 67 45 133 92 41 198 182 60 109 160 68 70 122 92 89 81
is_linear=0
shrinkage=0.05


Tree=296
num_leaves=26
num_cat=0
split_feature=39 36 33 44 39 42 10 8 38 17 45 17 41 37 39 13 37 20 13 42 33 8 5 16 17
split_gain=0.99998 1.14647 1.5416 0.689954 0.61655 0.61625 0.532834 0.752821 1.27273 0.939815 0.602607 0.606443 0.789151 0.555623 0.309501 0.305556 0.284444 0.283565 0.822792 0.27592 0.188803 0.407273 0.162963 0.141176 0.0423077
threshold=-0.72269636032088824 0.54120511972776886 -1.1073743167775663 0.25185786143906741 -0.85274882625870996 0.16802208873808747 -0.50450666895147223 -0.34569470153302034 -0.25821282778798044 1.0000000180025095e-35 -0.064703765900291824 -0.93538439421984376 -0.30330330961738344 -1.1554451322198014 -0.38680300184854488 -0.20112437444706763 -0.036213216802864198 1.1952257243261826 1.0000000180025095e-35 1.1654372514987701 -0.32291221172258772 -0.19083854640487727 -0.13194078383576599 0.27467853458562591 1.2233704129655745
decision_type=2 2 2 2 2 2 2 2 2 2 2 2 2 2 2 2 2 2 2 2 2 2 2 2 2
left_child=1 2 -1 -3 15 6 13 8 9 -8 11 -9 -13 -2 -15 -4 -17 20 -19 -20 21 -7 -16 -12 -22
right_child=5 3 4 -5 -6 17 7 10 -10 -11 23 12 -14 14 22 16 -18 18 19 -21 24 -23 -24 -25 -26
leaf_value=0.012771843371489899 0.0021029419955745816 0.0031842930346618714 -0.036000819977381721 0.00037957275562476502 0.00019554606663751387 -0.00034311028395670818 0.0030620308514978448 -0.0043224758712944872 0.0057366251032241709 -0.01784354811100132 -0.00087989601378437416 -0.001539792831508557 0.0014482539345045198 0.00023370135289843978 -0.048003954369663218 -0.0010573036921918994 0.0017113792748424152 0.00064971331656688317 -7.7375705032623615e-05 -0.0032129548292685879 -0.00092993796301242277 3.9322905476945133e-05 -6.4973769486236736e-05 -0.00012215572994519225 -0.00024082572891386466
leaf_weight=21 24 21 55 20 34 28 27 29 32 29 48 26 36 30 88 25 20 30 23 55 110 22 20 20 20
leaf_count=21 24 21 55 20 34 28 27 29 32 29 48 26 36 30 88 25 20 30 23 55 110 22 20 20 20
internal_value=0.000263157 0.00341837 0.00145161 0.0108537 -0.000522389 -0.000624104 0.000623471 0.00208502 0.00579545 0.00125 3.14453e-05 0.00269231 0.00548387 -0.00160494 -0.00282609 -0.0025 0.000555554 -0.00239583 -0.000370372 -0.00307692 -0.00361111 -0.001 -0.00407408 -0.00352941 -0.00461539
internal_weight=893 196 155 41 134 697 409 247 88 56 159 91 62 162 138 100 45 288 108 78 180 50 108 68 130
internal_count=893 196 155 41 134 697 409 247 88 56 159 91 62 162 138 100 45 288 108 78 180 50 108 68 130
is_linear=0
shrinkage=0.05


Tree=297
num_leaves=24
num_cat=0
split_feature=39 8 0 36 5 2 34 2 8 0 7 39 33 33 39 2 10 17 0 41 35 5 35
split_gain=0.941884 1.01102 0.915051 0.690905 0.699341 1.39715 0.865872 0.66072 0.84257 0.689779 1.00092 0.706027 0.692618 0.480484 0.72803 0.4 0.229885 0.211496 0.144971 0.158728 0.140068 0.136508 0.044152
threshold=-0.39456378845450496 0.68667966598793384 1.2485767956218459 -0.076688604164092566 -0.75140894590912533 -0.83735893162444575 -0.68044147389832499 -1.1430621071095735 -0.86188188529349741 -1.0000000180025095e-35 -0.37943968323043936 -0.81543211030417451 -0.51050097597486521 -0.30585868769965335 0.063270232570903709 -0.59279639123634342 -0.50450666895147223 1.336989087027965 -1.2485767956218454 -0.5011230695950174 -0.064148933718680773 0.17779329720091372 1.5695105783170569
decision_type=2 2 2 2 2 2 2 2 2 2 2 2 2 2 2 2 2 2 2 2 2 2 2
left_child=1 2 7 4 16 -6 -7 -1 -9 10 -10 -12 15 14 -8 -11 -2 18 -5 -20 -15 -14 -21
right_child=3 -3 -4 17 5 6 13 8 9 12 11 -13 21 20 -16 -17 -18 -19 19 22 -22 -23 -24
leaf_value=0.034609707850288156 -0.02216362436621681 -0.0029042749540771776 0.0017288525593013562 -0.00075746607669437192 0.0078564930556579409 0.004137549394499721 0.0020268751292717171 -0.042647627847995292 0.0018812682940142521 0.0044932130155656896 -0.00053073964056453492 0.00019144189203193114 -0.0049734009159026543 -0.00058784177542324024 -0.00061803410556715392 -0.00019210910589976895 0.00021104288944335061 0.00065965914726661952 -0.00018953931179325619 -0.0024993914707553823 -0.0036990908475626723 -0.00012924611975898638 -0.00011073481444312527
leaf_weight=23 60 44 35 35 29 31 20 43 34 20 31 33 43 38 24 20 27 37 20 151 55 20 20
leaf_count=23 60 44 35 35 29 31 20 43 34 20 31 33 43 38 24 20 27 37 20 151 55 20 20
internal_value=3.91925e-05 0.00208092 0.00311258 -0.00125229 0.000457745 0.0021066 0.000357142 0.0021161 0.00135246 0.00271144 0.00571428 0.00203125 -0.000145632 -0.00135037 0.00295454 0.005 -0.00327586 -0.00309886 -0.00367257 -0.00421466 -0.0033871 -0.0034127 -0.0047076
internal_weight=893 346 302 547 284 197 168 267 244 201 98 64 103 137 44 40 87 263 226 191 93 63 171
internal_count=893 346 302 547 284 197 168 267 244 201 98 64 103 137 44 40 87 263 226 191 93 63 171
is_linear=0
shrinkage=0.05


Tree=298
num_leaves=27
num_cat=0
split_feature=43 43 45 16 39 10 44 3 37 37 44 2 34 42 14 41 0 37 11 37 14 44 39 9 2 2
split_gain=0.856711 1.28298 0.938591 1.16667 0.759124 0.663037 1.36521 1.00116 0.653065 0.890512 0.792516 1.11122 0.610714 0.431726 0.649351 0.968318 0.289791 0.58072 0.248083 0.233555 0.436364 0.134694 0.166849 0.240698 0.0307692 0.03
threshold=-0.39864473017644836 -0.45784779417543803 0.41271687446602551 -0.27220442145572438 -0.08045427217585506 0.73934365449905193 0.32524247293374192 0.2319176999979152 -0.91437979659153801 -1.2243209423993051 -0.1884498075289793 -0.25040883469300029 0.035950318025368057 -0.37818145277371523 0.36312008047820415 -0.016747140011085893 -1.2485767956218454 -0.018994264257988242 1.5021394394394412 -0.15674588461699587 1.0000000180025095e-35 1.8785500829043513 0.14706986095240651 -0.15841276203035262 1.2169664076356135 -0.78844642354682526
decision_type=2 2 2 2 2 2 2 2 2 2 2 2 2 2 2 2 2 2 2 2 2 2 2 2 2 2
left_child=1 8 3 -3 5 6 13 -8 9 -1 19 -12 -13 25 15 -15 17 -6 21 -10 -21 22 23 -18 -7 -2
right_child=4 2 -4 -5 16 24 7 -9 10 -11 11 12 -14 14 -16 -17 18 -19 -20 20 -22 -23 -24 -25 -26 -27
leaf_value=-0.0011551131719083623 -0.00052806605842664047 0.0011273096295518594 -6.9542475867424071e-05 0.0039306724167996786 0.00019495836030929901 -0.0075493329018695328 2.3396645561880893e-05 0.00079160317612039343 -0.0047349597291138192 0.0041667328692842421 0.0021978931580856754 -0.0077628327597934425 0.00013102854203866969 0.0012699185224647614 -0.0083808792695948646 -0.0024409523907146366 0.00066495042637236535 -0.0011823617138210182 5.9083483221263625e-05 0.010857805452219083 -0.0030490162620477046 8.4041390753010139e-05 -0.0025834212039940697 -0.0011367931254178953 -0.0058036558975603234 -0.032478345611819746
leaf_weight=34 20 21 26 21 21 32 27 26 79 31 28 38 32 32 25 31 20 20 23 20 24 20 169 23 20 30
leaf_count=34 20 21 26 21 21 32 27 26 79 31 28 38 32 32 25 31 20 20 23 20 24 20 169 23 20 30
internal_value=0.000151175 0.00206215 0.00823529 0.0128571 -0.0011039 0.000967077 0.00232984 0.00915094 0.000594404 0.005 -0.000701359 0.00265306 -0.000714287 -0.000289856 0.00181818 0.00452381 -0.00280406 0.00109756 -0.00343137 -0.00337398 -0.000454547 -0.00392241 -0.00429245 -0.00151163 -0.00403846 -0.004
internal_weight=893 354 68 42 539 243 191 53 286 65 221 98 70 138 88 63 296 41 255 123 44 232 212 43 52 50
internal_count=893 354 68 42 539 243 191 53 286 65 221 98 70 138 88 63 296 41 255 123 44 232 212 43 52 50
is_linear=0
shrinkage=0.05


Tree=299
num_leaves=28
num_cat=0
split_feature=39 10 30 37 8 30 37 41 37 37 44 14 36 10 38 41 36 39 35 19 42 0 43 9 39 0 5
split_gain=1.10422 1.10566 1.98303 1.42028 0.987588 1.31524 1.21381 1.11111 0.934444 0.872659 0.84899 1.22077 0.596263 0.587911 0.901794 1.09944 0.782 0.434783 0.330843 0.272883 0.252632 0.25 0.142242 0.133333 0.0443503 0.0303922 0.0256098
threshold=-0.36667108193857273 0.73934365449905193 0.11995752068730071 1.0000000180025095e-35 -0.24245726478092497 -1.1036836210495513 -0.93159874913641405 -0.45454778023684222 -0.13952693207211994 -0.72497131859790243 0.20905017140050733 0.36312008047820415 -0.076688604164092566 -0.69586825717462975 0.20133284834602214 -0.035252487797388023 -0.45429032432022992 0.50422892729018753 1.5695105783170569 1.0000000180025095e-35 -0.74033814877610593 -1.0000000180025095e-35 0.84033898640045546 0.3662786468099814 1.0917163510826586 0.74914607737310757 -1.2547268275937298
decision_type=2 2 2 2 2 2 2 2 2 2 2 2 2 2 2 2 2 2 2 2 2 2 2 2 2 2 2
left_child=1 2 4 -4 5 26 -7 8 -8 10 11 17 13 -11 15 16 20 -2 22 -6 -15 -9 24 -16 -14 -3 -1
right_child=9 25 3 -5 19 6 7 21 -10 12 -12 -13 18 14 23 -17 -18 -19 -20 -21 -22 -23 -24 -25 -26 -27 -28
leaf_value=-0.15225510522728905 -0.0086311081850114196 -0.0062206616168574702 0.00030039046057061907 0.0028668740143354843 -0.0025148556961293459 0.0092294712374467978 2.7079304073035722e-05 0.00012444002571234092 0.010505336621126578 -0.017196127986744563 0.00034012796915623824 0.0034318667233537593 -0.00099809059518975629 -0.012089841151695029 -0.00067188949817017596 0.0075662361080123591 0.0017450783295851738 0.0014008688293142071 0.00014653668459422791 0.00019259892588207911 0.00069976176222161669 -0.052136504613287671 -0.0040380437625566227 -2.7032345316835989e-05 -0.0023278599722274368 -0.032884008152315486 -0.090851280312924818
leaf_weight=20 45 31 38 37 53 26 25 20 20 44 20 21 157 27 40 24 20 24 20 23 30 25 22 20 20 20 21
leaf_count=20 45 31 38 37 53 26 25 20 20 44 20 21 157 27 40 24 20 24 20 23 30 25 22 20 20 20 21
internal_value=0.000655094 0.00279944 0.00392857 0.011 0.00165236 0.0039172 0.00663793 0.00388889 0.00944444 -0.000786518 0.00318182 0.00111111 -0.00181604 0.00012195 0.00152174 0.00440594 0.00149351 -0.00210145 -0.00363014 -0.00302632 -0.00149123 -0.00166667 -0.00424623 -0.00333333 -0.00471752 -0.00401961 -0.00378049
internal_weight=893 359 308 75 233 157 116 90 45 534 110 90 424 205 161 101 77 69 219 76 57 45 199 60 177 51 41
internal_count=893 359 308 75 233 157 116 90 45 534 110 90 424 205 161 101 77 69 219 76 57 45 199 60 177 51 41
is_linear=0
shrinkage=0.05


Tree=300
num_leaves=24
num_cat=0
split_feature=37 6 4 34 2 44 43 35 40 40 20 33 17 15 15 4 17 41 44 11 0 7 17
split_gain=0.933776 0.925168 0.961372 0.789333 1.69365 1.20018 2.47853 1.12365 0.49981 0.786835 0.596617 0.537735 0.485627 0.523274 1.63681 1.08104 0.479167 0.439703 0.252083 0.205058 0.147436 0.147368 0.101837
threshold=0.03266259337663964 -1.2092302303556499 0.62453399606306548 -0.68044147389832499 -0.95964020181849685 -0.7388343937390377 -0.56512602062984685 -0.73129784439296086 0.82557301716306519 1.4137785485787961 -1.4608314408431118 -0.83451793241061734 0.54165836859123184 1.0000000180025095e-35 -0.17703185399375715 0.15921158975095148 0.2008023464040605 0.12882598371988371 -0.7388343937390377 -0.75180419040202018 0.74914607737310757 -0.78325832005247709 1.4506077610903556
decision_type=2 2 2 2 2 2 2 2 2 2 2 2 2 2 2 2 2 2 2 2 2 2 2
left_child=1 -1 3 5 -5 16 -7 -8 10 -10 -6 -12 13 14 15 21 -3 19 -15 -13 -20 -2 -14
right_child=12 2 -4 4 8 6 7 -9 9 -11 11 17 22 18 -16 -17 -18 -19 20 -21 -22 -23 -24
leaf_value=-0.29109828699807261 6.4741777700451546e-05 0.0057377006352953364 -0.0084000833647860963 0.036033536660669441 0.0025440951396200513 -0.0035690382323681556 0.0033857500976823673 0.0068345238837457176 0.0008375297524577073 -0.018139692829674148 0.0014701478468624686 -0.00024344089577461642 -0.0036259499864031612 0.00077949677082768452 0.0058742470562359456 0.00055627277963460852 -0.0033585192866362606 0.00018219754943679052 -0.0015482001721289365 -0.0051746517904800206 -0.00063573188122397677 -0.00066060868727831101 -5.3496860659776179e-05
leaf_weight=48 20 25 41 27 20 24 25 26 30 21 24 33 97 20 20 27 23 33 69 100 39 56 30
leaf_count=48 20 25 41 27 20 24 25 26 30 21 24 33 97 20 20 27 23 33 69 100 39 56 30
internal_value=0.000182231 0.0016 0.00230088 0.0030292 0.00159722 0.00638211 0.0103333 0.0165686 0.000363983 0.00480392 -0.000714287 -0.00157895 -0.00169312 -0.000418328 0.00191057 -0.000631069 0.000208332 -0.00259036 -0.00265625 -0.00387218 -0.00361111 -0.00368421 -0.0042126
internal_weight=878 500 452 411 288 123 75 51 261 51 210 190 378 251 123 103 48 166 128 133 108 76 127
internal_count=878 500 452 411 288 123 75 51 261 51 210 190 378 251 123 103 48 166 128 133 108 76 127
is_linear=0
shrinkage=0.05


Tree=301
num_leaves=25
num_cat=0
split_feature=5 44 6 0 38 37 45 35 45 6 16 8 2 46 36 46 38 0 45 5 39 44 39 37
split_gain=0.786181 1.02801 1.19293 1.61586 1.31987 1.21802 0.612128 0.619811 0.682649 0.502166 1.14273 1.13947 0.463216 0.460199 0.369098 0.744048 0.370879 0.370763 0.273529 0.256154 0.229192 0.193407 0.332308 0.0412281
threshold=0.8553365994686507 0.36193477868107909 -0.16354701715047482 1.0000000180025095e-35 0.41395845969160533 -0.29449750497600352 -1.117477485682427 -1.4155531373922223 -0.98282038198936339 -0.86066915928725829 -0.42031855538359009 -0.55216957503721109 -0.33600572382883614 0.53729420475753975 0.33524054509714835 -0.24697308685650374 0.24248619247742534 -1.2485767956218454 -0.089186875662667059 -0.67397542564995538 -0.78839550322706387 -0.677680550826809 -0.13203421341744279 1.2982556054250229
decision_type=2 2 2 2 2 2 2 2 2 2 2 2 2 2 2 2 2 2 2 2 2 2 2 2
left_child=1 6 13 5 -5 -4 -1 -8 -9 19 11 -11 -2 -3 17 -16 -17 -12 -7 -10 -19 22 -22 -14
right_child=12 2 3 4 -6 18 7 8 9 10 14 -13 23 -15 15 16 -18 20 -20 -21 21 -23 -24 -25
leaf_value=-0.020888042645986649 0.00080844067120423163 -0.028134368527058876 0.0014346257236732059 0.0023299999179997423 0.002328172241175775 7.6951293042288639e-05 0.0065306587721341699 0.003698500841693353 -0.042826405358032386 -2.0718449875784798e-05 0.0011378068791696766 0.013260968017402928 -0.0036738253462493967 0.0010979545755583184 0.00095053548618725676 -0.00036160653889281036 0.00036275728199538582 0.00051172673505481899 -0.0003638710135376211 0.0050384644534998413 -0.0034991676714923522 -0.0018829805893286655 0.00070789552931721153 -0.00021106369025120599
leaf_weight=58 36 37 20 32 22 20 22 22 74 26 30 21 94 30 24 39 21 33 31 26 27 88 25 20
leaf_count=58 36 37 20 32 22 20 22 22 74 26 30 21 94 30 24 39 21 33 31 26 27 88 25 20
internal_value=0.000296126 0.000975274 0.00411458 0.007 0.0135185 0.00204225 -0.000149255 0.000439329 4.38585e-05 -0.000391706 0.000538921 0.00776596 -0.003 -0.00126866 -0.0006446 0.00214286 -0.000833335 -0.00179803 -0.00205882 -0.0035 -0.00268786 -0.00357143 -0.00115385 -0.0045614
internal_weight=878 728 192 125 54 71 536 478 456 434 334 47 150 67 287 84 60 203 51 100 173 140 52 114
internal_count=878 728 192 125 54 71 536 478 456 434 334 47 150 67 287 84 60 203 51 100 173 140 52 114
is_linear=0
shrinkage=0.05


Tree=302
num_leaves=26
num_cat=0
split_feature=5 2 18 45 5 39 44 46 34 3 9 16 30 34 8 43 39 16 2 12 44 2 7 36 45
split_gain=0.663409 0.854491 0.895568 1.16228 1.10472 1.6547 1.0544 0.76603 0.542947 0.714088 0.517002 0.764156 0.676998 1.02873 1.07305 0.498113 0.426103 0.411728 0.4 0.307143 0.266234 0.212519 0.204545 0.147465 0.0395833
threshold=-1.0998597870753899 0.10420684886974792 0.57353148677851917 -0.72574772948442334 -0.48039162500203064 0.13333566752311066 0.36193477868107909 -0.63910673266352536 0.12123505515914106 0.6850046860900979 -0.21088190291438599 0.53672661768877294 0.11995752068730071 0.41120316141396929 0.53182351085979074 -0.0050921957993213919 -0.83102888188217994 -0.55703929439392763 -0.38491823190645658 1.0000000180025095e-35 -0.15175750178164207 -0.26263696171240541 0.15898516586561084 -1.2953123373952631 -0.48091663186067091
decision_type=2 2 2 2 2 2 2 2 2 2 2 2 2 2 2 2 2 2 2 2 2 2 2 2 2
left_child=23 2 3 17 5 7 8 -5 20 -10 24 12 19 14 -14 -15 -4 -2 -8 -12 -6 -18 -19 -1 -3
right_child=1 10 16 4 6 -7 18 -9 9 -11 11 -13 13 15 -16 -17 21 22 -20 -21 -22 -23 -24 -25 -26
leaf_value=-4.4672154013702286e-05 0.010432071041835012 -0.010096135828791361 0.00044283741527787845 0.0021335638087501196 -0.00099804522655791319 0.010275411795729807 0.0007678383736427287 -5.6510171400157853e-05 0.014274392277578164 -0.0030139016236651905 -0.021519966201278364 -0.0049429461336772344 0.0027393136067075502 0.00083467326734336898 -0.00013274904993456008 -0.0019203852110885071 -0.0022226822151138136 -0.004513404098085266 0.0025960833280661033 0.0017004442490148007 0.00013911127172736088 -0.00010308622090451869 -0.0011922595780923056 -0.024185041328283429 -0.021153606838814898
leaf_weight=21 20 20 21 23 41 20 20 29 37 31 43 60 38 20 22 33 63 49 20 20 22 29 28 72 76
leaf_count=21 20 20 21 23 41 20 20 29 37 31 43 60 38 20 22 33 63 49 20 20 22 29 28 72 76
internal_value=6.83359e-05 0.0005414 0.00195364 0.00323529 0.0050823 0.0102778 0.00289474 0.00557692 0.00072519 0.00382353 -0.00138554 -0.00012712 0.00153409 0.00384956 0.00833333 -0.00122642 -0.00190266 -0.00139175 0.01 -0.00261905 -0.00261905 -0.00336957 -0.00305195 -0.00392473 -0.00447917
internal_weight=878 785 453 340 243 72 171 52 131 68 332 236 176 113 60 53 113 97 40 63 63 92 77 93 96
internal_count=878 785 453 340 243 72 171 52 131 68 332 236 176 113 60 53 113 97 40 63 63 92 77 93 96
is_linear=0
shrinkage=0.05


Tree=303
num_leaves=23
num_cat=0
split_feature=43 30 7 36 47 36 20 38 2 39 5 39 43 36 43 11 39 5 37 48 15 0
split_gain=0.744217 0.896981 0.791919 0.893012 1.32045 1.39982 1.163 1.00315 0.645913 0.560724 0.535754 0.53202 0.801815 0.527025 0.444596 0.361856 0.297798 0.401914 0.291656 0.101471 0.0396907 0.0363014
threshold=-0.056963779480518895 -0.83176336733025091 0.63010690882465481 -0.38563546611002314 0.6850046860900979 -0.26548946424216124 -1.5272328699723439 0.07101392526324514 -1.0574652179737376 0.22579699246891352 -0.90627598642746521 -0.32486763469004559 -0.50052596815699202 -0.90054690268657411 -0.40914852634199472 1.5021394394394412 -0.4453715864909325 0.29394357758966866 -0.51834388805939102 -0.6742562721864499 -0.40030793221833455 -0.74914607737310734
decision_type=2 2 2 2 2 2 2 2 2 2 2 2 2 2 2 2 2 2 2 2 2 2
left_child=1 8 3 10 5 -5 -7 -6 -1 18 -3 -12 -13 -2 -4 16 17 -15 -8 -18 -10 -20
right_child=13 2 14 4 7 6 9 -9 20 -11 11 12 -14 15 -16 -17 19 -19 21 -21 -22 -23
leaf_value=0.018668637002052586 0.0002482405632317813 0.0013572829442432045 0.00015935330196441221 0.0028430062339057324 0.0012653731511158425 0.0021370568871571494 0.00074977260231776782 0.00073826835902963614 -0.042208126342188332 0.0021213936443098464 -0.011419886934417645 0.0071269599365768634 -0.00080131285962899981 -0.044408730181392159 -0.002559614708495854 0.00086911536787430139 -0.00080901843247366528 0.000848901104662523 -0.00034782721863144724 -0.0027621401573311118 -0.065401203774211214 -0.0010764131168673487
leaf_weight=27 33 26 34 20 34 21 20 35 77 23 54 20 38 28 52 35 32 38 20 138 20 53
leaf_count=27 33 26 34 20 34 21 20 35 77 23 54 20 38 28 52 35 32 38 20 138 20 53
internal_value=0.000125284 0.00118467 0.00222222 0.00324176 0.00517699 0.00264331 0.000839415 0.010942 -0.00258065 -0.00112069 7.24626e-05 -0.00142857 0.00189655 -0.001875 -0.00209302 -0.00260148 -0.00330509 -0.000454547 -0.00284946 -0.00441177 -0.00448454 -0.00431507
internal_weight=878 574 450 364 226 157 137 69 124 116 138 112 58 304 86 271 236 66 93 170 97 73
internal_count=878 574 450 364 226 157 137 69 124 116 138 112 58 304 86 271 236 66 93 170 97 73
is_linear=0
shrinkage=0.05


Tree=304
num_leaves=26
num_cat=0
split_feature=5 44 11 16 42 33 37 2 2 0 45 5 14 40 40 8 45 39 6 6 17 17 6 8 37
split_gain=0.712351 1.06332 1.2531 1.75755 0.849656 0.782609 0.759763 0.47059 0.418636 0.778479 0.390111 0.5363 0.84831 1.23001 1.16667 0.301659 0.289458 0.505853 0.225092 0.538132 0.172002 0.452174 0.158333 0.128571 0.0415966
threshold=0.83597821940385819 -0.16398827036408783 0.53616359807881486 0.12656440065776017 -0.54540681240323419 0.20574703298837629 -1.3792915153031888 -0.33600572382883614 0.25094437310260931 -0.74914607737310734 0.19236888660464826 -1.0030678867514276 -0.45157717275436821 -0.74297506661221835 -1.0215987393880905 -0.34569470153302034 -0.2360855342369185 -0.17671664732283843 1.0000000180025095e-35 -0.42496782045176862 0.087183672341670057 0.76889571671601276 -0.77352889152016024 -0.75864444854140201 1.2982556054250229
decision_type=2 2 2 2 2 2 2 2 2 2 2 2 2 2 2 2 2 2 2 2 2 2 2 2 2
left_child=1 6 4 5 -3 -4 -1 -2 9 -6 11 22 13 14 -13 -15 -11 -18 19 23 -10 -22 -8 -14 -9
right_child=7 2 3 -5 8 -7 10 24 20 16 -12 12 18 15 -16 -17 17 -19 -20 -21 21 -23 -24 -25 -26
leaf_value=0.0037059433072958205 0.00037764795504832715 0.002016293782409959 -0.013266930015108322 0.0023735205466819602 0.00094920496740754474 0.0005297704177902638 -0.052634499322966904 -0.0030997887981809007 -0.010326964140842779 -0.0064945993560598077 -0.0014074012579030693 0.0003187588833190069 0.00011403348756613072 -0.038633690683967749 0.0065580805917771455 0.00068863817597677904 -0.00015780939166353282 0.0029434766337530882 -0.0065428566745145897 0.00074616275560717457 0.0010654983693089057 -0.018282419873040363 -4.2175696557208142e-05 -0.0075172057428706078 -0.00014639622670954599
leaf_weight=30 36 34 23 38 29 23 76 99 45 27 69 21 20 25 21 26 26 20 45 23 20 26 20 36 20
leaf_count=30 36 34 23 38 29 23 76 99 45 27 69 21 20 25 21 26 26 20 45 23 20 26 20 36 20
internal_value=1.13883e-05 0.000670815 0.00287781 0.00809524 0.000947135 0.00152174 -0.000995147 -0.00306452 -0.000336789 0.00186274 -0.00159686 -0.000846647 0.000529953 0.00413978 0.0104762 -0.00107843 -0.000890412 0.00152174 -0.00217742 -0.000569621 -0.0028022 -0.000652175 -0.00395833 -0.00321429 -0.00457983
internal_weight=878 723 311 84 227 46 412 155 193 102 382 313 217 93 42 51 73 46 124 79 91 46 96 56 119
internal_count=878 723 311 84 227 46 412 155 193 102 382 313 217 93 42 51 73 46 124 79 91 46 96 56 119
is_linear=0
shrinkage=0.05


Tree=305
num_leaves=26
num_cat=0
split_feature=8 45 45 2 5 43 41 41 2 41 16 40 44 10 38 5 8 7 45 13 5 8 38 9 8
split_gain=0.915562 0.949283 1.4037 0.690252 0.904575 0.87814 1.14883 1.11918 0.980877 2.71469 0.706522 0.637671 1.16551 0.61553 0.586501 0.905571 0.558257 1.09459 0.439821 0.204301 0.333333 0.175953 0.143662 0.101567 0.286364
threshold=-0.86188188529349741 0.42495842934721312 0.29030132565414929 1.0000000180025095e-35 -1.2353684475289373 -0.51510796014107785 -0.45454778023684222 -0.90754259689328343 -0.40937448594526676 -0.22861381298639225 0.17213798032787272 -0.28548187551109411 -0.45752671634278558 -0.50450666895147223 -0.14847057677090508 -0.20937430409493593 0.32534863735559982 0.7647131210986674 2.0163605639016042 -0.60118302126010925 -0.63525866552037047 -0.34569470153302034 -0.92352522457899877 0.20887122415788115 0.22211120060350439
decision_type=2 2 2 2 2 2 2 2 2 2 2 2 2 2 2 2 2 2 2 2 2 2 2 2 2
left_child=19 2 3 4 -2 6 7 -6 11 -10 -11 22 -13 -9 15 -3 21 -18 23 -1 -21 -5 -7 -16 -25
right_child=1 14 -4 16 5 8 -8 13 9 10 -12 12 -14 -15 18 -17 17 -19 -20 20 -22 -23 -24 24 -26
leaf_value=-0.052843583040465873 -0.01509785311773109 -0.0010804914873919075 0.0055125480511427141 -0.00031227175082506947 0.0031707085134292652 -0.0012139236138256199 0.0077300208823688739 -0.015928391526449526 0.0021759726157224496 -0.0051310637332020199 0.00059342622648429636 0.0033649451302265824 -0.00023534000412161647 0.0022453865996005132 -0.0013955352079357997 0.0022327941269736796 0.00081421371671974512 -0.0034188125827020925 0.00017472682808358182 0.015089410707644295 -0.0063151541501807176 -0.0017583942509636708 -0.0029283850694332204 7.9523701569552375e-05 -0.0067455990316346972
leaf_weight=76 31 25 27 33 21 20 28 26 20 26 20 34 33 22 90 22 37 37 34 24 24 60 51 20 35
leaf_count=76 31 25 27 33 21 20 28 26 20 26 20 34 33 22 90 22 37 37 34 24 24 60 51 20 35
internal_value=0.000593606 0.00125 0.00241445 0.00181363 0.00313253 0.0039701 0.0078866 0.00442029 0.00210784 0.00712121 0.000434781 -0.000289856 0.00320895 0.000208332 -0.00146018 0.00351064 -0.000808384 0.00243243 -0.00276536 -0.0033871 -0.000833335 -0.0033871 -0.00359155 -0.00396552 -0.00227273
internal_weight=876 752 526 499 332 301 97 69 204 66 46 138 67 48 226 47 167 74 179 124 48 93 71 145 55
internal_count=876 752 526 499 332 301 97 69 204 66 46 138 67 48 226 47 167 74 179 124 48 93 71 145 55
is_linear=0
shrinkage=0.05


Tree=306
num_leaves=28
num_cat=0
split_feature=8 34 15 5 13 16 13 43 11 43 34 35 35 43 43 41 18 16 39 36 34 34 39 35 33 4 5
split_gain=0.831974 1.05983 1.09407 1.96169 0.844828 0.664259 0.884897 0.807212 2.34162 0.72 0.715558 0.565987 1.13323 1.18056 1.54462 0.503622 0.86298 0.335508 0.332623 0.284444 0.246687 0.545455 0.104762 0.040991 0.0386364 0.0379518 0.0291667
threshold=-1.0167380404216404 -0.25401778822946008 -0.84686008866748941 -0.73205056584433281 -0.80121234466663016 -0.078516707857746199 0.59899291917901587 -0.10808664004965859 0.53616359807881486 -0.41995618829505421 0.42826010884072391 -0.73129784439296086 -0.012829786743736155 -0.31958524090188889 -0.45248636486866733 0.12882598371988371 0.57353148677851917 -0.43171195030111825 0.14706986095240651 0.077784826808872748 0.47943095112098771 0.87174074193634354 0.81692431649380071 -0.74840422671794238 -0.10121639942444154 -0.67836874161085348 0.91341173966302813
decision_type=2 2 2 2 2 2 2 2 2 2 2 2 2 2 2 2 2 2 2 2 2 2 2 2 2 2 2
left_child=25 2 3 4 -2 20 7 8 9 -7 -9 17 13 14 -13 24 -17 -4 -14 -15 23 -22 -18 -3 -8 -1 -12
right_child=1 5 11 -5 -6 6 15 10 -10 -11 26 12 18 19 -16 16 22 -19 -20 -21 21 -23 -24 -25 -26 -27 -28
leaf_value=-0.053679315212315094 -0.050630417028601028 -0.0022279608177198191 0.0011828507755195145 0.0038473339685196986 0.0071314666550715798 -0.0002329545474186671 -0.00027998615814774417 0.00081291836952904109 0.0024707682420950588 0.00096156547742913307 -0.00010639917607297752 0.0042763907544785297 0.00082731039739768338 -0.0080076646158150997 0.0021116671058177571 0.14826173887171978 -0.0046209000915545034 -0.0095530977691021188 -0.0078270317609187567 0.0011276721442112969 0.001122559923422815 -0.0048913062648458612 -0.083378822175946415 -0.0014807584393846742 -0.0018801382471804557 -0.050897024146366203 -0.0029297146328898702
leaf_weight=20 29 20 29 27 29 25 20 33 24 25 20 31 28 25 20 20 20 45 39 20 25 30 22 91 68 63 28
leaf_count=20 29 20 29 27 29 25 20 33 24 25 20 31 28 25 20 20 20 45 39 20 25 30 22 91 68 63 28
internal_value=0.000365296 0.000863807 0.00307453 0.00794118 0.00275862 -0.00064756 0.000737704 0.0033871 0.00716216 0.000999999 -6.17296e-05 0.00132911 0.00297546 0.00645833 0.0116667 -0.002 0.00145161 -0.0022973 -0.00201493 0.000555554 -0.00319277 -0.000454547 -0.00261905 -0.00454955 -0.00443182 -0.00439759 -0.00395833
internal_weight=876 793 322 85 58 471 305 155 74 50 81 237 163 96 51 150 62 74 67 45 166 55 42 111 88 83 48
internal_count=876 793 322 85 58 471 305 155 74 50 81 237 163 96 51 150 62 74 67 45 166 55 42 111 88 83 48
is_linear=0
shrinkage=0.05


Tree=307
num_leaves=26
num_cat=0
split_feature=6 15 14 38 12 20 17 39 17 38 13 16 12 35 38 3 7 37 12 15 20 37 10 42 36
split_gain=0.825725 1.03354 1.02859 1.23077 0.724325 0.592946 0.564412 0.757146 0.705434 1.31535 0.838552 0.569279 0.727624 0.750165 1.59442 0.9 0.541936 0.486043 0.468831 0.460265 0.247901 0.245455 0.129261 0.159148 0.0442197
threshold=-1.2092302303556499 -0.84686008866748941 -0.45157717275436821 -0.49827400188783227 1.0000000180025095e-35 -1.5936342991015764 -0.14005367578311081 -0.94930320908435983 0.42803969452884144 0.70203186861142786 0.59899291917901587 0.47975964310113228 -0.65249174111155672 -0.64576593276805305 -0.1004583419509348 0.2319176999979152 -0.58134900164145809 -0.72497131859790243 -0.13163890188485169 1.6091767718028624 -1.12882429519695 1.0000000180025095e-35 -0.79154905128620856 1.4217175363747787 -0.797564615371264
decision_type=2 2 2 2 2 2 2 2 2 2 2 2 2 2 2 2 2 2 2 2 2 2 2 2 2
left_child=-1 2 3 -2 17 -3 7 -7 9 10 16 12 -10 -14 15 -15 -8 -4 -16 20 -9 -20 -22 24 -24
right_child=1 5 4 -5 -6 6 8 19 11 -11 -12 -13 13 14 18 -17 -18 -19 21 -21 22 -23 23 -25 -26
leaf_value=-0.34025740991950765 0.0040525158582223704 0.0014136126291435696 0.002698363456209424 0.00025330170596294641 0.004335023194976027 0.0032899867886836578 0.033358026403940914 4.7740885578146039e-05 -0.023461954619619151 0.0048025145078910807 0.00028627359279595835 -0.0019600907307207589 -0.0022117879292621071 0.0026887673209354244 0.0014476743067094759 0.0013878799413705092 -0.0048825572507223622 -0.022641304832530598 3.9280032192106433e-05 0.0070336596543228063 -0.0016255846078529227 -0.0029378795247000733 -0.0064496076534850113 -7.0116440897903233e-05 -0.0015897221750711373
leaf_weight=65 26 29 21 26 21 20 20 35 42 30 20 53 38 20 22 20 42 37 22 21 20 33 20 20 153
leaf_count=65 26 29 21 26 21 20 20 35 42 30 20 53 38 20 22 20 42 37 22 21 20 33 20 20 153
internal_value=0.000422373 0.000856966 0.00492366 0.0103846 0.00132911 7.35282e-05 -0.000238096 -0.00188581 0.00107735 0.004375 0.00109756 -0.000400001 0.000837562 0.00241935 0.00440171 0.0125 -0.00177419 -0.00155173 0.000194804 -0.00258364 -0.00318549 -0.00227273 -0.00382629 -0.0042228 -0.00471098
internal_weight=876 811 131 52 79 680 651 289 362 112 82 250 197 155 117 40 62 58 77 269 248 55 213 193 173
internal_count=876 811 131 52 79 680 651 289 362 112 82 250 197 155 117 40 62 58 77 269 248 55 213 193 173
is_linear=0
shrinkage=0.05


Tree=308
num_leaves=26
num_cat=0
split_feature=6 34 15 5 7 40 17 40 16 3 42 48 13 6 44 44 5 9 2 48 8 12 35 11 7
split_gain=0.896724 1.41283 1.58798 1.24805 1.05515 0.744334 0.942067 1.06504 1.14102 1.0741 0.608009 0.56448 0.447548 0.797049 0.652929 0.899175 0.729688 0.560897 0.559873 0.67413 0.414972 0.294759 0.134138 0.129825 0.0835165
threshold=-1.2092302303556499 -0.25401778822946008 -0.84686008866748941 -0.57718352532599304 -0.98516763846349586 -0.86508791085349579 -1.049003068282234 0.29584405904597383 -0.14687707736291497 0.2319176999979152 -1.191549770024986 1.0000000180025095e-35 0.99905156599205769 0.097873786150819 0.4964732330879823 0.74108860473689708 0.23586843739529115 0.20887122415788115 -0.72730578844979965 0.2319176999979152 1.5641978783807449 0.38921393734185333 -0.64576593276805305 1.0000000180025095e-35 1.0000000180025095e-35
decision_type=2 2 2 2 2 2 2 2 2 2 2 2 2 2 2 2 2 2 2 2 2 2 2 2 2
left_child=-1 2 3 10 -4 22 -7 8 11 -10 -2 -8 13 18 16 -16 -15 -17 19 -3 -14 24 -6 -18 -20
right_child=1 12 4 -5 5 6 7 -9 9 -11 -12 -13 20 14 15 17 23 -19 21 -21 -22 -23 -24 -25 -26
leaf_value=-0.32324453942353254 -0.0035523483614063852 -0.00069827709226161965 0.0072897357562618937 0.0013605315301408038 -0.0078772952691752371 -0.0093715235744986271 0.0049421928106802328 -0.02154249532664778 0.00026490436649222431 0.00098194541737077826 0.0031349303681118441 -0.0051105993158867156 -0.002535720769414827 0.0013326703350311931 0.00064964383474001722 -0.00014426588079697014 -0.0028673784398718758 0.0015056779601792022 -0.0072706802189552418 0.0066724877664952192 0.025939454840240274 1.9105140531617916e-05 -0.0058004148854723069 -0.00013553277362298114 -0.000686581851635034
leaf_weight=65 27 31 24 22 50 32 29 23 20 21 28 26 88 25 23 24 20 28 95 20 29 33 21 37 35
leaf_count=65 27 31 24 22 50 32 29 23 20 21 28 26 88 25 23 24 20 28 95 20 29 33 21 37 35
internal_value=0.000650684 0.00110357 0.00366873 0.00993506 0.00170732 0.000630629 0.00261589 0.00466386 0.00697917 0.0132927 0.00590909 0.00227273 -0.000594263 0.000256063 0.00296178 0.00633333 -0.000121952 0.00269231 -0.00172897 0.00284314 -0.0032906 -0.00315951 -0.00359155 -0.00324562 -0.00423077
internal_weight=876 811 323 77 246 222 151 119 96 41 55 55 488 371 157 75 82 52 214 51 117 163 71 57 130
internal_count=876 811 323 77 246 222 151 119 96 41 55 55 488 371 157 75 82 52 214 51 117 163 71 57 130
is_linear=0
shrinkage=0.05


Tree=309
num_leaves=26
num_cat=0
split_feature=6 15 10 38 42 43 33 44 10 39 39 10 37 46 6 44 14 8 13 37 35 33 10 8 35
split_gain=0.933321 1.05765 1.58627 0.798055 0.861421 2.14736 0.702634 1.37823 0.740391 0.518775 0.451968 0.529799 0.439723 0.405189 0.83915 0.599621 0.458459 0.880135 0.334457 0.118247 0.13476 0.244898 0.116064 0.230488 0.0368421
threshold=-1.2092302303556499 -1.0701361668920668 -0.50450666895147223 0.16017950421461893 0.33623694753701211 0.061118371001213055 0.06931884080490168 0.17847324994439298 -1.1742722277325235 -0.087112969108939745 -0.99265054503777461 1.8875131838379973 1.7545578478642356 -0.12443132254180948 0.44643485721921083 -1.0079113025528439 1.0000000180025095e-35 -0.39731341990906804 -0.80121234466663016 -0.57000074569401882 1.1675105936799905 0.46154989333239116 1.0000000180025095e-35 -0.13921982802882954 -1.0734254908925915
decision_type=2 2 2 2 2 2 2 2 2 2 2 2 2 2 2 2 2 2 2 2 2 2 2 2 2
left_child=-1 2 9 4 6 -6 8 -8 -3 -2 -5 12 18 14 15 -10 24 -18 -12 -20 -21 -22 -15 -24 -17
right_child=1 3 -4 10 5 -7 7 -9 13 -11 11 -13 -14 22 -16 16 17 -19 19 20 21 -23 23 -25 -26
leaf_value=-0.30708231245235545 0.0011619005177425251 0.00050198761066703947 0.0054862333329777019 0.00064825020188857526 0.00046069734093467869 -0.014756947215133912 -0.00051273026701957863 0.0021787619418610492 0.0046356775752659177 -0.046240529391922996 0.0014018487262689198 0.0058175245663813369 0.000245420078293862 -0.00079546758157412231 0.00080880910307392631 -0.00013831857055004459 0.003313309000127683 -0.0039132287112857139 -0.0022750661490775368 -0.0019211916131286881 3.8826120870461952e-05 -0.0014116820155063697 0.0007797142581110341 -0.00037248923981867901 -0.015361091460085225
leaf_weight=65 23 21 32 24 29 30 31 21 26 21 28 32 21 46 24 20 26 36 39 135 21 28 20 21 56
leaf_count=65 23 21 32 24 29 30 31 21 26 21 28 32 21 46 24 20 26 36 39 135 21 28 20 21 56
internal_value=0.000764839 0.00122688 0.0068421 0.000646257 0.00212531 0.00771186 0.00117816 0.00653846 0.000236485 0.000681817 -0.00118903 -0.00171053 -0.00242647 -0.000454547 0.000851063 -0.00042683 -0.00173913 0.00145161 -0.00300797 -0.00365471 -0.00418478 -0.00193878 -0.00327586 -0.00134146 -0.00434211
internal_weight=876 811 76 735 407 59 348 52 296 44 328 304 272 275 188 164 138 62 251 223 184 49 87 41 76
internal_count=876 811 76 735 407 59 348 52 296 44 328 304 272 275 188 164 138 62 251 223 184 49 87 41 76
is_linear=0
shrinkage=0.05


Tree=310
num_leaves=29
num_cat=0
split_feature=6 38 14 20 4 4 38 44 42 16 41 18 12 3 17 7 20 21 16 12 36 36 48 5 40 15 13 8
split_gain=1.22454 1.90572 0.870561 0.768837 0.739749 0.991933 1.04241 1.09006 1.20924 1.28827 0.901631 0.911897 1.07016 0.794948 0.725127 1.51938 0.405468 0.368231 0.511178 1.20065 0.65311 0.264088 0.36056 0.245354 0.235977 0.145205 0.0363014 0.0324561
threshold=-1.2092302303556499 0.03671947182040932 1.5851659603270629 -1.5272328699723439 0.62453399606306548 0.066147108488528672 -1.2973347671059112 -0.1884498075289793 -0.55332280575847792 -0.19245065703302752 -0.69335344686887723 1.0000000180025095e-35 -0.13163890188485169 1.0000000180025095e-35 -0.4809096979702821 -0.5140458955044519 -0.7968171495507882 1.0000000180025095e-35 0.20631816508045711 0.38921393734185333 0.59269626338542392 0.57553254883287208 0.6850046860900979 0.44881061810800849 -0.42823351032836193 -0.84686008866748941 -0.40115369785358845 0.067255045475361264
decision_type=2 2 2 2 2 2 2 2 2 2 2 2 2 2 2 2 2 2 2 2 2 2 2 2 2 2 2 2
left_child=-1 2 4 -3 5 6 -2 14 -9 -10 -7 12 -12 -11 15 -8 26 18 21 -20 -21 22 23 -18 25 -16 -5 -23
right_child=1 3 -4 16 -6 10 7 8 9 13 11 -13 -14 -15 24 -17 17 -19 19 20 -22 27 -24 -25 -26 -27 -28 -29
leaf_value=-0.19963827685576754 0.0045765004832225313 0.0010606909665826206 -0.007873964159547376 -0.0019833363753544281 -0.0024824629135143648 -0.00086457852515812799 0.0086994723291013622 0.0049256124684352804 -0.023407159756135304 9.3376055566518436e-05 0.0029778280011073933 0.0055759112980368411 -0.00049243050278508416 0.0013649474775778818 -5.3024684690354631e-05 -0.0077322015309305679 0.00084260953469437116 -0.024836722603764586 0.0030111684020272707 0.00024691941167109572 -0.00075314388181232244 -0.0027870576125091236 -0.00085060800337035585 -0.0029583413408203825 0.00014391055569848692 -0.0040003929516645581 -0.0028595999219259158 -7.8550242883819744e-05
leaf_weight=64 20 22 23 20 34 24 23 29 34 20 34 26 21 21 20 26 20 34 35 38 39 37 33 21 20 53 53 20
leaf_count=64 20 22 23 20 34 24 23 29 34 20 34 26 21 21 20 26 20 34 35 38 39 37 33 21 20 53 53 20
internal_value=0.00165509 0.0021875 0.00446262 -0.000430109 0.005 0.0056469 0.00402256 0.00313008 0.00701923 0.00366667 0.0097619 0.0122839 0.00863636 0.00963415 0.000281689 0.00520408 -0.001 -0.000126355 0.000555554 0.00303571 -0.000454547 -0.00156489 0.000405404 0.00353658 -0.00231183 -0.00363014 -0.00431507 -0.00412281
internal_weight=864 800 428 372 405 371 266 246 104 75 105 81 55 41 142 49 350 277 243 112 77 131 74 41 93 73 73 57
internal_count=864 800 428 372 405 371 266 246 104 75 105 81 55 41 142 49 350 277 243 112 77 131 74 41 93 73 73 57
is_linear=0
shrinkage=0.05


Tree=311
num_leaves=29
num_cat=0
split_feature=38 6 34 2 37 4 33 34 17 45 45 2 46 41 7 45 5 38 16 17 17 5 45 42 17 17 2 2
split_gain=1.26534 1.7651 0.928129 0.806007 0.980717 0.793387 0.720238 0.769808 0.762605 0.839507 0.881624 0.98 1.25185 0.664866 0.62461 0.500153 0.535714 0.460171 0.444444 0.378233 1.20298 0.589474 0.331263 0.309375 0.243281 0.149239 0.0327586 0.0282609
threshold=0.33508121677308261 -1.2092302303556499 0.63294347796177908 1.7672321235088435 1.2724271766077089 -0.67836874161085348 -0.76630383631887999 -0.85101094816587097 1.336989087027965 0.92686217947590566 0.40047531958483784 -1.0574652179737376 0.36573573471696769 -0.29948702378767006 -0.37943968323043936 -0.2360855342369185 -0.46103324493723813 0.70203186861142786 -0.067123312940218061 0.42803969452884144 -0.25367234984550119 0.83597821940385819 -0.18711931471216803 -0.99266043697449258 -0.70814704609506285 0.76889571671601276 -0.75176204248860989 0.49550691349071158
decision_type=2 2 2 2 2 2 2 2 2 2 2 2 2 2 2 2 2 2 2 2 2 2 2 2 2 2 2 2
left_child=1 -1 3 4 5 -3 7 13 9 10 11 -8 14 -7 23 16 -16 25 -14 20 22 -21 -19 -13 -9 -2 -26 -24
right_child=17 2 -4 -5 -6 6 8 24 -10 -11 -12 12 18 -15 15 -17 -18 19 -20 21 -22 -23 27 -25 26 -27 -28 -29
leaf_value=-0.18961126084339835 -0.0035389936986299168 0.0019507536908065816 -0.021364673154501634 -0.048770729441506511 0.001082840693706545 -0.00017863627317453481 0.0093828270734182158 0.0014713824361387978 0.0016194270801327586 0.0012505417726323244 -0.0024052071508133231 0.0022800576239681626 0.0020212511769983482 0.0057350989736295738 0.0045050000590154352 0.00257170485692136 -0.00063799109571534686 0.001103982387166068 0.0001409547879795544 0.0016063091267594296 0.0040130149437095815 -0.001881993383550771 -0.0050992245856934688 -0.0022368845606934038 -0.0011637266425319765 -3.6915709120185704e-07 -0.0046239441309449082 -0.041073140526892787
leaf_weight=63 76 29 28 22 26 21 20 21 28 33 39 20 25 20 20 23 28 24 20 20 33 56 26 44 20 21 38 20
leaf_count=63 76 29 28 22 26 21 20 21 28 33 39 20 25 20 20 23 28 24 20 20 33 56 26 44 20 21 38 20
internal_value=0.00159722 0.00290816 0.00385714 0.00435614 0.00478947 0.00424276 0.00369047 0.000416665 0.005 0.00419118 0.00315899 0.0045 0.00333333 0.00597561 0.000925925 0.00415493 0.00125 -0.00119565 0.0105556 0.000307261 0.00228155 -0.00236842 -0.00142857 -0.00265625 -0.00246836 -0.00396907 -0.00413793 -0.00391304
internal_weight=864 588 525 497 475 449 420 120 300 272 239 200 180 41 135 71 48 276 45 179 103 76 70 64 79 97 58 46
internal_count=864 588 525 497 475 449 420 120 300 272 239 200 180 41 135 71 48 276 45 179 103 76 70 64 79 97 58 46
is_linear=0
shrinkage=0.05


Tree=312
num_leaves=28
num_cat=0
split_feature=6 5 39 43 43 7 7 7 16 33 13 37 46 40 46 46 2 10 40 43 39 35 40 33 35 43 16
split_gain=1.18231 1.09073 0.96689 0.894084 1.40716 0.911264 0.892973 0.884706 1.24327 0.800043 0.690547 1.18528 0.68495 0.638363 0.620347 0.562542 0.47088 1.03784 0.511895 0.792453 0.466667 0.46544 0.463944 0.4 0.196961 0.142283 0.0411504
threshold=-1.2092302303556499 0.41009385797842351 0.32754710549827271 -0.45784779417543803 -0.39864473017644836 -0.1102272586824143 -0.78325832005247709 0.42819759041363598 -0.21523744686808374 -0.85157145643355159 1.0000000180025095e-35 0.60088802735754643 -0.67586926195793362 -0.14788993833782349 1.0397154384477865 1.0000000180025095e-35 0.22648811906379906 1.0000000180025095e-35 -0.94420327472812626 -0.60333453242049251 -0.14253810599044117 -0.081255316043662318 -0.82553022891618033 0.70029922965347169 1.3385744169298059 -0.38757338985653295 0.13795779557528834
decision_type=2 2 2 2 2 2 2 2 2 2 2 2 2 2 2 2 2 2 2 2 2 2 2 2 2 2 2
left_child=-1 2 3 6 -5 9 12 8 -7 -6 11 20 -2 -11 22 -15 17 18 -8 -20 -3 23 -4 -12 26 -24 -23
right_child=1 10 14 4 5 7 16 -9 -10 13 21 -13 -14 15 -16 -17 -18 -19 19 -21 -22 24 25 -25 -26 -27 -28
leaf_value=-0.18017579997080824 0.029410909603282222 0.00010138616554043411 0.0013978138856805859 0.0038945973129674363 0.0034007729071853371 0.0038852732118761085 -0.0075346998743018 0.00051685179433025601 0.0011073184254125098 -0.019216704772125854 -0.022266341416996877 0.003434454660032961 0.0014752866319294941 -0.00019635435215296381 0.0014728634716770367 0.00063749702862058073 -0.035359292904664698 0.0028492453529493284 0.0013908667032409678 -0.000146346583796493 -0.0020079278287213043 -0.00027300424752068475 -0.0002745073592075868 0.0015314784253668808 -0.00029541225026624121 -0.0046498642204147421 -0.0026435366329116178
leaf_weight=64 20 20 21 30 23 20 39 34 37 39 20 22 26 26 20 20 35 21 32 21 28 20 21 20 30 62 93
leaf_count=64 20 20 21 30 23 20 39 34 37 39 20 22 26 26 20 20 35 21 32 21 28 20 21 20 30 62 93
internal_value=0.00153935 0.0020625 0.0033181 0.00445626 0.00657205 0.00505025 0.00195876 0.00873626 0.0125439 0.00194444 -0.000652175 0.00357143 0.00804348 -0.000294119 -0.000564517 0.00369565 6.75664e-05 0.00163717 -0.000652175 0.00254717 -0.000833335 -0.00226776 -0.00211539 0.0025 -0.0036014 -0.00379518 -0.00455752
internal_weight=864 800 547 423 229 199 194 91 57 108 253 70 46 85 124 46 148 113 92 53 48 183 104 40 143 83 113
internal_count=864 800 547 423 229 199 194 91 57 108 253 70 46 85 124 46 148 113 92 53 48 183 104 40 143 83 113
is_linear=0
shrinkage=0.05


Tree=313
num_leaves=29
num_cat=0
split_feature=6 34 44 39 9 45 16 41 37 13 19 14 37 36 40 5 36 8 40 40 38 38 17 20 9 7 40 9
split_gain=1.06009 1.31939 0.896466 1.36381 1.62 1.09465 1.61397 0.677519 0.625 0.452101 0.422826 0.715205 0.432608 0.339427 0.331863 0.881343 1.00379 1.03912 0.434543 0.517136 0.357107 0.70519 0.424242 0.283776 0.668605 0.133625 0.102439 0.0327586
threshold=-1.2092302303556499 -0.25401778822946008 0.14178094419705575 -0.81543211030417451 -0.26335104379841939 -0.48091663186067091 -0.15827047228044308 -0.78546148514003622 0.015443640831763675 0.99905156599205769 1.0000000180025095e-35 1.0000000180025095e-35 -0.82828503386715824 1.5796098501571467 0.47815337580055717 0.83597821940385819 -0.025197460506437473 0.17049248222745669 0.22704809045933882 0.1272939360087175 -0.1141761233280693 -0.25821282778798044 1.0000000180025095e-35 1.3280285825846474 0.20887122415788115 0.091682059728604548 0.83933221088039189 1.0000000180025095e-35
decision_type=2 2 2 2 2 2 2 2 2 2 2 2 2 2 2 2 2 2 2 2 2 2 2 2 2 2 2 2
left_child=-1 2 3 4 -2 -4 -7 8 -3 10 12 -12 -5 14 18 16 -16 26 19 20 21 22 -9 24 -17 -14 -18 -22
right_child=1 7 5 9 -6 6 -8 13 -10 -11 11 -13 25 -15 15 23 17 -19 -20 -21 27 -23 -24 -25 -26 -27 -28 -29
leaf_value=-0.17116700997226766 0.012083761665098856 -8.1213819449005904e-06 5.6029072269522698e-05 0.00057137916524516413 -2.3660199832991226e-05 0.0012158127973223927 0.0012459945009613194 0.00096966971066380118 0.0030894712223304048 0.0014979481230090953 -0.003310430769720821 0.00088940667899154986 -0.01053770658403662 -0.00077041892913561484 0.0038239125794142154 -0.016803834796951297 -0.0043927301361351943 0.00061561559614603523 -0.0037664415223845438 0.00075648189060412846 -0.003812055644166275 0.001753415610558011 -0.0052673520616536313 -0.002551612718521736 0.0058565677478062527 -0.0018758854753756972 3.0559900271075885e-05 -0.0024781833424771297
leaf_weight=64 25 20 27 22 25 24 29 24 20 25 33 29 61 39 20 23 21 22 60 20 38 28 42 41 20 22 20 20
leaf_count=64 25 20 27 22 25 24 29 24 20 25 33 29 61 39 20 23 21 22 60 20 38 28 42 41 20 22 20 20
internal_value=0.00119213 0.0016875 0.00416149 0.00264463 0.01 0.00875 0.0129245 2.09193e-05 0.00625 0.000729165 -0.000209582 0.00306451 -0.00214286 -0.000547946 -0.000112783 0.00158683 0.00524096 0.00214286 -0.00133621 -5.81407e-05 -0.00105263 0.000851063 -0.0019697 -0.00202381 0.000813952 -0.00379518 -0.00256098 -0.00413793
internal_weight=864 800 322 242 50 80 53 478 40 192 167 62 105 438 399 167 83 63 232 172 152 94 66 84 43 83 41 58
internal_count=864 800 322 242 50 80 53 478 40 192 167 62 105 438 399 167 83 63 232 172 152 94 66 84 43 83 41 58
is_linear=0
shrinkage=0.05


Tree=314
num_leaves=27
num_cat=0
split_feature=6 35 6 44 39 6 35 5 35 12 39 6 20 41 36 40 36 39 12 43 36 45 16 45 8 5
split_gain=1.08 0.973265 0.762643 0.747303 1.10158 1.03221 1.68274 1.09578 1.45871 0.730598 0.715841 0.87114 0.755627 1.33601 0.835775 2.97619 0.545455 1.0168 0.364583 0.359894 0.248889 0.247009 0.146657 0.136364 0.118367 0.0307692
threshold=-1.2092302303556499 -1.4155531373922223 1.1435569993559944 0.3007809357688504 0.32754710549827271 -0.16354701715047482 0.36351062440585785 0.58431927856155597 -0.33785105091838541 1.0000000180025095e-35 0.21486019639408402 -0.076406749383376896 0.39840857477539421 -0.63994766819357463 -0.45429032432022992 -0.69481788860157379 0.33524054509714835 -0.50098744942005613 -0.39206532149820422 0.13671970677433018 -0.042361175058989169 -0.34625952816760708 -0.055729918022689943 0.41271687446602551 -0.34569470153302034 -0.92563436649225761
decision_type=2 2 2 2 2 2 2 2 2 2 2 2 2 2 2 2 2 2 2 2 2 2 2 2 2 2
left_child=-1 -2 3 4 10 19 7 8 -7 -8 11 12 14 -14 21 -16 23 -18 -17 24 -4 25 -6 -13 -5 -3
right_child=1 2 20 5 22 6 9 -9 -10 -11 -12 16 13 -15 15 18 17 -19 -20 -21 -22 -23 -24 -25 -26 -27
leaf_value=-0.16260865947365441 0.0046457662040837091 -0.0059950097542258258 -0.001486712389915136 -0.01974304031683859 -0.0096197506073158121 0.00044289977790588415 0.0023556362395446722 0.00037698629954060993 0.0014654772198588678 -0.00027164575221724367 0.0076775708541576551 -0.0010928424773086903 0.0003382234480708922 0.0034283189606270879 0.0038393316366513251 -0.0058529991274868451 0.0018419207630445793 -0.00027286672274985695 0.00055753258127679906 0.0012778282354910569 -0.014284035471963073 0.00035302930105227413 -0.00025075852193850903 -7.7106065857941893e-05 -0.012630336553011243 -0.014583003444597767
leaf_weight=64 24 20 25 29 68 23 35 21 33 37 22 66 28 32 24 28 23 21 32 20 56 20 39 22 20 32
leaf_count=64 24 20 25 29 68 23 35 21 33 37 22 66 28 32 24 28 23 21 32 20 56 20 39 22 20 32
internal_value=0.00125 0.00175 0.0014433 0.00197842 0.00087002 0.00440367 0.00674497 0.0118831 0.0155357 0.00125 0.00216216 0.00160919 0.00356481 0.00833333 0.00173077 0.00511905 -0.00159091 0.00295454 -0.000833335 -0.000652175 -0.00314815 -0.00222222 -0.00359813 -0.00386364 -0.00295918 -0.00403846
internal_weight=864 800 776 695 477 218 149 77 56 72 370 348 216 60 156 84 132 44 60 69 81 72 107 88 49 52
internal_count=864 800 776 695 477 218 149 77 56 72 370 348 216 60 156 84 132 44 60 69 81 72 107 88 49 52
is_linear=0
shrinkage=0.05


Tree=315
num_leaves=26
num_cat=0
split_feature=38 6 44 2 37 17 6 2 2 10 44 43 9 47 43 39 10 19 34 13 0 0 36 35 37
split_gain=1.14483 1.68456 2.07675 1.36492 1.55488 1.5553 1.23614 1.19353 0.828829 0.900845 0.748093 0.63224 0.595984 0.749318 0.421296 0.952778 0.400056 0.456846 0.529101 0.255474 0.241412 0.151807 0.116513 0.150284 0.0427536
threshold=0.3865228969373366 -0.25068728491757275 -0.16398827036408783 1.7305477424506281 0.92804812571018969 -0.93538439421984376 -0.076406749383376896 0.66670069176238322 -1.0574652179737376 -0.69586825717462975 0.41085785301086208 -0.83567634203222452 0.57615521034611505 1.0000000180025095e-35 -0.3734697334928832 -0.16631963130344754 -0.50450666895147223 1.0000000180025095e-35 -0.68044147389832499 -0.20112437444706763 1.2485767956218459 0.74914607737310757 -0.55727261163554009 0.072702124881171573 1.4446167020564686
decision_type=2 2 2 2 2 2 2 2 2 2 2 2 2 2 2 2 2 2 2 2 2 2 2 2 2
left_child=1 8 6 4 5 -4 -3 10 9 -1 -7 -10 20 -14 15 -8 17 19 -19 21 22 -13 -2 -24 -25
right_child=12 2 3 -5 -6 7 14 -9 11 -11 -12 16 13 -15 -16 -17 -18 18 -20 -21 -22 -23 23 24 -26
leaf_value=0.00067246563472974871 -0.0015036931840598773 0.0011837038923700137 -0.0012306134129885507 -0.090973972685947813 0.004254835866252236 0.00016883969134411035 -0.00014015767361076021 0.001864862104752809 0.00081397157851137198 0.0080346047157456874 0.0011963148200218206 -0.066157538225250792 0.01537721106406096 -0.032054275276864642 -0.00089520037890851705 0.00061262128169474743 -0.014308902783861474 0.0063707690706301225 -0.0060485284144868243 0.00052123267855012879 -0.00013101567159246039 -0.0036171492088492214 -0.0011254273374897439 -0.00051075212166898332 -0.00030102485323106777
leaf_weight=37 20 26 23 21 21 32 36 25 28 22 26 63 30 27 52 20 84 21 27 20 33 20 20 118 20
leaf_count=37 20 26 23 21 21 32 36 25 28 22 26 63 30 27 52 20 84 21 27 20 33 20 20 118 20
internal_value=0.00107798 0.00228477 0.00510638 0.00918919 0.0111417 0.00867924 0.000597014 0.0118675 -0.000186337 0.00516949 0.00793103 -0.00138783 -0.00164179 0.00289474 -0.00175926 0.00125 -0.00223404 -0.000695365 0.00333333 -0.00257282 -0.0028673 -0.00379518 -0.00359551 -0.00405063 -0.00463768
internal_weight=872 604 282 148 127 106 134 83 322 59 58 263 268 57 108 56 235 151 48 103 211 83 178 158 138
internal_count=872 604 282 148 127 106 134 83 322 59 58 263 268 57 108 56 235 151 48 103 211 83 178 158 138
is_linear=0
shrinkage=0.05


Tree=316
num_leaves=26
num_cat=0
split_feature=38 6 42 45 49 36 43 44 33 36 10 44 16 17 18 33 36 34 35 43 38 13 37 9 3
split_gain=1.09706 1.30584 0.878822 0.60969 0.596005 1.03906 1.36331 1.84615 0.922934 1.05197 0.80476 0.792412 0.790123 0.519393 0.469929 0.414679 0.516917 0.696966 0.325783 0.269038 0.152508 0.150725 0.218182 0.0333333 0.0314815
threshold=0.3865228969373366 -1.2092302303556499 0.90321997160632905 -1.2154099247319281 1.0000000180025095e-35 -0.47145403887278164 -0.24431842242213025 -0.79998823665126639 0.17163998494250762 -1.0035291900018841 0.16525888982957918 -0.15175750178164207 -0.55703929439392763 -0.36729102390789165 0.57353148677851917 0.85378094585988062 0.11211225591397615 0.7864560048025705 -0.86814890299281322 -0.11755218364385044 -0.18962392090230829 0.19893427236597411 0.20485211882539925 -0.10594362114631924 0.2319176999979152
decision_type=2 2 2 2 2 2 2 2 2 2 2 2 2 2 2 2 2 2 2 2 2 2 2 2 2
left_child=1 -1 3 -3 8 12 7 -7 9 -5 13 -8 -6 -9 23 21 17 -17 -11 -18 -20 22 -2 -14 -21
right_child=15 2 -4 4 5 6 11 10 -10 18 -12 -13 14 -15 -16 16 19 -19 20 24 -22 -23 -24 -25 -26
leaf_value=-0.15713178582044154 -4.3245775583046215e-05 -0.0096111719601197354 0.0018238303418848555 0.0038008492748487924 0.0028774103808813789 0.0028363619757499218 -0.0018064438493864126 0.00051648469455592807 0.0015764071087740587 0.00089011206352362622 0.0011309216400815674 0.00047709225112316705 -0.00077165610814512069 -0.00043843992928495188 0.0010317662194086481 -0.002441523230236609 0.00030301692361690526 0.054938186449862758 -0.0013489818060415798 -0.002293671254811658 -0.0056248271951257643 -0.0018871134025259925 -0.0023229335019143392 -0.00064841748947917907 -0.011870106214325691
leaf_weight=57 33 26 31 32 27 26 37 22 39 27 27 28 40 29 21 20 29 27 76 34 39 78 27 20 20
leaf_count=57 33 26 31 32 27 26 37 22 39 27 27 28 40 29 21 20 29 27 76 34 39 78 27 20 20
internal_value=0.00102064 0.00220199 0.00295247 0.00246124 0.00285714 0.00438628 0.00683432 0.0103846 0.000868543 -0.000689656 0.00653846 0.00115384 0.000555554 0.00284314 -0.00191358 -0.00164179 0.000384614 0.00457447 -0.00253521 -0.00198795 -0.00369565 -0.00355073 -0.00166667 -0.00416667 -0.00407408
internal_weight=872 604 547 516 490 277 169 104 213 174 78 65 108 51 81 268 130 47 142 83 115 138 60 60 54
internal_count=872 604 547 516 490 277 169 104 213 174 78 65 108 51 81 268 130 47 142 83 115 138 60 60 54
is_linear=0
shrinkage=0.05


Tree=317
num_leaves=26
num_cat=0
split_feature=9 38 44 36 11 34 41 2 44 39 38 38 2 45 14 44 43 45 36 46 35 48 35 15 36
split_gain=0.988628 1.36266 1.51935 1.06731 0.768933 0.790303 1.39228 1.52319 0.793898 0.719572 0.703305 1.47605 1.13482 0.479497 0.440748 0.306397 0.923077 0.30564 0.483929 0.279139 0.399106 0.268451 0.244565 0.123077 0.0412281
threshold=-0.36828932556648614 0.3590873341830676 -0.16398827036408783 0.52404140517521702 0.53616359807881486 -0.37341642021674226 -0.49351404533977289 -0.32377759680943102 -0.79998823665126639 -0.91588587340906769 -0.25821282778798044 -0.086740560573800293 0.22648811906379906 -0.72574772948442334 1.9925145869433492 0.72885783615445143 0.045002141218274533 -0.40746730257354519 -0.50578146797788504 0.034872971067293097 0.67142550625552566 1.0000000180025095e-35 0.32929785975589476 0.26952030245539771 0.094948541361424457
decision_type=2 2 2 2 2 2 2 2 2 2 2 2 2 2 2 2 2 2 2 2 2 2 2 2 2
left_child=9 2 4 10 5 6 13 -8 -7 -1 21 -12 -13 -2 15 19 -17 24 -19 20 -3 -4 -20 -18 -11
right_child=1 14 3 -5 -6 8 7 -9 -10 17 11 12 -14 -15 -16 16 23 18 22 -21 -22 -23 -24 -25 -26
leaf_value=0.0039374592704071098 0.00064512918823390712 -0.0035534862198274746 0.0012221259194256035 0.0010739255342283364 -0.00021834605694877481 0.00095203130881292 0.0050196314803836496 -2.6211715187585854e-05 -0.0033559307841024826 -0.013270419982842395 0.0018873842454329966 0.00092046352467999026 -0.0092421166163335865 -0.00075969544623994258 0.0028790466338454346 0.0015941248589686546 -8.6541720786270917e-05 0.0030393034013598331 -0.0056038230044556589 -0.0016615801365915399 0.00011555367452408796 -0.00028189530411510571 0.00010448267583618023 -0.0057406014921080242 -0.02034571150106251
leaf_weight=28 27 25 21 38 42 22 37 21 51 94 33 21 31 29 24 26 20 24 45 82 29 26 24 32 20
leaf_count=28 27 25 21 38 42 22 37 21 51 94 33 21 31 29 24 26 20 24 45 82 29 26 24 32 20
internal_value=0.000963302 0.00198587 0.00377193 0.00735294 0.00111354 0.00248663 0.00508772 0.0105172 -0.00157534 -0.00180851 0.00522727 0.00794118 0.00269231 -0.000535715 -0.0010084 -0.00172897 0.00076923 -0.00282609 -0.000698926 -0.00316177 -0.000370372 0.000319148 -0.00282609 -0.00307692 -0.0045614
internal_weight=872 637 399 170 229 187 114 58 73 235 132 85 52 56 238 214 78 207 93 136 54 47 69 52 114
internal_count=872 637 399 170 229 187 114 58 73 235 132 85 52 56 238 214 78 207 93 136 54 47 69 52 114
is_linear=0
shrinkage=0.05


Tree=318
num_leaves=27
num_cat=0
split_feature=38 44 37 37 5 4 37 5 6 16 47 43 8 41 8 15 16 20 6 5 37 43 37 45 2 2
split_gain=1.3204 1.50796 2.1182 1.37115 0.926101 0.741758 0.683145 1.08647 1.25022 0.952381 0.796848 1.12927 0.588112 0.375325 0.981818 0.357415 0.309044 0.529734 1.00571 0.295538 0.25 0.166234 0.283883 0.132203 0.0409091 0.0388889
threshold=0.3865228969373366 -0.17621903894653357 0.92804812571018969 -0.75940922368765429 -0.26744944428931333 0.15921158975095148 -0.91437979659153801 -0.55782514526120053 -1.0785198287050031 -0.48867892488875891 1.1380916721822807 -0.37702341157481623 -0.44893213828511574 -0.074295523717731557 -0.39731341990906804 2.279005006476595 0.41139927359596351 1.2616271534554151 0.22858418780146592 0.11971815700653625 -0.018994264257988242 -0.41366042096389849 0.015443640831763675 -0.39522574769235758 0.055294340792127451 1.0457726293639418
decision_type=2 2 2 2 2 2 2 2 2 2 2 2 2 2 2 2 2 2 2 2 2 2 2 2 2 2
left_child=1 6 3 -3 23 12 7 8 -1 -10 13 -12 -6 21 -15 16 17 19 -19 -2 -14 24 -23 -5 -8 -21
right_child=15 2 -4 4 5 -7 10 -9 9 -11 11 -13 20 14 -16 -17 -18 18 -20 25 -22 22 -24 -25 -26 -27
leaf_value=-0.051188646129438034 4.6279061824422731e-06 0.0014644530815091537 0.0024285860112378864 -0.00015096070193194538 0.0011584946979861285 0.00074774875985405415 -0.0033711176060048803 -0.036892068413552713 0.0086860820977537525 0.0010913372526827438 0.0038152877532349918 -0.00011042624205228256 -0.014280570135861781 0.00179655046518551 -0.00033952287273538231 0.11178617468628871 -0.0019833560355807535 -0.03203788373272972 0.002469441538499539 -0.0013132832389995347 0.00027144485118574165 0.00034548556293463725 -0.0031881402659651396 -0.017170166498142531 -0.0030341415887085292 -0.010768978263984326
leaf_weight=22 21 30 31 20 33 27 90 25 20 28 22 38 25 20 24 22 85 22 28 70 20 39 31 39 20 20
leaf_count=22 21 30 31 20 33 27 90 25 20 28 22 38 25 20 24 22 85 22 28 70 20 39 31 39 20 20
internal_value=0.000905962 0.00220199 0.00544444 0.00350515 0.00170732 0.00452381 0.000277044 0.00394737 0.00714286 0.0116667 -0.000950705 0.00416667 0.00205128 -0.00232143 0.00181818 -0.00201493 -0.00256098 -0.00127329 0.003 -0.0031982 -0.00166667 -0.00333333 -0.00142857 -0.00330509 -0.00454546 -0.00444445
internal_weight=872 604 225 194 164 105 379 95 70 48 284 60 78 224 44 268 246 161 50 111 45 180 70 59 110 90
internal_count=872 604 225 194 164 105 379 95 70 48 284 60 78 224 44 268 246 161 50 111 45 180 70 59 110 90
is_linear=0
shrinkage=0.05


Tree=319
num_leaves=24
num_cat=0
split_feature=38 44 37 6 17 37 40 2 6 20 8 3 37 41 16 39 44 14 42 44 5 36 37
split_gain=1.6793 1.77851 1.50721 1.38155 1.3624 0.940286 0.890064 0.794948 0.641586 0.831676 0.796362 0.942638 0.848931 0.754963 0.695817 0.62069 0.47619 0.393127 0.284161 0.273446 0.288816 0.149865 0.0442197
threshold=0.3865228969373366 -0.17621903894653357 0.85917231553068574 -0.25068728491757275 -0.93538439421984376 -0.053432169347740158 -0.28548187551109411 0.50773504051011675 -1.2092302303556499 -0.66401429129232348 -0.91350060366954511 0.2319176999979152 -0.91437979659153801 -0.43977590849932935 -0.43171195030111825 -0.011925091608333603 0.32524247293374192 1.5851659603270629 -0.43755140293804146 2.0253193058937007 0.11971815700653625 1.7083377093012846 1.6856820376847319
decision_type=2 2 2 2 2 2 2 2 2 2 2 2 2 2 2 2 2 2 2 2 2 2 2
left_child=1 8 3 16 -5 6 -6 -8 -1 18 -11 12 14 -13 -12 -15 -3 19 -10 20 -2 22 -22
right_child=17 2 -4 4 5 -7 7 -9 9 10 11 13 -14 15 -16 -17 -18 -19 -20 -21 21 -23 -24
leaf_value=-0.17044658565469512 -0.00028486153000390808 0.00037492872815180519 0.0022197497699617584 -0.0013601750231461162 0.0027005458037373184 0.00029871347498507112 0.00058295336252944666 4.2470086899140409e-05 6.7565637333636951e-06 0.0017757314392408418 0.0061533229068323368 0.0021003689614965048 -0.0010497630165704327 -0.000830659596127307 -0.0010432223088272282 0.00096570339169888214 -0.027017849060807966 0.0031249193280014653 -0.0011983150988864469 0.00094794895532946788 -0.0015887821452706665 -7.0491799227046943e-05 -0.00036180655746086881
leaf_weight=50 22 30 34 25 20 35 21 20 23 39 24 30 72 29 22 29 40 32 61 20 153 21 20
leaf_count=50 22 30 34 25 20 35 21 20 23 39 24 30 72 29 22 29 40 32 61 20 153 21 20
internal_value=0.000905962 0.00236755 0.00588889 0.0041623 0.00739669 0.0101042 0.0138525 0.00963415 0.000277044 0.00107903 0.00255102 0.00131068 -0.00161017 0.00522727 0.00369565 0.00189655 -0.00142857 -0.00238806 -0.00321429 -0.00309322 -0.00361111 -0.00422681 -0.00471098
internal_weight=872 604 225 191 121 96 61 41 379 329 245 206 118 88 46 58 70 268 84 236 216 194 173
internal_count=872 604 225 191 121 96 61 41 379 329 245 206 118 88 46 58 70 268 84 236 216 194 173
is_linear=0
shrinkage=0.05


Tree=320
num_leaves=25
num_cat=0
split_feature=6 5 44 6 41 42 35 39 5 5 4 35 46 8 39 35 39 2 36 34 14 2 34 19
split_gain=1.08633 0.982645 1.21976 1.403 1.80645 1.56163 0.874507 0.855286 0.906597 1.51153 0.662832 0.685714 0.516071 0.650734 0.697321 0.623349 0.494891 0.365381 0.75188 0.256839 0.225 0.162617 0.134426 0.111293
threshold=-1.2092302303556499 0.79726145927427317 -0.15175750178164207 0.44643485721921083 -0.038221679750072381 -0.54540681240323419 -1.2787020787923702 -0.42021231152114463 -0.054507263576596084 -0.24809106422452087 -0.21304633529873965 0.79117018253039639 -0.29598979258238139 -0.96511932204559281 -0.81023448113395491 -0.57734040346812698 0.24651362981304967 -0.26263696171240541 -0.31698060789981636 0.25769063457317792 1.0000000180025095e-35 -0.37269010488705145 0.30886147685344173 1.0000000180025095e-35
decision_type=2 2 2 2 2 2 2 2 2 2 2 2 2 2 2 2 2 2 2 2 2 2 2 2
left_child=-1 2 6 5 -5 -4 -2 22 9 -9 11 -3 13 -8 20 -16 -10 18 -17 23 -15 -12 -7 -14
right_child=1 10 3 4 -6 7 12 8 16 -11 21 -13 19 14 15 17 -18 -19 -20 -21 -22 -23 -24 -25
leaf_value=-0.14506963932611214 0.0052276587050024553 -0.0011553377366640503 0.0062432894582585899 0.00026252446340572919 0.0026409954997533252 -0.00092577625526022746 0.0011185701535558271 -7.3655529803511011e-05 0.0010180682360742253 0.0012224619372040227 0.01120686335758736 0.0018936172201685605 -0.00035749397988138883 0.0056346782133709153 -0.0058338419143531065 -0.021535698822539154 -0.0023313487774801224 0.0014498973804537006 0.0021850945911167353 8.7461082780621813e-06 0.0032968757023135761 -0.0035270204925076094 7.8170632375221759e-06 -0.00058967304610061527
leaf_weight=65 39 28 29 31 32 41 25 31 27 35 20 32 68 20 62 36 31 26 21 32 20 87 20 26
leaf_count=65 39 28 29 31 32 41 25 31 27 35 20 32 68 20 62 36 31 26 21 32 20 87 20 26
internal_value=0.00122172 0.00171551 0.00259202 0.0051083 0.0116667 0.00317757 0.000733332 0.00148649 0.00387097 0.00787879 -0.00170659 0.0025 -8.92869e-05 0.00142857 0.000405404 -0.0012069 -0.000689656 0.0016265 -0.000614036 -0.00261905 0.00625 -0.00406542 -0.00336066 -0.00393617
internal_weight=884 819 652 277 63 214 375 185 124 66 167 60 336 210 185 145 58 83 57 126 40 107 61 94
internal_count=884 819 652 277 63 214 375 185 124 66 167 60 336 210 185 145 58 83 57 126 40 107 61 94
is_linear=0
shrinkage=0.05


Tree=321
num_leaves=29
num_cat=0
split_feature=6 33 4 37 34 34 10 34 40 6 12 4 6 4 39 13 36 39 9 34 35 11 18 10 10 37 6 5
split_gain=1.00876 1.30134 0.967549 1.08484 0.576362 0.652157 1.77778 0.722042 0.992081 0.583003 0.699401 0.876532 0.899977 1.28926 0.662687 0.595238 0.565877 0.427907 0.420892 0.299555 0.299255 0.276923 0.258547 0.228451 0.46971 0.274714 0.117895 0.0371795
threshold=-1.2092302303556499 0.35922874919478526 0.71759847732548832 -1.3620725627583128 0.80351295222932506 0.30886147685344173 1.0000000180025095e-35 -0.25401778822946008 0.098055649359397312 -0.77352889152016024 -0.65249174111155672 1.0000000180025095e-35 -0.076406749383376896 -0.39917529782358513 -0.38680300184854488 1.0000000180025095e-35 -0.83189204447636733 -0.57280248812345658 0.31380950592594797 0.12123505515914106 1.8774254601667246 0.53616359807881486 -1.1661101447046642 0.069578095718000374 0.35662047805273672 -0.38059226770038335 0.44643485721921083 -0.48039162500203064
decision_type=2 2 2 2 2 2 2 2 2 2 2 2 2 2 2 2 2 2 2 2 2 2 2 2 2 2 2 2
left_child=-1 2 3 -2 5 7 -7 8 9 14 17 12 13 -12 -5 -13 -9 -11 19 27 22 -6 -3 -24 -25 -26 -27 -18
right_child=1 20 -4 4 21 6 -8 16 -10 10 11 15 -14 -15 -16 -17 18 -19 -20 -21 -22 -23 23 24 25 26 -28 -29
leaf_value=-0.13781615735980596 0.0043689109285133991 0.00046468253036288545 -0.011798078954219136 0.014126772152126793 -0.0022807403086605792 0.0020995224933571177 -0.00021557440577701041 0.0033630692010712783 0.0059008413582442125 -0.024501215553180827 0.0027483496787918324 0.0010838822290156929 -0.013264555695068327 -2.5971280057489897e-05 -0.012060658656880949 0.0036721711914004767 -0.0035297466890640006 0.0010869839134414799 0.0006864129591330208 0.00010437771229594494 0.0016356603305650111 0.00086225008111538021 -0.0013619467449195477 0.0011032162892850421 0.00016244724133685808 -2.8371312810384759e-05 -0.0015565267597950593 -0.00033768244237353338
leaf_weight=65 24 26 37 30 32 37 28 26 20 23 20 21 28 21 37 21 20 20 20 20 22 20 67 26 20 25 70 58
leaf_count=65 24 26 37 30 32 37 28 26 20 23 20 21 28 21 37 21 20 20 20 20 22 20 67 26 20 25 70 58
internal_value=0.000995474 0.00147131 0.00281527 0.00336502 0.00286852 0.00344444 0.00807692 0.00266234 0.0043361 0.00337104 0.00506493 0.00716216 0.00369565 0.00841463 -0.000522389 0.0128571 -0.00013889 -0.000348838 -0.00161017 -0.00295918 -0.00148438 -0.00211539 -0.00200855 -0.00259616 -0.0014539 -0.00282609 -0.00394737 -0.00435898
internal_weight=884 819 563 526 502 450 65 385 241 221 154 111 69 41 67 42 144 43 118 98 256 52 234 208 141 115 95 78
internal_count=884 819 563 526 502 450 65 385 241 221 154 111 69 41 67 42 144 43 118 98 256 52 234 208 141 115 95 78
is_linear=0
shrinkage=0.05


Tree=322
num_leaves=30
num_cat=0
split_feature=32 5 40 34 37 2 44 17 44 39 39 2 49 7 44 46 38 37 31 14 4 43 38 39 39 34 33 4 2
split_gain=0.978032 1.18756 0.81007 0.762281 1.91483 1.39186 1.60602 0.63818 0.914693 0.955547 1.08445 1.26614 1.5291 0.726285 0.625172 0.73278 0.954798 0.805713 0.570491 0.544448 0.433653 0.423878 0.371904 0.421748 0.625 0.315075 0.147368 0.0726496 0.0282609
threshold=-1.2340032704421391 0.93277011972782053 1.4516163313014461 -0.86806789559262554 -0.018994264257988242 -0.67839328037217916 -0.7388343937390377 -1.1626217423446246 -0.16398827036408783 -0.56607580850676353 0.27891946021281699 0.22648811906379906 0.23152548893966207 0.36089448427662973 -0.79998823665126639 -0.89644443772438331 -0.079881669885233195 -0.29449750497600352 1.0000000180025095e-35 -0.45157717275436821 1.0000000180025095e-35 1.4941108114032848 -0.92352522457899877 0.099633391261568185 0.63344297061699006 0.3770892665604601 -0.59576859608953681 -0.21304633529873965 0.16534748396677348
decision_type=2 2 2 2 2 2 2 2 2 2 2 2 2 2 2 2 2 2 2 2 2 2 2 2 2 2 2 2 2
left_child=-1 2 3 4 5 19 -7 25 14 13 11 12 -11 28 15 -9 17 -17 -12 -2 -13 27 -16 -24 -25 26 -5 -3 -10
right_child=1 21 -4 7 -6 6 -8 8 9 10 18 20 -14 -15 22 16 -18 -19 -20 -21 -22 -23 23 24 -26 -27 -28 -29 -30
leaf_value=-0.29589730104230716 0.00098626359681420399 -0.00080868368738245232 0.0018147115594525243 -6.8278402195056338e-05 -0.023680428355593242 0.0018134017347410094 0.01014496842773901 -0.0034543856425742268 -0.00082355587487558052 0.0074468847175945714 -0.0040377396746104632 -6.7869841839868713e-05 0.00041724830827342095 0.00077927833190768884 0.00074192746483661058 0.0017013113995068684 -0.0013864076972733052 0.0063219745125485394 0.00010368167162993591 -0.00054931479188414839 0.0034702941035737195 0.082701724365025972 -0.0087267575167050363 0.0020300635005768741 -0.0025514146416220442 0.00034910129534197363 -0.00037897853419633916 -0.0053247443344693309 -0.00027183076010475147
leaf_weight=57 22 36 20 20 30 20 26 20 20 21 37 23 27 20 22 27 22 20 29 21 21 24 83 20 20 26 56 68 26
leaf_count=57 22 36 20 20 30 20 26 20 20 21 37 23 27 20 22 27 22 20 29 21 21 24 83 20 20 26 56 68 26
internal_value=0.00133484 0.00177146 0.00258226 0.00229013 0.00592437 0.00960674 0.0156522 0.00151786 0.00231441 0.00459821 0.00670886 0.0102174 0.0158333 -0.000454547 0.000128204 0.00342697 0.00586956 0.00989362 0.00181818 0.00313953 0.00409091 -0.00265625 -0.00189655 -0.00296748 0.00125 -0.00205882 -0.00368421 -0.00403846 -0.00391304
internal_weight=884 827 699 679 119 89 46 560 458 224 158 92 48 66 234 89 69 47 66 43 44 128 145 123 40 102 76 104 46
internal_count=884 827 699 679 119 89 46 560 458 224 158 92 48 66 234 89 69 47 66 43 44 128 145 123 40 102 76 104 46
is_linear=0
shrinkage=0.05


Tree=323
num_leaves=26
num_cat=0
split_feature=38 6 43 47 41 0 17 34 2 18 41 12 40 41 35 36 16 35 43 7 6 36 12 44 2
split_gain=1.18385 1.44721 0.889578 2.03639 1.96628 1.00275 0.891548 0.676686 1.46667 0.600071 0.508142 0.852761 0.478139 0.458233 0.949095 0.494489 0.455305 0.574713 0.358605 0.315672 0.208986 0.166484 0.152941 0.144121 0.380952
threshold=0.44825291313444143 -1.2092302303556499 -0.26341864134854626 1.1380916721822807 -0.07742134394788526 -1.0000000180025095e-35 0.99613306484079367 -1.0386373698601714 -0.65393702633336903 0.86347175869238313 0.32796639126235799 1.0000000180025095e-35 -0.037816388599206836 -0.33941787652116479 -0.064148933718680773 -0.84905575902891905 -0.14687707736291497 0.19244680115604237 -0.38757338985653295 1.4377441824687305 -0.42496782045176862 1.0217891271992166 0.9100667765685585 -0.34744979910077395 -0.054758802382518561
decision_type=2 2 2 2 2 2 2 2 2 2 2 2 2 2 2 2 2 2 2 2 2 2 2 2 2
left_child=1 -1 3 4 7 -5 16 8 -3 13 21 -12 -8 15 18 -9 17 20 -15 -13 -4 -2 -18 -17 -25
right_child=10 2 6 5 -6 -7 12 9 -10 -11 11 19 -14 14 -16 23 22 -19 -20 -21 -22 -23 -24 24 -26
leaf_value=-0.12189664481168601 -0.0018949777818218065 -0.00028387756195202114 0.0013072531869601776 0.0010250262638429319 0.0042449289310621868 0.00043222451421203898 9.3143186560766522e-05 0.00084616006626011913 0.0053382760391801135 0.00076415007122342235 0.0015684353280988673 -0.004379358913505371 0.0020758203624909148 -0.0047870555369691039 0.0054860377142624209 -0.0015523268006058868 -0.00029637533982898747 0.0026793959682284776 0.00031596159143819005 0.12440341820356866 -0.0035567343023117579 -6.2349659531149294e-05 -9.1540909345446241e-05 0.00082705305471086985 -0.033817240619305106
leaf_weight=64 101 24 33 25 26 22 22 35 20 22 39 47 20 33 20 57 65 29 20 20 25 39 20 24 32
leaf_count=64 101 24 33 25 26 22 22 35 20 22 39 47 20 33 20 57 65 29 20 20 25 39 20 24 32
internal_value=0.000995474 0.00213166 0.00292683 0.00444444 0.00298722 0.0141489 0.000373831 0.00179442 0.0075 0.000761316 -0.00195122 0.000660376 0.00690476 -2.26256e-05 0.00321918 -0.00162162 -0.00122093 0.00132184 -0.00028302 -0.0027612 -0.00155173 -0.00392857 -0.00382353 -0.00323009 -0.00142857
internal_weight=884 638 574 360 313 47 214 287 44 243 246 106 42 221 73 148 172 87 53 67 58 140 85 113 56
internal_count=884 638 574 360 313 47 214 287 44 243 246 106 42 221 73 148 172 87 53 67 58 140 85 113 56
is_linear=0
shrinkage=0.05


Tree=324
num_leaves=28
num_cat=0
split_feature=30 40 39 41 18 0 33 37 33 45 4 12 44 35 9 13 34 46 34 4 40 0 5 2 3 2 2
split_gain=0.827408 0.829822 1.31903 0.844902 0.74414 0.929117 0.512112 0.980136 0.438317 0.883173 0.552922 0.753026 0.417631 0.45873 0.667244 0.407819 0.490963 0.654971 0.240698 0.213593 0.694348 0.0618619 0.111111 0.0386364 0.034375 0.0295918 0.0261905
threshold=-1.2396437479092015 -0.69481788860157379 -0.91588587340906769 -0.90754259689328343 1.0000000180025095e-35 -1.0000000180025095e-35 -0.91978555252528893 -0.93159874913641405 0.052265316781967358 1.0860023929313449 -0.58530426034843075 -1.1733445803382618 -0.39637287343055688 -0.012829786743736155 -0.10594362114631924 1.9991981830246621 -0.39047336764349688 -0.16119385183621773 -0.85101094816587097 -0.21304633529873965 1.028521124493639 -0.74914607737310734 0.8553365994686507 -0.73953391546920477 0.6850046860900979 -0.66616515335277415 0.10420684886974792
decision_type=2 2 2 2 2 2 2 2 2 2 2 2 2 2 2 2 2 2 2 2 2 2 2 2 2 2 2
left_child=-1 2 -2 -3 5 -4 25 -8 9 10 -5 -12 23 26 -15 16 17 -10 -9 20 24 22 -21 -13 -18 -6 -14
right_child=1 3 4 8 6 -7 7 18 15 -11 11 12 13 14 -16 -17 19 -19 -20 21 -22 -23 -24 -25 -26 -27 -28
leaf_value=-0.1173212889625862 0.014829841526871002 0.0011316580683171232 0.0046524306803441291 0.00068962481260038738 -0.0014505776847576228 2.9157777416768959e-05 0.0044655123950338611 0.0034568453327205942 -0.00061163811492223261 0.00083927484033998563 0.0050856366952388181 -0.00088098242547889657 -0.00021584875915027203 -0.00076814060907945587 0.00092372835662701824 0.043735982560666908 -0.00072197554176907461 0.00044959186628851477 -0.0060766788920165 -5.2544744084264546e-06 0.0015730649586560821 -0.0040849961205685244 -0.0054069157169172868 -0.0027527104055285571 -0.002122200837311379 -0.00019683805830353346 -0.032125224633422191
leaf_weight=65 26 25 23 25 29 26 21 20 21 38 24 20 20 33 30 27 44 36 23 20 30 103 25 68 20 20 22
leaf_count=65 26 25 23 25 29 26 21 20 21 38 24 20 20 33 30 27 44 36 23 20 30 103 25 68 20 20 22
internal_value=0.000429863 0.000860805 0.00377659 -7.92512e-06 0.00209876 0.0072449 -0.000132745 0.0028125 -0.000379539 0.00107143 -4.13235e-05 -0.000852536 -0.00189119 0.000238094 0.00293651 -0.00162577 -0.00215719 0.00201754 -0.00151163 -0.0031405 -0.0012766 -0.00432433 -0.00277778 -0.00443182 -0.00421875 -0.00397959 -0.00380953
internal_weight=884 819 188 631 162 49 113 64 606 280 242 217 193 105 63 326 299 57 43 242 94 148 45 88 64 49 42
internal_count=884 819 188 631 162 49 113 64 606 280 242 217 193 105 63 326 299 57 43 242 94 148 45 88 64 49 42
is_linear=0
shrinkage=0.05


Tree=325
num_leaves=26
num_cat=0
split_feature=30 38 35 2 2 44 8 2 8 33 44 45 38 42 33 44 45 45 42 16 37 5 0 2 11
split_gain=0.872333 1.28583 1.27953 0.847508 1.34694 1.13324 1.17843 0.996099 0.810558 0.647808 0.856199 0.645448 0.543478 0.483935 0.417104 0.645729 0.204701 0.529807 0.270264 0.706522 0.164912 0.148718 0.0905707 0.0379518 0.0375
threshold=-1.1036836210495513 0.21505062972315636 0.79117018253039639 -0.45828699402288725 0.17757561098617861 0.32524247293374192 -0.34569470153302034 -0.33600572382883614 0.48020479248374298 -0.067109351378572893 -0.99568053397039813 -0.66453995507848518 -0.26507171847654759 -0.54045931655620738 0.052265316781967358 -0.090603658869413392 0.64530641720859039 0.41271687446602551 0.51731529553820776 0.10377761082270391 0.13597630864589541 0.022926256682573833 -0.74914607737310734 -1.0207808369155222 1.0000000180025095e-35
decision_type=2 2 2 2 2 2 2 2 2 2 2 2 2 2 2 2 2 2 2 2 2 2 2 2 2
left_child=23 2 3 9 5 6 7 -5 13 10 -2 -8 -11 -6 15 -3 17 18 19 -16 -12 -15 -18 -1 -20
right_child=1 14 -4 4 8 -7 11 -9 -10 12 20 -13 -14 21 16 -17 22 -19 24 -21 -22 -23 -24 -25 -26
leaf_value=-0.050287878665015044 0.00044623413754765572 -0.0017570844327582666 0.0012031300380011471 0.00200590732016376 0.0010012323572447066 0.0031533587225156335 0.00053305915148163172 0.0040681068640408598 0.00048988976724467879 0.0036199293458782133 -0.00022237866111092121 -0.00023157208853728475 -0.0010911004088304185 -0.010077557072736807 -0.0049048378872064554 0.0012179381142198695 -9.2269353991446433e-05 0.0013959447891037468 -0.0032025174270388641 0.012858063139857512 -4.749443810647085e-05 -0.00026772192063383664 -0.0051707760659926993 -0.080261380754589717 -0.0020395452601695632
leaf_weight=20 36 26 20 20 20 28 20 27 33 23 94 37 23 58 26 27 31 31 20 20 20 20 73 63 60
leaf_count=20 36 26 20 20 20 28 20 27 33 23 94 37 23 58 26 27 31 31 20 20 20 20 73 63 60
internal_value=0.000479451 0.000989911 0.00262004 0.00208061 0.00393536 0.0075 0.00509615 0.0109574 0.00034351 -0.000408164 -0.002 0.000263157 0.00478261 -0.00193878 -0.00149682 0.00254717 -0.00231801 -0.00117835 -0.00261905 0.000434781 -0.00412281 -0.00371795 -0.00403846 -0.00439759 -0.004375
internal_weight=876 793 479 459 263 132 104 47 131 196 150 57 46 98 314 53 261 157 126 46 114 78 104 83 80
internal_count=876 793 479 459 263 132 104 47 131 196 150 57 46 98 314 53 261 157 126 46 114 78 104 83 80
is_linear=0
shrinkage=0.05


Tree=326
num_leaves=26
num_cat=0
split_feature=6 16 2 33 9 42 2 19 35 6 6 46 16 37 44 37 37 37 2 8 38 34 2 2 2
split_gain=0.934663 1.20717 0.820143 1.30298 1.12417 1.42152 1.16588 1.22605 1.39435 0.990456 1 1.61333 0.741379 0.720619 1.29711 0.650979 1.04844 0.631823 0.282656 0.231724 0.197579 0.381365 0.0379518 0.0375 0.0282609
threshold=-1.0785198287050031 0.49115303801866045 -0.48274324806169749 0.052265316781967358 0.051463801505780955 -0.010087761754891697 0.11643497588915303 -0.6133503958973926 -0.78261699136790541 0.097873786150819 0.53357512498630888 0.30446485255962058 -0.089910102775274323 -0.96603665422616591 -0.88560361672838661 0.22207107137027524 0.61810697990242236 -0.72497131859790243 -0.22595258065419013 0.37696735573164758 -0.4639795484449965 -0.066391366535159521 -1.0207808369155222 0.88680697811167519 -0.80067455056623038
decision_type=2 2 2 2 2 2 2 2 2 2 2 2 2 2 2 2 2 2 2 2 2 2 2 2 2
left_child=22 2 13 4 6 -6 7 -4 -9 18 11 -11 -8 14 -2 20 -17 -3 -5 -12 -15 -22 -1 -20 -23
right_child=1 17 3 9 5 -7 12 8 -10 10 19 -13 -14 15 -16 16 -18 -19 23 -21 21 24 -24 -25 -26
leaf_value=-0.047773484731764182 0.0014773876260670024 0.0015342100953150101 -0.0001166019840927334 0.0013072875475871569 0.00068362408537056053 0.0012493170031574546 -0.027304834209173748 7.9099658433065689e-05 0.0030519350221220615 0.0020479716907015233 -0.0050283923227575876 2.3073484996331145e-05 0.0015861536427647681 -0.00052782037701181578 -0.00015363704579226899 0.00097745977894996895 -0.004678249462979879 -0.0023747684954041727 -0.0011160807161033658 0.00010340474471357813 0.00057115217506924763 -0.00039560097289691458 -0.076248311716860098 -0.023213921018583439 -0.0064234965496494309
leaf_weight=20 20 21 31 21 34 25 43 21 34 20 21 30 29 79 29 26 30 102 60 29 22 20 63 20 26
leaf_count=20 20 21 31 21 34 25 43 21 34 20 21 30 29 79 29 26 30 102 60 29 22 20 63 20 26
internal_value=0.000650684 0.00117907 0.00201492 0.0033732 0.00605991 0.0119492 0.00386076 0.0077907 0.0122727 0.000472636 0.004 0.009 -0.000833335 -0.000238096 0.00520408 -0.00155173 0.00303571 -0.00337398 -0.0030198 -0.001 -0.00329932 -0.00132353 -0.00439759 -0.004375 -0.00391304
internal_weight=876 793 670 418 217 59 158 86 55 201 100 50 72 252 49 203 56 123 101 50 147 68 83 80 46
internal_count=876 793 670 418 217 59 158 86 55 201 100 50 72 252 49 203 56 123 101 50 147 68 83 80 46
is_linear=0
shrinkage=0.05


Tree=327
num_leaves=26
num_cat=0
split_feature=6 6 2 15 2 9 39 11 12 38 47 46 17 16 41 16 44 17 42 40 2 2 8 16 5
split_gain=0.86438 1.57862 1.33407 1.6835 0.793018 0.825551 0.775434 0.769689 0.723627 1.06811 1.30479 0.898307 0.755032 0.647239 0.53973 0.527473 0.526581 0.350437 0.27 0.225 0.225 0.166387 0.150996 0.557576 0.0361111
threshold=0.79499592828760257 0.44643485721921083 1.3147914237908542 0.26952030245539771 -0.60502451825574854 -0.36828932556648614 -0.79536096373378262 -0.42981224328181145 -0.39206532149820422 0.4276762410687398 0.6850046860900979 0.80688608624986724 0.65527704265362241 -0.14687707736291497 -0.31094479555273302 -0.24941763162066818 -0.34744979910077395 0.88251439077840321 0.47377733208436801 0.88232969124703942 0.6544725647429781 -0.45828699402288725 -0.29407598315697264 -0.39753176554853381 -0.55782514526120053
decision_type=2 2 2 2 2 2 2 2 2 2 2 2 2 2 2 2 2 2 2 2 2 2 2 2 2
left_child=1 4 3 -3 6 14 7 -1 11 10 12 15 13 -10 16 -7 -6 21 22 -11 -19 -2 -8 -24 -16
right_child=17 2 -4 -5 5 8 18 -9 9 19 -12 -13 -14 -15 24 -17 -18 20 -20 -21 -22 -23 23 -25 -26
leaf_value=0.0037040215106295587 0.010403580436911565 0.0023634724629885968 -0.0052395572971570313 0.00013873891625845844 -0.00091397240752439019 0.00069099231349141412 -0.0053616993147831997 -0.0013430075886826237 0.0010823621240218094 -0.0003264154549276544 0.0022618257700110942 0.001275861809481836 0.0013394954078812301 -0.00042363075117521771 -0.0023408882991919761 -0.0054403832536872414 0.0046594901513562223 9.3135416954937816e-05 0.00023682732354658918 6.8442180134306647e-05 -0.0021233595650242548 -0.0026001205067309185 0.00483497245924994 -0.00023673883852894751 -0.017135468081313422
leaf_weight=28 20 27 22 33 32 39 109 24 33 20 26 20 22 28 20 52 23 20 21 20 20 99 20 46 52
leaf_count=28 20 27 22 33 32 39 109 24 33 20 26 20 22 28 20 52 23 20 21 20 20 99 20 46 52
internal_value=0.000536528 0.00127615 0.00780488 0.0116667 0.00043307 0.00184754 -0.00177419 0.00365384 0.00346154 0.00573825 0.00830275 0.000405404 0.00524096 0.00237705 -0.00145669 -0.0017033 0.00227273 -0.00279874 -0.00321429 -0.00125 0.00125 -0.00415967 -0.00385714 -0.0019697 -0.00430556
internal_weight=876 717 82 60 635 387 248 52 260 149 109 111 83 61 127 91 55 159 196 40 40 119 175 66 72
internal_count=876 717 82 60 635 387 248 52 260 149 109 111 83 61 127 91 55 159 196 40 40 119 175 66 72
is_linear=0
shrinkage=0.05


Tree=328
num_leaves=25
num_cat=0
split_feature=5 6 33 7 42 10 2 8 7 8 15 13 19 46 46 7 36 34 8 37 8 42 2 5
split_gain=1.25129 1.3098 1.11288 1.38958 1.88992 1.14832 1.045 1.46782 0.822647 0.734694 0.92619 0.637424 0.613957 0.608768 0.574449 0.472773 0.337091 0.372011 0.432143 0.271154 0.240698 0.132265 0.0394737 0.034375
threshold=0.93277011972782053 -0.86066915928725829 0.052265316781967358 -0.1102272586824143 -0.94021698099600448 0.54798206627589441 -0.16481194555716455 0.067255045475361264 -0.5140458955044519 -0.29407598315697264 -0.84686008866748941 0.39896359577249502 1.0000000180025095e-35 -0.71263179125234188 -0.038652087521523472 -0.58134900164145809 1.0217891271992166 -0.39047336764349688 -0.087601109652781853 -0.44946807787988713 -0.65540701178930649 0.99722239269984569 0.72784132685940872 -0.75140894590912533
decision_type=2 2 2 2 2 2 2 2 2 2 2 2 2 2 2 2 2 2 2 2 2 2 2 2
left_child=1 12 3 9 -5 6 7 -6 -4 10 -3 -7 -1 -14 23 -12 17 18 -10 -2 -17 22 -19 -11
right_child=19 2 8 4 5 11 -8 -9 16 14 15 -13 13 -15 -16 20 -18 21 -20 -21 -22 -23 -24 -25
leaf_value=-0.041208387569530339 -0.0022833858336122675 0.0014085254588113373 0.0012827309296241168 -0.0012037737400763032 0.00096846281579434648 0.0018437336746633807 0.0022851334273655227 -4.4195685843545713e-05 -0.0001813778787124869 -0.00023720517218542595 0.0011013225932529132 -0.0025053859603813879 -0.024412459958857817 0.0053671586770155889 0.00031754174073278854 -0.00071999308127849017 0.00050489254365957976 -0.0026116353288478684 0.00016920246761100433 -0.0051826878090586838 0.00016706470033237269 0.00013463554921347624 -0.036626475120555994 -0.0067336469725259923
leaf_weight=91 26 25 38 31 24 27 38 26 24 20 30 26 23 39 34 23 37 75 21 94 20 20 20 44
leaf_count=91 26 25 38 31 24 27 38 26 24 20 30 26 23 39 34 23 37 75 21 94 20 20 20 44
internal_value=0.000993149 0.00174603 0.00279436 0.00451087 0.0077907 0.0102482 0.01375 0.009 0.000106382 0.00163265 0.00469388 0.00443396 -0.00238562 0.00145161 -0.00142857 0.00184931 -0.00119289 -0.0021875 0.00166667 -0.00375 -0.00151163 -0.00369565 -0.00447369 -0.00421875
internal_weight=876 756 603 368 172 141 88 50 235 196 98 53 153 62 98 73 197 160 45 120 43 115 95 64
internal_count=876 756 603 368 172 141 88 50 235 196 98 53 153 62 98 73 197 160 45 120 43 115 95 64
is_linear=0
shrinkage=0.05


Tree=329
num_leaves=27
num_cat=0
split_feature=5 30 47 42 34 43 37 42 38 15 31 11 17 36 41 47 36 39 45 35 48 39 38 2 2 2
split_gain=1.10833 1.30185 0.758448 1.28002 1.27004 0.882168 0.739611 0.876812 0.868274 0.75724 0.721661 0.952381 0.938706 0.730122 0.681119 0.501577 0.555488 0.484848 0.380952 0.369398 0.143257 0.142283 0.139194 0.111111 0.0415254 0.0318182
threshold=0.46816899817280094 -1.1036836210495513 0.6850046860900979 0.47377733208436801 -0.33930252536323308 -0.21949421761451857 -0.98325560677104185 -1.3538276338074782 -0.82750075493905784 -1.0701361668920668 1.0000000180025095e-35 -0.42981224328181145 -0.4809096979702821 -0.11101603326919597 -0.29178332393895906 1.0000000180025095e-35 1.1076076999619751 0.99987704545654033 -0.089186875662667059 -0.49180849184321934 1.1380916721822807 -0.89325312051824035 -1.2596108683187912 0.11643497588915303 1.7060914884118179 0.87457885109227018
decision_type=2 2 2 2 2 2 2 2 2 2 2 2 2 2 2 2 2 2 2 2 2 2 2 2 2 2
left_child=1 21 6 4 5 -4 7 -3 22 -10 13 -12 -13 14 -11 16 17 25 -6 -9 24 -1 -8 -14 -17 -2
right_child=15 2 3 -5 18 -7 8 19 9 10 11 12 23 -15 -16 20 -18 -19 -20 -21 -22 -23 -24 -25 -26 -27
leaf_value=-0.02283274708850562 -0.00024809190040981581 0.0033993662871059562 0.0017545573042018672 0.0012537400699458659 -0.0011363002388902223 8.9796473327630365e-05 -0.0005813279151435591 -0.00022534491357554002 0.0018245135619307216 0.0015506345455930208 0.0010788632829562053 0.0010862623427554559 -6.7342072339441479e-06 -0.0042785130930709236 -0.00079752788062137164 -0.0045809775264827133 0.00020027753030870361 0.011670490647652477 0.00049674950099626639 0.00061001142600212706 -0.00034773999214245431 -0.066711803816280932 -0.0022057774367698671 -0.0016438071826247902 -0.088853349394465889 -0.0017880362257414507
leaf_weight=21 35 23 30 26 32 22 21 20 26 37 21 39 20 62 38 98 31 20 24 26 20 62 57 25 20 20
leaf_count=21 35 23 30 26 32 22 21 20 26 37 21 39 20 62 38 98 31 20 24 26 20 62 57 25 20 20
internal_value=0.000936072 0.00204114 0.0029235 0.00619403 0.0037963 0.00942308 0.00186747 0.0065942 0.000924854 0.00227612 0.00140496 0.00452381 0.00214286 -0.000985403 0.00233333 -0.00192623 0.000660376 -0.00166667 -0.00142857 0.00260869 -0.00391304 -0.00379518 -0.00371795 -0.00277778 -0.00457627 -0.00409091
internal_weight=876 632 549 134 108 52 415 69 346 268 242 105 84 137 75 244 106 75 56 46 138 83 78 45 118 55
internal_count=876 632 549 134 108 52 415 69 346 268 242 105 84 137 75 244 106 75 56 46 138 83 78 45 118 55
is_linear=0
shrinkage=0.05


Tree=330
num_leaves=25
num_cat=0
split_feature=37 41 38 0 38 13 46 15 37 40 37 7 15 46 46 37 40 5 2 16 6 0 2 2
split_gain=0.900293 1.11349 1.7 1.54462 0.642724 1.36853 1.46135 1.01167 1.74311 0.424466 0.415318 0.619861 0.386847 0.347262 0.578246 0.442335 0.301299 0.660423 0.316092 0.167521 0.403206 0.148506 0.14118 0.0411504
threshold=-1.3620725627583128 -0.81929794692487645 -0.82750075493905784 -1.0000000180025095e-35 0.3865228969373366 0.19893427236597411 -0.52881914478030045 0.71607245890455262 -0.018994264257988242 -0.29580127079908908 -0.4839059829696391 0.22628827200261711 -0.17703185399375715 0.53729420475753975 0.89266532127015319 1.1691134613384533 -0.64322091216159705 -0.67397542564995538 -0.65393702633336903 0.13795779557528834 0.70785566052050475 1.0000000180025095e-35 0.93571948618929568 -0.874043312682661
decision_type=2 2 2 2 2 2 2 2 2 2 2 2 2 2 2 2 2 2 2 2 2 2 2 2
left_child=-1 2 -2 -4 5 13 9 8 12 -7 11 -6 -8 15 -15 16 17 18 -3 -12 -21 -22 23 -18
right_child=1 4 3 -5 10 6 7 -9 -10 -11 19 -13 -14 14 -16 -17 22 -19 -20 20 21 -23 -24 -25
leaf_value=0.0017043230195025239 -0.014281352212646896 -0.00079103687506855338 0.0026053287312357253 0.00037793669019773799 -0.072698347701909069 -0.0072282100740826199 0.00022394542224558591 0.0031528361863857463 0.0021919254807998066 0.00081052210900446489 -0.0035100826967104991 0.00012866554159130338 -0.00027421757203583639 0.0016199877811637437 -0.00035385888938135451 0.00012624713531187814 -0.0053283506874848442 0.00797002794223544 0.0011600356275538607 0.0001878636332408129 -0.0017112286917261564 -0.00037376256748305006 6.4659025722440391e-05 -0.00091343780116148016
leaf_weight=37 30 55 20 31 20 36 22 25 34 23 78 31 25 21 38 26 20 33 32 22 58 37 20 93
leaf_count=37 30 55 20 31 20 36 22 25 34 23 78 31 25 21 38 26 20 33 32 22 58 37 20 93
internal_value=0.000882352 0.000542167 0.00611111 0.0116667 -6.00813e-05 0.000964214 0.00469697 0.00820755 0.00549383 -0.00161017 -0.00215447 0.00186274 -0.000744682 -0.000857989 0.00262712 -0.00159498 -0.0022332 -0.000416668 -0.00270115 -0.00320513 -0.00200855 -0.00342105 -0.00387218 -0.00455752
internal_weight=867 830 81 51 749 503 165 106 81 59 246 51 47 338 59 279 253 120 87 195 117 95 133 113
internal_count=867 830 81 51 749 503 165 106 81 59 246 51 47 338 59 279 253 120 87 195 117 95 133 113
is_linear=0
shrinkage=0.05


Tree=331
num_leaves=27
num_cat=0
split_feature=6 37 41 0 44 44 33 41 41 16 15 37 17 34 41 46 15 12 37 37 7 42 38 33 44 5
split_gain=0.704801 0.970457 1.17734 0.922095 0.771676 0.705218 1.12737 1.17279 1.68947 0.671188 0.886559 1.07485 0.913303 0.62487 0.46028 0.360271 0.639191 0.265996 0.242273 0.592885 0.178241 0.39375 0.11 0.106977 0.0410714 0.033871
threshold=-1.2963704981227477 -1.3620725627583128 -0.87927590280129342 -1.0000000180025095e-35 -1.2769882113666502 -0.4819882535076771 -1.0391602206858293 -0.029545840027547714 -0.074295523717731557 -0.23802423670314002 1.0000000180025095e-35 0.34260373918440695 -0.14005367578311081 -0.68044147389832499 -0.18760668801150418 -0.81066520270409737 -0.6235840104429119 0.38921393734185333 -0.19118378970674779 0.29094688154977905 0.56280380268764862 1.0744033279134697 0.18075617628032056 0.49565694137825983 -1.0812959140475182 -0.42231648480765321
decision_type=2 2 2 2 2 2 2 2 2 2 2 2 2 2 2 2 2 2 2 2 2 2 2 2 2 2
left_child=-1 -2 3 -3 -4 14 -7 8 9 18 11 12 -11 -9 24 -16 -17 -12 -8 -20 21 22 -15 -19 -6 -18
right_child=1 2 4 -5 5 6 7 13 -10 10 17 -13 -14 20 15 16 25 23 19 -21 -22 -23 -24 -25 -26 -27
leaf_value=-0.2776217516057915 0.0018630938513608535 0.0037589050353017735 0.0013500880876494963 0.00028384705388957579 -0.00045595421465594493 0.0015413096905886635 -0.0047729067959014302 0.0030475871275669158 0.013219824825368966 -0.00036852358764256205 0.00046017862724634183 0.0014356087023998834 0.0017715838002113462 -0.00060866704965174476 0.08435038723187184 0.00016184305565146713 -0.00010737505110651348 -0.042031958147456389 0.0056448788387819127 -0.028563529777118714 -0.001601237189169311 4.4634731143852296e-05 -0.0031360339709319753 -0.00026563299633561093 -0.000552505521331196 -0.0046212731979310504
leaf_weight=49 30 25 20 29 20 24 37 24 21 25 37 20 26 25 24 24 20 23 22 24 77 32 55 20 92 42
leaf_count=49 30 25 20 29 20 24 37 24 21 25 37 20 26 25 24 24 20 23 22 24 77 32 55 20 92 42
internal_value=0.000824682 0.00117359 0.000837562 0.00796296 0.00031335 4.20156e-05 0.00109756 0.000555554 0.00284314 0.00162393 0.00360927 0.00767606 0.00382353 -0.0021831 -0.0022973 -1.19209e-09 -0.00151163 -1.19209e-09 -0.00198795 0.000434781 -0.00314815 -0.001875 -0.00375 -0.00267442 -0.00455357 -0.00419355
internal_weight=867 818 788 54 734 714 492 468 255 234 151 71 51 213 222 110 86 80 83 46 189 112 80 43 112 62
internal_count=867 818 788 54 734 714 492 468 255 234 151 71 51 213 222 110 86 80 83 46 189 112 80 43 112 62
is_linear=0
shrinkage=0.05


Tree=332
num_leaves=27
num_cat=0
split_feature=6 37 41 0 37 11 9 44 44 38 11 36 46 44 34 36 36 33 36 34 37 11 17 8 0 37
split_gain=0.690913 0.983944 1.02463 1.02497 1.02083 0.542683 1.10494 0.612244 0.693181 0.700312 0.673594 0.77983 1.183 0.756642 0.916667 0.86058 0.644128 0.474534 0.377295 0.294243 0.285415 0.252976 0.245354 0.243763 0.132171 0.0874401
threshold=-1.2963704981227477 -1.3620725627583128 -0.81929794692487645 0.74914607737310757 -0.26005959988625166 1.1801474923192325 0.051463801505780955 -1.2280651370368674 -0.4819882535076771 0.46197069451157563 -0.75180419040202018 1.1590988436196301 0.9539362034275003 -0.029449815957184683 -0.032277471681650335 0.40389540330735513 -0.23116203513705788 0.20574703298837629 1.0217891271992166 0.12123505515914106 1.1691134613384533 0.53616359807881486 0.087183672341670057 -0.24245726478092497 1.2485767956218459 -0.82828503386715824
decision_type=2 2 2 2 2 2 2 2 2 2 2 2 2 2 2 2 2 2 2 2 2 2 2 2 2 2
left_child=-1 -2 3 4 -3 7 -7 -4 20 10 23 12 13 14 16 19 -12 -8 21 -15 24 -11 -19 -10 25 -9
right_child=1 2 5 -5 -6 6 17 8 9 18 11 -13 -14 15 -16 -17 -18 22 -20 -21 -22 -23 -24 -25 -26 -27
leaf_value=-0.26374066402550261 0.0017699391587923778 0.0013639817375363638 0.0010666735722021773 -0.0004720834456424653 0.0040075562525665742 0.0020806052439965349 -0.010162596245483664 -0.00026645842258750732 -0.0096205632929615686 -0.0019736463814256696 0.010670808376910507 -0.010476247644603868 0.0048019887110718118 -0.0005111149658483154 0.0015388972887062072 0.0012265475434942834 -0.00043163001238307526 0.11006334760237269 3.6855435732435158e-05 2.7764213153294646e-06 2.4792020514897855e-05 2.2131501483720691e-05 -0.00021332633118444609 1.1328833792522917e-05 0.00026725736437968676 -0.00071050833563499321
leaf_weight=49 30 24 24 21 24 30 27 35 38 85 21 24 22 46 22 22 23 20 34 21 20 27 21 23 20 114
leaf_count=49 30 24 24 21 24 30 27 35 38 85 21 24 22 46 22 22 23 20 34 21 20 27 21 23 20 114
internal_value=0.000767011 0.00111247 0.00077411 0.0065942 0.010625 0.000215576 0.00367347 -0.000330114 -0.000644892 0.000514705 0.00206107 0.00345771 0.00460452 0.00306451 0.00712121 5.61786e-05 0.00295454 0.000147058 -0.00226028 -0.0027612 -0.00314815 -0.00366072 0.00353658 -0.00254098 -0.00381657 -0.00432886
internal_weight=867 818 788 69 48 719 98 621 597 408 262 201 177 155 66 89 44 68 146 67 189 112 41 61 169 149
internal_count=867 818 788 69 48 719 98 621 597 408 262 201 177 155 66 89 44 68 146 67 189 112 41 61 169 149
is_linear=0
shrinkage=0.05


Tree=333
num_leaves=24
num_cat=0
split_feature=37 42 15 16 3 43 46 16 44 34 46 13 35 44 43 9 18 36 40 15 4 39 39
split_gain=0.690575 0.607356 0.955143 0.948148 0.934444 0.749835 0.817374 0.931218 1.01111 0.981181 0.583426 1.06765 0.561081 0.57303 0.559441 0.538137 0.44695 0.403559 0.655266 0.227647 0.189722 0.163636 0.152941
threshold=-1.3620725627583128 -1.191549770024986 -1.0701361668920668 -0.53425250455887141 1.0000000180025095e-35 -0.26727840374159612 -0.050906263952992907 -0.23802423670314002 0.60043476603877111 0.41120316141396929 -0.82291937913556679 1.0000000180025095e-35 -1.022106343917647 -0.93452669105816943 -0.33627625109211673 0.051463801505780955 -1.1661101447046642 0.79866083801604437 0.70174027370712155 1.0000000180025095e-35 -0.39917529782358513 -1.0136988246398522 -0.77749376957443761
decision_type=2 2 2 2 2 2 2 2 2 2 2 2 2 2 2 2 2 2 2 2 2 2 2
left_child=-1 22 3 -3 -5 6 12 -8 9 15 11 -7 -4 -14 21 -9 -12 20 -19 -20 -18 -15 -2
right_child=1 2 5 4 -6 10 7 8 -10 -11 16 -13 13 14 -16 -17 17 18 19 -21 -22 -23 -24
leaf_value=0.0014374552180182855 0.00048545695837788827 -0.0006293042729805607 0.0092899904622774695 3.6933221146022264e-05 0.00139752804207339 -0.0012230599065457877 -0.0023949330079406726 0.00057998029924456425 0.0014385555953948222 -0.00023909944622602883 0.00013665452988012296 0.10456018022225454 0.0010518000588985554 8.3296695368927444e-06 0.0016280963912217998 0.00029134398490553566 -0.00012646239976502104 0.0010036224013639584 -8.3657434551948748e-05 -0.022181953791488761 -0.0027265756882796878 -0.0022153169003794148 -0.0079159445406076136
leaf_weight=37 20 27 20 20 25 34 35 25 30 21 29 20 23 20 20 21 38 26 25 43 153 90 65
leaf_count=37 20 27 20 20 25 34 35 25 30 21 29 20 23 20 20 21 38 26 25 43 153 90 65
internal_value=0.000478661 0.000180722 0.000637583 0.00611111 0.0105556 5.20048e-05 0.00188524 0.00484848 0.00737113 0.00395522 -0.00146739 0.00333333 -0.000375724 -0.00140523 -0.00269231 0.00804348 -0.00229299 -0.00289474 -0.000212767 -0.00279412 -0.00421466 -0.00409091 -0.00382353
internal_weight=867 830 745 72 45 673 305 132 97 67 368 54 173 153 130 46 314 285 94 68 191 110 85
internal_count=867 830 745 72 45 673 305 132 97 67 368 54 173 153 130 46 314 285 94 68 191 110 85
is_linear=0
shrinkage=0.05


Tree=334
num_leaves=24
num_cat=0
split_feature=35 47 35 34 2 45 45 6 39 39 38 33 44 0 42 42 7 13 18 9 41 0 2
split_gain=1.04498 0.691226 0.932674 0.759033 0.810177 0.778196 1.06 1.30174 0.739884 0.80471 0.625 0.586097 0.923706 0.553175 0.522308 0.745898 0.478604 0.32 0.845217 0.215719 0.153439 0.131034 0.0422481
threshold=-1.4326595197172038 1.0000000180025095e-35 1.3385744169298059 0.75234210994906137 -0.67839328037217916 -0.87264638805867478 -0.40746730257354519 0.22858418780146592 0.32754710549827271 0.23541246728216239 1.627982111568 -0.81746440838768308 -1.0201420711352895 1.2485767956218459 0.13833711365592394 0.40451239022598723 -0.042924152545408031 0.59899291917901587 -0.58622960087693643 -0.47322760733455299 -0.79589248128362999 -0.74914607737310734 -0.80067455056623038
decision_type=2 2 2 2 2 2 2 2 2 2 2 2 2 2 2 2 2 2 2 2 2 2 2
left_child=-1 2 3 4 19 -6 -7 16 9 11 -4 -3 -13 14 20 -16 21 18 -17 -2 -14 -8 -10
right_child=1 8 10 -5 5 6 7 -9 22 -11 -12 12 13 -15 15 17 -18 -19 -20 -21 -22 -23 -24
leaf_value=0.010571710210710298 -3.9501324313222253e-05 -0.00043017628624018888 0.00059753495835354207 -0.0008624983402842261 -0.030720350866257837 0.0035106007433910198 -4.3707758191446035e-05 0.0012833222456972262 -0.00055587757575397887 0.0066694170999339695 0.01998042030627576 0.0017677387587868494 -0.00049831603789583236 0.0038576939840129897 0.00032219536319205434 -0.003023644634575948 0.0025648345734190481 -0.0018471774828630106 0.0021299239745268517 -0.00091745701110337624 -0.0017729451590144524 -0.015292286368194713 -0.011898751259982856
leaf_weight=27 26 67 20 50 23 34 20 35 20 21 20 24 21 34 33 27 25 40 23 43 87 38 109
leaf_count=27 26 67 20 50 23 34 20 35 20 21 20 24 21 34 33 27 25 40 23 43 87 38 109
internal_value=0.00013264 -0.000178573 0.00158683 0.000612244 0.00176229 0.00357143 0.00486842 0.00262712 -0.00134387 -0.000225465 0.00875 -0.000786518 0.00019031 -0.000660379 -0.0015368 0.000691056 -0.000783134 -0.00166667 0.000999999 -0.00282609 -0.00407408 -0.00327586 -0.0046124
internal_weight=867 840 334 294 244 175 152 118 506 377 40 356 289 265 231 123 83 90 50 69 108 58 129
internal_count=867 840 334 294 244 175 152 118 506 377 40 356 289 265 231 123 83 90 50 69 108 58 129
is_linear=0
shrinkage=0.05


Tree=335
num_leaves=27
num_cat=0
split_feature=6 37 41 0 6 5 20 15 8 14 41 34 47 36 7 7 15 18 17 2 35 8 43 46 2 2
split_gain=0.728839 1.02944 0.789616 2.04831 0.586506 0.868732 1.24373 0.802282 1.1782 0.876556 0.859649 0.758698 1 0.484848 0.341576 0.32888 0.568456 0.601186 0.4703 0.294125 0.361635 0.217602 0.14881 0.0429577 0.0318182 0.0318182
threshold=-1.2963704981227477 -1.3620725627583128 -0.81929794692487645 -1.0000000180025095e-35 -0.25068728491757275 0.87469497953344311 1.3280285825846474 1.0000000180025095e-35 0.17049248222745669 1.0000000180025095e-35 -0.45454778023684222 -0.85101094816587097 1.0000000180025095e-35 0.28374940143949318 1.9088659254277742 0.63010690882465481 0.71607245890455262 -0.58622960087693643 -0.4809096979702821 -0.75176204248860989 -0.4575957271932562 -0.19083854640487727 -0.11755218364385044 1.2970531435086445 0.23871624608320416 -0.15258381853775946
decision_type=2 2 2 2 2 2 2 2 2 2 2 2 2 2 2 2 2 2 2 2 2 2 2 2 2 2
left_child=-1 -2 3 -3 11 6 7 8 10 -10 -6 12 -4 24 22 16 18 -18 -9 20 -13 -5 -7 -21 -12 -17
right_child=1 2 4 21 5 14 -8 15 9 -11 13 19 -14 -15 -16 25 17 -19 -20 23 -22 -23 -24 -25 -26 -27
leaf_value=-0.25992376439282799 0.0010264726327760775 0.0041449930028842437 0.0067985836225137155 0.0033145176215242916 0.0015056156406445611 -6.2246485091192215e-08 0.0025513541553366693 0.00032238106503584965 0.0018455684733633959 0.00033224599554681252 -0.00017517930383836874 -0.0017030727436212441 -0.003527279619689145 0.00053126106679920462 0.035596824014038742 -0.0035762109483046447 0.00097900722427662814 -2.9317414196637198e-05 -0.0036664251644122924 -0.036487996750977164 0.0017132211897759092 -0.00073956180557764443 -0.003683125912155544 -0.024510036274019424 -0.015844605565382766 -0.0012754291214892557
leaf_weight=56 35 37 32 22 20 21 29 23 22 31 35 23 32 20 27 20 22 23 48 122 30 25 75 20 20 35
leaf_count=56 35 37 32 22 20 21 29 23 22 31 35 23 32 20 27 20 22 23 48 122 30 25 75 20 20 35
internal_value=0.000524861 0.00088928 0.000528254 0.00511905 -1.19209e-09 0.00105095 0.00232759 0.00142633 0.00412162 0.0100943 0.000789472 -0.0019112 0.0028125 -0.00166667 -0.00256098 -0.000906434 0.000603447 0.005 -0.0021831 -0.00346154 -0.00028302 -0.00180851 -0.00395833 -0.00464789 -0.00409091 -0.00409091
internal_weight=905 849 814 84 730 471 348 319 148 53 95 259 64 75 123 171 116 45 71 195 53 47 96 142 55 55
internal_count=905 849 814 84 730 471 348 319 148 53 95 259 64 75 123 171 116 45 71 195 53 47 96 142 55 55
is_linear=0
shrinkage=0.05


Tree=336
num_leaves=29
num_cat=0
split_feature=6 7 37 16 7 5 33 33 11 43 49 41 43 36 0 46 42 48 36 36 33 0 38 3 42 5 5 16
split_gain=0.818924 1.64853 0.927462 0.678648 1.14456 0.885119 0.883551 1.12049 0.888467 1.16716 0.731153 1.18248 0.676873 0.625 0.574555 0.560818 0.543254 0.454887 0.367502 1.15212 0.321429 0.275566 0.347826 0.124514 0.121569 0.042 0.0396907 0.0352941
threshold=-1.2963704981227477 -1.1197738507375083 -1.3620725627583128 -0.20384405195055563 0.7647131210986674 0.93277011972782053 -0.56166154804366819 -0.40817983183725931 0.21417165095860605 -0.52751619367562053 0.68465394586442807 -0.36225358769765542 -0.6420919752876082 0.28374940143949318 1.0000000180025095e-35 -0.65136090909499478 -0.75617013548659284 0.6850046860900979 -0.36847175155747142 -0.66025489895085032 0.63208513356173446 1.0000000180025095e-35 -0.6834640504791466 0.6850046860900979 1.2079857157832039 -0.98370950668663515 1.7361428924167088 -0.35195818587842131
decision_type=2 2 2 2 2 2 2 2 2 2 2 2 2 2 2 2 2 2 2 2 2 2 2 2 2 2 2 2
left_child=-1 16 -3 12 5 6 21 -8 9 -9 11 -10 14 -13 -4 -6 -2 20 19 27 -11 22 -5 26 -7 -20 -17 -14
right_child=1 2 3 4 15 24 7 8 10 17 -12 13 18 -15 -16 23 -18 -19 25 -21 -22 -23 -24 -25 -26 -27 -28 -29
leaf_value=-0.24692757617318681 0.01198450079793657 0.00092943216152291939 0.0061648726718733469 0.0001079393426330962 0.035271313341236309 -0.001396844826023843 0.0021780751729539765 0.00036426107325211108 -2.2034046778277723e-05 -0.00073504116939639586 2.806909105427611e-05 0.001597228563010245 -0.045798088291762171 0.0019977186776255077 -0.00025545454562466466 -0.0018351781911966189 0.0015843149349714183 0.00044265780453749386 -0.02144700048326869 0.001763356040083406 0.00055592517322517073 -0.0010054658607588939 -7.5165684837791988e-05 -0.00026080286262145124 -0.0011844291000870097 -0.0032708989218345344 -0.0011429002319713836 -0.0094295982882861076
leaf_weight=56 21 32 25 23 27 20 24 20 22 50 25 20 48 20 28 77 24 25 20 33 20 25 23 21 31 105 20 20
leaf_count=56 21 32 25 23 27 20 24 20 22 50 25 20 48 20 28 77 24 25 20 33 20 25 23 21 31 105 20 20
internal_value=0.000856352 0.00124264 0.000721392 0.000375646 0.00149087 0.00304598 0.00409091 0.00561947 0.00440594 0.00152174 0.00821839 0.011129 -0.00159498 0.01625 0.00349056 -0.00224138 0.0105556 -0.000789475 -0.00278761 -0.000544556 -0.00285714 -0.000774649 0.00152174 -0.00372881 -0.00303922 -0.0046 -0.00448454 -0.00426471
internal_weight=905 849 804 772 493 348 297 226 202 115 87 62 279 40 53 145 45 95 226 101 70 71 46 118 51 125 97 68
internal_count=905 849 804 772 493 348 297 226 202 115 87 62 279 40 53 145 45 95 226 101 70 71 46 118 51 125 97 68
is_linear=0
shrinkage=0.05


Tree=337
num_leaves=28
num_cat=0
split_feature=6 37 41 37 5 11 41 41 46 37 44 16 45 37 37 39 13 35 18 6 41 41 36 5 5 5 5
split_gain=0.743489 1.01505 0.87757 0.652901 0.897318 0.747287 1.92358 1.81822 1.47486 0.947556 1.00595 0.473953 0.570055 0.622386 0.957635 0.48593 0.471232 0.532609 0.543478 0.371389 0.262998 0.811404 0.230481 0.121569 0.113043 0.0428571 0.0368421
threshold=-1.2963704981227477 -1.3620725627583128 -1.0176878601758312 -0.070651121892616103 0.93277011972782053 0.53616359807881486 -0.38104146900681118 -0.33176793971902535 0.12065220608757911 0.1531952611907714 0.15401171277950146 -0.10130349769280246 1.1104855026937202 -0.57000074569401882 -0.8627229389569101 -0.91588587340906769 1.0000000180025095e-35 0.038489360231208476 -0.58622960087693643 0.097873786150819 -0.53950635425386351 -0.68236087858218153 0.54120511972776886 0.54560251843197094 -0.59654190539078544 0.11971815700653625 0.41009385797842351
decision_type=2 2 2 2 2 2 2 2 2 2 2 2 2 2 2 2 2 2 2 2 2 2 2 2 2 2 2
left_child=-1 -2 -3 11 5 6 9 -7 -9 -5 -11 15 13 14 -13 -4 17 24 -19 -15 21 -17 -6 -21 -8 -22 -18
right_child=1 2 3 4 22 7 16 8 -10 10 -12 12 -14 19 -16 20 26 18 -20 23 25 -23 -24 -25 -26 -27 -28
leaf_value=-0.23458119736452721 0.0009286773930610513 0.0034175749785817252 0.0051059236442888229 0.0016099442082721759 -1.5872182104319535e-05 -0.0044240525184693858 0.0020869880823877278 0.00033017724320423656 0.0022664399545053011 0.0018527470894683933 -0.005705526496261307 6.1238045004284938e-05 -0.0012680234939540895 0.00020543203281648986 0.0022367074215917321 -0.0069708645159278181 -0.001170386552254176 0.0015566561587955024 -0.008559725955660338 -0.0004311818589205318 -0.0028433625159525458 0.0017554554236612022 -0.0016404497786806716 -3.0649401180820786e-05 -0.0040462823971733645 -0.073192718532664916 -0.00068992820118007187
leaf_weight=56 35 23 21 20 39 22 20 31 25 32 24 30 33 20 28 37 56 23 23 31 120 20 50 20 26 20 20
leaf_count=56 35 23 21 20 39 22 20 31 25 32 24 30 33 20 28 37 56 23 23 31 120 20 50 20 26 20 20
internal_value=0.000580109 0.000948173 0.000589679 0.000309733 0.001691 0.00291925 0.00155738 0.00717949 0.0119643 0.00815789 0.00482143 -0.00118421 0.000864196 0.00236434 0.0062069 -0.00270642 -0.00142857 0.00097826 0.00478261 -0.000774649 -0.00347716 -0.000614036 -0.00275281 -0.00303922 -0.00282609 -0.00464286 -0.00434211
internal_weight=905 849 814 791 411 322 244 78 56 76 56 380 162 129 58 218 168 92 46 71 197 57 89 51 46 140 76
internal_count=905 849 814 791 411 322 244 78 56 76 56 380 162 129 58 218 168 92 46 71 197 57 89 51 46 140 76
is_linear=0
shrinkage=0.05


Tree=338
num_leaves=27
num_cat=0
split_feature=6 37 41 48 43 8 46 11 11 17 37 39 44 34 46 46 40 5 7 42 36 34 17 12 20 17
split_gain=0.714335 1.04393 0.833662 2.51839 1.13091 1.49353 0.61166 0.890416 0.470592 0.851847 1.09156 0.702293 0.623077 1.24444 0.548166 0.86729 0.50505 0.75969 0.4 0.303388 0.286508 0.146032 0.134921 0.106977 0.0439024 0.0357143
threshold=-1.2963704981227477 -1.3620725627583128 -0.46678949085833593 1.1380916721822807 -0.60333453242049251 -0.39731341990906804 -0.4920566154858923 0.21417165095860605 0.53616359807881486 -0.36729102390789165 -0.22562169479649971 -1.0136988246398522 0.52093477025287382 0.53060179340125158 -0.050906263952992907 0.12065220608757911 0.23564758653266801 -0.13194078383576599 -0.44674278936744566 0.72807861862156609 0.57553254883287208 1.0764241110573989 0.087183672341670057 -0.39206532149820422 0.6640142912923237 1.1097517389031843
decision_type=2 2 2 2 2 2 2 2 2 2 2 2 2 2 2 2 2 2 2 2 2 2 2 2 2 2
left_child=-1 -2 3 4 5 18 -7 -8 11 10 -10 -4 22 -14 19 -16 17 23 -3 24 25 -18 -11 -17 -13 -6
right_child=1 2 8 -5 20 6 7 -9 9 12 -12 14 13 -15 15 16 21 -19 -20 -21 -22 -23 -24 -25 -26 -27
leaf_value=-0.2228521374963012 0.00088224352340792269 0.0057427211340492154 0.015953775925523623 0.004874453801519768 -0.0040613627828936212 -0.0022678823482520974 0.0012793867453066987 -0.0019851074286999417 -0.0036952641581728695 -4.2711471641003967e-05 0.0020209924800195021 -0.0012980383103713862 0.0015575585038692791 -0.00030958899447232216 0.00024526550860463133 -0.00030833889527557266 -0.002039559031484171 0.00042009753016091373 0.0015505581627193483 -0.00010799551325602894 0.00024348559648914149 -0.0010559231215308256 -0.0013496094264310902 -0.0011601949971353862 -0.00056432797904689672 -0.00336207062769933
leaf_weight=56 35 20 26 20 50 30 21 22 20 21 35 144 24 21 26 20 69 32 20 38 20 21 51 23 20 20
leaf_count=56 35 20 26 20 50 30 21 22 20 21 35 144 24 21 26 20 69 32 20 38 20 21 51 23 20 20
internal_value=0.000469612 0.000830388 0.000466829 0.00307175 0.00140394 0.00473451 0.000479451 0.00430232 -0.000516076 0.00168605 0.00681818 -0.00142005 -0.000726497 0.00388889 -0.00194657 -2.61792e-05 -0.00136364 0.00166667 0.0125 -0.00376238 -0.00277778 -0.00388889 -0.00361111 -0.00267442 -0.00469512 -0.00428572
internal_weight=905 849 814 223 203 113 73 43 591 172 55 419 117 45 393 191 165 75 40 202 90 90 72 43 164 70
internal_count=905 849 814 223 203 113 73 43 591 172 55 419 117 45 393 191 165 75 40 202 90 90 72 43 164 70
is_linear=0
shrinkage=0.05


Tree=339
num_leaves=27
num_cat=0
split_feature=6 37 41 8 46 43 7 6 5 44 44 41 10 13 7 41 2 6 35 36 46 37 14 8 40 2
split_gain=0.743489 1.01505 0.768627 1.54029 0.655402 1.15738 0.745883 0.85966 1.13753 1.40145 1.13041 1.12208 0.944241 1.3363 0.638242 0.621636 0.822358 0.565714 0.525253 1.18399 0.480769 0.177143 0.13096 0.118367 0.118367 0.0267442
threshold=-1.2963704981227477 -1.3620725627583128 -0.81929794692487645 -0.39731341990906804 -0.52881914478030045 1.6346195180357517 0.89931933337268 -0.16354701715047482 0.93277011972782053 0.4964732330879823 1.2914731909469557 0.059585484811302006 0.35662047805273672 -0.20112437444706763 -0.98516763846349586 -0.45920186036204652 -0.21372445363478501 0.22858418780146592 0.20955318348102395 -0.33414432245236808 -0.12443132254180948 -0.96603665422616591 0.77046870709449045 0.53182351085979074 1.124835480514929 -0.042530675363113453
decision_type=2 2 2 2 2 2 2 2 2 2 2 2 2 2 2 2 2 2 2 2 2 2 2 2 2 2
left_child=-1 -2 3 -3 5 14 7 15 9 12 11 -11 13 -9 -4 16 -6 -15 -17 -20 -5 -16 -8 -14 -10 -21
right_child=1 2 4 20 6 -7 22 8 24 10 -12 -13 23 17 21 18 -18 -19 19 25 -22 -23 -24 -25 -26 -27
leaf_value=-0.21170953062148673 0.00083813134723688214 0.0044830606440785055 0.011297049646804273 -0.0034570052971866251 0.0035897370026729764 0.079347973973395422 -0.0060136294346715916 0.00053558604867093762 -0.00086885281126611509 0.0015457149337222409 0.00019564960661185035 0.0026828491174906441 -0.0013790229494536769 0.0016571842571384673 5.1883902149119614e-05 -0.0030479478131752815 -0.020109976391234047 -0.00031899089221830375 0.0034891798314638581 -0.004304291859511129 0.00017006025423244055 -0.002989463279519918 -4.9177104602393499e-05 -2.3761098931881792e-05 -0.0043716055929379442 -0.032551647806708148
leaf_weight=56 35 32 20 26 21 22 47 28 20 22 25 20 29 28 20 78 20 22 23 20 26 155 38 20 29 23
leaf_count=56 35 32 20 26 21 22 47 28 20 22 25 20 29 28 20 78 20 22 23 20 26 155 38 20 29 23
internal_value=0.000580109 0.000948173 0.000589679 0.00511905 6.8492e-05 -0.00223502 0.00104288 0.00189252 0.00384774 0.00556701 0.0114179 0.0164286 0.00248031 0.00589743 -0.00346154 -0.000675677 0.0047561 0.000999999 -0.00222222 0.0010606 -0.000192309 -0.00442857 -0.0032353 -0.00295918 -0.00295918 -0.00383721
internal_weight=905 849 814 84 730 217 513 428 243 194 67 42 127 78 195 185 41 50 144 66 52 175 85 49 49 43
internal_count=905 849 814 84 730 217 513 428 243 194 67 42 127 78 195 185 41 50 144 66 52 175 85 49 49 43
is_linear=0
shrinkage=0.05


Tree=340
num_leaves=28
num_cat=0
split_feature=6 37 43 7 36 17 17 39 42 38 42 38 42 7 9 33 33 44 46 7 34 12 20 8 39 2 3
split_gain=0.891866 1.19034 0.854848 0.575138 0.574824 1.10554 0.599363 0.608333 0.830769 0.776313 1.09234 1.56463 1.12281 1.03472 0.818419 1.81503 0.765338 0.79109 0.686525 0.619513 0.511225 0.284542 0.269315 0.258511 0.170354 0.140299 0.116667
threshold=-1.2963704981227477 -1.3620725627583128 0.44104869089782534 1.5050472886057367 1.1076076999619751 -0.36729102390789165 -1.1626217423446246 -0.67774396777691281 -1.232119235970609 0.31793399005166439 1.0000000180025095e-35 -0.18276503021374119 -0.28714752918841463 -0.1102272586824143 -0.26335104379841939 -0.39112630781432495 0.41038932126358818 0.080627101284827016 -0.4920566154858923 -0.78325832005247709 1.9548569035352605 1.0000000180025095e-35 -1.12882429519695 -0.29407598315697264 -0.4453715864909325 -0.066986929401923676 0.2319176999979152
decision_type=2 2 2 2 2 2 2 2 2 2 2 2 2 2 2 2 2 2 2 2 2 2 2 2 2 2 2
left_child=-1 -2 3 4 6 -6 22 19 -9 10 12 -12 13 14 15 -10 -11 -18 -15 -8 24 -21 -3 -16 -4 -24 -14
right_child=1 2 20 -5 5 -7 7 8 9 16 11 -13 26 18 23 -17 17 -19 -20 21 -22 -23 25 -25 -26 -27 -28
leaf_value=-0.16625505405189922 0.0014835480034356714 0.00010686673185201141 -0.00027000108231447242 -0.0099897198234833572 0.0018304086109788892 5.8338197291897815e-05 0.004339338626487263 -0.038986840566586717 -0.00054859501639971072 -0.001005659929830739 8.1896930830167844e-05 0.0014938686001059768 -0.014571561321203281 0.0011300622370643437 0.00092334616144829041 0.0035350256178800763 -0.0018055983856279318 0.0028337031631081411 0.003002629427351397 -0.0002458213402903628 0.091300401952921342 9.8054087949834461e-05 -0.0014504424769065411 -0.0016655610585262735 -0.0070281382435627704 -0.0015169709890349549 -0.00012497136668667121
leaf_weight=53 35 27 36 28 25 33 21 27 37 40 27 34 28 20 20 21 25 37 27 52 20 34 47 27 77 20 20
leaf_count=53 35 27 36 28 25 33 21 27 37 40 27 34 28 20 20 21 25 37 27 52 20 34 47 27 77 20 20
internal_value=0.00129176 0.00168639 0.0012963 0.00201625 0.00231895 0.00706896 0.00185279 0.00254527 0.00346154 0.00409091 0.0055364 0.0113934 0.00375 0.00585526 0.00309524 0.00706896 0.000392156 0.00387097 0.0120213 -0.000794394 -0.00236842 -0.00267442 -0.00180851 -0.00180851 -0.00367257 -0.00350746 -0.00291667
internal_weight=898 845 810 677 649 58 591 497 390 363 261 61 200 152 105 58 102 62 47 107 133 86 94 47 113 67 48
internal_count=898 845 810 677 649 58 591 497 390 363 261 61 200 152 105 58 102 62 47 107 133 86 94 47 113 67 48
is_linear=0
shrinkage=0.05


Tree=341
num_leaves=30
num_cat=0
split_feature=37 9 10 45 47 2 46 49 46 44 45 38 11 39 6 17 46 37 13 8 44 9 35 33 45 33 41 0 2
split_gain=0.843458 1.40996 0.61795 0.640429 0.817865 0.962963 1.01645 1.38828 1.217 0.846748 0.823961 0.759577 0.814837 1.03956 1.01571 1.19641 0.640244 0.494141 0.359112 0.334311 0.315672 0.278727 0.536941 0.263365 0.569969 0.157447 0.134426 0.127273 0.111111
threshold=-1.3620725627583128 -0.31582018468245282 -0.79154905128620856 1.2329010515055963 1.0000000180025095e-35 1.5226695831207413 -0.11217714611034003 1.0000000180025095e-35 0.27995649969668174 -0.15175750178164207 0.51064931351552645 0.36594622487163503 -0.75180419040202018 -0.30043683644052338 -0.16354701715047482 -0.14005367578311081 -0.51656496834883103 0.29094688154977905 0.79902224258553678 -0.087601109652781853 -0.76329593090392911 -0.47322760733455299 -0.21810637464351465 0.85378094585988062 0.057711782911584394 -1.0050531726399605 -0.58919090140749975 -1.0000000180025095e-35 -0.67839328037217916
decision_type=2 2 2 2 2 2 2 2 2 2 2 2 2 2 2 2 2 2 2 2 2 2 2 2 2 2 2 2 2
left_child=1 -1 21 4 5 6 7 18 -8 -10 -11 12 20 17 16 -16 -15 27 26 -5 -6 22 28 -13 -25 -23 -4 -14 -2
right_child=2 -3 3 19 11 -7 8 -9 9 10 -12 23 13 14 15 -17 -18 -19 -20 -21 -22 25 -24 24 -26 -27 -28 -29 -30
leaf_value=-0.0016333881214055997 -0.036596621855283493 0.0018961149670089321 0.0003780356548994529 5.1830788433474673e-05 0.00027647533345529304 -0.024749808529832357 0.0013994533312864088 0.0016427642781230865 -0.00064036280692354654 0.002161726078361007 0.00026576334826927922 -0.0029591162561729105 5.5700928429599157e-06 0.0038058528848630537 0.00015056779427470278 0.00065947232686360132 -0.011185980804506033 0.00067792559194716686 0.0030987195456400633 -0.0092472756476491575 -0.0055597614534041127 -9.6671960965877276e-05 0.010721972139678494 -0.0081631804708395539 0.0019896607396924339 -0.010899575543742308 -0.0051252385574545936 -0.0035433745433373479 -0.0022291870723289047
leaf_weight=23 25 20 20 31 20 26 26 27 22 31 27 67 20 20 31 27 21 24 22 57 47 20 21 29 24 74 41 35 20
leaf_count=23 25 20 20 31 20 26 26 27 22 31 27 67 20 20 31 27 21 24 22 57 47 20 21 29 24 74 41 35 20
internal_value=0.000957683 0.0077907 0.000614034 0.00125899 0.0018369 0.00409091 0.00518518 0.00181818 0.00867924 0.005625 0.0087931 0.000342465 0.00193877 0.00370786 0.00712121 0.0113793 0.00109756 -0.000569621 -0.00138554 -0.00272727 -0.0027612 -0.0021875 0.000303029 -0.00291667 -0.00028302 -0.00393617 -0.00336066 -0.00318182 -0.00277778
internal_weight=898 43 855 695 607 242 216 110 106 80 58 365 245 178 99 58 41 79 83 88 67 160 66 120 53 94 61 55 45
internal_count=898 43 855 695 607 242 216 110 106 80 58 365 245 178 99 58 41 79 83 88 67 160 66 120 53 94 61 55 45
is_linear=0
shrinkage=0.05


Tree=342
num_leaves=31
num_cat=0
split_feature=32 2 5 20 43 11 9 10 41 35 1 15 41 13 30 33 47 13 7 7 43 36 9 19 4 41 30 34 5 3
split_gain=0.923716 0.781164 0.782825 1.03523 0.80493 0.753463 0.715368 0.732411 0.911453 1.26605 0.919626 0.987097 1.51825 0.738173 0.738916 0.676632 0.628601 1.04475 1.50085 0.662375 0.587778 0.510161 0.612813 0.421929 0.23341 0.152381 0.138462 0.121723 0.0277778 0.025
threshold=-1.2340032704421391 1.5226695831207413 0.93277011972782053 1.3280285825846474 1.4941108114032848 0.53616359807881486 0.47121692857804814 0.83502444861063074 -0.29719915354932175 0.51746806533069178 1.0000000180025095e-35 0.49279638067997511 -0.90754259689328343 -0.40115369785358845 -0.6958032404706006 2.141322009591422 0.2319176999979152 0.59899291917901587 1.0000000180025095e-35 -0.44674278936744566 -0.24431842242213025 -0.6430911843982986 -0.21088190291438599 1.0000000180025095e-35 1.0000000180025095e-35 -0.26886939959215533 0.93571828184520223 -0.85101094816587097 -0.59654190539078544 1.1380916721822807
decision_type=2 2 2 2 2 2 2 2 2 2 2 2 2 2 2 2 2 2 2 2 2 2 2 2 2 2 2 2 2 2
left_child=-1 2 3 4 6 -5 7 8 9 10 11 12 -2 14 -14 25 21 18 19 20 -18 22 -10 28 -15 -4 -3 -23 -12 -19
right_child=1 26 15 5 -6 -7 -8 -9 16 -11 23 -13 13 24 -16 -17 17 29 -20 -21 -22 27 -24 -25 -26 -27 -28 -29 -30 -31
leaf_value=-0.15826218313915999 0.0066979147532124951 -0.060906200457401166 -1.9743260499417196e-06 0.00024814192050491498 -0.0048682387806942371 0.0011480237820614846 -0.0007990939226801742 0.00085801328952875115 -0.015653350766480553 0.00089186131766957704 -0.036878177937328366 0.0014515992755789182 -0.00019777700123665466 -0.00064776864895883292 0.0067695716519935506 0.061936201091980003 0.011675013353365593 -0.00044631888078513153 0.00063783214655345607 -0.0035973833437613588 7.7829735758703803e-05 -9.8392065040964682e-06 0.0018661167901906557 0.00084845934700467681 0.00029813845797322844 -0.0046063369202968725 -0.0030540930455151606 -0.0036622974836775556 -0.018034896506207109 -0.0021033914212546267
leaf_weight=53 28 45 20 22 35 20 28 28 24 24 25 25 29 34 27 23 20 20 26 31 25 24 22 28 23 64 20 65 20 20
leaf_count=53 28 45 20 22 35 20 28 28 24 24 25 25 29 34 27 23 20 20 26 31 25 24 22 28 23 64 20 65 20 20
internal_value=0.00140312 0.00180473 0.00224359 0.00287518 0.00236925 0.0104762 0.00280201 0.00318662 0.00277778 0.00488593 0.00378661 0.00584337 0.00421986 0.00163717 0.00571428 -0.00172897 0.000776172 0.00309859 0.00578431 0.00223684 0.00611111 -0.00166667 0.00260869 -0.000890412 -0.00236842 -0.00380953 -0.00346154 -0.00387641 -0.00388889 -0.00375
internal_weight=898 845 780 673 631 42 596 568 540 263 239 166 141 113 56 107 277 142 102 76 45 135 46 73 57 84 65 89 45 40
internal_count=898 845 780 673 631 42 596 568 540 263 239 166 141 113 56 107 277 142 102 76 45 135 46 73 57 84 65 89 45 40
is_linear=0
shrinkage=0.05


Tree=343
num_leaves=28
num_cat=0
split_feature=21 14 46 14 6 3 17 16 39 39 42 45 7 4 20 42 4 3 19 46 41 41 17 6 17 46 9
split_gain=0.799908 1.0321 0.987506 1.67275 1.61942 1.9559 1.00052 0.820032 0.679483 0.948176 0.656297 0.633777 0.99981 0.773789 0.715008 0.598563 0.593009 0.439869 0.444646 0.419048 0.368814 0.336275 0.661111 0.114894 0.107849 0.0430556 0.0336066
threshold=1.0000000180025095e-35 1.0000000180025095e-35 -0.050906263952992907 0.77046870709449045 -0.25068728491757275 -0.6742562721864499 0.087183672341670057 -0.53425250455887141 0.079537244412475297 0.34956413005167081 -1.4765255308137524 0.33926754517889973 -0.042924152545408031 0.25227607101337429 -0.3984085747753941 -0.3940134394842022 1.0000000180025095e-35 0.2319176999979152 -0.6133503958973926 -0.57783585050617825 -0.31919770458211333 -0.41904373755166963 0.42803969452884144 0.44643485721921083 -1.2762404164070149 -0.96996949631319995 0.3662786468099814
decision_type=2 2 2 2 2 2 2 2 2 2 2 2 2 2 2 2 2 2 2 2 2 2 2 2 2 2 2
left_child=1 10 7 4 -4 -6 -7 -3 17 -10 -1 13 20 21 -14 -15 23 -9 -19 -11 -13 22 -12 -5 -23 -26 -2
right_child=26 2 3 16 5 6 -8 8 9 19 11 12 14 15 -16 -17 -18 18 -20 -21 -22 24 -24 -25 25 -27 -28
leaf_value=0.0069707240173342766 -0.0029024115926232844 0.0063739238879228751 -3.233001119889346e-05 -0.0010568808839639329 0.0019917523575327021 0.00028345034248867217 0.00063950445625934058 -0.00053693933489815365 0.00079943014836133446 0.083490915566756363 0.0015689623483434723 0.00010463354213394083 0.0033194927235978724 0.0013286761737811837 3.7066187240965151e-05 -0.0015838002441112043 0.00021996527859545961 -0.0033644666763769726 0.00027627611080540537 -0.0027782946627450721 -0.013620674392086047 -7.7468621861169774e-05 -0.015649270104836837 -0.0072843040347166602 -0.0023931669666565412 -0.001327668830312643 -0.030411672584374112
leaf_weight=34 41 28 29 20 20 34 25 63 23 20 36 25 27 36 23 23 26 20 38 22 34 26 34 27 20 124 20
leaf_count=34 41 28 29 20 20 34 25 63 23 20 36 25 27 36 23 23 26 20 38 22 34 26 34 27 20 124 20
internal_value=0.00134744 0.0017503 0.00360759 0.00632597 0.0102778 0.0139873 0.00940678 0.00130841 0.000107526 0.00423077 9.04965e-05 -0.000465687 0.00279816 -0.00165552 0.008 0.00347458 0.000479451 -0.00210744 0.00103448 -0.000238096 -0.00161017 -0.00291667 -1.19209e-09 -0.00287234 -0.00411765 -0.00465278 -0.00418033
internal_weight=898 837 395 181 108 79 59 214 186 65 442 408 109 299 50 59 73 121 58 42 59 240 70 47 170 144 61
internal_count=898 837 395 181 108 79 59 214 186 65 442 408 109 299 50 59 73 121 58 42 59 240 70 47 170 144 61
is_linear=0
shrinkage=0.05


Tree=344
num_leaves=29
num_cat=0
split_feature=34 0 41 4 37 46 14 49 46 46 40 20 2 15 46 46 15 15 34 47 46 11 11 45 7 0 8 4
split_gain=0.685386 0.744086 1.00862 0.764364 0.76381 1.13077 1.09698 1.06295 0.99685 1.67867 1.61496 0.885773 0.770471 0.671928 0.458333 1.64455 0.414523 1.03876 0.383706 0.322559 0.388898 0.2025 0.2475 0.124528 0.114894 0.0504274 0.111111 0.0272727
threshold=-1.3627193709685088 -0.74914607737310734 -0.90754259689328343 0.71759847732548832 -0.96603665422616591 -0.44303990976001456 1.0000000180025095e-35 0.23152548893966207 -0.11217714611034003 1.1009863206051336 0.58306722789517595 -1.5272328699723439 0.043066213772722343 -1.0701361668920668 -0.62685255623205594 -0.23471891042503432 -0.17703185399375715 1.0000000180025095e-35 -0.90218179044613478 0.2319176999979152 -0.50431079191736161 1.5021394394394412 -0.42981224328181145 0.18012733172346063 0.36089448427662973 -1.2485767956218454 -0.60378829341325879 1.0898564023751793
decision_type=2 2 2 2 2 2 2 2 2 2 2 2 2 2 2 2 2 2 2 2 2 2 2 2 2 2 2 2
left_child=-1 2 -2 4 5 -3 11 8 12 10 -10 -6 -8 -13 -9 -16 25 -18 -15 -20 -21 22 -19 -22 -17 26 -4 -5
right_child=1 3 16 27 6 -7 7 14 9 -11 -12 13 -14 18 15 24 17 21 19 20 23 -23 -24 -25 -26 -27 -28 -29
leaf_value=-0.002763100526867008 0.0015457485999082442 0.0015888660814522685 -0.015908912912885889 -0.0019059915496145866 0.0033015701059773725 0.0018243849862649695 0.0032665113198463852 -0.00067221408097780104 0.00083480035465906721 2.2853028741328033e-05 0.0027210602829170726 0.00025433297264114256 -0.026538564877840693 0.00089312258402118915 0.002568974990530493 -0.022941986629258657 0.00032851880565218323 -0.00011613609256109722 -0.0073110136210982881 0.00024813952303669417 -0.0020599159723297378 0.0009910349750820854 -0.0031537291410881352 -1.8842307029369326e-05 -0.021126643156878712 -0.0070527563395640083 4.7083721719047572e-05 -0.073430103588960752
leaf_weight=42 20 39 25 24 20 26 39 27 31 36 27 33 23 22 25 27 24 25 89 27 33 20 55 20 20 59 20 20
leaf_count=42 20 39 25 24 20 26 39 27 31 36 27 33 23 22 25 27 24 25 89 27 33 20 55 20 20 59 20 20
internal_value=0.00123608 0.00154205 -0.00076613 0.00248355 0.00297872 0.00807692 0.00231463 0.00460784 0.00717949 0.0104255 0.0156897 -8.19684e-05 0.00225806 -0.000982144 0.000555554 0.00263889 -0.00171053 0.000241934 -0.00212042 -0.002929 -0.000625001 -0.002 -0.003125 -0.00311321 -0.00287234 -0.00403846 -0.00277778 -0.00386364
internal_weight=898 856 248 608 564 65 499 255 156 94 58 244 62 224 99 72 228 124 191 169 80 100 80 53 47 104 45 44
internal_count=898 856 248 608 564 65 499 255 156 94 58 244 62 224 99 72 228 124 191 169 80 100 80 53 47 104 45 44
is_linear=0
shrinkage=0.05


Tree=345
num_leaves=30
num_cat=0
split_feature=46 5 37 47 0 36 39 37 46 45 34 46 46 2 39 45 20 44 45 45 34 37 13 39 42 13 10 2 2
split_gain=1.0682 1.07447 1.01156 1.2235 0.772315 1.0965 0.914997 0.768737 0.834135 1.06275 0.93645 0.851212 0.779221 0.744382 0.794948 0.678788 0.594261 0.542077 1.29231 0.465842 0.397495 0.321297 0.301515 0.239649 0.642857 0.212459 0.163964 0.0373418 0.0261905
threshold=-0.72488596768381142 0.87469497953344311 0.80751545789605783 0.6850046860900979 -0.74914607737310734 -0.84905575902891905 -1.0565552573069252 -0.39781122024525928 -0.35726067473972856 -0.61557373555373474 0.20651979229291409 1.1622572027624807 -0.54107332121176999 0.34876938925785023 -0.194402945617176 0.40047531958483784 0.59761286216309129 0.557627076000211 0.51064931351552645 -0.93385416246461284 -0.62927063161806118 -1.0521314169505456 0.39896359577249502 0.020064910666037095 -0.84522506073308268 0.19893427236597411 -1.1742722277325235 -0.64170889931396391 -0.27486508873181054
decision_type=2 2 2 2 2 2 2 2 2 2 2 2 2 2 2 2 2 2 2 2 2 2 2 2 2 2 2 2 2
left_child=19 2 4 13 5 -2 -6 16 12 -10 11 15 -9 14 -4 -11 21 -3 -19 20 -1 -8 27 26 -25 -23 -21 -7 -26
right_child=1 17 3 -5 6 22 7 8 9 10 -12 -13 -14 -15 -16 -17 -18 18 -20 23 -22 25 -24 24 28 -27 -28 -29 -30
leaf_value=0.0016703848060732201 0.0012811036783875959 -0.0017593811125453948 0.0038680465674107026 0.0045657617248901971 -0.015443742310872957 -0.010914453717763293 0.00094887519314439551 0.0025796333150918528 -0.00099585888397608316 0.00033295009757946663 0.0024772920338218705 0.0002806188092420513 0.0061633942326582321 -0.0001298106760939013 0.0022547561570808203 -0.00038664169496259248 0.0019824495306386305 0.00020077450838818062 -0.0041846775197037682 0.0011238022948358475 -0.008031146440710497 -0.0073017040414655385 5.978798423961604e-05 0.0097647813979839376 -0.0026497444245639299 -5.2913934910796381e-06 -0.002972712011867155 -0.0028957501929367715 -0.024306879739842923
leaf_weight=31 20 62 21 21 27 20 28 22 23 27 35 20 20 33 20 28 27 21 39 20 21 36 31 21 20 25 91 59 22
leaf_count=31 20 62 21 21 27 20 28 22 23 27 35 20 20 33 20 28 27 21 39 20 21 36 31 21 20 25 91 59 22
internal_value=0.00150954 0.0025188 0.00347145 0.00815789 0.00247768 -0.000769232 0.00380503 0.00462199 0.00671428 0.00477443 0.00681818 0.00366667 0.0128571 0.00513513 0.00963415 0.000454544 0.00146552 -0.00172131 0.00166667 -0.00146018 0.00269231 -0.000505619 -0.00272727 -0.00270115 -0.000238096 -0.00254098 -0.0040991 -0.00436709 -0.00380953
internal_weight=891 665 543 95 448 130 318 291 175 133 110 75 42 74 41 55 116 122 60 226 52 89 110 174 63 61 111 79 42
internal_count=891 665 543 95 448 130 318 291 175 133 110 75 42 74 41 55 116 122 60 226 52 89 110 174 63 61 111 79 42
is_linear=0
shrinkage=0.05


Tree=346
num_leaves=31
num_cat=0
split_feature=46 13 43 34 6 13 8 2 37 42 37 45 40 17 6 8 44 44 46 46 4 5 2 41 37 33 39 5 33 5
split_gain=0.893384 1.02812 0.956714 0.738022 0.917502 1.1462 1.02746 1.0733 1.33622 0.811791 0.90947 0.9 0.814881 0.802222 0.73373 0.681658 1.46941 0.635338 0.616117 0.591787 0.50505 0.442547 0.403001 0.485933 0.63477 0.57152 0.533333 0.102439 0.0357143 0.03
threshold=-0.73714014411528084 1.1990808893985787 1.7403237336450532 1.3322783224587178 -0.86066915928725829 -1.2012709914796718 -0.34569470153302034 -0.8129026775856355 0.48035535954341463 0.62813920251161692 0.7386396477165541 0.033228673149209152 0.81869342030440184 -0.36729102390789165 -0.25068728491757275 0.22211120060350439 0.41085785301086208 -0.68991131940925465 -0.33275232187678971 -0.59009002693764767 -0.49223977908600797 0.48752737823759346 0.0063818327145069957 -0.69335344686887723 -0.94881770168128987 -0.067109351378572893 -0.55080512516525404 1.4748047615420101 0.23985408103424494 -1.0030678867514276
decision_type=2 2 2 2 2 2 2 2 2 2 2 2 2 2 2 2 2 2 2 2 2 2 2 2 2 2 2 2 2 2
left_child=22 2 3 4 19 -6 7 -7 13 15 11 -11 -12 -9 -15 17 18 -8 -17 -2 -21 -3 23 29 -25 26 -26 -5 -19 -1
right_child=1 21 -4 27 5 6 9 8 -10 10 12 -13 -14 14 -16 16 -18 28 -20 20 -22 -23 -24 24 25 -27 -28 -29 -30 -31
leaf_value=-0.015180091593866666 0.0063882574349508449 0.0001778031367241688 -0.016316770569542918 -0.0042212770533153641 0.0017013651031562882 0.0013180097963913524 0.00084852271745729051 -0.0019237549591650885 0.0023756656537908742 0.00020161717805744926 0.0063580002449308039 0.0026203162704374902 -6.7511460991909859e-05 0.00020814190677285213 0.00089347059824947713 0.00071582383560129896 0.001116058356482437 -0.010215763865896756 -0.00045445959416651508 0.0021636610238660149 -0.038990076285147189 -0.0038294460049304088 -0.011560430523483082 0.006439466391220847 0.0015868650573336248 0.019052299497201719 -0.0035565843323698957 -0.0082962665809232766 -0.0010084391778411173 -0.0028037739317947267
leaf_weight=20 20 35 32 21 27 21 25 30 26 20 20 20 28 24 21 21 26 50 39 22 50 57 50 20 21 26 49 20 20 30
leaf_count=20 20 35 32 21 27 21 25 30 26 20 20 20 28 24 21 21 26 50 39 22 50 57 50 20 21 26 49 20 20 30
internal_value=0.00173401 0.00262963 0.0034048 0.00389292 0.00441176 0.0054067 0.00471867 0.00852459 0.00638614 0.00299256 0.00693182 0.0125 0.00229167 0.003 0.00722222 0.00107735 0.00430232 -0.00184211 -1.19209e-09 -0.000108697 -0.00222222 -0.00228261 -0.00106482 0.000120481 0.00189655 0.000208332 -0.00214286 -0.00256098 -0.00428572 -0.004
internal_weight=891 675 583 551 510 418 391 122 101 269 88 40 48 75 45 181 86 95 60 92 72 92 216 166 116 96 70 41 70 50
internal_count=891 675 583 551 510 418 391 122 101 269 88 40 48 75 45 181 86 95 60 92 72 92 216 166 116 96 70 41 70 50
is_linear=0
shrinkage=0.05


Tree=347
num_leaves=31
num_cat=0
split_feature=46 36 41 0 20 5 42 11 36 4 16 4 15 13 38 38 33 44 39 42 20 33 39 45 33 13 16 19 2 2
split_gain=0.739627 1.23713 1.05789 1.25845 0.9375 0.846785 0.921816 0.922329 0.94556 1.98902 1.55395 1.54155 0.744048 0.742456 0.739756 1.17993 0.675 0.625 0.526087 0.483281 0.444972 1.05899 0.387554 0.286773 0.243881 0.209091 0.118367 0.118357 0.0379518 0.0359155
threshold=-0.72488596768381142 -0.84905575902891905 0.49775653502651412 -1.2485767956218454 0.53121143303385898 -0.98370950668663515 1.1654372514987701 0.85815554519902371 -0.41996289521512659 -0.49223977908600797 0.22910495491551339 0.066147108488528672 1.0000000180025095e-35 -0.80121234466663016 -0.093599451262367683 -0.3953906415593243 -0.93683907654822329 -0.45752671634278558 -0.55940061130166618 1.6146698744088397 -0.19920428738769705 -0.22059106758498179 -0.71639115654049068 1.759287911396664 -0.69808974022714276 1.0000000180025095e-35 -0.078516707857746199 -0.6133503958973926 -0.50719950210050768 -0.53165575613931781
decision_type=2 2 2 2 2 2 2 2 2 2 2 2 2 2 2 2 2 2 2 2 2 2 2 2 2 2 2 2 2 2
left_child=20 4 3 27 16 -5 7 8 18 -10 13 -12 -9 -11 15 -15 -2 -18 -7 -8 29 22 -22 28 -24 -20 -16 -3 -4 -1
right_child=1 2 23 5 -6 6 19 12 9 10 11 -13 -14 14 26 -17 17 -19 25 -21 21 -23 24 -25 -26 -27 -28 -29 -30 -31
leaf_value=-0.0069781523065009718 0.0014511611156515039 -6.8645710356117154e-05 -0.010641565328436998 -0.016402197026863831 0.003769375595567951 0.0029056335394547512 -0.0010375722006657382 0.0008194091938982809 0.0027110869629578594 0.0054661482508845775 0.00012993448073192107 0.001916519473505134 -0.0083497400327147801 -0.00028326857350076048 -0.027029402140680083 0.0015928595432110144 -0.019503569137707136 0.0004909564040058782 -0.020357371982528152 0.00022913220550575743 0.00034005678789640235 0.018371537692171924 -0.0025988669203118007 0.0018604304286641258 -1.0685692230986479e-06 0.00044117070371392449 -9.8478658254671719e-05 -0.002064205570101368 -0.0052017785979481673 -0.0028451581640460129
leaf_weight=20 20 23 20 27 20 24 37 21 27 25 21 23 35 26 29 20 20 20 23 29 39 28 62 21 26 22 20 49 63 51
leaf_count=20 20 23 20 27 20 24 37 21 27 25 21 23 35 26 29 20 20 20 23 29 39 28 62 21 26 22 20 49 63 51
internal_value=0.00145342 0.00229323 0.00149573 0.00248441 0.008125 0.00355746 0.0041623 0.00528481 0.00653846 0.00835078 0.00628049 0.0143182 -0.000535715 0.00333333 0.00131579 0.00586956 0.005 0.00125 0.00152174 -0.00121212 -0.0010177 0.00048387 -0.00145669 -0.00307692 -0.00329546 -0.00166667 -0.00295918 -0.00361111 -0.00439759 -0.00429578
internal_weight=891 665 585 481 80 409 382 316 260 191 164 44 56 120 95 46 60 40 69 66 226 155 127 104 88 45 49 72 83 71
internal_count=891 665 585 481 80 409 382 316 260 191 164 44 56 120 95 46 60 40 69 66 226 155 127 104 88 45 49 72 83 71
is_linear=0
shrinkage=0.05


Tree=348
num_leaves=29
num_cat=0
split_feature=46 36 6 14 36 35 39 2 41 9 39 33 5 41 41 9 40 18 7 6 43 39 49 39 18 9 5 11
split_gain=1.04727 1.28 1.02269 1.12012 2.3593 1.86681 0.927073 0.871825 0.949879 0.778916 0.852336 0.864728 1.03962 0.870777 0.538347 0.600773 0.477454 0.421129 0.377388 1.24444 0.368005 0.319187 0.269435 0.533556 0.244615 0.225 0.134426 0.0738817
threshold=-0.73714014411528084 -0.19683460603195446 0.79499592828760257 1.0000000180025095e-35 -0.84905575902891905 -0.18389360999355156 0.19712995882914255 -0.84958705864385076 0.098595473946056875 -0.47322760733455299 -0.77749376957443761 0.2228005570113106 1.0000000180025095e-35 -0.41018792968508755 -0.5011230695950174 0.10393294238981436 0.45063498836590316 0.28359121486465527 -0.98516763846349586 -1.2092302303556499 -0.11755218364385044 0.53506124134114208 0.23152548893966207 0.020064910666037095 0.57353148677851917 -0.10594362114631924 -0.22873268415972839 0.53616359807881486
decision_type=2 2 2 2 2 2 2 2 2 2 2 2 2 2 2 2 2 2 2 2 2 2 2 2 2 2 2 2
left_child=18 2 3 7 -5 25 9 -2 17 -3 16 12 13 -12 -13 -16 -11 26 19 -1 21 -8 23 24 -20 -6 -9 -22
right_child=1 6 -4 4 5 -7 20 8 -10 10 11 14 -14 -15 15 -17 -18 -19 22 -21 27 -23 -24 -25 -26 -27 -28 -29
leaf_value=-0.10909977615545784 0.00089896237596601104 -0.037736782743148831 -0.010155793409563789 0.0042026355946686248 -0.0079151230170967837 0.0017783657200981275 -0.00022870334817708866 -0.020675268289246075 0.00076077877341334523 -0.001693391513787567 0.0055089547346444051 -0.0038036193667206931 0.00092946028216045614 5.2062497538505503e-05 0.00090487193896637657 -0.00060474636262309038 0.00049104465575907437 0.0016714528662839165 -0.0066271673465279485 0.013379860031478863 -0.0017906970387253527 0.00077565358335599671 -0.002749283344000061 0.0074053506836105126 -7.1665801292277619e-05 8.9126321414305097e-05 -0.0010183437769974925 -0.0058050244890260035
leaf_weight=24 36 29 30 24 20 36 23 41 23 36 22 21 27 36 27 32 29 20 53 21 64 24 62 31 25 20 20 35
leaf_count=24 36 29 30 24 20 36 23 41 23 36 22 21 27 36 27 32 29 20 53 21 64 24 62 31 25 20 20 35
internal_value=0.00173401 0.0027037 0.00537037 0.00645833 0.0105 0.00618421 0.000925925 0.00357143 0.00125 0.00272201 0.00369565 0.00560606 0.00911765 0.00534483 0.001875 0.00432203 -0.00115385 -0.0012963 -0.0012963 0.00277778 -0.00226028 0.00138298 -0.00236842 -0.000871561 -0.00307692 -0.00125 -0.00336066 -0.0039899
internal_weight=891 675 270 240 100 76 405 140 104 259 230 165 85 58 80 59 65 81 216 45 146 47 171 109 78 40 61 99
internal_count=891 675 270 240 100 76 405 140 104 259 230 165 85 58 80 59 65 81 216 45 146 47 171 109 78 40 61 99
is_linear=0
shrinkage=0.05


Tree=349
num_leaves=32
num_cat=0
split_feature=36 46 30 16 2 37 14 48 7 9 5 37 20 17 12 2 2 17 12 34 34 44 39 43 9 14 16 20 10 5 2
split_gain=1.11348 1.36556 1.06667 1.87334 1.13601 1.14836 1.8563 0.914286 1.31688 0.686927 0.645206 1.61927 0.851075 0.704782 0.640996 0.540528 0.485541 0.450153 0.677255 0.473469 0.4 0.380891 0.962791 0.326667 0.274679 0.43573 0.152381 0.140299 0.1 0.04 0.025
threshold=-0.19683460603195446 -0.73714014411528084 0.79975815498555203 0.20631816508045711 0.50773504051011675 -0.20840274225162378 1.0000000180025095e-35 1.0000000180025095e-35 -0.37943968323043936 -0.31582018468245282 0.77790307920948076 0.80751545789605783 -0.73041572042155589 1.336989087027965 0.64964035695520594 -0.84958705864385076 1.0000000180025095e-35 0.2008023464040605 -0.13163890188485169 -0.79984010588560717 -0.2710747356562147 0.79001167906668013 0.66638062113299745 -0.51018906570032496 -0.053474480262285844 1.0000000180025095e-35 0.78738130587439181 0.53121143303385898 0.45230127216431554 0.23586843739529115 -0.40937448594526676
decision_type=2 2 2 2 2 2 2 2 2 2 2 2 2 2 2 2 2 2 2 2 2 2 2 2 2 2 2 2 2 2 2
left_child=1 17 3 4 5 7 20 8 -3 23 11 13 -13 14 24 -9 -16 18 19 -1 -7 26 -23 -2 25 -11 -12 -19 -6 -25 -17
right_child=9 2 -4 -5 28 6 -8 15 -10 10 21 12 -14 -15 16 30 -18 27 -20 -21 -22 22 -24 29 -26 -27 -28 -29 -30 -31 -32
leaf_value=0.0089864757709475825 0.00066778110269369176 -8.4648030966317723e-06 -0.009648003739084747 0.0025889721303819085 -5.3184667677782899e-05 0.00015565230188170355 0.0017635285835634618 0.00064715138373326955 0.00085596675783098134 0.00057336231599592106 -0.0007378459576962591 0.0013082012025344911 0.0022412895436761285 0.00030256956104919493 -5.3400768374587959e-05 -0.0075952721179903442 0.001018993903369458 -0.0041017247835655564 0.014098438012640366 -0.013920455088003115 0.0049228628782205797 0.0009098518692638711 -0.032011168321671002 -0.0035306955596616954 -0.00081505607400761621 -0.0026884052488222142 -0.00010424068006978279 -0.00011879238931335207 -0.0098366165771486477 -0.0020245496073231827 -0.0019519217073675434
leaf_weight=20 20 20 30 27 20 20 28 23 22 27 64 25 32 22 23 20 20 47 20 29 20 20 23 80 65 24 20 20 20 20 20
leaf_count=20 20 20 30 27 20 20 28 23 22 27 64 25 32 22 23 20 20 47 20 29 20 20 23 80 65 24 20 20 20 20 20
internal_value=0.00156566 0.00349754 0.00555555 0.00666667 0.0050939 0.00684971 0.0119118 0.00357143 0.00928571 -5.15476e-05 0.0010274 0.00256302 0.00991228 0.000248618 -0.000911951 -0.000238096 0.00430232 -0.000588236 0.00224638 -0.000918369 0.005 -0.00185039 0.00197674 -0.00333333 -0.00284483 -9.80404e-05 -0.00380953 -0.00350746 -0.0025 -0.0045 -0.00375
internal_weight=891 406 270 240 213 173 68 105 42 485 365 238 57 181 159 63 43 136 69 49 40 127 43 120 116 51 84 67 40 100 40
internal_count=891 406 270 240 213 173 68 105 42 485 365 238 57 181 159 63 43 136 69 49 40 127 43 120 116 51 84 67 40 100 40
is_linear=0
shrinkage=0.05


Tree=350
num_leaves=29
num_cat=0
split_feature=6 2 4 17 36 17 8 7 8 37 14 37 13 16 17 33 34 34 38 34 4 2 2 12 38 35 6 6
split_gain=1.15268 0.981073 1.5553 0.971801 1.49839 3.19197 1.09394 0.976315 1.43396 1.07207 0.887472 0.840486 0.800975 1.04398 0.722556 0.992063 0.710194 0.681708 0.986033 0.669312 0.750436 0.587687 0.368192 0.258983 0.209483 0.427907 0.0401961 0.0368421
threshold=-1.2963704981227477 -1.0696933449931427 -0.3061108165611624 -0.36729102390789165 -0.19683460603195446 0.2008023464040605 -0.087601109652781853 0.9666224395096864 0.17049248222745669 0.80751545789605783 -0.45157717275436821 0.03266259337663964 -0.20112437444706763 -0.28359781637325249 0.087183672341670057 0.87083446988281499 -0.68044147389832499 -0.62927063161806118 -0.025010544376695493 0.20651979229291409 -0.11998185403631688 -0.15258381853775946 -0.75176204248860989 0.64964035695520594 -0.66288737841344503 -0.83393613834285008 0.92570632993824953 1.0000000180025095e-35
decision_type=2 2 2 2 2 2 2 2 2 2 2 2 2 2 2 2 2 2 2 2 2 2 2 2 2 2 2 2
left_child=-1 2 -2 11 5 6 -5 8 9 23 -4 22 13 16 -10 -16 -7 -13 -19 -20 -21 -14 -3 27 25 -24 -26 -6
right_child=1 3 10 4 7 12 -8 -9 14 -11 -12 17 21 -15 15 -17 -18 18 19 20 -22 -23 24 -25 26 -27 -28 -29
leaf_value=-0.17633912570467214 0.0026117046917446232 0.0010149196200300689 0.010166093740585551 0.0044151031946039433 -0.010700210958420192 0.01304997651880547 0.0011782504765181481 -0.0029094476216782465 -9.109724294248236e-05 0.0019058907572746667 -0.0023715138240794301 -0.0095350493497100858 0.00040476353924448016 0.0018115822992673459 0.0006443131567592914 0.0017375071184900866 -0.0042349433573540141 0.0055511252544331877 -0.002225224754540127 0.0013961310207464288 -0.00018889224925695472 -0.0092868333767952473 -0.0033608001405300569 0.00060900848031921145 -0.0018105020795236779 0.0014702990993194138 -0.0098276275388893917 -4.8838351134543393e-05
leaf_weight=51 26 33 23 20 56 21 24 51 20 26 27 21 32 28 36 20 26 24 23 34 20 35 23 22 82 20 20 20
leaf_count=51 26 33 23 20 56 21 24 51 20 26 27 21 32 28 36 20 26 24 23 34 20 35 23 22 82 20 20 20
internal_value=0.00229167 0.00274908 0.00815789 0.00219131 0.00369565 0.00709677 0.0188636 0.0011753 0.00275 -0.000564517 0.003 -1.19209e-09 0.0034507 0.007 0.00815789 0.0110714 0.00244681 0.00319672 0.00490099 0.00214286 0.00518518 -0.000522389 -0.00219101 -0.00295918 -0.00327586 -0.000348838 -0.00450981 -0.00434211
internal_weight=864 813 76 737 437 186 44 251 200 124 50 300 142 75 76 56 47 122 101 77 54 67 178 98 145 43 102 76
internal_count=864 813 76 737 437 186 44 251 200 124 50 300 142 75 76 56 47 122 101 77 54 67 178 98 145 43 102 76
is_linear=0
shrinkage=0.05


Tree=351
num_leaves=28
num_cat=0
split_feature=6 17 20 42 20 16 16 12 5 6 15 44 11 7 43 5 8 8 9 44 9 10 16 12 35 20 10
split_gain=1.06301 0.917563 0.922777 1.22047 0.893365 0.871111 0.857104 0.641568 0.714131 1.13501 1.33567 1.09319 1.35641 1.2248 0.754079 0.694444 0.640528 0.566939 0.715364 1.10626 0.5 0.492754 0.429297 0.382653 0.261357 0.124528 0.040566
threshold=-1.2963704981227477 -0.25367234984550119 -0.66401429129232348 -0.28714752918841463 0.066401429129232373 -0.16966386719797125 0.21771155999798522 1.1704931961819109 0.93277011972782053 -0.68638862375306242 -0.84686008866748941 -0.11506519603430486 -0.42981224328181145 0.15898516586561084 -0.64455174391031511 1.3005793409588779 -0.75864444854140201 -0.087601109652781853 -0.42075846645051956 0.25185786143906741 -0.15841276203035262 -0.50450666895147223 -0.53425250455887141 1.4309196157952637 1.1161914467050458 -0.7968171495507882 1.1220668309453672
decision_type=2 2 2 2 2 2 2 2 2 2 2 2 2 2 2 2 2 2 2 2 2 2 2 2 2 2 2
left_child=-1 4 3 5 6 -3 17 8 9 14 -11 12 -12 -13 -4 -10 -16 18 -2 20 -20 -5 -6 -9 26 -19 -24
right_child=1 2 7 21 22 -7 -8 23 15 10 11 13 -14 -15 16 -17 -18 25 19 -21 -22 -23 24 -25 -26 -27 -28
leaf_value=-0.16752216941943784 -0.0012752259805717976 0.00027537500213122414 0.010813109231412722 0.00024707976541084705 0.0010511714435856758 0.0020065422217589246 0.0012080226680750842 -0.002763973339385389 -0.0033599077529893129 0.0012748560082694595 0.00074870218319861694 0.0016669714299835045 -0.0010122320037309145 0.00078483077624229086 0.0021667037385983009 0.0007327982281344188 -0.005382675275752819 -0.0033212954000821082 0.0027294846109004087 0.0048408176734795402 -0.00075105682567937822 -0.0015479450701304776 -0.0013100124325686705 0.00063914098906262407 0.00011506299216362997 -0.0011136982890496269 -0.0082962082329098834
leaf_weight=51 38 25 23 24 22 20 38 21 25 23 26 30 39 32 23 20 33 33 25 22 25 68 86 28 24 20 20
leaf_count=51 38 25 23 24 22 20 38 21 25 23 26 30 39 32 23 20 33 33 25 22 25 68 86 28 24 20 20
internal_value=0.00200231 0.00244157 0.00391304 0.000474451 0.000524078 0.00722222 0.00271144 0.00537152 0.00631387 0.00744541 0.01 0.00799212 0.00346154 0.0127419 0.00259494 0.000555554 -0.000535715 0.00113497 0.00318182 0.00611111 0.002 -0.00282609 -0.00236842 0.00010204 -0.00346154 -0.00311321 -0.0045283
internal_weight=864 813 460 137 353 45 201 323 274 229 150 127 65 62 79 45 56 163 110 72 50 92 152 49 130 53 106
internal_count=864 813 460 137 353 45 201 323 274 229 150 127 65 62 79 45 56 163 110 72 50 92 152 49 130 53 106
is_linear=0
shrinkage=0.05


Tree=352
num_leaves=31
num_cat=0
split_feature=17 17 36 16 13 45 7 34 46 6 46 37 8 15 2 45 38 46 2 37 8 2 20 35 34 2 16 10 20 2
split_gain=1.4177 1.13257 1.93096 1.51927 1.58554 1.06065 1.15346 1.01043 0.877347 1 0.754704 0.659964 0.753552 0.744852 0.561449 0.443214 1.06061 0.403606 0.4 0.396255 0.456089 0.777397 0.773036 0.276529 0.274421 0.121569 0.113043 0.038764 0.0378049 0.0303922
threshold=-0.14005367578311081 0.2008023464040605 -0.059524889611540878 -0.1126968926103306 -0.20112437444706763 -0.55436596114779657 0.091682059728604548 -0.25401778822946008 -0.44303990976001456 -0.86066915928725829 -0.34500649830825914 -0.053432169347740158 -0.75864444854140201 -0.6235840104429119 0.0063818327145069957 0.32702599029771212 0.78433855687423415 -1.0557487313334859 0.59944599315565505 -0.50112493551451498 -0.60378829341325879 -0.28709321575121566 0.066401429129232373 0.072702124881171573 0.36003231913370548 -0.8129026775856355 0.20631816508045711 0.35662047805273672 0.79681714955078842 -0.55611201017812806
decision_type=2 2 2 2 2 2 2 2 2 2 2 2 2 2 2 2 2 2 2 2 2 2 2 2 2 2 2 2 2 2
left_child=11 2 10 7 18 -6 -7 8 17 -10 -2 19 -13 -14 -8 24 -17 -3 -5 20 29 22 -22 -16 -15 -19 -23 -21 -9 -1
right_child=1 3 -4 4 5 6 14 28 9 -11 -12 12 13 15 23 16 -18 25 -20 27 21 26 -24 -25 -26 -27 -28 -29 -30 -31
leaf_value=-0.010532128704980388 0.025739432419937903 0.00041966871687999492 6.8885205666051073e-05 0.00055751779219918136 -0.0085972192825303616 0.00082050711327826323 0.00062811559769687132 -0.0067933163646065331 -0.017154086321693324 0.00066888656100934894 0.00068220590546937306 0.0021156198713103498 0.0011713806100163537 -0.0039172982261234572 0.0010324172266140187 0.0048142679861206137 -0.0031570473401455277 0.0028247060353265296 0.002240907258087157 -0.0010595798167644022 0.0028085537792715189 -0.0076991793637609862 0.00027476957405220222 -0.00094127644791394032 0.00040778347221499936 -0.016097797567851704 5.8414601465927966e-05 -0.00095308397457814309 -0.054919124794190227 -0.0033341602915452394
leaf_weight=31 21 26 39 20 28 28 20 62 20 25 20 22 31 54 20 22 20 20 20 69 22 26 27 37 23 31 20 20 20 20
leaf_count=31 21 26 39 20 28 28 20 62 20 25 20 22 31 54 20 22 20 20 20 69 22 26 27 37 23 31 20 20 20 20
internal_value=0.00206018 0.00397155 0.009375 0.00282493 0.00627168 0.00364662 0.00595238 -9.80404e-05 0.00278688 0.00833333 0.0169512 -8.59963e-05 0.00226744 0.000999999 0.00279221 -0.000798321 0.00333333 -0.000454547 0.015 -0.00180851 -0.000205481 0.0018421 0.00622449 0.000263157 -0.00305195 -0.00303922 -0.00282609 -0.0044382 -0.00439025 -0.00401961
internal_weight=864 457 80 377 173 133 105 204 122 45 41 407 172 150 77 119 42 77 40 235 146 95 49 57 77 51 46 89 82 51
internal_count=864 457 80 377 173 133 105 204 122 45 41 407 172 150 77 119 42 77 40 235 146 95 49 57 77 51 46 89 82 51
is_linear=0
shrinkage=0.05


Tree=353
num_leaves=27
num_cat=0
split_feature=17 37 16 15 13 17 10 8 12 0 13 20 41 20 13 17 45 7 37 17 7 5 45 0 35 0
split_gain=1.38966 1.02087 0.9984 1.2934 0.974351 0.950053 0.796224 0.703199 0.870752 0.659175 1.25163 0.740056 0.869062 0.610902 0.813704 0.596834 0.715205 0.67221 0.512295 0.467442 0.458979 0.703943 0.271038 0.206897 0.169925 0.132203
threshold=-0.14005367578311081 -1.3620725627583128 -0.1126968926103306 1.0000000180025095e-35 -0.20112437444706763 0.2008023464040605 0.35662047805273672 -0.55216957503721109 1.0000000180025095e-35 1.2485767956218459 0.39896359577249502 0.066401429129232373 0.13849349089787902 1.1288242951969505 0.59899291917901587 -0.5945283720326725 0.41271687446602551 -0.44674278936744566 -0.41503017279013527 -0.36729102390789165 -0.85056142618948327 -0.71269218577954041 0.057711782911584394 0.74914607737310757 1.1675105936799905 -0.74914607737310734
decision_type=2 2 2 2 2 2 2 2 2 2 2 2 2 2 2 2 2 2 2 2 2 2 2 2 2 2
left_child=9 -2 5 4 -4 -3 -6 8 20 11 -11 12 15 18 -15 16 17 -1 -5 24 -7 -22 -20 -9 -13 -19
right_child=1 2 3 13 6 7 -8 23 -10 10 -12 19 -14 14 -16 -17 -18 25 22 -21 21 -23 -24 -25 -26 -27
leaf_value=0.0042077621955932797 0.0006389056978159354 0.0019179588954279661 0.0017082610765450001 0.00098079636528347071 0.00067972925800730433 -0.006355862404212465 0.00030764363714066924 -0.023483958847121206 0.00032248500351438021 0.0024902059501877663 -0.028432312171935922 -0.0023241481833520951 0.0025772567778223712 0.0016000989208180942 -4.1592353946480893e-05 -0.0011747265111409682 0.00099229609698288867 -0.0001593523567990616 -0.0031232739270295688 0.00043421999535823215 0.0127194344078581 -0.0028897849828696705 1.3669869821763767e-05 -0.018270149603416649 -0.0029483370437051425 -0.0017915076163540983
leaf_weight=33 23 36 27 20 24 29 25 58 30 39 20 113 32 27 25 43 24 20 31 24 20 23 30 29 20 39
leaf_count=33 23 36 27 20 24 29 25 58 30 39 20 113 32 27 25 43 24 20 31 24 20 23 30 29 20 39
internal_value=0.00240741 0.00429978 0.00375576 0.00624402 0.0114474 0.00144444 0.0072449 2.64538e-05 0.00284314 0.000282554 0.00516949 -0.000545978 0.0015445 0.00327068 0.0075 3.14453e-05 0.00189655 -0.000108697 0.000555554 -0.00308917 -0.00013889 0.00313953 -0.00172131 -0.00327586 -0.00424812 -0.00330509
internal_weight=864 457 434 209 76 225 49 189 102 407 59 348 191 133 52 159 116 92 81 157 72 43 61 87 133 59
internal_count=864 457 434 209 76 225 49 189 102 407 59 348 191 133 52 159 116 92 81 157 72 43 61 87 133 59
is_linear=0
shrinkage=0.05


Tree=354
num_leaves=29
num_cat=0
split_feature=17 37 33 33 2 2 2 16 34 41 44 0 5 34 34 8 12 8 16 11 33 2 45 45 2 2 17 0
split_gain=1.12837 1.17887 0.751663 1.07906 1.05148 0.827332 1.66667 1.06765 0.834163 0.674572 0.64224 0.53631 0.872962 0.623656 0.89346 0.471506 0.438602 0.41737 0.4 0.346773 0.283001 0.162896 0.308926 0.504326 0.118367 0.0368421 0.0361111 0.034375
threshold=-0.14005367578311081 -1.3620725627583128 -0.59576859608953681 -0.42523335586019367 -0.83735893162444575 0.6544725647429781 1.3025632967714491 -0.089910102775274323 -0.2710747356562147 -0.18390408160182767 -0.1884498075289793 1.2485767956218459 -0.19001592403014342 0.32591842428019629 0.49648789854774228 -0.29407598315697264 0.38921393734185333 -0.91350060366954511 -0.69376003340426518 0.21417165095860605 -1.1585348888463693 1.0000000180025095e-35 -0.52988285138542135 -0.064703765900291824 -0.042530675363113453 -0.48274324806169749 -0.5945283720326725 0.74914607737310757
decision_type=2 2 2 2 2 2 2 2 2 2 2 2 2 2 2 2 2 2 2 2 2 2 2 2 2 2 2 2
left_child=11 -2 10 -4 -5 8 7 -7 9 -6 20 13 -13 17 -15 -16 25 18 -1 -18 -3 22 26 -24 -17 -10 -19 -22
right_child=1 2 3 4 5 6 -8 -9 16 -11 -12 12 -14 14 15 24 19 21 -20 -21 27 -23 23 -25 -26 -27 -28 -29
leaf_value=-0.12090178177923352 0.00060696041292461391 0.0011421884083337058 0.00081929499354755058 0.0042381021194245307 0.00071136649752447838 0.00030034193928342651 -0.052284677225195475 0.001355994665588345 -0.0060930990717079029 -0.00016301614726127017 0.0013515867035793347 0.0055475752082238261 -6.0058156265198284e-05 0.0012924403297174204 0.0010471384487476261 0.006449532873121111 7.0058078226319288e-05 -0.003396716385970474 0.0020642659489373649 -0.00056902766552392834 -0.012108643859106982 -0.0027287420727451842 0.00092057744719798199 -3.5752744938226514e-05 -0.00097328773479142679 -0.00084923044759176224 -0.00098664077675174842 -0.064976819333775124
leaf_weight=20 23 30 34 25 24 20 36 34 20 22 26 24 35 21 30 20 22 52 20 21 44 72 29 35 29 56 20 20
leaf_count=20 23 30 34 25 24 20 36 34 20 22 26 24 35 21 30 20 22 52 20 21 44 72 29 35 29 56 20 20
internal_value=0.0018287 0.00353392 0.00294931 0.00423567 0.00321428 0.0022549 0.00611111 0.0116667 0.000151514 0.00586956 -0.000416668 -8.59963e-05 0.00432203 -0.000833335 0.0025 6.32899e-05 -0.00205882 -0.00217742 0.0025 0.00197674 -0.00234043 -0.00307692 -0.00205882 0.000468749 -0.00295918 -0.00434211 -0.00430556 -0.00421875
internal_weight=864 457 434 314 280 255 90 54 165 46 120 407 59 348 100 79 119 248 40 43 94 208 136 64 49 76 72 64
internal_count=864 457 434 314 280 255 90 54 165 46 120 407 59 348 100 79 119 248 40 43 94 208 136 64 49 76 72 64
is_linear=0
shrinkage=0.05


Tree=355
num_leaves=31
num_cat=0
split_feature=16 17 15 6 13 6 15 9 37 8 37 41 43 40 37 16 16 4 40 34 42 6 33 44 7 5 6 5 4 5
split_gain=0.87196 0.828855 1.48331 2.02241 0.963304 1.46918 1.21252 0.740742 0.675927 0.800476 0.544185 0.539988 0.939837 0.907786 0.702995 0.749392 0.643824 0.766222 0.516929 0.692077 0.415534 0.245354 0.184787 0.408333 0.0386364 0.0336066 0.0330508 0.0318182 0.0287234 0.025
threshold=-0.78490719274449028 1.2233704129655745 -0.84686008866748941 0.53357512498630888 0.59899291917901587 0.097873786150819 -0.40030793221833455 0.10393294238981436 -0.96603665422616591 -0.55216957503721109 -0.6560955084183987 -0.65672086835393284 -0.5218183969904685 -0.47467078912434074 -0.36337331515550736 -0.55703929439392763 -0.28359781637325249 -0.11998185403631688 1.0887175970069449 -0.066391366535159521 0.46487183955971911 0.70785566052050475 0.2228005570113106 0.22739632427417591 1.3031379701947179 -0.38359972467806824 -1.2963704981227477 -0.42231648480765321 0.066147108488528672 -0.11258240377097353
decision_type=2 2 2 2 2 2 2 2 2 2 2 2 2 2 2 2 2 2 2 2 2 2 2 2 2 2 2 2 2 2
left_child=26 4 -3 20 5 8 -7 -8 9 -2 21 25 13 -13 -14 -16 27 -18 19 -9 28 -6 23 29 -24 -10 -1 -17 -4 -12
right_child=1 2 3 -5 10 6 7 18 11 -11 22 12 14 -15 15 16 17 -19 -20 -21 -22 -23 24 -25 -26 -27 -28 -29 -30 -31
leaf_value=-0.14325057084459453 -0.00013595072711168987 0.0086946736196339674 -0.0010306843733968072 0.0010676310282666925 0.00052678006791012102 0.00074359932221788611 0.0016392851236407464 -0.054791978939089991 -0.0071925936667933182 0.0020867082671063571 -3.088956634316908e-05 0.0051645447283643255 -0.003627349094687145 -0.0056444781440687514 0.014562507979047493 -0.0073196587694839251 0.00063002621970248277 -0.0022362384887059067 -0.0040353550778859425 0.0022838552244677057 0.00077720539035743084 -0.010169333129447719 -0.003129963734264626 0.00094049807681068412 -0.0087108772479662366 -0.00018066859851219595 -0.021259359942634046 -0.00062856713589396753 -0.002615387058726654 -0.010503431180142722
leaf_weight=39 25 22 27 28 20 25 39 21 41 35 20 23 58 20 24 20 33 34 20 32 21 21 68 20 20 20 20 35 20 20
leaf_count=39 25 22 27 28 20 25 39 21 41 35 20 23 58 20 24 20 33 34 20 32 21 21 68 20 20 20 20 35 20 20
internal_value=0.00171642 0.00214286 0.00601695 0.00333333 0.00148415 0.00262376 0.00704379 0.00482143 0.00097826 0.00583333 -0.00156085 3.24663e-05 0.00107287 0.0077907 -0.000343138 0.00150685 -8.19684e-05 0.00320895 0.00184931 0.00443396 -0.00132353 0.00353658 -0.00297297 -0.000833335 -0.00443182 -0.00418033 -0.00415254 -0.00409091 -0.00393617 -0.00375
internal_weight=871 812 118 96 694 505 137 112 368 60 189 308 247 43 204 146 122 67 73 53 68 41 148 60 88 61 59 55 47 40
internal_count=871 812 118 96 694 505 137 112 368 60 189 308 247 43 204 146 122 67 73 53 68 41 148 60 88 61 59 55 47 40
is_linear=0
shrinkage=0.05


Tree=356
num_leaves=28
num_cat=0
split_feature=9 43 44 5 37 34 15 39 33 36 10 17 20 12 38 9 33 35 5 16 46 39 3 8 4 49 2
split_gain=0.90705 0.895485 1.10149 0.779514 0.954062 1.23606 1.09113 0.878422 1.5794 1.45676 1.72857 1.42104 0.750629 1.03243 0.661178 0.609524 0.552192 1.26309 0.523275 0.644128 0.385057 0.24128 0.234908 0.230488 0.114894 0.104136 0.0357143
threshold=-0.36828932556648614 -0.63717372058869326 -0.84891131098104922 0.93277011972782053 0.34260373918440695 0.30886147685344173 1.0000000180025095e-35 -0.13203421341744279 -0.57871507206660244 -0.29981689334726463 1.0000000180025095e-35 1.0000000180025095e-35 -0.66401429129232348 0.38921393734185333 1.4393626176324021 0.47121692857804814 -0.32291221172258772 -0.33785105091838541 -0.90627598642746521 -0.51146571472381519 0.75786938052398944 -0.88501299345331785 1.1380916721822807 0.067255045475361264 -0.11998185403631688 -0.6747314249098697 1.070228883402752
decision_type=2 2 2 2 2 2 2 2 2 2 2 2 2 2 2 2 2 2 2 2 2 2 2 2 2 2 2
left_child=1 2 -1 4 7 12 -7 16 24 10 -10 -11 23 -14 26 -16 17 18 19 -2 -18 -3 25 -6 -9 -23 -5
right_child=3 21 -4 14 5 6 -8 8 9 11 -12 -13 13 -15 15 -17 20 -19 -20 -21 -22 22 -24 -25 -26 -27 -28
leaf_value=0.010714116777125244 -0.022216608501332426 0.0029609533597890233 -0.00015365630966611117 -0.0037375226488444409 0.00028524490995552546 0.0038880600257633724 0.0025067071399486763 2.128443840976116e-05 0.002477341552176048 -0.0020028081145909084 0.00060896418477439102 0.00062189883787027692 0.0050878492671419103 6.7222457032124468e-05 -8.0055004915292313e-05 0.076328691843458779 -0.0012228667538956256 0.00060797177640677547 -0.011591599819203959 0.0014343685083506262 0.00076258056726308059 -0.006704805629884957 4.2409656849893989e-05 -0.0085640587633376876 -0.0014652536849410133 -0.0066003509728450307 -0.0020346997842299939
leaf_weight=22 23 20 37 50 20 20 22 20 24 35 21 31 25 26 28 20 67 27 39 21 29 30 39 21 27 107 20
leaf_count=22 23 20 37 50 20 20 22 20 24 35 21 31 25 26 28 20 67 27 39 21 29 30 39 21 27 107 20
internal_value=0.00142939 -0.00107843 0.00432203 0.00246753 0.00333333 0.0069403 0.0140476 0.00200549 0.00481013 0.00806306 0.015 0.00333333 0.00369565 0.0077451 -0.00118644 0.00333333 -0.000145632 0.00227273 -0.000783134 0.00295454 -0.00291667 -0.00270408 -0.00329546 -0.00134146 -0.00287234 -0.00427007 -0.00428572
internal_weight=871 255 59 616 498 134 42 364 158 111 45 66 92 51 118 48 206 110 83 44 96 196 176 41 47 137 70
internal_count=871 255 59 616 498 134 42 364 158 111 45 66 92 51 118 48 206 110 83 44 96 196 176 41 47 137 70
is_linear=0
shrinkage=0.05


Tree=357
num_leaves=28
num_cat=0
split_feature=36 41 20 37 10 44 16 2 18 37 9 9 9 3 36 47 16 3 41 2 44 17 8 5 3 8 33
split_gain=0.669666 1.0084 1.87703 0.858283 1.56863 0.855082 1.09755 0.773184 0.745818 1.72857 0.808737 0.645251 0.67549 0.998324 0.768254 0.608952 0.602562 0.534558 0.533333 0.470996 0.426747 0.473485 0.230488 0.161905 0.131691 0.0987154 0.0393617
threshold=-0.076688604164092566 -0.07742134394788526 -0.73041572042155589 1.2724271766077089 0.73934365449905193 0.887857827726246 0.12656440065776017 -1.094149599031953 0.57353148677851917 1.0000000180025095e-35 -0.26335104379841939 -0.31582018468245282 -0.053474480262285844 0.2319176999979152 0.42105911785990685 1.0000000180025095e-35 -0.39753176554853381 1.1380916721822807 -0.44283082062070628 -0.56834013719753318 0.72885783615445143 0.31442102046645098 -0.19083854640487727 1.0000000180025095e-35 -0.6742562721864499 -0.13921982802882954 -1.2096954609151724
decision_type=2 2 2 2 2 2 2 2 2 2 2 2 2 2 2 2 2 2 2 2 2 2 2 2 2 2 2
left_child=1 7 -3 11 -5 6 16 -1 10 -10 24 25 13 22 -15 18 -4 20 -12 -17 23 -22 -13 -14 -9 -2 -26
right_child=3 2 5 4 -6 -7 -8 8 9 -11 15 12 17 14 -16 19 -18 -19 -20 -21 21 -23 -24 -25 26 -27 -28
leaf_value=0.0017063943622822335 -0.0086136735069909549 0.0019357253822923888 0.0030934172793170445 0.003141305553675677 -0.0050053169876170794 -0.0031324680710170453 0.060163171374521852 -0.010697875993822704 -9.37322627573253e-05 0.002277116126714327 4.5962551982363813e-05 -0.022174669550751848 -4.1002185464000018e-05 0.00058771052638279051 0.0037584274708119883 0.00088425158661435677 -0.0032823931268649918 0.00013557327295933425 0.001640171724338761 -0.0013712818607023597 -0.0032369539306758332 0.00058628658963757324 0.00016125587151360763 -0.00075740162790935775 -0.0016816456057048715 -0.00077753840464655241 -0.0024992343919222506
leaf_weight=38 73 25 29 34 20 22 29 20 36 20 30 21 20 24 21 21 28 30 24 34 24 20 20 85 20 29 74
leaf_count=38 73 25 29 34 20 22 29 20 36 20 30 21 20 24 21 21 28 30 24 34 24 20 20 85 20 29 74
internal_value=0.00165901 0.003 0.00665413 0.000225652 0.00611111 0.0037963 0.00604651 0.00146688 0.000555554 0.00571428 -0.000739912 -0.000640328 0.000660376 0.00430232 0.00944444 0.00233945 0.00201754 -0.00108939 0.00611111 -0.00136364 -0.00231544 0.00181818 -0.00134146 -0.00404762 -0.00368421 -0.00401961 -0.00446809
internal_weight=871 450 133 421 54 108 86 317 279 56 223 367 265 86 45 109 57 179 54 55 149 44 41 105 114 102 94
internal_count=871 450 133 421 54 108 86 317 279 56 223 367 265 86 45 109 57 179 54 55 149 44 41 105 114 102 94
is_linear=0
shrinkage=0.05


Tree=358
num_leaves=25
num_cat=0
split_feature=13 44 2 43 2 42 16 8 2 19 17 37 45 41 36 43 42 40 36 8 4 9 34 2
split_gain=0.831513 0.97313 0.773739 0.730841 1.14852 0.685395 1.02574 1.56477 1.81073 1.1679 0.900545 0.549603 0.508466 0.490748 0.501921 0.432748 0.459823 1.12156 1.2315 0.698347 0.334683 0.219436 0.115751 0.0321429
threshold=0.99905156599205769 -0.1884498075289793 1.2291945346550186 -0.60333453242049251 -0.91072769374087637 -0.54540681240323419 -0.19245065703302752 0.73829838436398154 0.39768189733547066 -0.6133503958973926 -0.36729102390789165 -0.70775236605302649 -0.55436596114779657 -0.50641846238809329 -0.23116203513705788 -0.45784779417543803 0.39758589604014916 -0.28548187551109411 -0.076688604164092566 -1.0167380404216404 1.0000000180025095e-35 -0.15841276203035262 -0.049334419108404935 -0.45828699402288725
decision_type=2 2 2 2 2 2 2 2 2 2 2 2 2 2 2 2 2 2 2 2 2 2 2 2
left_child=1 3 5 4 -1 -3 13 8 9 -8 -11 -6 -2 -7 -15 -5 17 19 -19 -17 -4 -21 -14 -18
right_child=12 2 20 15 11 6 7 -9 -10 10 -12 -13 22 14 -16 16 23 18 -20 21 -22 -23 -24 -25
leaf_value=0.012701007597883019 0.0067861592403397732 0.0053938666946555715 -0.0027679080199852165 -0.0072320329269269156 0.0013648367769756795 0.0020799877625240358 -0.00020993168100367826 -0.00055016764287212072 0.0018337652862703544 0.0011785120649584896 3.4225122924139724e-05 -0.01850884991744645 -9.9789629089288369e-05 0.0023327469184274796 -0.016392089390224126 0.0033309385880584165 -0.0035562247707338415 0.0012079797359227486 6.0648148708341057e-05 -0.0022102936611379164 0.0024026001841685575 -0.00031844870027847983 -0.0017508625479522484 -0.0022051178865350155
leaf_weight=29 30 33 31 57 35 22 27 38 33 29 30 38 26 22 49 22 20 21 39 70 26 29 79 36
leaf_count=29 30 33 31 57 35 22 27 38 33 29 30 38 26 22 49 22 20 21 39 70 26 29 79 36
internal_value=0.00119977 0.00186141 0.00382353 0.000176766 0.00382353 0.00489399 0.004 0.00646497 0.00928571 0.00546512 0.00940678 0.000479451 -0.00240741 -0.000161292 -0.0021831 -0.00108844 -0.000147681 0.00107735 0.00666667 -0.00169422 -0.00149123 -0.00348485 -0.00404762 -0.00410714
internal_weight=871 736 340 396 102 283 250 157 119 86 59 73 135 93 71 294 237 181 60 121 57 99 105 56
internal_count=871 736 340 396 102 283 250 157 119 86 59 73 135 93 71 294 237 181 60 121 57 99 105 56
is_linear=0
shrinkage=0.05


Tree=359
num_leaves=31
num_cat=0
split_feature=15 10 10 39 46 44 17 42 3 41 33 17 35 41 42 2 37 37 37 10 6 41 33 34 2 5 33 2 2 2
split_gain=0.552285 1.50842 0.857143 0.667244 0.614452 1.03758 1.1708 1.20839 1.00198 0.734135 0.987805 1.10592 0.463628 0.279986 0.504882 0.499563 0.740192 0.639205 0.751392 0.73135 0.313215 0.232995 0.55692 0.14665 0.102439 0.042126 0.0386364 0.034375 0.0277778 0.0261905
threshold=-1.0701361668920668 -0.60018746306305093 -0.12178349250515719 -0.38680300184854488 0.36573573471696769 0.64324245607733121 -0.82176572015745342 0.47377733208436801 1.0000000180025095e-35 -0.040671040717406549 0.018158268736098708 0.087183672341670057 -1.3984467550672408 -0.63994766819357463 1.1001303063180117 -0.93518394777968661 -0.41503017279013527 1.1863324138833291 -0.98325560677104185 1.1220668309453672 0.22858418780146592 0.032802839583063244 -0.42523335586019367 -0.86806789559262554 0.45882253243249621 0.50688575830238602 -0.97094612459409191 -0.28709321575121566 -0.71507766143039453 0.030838086753317225
decision_type=2 2 2 2 2 2 2 2 2 2 2 2 2 2 2 2 2 2 2 2 2 2 2 2 2 2 2 2 2 2
left_child=1 3 -3 -1 12 9 -7 -8 -9 10 11 -6 -2 20 15 16 -15 18 -17 21 26 23 -23 -20 -12 -25 -14 -11 -5 -24
right_child=4 2 -4 28 5 6 7 8 -10 27 24 -13 13 14 -16 17 -18 -19 19 -21 -22 22 29 25 -26 -27 -28 -29 -30 -31
leaf_value=0.0016377586976554716 0.005913242190307361 0.0034253948029781519 0.001981367283388354 -0.010368267254582937 -5.9955010040439913e-05 -0.00067010123113856075 0.00015751292124685951 0.00080560222147043465 0.0029209095549726175 -0.00023232215592429439 -0.018089882591614197 0.00079916563599400291 -0.00050764051328724394 -0.00012767692206973414 -0.0057954282722650604 0.00061182018081222241 0.025166968935767142 0.00090538735173932648 -0.00091032278890306915 0.0045144068592539938 0.00079320077118779665 0.0013659398966401502 -0.0010295344344413788 -0.0010713221417671505 -0.0011697328193547066 -0.0010443145614679808 -0.0021458691618027048 -0.0072694649337372219 -0.0053884970030277151 -0.00043833035484805503
leaf_weight=21 28 21 21 25 20 25 30 22 24 20 21 21 20 23 49 31 20 24 20 21 20 23 20 107 20 20 68 44 20 22
leaf_count=21 28 21 21 25 20 25 30 22 24 20 21 21 20 23 49 31 20 24 20 21 20 23 20 107 20 20 68 44 20 22
internal_value=0.000912743 0.00425926 0.0116667 -0.000454547 0.000439055 0.00248988 0.00638614 0.00947368 0.0145652 -0.000205481 0.00292683 0.00841463 -0.000542637 -0.000901641 -0.000263159 0.000438065 0.00546512 -0.000312501 -0.00102273 -0.00199571 -0.00314815 -0.00287736 -0.000384617 -0.00397959 -0.00256098 -0.0046063 -0.00443182 -0.00421875 -0.00388889 -0.00380953
internal_weight=871 108 42 66 763 247 101 76 46 146 82 41 516 488 380 331 43 288 264 233 108 212 65 147 41 127 88 64 45 42
internal_count=871 108 42 66 763 247 101 76 46 146 82 41 516 488 380 331 43 288 264 233 108 212 65 147 41 127 88 64 45 42
is_linear=0
shrinkage=0.05


Tree=360
num_leaves=28
num_cat=0
split_feature=4 11 6 41 35 20 37 19 4 42 42 16 16 13 17 39 17 4 39 44 7 6 35 5 2 2 2
split_gain=0.994952 0.838856 0.916225 0.987961 1.64028 1.00667 0.996574 0.729218 1.0101 1.26921 0.56917 0.527519 0.522918 0.821266 1.12887 0.868571 0.359097 0.35435 0.330533 0.244241 0.214126 0.460227 0.13986 0.127273 0.0409091 0.0350746 0.0303922
threshold=0.34534055227579702 0.85815554519902371 -1.2963704981227477 -0.29469330947909572 0.51746806533069178 -1.4608314408431118 0.29094688154977905 -0.6133503958973926 0.066147108488528672 -0.26339954912268437 -1.191549770024986 0.37721908884337912 -0.22663084178561191 1.0000000180025095e-35 -0.25367234984550119 -0.36905526317027854 -0.70814704609506285 -0.21304633529873965 -0.83102888188217994 0.031704026955044033 0.091682059728604548 0.79499592828760257 -0.91946804996775777 1.4457671914448216 1.2169664076356135 -0.27486508873181054 -0.86181518566325588
decision_type=2 2 2 2 2 2 2 2 2 2 2 2 2 2 2 2 2 2 2 2 2 2 2 2 2 2 2
left_child=1 2 26 4 7 -5 -6 17 9 10 -9 12 16 14 -14 -15 -7 -4 -2 25 -3 -22 -20 -23 -24 -18 -1
right_child=18 20 3 5 6 11 -8 8 -10 -11 -12 -13 13 15 -16 -17 19 -19 22 -21 21 23 24 -25 -26 -27 -28
leaf_value=-0.17079217662898846 0.0014556521253168472 -0.0019376898145783952 0.0024099406406250233 0.00076658197459348112 0.0022590708915755909 0.0015760078012281805 0.00073392453748558724 0.0012727605739919308 0.005902126524883128 0.00098695882973736 -0.00079561705278047865 -0.00021208986941164592 -0.00019247166539309118 0.00057133200948406015 0.0018822992893531112 -0.001006780028888405 -0.0025876784682638005 -0.019088010303499173 -0.012088903972040941 4.226217283070657e-05 0.00076418698245980961 -0.010153963832814845 -0.00056934043225442615 0.0042488050896380969 -0.024085299266869292 -0.0002466268245332796 -0.13766882444553105
leaf_weight=20 28 43 33 21 20 37 21 33 33 30 36 40 22 25 31 38 47 29 20 22 25 35 90 20 20 20 31
leaf_count=20 28 43 33 21 20 37 21 33 33 30 36 40 22 25 31 38 47 29 20 22 25 35 90 20 20 20 31
internal_value=0.000804597 0.00160112 0.0023854 0.00299256 0.00542553 0.00110561 0.0145122 0.00350515 0.00560606 0.00308081 -0.000652175 0.000319148 0.00119835 0.00362069 0.00820755 -0.000238096 -0.00103175 -0.000967743 -0.00278481 -0.00275281 -0.00215447 -0.000625001 -0.00384616 -0.00318182 -0.00454546 -0.00425373 -0.00401961
internal_weight=870 712 589 538 235 303 41 194 132 99 69 282 242 116 53 63 126 62 158 89 123 80 130 55 110 67 51
internal_count=870 712 589 538 235 303 41 194 132 99 69 282 242 116 53 63 126 62 158 89 123 80 130 55 110 67 51
is_linear=0
shrinkage=0.05


Tree=361
num_leaves=29
num_cat=0
split_feature=13 9 33 38 6 40 5 4 9 9 15 37 15 43 2 34 44 4 17 46 10 6 16 37 43 2 2 2
split_gain=0.906415 1.1835 1.23743 1.29423 0.579659 0.456401 0.522321 0.706195 0.685453 1.42952 0.689655 0.491664 0.655452 0.740548 0.448029 0.556586 0.831392 0.444693 0.751111 0.248328 0.231971 0.255813 0.75 0.152066 0.0430556 0.0327586 0.0318182 0.025
threshold=0.39896359577249502 0.20887122415788115 -0.25469811563085037 1.1135653099254599 -1.2963704981227477 0.93908636533101353 -0.1512991639005585 0.34534055227579702 -0.21088190291438599 -0.36828932556648614 -0.40030793221833455 -1.3620725627583128 -0.17703185399375715 0.08397152443092061 -1.1308339800901683 -0.54398589448428825 -0.66544978224436313 -0.49223977908600797 -0.4809096979702821 0.23093979397080397 2.1745555661727338 1.0000000180025095e-35 -0.18105726211549936 1.3413029867872128 -0.55931868460698064 -0.054758802382518561 -0.874043312682661 -0.066986929401923676
decision_type=2 2 2 2 2 2 2 2 2 2 2 2 2 2 2 2 2 2 2 2 2 2 2 2 2 2 2 2
left_child=1 4 -3 -4 26 6 11 8 9 -8 -10 -6 13 14 -13 16 -16 18 -2 -14 21 22 -19 24 -23 -17 -1 -7
right_child=17 2 3 -5 5 27 7 -9 10 -11 -12 12 19 -15 15 25 -18 20 -20 -21 -22 23 -24 -25 -26 -27 -28 -29
leaf_value=-0.17917887906342844 0.0020766967564586152 0.0029482254071710508 -0.0010663071542750605 0.00058717624986031421 0.0013417658132107784 -0.00030831901587061172 9.7312304938771895e-06 -0.0078017931067621837 -0.00031696056273039708 0.002606579091481842 0.0013105599108647606 0.031842470528177437 -0.0050738486711771908 0.00097136700722907877 -0.00048359960381942402 -0.0028158390973920438 0.0024069008528635858 -0.0052326132348746758 -0.00034620338548938727 0.00059512266463351685 0.010939241006331597 -0.0019495751180452329 0.00050237301116057384 -0.00027333105315039807 -0.0021943604537613751 -0.054462095028818672 -0.13803069834549003 -0.0060856824379371607
leaf_weight=20 20 33 34 20 24 20 27 25 20 25 29 20 66 23 31 38 35 30 25 26 20 20 20 20 124 20 35 20
leaf_count=20 20 33 34 20 24 20 27 25 20 25 29 20 66 23 31 38 35 30 25 26 20 20 20 20 124 20 35 20
internal_value=0.000574711 0.00168359 0.00706896 0.00240741 0.000753967 0.00134744 0.00184596 0.00452381 0.00638614 0.0103846 0.00214286 0.000653709 1.93038e-05 0.00188623 0.000555554 -0.000564517 0.00257576 -0.00177419 0.00277778 -0.00336957 -0.00264957 -0.00313084 -1.19209e-09 -0.00408537 -0.00465278 -0.00413793 -0.00409091 -0.00375
internal_weight=870 591 87 54 504 449 409 126 101 52 49 283 259 167 144 124 66 279 45 92 234 214 50 164 144 58 55 40
internal_count=870 591 87 54 504 449 409 126 101 52 49 283 259 167 144 124 66 279 45 92 234 214 50 164 144 58 55 40
is_linear=0
shrinkage=0.05


Tree=362
num_leaves=30
num_cat=0
split_feature=9 8 42 40 9 36 20 48 13 36 17 36 49 16 43 47 35 7 36 42 35 33 45 33 44 36 10 10 4
split_gain=0.736924 1.13996 0.779642 1.17497 1.39585 1.49625 1.08513 1.0521 1.0613 0.601444 0.975477 1.39442 0.689459 0.629604 0.408429 0.562235 0.445908 0.349215 0.297872 0.418947 0.703943 0.203297 0.140299 0.1375 0.123906 0.229315 0.0373418 0.0321429 0.0282609
threshold=-0.36828932556648614 0.68667966598793384 -0.05560472354754218 0.46783398051256214 -0.21088190291438599 0.0091299685986659298 -0.66401429129232348 1.0000000180025095e-35 -0.20112437444706763 -0.21399832058450616 -0.36729102390789165 -0.62592746984574699 0.23152548893966207 -0.28359781637325249 -0.41366042096389849 0.2319176999979152 -0.13257446301860693 -0.042924152545408031 -0.093852318716644276 -0.44645689546269035 0.38061700673083937 -0.69808974022714276 -0.86040483317748717 -0.59576859608953681 -0.46975748492523134 -0.35130803700491975 0.35662047805273672 0.64366286038747311 1.0000000180025095e-35
decision_type=2 2 2 2 2 2 2 2 2 2 2 2 2 2 2 2 2 2 2 2 2 2 2 2 2 2 2 2 2
left_child=14 2 9 4 -4 -6 -7 8 -5 10 21 12 13 -12 15 16 22 -9 19 -3 -21 -2 -1 -11 -16 -26 -20 -19 -27
right_child=1 18 3 7 5 6 -8 17 -10 23 11 -13 -14 -15 24 -17 -18 27 26 20 -22 -23 -24 -25 25 28 -28 -29 -30
leaf_value=2.9968708733905383e-05 -0.00011330049449684912 -0.0046175200092688721 0.0020200699627481813 -8.2861439069594571e-06 -0.0015074455106865153 0.00057338523702996796 0.0018175074626045882 0.00013758590293564096 0.00087166384766273097 -0.00075188066495763531 8.8172970581858721e-05 0.0048582087997371889 -0.012647006029239329 0.0015549900338084827 -0.0045059223147590937 0.0078029554339023397 0.0014242426952326471 -0.00025142927349824224 -0.00055522975839530334 0.0052141964585928078 -0.00032314407707011942 -0.0022172617687922966 -0.005986734371823915 -0.0017828435665858218 0.0016075144195849891 -0.011053894094066832 -0.0039692275197608573 -0.0017211191811110351 -0.0300080392270488
leaf_weight=20 26 25 22 20 29 24 26 25 39 20 29 24 24 25 69 31 20 36 20 20 23 37 47 44 20 26 59 20 20
leaf_count=20 26 25 22 20 29 24 26 25 39 20 29 24 24 25 69 31 20 36 20 20 23 37 47 44 20 26 59 20 20
internal_value=0.000632183 0.00156402 0.00276596 0.00475104 0.00886138 0.00575949 0.011 0.00178571 0.00686441 0.000676855 0.00227273 0.00529412 0.00205128 0.00518518 -0.00164032 0.000508473 -0.00155173 -0.00191358 -0.00227891 0.000147058 0.00313953 -0.00261905 -0.00350746 -0.0034375 -0.00351852 -0.0019697 -0.00436709 -0.00410714 -0.00391304
internal_weight=870 617 470 241 101 79 50 140 59 229 165 102 78 54 253 118 87 81 147 68 43 63 67 64 135 66 79 56 46
internal_count=870 617 470 241 101 79 50 140 59 229 165 102 78 54 253 118 87 81 147 68 43 63 67 64 135 66 79 56 46
is_linear=0
shrinkage=0.05


Tree=363
num_leaves=26
num_cat=0
split_feature=13 45 15 6 43 12 18 16 15 7 35 33 38 40 15 7 33 33 2 41 46 7 44 16 45
split_gain=0.616871 0.697725 1.02296 0.871072 1.25782 1.0531 0.823511 0.984689 1.57636 0.500954 0.552856 0.540596 0.607287 0.607293 0.5 0.748538 0.726881 0.474402 0.297487 0.400758 0.350168 0.280193 0.14359 0.325926 0.119658
threshold=0.59899291917901587 -0.24832708911810611 -1.0701361668920668 0.097873786150819 -0.10808664004965859 0.38921393734185333 0.57353148677851917 -0.55703929439392763 -0.17703185399375715 -0.44674278936744566 -1.2615956964673884 -0.73219678827301138 -0.066163888508098692 -0.78941234540819682 -0.17703185399375715 1.0000000180025095e-35 0.10342588885077032 0.42744284528652249 -0.066986929401923676 -0.26380345863521631 -0.45529408619148398 1.0000000180025095e-35 0.557627076000211 0.4455794583485479 -0.4686750769794833
decision_type=2 2 2 2 2 2 2 2 2 2 2 2 2 2 2 2 2 2 2 2 2 2 2 2 2
left_child=1 6 -3 14 5 -5 9 -8 -9 10 -1 -12 13 -13 21 16 -16 -6 19 -2 -21 -4 -20 -24 -11
right_child=18 2 3 4 17 -7 7 8 -10 24 11 12 -14 -15 15 -17 -18 -19 22 20 -22 -23 23 -25 -26
leaf_value=0.0070372699106255434 0.00023343168855363084 0.0022059013518087277 -0.0030821063158942099 0.0045779951424059087 0.00036169816101626589 7.7272302471646106e-05 -0.01489146893758103 0.0020594022006243037 -3.6149485680293145e-05 -0.0016262726710610091 -0.0052791015405387757 -0.00015093874098512562 -0.0018863847537991458 0.016785526454714522 0.00077846331906598204 -0.0030384935822501476 0.0060758945239031597 -0.00034528990792619292 -0.0067616769902413476 0.00060186605671472889 -0.00032386791319474338 0.00016611186776123834 0.00045862529307009591 -0.0049353789305089917 -0.00028766170990344612
leaf_weight=25 30 30 58 29 23 20 21 25 30 91 53 25 24 27 34 24 23 33 70 27 39 23 27 33 26
leaf_count=25 30 30 58 29 23 20 21 25 30 91 53 25 24 27 34 24 23 33 70 27 39 23 27 33 26
internal_value=0.000344826 0.00113354 0.00291246 0.00192884 0.00547619 0.0113265 -0.00038905 0.00421053 0.00772727 -0.00167897 0.000194804 -0.00112403 0.00157895 0.00461538 -0.000370372 0.00240741 0.00552631 0.000357142 -0.00190266 0.000208332 -0.0019697 -0.00314815 -0.00346154 -0.00166667 -0.0041453
internal_weight=870 644 297 267 105 49 347 76 55 271 154 129 76 52 162 81 57 56 226 96 66 81 130 60 117
internal_count=870 644 297 267 105 49 347 76 55 271 154 129 76 52 162 81 57 56 226 96 66 81 130 60 117
is_linear=0
shrinkage=0.05


Tree=364
num_leaves=28
num_cat=0
split_feature=4 9 13 37 15 34 34 7 42 39 6 17 37 16 41 8 13 39 11 33 4 41 20 39 2 4 6
split_gain=0.742387 0.735156 1.07427 1.28398 1.20184 1.09911 1.23213 0.794387 0.841258 1.31877 1.38013 0.653923 0.466667 0.419639 0.69128 0.78585 0.350359 0.314038 0.504219 0.303404 0.288157 0.473485 0.185065 0.119048 0.0373418 0.0359155 0.034127
threshold=0.34534055227579702 -0.36828932556648614 0.99905156599205769 -0.19118378970674779 -0.84686008866748941 1.3322783224587178 0.99113937392362572 0.7647131210986674 -0.4218293605797106 -0.22946382116420677 1.0000000180025095e-35 0.2008023464040605 -0.69053341350815056 -0.67097324356920895 -0.42536675342141028 -0.60378829341325879 -0.80121234466663016 -0.18604278268085531 0.53616359807881486 -1.0221066966628947 -0.11998185403631688 -0.18760668801150418 0.39840857477539421 -0.57280248812345658 0.38545377031606554 -0.58530426034843075 -0.59924835598596438
decision_type=2 2 2 2 2 2 2 2 2 2 2 2 2 2 2 2 2 2 2 2 2 2 2 2 2 2 2
left_child=1 13 3 4 -3 6 7 8 -5 10 -10 -11 -4 25 15 -15 -16 18 22 -6 24 -22 -2 -14 -21 -1 -18
right_child=17 2 12 5 19 -7 -8 -9 9 11 -12 -13 23 14 16 -17 26 -19 -20 20 21 -23 -24 -25 -26 -27 -28
leaf_value=-0.030482945369329384 -0.002300605044155584 0.00132748948762104 0.00046911935501810334 -0.00013810629369370782 0.0010172353575668761 -0.00037778246617037938 0.0012598284674043073 -4.5516043375125678e-05 0.0039923778954705129 -3.3574117375461714e-05 0.00018394114720910154 0.0010217009046233326 -0.00041752842620540329 0.0021925709610699146 0.00044296171366262055 -0.00038553648766700738 -0.0035436174318700443 -0.0037211300905633272 0.0020113416722860808 -0.0035789362397805544 -0.0004568678098245063 0.0033192888564529941 -6.3681727611475955e-06 -0.0030137707400097408 -0.021009027099510219 -0.036279606000458979 -0.0035484231633027326
leaf_weight=20 38 37 21 31 23 20 24 23 27 39 29 22 24 24 26 25 20 69 23 59 20 24 28 60 20 51 43
leaf_count=20 38 37 21 31 23 20 24 23 27 39 29 22 24 24 26 25 20 69 23 59 20 24 28 60 20 51 43
internal_value=0.000632183 0.00132022 0.00235586 0.00354271 0.00046448 0.00616279 0.00730769 0.00581871 0.00716216 0.00910256 0.0146429 0.00401639 -0.00214286 -0.00117225 0.000434781 0.00520408 -0.00219101 -0.00246836 -0.000505619 -0.00157534 -0.00256098 0.000681817 -0.00272727 -0.00380953 -0.00436709 -0.00429578 -0.00420635
internal_weight=870 712 503 398 183 215 195 171 148 117 56 61 105 209 138 49 89 158 89 146 123 44 66 84 79 71 63
internal_count=870 712 503 398 183 215 195 171 148 117 56 61 105 209 138 49 89 158 89 146 123 44 66 84 79 71 63
is_linear=0
shrinkage=0.05


Tree=365
num_leaves=27
num_cat=0
split_feature=45 20 35 42 45 4 4 9 35 16 2 40 6 37 46 7 6 37 4 2 2 12 33 35 6 5
split_gain=0.694073 0.709765 1.37192 1.66493 1.01428 0.529478 0.929753 0.731002 1.40833 0.625 0.544071 0.518775 0.355212 0.309874 0.60518 0.756463 1.10592 0.484454 0.476582 0.466667 0.292105 0.180891 0.175095 0.145946 0.100561 0.498121
threshold=-1.0929943759200518 -1.12882429519695 0.20955318348102395 -0.53551182070917969 -0.98282038198936339 0.15921158975095148 0.53146951480064264 0.051463801505780955 -0.13257446301860693 -0.43171195030111825 -1.1186058530707632 0.79117503286974789 -0.076406749383376896 -0.053432169347740158 -0.12443132254180948 1.0000000180025095e-35 0.53357512498630888 -1.2931967525788091 1.0000000180025095e-35 -0.33600572382883614 0.14089122992796327 -0.39206532149820422 0.80262037379107765 -1.0392127262426285 -0.42496782045176862 -0.61590028545557796
decision_type=2 2 2 2 2 2 2 2 2 2 2 2 2 2 2 2 2 2 2 2 2 2 2 2 2 2
left_child=23 2 3 -2 -3 10 7 8 9 -7 -6 -9 -5 17 15 19 -17 -12 21 -15 -8 -16 24 -1 25 -19
right_child=1 4 -4 12 5 6 20 11 -10 -11 13 -13 -14 14 18 16 -18 22 -20 -21 -22 -23 -24 -25 -26 -27
leaf_value=-0.0075410848368239764 0.0016892292873534913 0.0019254776097959465 0.0033253490987909477 -0.021937526654562264 0.00077475643134271147 0.0042401562775952056 -0.015053696462703848 -0.0031102336079593283 0.0068879783644654599 -0.00016455688415267322 0.00033042494580252365 0.0020084815355015757 0.00019991052010212801 -0.0022369937561408193 -5.3271681915023132e-05 0.0010317048859927345 -0.00022691461553876686 -0.0077520321271340314 0.0015121237214459323 0.0023442879845504399 0.00020552333368202384 -0.00027480116238831804 2.618725745321387e-05 -0.0053470300853046809 -0.0012055815093807358 0.0014929115190609238
leaf_weight=20 30 26 36 46 33 20 37 21 20 20 20 23 28 28 33 21 20 58 20 20 20 65 27 54 84 23
leaf_count=20 30 26 36 46 33 20 37 21 20 20 20 23 28 28 33 21 20 58 20 20 20 65 27 54 84 23
internal_value=0.000978897 0.00141848 0.00464286 0.00173077 0.000712049 0.000301793 0.00276397 0.00557692 0.00916667 0.00375 -0.000575222 0.000681817 -0.0022973 -0.00106205 0.000314008 0.00342697 0.00841463 -0.00240566 -0.0020339 -0.000833335 -0.00236842 -0.00346939 -0.00317708 -0.00364865 -0.00378788 -0.00253087
internal_weight=853 779 140 104 639 613 161 104 60 40 452 44 74 419 207 89 41 212 118 48 57 98 192 74 165 81
internal_count=853 779 140 104 639 613 161 104 60 40 452 44 74 419 207 89 41 212 118 48 57 98 192 74 165 81
is_linear=0
shrinkage=0.05


Tree=366
num_leaves=29
num_cat=0
split_feature=36 36 45 7 33 45 36 49 36 36 42 2 12 9 36 13 43 36 16 10 36 44 11 13 48 2 2 0
split_gain=0.668039 0.826546 0.983934 1.11636 2.04024 1.33333 0.87845 1.00355 1.08382 0.859005 1.27773 1.0726 1.02317 1.00161 0.782669 0.584127 0.415966 0.41146 0.4 0.293525 0.292089 0.372821 0.230342 0.384127 0.280519 0.040566 0.0333333 0.0267442
threshold=1.2792448454874921 0.43822283241245852 -0.49315818674185852 0.091682059728604548 0.018158268736098708 0.41271687446602551 -0.025197460506437473 0.23152548893966207 -0.96920176089678101 -0.83189204447636733 -1.1183268314889834 0.49550691349071158 -0.91291816072490928 0.051463801505780955 -0.23116203513705788 -0.60118302126010925 -0.23574228453399412 -0.38563546611002314 -0.055729918022689943 -0.98291063950936608 -1.2094937646325048 -0.7021420879917003 0.21417165095860605 0.59899291917901587 0.6850046860900979 -0.80067455056623038 0.6544725647429781 1.0000000180025095e-35
decision_type=2 2 2 2 2 2 2 2 2 2 2 2 2 2 2 2 2 2 2 2 2 2 2 2 2 2 2 2
left_child=1 6 -3 15 -5 -6 7 8 20 -10 27 12 -12 17 19 -4 -13 -14 -17 -9 21 -1 23 24 -8 -21 -2 -11
right_child=26 2 3 4 5 -7 22 14 9 10 11 16 13 -15 -16 18 -18 -19 -20 25 -22 -23 -24 -25 -26 -27 -28 -29
leaf_value=-0.0015234414746602739 -0.00024528037221236532 -0.0008525897487707255 -0.0071196542776603387 0.0016732497915275047 0.0014964545855585452 -0.00021206832827034267 -0.020476027394916139 -2.3897094683801027e-05 0.0093146813738182368 -0.00094450280183352173 0.018136933539811707 0.0012969980039101176 -0.0020013904649489427 0.0039990759648993171 0.00046190735507781037 0.0073139805405740242 -0.0010000312760310289 0.00074549813062845709 -2.3220449613734493e-05 -0.017922544651377138 -0.013806349722685055 0.0011027063583035836 -0.010251447949833787 0.00114128283539263 6.0354073875062933e-05 -0.0017712299741243958 -0.0032111728624967077 -0.026420563048828716
leaf_weight=27 40 23 23 21 20 30 48 22 31 20 21 34 28 22 35 20 22 29 20 20 36 24 66 20 22 86 20 23
leaf_count=27 40 23 23 21 20 30 48 22 31 20 21 34 28 22 35 20 22 29 20 20 36 24 66 20 22 86 20 23
internal_value=0.00092028 0.00130517 0.00455414 0.00619403 0.010493 0.005 0.000503143 0.0015625 0.00320189 0.005 0.00379397 0.00589743 0.009 0.0063924 -0.00162577 0.00134921 0.000357142 0.00289474 0.005 -0.0034375 -0.00155173 0.000882352 -0.00275641 -0.00111111 -0.00285714 -0.0045283 -0.00416667 -0.00383721
internal_weight=853 793 157 134 71 50 636 480 317 230 199 156 100 79 163 63 56 57 40 128 87 51 156 90 70 106 60 43
internal_count=853 793 157 134 71 50 636 480 317 230 199 156 100 79 163 63 56 57 40 128 87 51 156 90 70 106 60 43
is_linear=0
shrinkage=0.05


Tree=367
num_leaves=27
num_cat=0
split_feature=36 36 9 38 19 10 2 3 4 46 46 12 11 10 2 6 8 39 39 39 38 40 4 2 2 2
split_gain=0.593279 0.670974 0.77986 1.23233 0.932231 0.517564 1.95918 0.584687 0.707357 0.921878 1.25447 0.662182 0.474725 0.401743 0.827733 1.03733 0.472009 0.208078 0.564862 0.156318 0.225194 0.128594 0.114286 0.042 0.0333333 0.0307692
threshold=1.2792448454874921 0.43822283241245852 -0.26335104379841939 -0.23077726503371152 1.0000000180025095e-35 -1.2699530218441024 -0.77621829652742014 1.0000000180025095e-35 -0.39917529782358513 -0.72488596768381142 -0.17344802826768715 0.9100667765685585 0.53616359807881486 -0.60018746306305093 0.10420684886974792 -0.42496782045176862 0.22211120060350439 -0.13203421341744279 0.043780720686695314 0.55075272329011404 -0.4639795484449965 0.38355891899393368 -0.21304633529873965 -1.0696933449931427 0.6544725647429781 0.96017574022810592
decision_type=2 2 2 2 2 2 2 2 2 2 2 2 2 2 2 2 2 2 2 2 2 2 2 2 2 2
left_child=1 5 -3 -4 12 6 -1 11 9 -9 -11 13 -5 22 15 -15 25 21 -19 20 -20 23 -7 -10 -2 -16
right_child=24 2 3 4 -6 7 -8 8 17 10 -12 -13 -14 14 16 -17 -18 18 19 -21 -22 -23 -24 -25 -26 -27
leaf_value=-0.013001402386752264 -0.00023301635360175709 -0.006534797384332167 0.0049413388921833411 0.00021031149369177347 0.0011751307313769602 -0.020292084841354408 0.0088266095848012777 -0.0060104506465674746 -0.00037390406836318213 0.018505600555304657 -6.9019874289494938e-05 0.002002360711271326 -0.00019798576879848282 0.002861627376743225 -0.025179095720302636 -0.00014461850037655148 0.0015976257398362928 0.00022318591089886148 -0.0027944594232600806 -0.011568712532045387 0.0014567442640110431 -2.5300879918888791e-05 -0.0024670859901447018 -0.0017131843402272207 -0.0030506142193713667 -0.0074556218066701126
leaf_weight=24 40 30 24 35 38 28 25 28 20 26 33 34 30 35 32 32 20 23 20 45 29 22 35 105 20 20
leaf_count=24 40 30 24 35 38 28 25 28 20 26 33 34 30 35 32 32 20 23 20 45 29 22 35 105 20 20
internal_value=0.000627197 0.000989911 0.0039172 0.00562992 0.00325243 0.000267294 0.00520408 -0.000144805 -0.00143875 0.00247126 0.00601695 0.00177966 -0.000384617 0.000693068 0.00219424 0.00619403 -0.00152778 -0.00272727 -0.00115385 -0.00287234 -0.000918369 -0.00397959 -0.00261905 -0.0046 -0.00416667 -0.00403846
internal_weight=853 793 157 127 103 636 49 587 351 87 59 236 65 202 139 67 72 264 117 94 49 147 63 125 60 52
internal_count=853 793 157 127 103 636 49 587 351 87 59 236 65 202 139 67 72 264 117 94 49 147 63 125 60 52
is_linear=0
shrinkage=0.05


Tree=368
num_leaves=27
num_cat=0
split_feature=15 6 5 49 17 43 40 42 17 4 15 13 39 47 45 10 41 40 38 9 39 10 17 2 4 9
split_gain=0.717216 1.91347 0.854398 0.733958 0.737311 0.574327 0.538194 0.658893 1.00098 1.32024 1.44048 0.681323 1.28442 1.36827 0.728139 0.420168 0.400017 0.378788 0.362656 0.31746 0.160784 0.14026 0.122454 0.0422481 0.0307692 0.0272727
threshold=-1.0701361668920668 -0.77352889152016024 -0.17065754396535096 0.68465394586442807 0.99613306484079367 0.27820093956385927 1.635645547270695 -0.89865801588097605 1.0000000180025095e-35 1.0000000180025095e-35 1.0000000180025095e-35 1.0000000180025095e-35 -0.77749376957443761 1.0000000180025095e-35 0.66978952697096561 -0.79154905128620856 -0.59465764983405467 -1.4068561634732479 -0.66974626910201251 0.051463801505780955 0.70954743468261972 -0.69586825717462975 1.1097517389031843 -0.82513080460504062 -0.21304633529873965 -0.47322760733455299
decision_type=2 2 2 2 2 2 2 2 2 2 2 2 2 2 2 2 2 2 2 2 2 2 2 2 2 2
left_child=1 16 -3 4 6 22 7 17 11 10 -10 18 -13 14 -14 -6 -1 -2 -9 -20 -17 -19 23 -5 -15 -18
right_child=3 2 -4 5 15 -7 -8 8 9 -11 -12 12 13 24 -16 20 25 21 19 -21 -22 -23 -24 -25 -26 -27
leaf_value=0.0054745936253239764 0.0033092482631904042 0.00011523512347943922 0.0014697631941527744 -0.00079967832968354669 0.00062520063943309926 0.0011680802203904543 -0.0091938505499789078 0.00024436249263280605 0.00071848227492174802 0.0063326432360732467 -0.00029157962832029454 0.0026696172106161248 0.0012035286484401624 -0.0083591062876691696 0.001887679342006058 -0.002389264627344078 -0.031628644622032381 -0.003217616105365187 -0.0057255537706583657 6.9728862751481117e-05 -0.00016179744009321153 -0.00020805211641489264 -9.8953821943349903e-05 -0.00056213860490818962 -0.0016837238125253732 -0.052654165838139415
leaf_weight=21 21 23 20 20 24 20 28 22 27 38 36 23 22 20 20 82 24 42 60 21 20 35 23 109 32 20
leaf_count=21 21 23 20 20 24 20 28 22 27 38 36 23 22 20 20 82 24 42 60 21 20 35 23 109 32 20
internal_value=0.000451347 0.00425926 0.0124419 -0.000100672 0.000759161 -0.00296512 0.00171141 0.0021599 0.00325545 0.00737624 0.00293651 0.00136364 0.00397436 0.00138298 0.00809524 -0.00261905 -0.00115385 -0.00142857 -0.00160194 -0.00314815 -0.00401961 -0.00305195 -0.00401316 -0.0046124 -0.00403846 -0.00386364
internal_weight=853 108 43 745 573 172 447 419 321 101 63 220 117 94 42 126 65 98 103 81 102 77 152 129 52 44
internal_count=853 108 43 745 573 172 447 419 321 101 63 220 117 94 42 126 65 98 103 81 102 77 152 129 52 44
is_linear=0
shrinkage=0.05


Tree=369
num_leaves=27
num_cat=0
split_feature=41 37 3 10 15 17 8 43 10 0 44 7 0 46 2 37 4 20 40 15 46 37 43 46 11 0
split_gain=0.797785 1.21456 0.628311 0.965685 1.05073 0.726977 0.711765 1.40167 0.822857 0.541126 0.453118 0.653333 0.409852 0.519479 0.869836 0.904896 1.02719 0.379447 0.27 0.258117 0.254386 0.245 0.272222 0.12037 0.0950226 2.22045e-16
threshold=-0.90754259689328343 -0.26005959988625166 1.0000000180025095e-35 -0.69586825717462975 -0.84686008866748941 0.2008023464040605 -0.13921982802882954 -0.13670394518780876 1.1220668309453672 1.0000000180025095e-35 -0.041680584539630423 0.63010690882465481 -1.0000000180025095e-35 -0.71263179125234188 -0.91072769374087637 0.084319451011267518 -0.11998185403631688 -0.33200714564616179 -0.15820933362581849 -0.17703185399375715 -0.23471891042503432 1.0830186986140735 -0.51691776010731638 -0.79841102627262794 1.0000000180025095e-35 -0.74914607737310734
decision_type=2 2 2 2 2 2 2 2 2 2 2 2 2 2 2 2 2 2 2 2 2 2 2 2 2 2
left_child=1 9 3 19 -5 6 7 -6 18 -1 -7 -12 21 24 -15 20 -17 -18 -8 -2 -16 22 -4 -24 -14 -25
right_child=2 -3 12 4 5 10 8 -9 -10 -11 11 -13 13 14 15 16 17 -19 -20 -21 -22 -23 23 25 -26 -27
leaf_value=0.00017378033618423486 -0.023091741715320718 0.0038334699659662314 8.0300942065094394e-06 0.0010075725296001003 0.00030516270233999382 -0.011846023803352895 0.00011583979794251385 0.0015217297425261674 0.067534358474418618 -0.050810680822758636 0.00096878509203226723 -0.0026579325157656836 -0.0047198137335358707 0.032122319913278262 4.2220870313065213e-05 0.0018117366343363833 -0.0019891235911814026 0.0035044798748600117 -0.0012655223576518726 -0.011801780737821642 -0.0019709794690553058 0.00015548146387681997 -0.0003684722524901237 -0.00030165538110222851 -0.00036775472134208668 -0.0010690477597768142
leaf_weight=22 53 22 36 33 25 43 20 24 20 20 30 20 42 22 38 35 24 22 30 24 58 20 27 75 26 42
leaf_count=22 53 22 36 33 25 43 20 24 20 20 30 20 42 22 38 35 24 22 30 24 58 20 27 75 26 42
internal_value=0.00056858 0.0059375 0.000133079 0.0018323 0.00336735 0.00207547 0.00466386 0.00928571 0.00142857 0.00095238 -0.00123656 0.002 -0.00103855 0.000243445 0.00153266 0.00036723 0.00425926 -0.000652175 -0.002 -0.00305195 -0.00291667 -0.00275 -0.00333333 -0.00430556 -0.00352941 -0.005
internal_weight=853 64 789 322 245 212 119 49 70 42 93 50 467 267 199 177 81 46 50 77 96 200 180 144 68 117
internal_count=853 64 789 322 245 212 119 49 70 42 93 50 467 267 199 177 81 46 50 77 96 200 180 144 68 117
is_linear=0
shrinkage=0.05


Tree=370
num_leaves=27
num_cat=0
split_feature=43 37 42 40 46 16 4 11 39 44 9 15 37 40 33 45 36 38 5 0 11 6 5 7 9 7
split_gain=1.2617 0.811135 0.990912 2.17606 1.1268 0.776132 1.38667 0.75 0.718103 0.728636 0.614624 0.99344 0.534712 0.354194 1.24067 0.540429 0.915978 0.510057 1.11441 0.373077 0.323153 0.301042 0.135 0.113043 0.04 0.0373418
threshold=-0.40149813223371134 0.41147954936391079 -0.89865801588097605 -0.71717657839222981 -0.52881914478030045 0.092384215905175773 1.0000000180025095e-35 1.0000000180025095e-35 -1.0136988246398522 -0.39637287343055688 -0.36828932556648614 -0.84686008866748941 -1.1554451322198014 0.010340789411437823 -0.40817983183725931 -0.4686750769794833 0.33524054509714835 0.86664524513704067 0.93277011972782053 1.2485767956218459 0.53616359807881486 -0.59924835598596438 -1.1966516873993522 0.22628827200261711 -0.42075846645051956 -0.24483347095642685
decision_type=2 2 2 2 2 2 2 2 2 2 2 2 2 2 2 2 2 2 2 2 2 2 2 2 2 2
left_child=1 2 8 -4 -5 6 7 -6 -1 12 22 -12 -10 21 -15 16 -16 19 -19 -17 -20 -13 -2 -3 -24 -23
right_child=10 23 3 4 5 -7 -8 -9 9 -11 11 13 -14 14 15 17 -18 18 20 -21 -22 25 24 -25 -26 -27
leaf_value=0.0091581995351694978 -0.015310513074566582 -0.0015660101487797976 0.02902409306572791 -0.016831842183604475 0.0043999533897879596 0.0011120943884520619 -0.010908357230232238 5.01161004800698e-05 0.00018094343401213768 0.0046737330600711523 0.00032737221670777405 0.0030693893321480079 -0.0022471248328073275 0.0025533577686486304 0.034587083093437977 -0.00071792385715969216 -0.0015417379051192808 0.0010674204352908586 0.00014226378838250159 0.00032845789642741753 -0.0150893830054964 -0.0010032116518353766 -0.0060343270970666003 -8.1409280189564739e-05 -0.0021912177440626605 -0.00041487134614735956
leaf_weight=20 20 26 20 24 28 29 26 21 31 24 33 20 61 20 25 97 23 27 29 20 41 20 80 20 20 59
leaf_count=20 20 26 20 24 28 29 26 21 31 24 33 20 61 20 25 97 23 27 29 20 41 20 80 20 20 59
internal_value=0.000902777 0.00333333 0.00433098 0.00716216 0.00476562 0.00701923 0.00433333 0.00928571 0.00125 -0.000258622 -0.000599252 0.000314008 -0.00228261 -0.000406825 0.000496453 -0.000419849 0.004375 -0.00149533 0.00118557 -0.00371795 -0.00214286 -0.0029798 -0.00375 -0.00282609 -0.0045 -0.00436709
internal_weight=864 330 284 148 128 104 75 49 136 116 534 414 92 381 282 262 48 214 97 117 70 99 120 46 100 79
internal_count=864 330 284 148 128 104 75 49 136 116 534 414 92 381 282 262 48 214 97 117 70 99 120 46 100 79
is_linear=0
shrinkage=0.05


Tree=371
num_leaves=27
num_cat=0
split_feature=49 13 45 4 4 43 2 2 7 13 16 3 39 34 12 41 17 2 0 37 13 36 2 2 4 2
split_gain=0.742009 0.695203 0.888889 1.34497 0.611542 1.01181 0.795566 1.33062 0.902284 1.3593 1.72803 0.687719 1.07457 0.649907 0.629896 0.629762 0.625 0.490597 0.438776 0.430976 0.15417 0.10931 0.0422481 0.0410714 0.034375 0.0333333
threshold=0.68465394586442807 -0.20112437444706763 -0.62781529043492235 -0.11998185403631688 -0.21304633529873965 0.29563507680112466 -0.88627143970206612 -0.65393702633336903 0.29359137813962344 0.99905156599205769 0.10377761082270391 -0.6742562721864499 -0.99265054503777461 -0.71455536875183412 1.0000000180025095e-35 -0.62977884942255391 0.087183672341670057 -0.47051512104229237 1.2485767956218459 -0.41503017279013527 0.79902224258553678 -1.0378566191069878 -0.89849956672147124 0.59944599315565505 0.53146951480064264 0.56887567560714236
decision_type=2 2 2 2 2 2 2 2 2 2 2 2 2 2 2 2 2 2 2 2 2 2 2 2 2 2
left_child=4 2 -2 -4 11 6 19 16 13 10 -10 14 -13 -9 -1 -15 -8 -7 20 -6 21 -14 -23 -3 -19 -17
right_child=1 23 3 -5 5 17 7 8 9 -11 -12 12 18 15 -16 25 -18 24 -20 -21 -22 22 -24 -25 -26 -27
leaf_value=0.0024482078886117007 -0.0012832310177044544 -0.0011006899694778645 0.0020774743200467904 -0.0012217684865267417 -0.0053176078037053673 0.0081842144550011327 0.0023739141408303435 0.0023475640005597253 -0.00057781002278931265 -0.0013904728042035222 0.0017382243018219615 0.00060729427165640568 -0.00012742425507762081 0.00083809528311517938 -0.00099160293584313461 -0.00059105530099936806 0.0034088560731876522 -0.0050291977111830491 0.00024609468782852101 0.00073325157999697599 -0.00093422993488560834 -0.00073376622346948527 -0.0017103137766952062 -0.003304686380335751 -0.015457162478609718 -0.027358611887431862
leaf_weight=37 30 92 23 22 32 29 20 34 20 28 39 21 25 24 20 40 20 44 22 22 31 20 109 20 20 20
leaf_count=37 30 92 23 22 32 29 20 34 20 28 39 21 25 24 20 40 20 44 22 22 31 20 109 20 20 20
internal_value=0.000729165 -0.00205882 0.00166667 0.00611111 0.00149926 0.00278061 0.00419732 0.00540816 0.00378049 0.00764368 0.0119492 -0.000263159 -0.00149123 0.000932202 0.00464912 -0.00142857 0.01375 -0.00177419 -0.00258454 -0.0012963 -0.00337838 -0.00402598 -0.0046124 -0.00455357 -0.00421875 -0.00416667
internal_weight=864 187 75 45 677 392 299 245 205 87 59 285 228 118 57 84 40 93 207 54 185 154 129 112 64 60
internal_count=864 187 75 45 677 392 299 245 205 87 59 285 228 118 57 84 40 93 207 54 185 154 129 112 64 60
is_linear=0
shrinkage=0.05


Tree=372
num_leaves=28
num_cat=0
split_feature=43 43 45 2 30 10 15 9 49 17 17 43 35 35 47 17 39 12 9 17 43 2 45 37 5 2 2
split_gain=0.93809 0.761806 0.875806 1.01762 1.15588 1.53575 0.685714 0.633221 0.679992 0.764338 0.898679 1.04828 1.782 1.66762 0.764626 0.95275 0.619547 0.576376 0.531463 0.46299 0.336872 0.307692 0.157895 0.1375 0.129825 0.040991 0.0348485
threshold=-0.51510796014107785 -0.75533859377444823 -0.76247239412798617 -0.71507766143039453 -0.42388298675130026 0.35662047805273672 -0.84686008866748941 -0.47322760733455299 0.68465394586442807 1.1097517389031843 -1.049003068282234 -0.082347277774933225 -0.14968084534358847 0.27797871278095015 1.0000000180025095e-35 -0.4809096979702821 -0.47807506569765784 1.0000000180025095e-35 -0.36828932556648614 1.1097517389031843 0.16633661017272791 0.48327878647130645 -0.95833727222698817 -0.4322491253350112 0.081001396876951293 -0.80067455056623038 -0.50719950210050768
decision_type=2 2 2 2 2 2 2 2 2 2 2 2 2 2 2 2 2 2 2 2 2 2 2 2 2 2 2
left_child=1 6 18 -4 -5 -6 -1 22 9 10 16 12 17 -14 15 -13 -9 -12 -3 20 25 -17 -2 -11 -16 -10 -18
right_child=7 2 3 4 5 -7 -8 8 19 23 11 14 13 -15 24 21 26 -19 -20 -21 -22 -23 -24 -25 -26 -27 -28
leaf_value=0.0049318371689147976 -0.0054753947549610223 0.0017586726187574075 0.013237870444656841 -0.017184876461519751 0.0013598132357046403 -6.8194527758817311e-05 -0.0071187089599143577 0.00061634045537864435 -0.0008342254657033838 -0.0016815086541335207 -0.0015875510534746789 0.0011003957992474411 0.0038150495988787912 0.00024036554489917307 -0.0002428470499023938 0.00085838645360620863 -0.00018775314186094275 0.00078942686977107762 -0.0087229502149720386 5.8705254111985456e-05 0.00064926757007443398 -0.00046925170922365415 -0.019857309431530495 -0.003520735275635067 -0.024964751747228058 -0.00060633231582505611 -0.0016228783775382759
leaf_weight=30 20 24 25 32 22 23 40 25 20 20 31 22 22 37 20 26 20 20 25 21 20 26 75 44 37 91 46
leaf_count=30 20 24 25 32 22 23 40 25 20 20 31 22 22 37 20 26 20 20 25 21 20 26 75 44 37 91 46
internal_value=0.000787036 0.00359728 0.00559603 0.00823529 0.00538961 0.0105556 -0.000714287 -0.00017885 0.000474451 0.00156566 0.00253012 0.00412863 0.00772727 0.0136441 0.00110687 0.00445946 -0.0017033 0.000882352 0.00010204 -0.00236842 -0.00347328 0.00076923 -0.00394737 -0.0034375 -0.00324562 -0.00454955 -0.00424243
internal_weight=864 221 151 102 77 45 70 643 548 396 332 241 110 59 131 74 91 51 49 152 131 52 95 64 57 111 66
internal_count=864 221 151 102 77 45 70 643 548 396 332 241 110 59 131 74 91 51 49 152 131 52 95 64 57 111 66
is_linear=0
shrinkage=0.05


Tree=373
num_leaves=27
num_cat=0
split_feature=41 41 4 3 4 41 43 42 46 14 45 12 15 18 46 12 44 39 41 12 33 7 20 43 2 2
split_gain=0.74894 1.94956 0.947125 0.876366 1.20485 0.99266 1.03638 0.846454 1.07714 0.687961 0.67328 0.745536 1.06741 0.492308 0.440913 0.499512 0.72 0.345734 0.686548 0.851104 0.882436 0.111002 0.0413793 0.0410401 0.033871 0.0318182
threshold=-0.016747140011085893 -0.052233661762639091 -0.86449770413569904 -0.6742562721864499 -0.3061108165611624 -0.99508507508017108 0.08397152443092061 -0.48207886556128637 0.9539362034275003 1.1778173337107767 2.0286021187827918 1.1704931961819109 0.93934853712913002 -1.456050416618528 0.41475244044284543 1.0000000180025095e-35 0.64324245607733121 0.030431272356366688 -0.63994766819357463 -0.65249174111155672 -0.22059106758498179 -1.1197738507375083 -0.7968171495507882 -0.26839530173721854 -0.82513080460504062 -0.44605886700348213
decision_type=2 2 2 2 2 2 2 2 2 2 2 2 2 2 2 2 2 2 2 2 2 2 2 2 2 2
left_child=1 2 -1 7 21 -6 9 -4 13 17 11 14 -13 -9 23 16 -16 18 25 -20 -21 -5 -23 -2 -19 -7
right_child=10 -3 3 4 5 6 -8 8 -10 -11 -12 12 -14 -15 15 -17 -18 24 19 20 -22 22 -24 -25 -26 -27
leaf_value=0.0046313834853804635 -0.00049622171391018057 0.0056177702415483415 0.003631178083363466 -0.00078377500458021556 0.0092493870360954317 -0.01321147441764607 0.0017417294911720562 0.00026636980659656729 0.00029152541155194926 0.0010127015706707695 0.00048206366904631138 -0.0049720242557867618 0.032578056582197382 -0.024504897025311761 -0.0076203508397669623 -0.0012721961805224336 0.0012102399727179332 -0.00093861336164699494 -0.0097801525277887089 0.001304174733547528 -0.00026572400792227428 -0.0056011524002993994 -0.00030733355822168754 -0.0014627785592829382 -0.002094257711405768 -0.00038395979623007614
leaf_weight=21 21 24 21 24 20 35 26 20 20 23 26 28 25 32 25 32 25 20 32 32 23 20 96 131 42 20
leaf_count=21 21 24 21 24 20 35 26 20 20 23 26 28 25 32 25 32 25 20 32 32 23 20 96 131 42 20
internal_value=0.000787036 0.00189655 0.00126186 0.000830038 -0.000157386 0.00177656 0.000928853 0.00521505 0.00263889 -0.000154186 -0.00116614 -0.00186411 0.00349056 -0.00115385 -0.00307692 -0.000121952 0.003 -0.00107843 0.000281689 0.00304598 0.00681818 -0.00392857 -0.00456897 -0.00467105 -0.00419355 -0.00409091
internal_weight=864 551 527 506 413 273 253 93 72 227 313 287 53 52 234 82 50 204 142 87 55 140 116 152 62 55
internal_count=864 551 527 506 413 273 253 93 72 227 313 287 53 52 234 82 50 204 142 87 55 140 116 152 62 55
is_linear=0
shrinkage=0.05


Tree=374
num_leaves=25
num_cat=0
split_feature=3 46 39 15 33 39 9 17 33 34 4 17 17 15 8 39 15 9 39 33 18 39 3 10
split_gain=0.670657 0.921764 0.945378 1.11176 0.618467 0.586327 0.954635 0.428572 0.555951 1.11039 1.31868 0.467957 0.431642 0.867789 0.36771 0.431913 0.32301 0.546089 0.262987 0.155745 0.695122 0.127273 0.113043 0.0367669
threshold=-0.6742562721864499 0.48827749903166201 0.46924908146459837 -0.17703185399375715 -0.42523335586019367 -0.99265054503777461 -0.053474480262285844 -0.25367234984550119 -0.74925031229594574 -0.509871999630779 1.0000000180025095e-35 0.2008023464040605 0.42803969452884144 -0.17703185399375715 -1.1199754771737356 1.392284155395749 0.26952030245539771 0.051463801505780955 -0.81543211030417451 -0.3740727837913907 -0.29628932896307253 -0.35556029569097958 0.6850046860900979 1.0263860368337883
decision_type=2 2 2 2 2 2 2 2 2 2 2 2 2 2 2 2 2 2 2 2 2 2 2 2
left_child=1 4 3 -3 -1 6 -2 14 11 10 -10 -9 13 -11 -7 18 17 22 -16 20 -20 -6 -14 -21
right_child=5 2 -4 -5 21 7 -8 8 9 12 -12 -13 16 -15 15 -17 -18 -19 19 23 -22 -23 -24 -25
leaf_value=0.0034496191791951107 0.011050495105134841 -0.00095899663223084617 0.00095607698837277841 0.0014930947927979795 -0.0001453763435768306 0.0025639530327670251 -0.00066463436830747598 9.6409037077112706e-05 -2.7040683675588698e-05 -0.00023009419815100637 0.0026878372694174109 -0.0025480457402252896 -0.0046100187159430171 0.0014635783174158921 0.0007686821267938852 0.00045821545396729441 -0.0010622775932678859 0.00049534974858563593 0.00046859244645544915 -0.00092784985835442043 -0.00042070919582967248 -0.029721366326493911 -4.4171138421079613e-05 -0.004492751927907458
leaf_weight=21 38 21 21 30 20 22 34 25 35 31 30 68 26 39 21 22 53 21 25 126 57 35 20 23
leaf_count=21 38 21 21 30 20 22 34 25 35 31 30 68 26 39 21 22 53 21 25 126 57 35 20 23
internal_value=0.000381943 0.00344594 0.0075 0.00382353 -0.000394738 -0.000251398 0.00402778 -0.000729815 0.000459769 0.00166667 0.00730769 -0.00284946 -0.000263159 0.00285714 -0.00212838 -0.00262774 -0.00208333 0.000223879 -0.00321429 -0.0037013 -0.00195122 -0.00318182 -0.00282609 -0.00466443
internal_weight=864 148 72 51 76 716 72 644 348 255 65 93 190 70 296 274 120 67 252 231 82 55 46 149
internal_count=864 148 72 51 76 716 72 644 348 255 65 93 190 70 296 274 120 67 252 231 82 55 46 149
is_linear=0
shrinkage=0.05


Tree=375
num_leaves=25
num_cat=0
split_feature=46 43 47 43 41 39 45 0 10 10 33 13 37 5 37 45 15 9 43 36 44 44 5 6
split_gain=0.990091 1.15107 1.33545 1.06887 1.0719 1.19742 0.697651 0.779548 0.686762 1.01415 0.843809 0.611506 0.34212 0.840299 1.00706 0.558614 0.819398 0.455141 0.452078 0.303209 0.286254 0.150617 0.0427536 0.0364865
threshold=-0.33275232187678971 -0.087973033218472593 1.1380916721822807 -0.18865258330134491 -0.90754259689328343 0.55459540806065355 0.057711782911584394 1.0000000180025095e-35 0.83502444861063074 0.54798206627589441 -0.067109351378572893 -0.20112437444706763 -0.20840274225162378 -0.48039162500203064 0.03266259337663964 -0.97057882710817578 -0.6235840104429119 0.20887122415788115 0.08397152443092061 1.0217891271992166 -0.89783438531083226 0.43531939017575355 0.42945223804321603 -0.25068728491757275
decision_type=2 2 2 2 2 2 2 2 2 2 2 2 2 2 2 2 2 2 2 2 2 2 2 2
left_child=12 2 3 4 -2 6 21 -8 9 10 -3 -9 15 14 -14 16 -1 23 -16 -12 -17 -6 -22 -15
right_child=1 8 -4 -5 5 -7 7 11 -10 -11 19 -13 13 17 18 20 -18 -19 -20 -21 22 -23 -24 -25
leaf_value=-0.0021049360379369192 0.0019802459753523564 0.0014425426506598001 0.00071409565853581983 0.0035978453576896406 -0.0017044872336133875 0.0010917741029343954 -0.0004734337067325465 0.0047039458515625472 -0.0063756829473997053 0.001052582629235336 -0.0026395249517480179 0.00048068829001502583 0.018684894596868448 -0.0037064252388525629 -0.017335025037034848 -0.00019505034738707025 0.0042244997443078884 0.00018840531629457354 0.002584253692963329 -3.0771248971847015e-07 -0.0013101980466785918 0.00027134983229959268 -0.00066390044788711177 -0.00040702727858703204
leaf_weight=20 23 37 31 21 61 20 39 22 58 26 63 23 21 20 28 38 26 32 22 22 118 20 20 54
leaf_count=20 23 37 31 21 61 20 39 22 58 26 63 23 21 20 28 38 26 32 22 22 118 20 20 54
internal_value=0.000838149 0.00240343 0.00461538 0.00329694 0.00221154 0.000945945 -0.000454547 0.00273809 -0.000388351 0.00141892 -0.000491804 0.00722222 -0.000989976 0.000649716 0.00485915 -0.0022973 0.00260869 -0.00216981 0.000999999 -0.0032353 -0.00357955 -0.00376543 -0.00463768 -0.00432433
internal_weight=865 466 260 229 208 185 165 84 206 148 122 45 399 177 71 222 46 106 50 85 176 81 138 74
internal_count=865 466 260 229 208 185 165 84 206 148 122 45 399 177 71 222 46 106 50 85 176 81 138 74
is_linear=0
shrinkage=0.05


Tree=376
num_leaves=27
num_cat=0
split_feature=37 37 38 8 45 45 8 35 35 17 4 2 20 20 34 42 4 43 46 41 13 37 42 17 2 2
split_gain=0.827035 1.04768 0.9 0.808388 0.793653 1.11716 0.957851 0.753647 0.711553 0.650283 1.19167 1.225 0.571948 0.611417 0.537993 0.694231 0.25484 0.37223 0.511795 0.429501 0.225 0.201874 0.174194 0.137019 0.0394737 0.0311321
threshold=-0.053432169347740158 0.049881545921515599 -0.24449504641084599 -0.86188188529349741 0.057711782911584394 0.44944153910958834 0.22211120060350439 -1.3984467550672408 0.36351062440585785 1.2233704129655745 -0.21304633529873965 -0.12812756449894921 -1.12882429519695 -1.328028582584647 0.32591842428019629 0.7538055970261075 -0.11998185403631688 -0.40149813223371134 -0.85968190842997505 -0.57454576245106104 -0.40115369785358845 1.1863324138833291 -1.4765255308137524 -0.14005367578311081 -0.73953391546920477 0.44659440541309109
decision_type=2 2 2 2 2 2 2 2 2 2 2 2 2 2 2 2 2 2 2 2 2 2 2 2 2 2
left_child=7 2 -2 -3 14 -6 8 -1 -7 12 -11 -12 13 20 21 -16 22 18 -18 -20 -9 24 -14 -19 -5 -8
right_child=1 3 -4 4 5 6 25 9 -10 10 11 -13 16 -15 15 -17 17 23 19 -21 -22 -23 -24 -25 -26 -27
leaf_value=0.0082536526308067595 0.0036339081121838398 0.0024550409954755435 0.0051352795630039104 -0.00014958862365171399 0.0018570594843911195 -0.00025061444144722092 -0.0078669995409184987 0.00039401254666437578 0.0016518286524960582 -0.0063457030795893545 0.0017419385050824203 -0.00030886039470483175 0.00059515240206095077 0.0023275524651153426 0.0023211888024949473 -0.0016814554439418747 -0.00027593185267406789 -0.00075841693887146802 -0.00033745079303803931 0.0015351612565525571 -8.9049769647369051e-05 -2.25432697701463e-05 -0.0020309027270552769 -0.0017666264382244713 -0.0011223895131870999 -0.0052730205173664065
leaf_weight=23 20 32 20 20 38 32 20 20 33 26 20 20 20 21 20 32 20 57 21 20 20 28 135 39 75 33
leaf_count=23 20 32 20 20 38 32 20 20 33 26 20 20 20 21 20 32 20 57 21 20 20 28 135 39 75 33
internal_value=0.000664739 0.0023201 0.01 0.00147383 0.00074018 0.00333333 0.000932202 -0.000779222 0.005 -0.00124146 0.00333333 0.00875 -0.00205094 0.00237705 -0.00157143 0.00269231 -0.00291667 -0.00149682 0.00155738 0.0047561 -0.00125 -0.00337398 -0.00435484 -0.0034375 -0.00447369 -0.0040566
internal_weight=865 403 40 363 331 156 118 462 65 439 66 40 373 61 175 52 312 157 61 41 40 123 155 96 95 53
internal_count=865 403 40 363 331 156 118 462 65 439 66 40 373 61 175 52 312 157 61 41 40 123 155 96 95 53
is_linear=0
shrinkage=0.05


Tree=377
num_leaves=29
num_cat=0
split_feature=46 15 18 4 41 38 17 37 7 45 16 9 34 39 15 49 37 37 16 11 9 8 45 33 11 36 4 7
split_gain=1.24509 0.921208 0.745921 0.677126 1.44831 1.95 1.68117 1.11777 0.64374 0.563423 0.573848 0.825457 0.68432 0.444152 0.590953 0.397576 0.334308 0.412402 0.960666 0.742205 0.497042 0.438312 0.236139 0.409756 0.0534314 0.112045 0.0388889 0.0359155
threshold=-0.33275232187678971 -0.84686008866748941 1.0000000180025095e-35 1.0000000180025095e-35 0.17214211900457937 -0.347378406739354 0.31442102046645098 0.34260373918440695 0.56280380268764862 -0.75023083924679856 0.29746532442068219 0.051463801505780955 -0.59515673676455194 0.23541246728216239 -0.17703185399375715 1.0000000180025095e-35 -1.4826052305724444 -0.20840274225162378 -0.42031855538359009 -0.75180419040202018 0.15640208327384778 0.48020479248374298 -0.97057882710817578 -0.74925031229594574 0.21417165095860605 -0.36847175155747142 -0.49223977908600797 1.2358348640577115
decision_type=2 2 2 2 2 2 2 2 2 2 2 2 2 2 2 2 2 2 2 2 2 2 2 2 2 2 2 2
left_child=16 2 -2 8 5 -5 7 -7 9 -3 11 12 -11 14 -14 -6 -1 22 19 -19 26 -22 23 -18 -24 -26 -20 -10
right_child=1 3 -4 4 15 6 -8 -9 27 10 -12 -13 13 -15 -16 -17 17 18 20 -21 21 -23 24 -25 25 -27 -28 -29
leaf_value=0.0028084938328582394 0.0017942515082465906 -0.0015550479463623645 0.003677723041744916 -0.0017567024245163866 0.00033373767956955511 -4.4139928742690344e-05 0.0024058262367385726 0.0034523064471187062 -0.0022741705154469103 0.00031717503923662518 -0.028172696330079922 0.0022227017353160009 -0.00032662308896573659 -0.035828182340905491 0.0016039290561156692 -0.002908411613873502 -0.0021546754828032665 -0.0010885029728217523 -0.00027682850735820131 0.0071275648120566184 0.00034736403528467987 -0.0019795042148709166 -0.0018087499013527309 0.0018754578972110534 -0.0063747963971189231 -8.8145212999085035e-05 -0.00097307255108814686 -0.022456459284323896
leaf_weight=21 30 29 22 24 25 31 29 20 51 20 21 27 23 31 22 41 21 22 20 23 20 22 109 20 30 21 70 20
leaf_count=21 30 29 22 24 25 31 29 20 51 20 21 27 23 31 22 41 21 22 20 23 20 22 109 20 30 21 70 20
internal_value=0.000433525 0.00218884 0.00846154 0.00140096 0.00382353 0.0075 0.01125 0.00578431 -0.000286886 0.00135838 0.00263889 0.00394309 0.00177083 -0.000394738 0.00277778 -0.0019697 -0.00161654 -0.00195767 -0.000197741 0.00611111 -0.00234849 0.00214286 -0.00350746 -0.000121952 -0.004375 -0.00303922 -0.00444445 -0.00429578
internal_weight=865 466 52 414 170 104 80 51 244 173 144 123 96 76 45 66 399 378 177 45 132 42 201 41 160 51 90 71
internal_count=865 466 52 414 170 104 80 51 244 173 144 123 96 76 45 66 399 378 177 45 132 42 201 41 160 51 90 71
is_linear=0
shrinkage=0.05


Tree=378
num_leaves=27
num_cat=0
split_feature=46 13 45 43 34 35 5 33 13 12 9 8 12 4 5 6 8 4 38 18 15 4 40 20 4 0
split_gain=0.82071 0.841652 0.819854 1.04367 0.732493 1.53357 1.0071 1.19277 1.58774 0.910672 0.782144 0.742502 0.431935 1.22667 0.746294 0.581644 0.655125 0.5165 0.595588 0.422614 0.31746 0.256549 0.132203 0.116713 0.113043 2.22045e-16
threshold=-0.33275232187678971 0.99905156599205769 -0.75023083924679856 0.44104869089782534 0.53060179340125158 0.60299997695559948 -0.5191083851316155 0.46154989333239116 0.19893427236597411 -0.13163890188485169 0.15640208327384778 -0.19083854640487727 0.9100667765685585 1.0000000180025095e-35 -0.53846676519640801 -1.2963704981227477 -0.91350060366954511 1.0000000180025095e-35 -0.95781967802183487 0.57353148677851917 1.0000000180025095e-35 1.0000000180025095e-35 -1.0525569252520766 -1.0624228660677175 -0.21304633529873965 0.74914607737310757
decision_type=2 2 2 2 2 2 2 2 2 2 2 2 2 2 2 2 2 2 2 2 2 2 2 2 2 2
left_child=12 2 21 4 5 6 -4 8 11 -7 24 -8 14 -14 15 -1 -17 22 -19 -3 -5 -2 -18 -16 -6 -25
right_child=1 19 3 20 10 9 7 -9 -10 -11 -12 -13 13 -15 23 16 17 18 -20 -21 -22 -23 -24 25 -26 -27
leaf_value=-0.1401743627970676 -0.0011800729327695611 0.00024847539873962358 -0.0015212080499042073 0.0004860544627174326 6.5359345293578881e-05 0.0017177335209985741 0.003396710126415934 -0.0001327320879036502 0.0056449394445063986 0.00078479993909838421 0.0020706388669608283 -0.00011663686151982534 0.0021596767900629041 -0.03454906446827391 -0.00037759238508010918 0.008722826234557824 9.8911315756473189e-05 -0.00044568914515695935 0.0016460897838289263 -0.0077238777218449064 -0.0070505563995587467 -0.00069445195121688565 -0.0024461899199051248 -0.0004522165762128548 -0.00029549837335877217 -0.0019997584708877202
leaf_weight=41 37 26 39 28 20 22 28 24 26 23 22 31 25 23 28 30 20 32 36 57 35 22 39 88 26 37
leaf_count=41 37 26 39 28 20 22 28 24 26 23 22 31 25 23 28 30 20 32 36 57 35 22 39 88 26 37
internal_value=0.000549132 0.00197425 0.00296345 0.00395062 0.00534483 0.0069171 0.00445946 0.0069266 0.00970588 0.015 0.000882352 0.00516949 -0.00111529 0.00333333 -0.00172365 0.000303029 0.0016879 0.000118109 0.00308823 -0.00259036 -0.0018254 -0.00245763 -0.00330509 -0.00434641 -0.00282609 -0.005
internal_weight=865 466 383 324 261 193 148 109 85 45 68 59 399 48 351 198 157 127 68 83 63 59 59 153 46 125
internal_count=865 466 383 324 261 193 148 109 85 45 68 59 399 48 351 198 157 127 68 83 63 59 59 153 46 125
is_linear=0
shrinkage=0.05


Tree=379
num_leaves=27
num_cat=0
split_feature=46 34 15 42 45 38 4 40 44 45 8 43 17 44 17 10 2 46 12 4 9 8 9 2 8 2
split_gain=0.767962 0.969315 0.918933 1.09016 1.79649 1.29504 0.822828 1.23833 0.857143 0.549592 0.834982 0.486444 0.802281 0.766099 0.456269 0.446356 0.75 0.401254 0.558913 0.398049 0.41957 0.29067 0.283333 0.0333333 0.0333333 0.0282609
threshold=-0.22246473399356489 1.1446519007644171 1.3859006935782852 0.98040090681995318 0.41271687446602551 0.4002406783144708 1.0000000180025095e-35 -0.19260731791913649 0.031704026955044033 -0.089186875662667059 -0.50055085666116339 0.08397152443092061 -0.70814704609506285 -0.89783438531083226 1.0000000180025095e-35 -0.88722984539778726 -0.56834013719753318 -0.79841102627262794 -0.91291816072490928 -0.11998185403631688 -0.21088190291438599 0.42858607410769528 -0.26335104379841939 -0.37269010488705145 1.0000000180025095e-35 0.76452570791762409
decision_type=2 2 2 2 2 2 2 2 2 2 2 2 2 2 2 2 2 2 2 2 2 2 2 2 2 2
left_child=11 2 3 5 -5 6 9 14 -9 22 -11 13 -13 15 -8 -1 -17 18 -15 -14 -21 -20 -2 -7 -3 -4
right_child=1 24 25 4 -6 23 7 8 -10 10 -12 12 19 17 -16 16 -18 -19 21 20 -22 -23 -24 -25 -26 -27
leaf_value=-0.0022184963727153819 0.00036118205527604263 -5.118080951670048e-05 -0.00081343773864845303 0.00023571494694035047 0.0018876660550449184 -0.00012583998284465301 -0.0011469661968986661 0.0017692332246603078 0.0042910577727365614 0.0018199307205282083 -0.00014145354118056945 0.0025205515437054121 -0.019744319651495562 0.0054582959610660889 0.0020780471829598061 0.019173480113223909 -0.0004138781589940857 -0.00052090335727143485 -0.0014619121414525642 0.0020949574710052931 -0.0053312114454796417 4.7474272393376772e-06 -0.037069287931178259 -0.0032881150858462931 -0.0018085721022680877 -0.022691882629085464
leaf_weight=26 20 20 26 27 30 20 23 21 21 28 34 29 34 23 20 30 20 162 54 20 21 22 34 40 40 20
leaf_count=26 20 20 26 27 30 20 23 21 21 28 34 29 34 23 20 30 20 162 54 20 21 22 34 40 40 20
internal_value=0.000202311 0.0017217 0.00269231 0.0036478 0.00991228 0.00227969 0.00420398 0.00794118 0.0140476 0.00146552 0.00467742 -0.0012585 0.00173077 -0.00218101 0.00197674 0.00223684 0.005 -0.00346743 -0.000959597 -0.001 0.00231707 -0.00302632 -0.00222222 -0.00416667 -0.00416667 -0.00391304
internal_weight=865 424 364 318 57 261 201 85 42 116 62 441 104 337 43 76 50 261 99 75 41 76 54 60 60 46
internal_count=865 424 364 318 57 261 201 85 42 116 62 441 104 337 43 76 50 261 99 75 41 76 54 60 60 46
is_linear=0
shrinkage=0.05


Tree=380
num_leaves=29
num_cat=0
split_feature=45 8 39 46 37 40 2 10 34 44 36 46 33 37 5 45 34 5 8 10 39 2 2 34 45 16 7 2
split_gain=1.25059 0.928344 0.979353 1.11042 1.27713 1.67223 1.10132 1.15227 1.37403 1.07359 1.05484 1.23985 0.76156 1.14489 0.761269 0.744093 0.646368 0.525341 0.350275 0.317818 0.263548 0.234152 0.237863 0.225 0.148052 0.123077 0.103704 0.03
threshold=-0.76247239412798617 0.84153582111607694 -0.85962704500664178 -0.32049814544532029 0.27372792900490311 0.45063498836590316 0.93571948618929568 -0.12178349250515719 -0.049334419108404935 -0.15175750178164207 0.33524054509714835 0.80688608624986724 -0.27175163965378474 -0.13952693207211994 -0.77076732597391784 0.49840775863433878 -0.86806789559262554 -1.2547268275937298 -0.19083854640487727 1.6961515956148399 -0.79536096373378262 -0.34823385084824121 -0.71507766143039453 0.018893370598613457 0.89013751483234282 -0.3861383706310057 -0.71595521391547068 0.25094437310260931
decision_type=2 2 2 2 2 2 2 2 2 2 2 2 2 2 2 2 2 2 2 2 2 2 2 2 2 2 2 2
left_child=17 2 21 12 5 6 7 8 -5 -6 -11 -12 13 16 -15 -7 -4 -1 -14 24 -19 22 -2 -20 -3 -18 -22 -23
right_child=1 19 3 4 9 15 -8 -9 -10 10 11 -13 18 14 -16 -17 25 20 23 -21 26 27 -24 -25 -26 -27 -28 -29
leaf_value=0.0011963744902617956 -0.0004178083785866452 -0.0018679394006324334 0.0004076641359076299 0.002668580526252959 -0.00035718162366740638 0.00054462937689710189 5.8084375115153073e-05 0.0018729160196960663 -0.00011211771250773558 -0.00020874954326293807 0.003140517969551625 -2.8760557360461372e-05 -0.001048711803575684 0.00065754554688749194 0.0032775923290675295 -0.0092925565068129583 -0.021198465202051514 0.00040833098435100797 -0.00046471738430634544 0.0031131892835225185 -0.0022763710199778897 -0.0011547613529265053 0.0032919909003620105 0.00034187435921899725 -0.00010366928691030956 -0.00061688683821630147 -0.0042653876218666543 -0.00040542692131332659
leaf_weight=27 21 57 20 35 37 22 21 33 20 32 31 20 51 20 27 31 32 36 20 26 30 20 20 20 20 20 105 30
leaf_count=27 21 57 20 35 37 22 21 33 20 32 31 20 51 20 27 31 32 36 20 26 30 20 20 20 20 20 105 30
internal_value=0.00127828 0.00228863 0.00306175 0.00394309 0.00599291 0.00888889 0.0124312 0.0148864 0.0104545 0.00208333 0.00524096 0.00970588 0.00119047 0.00382353 0.00989362 0.00160377 -0.00013889 -0.00222222 -0.00225275 -0.00208738 -0.00324562 -0.0017033 0.00109756 0.00125 -0.0037013 -0.00307692 -0.00425926 -0.004
internal_weight=884 686 583 492 282 162 109 88 55 120 83 51 210 119 47 53 72 198 91 103 171 91 41 40 77 52 135 50
internal_count=884 686 583 492 282 162 109 88 55 120 83 51 210 119 47 53 72 198 91 103 171 91 41 40 77 52 135 50
is_linear=0
shrinkage=0.05


Tree=381
num_leaves=29
num_cat=0
split_feature=45 35 46 4 8 15 10 9 44 44 46 35 37 40 45 45 38 0 37 37 9 13 43 41 44 9 5 4
split_gain=0.68967 0.579757 1.28504 0.631954 0.875758 0.569638 0.773036 0.602272 0.525442 0.582123 1.39398 1.30558 1.24606 0.498464 0.793601 0.738395 0.480096 0.424242 0.678788 0.353184 0.553666 0.243281 0.242814 0.498188 0.218894 0.105205 0.0327586 0.0277778
threshold=-0.76247239412798617 -0.88525528531779474 -0.4062773804656063 -0.21304633529873965 -0.13921982802882954 -1.0701361668920668 -0.50450666895147223 -0.47322760733455299 1.6889731698764423 0.50870400167042817 -0.026397911090054051 -0.029936169068717693 0.42869850190878672 -0.17540832577247747 0.045470228030396777 -0.48091663186067091 -1.2184575241873883 0.74914607737310757 -0.34615436261063143 0.03266259337663964 -0.15841276203035262 -0.20112437444706763 -0.12253267799145244 0.2512986537718378 -0.95898822822306096 -0.68310417087068653 1.1263539203757456 -0.11998185403631688
decision_type=2 2 2 2 2 2 2 2 2 2 2 2 2 2 2 2 2 2 2 2 2 2 2 2 2 2 2 2
left_child=16 2 3 -2 -5 6 -3 25 9 13 -11 -12 -13 14 17 -15 -1 18 -9 -17 -21 -22 24 -24 -18 -7 -23 -10
right_child=1 5 -4 4 -6 7 -8 8 27 10 11 12 -14 15 -16 19 22 -19 -20 20 21 26 23 -25 -26 -27 -28 -29
leaf_value=0.00067123881724932388 -0.014146507209231782 -9.2658193817437732e-05 0.0034267112106792577 0.0020432413412717404 -0.00086057696704259926 -0.00082646067951775782 0.0036927486019376885 -0.0032949918448693591 -6.7274148293304658e-05 -0.00020713873552482133 0.0041426199241106068 -0.00080912787904666302 0.0013131090061054003 0.0013384308873712093 0.00080816317163840464 -0.00095778871775775872 -0.0003785667803814481 -0.0035321046100070309 0.0010270799213829803 0.0015306261456684287 0.00038256781785139826 -0.0011023615196478328 0.00062152340473890148 -0.0078030345742794984 -0.0064840605950016398 -0.014276640257683174 -0.00042833817139330331 -0.00089322962223789516
leaf_weight=26 23 27 25 24 20 25 22 22 20 36 27 35 26 31 34 65 31 24 20 28 21 38 24 22 95 48 20 25
leaf_count=26 23 27 25 24 20 25 22 22 20 36 27 35 26 31 34 65 31 24 20 28 21 38 24 22 95 48 20 25
internal_value=0.000882352 0.00163265 0.00532609 0.00171642 0.00522727 0.0010606 0.00622449 0.000596329 0.00125 0.00179157 0.00467742 0.00806818 0.00401639 0.00061056 0.0035 -0.000812809 -0.00171717 0.000303029 0.00333333 -0.00209302 -0.000327104 -0.00246836 -0.00267442 0.000434781 -0.00380953 -0.00363014 -0.00413793 -0.00388889
internal_weight=884 686 92 67 44 594 49 545 472 427 124 88 61 303 100 203 198 66 42 172 107 79 172 46 126 73 58 45
internal_count=884 686 92 67 44 594 49 545 472 427 124 88 61 303 100 203 198 66 42 172 107 79 172 46 126 73 58 45
is_linear=0
shrinkage=0.05


end of trees

feature_importances:
aqi=556
staff_required_total=443
patient_count_lag_14=304
bed_count=272
patient_count_lag_3=269
patient_count_rstd_3=268
patient_count_rstd_7=265
patient_count_lag_7=262
aqi_lag_3=258
aqi_lag_2=253
aqi_lag_1=252
patient_count_lag_2=246
Analgesic=232
patient_count_lag_1=217
Antibiotic=214
day=212
day_of_week=209
accident_count=207
patient_count_rstd_14=206
PPE=199
Antipyretic=183
Gastrointestinal=183
ORS=166
patient_count_rmean_3=163
patient_count_rmean_14=161
Respiratory=157
patient_count_rmean_7=145
Diabetes=129
weekofyear=126
Cardiovascular=112
temperature_c=92
Anti-allergic=82
nurses_required=81
temp_lag_1=61
temp_lag_3=51
month=50
year=49
temp_lag_2=49
doctors_required=20
is_weekend=10
festival_main=7
support_required=3

parameters:
[boosting: gbdt]
[objective: quantile]
[metric: quantile]
[tree_learner: serial]
[device_type: cpu]
[data_sample_strategy: bagging]
[data: ]
[valid: ]
[num_iterations: 382]
[learning_rate: 0.05]
[num_leaves: 32]
[num_threads: 0]
[seed: 0]
[deterministic: 0]
[force_col_wise: 0]
[force_row_wise: 0]
[histogram_pool_size: -1]
[max_depth: -1]
[min_data_in_leaf: 20]
[min_sum_hessian_in_leaf: 0.001]
[bagging_fraction: 0.8]
[pos_bagging_fraction: 1]
[neg_bagging_fraction: 1]
[bagging_freq: 5]
[bagging_seed: 3]
[bagging_by_query: 0]
[feature_fraction: 0.8]
[feature_fraction_bynode: 1]
[feature_fraction_seed: 2]
[extra_trees: 0]
[extra_seed: 6]
[early_stopping_round: 0]
[early_stopping_min_delta: 0]
[first_metric_only: 0]
[max_delta_step: 0]
[lambda_l1: 0]
[lambda_l2: 0]
[linear_lambda: 0]
[min_gain_to_split: 0]
[drop_rate: 0.1]
[max_drop: 50]
[skip_drop: 0.5]
[xgboost_dart_mode: 0]
[uniform_drop: 0]
[drop_seed: 4]
[top_rate: 0.2]
[other_rate: 0.1]
[min_data_per_group: 100]
[max_cat_threshold: 32]
[cat_l2: 10]
[cat_smooth: 10]
[max_cat_to_onehot: 4]
[top_k: 20]
[monotone_constraints: ]
[monotone_constraints_method: basic]
[monotone_penalty: 0]
[feature_contri: ]
[forcedsplits_filename: ]
[refit_decay_rate: 0.9]
[cegb_tradeoff: 1]
[cegb_penalty_split: 0]
[cegb_penalty_feature_lazy: ]
[cegb_penalty_feature_coupled: ]
[path_smooth: 0]
[interaction_constraints: ]
[verbosity: -1]
[saved_feature_importance_type: 0]
[use_quantized_grad: 0]
[num_grad_quant_bins: 4]
[quant_train_renew_leaf: 0]
[stochastic_rounding: 1]
[linear_tree: 0]
[max_bin: 255]
[max_bin_by_feature: ]
[min_data_in_bin: 3]
[bin_construct_sample_cnt: 200000]
[data_random_seed: 1]
[is_enable_sparse: 1]
[enable_bundle: 1]
[use_missing: 1]
[zero_as_missing: 0]
[feature_pre_filter: 1]
[pre_partition: 0]
[two_round: 0]
[header: 0]
[label_column: ]
[weight_column: ]
[group_column: ]
[ignore_column: ]
[categorical_feature: ]
[forcedbins_filename: ]
[precise_float_parser: 0]
[parser_config_file: ]
[objective_seed: 5]
[num_class: 1]
[is_unbalance: 0]
[scale_pos_weight: 1]
[sigmoid: 1]
[boost_from_average: 1]
[reg_sqrt: 0]
[alpha: 0.9]
[fair_c: 1]
[poisson_max_delta_step: 0.7]
[tweedie_variance_power: 1.5]
[lambdarank_truncation_level: 30]
[lambdarank_norm: 1]
[label_gain: ]
[lambdarank_position_bias_regularization: 0]
[eval_at: ]
[multi_error_top_k: 1]
[auc_mu_weights: ]
[num_machines: 1]
[local_listen_port: 12400]
[time_out: 120]
[machine_list_filename: ]
[machines: ]
[gpu_platform_id: -1]
[gpu_device_id: -1]
[gpu_use_dp: 0]
[num_gpu: 1]

end of parameters

pandas_categorical:[]
