tree
version=v4
num_class=1
num_tree_per_iteration=1
label_index=0
max_feature_idx=49
objective=quantile
feature_names=day_of_week is_weekend aqi temperature_c accident_count bed_count staff_required_total Antibiotic Analgesic Antipyretic Respiratory Cardiovascular Diabetes Gastrointestinal Anti-allergic ORS PPE day month year weekofyear festival_main fest_RepublicDay fest_Holi fest_GaneshChaturthi fest_Navratri fest_Diwali fest_Christmas fest_Eid fest_OtherFestival nurses_required doctors_required support_required patient_count_lag_1 patient_count_lag_2 patient_count_lag_3 patient_count_lag_7 patient_count_lag_14 patient_count_rmean_3 patient_count_rstd_3 patient_count_rmean_7 patient_count_rstd_7 patient_count_rmean_14 patient_count_rstd_14 aqi_lag_1 aqi_lag_2 aqi_lag_3 temp_lag_1 temp_lag_2 temp_lag_3
feature_infos=[-1.4982921547462149:1.4982921547462149] [-0.63366752075060617:1.5781146535890891] [-1.6138449973566704:5.5885218170729418] [-3.6193216817856371:3.176983109597102] [-1.3763523510790243:18.167188714029759] [-2.987301843392657:6.0530616468654328] [-1.8627822386088848:5.2827197182931469] [-2.0283657835870934:9.951587108800025] [-2.0233030487545709:9.5909085858561642] [-1.076622727500937:12.040662493507412] [-1.7961973894577858:6.5280316982495687] [-2.20076795244296:4.8830548842016333] [-2.0848370489849959:4.9466762805755229] [-2.3014322702155368:4.6995940490126937] [-1.8772973659113699:5.4549779131817813] [-2.5214306753518203:4.4001277496100792] [-1.2349462919868515:12.380160634459266] [-1.6739057756253817:1.7346544462463314] [-1.6010205525754602:1.5883224384770427] [-1.2255835779588418:1.2233491502869545] [-1.6932364427954252:1.6932364427954252] [-0.26516504294495535:3.7712361663282534] none none [-0.13633547078730293:7.3348483283568973] [-0.14312292381781525:6.9870009172878902] none none none none [-1.8514643187776278:5.3544224047838354] [-1.9528760334719681:5.1545551471717417] [-1.6483622117425636:4.9813808490642231] [-1.8150955637293411:5.3303310018801406] [-1.8147284777775059:5.3321324940326713] [-1.8175531220292889:5.3500210721379773] [-1.8188056312480902:5.3727907662710734] [-1.8183748051975259:5.3963663111055018] [-1.9283527104540941:6.0279604882838598] [-1.4863397334072155:5.8991087522440742] [-1.8007130836317353:4.9137734504238635] [-1.8104448625152261:6.3261503028348507] [-1.9524746312977692:2.6289065230494142] [-1.8874185109193773:5.071557289501663] [-1.6133343473839084:5.5905883476766345] [-1.6132604583705259:5.597015366648983] [-1.613313758965345:5.6043961591701486] [-3.6193216817856371:3.176983109597102] [-3.6193216817856371:3.176983109597102] [-3.6200663949208485:3.1768604589506406]
tree_sizes=367 381 571 664 906 822 822 994 1084 1175 1246 1254 1346 1589 1507 1506 1518 1672 1589 1779 1849 1680 1658 1665 1680 1943 1942 1937 2199 2204 2199 2304 2091 2120 2181 2204 2466 2377 2381 2452 2275 2442 2540 2630 2800 2779 2809 2541 2716 2629 2543 2546 2809 2733 2731 2628 2887 2686 2708 2541 2782 2892 2727 2872 2890 2794 2894 2882 2784 2888 2883 2885 2893 2895 2898 2897 2881 2876 2894 2880 2796 2913 2888 2909 2884 2910 2897 2889 2891 2896 2884 2915 2893 2894 2886 2872 2889 2873 2899 2899 2904 2900 2892 2824 2896 2888 2882 2810 2905 2910 2911 2917 2907 2908 2926 2895 2905 2923 2906 2886 2908 2897 2883 2886 2890 2895 2907 2907 2901 2909 2880 2912 2914 2917 2914 2885 2920 2919 2913 2917

Tree=0
num_leaves=3
num_cat=0
split_feature=6 6
split_gain=210.202 3.00554
threshold=-0.076406749383376896 -0.16354701715047482
decision_type=2 2
left_child=1 -1
right_child=-2 -3
leaf_value=217.19999999999999 220.875 219
leaf_weight=423 426 31
leaf_count=423 426 31
internal_value=219 218.976
internal_weight=880 454
internal_count=880 454
is_linear=0
shrinkage=1


Tree=1
num_leaves=3
num_cat=0
split_feature=6 6
split_gain=210.202 3.00554
threshold=-0.076406749383376896 -0.16354701715047482
decision_type=2 2
left_child=1 -1
right_child=-2 -3
leaf_value=-1.7099999999999995 1.78125 0
leaf_weight=423 426 31
leaf_count=423 426 31
internal_value=-0.000227273 -0.0238987
internal_weight=880 454
internal_count=880 454
is_linear=0
shrinkage=0.05


Tree=2
num_leaves=5
num_cat=0
split_feature=6 6 16 10
split_gain=195.15 7.73656 1.29518 0.215566
threshold=1.0000000180025095e-35 -0.16354701715047482 -0.15827047228044308 0.16525888982957918
decision_type=2 2 2 2
left_child=1 3 -3 -1
right_child=-2 2 -4 -5
leaf_value=-1.724499999999999 1.9171875 -0.050000000000000003 0.017187500000000001 -0.47449999999999903
leaf_weight=385 399 26 32 38
leaf_count=385 399 26 32 38
internal_value=-0.000852273 -0.0222973 -0.00517241 -0.0246454
internal_weight=880 481 58 423
internal_count=880 481 58 423
is_linear=0
shrinkage=0.05


Tree=3
num_leaves=6
num_cat=0
split_feature=6 6 17 6 7
split_gain=183.325 10.9593 1.55489 1.46716 0.741521
threshold=1.0000000180025095e-35 -0.25068728491757275 0.42803969452884144 -0.16354701715047482 -0.24483347095642685
decision_type=2 2 2 2 2
left_child=1 -1 3 -3 -4
right_child=-2 2 4 -5 -6
leaf_value=-1.6882749999999989 1.8213281249999995 -0.11952499999999873 0.011725000000001274 -0.047499999999999432 -0.033671875000000288
leaf_weight=369 399 34 20 37 21
leaf_count=369 399 34 20 37 21
internal_value=-5.68182e-05 -0.020842 -0.00714286 -0.0116197 0.000609756
internal_weight=880 481 112 71 41
internal_count=880 481 112 71 41
is_linear=0
shrinkage=0.05


Tree=4
num_leaves=9
num_cat=0
split_feature=6 6 6 45 16 17 41 43
split_gain=164.838 12.7141 3.16627 2.04793 1.89779 1.84096 1.25019 0.922004
threshold=-0.16354701715047482 0.097873786150819 -0.25068728491757275 0.58409864280265222 -0.15827047228044308 0.42803969452884144 0.053265303708744438 -0.43297326279571496
decision_type=2 2 2 2 2 2 2 2
left_child=2 3 -1 4 -2 -4 -5 -6
right_child=1 -3 5 6 7 -7 -8 -9
leaf_value=-1.6038612499999987 -0.045124999999998749 2.1802617187499993 -0.11354874999999823 0.054875000000001256 0.051515624999998982 -0.01897632812499879 0.030261718749999035 0.0097636718749996021
leaf_weight=369 24 335 34 23 20 20 21 34
leaf_count=369 24 335 34 23 20 20 21 34
internal_value=-0.000852273 0.0199672 -0.0233452 0.00614754 0.00128205 -0.012037 0.0147727 0.00648148
internal_weight=880 457 423 122 78 54 44 54
internal_count=880 457 423 122 78 54 44 54
is_linear=0
shrinkage=0.05


Tree=5
num_leaves=8
num_cat=0
split_feature=30 30 30 19 12 4 45
split_gain=165.546 11.9914 4.57766 1.64005 1.66667 1.41696 0.84736
threshold=1.0000000180025095e-35 -0.28792285989164995 0.11995752068730071 -0.6133503958973926 0.38921393734185333 -0.21304633529873965 0.13116111219871016
decision_type=2 2 2 2 2 2 2
left_child=1 -1 5 -3 6 -2 -5
right_child=2 3 -4 4 -6 -7 -8
leaf_value=-1.5236681874999989 0.028133300781248496 -0.076621312499997887 2.1712486328124996 -0.026151281249998704 0.012087566406250971 0.081145751953124554 -0.039121312499997889
leaf_weight=381 28 29 334 34 20 32 26
leaf_count=381 28 29 334 34 20 32 26
internal_value=-0.00141403 -0.0208163 0.0227157 -0.00619266 -0.0025 0.01 -0.00666667
internal_weight=884 490 394 109 80 60 60
internal_count=884 490 394 109 80 60 60
is_linear=0
shrinkage=0.05


Tree=6
num_leaves=8
num_cat=0
split_feature=6 6 6 16 4 8 12
split_gain=162.456 14.4453 4.57766 2.16564 1.41696 1.29548 1.18265
threshold=1.0000000180025095e-35 -0.25068728491757275 0.097873786150819 -0.21523744686808374 -0.21304633529873965 -0.34569470153302034 -0.39206532149820422
decision_type=2 2 2 2 2 2 2
left_child=1 -1 4 -3 -2 -5 -7
right_child=2 3 -4 5 -6 6 -8
leaf_value=-1.4474847781249993 0.026726635742186745 -0.072541590624997807 2.0626862011718745 0.0073240811523454857 0.077088464355468039 -0.044682020312500015 0.011483188085938423
leaf_weight=381 28 37 334 26 32 21 25
leaf_count=381 28 37 334 26 32 21 25
internal_value=-0.00118778 -0.0204082 0.0227157 -0.0043578 0.01 0.000694444 -0.00434783
internal_weight=884 490 394 109 60 72 46
internal_count=884 490 394 109 60 72 46
is_linear=0
shrinkage=0.05


Tree=7
num_leaves=10
num_cat=0
split_feature=6 6 6 16 4 0 46 6 18
split_gain=158.635 13.5416 4.57766 2.16564 1.41696 1.29548 1.23679 0.380812 0.41564
threshold=1.0000000180025095e-35 -0.25068728491757275 0.097873786150819 -0.21523744686808374 -0.21304633529873965 -1.0000000180025095e-35 0.034872971067293097 -0.42496782045176862 -0.58622960087693643
decision_type=2 2 2 2 2 2 2 2 2
left_child=1 7 4 -3 -2 -5 -7 -1 -9
right_child=2 3 -4 5 -6 6 -8 8 -10
leaf_value=-1.5751105392187499 0.02539030395507709 -0.068914511093747424 1.9595518911132801 0.010549246428224281 0.073234041137695272 -0.078281795270996213 0.0062200408276368085 -0.17511053921874975 -0.13761053921874974
leaf_weight=325 28 37 334 26 32 26 20 27 29
leaf_count=325 28 37 334 26 32 26 20 27 29
internal_value=-0.000904977 -0.019898 0.0227157 -0.0043578 0.01 0.000694444 -0.00434783 -0.0243438 -0.0205357
internal_weight=884 490 394 109 60 72 46 381 56
internal_count=884 490 394 109 60 72 46 381 56
is_linear=0
shrinkage=0.05


Tree=8
num_leaves=11
num_cat=0
split_feature=6 6 6 16 2 45 33 14 6 18
split_gain=150.425 14.1703 4.91172 2.37244 1.80079 1.42593 1.38889 0.814881 0.380812 0.41564
threshold=1.0000000180025095e-35 -0.25068728491757275 0.22858418780146592 -0.21523744686808374 -0.18926819959597477 -0.15039465006860517 -0.10121639942444154 1.0000000180025095e-35 -0.42496782045176862 -0.58622960087693643
decision_type=2 2 2 2 2 2 2 2 2 2
left_child=1 8 4 -3 7 -6 -5 -2 -1 -10
right_child=2 3 -4 6 5 -7 -8 -9 9 -11
leaf_value=-1.4963550122578129 -0.022866760070800754 -0.065468785539060548 2.1365742965576162 -0.038526107721800429 0.066112524627683911 0.16157429655761604 0.01002178410681367 0.068444555877684374 -0.16635501225781299 -0.13073001225781269
leaf_weight=325 20 37 292 36 21 33 36 28 27 29
leaf_count=325 20 37 292 36 21 33 36 28 27 29
internal_value=-0.0013009 -0.0197959 0.0217005 -0.00389908 0.0122549 0.0185185 0.00138889 0.00520833 -0.0243438 -0.0205357
internal_weight=884 490 394 109 102 54 72 48 381 56
internal_count=884 490 394 109 102 54 72 48 381 56
is_linear=0
shrinkage=0.05


Tree=9
num_leaves=12
num_cat=0
split_feature=30 30 30 16 2 45 0 45 35 30 18
split_gain=151.166 13.5416 4.91172 2.16564 1.80079 1.42593 1.29548 1.33399 0.729167 0.380812 0.41564
threshold=1.0000000180025095e-35 -0.28792285989164995 0.25591764754695101 -0.21523744686808374 -0.18926819959597477 -0.15039465006860517 -1.0000000180025095e-35 -0.15039465006860517 -0.4575957271932562 -0.42388298675130026 -0.58622960087693643
decision_type=2 2 2 2 2 2 2 2 2 2 2
left_child=1 9 4 -3 8 -6 -5 -8 -2 -1 -11
right_child=2 3 -4 6 5 -7 7 -9 -10 10 -12
leaf_value=-1.4215372616449216 0.10815206876373225 -0.062195346262107876 2.0297455817297347 0.0095206949014730938 0.062806898396300423 0.15349558172973587 0.003976149979595789 -0.037367640423966009 -0.0074717850502018738 -0.15803726164492249 -0.12419351164492271
leaf_weight=325 20 37 292 26 21 33 22 24 28 27 29
leaf_count=325 20 37 292 26 21 33 22 24 28 27 29
internal_value=-0.00135747 -0.019898 0.0217005 -0.0043578 0.0122549 0.0185185 0.000694444 -0.00434783 0.00520833 -0.0243438 -0.0205357
internal_weight=884 490 394 109 102 54 72 46 48 381 56
internal_count=884 490 394 109 102 54 72 46 48 381 56
is_linear=0
shrinkage=0.05


Tree=10
num_leaves=13
num_cat=0
split_feature=6 6 6 46 45 14 8 2 2 7 6 8
split_gain=148.255 12.3905 4.49133 3.62028 2.27266 1.56336 1.46432 1.00194 0.657391 0.25 0.247312 0.509091
threshold=1.0000000180025095e-35 -0.25068728491757275 0.22858418780146592 0.010364618204354232 -0.45643352209829569 -0.45157717275436821 -0.24245726478092497 -0.10367131046013901 -0.091443183440733891 0.15898516586561084 -0.42496782045176862 -0.60378829341325879
decision_type=2 2 2 2 2 2 2 2 2 2 2 2
left_child=1 10 4 5 -2 -3 -5 -6 -7 -9 -1 -12
right_child=2 3 -4 6 7 8 -8 9 -10 -11 11 -13
leaf_value=-1.3004603985626759 -0.027287615409049695 -0.021738022256269574 1.8532583026432476 0.021116894267028386 0.11549357057498853 -0.059334235199001745 -0.029559459254821265 0.12082080264324874 -0.073709235199002882 0.19582080264324875 -0.15548383606267607 -0.15013539856267644
leaf_weight=312 23 22 280 20 34 25 29 20 21 25 20 35
leaf_count=312 23 22 280 20 34 25 29 20 21 25 20 35
internal_value=-0.00155889 -0.019938 0.0217277 -0.00576923 0.0127451 -0.0132353 0.00459184 0.0167722 -0.0184783 0.0216667 -0.024455 -0.0213636
internal_weight=866 484 382 117 102 68 49 79 46 45 367 55
internal_count=866 484 382 117 102 68 49 79 46 45 367 55
is_linear=0
shrinkage=0.05


Tree=11
num_leaves=13
num_cat=0
split_feature=30 30 30 12 46 45 16 16 20 30 37 2
split_gain=141.137 11.3372 5.63392 2.11047 2.12462 1.8151 1.43191 1.39854 1.26546 1.07176 1.12708 0.636364
threshold=1.0000000180025095e-35 -0.42388298675130026 0.25591764754695101 0.38921393734185333 -0.050906263952992907 -0.45643352209829569 -0.10130349769280246 -0.29499121129078065 -1.3944300117138793 -0.15196273303199975 -0.4322491253350112 -0.10367131046013901
decision_type=2 2 2 2 2 2 2 2 2 2 2 2
left_child=1 -1 5 7 -5 -2 -7 -3 -9 10 -10 -8
right_child=2 3 -4 4 -6 6 11 8 9 -11 -12 -13
leaf_value=-1.2354373786345421 -0.025923234638597137 -0.10409335519704258 1.7605953875110858 -0.042875974190626213 0.012702117567581439 0.051340046116864359 0.13317906163640744 -0.070991444692258196 -0.10766913644704275 0.00036218262850411524 -0.042628628634543024 0.13977976251108687
leaf_weight=312 23 30 280 23 20 29 22 21 24 31 23 28
leaf_count=312 23 30 280 23 20 29 22 21 24 31 23 28
internal_value=-0.00138568 -0.0193182 0.0213351 -0.00901163 0.000581395 0.0112745 0.0148734 -0.0122093 -0.00934343 -0.00641026 -0.0111702 0.02
internal_weight=866 484 382 172 43 102 79 129 99 78 47 50
internal_count=866 484 382 172 43 102 79 129 99 78 47 50
is_linear=0
shrinkage=0.05


Tree=12
num_leaves=14
num_cat=0
split_feature=30 30 30 16 45 16 18 30 37 46 2 43 37
split_gain=126.97 11.3372 8.19221 2.40144 2.38461 1.73916 1.53245 1.50258 2.19947 1.40829 0.938696 0.779221 0.509091
threshold=1.0000000180025095e-35 -0.42388298675130026 0.39187777440660126 -0.13548368244538686 -0.56660751602898418 -0.29499121129078065 -1.456050416618528 -0.15196273303199975 -0.4322491253350112 0.010364618204354232 -0.10367131046013901 -0.25415346890273433 0.015443640831763675
decision_type=2 2 2 2 2 2 2 2 2 2 2 2 2
left_child=1 -1 3 -2 -5 11 -7 8 -8 -9 -6 -3 -12
right_child=2 5 -4 4 10 6 7 9 -10 -11 12 -13 -14
leaf_value=-1.1736655097028148 -0.00085607962629978833 -0.1399644686871902 2.0475656181355322 0.0077888679087976705 0.1081911553241298 -0.059092361537420146 -0.1048261874371903 -0.029480726320478823 -0.021424769574379356 0.017727376709265743 0.12256561813553191 -0.057980909019737938 0.13839169776810109
leaf_weight=312 31 20 236 29 31 22 27 21 37 23 20 22 35
leaf_count=312 31 20 236 29 31 22 27 21 37 23 20 22 35
internal_value=-0.00230947 -0.0193182 0.0192408 0.00993151 0.0132609 -0.00901163 -0.00615385 -0.0037037 -0.00859375 0.00340909 0.0174419 -0.0178571 0.0213636
internal_weight=866 484 382 146 115 172 130 108 64 44 86 42 55
internal_count=866 484 382 146 115 172 130 108 64 44 86 42 55
is_linear=0
shrinkage=0.05


Tree=13
num_leaves=17
num_cat=0
split_feature=6 6 6 16 12 46 2 17 6 43 46 2 10 6 34 20
split_gain=120.744 10.1892 8.56882 2.27011 1.9845 2.12462 1.58409 1.20361 1.17209 1.03939 1.09394 1.015 0.9 0.863782 0.49 0.462645
threshold=1.0000000180025095e-35 -0.42496782045176862 0.35929458945211284 -0.13548368244538686 0.38921393734185333 -0.050906263952992907 -0.22595258065419013 0.087183672341670057 -0.25068728491757275 -0.31958524090188889 0.022618794635823666 -0.69062140739158429 -0.12178349250515719 -0.59924835598596438 -0.35635947278998764 -0.19920428738769705
decision_type=2 2 2 2 2 2 2 2 2 2 2 2 2 2 2 2
left_child=1 13 3 -2 8 -6 11 -8 14 10 -10 -5 -11 -1 -3 -15
right_child=2 4 -4 6 5 -7 7 -9 9 12 -12 -13 -14 15 -16 -17
leaf_value=-1.364982234217675 -0.00081327564498536733 -0.093940052994516784 1.9451873372287551 0.11715606036932513 -0.039660937002376787 0.013101136309905571 0.11564603324712693 0.13147211287969612 -0.075131493737131905 0.0069287810537851163 -0.020965413538129241 -0.00703474846182246 -0.025727518887381964 -0.11498223421767478 -0.15192595872409811 -0.11498223421767478
leaf_weight=264 31 20 236 21 23 20 35 37 24 20 20 22 20 23 25 25
leaf_count=264 31 20 236 21 23 20 35 37 24 20 20 22 20 23 25 25
internal_value=-0.00190531 -0.0184917 0.0191099 0.00958904 -0.00872093 0.000581395 0.0128261 0.0173611 -0.0118217 -0.00833333 -0.0136364 0.00523256 -0.0025 -0.0238782 -0.0183333 -0.0177083
internal_weight=866 484 382 146 172 43 115 72 129 84 44 43 40 312 45 48
internal_count=866 484 382 146 172 43 115 72 129 84 44 43 40 312 45 48
is_linear=0
shrinkage=0.05


Tree=14
num_leaves=16
num_cat=0
split_feature=6 6 6 16 20 13 20 35 35 12 40 10 2 42 42
split_gain=118.127 15.1512 5.42048 4.37183 1.60849 2.8738 1.31613 1.32565 1.26368 1.22689 1.09394 0.902778 0.709091 0.602935 0.289286
threshold=-0.16354701715047482 0.35929458945211284 -0.59924835598596438 -0.1126968926103306 -0.26560571651692938 1.0000000180025095e-35 0.99602143693848544 -0.62865955044307154 -0.029936169068717693 1.0000000180025095e-35 0.32508234569529398 0.16525888982957918 -0.25040883469300029 -0.58696577751826273 -0.26339954912268437
decision_type=2 2 2 2 2 2 2 2 2 2 2 2 2 2 2
left_child=2 3 -1 11 9 13 7 -5 -9 14 -10 12 -2 -6 -4
right_child=1 -3 4 6 5 -7 -8 8 10 -11 -12 -13 -14 -15 -16
leaf_value=-1.2967331225067911 0.014632901869235583 1.8479279703673173 -0.10877466740021902 0.10986373158477108 -0.1308097504156038 0.0072210179038251004 0.079500712065727452 -0.0066830110387314789 0.11342292060200024 -0.064626160689746831 0.044266442072810011 -0.022389570310644303 -0.012393642371159787 -0.079756002004126011 -0.093809908538026579
leaf_weight=264 22 236 20 25 25 29 33 34 20 25 24 20 30 23 36
leaf_count=264 22 236 20 25 25 29 33 34 20 25 24 20 30 23 36
internal_value=-0.00167436 0.0163288 -0.0206161 0.00649038 -0.0132911 -0.00811688 0.0117647 0.00898058 0.00576923 -0.0182099 0.0113636 -0.00347222 0 -0.015625 -0.0223214
internal_weight=866 444 422 208 158 77 136 103 78 81 44 72 52 48 56
internal_count=866 444 422 208 158 77 136 103 78 81 44 72 52 48 56
is_linear=0
shrinkage=0.05


Tree=15
num_leaves=16
num_cat=0
split_feature=6 6 6 42 12 42 36 6 14 36 41 38 5 6 13
split_gain=124.466 11.098 8.12344 2.5929 2.42902 1.43843 1.95142 1.17553 1.32835 1.16575 1.38135 0.857143 0.654762 0.604244 0.360128
threshold=1.0000000180025095e-35 -0.42496782045176862 0.35929458945211284 0.33623694753701211 0.38921393734185333 0.67167716596545624 -0.66025489895085032 -0.16354701715047482 1.0000000180025095e-35 0.24942197233438976 -0.32732355327004475 0.76376188480853269 0.13907653707132875 -0.59924835598596438 -0.40115369785358845
decision_type=2 2 2 2 2 2 2 2 2 2 2 2 2 2 2
left_child=1 13 5 4 7 6 -2 8 -3 10 -8 -7 -5 -1 -15
right_child=2 3 -4 12 -6 11 9 -9 -10 -11 -12 -13 -14 14 -16
leaf_value=-1.2818964663814514 0.12390322401870009 -0.12510725056550173 1.7305315718489511 -0.080971616000420715 0.010383755184788868 0.066668740039916949 0.050284100221971079 -0.0083299673012838579 -0.056040184267017429 0.10201823758465665 -0.026934584633612958 0.085415195815136263 -0.033830499186642271 -0.15527222077609651 -0.1032435120613954
leaf_weight=261 25 35 248 22 37 21 23 26 33 26 28 21 20 26 24
leaf_count=261 25 35 248 22 37 21 23 26 33 26 28 21 20 26 24
internal_value=-0.00142694 -0.0183884 0.0195153 -0.00823699 -0.00477099 0.0100694 0.00686275 -0.00904255 -0.0125 0.00292208 -0.00147059 0.0178571 -0.0190476 -0.0240354 -0.019
internal_weight=876 484 392 173 131 144 102 94 68 77 51 42 42 311 50
internal_count=876 484 392 173 131 144 102 94 68 77 51 42 42 311 50
is_linear=0
shrinkage=0.05


Tree=16
num_leaves=16
num_cat=0
split_feature=6 6 6 40 16 45 10 14 13 6 45 41 34 14 12
split_gain=111.713 17.3063 6.80834 1.92692 1.54467 1.67366 1.49979 1.88976 1.43832 1.36694 1.63831 1.06408 0.985153 0.672207 0.631879
threshold=-0.16354701715047482 0.44643485721921083 -0.59924835598596438 -0.87712720535615663 -0.15827047228044308 1.3675581551986602 0.16525888982957918 1.0000000180025095e-35 -0.40115369785358845 -0.25068728491757275 0.16788577684227302 -0.19923027004111485 -0.1516761036689325 0.36312008047820415 -0.13163890188485169
decision_type=2 2 2 2 2 2 2 2 2 2 2 2 2 2 2
left_child=2 4 -1 -4 12 6 8 -8 -6 13 -11 -10 -2 14 -5
right_child=1 -3 3 9 5 -7 7 -9 11 10 -12 -13 -14 -15 -16
leaf_value=-1.2178016430623786 0.0091545873525369359 1.7440049932565032 -0.0044319977989118802 -0.16669273008007082 -0.0059950067434968446 0.064360742886874087 -0.0059950067434968446 0.0880959927773418 0.063335303037921162 0.01230059327942783 -0.056747325119680884 0.066195782323789129 -0.021689050686839552 -0.059981711367780126 -0.14823820343349894
leaf_weight=261 26 238 31 37 23 22 25 29 31 22 20 34 21 25 31
leaf_count=261 26 238 31 37 23 22 25 29 31 22 20 34 21 25 31
internal_value=-0.00165525 0.0157572 -0.0199649 -0.0120482 0.00533175 0.00762195 0.0056338 -0.000925926 0.00965909 -0.0146296 -0.00714286 0.0134615 -0.00265957 -0.0180108 -0.0205882
internal_weight=876 449 427 166 211 164 142 54 88 135 42 65 47 93 68
internal_count=876 449 427 166 211 164 142 54 88 135 42 65 47 93 68
is_linear=0
shrinkage=0.05


Tree=17
num_leaves=18
num_cat=0
split_feature=6 6 6 16 38 35 37 49 33 6 35 5 4 43 33 6 6
split_gain=108.386 11.8491 11.7988 2.93494 2.37703 1.88981 2.46332 2.25975 1.80052 1.61333 1.17697 0.935065 1.11364 0.86298 0.620205 0.143193 0.104762
threshold=1.0000000180025095e-35 -0.59924835598596438 0.44643485721921083 -0.30638460620830882 -0.093599451262367683 -0.62865955044307154 -0.53556284060426684 1.1377824027891941 -0.64692916815833978 -0.25068728491757275 0.31219147743091319 0.15843491713612121 -0.21304633529873965 0.12596670575530541 0.37628227321771951 0.53357512498630888 -0.42496782045176862
decision_type=2 2 2 2 2 2 2 2 2 2 2 2 2 2 2 2 2
left_child=1 -1 5 13 8 -2 -7 10 -5 -10 -8 12 -6 16 -12 -4 -3
right_child=2 3 15 4 11 6 7 -9 9 -11 14 -13 -14 -15 -16 -17 -18
leaf_value=-1.1569115609092593 0.099509421677066723 -0.18890574270324692 0.10680474359367764 -0.055310664266998801 -0.041310284535526168 -0.010929208130728086 0.051671329500855026 -0.013721075381646842 -0.067722894975580775 0.015582125914331613 0.10388159585798534 -0.024126149266624708 -0.067728400888806564 -0.057228840783485425 0.092046533149986953 1.8068047435936778 -0.1154624588270366
leaf_weight=261 33 20 25 39 22 24 34 20 20 30 22 28 22 20 21 213 22
leaf_count=261 33 20 25 39 22 24 34 20 20 30 22 28 22 20 21 213 22
internal_value=-0.00194064 -0.0177686 0.017602 -0.00930493 -0.00574534 0.00681818 0.00392562 0.00747423 -0.000280899 0.006 0.0113636 -0.0125 -0.0170455 -0.0185484 0.0168605 0.0245798 -0.022619
internal_weight=876 484 392 223 161 154 121 97 89 50 77 72 44 62 43 238 42
internal_count=876 484 392 223 161 154 121 97 89 50 77 72 44 62 43 238 42
is_linear=0
shrinkage=0.05


Tree=18
num_leaves=17
num_cat=0
split_feature=6 6 6 35 35 42 43 6 34 41 40 41 44 4 5 6
split_gain=107.606 12.2341 11.8491 2.93451 2.00728 2.37637 2.3514 1.815 1.45745 1.3913 1.3667 1.35015 0.688705 0.747993 0.336771 0.143193
threshold=1.0000000180025095e-35 0.44643485721921083 -0.59924835598596438 -0.97078719694270244 -0.62865955044307154 0.25509801564576601 -0.14228097350953992 -0.16354701715047482 0.47943095112098771 -0.23104784650626214 0.053338269778084653 -0.60508667234894531 1.0000000180025095e-35 1.0000000180025095e-35 0.081001396876951293 0.53357512498630888
decision_type=2 2 2 2 2 2 2 2 2 2 2 2 2 2 2 2
left_child=2 4 -1 -4 -2 9 -7 11 -8 -6 -9 -5 13 -13 -14 -3
right_child=1 15 3 7 5 6 8 10 -10 -11 -12 12 14 -15 -16 -17
leaf_value=-1.0990659828637959 0.094533950593213956 0.10146450641399413 0.0086949831981655741 -0.028669457287421096 0.024766218094936222 0.075497673498901463 -0.0050789993185127004 0.0062313941011794332 0.09659855173591865 -0.034209063276514941 -0.01914835184505961 -0.11547253085017531 -0.092126981235660571 -0.10366663452126944 -0.091565090710031438 1.7164645064139934
leaf_weight=261 33 25 23 29 23 26 24 27 25 23 23 39 34 27 21 213
leaf_count=261 33 25 23 29 23 26 24 27 25 23 23 39 34 27 21 213
internal_value=-0.00199772 0.0174745 -0.0177686 -0.00930493 0.00649351 0.0035124 0.009 -0.01125 0.00255102 -0.00543478 -0.003 -0.014 -0.0163223 -0.0128788 -0.0204545 0.0245798
internal_weight=876 392 484 223 154 121 75 200 49 46 50 150 121 66 55 238
internal_count=876 392 484 223 154 121 75 200 49 46 50 150 121 66 55 238
is_linear=0
shrinkage=0.05


Tree=19
num_leaves=19
num_cat=0
split_feature=6 16 6 35 37 42 6 6 11 45 11 43 34 20 39 16 46 16
split_gain=97.3261 11.8222 11.6687 2.0811 2.67924 1.97021 1.74926 1.66162 1.92009 1.54929 1.31774 1.28227 1.21906 1.05219 0.824176 0.607293 0.373932 0.678788
threshold=1.0000000180025095e-35 -0.30638460620830882 0.53357512498630888 -0.62865955044307154 -0.53556284060426684 0.69344614769237567 -0.68638862375306242 -0.25068728491757275 1.0000000180025095e-35 -0.56660751602898418 0.21417165095860605 0.19635942701313097 -0.44164420992376069 -0.13280285825846469 -0.087112969108939745 0.058204031152591373 -0.4062773804656063 -0.43171195030111825
decision_type=2 2 2 2 2 2 2 2 2 2 2 2 2 2 2 2 2 2
left_child=1 6 3 -2 -5 7 -1 8 12 -6 13 16 -3 -9 15 -11 17 -8
right_child=2 5 -4 4 9 -7 11 10 -10 14 -12 -13 -14 -15 -16 -17 -18 -19
leaf_value=-1.3941126837206057 0.092705316507509405 0.0054546204199212413 1.6306412810932942 -0.0049700604152846497 -0.016552480431791139 -0.051198063800558205 -0.10190579401413587 -0.023484664011309067 -0.11242854903481359 0.042181243859394618 0.023714689918955402 -0.044112683720605617 -0.15177840466242432 0.0016855011275247024 0.046865528691247965 0.10348276157602641 -0.177359828349681 -0.14685182368399483
leaf_weight=207 37 26 213 28 23 29 20 27 24 27 27 21 23 22 39 25 36 22
leaf_count=207 37 26 213 28 23 29 20 27 24 27 27 21 23 22 39 25 36 22
internal_value=-0.00142694 -0.0164256 0.0170918 0.00768156 0.00492958 -0.00617978 -0.0223856 -0.00385906 -0.00924658 0.00833333 0.00131579 -0.0169192 -0.00357143 -0.00357143 0.0112637 0.0153846 -0.0198718 -0.0166667
internal_weight=876 484 392 179 142 178 306 149 73 114 76 99 49 49 91 52 78 42
internal_count=876 484 392 179 142 178 306 149 73 114 76 99 49 49 91 52 78 42
is_linear=0
shrinkage=0.05


Tree=20
num_leaves=20
num_cat=0
split_feature=6 6 6 42 44 38 20 46 33 10 37 5 10 37 6 12 19 20 5
split_gain=90.5774 20.8769 4.97853 1.98232 2.15111 1.9291 1.79602 2.26119 1.15331 1.11113 1.21788 0.998157 0.967204 0.776369 0.604154 0.56709 0.562987 0.48 0.429501
threshold=-0.25068728491757275 0.44643485721921083 -0.68638862375306242 -0.68195769778118487 -0.54314209641990574 -0.84121853631619248 -0.99602143693848522 0.48827749903166201 0.30806817712598228 -0.12178349250515719 0.11875735610101944 0.29394357758966866 -0.31314508072831471 -0.070651121892616103 0.6207153927534067 -0.13163890188485169 -0.6133503958973926 -0.99602143693848522 -0.1512991639005585
decision_type=2 2 2 2 2 2 2 2 2 2 2 2 2 2 2 2 2 2 2
left_child=2 3 -1 4 -2 -4 7 13 9 -8 -11 -10 15 -5 -3 18 -13 -14 -7
right_child=1 14 5 6 -6 12 8 -9 11 10 -12 16 17 -15 -16 -17 -18 -19 -20
leaf_value=-1.1744070495345753 0.0070744995423098096 0.099109217038628128 -0.036770092536406195 -0.031470525968946818 0.098520015056875826 -0.17595588867857687 0.044522252256685137 0.043758064662752366 -0.027637795150123171 -0.0046463430130970094 0.04585535630985902 -0.0090606360023635091 -0.11191661711217762 -0.014456018420624162 1.5991092170386283 -0.035244692303120932 0.053469392585087407 -0.15285585417866374 -0.066453208782335335
leaf_weight=218 25 35 27 26 20 21 35 23 20 28 23 20 20 22 192 23 22 30 20
leaf_count=218 25 35 27 26 20 21 35 23 20 28 23 20 20 22 192 23 22 30 20
internal_value=-0.00117647 0.01278 -0.0202646 0.0032197 0.0127778 -0.0129433 0.00125571 -0.00528169 0.00439189 0.00813953 0.00343137 -0.000806452 -0.0157895 -0.0114583 0.0238987 -0.0117188 0.00357143 -0.021 -0.0152439
internal_weight=850 491 359 264 45 141 219 71 148 86 51 62 114 48 227 64 42 50 41
internal_count=850 491 359 264 45 141 219 71 148 86 51 62 114 48 227 64 42 50 41
is_linear=0
shrinkage=0.05


Tree=21
num_leaves=18
num_cat=0
split_feature=6 6 6 16 18 19 11 16 34 33 0 9 48 44 10 6 5
split_gain=88.7071 21.6488 5.27569 2.5763 1.89048 2.34825 1.60727 1.90441 2.91379 1.48199 1.36023 1.34963 1.25963 0.901845 0.621971 0.604154 0.528276
threshold=-0.25068728491757275 0.44643485721921083 -0.68638862375306242 -0.15827047228044308 -0.58622960087693643 -0.6133503958973926 0.21417165095860605 -0.34056479096089315 -0.44164420992376069 0.30806817712598228 -1.0000000180025095e-35 -0.15841276203035262 0.6850046860900979 0.22739632427417591 -0.50450666895147223 0.6207153927534067 -0.1512991639005585
decision_type=2 2 2 2 2 2 2 2 2 2 2 2 2 2 2 2 2
left_child=2 3 -1 9 11 -6 7 14 -9 10 -2 -5 13 -7 -4 -3 -13
right_child=1 15 6 4 5 12 -8 8 -10 -11 -12 16 -14 -15 -16 -17 -18
leaf_value=-1.1156866970578463 0.011203719688938208 0.09415375618669658 -0.084019270901165302 -0.033248617138912806 -0.0015031664377161747 0.065636106587401599 -0.10559522449225583 0.0074530898852188448 -0.12363599764426284 -0.024868715182617507 -0.020820958617147767 0.040933502048296336 0.066611918205242662 0.027523495363819706 -0.14137140927992675 1.5191537561866966 0.0050192536826457971
leaf_weight=218 24 35 26 34 36 22 34 29 29 22 29 22 24 24 23 192 27
leaf_count=218 24 35 26 34 36 22 34 29 29 22 29 22 24 24 23 192 27
internal_value=-0.00123529 0.0125764 -0.0201253 0.00284091 0.00595238 0.0103774 -0.0125887 -0.00957944 -0.00344828 -0.005 -0.000471698 0.000301205 0.0157143 0.0108696 -0.0168367 0.0238987 0.00561224
internal_weight=850 491 359 264 189 106 141 107 58 75 53 83 70 46 49 227 49
internal_count=850 491 359 264 189 106 141 107 58 75 53 83 70 46 49 227 49
is_linear=0
shrinkage=0.05


Tree=22
num_leaves=18
num_cat=0
split_feature=6 6 6 12 33 5 39 6 38 35 39 42 10 33 6 2 33
split_gain=89.2022 13.924 11.6551 1.85326 2.97567 1.88463 1.76183 1.58008 1.1006 1.07302 2.15275 1.68966 1.77696 1.72045 0.604154 0.4 0.25
threshold=-0.076406749383376896 0.44643485721921083 -0.68638862375306242 -0.65249174111155672 0.30806817712598228 -0.13194078383576599 -0.011925091608333603 -0.25068728491757275 -0.75891184805338596 -0.62865955044307154 0.72873838160388515 0.25509801564576601 0.35662047805273672 0.34217522517185089 0.6207153927534067 -0.12812756449894921 -0.69808974022714276
decision_type=2 2 2 2 2 2 2 2 2 2 2 2 2 2 2 2 2
left_child=2 9 -1 5 6 16 7 8 -5 15 11 12 -11 -13 -3 -2 -4
right_child=1 14 3 4 -6 -7 -8 -9 -10 10 -12 13 -14 -15 -16 -17 -18
leaf_value=-1.0599023622049544 0.0338598117453131 0.089446068377361604 -0.13571666452617068 -0.02585960626510584 -0.052566492614224816 -0.020562436973980882 0.013106098407432399 0.0058099691186868085 -0.090193358751881905 0.048435732965309342 -0.022611652636108204 0.096055785422932166 -0.024465448458143871 0.044275675462702682 1.443196068377361 0.09011112134669759 -0.10434866235861479
leaf_weight=218 20 35 20 20 36 31 39 26 28 34 24 27 24 31 192 20 25
leaf_count=218 20 35 20 20 36 31 39 26 28 34 24 27 24 31 192 20 25
internal_value=-0.00123529 0.0156634 -0.0167607 -0.00877778 -0.00553691 -0.0151316 -0.00154867 -0.00608108 -0.0114583 0.00527778 0.00321429 0.00603448 0 0.012069 0.0238987 0.0125 -0.0216667
internal_weight=850 407 443 225 149 76 113 74 48 180 140 116 58 58 227 40 45
internal_count=850 407 443 225 149 76 113 74 48 180 140 116 58 58 227 40 45
is_linear=0
shrinkage=0.05


Tree=23
num_leaves=18
num_cat=0
split_feature=6 6 6 6 11 38 9 6 48 34 45 10 39 8 6 20 44
split_gain=85.2463 14.5177 11.9766 2.04419 2.16482 1.70812 1.61924 1.76649 2.29061 1.45903 1.08513 0.922149 1.03391 0.853333 0.784141 0.75 0.387931
threshold=-0.076406749383376896 0.44643485721921083 -0.68638862375306242 -0.25068728491757275 0.21417165095860605 -0.84121853631619248 0.15640208327384778 0.22858418780146592 0.2319176999979152 -0.16873305109568712 0.16788577684227302 -0.31314508072831471 0.1455381751004973 -0.13921982802882954 0.70785566052050475 -0.99602143693848522 0.41085785301086208
decision_type=2 2 2 2 2 2 2 2 2 2 2 2 2 2 2 2 2
left_child=2 6 -1 5 10 -4 7 8 9 -2 -5 12 -7 -10 16 -13 -3
right_child=1 14 3 4 -6 11 -8 -9 13 -11 -12 15 -14 -15 -16 -17 -18
leaf_value=-1.0069072440947069 0.035828380916296969 0.077620563187784347 -0.026570037132333371 -0.0039794256037183123 0.01293498107383826 -0.078693934350491199 0.08139213705501476 -0.010592989901779504 0.037687524979072157 -0.0093935541939657707 -0.020980738688537316 -0.097016208891040637 -0.022984891388576047 0.074931865491201677 1.5460362649584938 -0.1351319180879223 0.082443158768545299
leaf_weight=218 25 29 27 26 34 39 39 37 20 29 24 20 25 30 178 30 20
leaf_count=218 25 29 27 26 34 39 39 37 20 29 24 20 25 30 178 30 20
internal_value=-0.00147059 0.0150491 -0.0166479 -0.00855556 -0.00238095 -0.012234 0.00444444 0.00195035 0.00528846 -0.00185185 -0.009 -0.0149123 -0.0109375 0.013 0.0234581 -0.02 0.0178571
internal_weight=850 407 443 225 84 141 180 141 104 54 50 114 64 50 227 50 49
internal_count=850 407 443 225 84 141 180 141 104 54 50 114 64 50 227 50 49
is_linear=0
shrinkage=0.05


Tree=24
num_leaves=18
num_cat=0
split_feature=16 30 32 37 35 16 9 39 40 46 43 42 10 44 30 30 15
split_gain=84.7632 13.4402 13.0834 3.13953 2.082 1.94746 1.85664 2.44747 1.84283 2.741 1.95848 1.42013 1.18171 1.67681 0.857143 0.803056 0.462645
threshold=-0.1126968926103306 -0.5598431136109504 0.42343249475955724 -0.94881770168128987 -0.62865955044307154 -0.35195818587842131 0.15640208327384778 0.55075272329011404 0.68454128156046323 0.18192308824492626 -0.35338896268747616 -0.049667728531109324 0.35662047805273672 -0.090603658869413392 -0.6958032404706006 0.66379802812590183 0.26952030245539771
decision_type=2 2 2 2 2 2 2 2 2 2 2 2 2 2 2 2 2
left_child=1 14 4 -3 -2 -5 7 12 9 10 -7 -11 13 -6 -1 16 -4
right_child=2 3 15 5 6 8 -8 -9 -10 11 -12 -13 -14 -15 -16 -17 -18
leaf_value=-0.98156188188997084 0.0568676579969285 0.015125334020844861 0.11715523679910406 -0.073373131779409559 0.059214098564976329 -0.039631316760073788 0.070236562214208223 -0.027267417062861912 -0.042356787818431489 -0.017179320385264419 0.0004363239822659182 0.028699895864732386 -0.014819864473507494 -0.0060803241458927465 -0.16757513057036777 1.4937344517105686 0.031092736799104161
leaf_weight=216 38 20 23 38 34 37 25 21 23 20 32 22 26 37 36 177 25
leaf_count=216 38 20 23 38 34 37 25 21 23 20 32 22 26 37 36 177 25
internal_value=-0.00111765 -0.0162162 0.0153941 -0.00625 0.00538674 -0.00843023 0.00262238 0 -0.00559701 -0.00292793 -0.00905797 0.00714286 0.00335052 0.00669014 -0.0238095 0.0234444 0.0177083
internal_weight=850 444 406 192 181 172 143 118 134 111 69 42 97 71 252 225 48
internal_count=850 444 406 192 181 172 143 118 134 111 69 42 97 71 252 225 48
is_linear=0
shrinkage=0.05


Tree=25
num_leaves=21
num_cat=0
split_feature=6 6 6 16 15 47 45 43 33 10 43 0 20 8 45 33 6 34 34 13
split_gain=92.3857 17.1752 10.4512 2.06138 2.41832 3.02924 1.59091 1.90829 1.7316 1.54395 1.53814 1.10204 1.05836 1.01009 0.984958 1.21334 0.822453 0.732024 0.729167 0.269542
threshold=-0.16354701715047482 0.44643485721921083 -0.68638862375306242 -0.29499121129078065 -0.6235840104429119 -0.6742562721864499 0.62082330744621506 0.37153294993889602 0.78556684976814328 0.26093968394115796 0.061118371001213055 1.0000000180025095e-35 -0.73041572042155589 -0.13921982802882954 0.045470228030396777 0.018158268736098708 0.70785566052050475 -0.76572621103209804 0.36003231913370548 -0.60118302126010925
decision_type=2 2 2 2 2 2 2 2 2 2 2 2 2 2 2 2 2 2 2 2
left_child=2 6 -1 10 -5 -6 8 13 9 14 17 -7 -11 -8 15 -2 18 -4 -3 -19
right_child=1 16 3 4 5 11 7 -9 -10 12 -12 -13 -14 -15 -16 -17 -18 19 -20 -21
leaf_value=-0.95748378779547216 0.028104940507269305 0.068892749073793877 -0.073144674258688272 -0.092057472649821656 -0.066317103164751506 0.015876861556867541 0.0072061203078760631 -0.0027665976505971916 -0.026819369502678117 -0.032454579678469743 -0.050563329585488509 -0.0026096745761101658 0.014504353228890921 0.073278049971569462 0.00045676883183674025 0.092122874046839345 1.3690477291250405 -0.15556586122438604 0.11636701027956918 -0.10279638005705749
leaf_weight=226 39 28 20 33 26 25 21 23 22 20 20 24 21 26 30 22 199 25 20 28
leaf_count=226 39 28 20 33 26 25 21 23 22 20 20 24 21 26 30 22 199 25 20 28
internal_value=-0.00077951 0.0144904 -0.017623 -0.00932836 -0.00462963 0.000333333 0.00446429 0.0107143 0.00162338 0.00378788 -0.0147849 0.00765306 -0.00426829 0.0164894 0.00741758 0.0110656 0.023583 -0.0181507 0.0177083 -0.0212264
internal_weight=898 471 427 201 108 75 224 70 154 132 93 49 41 47 91 61 247 73 48 53
internal_count=898 471 427 201 108 75 224 70 154 132 93 49 41 47 91 61 247 73 48 53
is_linear=0
shrinkage=0.05


Tree=26
num_leaves=21
num_cat=0
split_feature=30 30 32 16 40 45 4 30 10 43 47 16 30 2 35 41 30 34 45 9
split_gain=85.9985 17.0762 12.3376 3.08897 2.89895 2.12952 2.04027 1.98509 1.78686 1.52174 1.4336 1.24213 1.26018 1.98352 1.24091 2.20909 0.712999 0.729167 0.625 0.146566
threshold=1.0000000180025095e-35 -0.6958032404706006 0.42343249475955724 -0.28359781637325249 -0.70857708231890038 -0.48091663186067091 -0.11998185403631688 -0.28792285989164995 0.069578095718000374 0.16633661017272791 1.0000000180025095e-35 -0.15827047228044308 0.25591764754695101 -0.22595258065419013 -0.5089148741682008 -0.20245435664069275 0.66379802812590183 0.36003231913370548 0.26581821589177401 1.0000000180025095e-35
decision_type=2 2 2 2 2 2 2 2 2 2 2 2 2 2 2 2 2 2 2 2
left_child=1 -1 5 9 -5 8 10 -8 -2 14 -6 -7 13 -13 -3 -16 17 -4 -9 -18
right_child=2 3 16 4 6 11 7 18 -10 -11 -12 12 -14 -15 15 -17 19 -19 -20 -21
leaf_value=-0.90960959840569877 0.043522232419019251 -0.14846215513222774 0.065448111620104762 0.014333129882918173 -0.01361605373934225 -0.007712349985206402 -0.17176411150618806 -0.030378299973739333 -0.030670503624514112 0.0007444040074929604 0.0068458142924825438 0.036785886767940215 0.027158801503075126 0.096284138392300642 -0.032153070771479976 -0.13776905049646757 0.60059534266878822 0.11054865976558972 0.0044017258880359126 1.3505953426687882
leaf_weight=226 23 37 28 31 26 20 27 20 20 20 25 24 38 39 33 22 24 20 20 175
leaf_count=226 23 37 28 31 26 20 27 20 20 20 25 24 38 39 33 22 24 20 20 175
internal_value=-0.000723831 -0.0149384 0.0161192 -0.00622605 -0.00151007 0.0054878 -0.00508475 -0.0108209 -0.00406977 -0.0125 0.00245098 0.0088843 0.0111386 0.0154762 -0.0152174 -0.0104545 0.0231781 0.0177083 -0.00375 0.0244975
internal_weight=898 487 411 261 149 164 118 67 43 112 51 121 101 63 92 55 247 48 40 199
internal_count=898 487 411 261 149 164 118 67 43 112 51 121 101 63 92 55 247 48 40 199
is_linear=0
shrinkage=0.05


Tree=27
num_leaves=21
num_cat=0
split_feature=6 6 6 6 49 34 19 35 45 37 35 35 37 43 33 0 33 33 11 47
split_gain=75.1785 18.6267 9.34589 2.84211 2.2467 1.79799 1.76665 1.83147 1.99345 1.88852 1.70975 1.60303 1.53018 2.57727 1.49219 1.3172 0.950805 0.84062 0.697972 0.2505
threshold=-0.25068728491757275 0.44643485721921083 -0.68638862375306242 0.79499592828760257 1.1377824027891941 -0.85101094816587097 -0.6133503958973926 -0.62865955044307154 -0.44419196721710802 -0.39781122024525928 -0.4575957271932562 -0.25231913929347771 0.25650897646002718 -0.27221238400923353 -0.27175163965378474 -1.0000000180025095e-35 0.59797808551586573 0.75145980172227467 0.21417165095860605 1.1380916721822807
decision_type=2 2 2 2 2 2 2 2 2 2 2 2 2 2 2 2 2 2 2 2
left_child=2 4 19 17 6 -4 12 -8 -9 -10 -7 -6 13 -2 -12 -11 -16 18 -3 -1
right_child=1 3 5 -5 11 10 7 8 9 15 14 -13 -14 -15 16 -17 -18 -19 -20 -21
leaf_value=-0.86412911848541407 -0.019882777748817661 0.091508633496120248 0.0058261825507088362 1.5330655755353491 0.011162262096875965 -0.14933982105274524 0.023156956102386772 -0.034352279385903017 -0.0084624402009922054 0.017761633339695493 0.0020545711666684952 -0.029683390566984259 -0.020736372652153535 0.064632917997425918 -0.11768937148289355 0.060957511941966663 -0.14089911563834365 0.033065575535349015 0.10578763709773115 -0.76412911848541398
leaf_weight=195 35 24 31 169 20 34 38 28 20 23 30 24 26 20 37 38 21 23 31 31
leaf_count=195 35 24 31 169 20 34 38 28 20 23 30 24 26 20 37 38 21 23 31 31
internal_value=-0.000946548 0.0114162 -0.017876 0.0213563 0.00238971 -0.00833333 0.00438596 0.00765306 0.0043578 0.00833333 -0.0110656 -0.00795455 -0.00154321 0.00318182 -0.00738636 0.0127049 -0.012069 0.0134615 0.0168182 -0.0243363
internal_weight=898 519 379 247 272 153 228 147 109 81 122 44 81 55 88 61 58 78 55 226
internal_count=898 519 379 247 272 153 228 147 109 81 122 44 81 55 88 61 58 78 55 226
is_linear=0
shrinkage=0.05


Tree=28
num_leaves=24
num_cat=0
split_feature=31 31 32 31 2 12 38 16 49 38 37 37 34 38 34 16 38 13 16 2 0 41 11
split_gain=68.9666 15.2615 13.6905 1.77397 1.91723 1.70923 1.90835 1.73377 1.48969 1.05474 1.93192 1.75758 1.89804 1.19806 0.96094 1.78686 1.1336 0.938621 0.819766 0.790608 0.435077 0.586446 0.388054
threshold=1.0000000180025095e-35 -0.76830417003134965 0.42343249475955724 0.92394134916953352 1.3147914237908542 1.0000000180025095e-35 0.20133284834602214 -0.032943128187633682 1.1377824027891941 -0.6834640504791466 -0.070651121892616103 0.23929002391515117 0.49648789854774228 -0.052446107130964488 -0.74866926360534336 -0.39753176554853381 0.3110750993630973 -0.80121234466663016 -0.20384405195055563 -0.61725264527515367 -1.0000000180025095e-35 -0.14317628286363684 1.0000000180025095e-35
decision_type=2 2 2 2 2 2 2 2 2 2 2 2 2 2 2 2 2 2 2 2 2 2 2
left_child=1 -1 8 4 20 7 18 14 9 -2 13 -12 -13 -11 15 -3 17 -16 -7 -19 -4 -22 -21
right_child=2 5 3 -5 -6 6 -8 -9 -10 10 11 12 -14 -15 16 -17 -18 19 -20 22 21 -23 -24
leaf_value=-0.99842266256114343 0.073593060105991981 -0.0619507672849295 0.15455678472741 1.7314122967585803 0.074322409692044289 0.011389588126256456 -0.12741817257450236 0.0054769002036287873 -0.019335209206055737 -0.022611240980188543 0.062127204519346439 -0.0048619601300551102 0.065781430570892502 0.011610739214538058 -0.094752137768050915 0.0023867081595795982 -0.0086439943594655236 -0.018274022748057207 -0.023108310011173219 -0.085526574598286234 0.10509173677425282 0.10563421851982042 -0.062436671580223903
leaf_weight=190 25 20 38 142 20 31 23 20 32 21 33 34 20 29 28 23 35 22 20 22 20 27 23
leaf_count=190 25 20 38 142 20 31 23 20 32 21 33 34 20 29 28 23 35 22 20 22 20 27 23
internal_value=-0.000556793 -0.0141685 0.0135488 0.0213563 0.0164286 -0.00646067 0 -0.00893782 0.00360825 0.00555556 0.00383212 0.00833333 0.00277778 -0.004 -0.0105491 -0.00406977 -0.0126923 -0.0155263 0.00539216 -0.0123134 0.0197059 0.0164894 -0.0161111
internal_weight=898 457 441 247 105 267 74 193 194 162 137 87 54 50 173 43 130 95 51 67 85 47 45
internal_count=898 457 441 247 105 267 74 193 194 162 137 87 54 50 173 43 130 95 51 67 85 47 45
is_linear=0
shrinkage=0.05


Tree=29
num_leaves=24
num_cat=0
split_feature=16 31 32 31 34 16 35 19 16 45 9 36 41 2 34 33 17 41 0 12 16 34 2
split_gain=67.2374 15.8366 12.3195 2.25084 1.96645 2.29103 1.96206 1.75156 2.17278 1.74744 2.4881 1.73929 1.75418 1.62434 1.45555 2.44478 1.33405 1.05973 0.743109 0.901845 0.735225 0.634972 0.266327
threshold=-0.1126968926103306 -0.76830417003134965 0.42343249475955724 0.92394134916953352 -0.74866926360534336 -0.3861383706310057 -0.62865955044307154 1.0000000180025095e-35 -0.32917139604336504 -0.70126461972204801 0.15640208327384778 0.21509454322928637 -0.20245435664069275 1.3147914237908542 0.65000042538853375 0.30806817712598228 -1.049003068282234 -0.19599673226725475 -1.0000000180025095e-35 0.38921393734185333 -0.22663084178561191 0.12123505515914106 -0.44605886700348213
decision_type=2 2 2 2 2 2 2 2 2 2 2 2 2 2 2 2 2 2 2 2 2 2 2
left_child=1 -1 6 13 5 -3 -2 11 -9 -8 14 16 -13 18 15 17 -6 -11 -4 -20 -7 22 -18
right_child=2 4 3 -5 7 20 9 8 -10 10 -12 12 -14 -15 -16 -17 21 -19 19 -21 -22 -23 -24
leaf_value=-0.97100152943308593 0.039058491942530797 -0.054318414726596133 0.14728302134149801 1.6448416819206502 -0.010256144142650215 0.0096664227648403777 -0.034725219065171585 -0.056204223976038747 0.012519534329459249 0.032223564167746591 0.087605546245187335 0.016114989682549919 -0.059365909269966724 0.070606289207441372 0.039426605339139803 -0.01541278872512848 -0.083940716445901842 -0.008071759840285608 0.13604183953003499 0.059459449459426141 0.00030093986138552965 -0.029999850590665747 -0.090801769625650772
leaf_weight=189 37 25 37 142 22 23 27 25 37 27 20 20 27 20 30 26 20 20 24 22 21 28 29
leaf_count=189 37 25 37 142 22 23 27 25 37 27 20 20 27 20 30 26 20 20 24 22 21 28 29
internal_value=-0.000668151 -0.0138412 0.0135417 0.0209184 -0.00622744 0.00108696 0.00387701 -0.00865385 -0.0016129 0.00133333 0.00386179 -0.0116438 -0.0037234 0.0152913 0.000728155 -0.00308219 -0.015404 0.0037234 0.0183735 0.0141304 0.00795455 -0.0185065 -0.0219388
internal_weight=898 466 432 245 277 69 187 208 62 150 123 146 47 103 103 73 99 47 83 46 44 77 49
internal_count=898 466 432 245 277 69 187 208 62 150 123 146 47 103 103 73 99 47 83 46 44 77 49
is_linear=0
shrinkage=0.05


Tree=30
num_leaves=24
num_cat=0
split_feature=6 6 6 9 45 7 10 12 40 40 12 7 44 17 33 9 41 4 39 19 19 39 9
split_gain=61.9581 19.1538 11.1606 2.63998 1.91667 1.5547 1.49568 1.6692 1.43446 1.55959 1.52352 1.40061 1.69899 1.22261 1.1788 1.58229 1.04615 1.64274 1.58542 0.99173 0.856126 0.612813 0.468085
threshold=-0.25068728491757275 0.79499592828760257 -0.77352889152016024 0.15640208327384778 -0.3707426379299823 0.83201622723567381 -0.21746428661673595 -0.91291816072490928 0.68454128156046323 0.45063498836590316 -0.13163890188485169 -0.78325832005247709 -0.39637287343055688 -1.2762404164070149 0.13753293689663901 -0.36828932556648614 -0.038221679750072381 0.066147108488528672 -0.31885479675764122 -0.6133503958973926 1.0000000180025095e-35 -0.17671664732283843 0.31380950592594797
decision_type=2 2 2 2 2 2 2 2 2 2 2 2 2 2 2 2 2 2 2 2 2 2 2
left_child=2 3 -1 5 -5 8 7 -4 9 13 -10 -9 -13 -2 15 -15 17 18 -17 -6 21 -8 -21
right_child=1 -3 6 4 19 -7 20 11 10 -11 -12 12 -14 14 -16 16 -18 -19 -20 22 -22 -23 -24
leaf_value=-0.92245145296143116 0.018257623202649852 1.4563495978246181 -0.17071565308442588 -0.015337658514042118 0.059943042013932774 0.086451468577481455 -0.10628115944978732 0.010867172183108665 -0.03298895811191329 0.065912818739926854 0.00041320945617684401 0.0050735179912493322 -0.075714724960770502 -0.03356629711096417 -0.011619196022984113 -0.034558482180202792 -0.018595536509622691 0.045094695674124809 0.042070116345993828 0.070093812161455563 -0.066039549158649888 -0.035239588693556811 0.054929729470788405
leaf_weight=185 20 158 29 23 22 20 24 23 23 24 38 36 30 23 34 22 20 20 23 22 20 22 25
leaf_count=185 20 158 29 23 22 20 24 23 23 24 38 36 30 23 34 22 20 20 23 22 20 22 25
internal_value=-0.000677201 0.0104932 -0.0163279 0.00410864 0.011413 0.00159176 -0.0076087 -0.00423729 0.000506073 0.00268817 -0.00614754 -0.000842697 -0.00454545 0.000925926 -0.000704225 0.00185185 0.005 0.00807692 0.00277778 0.0155797 -0.0136364 -0.0173913 0.0196809
internal_weight=886 517 369 359 92 267 184 118 247 186 61 89 66 162 142 108 85 65 45 69 66 46 47
internal_count=886 517 369 359 92 267 184 118 247 186 61 89 66 162 142 108 85 65 45 69 66 46 47
is_linear=0
shrinkage=0.05


Tree=31
num_leaves=25
num_cat=0
split_feature=31 31 31 16 12 9 49 41 16 4 42 5 47 37 11 37 11 7 2 36 41 13 37 4
split_gain=57.0283 13.0709 12.6806 2.88812 2.38204 1.97143 1.81508 1.41199 1.32303 1.11806 1.08195 1.22299 1.30692 1.6522 1.30011 1.14289 1.06522 0.835237 1.07251 1.52966 1.1006 0.402312 0.0697604 0.104762
threshold=1.0000000180025095e-35 -0.76830417003134965 0.92394134916953352 0.43418606343101979 1.0000000180025095e-35 0.2613403650419146 0.23152548893966207 -0.78917105849296187 -0.089910102775274323 -0.3061108165611624 -0.76804412551945822 0.31330195765446112 0.2319176999979152 -0.087870074437492063 1.0000000180025095e-35 0.27372792900490311 1.0000000180025095e-35 -0.042924152545408031 -0.091443183440733891 0.026293683151217634 -0.16305355670365743 -0.20112437444706763 -0.93159874913641405 -0.3061108165611624
decision_type=2 2 2 2 2 2 2 2 2 2 2 2 2 2 2 2 2 2 2 2 2 2 2 2
left_child=1 21 3 5 7 10 -6 -3 17 -7 -2 12 13 -12 -13 -16 -14 18 19 20 -9 22 23 -1
right_child=2 4 -4 -5 6 9 -8 8 -10 -11 11 14 16 -15 15 -17 -18 -19 -20 -21 -22 -23 -24 -25
leaf_value=-1.0513288803133591 0.033958717575035283 0.00068372304683848037 1.6335321179333875 0.13899005810069553 0.015107080011325281 0.1116202194638703 -0.075699406343343878 -0.084551803909249656 -0.00059843300565916031 0.043380655182397025 -0.016359630648747726 0.045574753710857153 -0.021710665749797898 0.035821219957382765 0.061739972618801889 -0.0059079490031621164 -0.0019107232905270167 -0.051744564871641786 -0.087014765221369583 0.014876629409801723 -0.0074973078763115103 -0.30757888031335912 -0.97632888031335918 -1.0513288803133591
leaf_weight=20 24 26 134 33 38 20 33 28 29 38 23 34 23 33 26 23 23 35 38 20 20 28 115 22
leaf_count=20 24 26 134 33 38 20 33 28 29 38 23 34 23 33 26 23 23 35 38 20 20 28 115 22
internal_value=-0.000733634 -0.0131637 0.012212 0.0065 -0.00608614 0.00477528 0.00176056 -0.00892857 -0.0105882 0.012931 0.00251196 0.00121622 -0.00245098 0.00267857 0.00572289 0.000510204 -0.00869565 -0.0125887 -0.0103774 -0.00661765 -0.0114583 -0.0233784 -0.0243631 -0.022619
internal_weight=886 452 434 300 267 267 71 196 170 58 209 185 102 56 83 49 46 141 106 68 48 185 157 42
internal_count=886 452 434 300 267 267 71 196 170 58 209 185 102 56 83 49 46 141 106 68 48 185 157 42
is_linear=0
shrinkage=0.05


Tree=32
num_leaves=23
num_cat=0
split_feature=16 6 6 9 45 12 20 47 48 35 47 3 34 2 34 0 40 44 34 46 8 35
split_gain=55.0478 16.1513 14.7484 2.44117 2.01608 1.62567 1.43108 3.05905 1.65288 1.6332 1.74727 1.63705 1.18095 2.66575 2.053 1.28444 1.08702 1.26263 1.03756 1.00076 1 0.456049
threshold=-0.1126968926103306 0.79499592828760257 -0.86066915928725829 0.15640208327384778 -0.73798928436561095 0.64964035695520594 -0.66401429129232348 0.2319176999979152 -0.6742562721864499 -0.33785105091838541 0.6850046860900979 0.2319176999979152 -0.74866926360534336 -0.50719950210050768 -0.015220524254895741 -1.0000000180025095e-35 0.65358309569647688 -0.22514211327631653 -0.40753031507025145 -0.43078573332854514 -0.34569470153302034 0.22665956580600546
decision_type=2 2 2 2 2 2 2 2 2 2 2 2 2 2 2 2 2 2 2 2 2 2
left_child=2 3 -1 4 -2 12 7 8 -6 -8 11 -11 13 -4 15 -14 17 -16 -5 -7 -17 -20
right_child=1 -3 5 18 6 19 9 -9 -10 10 -12 -13 14 -15 16 20 -18 -19 21 -21 -22 -23
leaf_value=-1.0256374362976914 -0.031001100629536184 1.3018555120367183 -0.034746412467325176 0.033786620093947305 -0.012920715660736449 -0.013079433170285171 0.08565933328430049 -0.017382423150917248 0.039643976652921256 0.051629901451182292 0.05962778057942586 -0.013455415194541588 -0.023046688195979926 0.035011986033687492 -0.02220784877535209 -0.11701936958393873 -0.041837922849072132 0.024915534541380426 0.038678380978890918 0.021944800613493954 -0.022720421556904569 0.08780030009360687
leaf_weight=158 30 158 37 20 23 22 25 23 22 26 22 24 36 25 30 32 25 36 29 21 32 30
leaf_count=158 30 158 37 20 23 22 25 23 22 26 22 24 36 25 30 32 25 36 29 21 32 30
internal_value=-0.000507901 0.0122685 -0.0126652 0.00492701 0.00192308 -0.00608108 0.00409091 -0.00147059 0.00611111 0.00798969 0.00416667 -0.001 -0.0076087 -0.0016129 -0.00955497 -0.0145 -0.00412088 -0.000757576 0.0123418 0.00290698 -0.01875 0.015678
internal_weight=886 432 454 274 195 296 165 68 45 97 72 50 253 62 191 100 91 66 79 43 64 59
internal_count=886 432 454 274 195 296 165 68 45 97 72 50 253 62 191 100 91 66 79 43 64 59
is_linear=0
shrinkage=0.05


Tree=33
num_leaves=23
num_cat=0
split_feature=6 6 6 7 43 17 39 41 42 36 37 3 10 7 10 12 43 2 38 8 2 17
split_gain=54.9868 17.9484 13.0702 2.14677 1.92817 1.67736 2.27444 1.88235 2.08959 1.66591 1.54286 1.50402 1.38598 2.01523 1.7894 1.5248 1.21406 1.26921 0.901779 1.32675 0.814414 0.712826
threshold=-0.16354701715047482 0.79499592828760257 -0.86066915928725829 0.89931933337268 0.77075519512073665 0.42803969452884144 -0.59815518732934381 0.27024722578693833 0.60142272493766979 -0.66025489895085032 0.27372792900490311 -1.5804302443708151 -0.31314508072831471 -0.78325832005247709 -0.60018746306305093 -0.13163890188485169 -0.31958524090188889 -0.091443183440733891 -0.99554357680895433 -0.44893213828511574 -0.40937448594526676 -0.14005367578311081
decision_type=2 2 2 2 2 2 2 2 2 2 2 2 2 2 2 2 2 2 2 2 2 2
left_child=2 3 -1 4 5 7 -7 8 9 -2 -8 -4 13 -13 18 20 17 -11 -15 -20 -14 -16
right_child=1 -3 11 -5 -6 6 10 -9 -10 16 -12 12 15 14 21 -17 -18 -19 19 -21 -22 -23
leaf_value=-0.97435556448280636 0.040724105924068971 1.2367627364348834 -0.075184818147229757 0.067566757027228169 -0.010241857142831635 0.036105951012839199 -0.0003165160715752791 0.089337072163253595 0.048797821427195492 0.041216983099969441 -0.01855586055595353 0.010347306180902649 -0.068004247782582183 -0.0054446901168347496 0.012867455532584416 -0.016736395552181451 -0.01978822427397944 -0.034616090621021556 -0.10602307228340209 -0.053072312590963122 -0.029759533524558891 -0.013675065831962742
leaf_weight=158 24 158 20 37 29 20 35 30 32 22 21 39 23 20 21 38 33 23 25 21 35 22
leaf_count=158 24 158 20 37 29 20 35 30 32 22 21 39 23 20 21 38 33 23 25 21 35 22
internal_value=-0.000564334 0.0113147 -0.0136256 0.00424837 0.00269517 0.00416667 -0.00197368 0.0070122 0.00447761 0.000980392 -0.00714286 -0.00681818 -0.0057377 -0.0027027 -0.00619266 -0.0104167 -0.0025641 0.00277778 -0.0113636 -0.0152174 -0.0155172 0.00174419
internal_weight=886 464 422 306 269 240 76 164 134 102 56 264 244 148 109 96 78 45 66 46 58 43
internal_count=886 464 422 306 269 240 76 164 134 102 56 264 244 148 109 96 78 45 66 46 58 43
is_linear=0
shrinkage=0.05


Tree=34
num_leaves=24
num_cat=0
split_feature=6 6 6 7 33 35 9 17 7 15 41 9 43 20 46 8 47 8 33 34 8 2 33
split_gain=52.1841 19.8568 11.7213 2.60423 1.86436 2.16736 1.86147 1.87778 1.42381 1.5091 1.31918 1.13066 2.17421 1.54615 2.17258 1.81565 1.67789 1.21236 1.055 0.877635 0.588942 0.225 0.0436709
threshold=-0.25068728491757275 0.79499592828760257 -0.86066915928725829 0.89931933337268 -0.22059106758498179 0.27797871278095015 0.15640208327384778 -0.36729102390789165 -0.17753036481942056 -0.40030793221833455 -0.52257856819369874 -0.47322760733455299 0.16633661017272791 -0.66401429129232348 -0.026397911090054051 0.17049248222745669 0.2319176999979152 -0.19083854640487727 0.59797808551586573 0.3770892665604601 -0.29407598315697264 0.4221381513742809 -0.32291221172258772
decision_type=2 2 2 2 2 2 2 2 2 2 2 2 2 2 2 2 2 2 2 2 2 2 2
left_child=2 3 -1 6 5 8 11 21 9 -4 -6 -2 13 16 15 -15 17 -13 20 -14 -12 -8 -3
right_child=1 22 4 -5 10 -7 7 -9 -10 -11 18 12 19 14 -16 -17 -18 -19 -20 -21 -22 -23 -24
leaf_value=-0.92563778625866611 -0.033102784511579844 1.2499245996131378 0.016760092641692381 0.06064977588749372 -0.024643856075010719 0.012557299665321865 0.040456812197397343 -0.00062049197774811666 -0.070217289492219948 -0.02895515642511555 -0.085859210355111779 0.020399924516047465 -0.019200667467407586 -0.013268684302767043 0.036802010995130988 0.0597055146951476 -0.018549507289574763 -0.0010246872362287718 -0.072600860980530521 -0.0037958095431143593 -0.074669014687172824 0.058680292668528013 1.1749245996131379
leaf_weight=158 24 20 28 38 21 22 20 32 36 31 32 21 22 32 38 26 29 33 21 24 20 20 138
leaf_count=158 24 20 28 38 21 22 20 32 36 31 32 21 22 32 38 26 29 33 21 24 20 20 138
internal_value=-0.0003386 0.00991296 -0.0147019 0.00341226 -0.00699052 -0.00277778 0.00194704 0.00902778 -0.00605263 -0.00127119 -0.012234 -0.000100402 0.001 0.00349162 0.0078125 0.00172414 -0.00150602 0.0037037 -0.015411 -0.00869565 -0.0192308 0.01625 0.0246835
internal_weight=886 517 369 359 211 117 321 72 95 59 94 249 225 179 96 58 83 54 73 46 52 40 158
internal_count=886 517 369 359 211 117 321 72 95 59 94 249 225 179 96 58 83 54 73 46 52 40 158
is_linear=0
shrinkage=0.05


Tree=35
num_leaves=24
num_cat=0
split_feature=16 6 6 37 16 45 20 9 33 10 46 7 17 46 8 39 33 39 14 12 45 33 41
split_gain=50.5576 13.6145 12.5155 2.27521 2.10466 1.71902 2.50256 1.37074 1.43937 1.34336 1.25885 1.14916 1.79919 1.27687 1.14224 1.11387 1.04844 2.09184 1.51466 0.978495 0.75664 0.595238 0.47205
threshold=-0.1126968926103306 0.92570632993824953 -0.86066915928725829 -0.96603665422616591 0.4455794583485479 -0.33401797328641947 -0.99602143693848522 -0.15841276203035262 -0.3740727837913907 0.069578095718000374 -0.45529408619148398 0.15898516586561084 -1.2762404164070149 0.7333610276610506 -0.19083854640487727 0.32754710549827271 -0.57871507206660244 -0.49659855998703517 -0.45157717275436821 1.0000000180025095e-35 0.35150910006008734 -0.86862498045648595 -0.90754259689328343
decision_type=2 2 2 2 2 2 2 2 2 2 2 2 2 2 2 2 2 2 2 2 2 2 2
left_child=2 4 22 10 5 6 -2 19 -9 -8 -4 12 -5 15 -10 16 21 -18 -19 -7 -16 -14 -1
right_child=1 -3 3 11 -6 7 9 8 14 -11 -12 -13 13 -15 20 -17 17 18 -20 -21 -22 -23 -24
leaf_value=-1.1024808969457325 -0.050707292266984186 1.3411783696324819 -0.0089091513467110424 -0.039227320833623486 0.083156014446518614 -0.0069369576810217387 0.030058691022530584 0.024733676795445803 0.042498949503946906 -0.023036432779987594 0.031989204386243843 -0.0020337328297145517 -0.055619297453637279 0.0010782062110607173 -0.0082537349542043618 -0.049506342840773244 -0.07468956710154942 -0.029643946096494747 0.015877953819130399 0.02656448352785077 0.056381276835499254 -0.063867209375679579 -0.781230896945732
leaf_weight=28 20 130 29 29 29 31 37 28 26 22 25 39 21 33 22 31 27 29 22 21 39 21 133
leaf_count=28 20 130 29 29 29 31 37 28 26 22 25 39 21 33 22 31 27 29 22 21 39 21 133
internal_value=-0.00126147 0.0116667 -0.0124732 -0.00653595 0.00536364 0.00386179 -0.00221519 0.00673653 0.00978261 0.0029661 0.00277778 -0.00853175 -0.00997653 -0.00815217 0.0066092 -0.0100993 -0.00791667 -0.00448718 0.00147059 0 0.00286885 -0.0142857 -0.0237578
internal_weight=872 405 467 306 275 246 79 167 115 59 54 252 213 184 87 151 120 78 51 52 61 42 161
internal_count=872 405 467 306 275 246 79 167 115 59 54 252 213 184 87 151 120 78 51 52 61 42 161
is_linear=0
shrinkage=0.05


Tree=36
num_leaves=27
num_cat=0
split_feature=16 6 6 16 9 18 36 0 12 4 3 10 14 35 10 10 36 44 37 6 41 37 7 40 7 2
split_gain=46.0502 16.6479 9.07002 2.45325 2.4253 2.18807 2.36403 2.09753 2.39949 2.19503 1.48379 1.49912 1.46823 1.45522 1.3638 1.16876 1.40076 1.11317 1.1116 1.01998 0.98661 0.915719 0.857143 0.804138 0.535497 0.252962
threshold=0.046810636235063242 -0.86066915928725829 0.92570632993824953 -0.29499121129078065 -0.52569674821858625 -0.87616987279080039 0.094948541361424457 -0.74914607737310734 -0.65249174111155672 0.066147108488528672 1.0000000180025095e-35 -0.60018746306305093 -0.45157717275436821 -0.029936169068717693 -0.21746428661673595 -0.12178349250515719 -0.36847175155747142 0.22739632427417591 -0.91437979659153801 -0.94780942705435633 0.032802839583063244 -0.4322491253350112 -0.1102272586824143 -0.25796348807643982 0.36089448427662973 -0.042530675363113453
decision_type=2 2 2 2 2 2 2 2 2 2 2 2 2 2 2 2 2 2 2 2 2 2 2 2 2 2
left_child=1 19 5 10 -5 17 24 12 21 15 11 -3 -6 -8 -13 16 -10 -2 -12 -1 -15 -9 -11 -20 -7 -14
right_child=2 3 -4 4 7 6 13 8 9 22 18 14 25 20 -16 -17 -18 -19 23 -21 -22 -23 -24 -25 -26 -27
leaf_value=-1.1072631020984454 -0.019433641471303532 -0.059169016474261586 1.2741194511508582 -0.075799108323497677 -0.015425585106164874 0.059138608324364843 0.084025960747524664 -0.061163471355724398 -0.050639791618602464 0.024300355533065955 -0.01194560871734609 0.019649989747313159 0.063067358696338269 0.054005722469340614 -0.014929922087975457 -0.012061351498969941 0.01817732852963019 0.072881043211098992 -0.034062272004504027 -0.14558521730547086 -0.018713834690412056 -0.0093610311340690099 0.0049485017133307002 -0.071514213282804925 0.079407672174316712 0.0054888011701898168
leaf_weight=124 27 28 130 20 20 29 21 20 20 21 20 24 21 22 22 39 24 22 34 37 21 26 21 37 22 20
leaf_count=124 27 28 130 20 20 29 21 20 20 21 20 24 21 22 22 39 24 22 34 37 21 26 21 37 22 20
internal_value=-0.000974771 -0.00916955 0.0151361 -0.00389688 -0.000793651 0.00731707 0.011087 0.000646552 -0.00219298 0.0014 -0.00863636 -0.00337838 0.00860656 0.0046875 0.00217391 -0.00331325 0.00227273 -0.00153061 -0.0129121 -0.0228261 -0.000581395 -0.0119565 0.0107143 -0.0158451 0.0191176 0.0140244
internal_weight=872 578 294 417 252 164 115 232 171 125 165 74 61 64 46 83 44 49 91 161 43 46 42 71 51 41
internal_count=872 578 294 417 252 164 115 232 171 125 165 74 61 64 46 83 44 49 91 161 43 46 42 71 51 41
is_linear=0
shrinkage=0.05


Tree=37
num_leaves=26
num_cat=0
split_feature=6 6 6 43 16 44 44 40 45 9 35 46 17 38 40 46 35 36 9 17 13 44 34 2 37
split_gain=45.1338 16.0252 9.30541 3.02072 2.59923 1.70166 2.32504 2.40231 2.01539 2.02646 1.888 1.68472 1.66737 1.54462 1.50769 1.33011 1.21569 1.06482 1.0462 1.33259 0.91895 0.74922 0.623994 0.55102 0.169231
threshold=-0.25068728491757275 0.92570632993824953 -0.94780942705435633 -0.68507452148426495 0.4455794583485479 -0.98344976538795248 -0.57983440216724291 -0.72577607446555936 -0.35850108304879469 1.0000000180025095e-35 -0.4575957271932562 0.7333610276610506 -0.4809096979702821 -0.6354518156591763 -0.048135783887202514 -0.14893967540474831 0.27797871278095015 0.094948541361424457 -0.36828932556648614 0.087183672341670057 1.0000000180025095e-35 0.23962709285662168 -0.62927063161806118 -0.66616515335277415 -0.69053341350815056
decision_type=2 2 2 2 2 2 2 2 2 2 2 2 2 2 2 2 2 2 2 2 2 2 2 2 2
left_child=2 4 -1 -4 5 -2 13 -8 14 10 -10 16 -13 -7 -9 -11 18 -17 22 -20 -12 -22 -5 -21 -3
right_child=1 24 3 11 -6 6 7 8 9 15 20 12 -14 -15 -16 17 -18 -19 19 23 21 -23 -24 -25 -26
leaf_value=-1.0518999469935231 0.030626528517147734 2.0916634785933157 0.016114003993334337 -0.053748613668832948 0.075027830115476493 0.011243293793300781 0.02950288935209926 -0.041166944703662979 0.030664424615808629 0.00092459239999840301 0.0017955751558162093 -0.03961246851360585 0.016918342732148518 -0.031391646057105052 0.012169355902597091 0.048489260801492406 -0.037430349910154349 0.080583446019016958 -0.0076783463900987675 -0.11725105274972521 -0.0024819895851329933 -0.012836279068963563 -0.16826060579134039 -0.070867200620877216 1.0666634785933156
leaf_weight=124 28 20 39 23 29 20 20 20 21 22 37 22 21 31 32 28 37 29 36 21 22 21 31 28 110
leaf_count=124 28 20 39 23 29 20 20 20 21 22 37 22 21 31 32 28 37 29 36 21 22 21 31 28 110
internal_value=-0.000860092 0.00918367 -0.0137435 -0.00833333 0.00375 0.00249245 0.00140264 0.00337302 0.00193966 0.00444444 -0.000247525 -0.0106164 -0.00174419 -0.00833333 -0.00673077 0.010443 -0.0127841 0.0144737 -0.0149281 -0.0114706 -0.00375 -0.00872093 -0.0203704 -0.0168367 0.0242308
internal_weight=872 490 382 258 360 331 303 252 232 180 101 219 43 51 52 79 176 57 139 85 80 43 54 49 130
internal_count=872 490 382 258 360 331 303 252 232 180 101 219 43 51 52 79 176 57 139 85 80 43 54 49 130
is_linear=0
shrinkage=0.05


Tree=38
num_leaves=26
num_cat=0
split_feature=6 6 6 7 13 43 4 38 5 38 3 19 4 45 20 6 46 9 33 39 19 40 13 43 33
split_gain=38.4524 15.089 11.2036 2.98327 2.44759 1.66989 1.40353 1.74818 1.40066 2.51428 1.41442 1.58022 1.36347 1.35941 1.34455 1.01998 0.999068 1.00796 0.940568 1.01587 1.12082 0.927843 0.921951 0.775544 0.618312
threshold=1.0000000180025095e-35 -0.86066915928725829 1.0564167315888966 0.89931933337268 1.0000000180025095e-35 -0.62491605635480563 -0.11998185403631688 -0.24449504641084599 0.46816899817280094 -0.61487514359347484 1.1380916721822807 -0.6133503958973926 -0.3061108165611624 -0.71350617460323573 -0.26560571651692938 -0.94780942705435633 0.9539362034275003 -0.36828932556648614 0.2228005570113106 -0.71639115654049068 1.0000000180025095e-35 0.68454128156046323 -0.80121234466663016 -0.23574228453399412 0.92199504195161797
decision_type=2 2 2 2 2 2 2 2 2 2 2 2 2 2 2 2 2 2 2 2 2 2 2 2 2
left_child=1 15 3 8 5 13 7 -6 9 -2 11 -11 -13 -3 -8 -1 17 22 19 -19 -21 -10 -7 -5 -23
right_child=2 4 -4 23 6 16 14 -9 21 10 -12 12 -14 -15 -16 -17 -18 18 -20 20 -22 24 -24 -25 -26
leaf_value=-0.99930494964384664 0.064313024621827711 -0.013368774736743916 1.8620803046636496 0.044399484439358622 -0.087397376748873518 -0.031271900492186692 -0.0061259246814294958 0.0039032911310968644 0.074157308738387689 0.026104865135407353 0.061680086729562336 -0.00076155770067813937 -0.023843017925040046 0.031881169594731772 0.034122271928467285 -0.13643443894468987 -0.0023378914089931869 -0.049109367242843406 -0.055417109065996333 0.0018596008780804143 -0.037633719953427659 -0.0087544642223953417 -0.098258007537523895 0.071276438609703521 0.068521641597304492
leaf_weight=124 32 20 103 24 21 20 34 30 34 31 25 22 31 21 29 37 29 21 25 38 25 22 21 25 28
leaf_count=124 32 20 103 24 21 20 34 30 34 31 25 22 31 21 29 37 29 21 25 38 25 22 21 25 28
internal_value=-0.00108945 -0.0102525 0.0109416 0.00565693 -0.00419162 -0.00727273 0.00175439 -0.00441176 0.00322222 0.000177305 -0.00344037 -0.00654762 -0.0117925 0.00182927 0.00674603 -0.0228261 -0.00935754 -0.011 -0.00848624 -0.00595238 -0.00277778 0.00833333 -0.0176829 0.0168367 0.004
internal_weight=872 495 377 274 334 220 114 51 225 141 109 84 53 41 63 161 179 150 109 84 63 84 41 49 50
internal_count=872 495 377 274 334 220 114 51 225 141 109 84 53 41 63 161 179 150 109 84 63 84 41 49 50
is_linear=0
shrinkage=0.05


Tree=39
num_leaves=27
num_cat=0
split_feature=16 6 6 20 34 44 34 40 4 5 36 16 8 34 35 40 36 45 35 11 6 9 39 15 17 5
split_gain=40.1055 17.7191 7.74967 3.13881 1.8017 1.81504 1.80534 2.11873 1.78111 1.67924 1.41889 2.31766 1.41656 1.52815 1.34246 2.05134 1.98064 1.61627 2.01492 1.08323 1.01998 0.987148 0.94478 0.813346 0.616315 0.418655
threshold=0.046810636235063242 -0.86066915928725829 1.0564167315888966 -0.8632185786800205 -1.0898082121404353 1.3954347238977445 -0.90218179044613478 1.0680788064309548 0.62453399606306548 0.44881061810800849 0.094948541361424457 0.21771155999798522 0.42858607410769528 -0.7316123161785888 0.038489360231208476 -0.87712720535615663 -0.66025489895085032 -0.33401797328641947 0.67142550625552566 -0.42981224328181145 -0.94780942705435633 0.10393294238981436 -0.090689498089533013 -0.17703185399375715 -0.25367234984550119 0.83597821940385819
decision_type=2 2 2 2 2 2 2 2 2 2 2 2 2 2 2 2 2 2 2 2 2 2 2 2 2 2
left_child=1 20 3 21 22 6 -6 9 10 12 24 -12 13 -8 15 -15 -17 -16 -19 -18 -1 -2 -3 -21 -5 -13
right_child=2 4 -4 8 5 -7 7 -9 -10 -11 11 25 -14 14 17 16 19 18 -20 23 -22 -23 -24 -25 -26 -27
leaf_value=-0.94933970216165386 -0.017665066960906729 0.016485540500083575 1.7689762894304666 0.085365167781280615 -0.033648057650603393 0.0033978033580879699 0.017046427176063618 -0.0379914447025584 0.073918814474699709 0.054342940112653088 -0.019868692996448091 0.042509012325243137 -0.022099813621672126 0.0094806671135160073 -0.07184972991693854 -0.055971053661060213 0.0029367704946473339 0.031461646050031787 -0.0024122878779159864 -0.012047316068549209 -0.12961271699745538 0.031151343956844359 -0.033786585972009675 -0.073434643164573293 0.045024765288104618 0.11043840658742284
leaf_weight=124 30 22 103 21 24 35 31 31 22 23 27 23 26 21 27 26 22 33 28 25 37 23 21 22 25 20
leaf_count=124 30 22 103 21 24 35 31 31 22 23 27 23 26 21 27 26 22 33 28 25 37 23 21 22 25 20
internal_value=-0.00108945 -0.00873702 0.0139456 0.00798429 -0.00329736 -0.00441176 -0.00553097 -0.00452381 0.0119565 -0.00316901 0.00948276 0.005 -0.00431034 -0.00308511 -0.00465686 -0.00818966 -0.0113158 0 0.0045082 -0.00688406 -0.0228261 -0.00235849 0.00639535 -0.0111702 0.0163043 0.0122093
internal_weight=872 578 294 191 417 374 339 315 138 284 116 70 261 235 204 116 95 88 61 69 161 53 43 47 46 43
internal_count=872 578 294 191 417 374 339 315 138 284 116 70 261 235 204 116 95 88 61 69 161 53 43 47 46 43
is_linear=0
shrinkage=0.05


Tree=40
num_leaves=25
num_cat=0
split_feature=6 6 6 15 7 33 6 11 17 11 42 40 34 35 16 16 13 10 43 33 43 5 10 45
split_gain=44.2551 13.6046 11.7323 2.08181 2 1.69866 1.59801 1.42857 1.80513 1.61186 2.55117 2.03992 1.40595 1.37159 1.31219 1.16282 1.11232 1.10201 2.04804 2.02261 1.18295 1.07197 0.848077 0.601058
threshold=-0.25068728491757275 0.79499592828760257 -0.94780942705435633 1.1626246153537074 0.83201622723567381 -1.1585348888463693 1.0564167315888966 0.21417165095860605 -0.36729102390789165 -0.42981224328181145 -0.3128745075929561 0.63982390197915018 0.13829200258589566 -0.32074466859340384 -0.18105726211549936 -0.28359781637325249 0.39896359577249502 -0.40882587483989347 -0.62491605635480563 -0.23764459160791609 -0.17862545803120614 -0.054507263576596084 0.54798206627589441 -0.34625952816760708
decision_type=2 2 2 2 2 2 2 2 2 2 2 2 2 2 2 2 2 2 2 2 2 2 2 2
left_child=2 3 -1 4 7 -4 22 9 16 12 -11 -12 13 -2 15 17 -9 18 -7 -19 23 -10 -3 -20
right_child=1 6 5 -5 -6 14 -8 8 21 10 11 -13 -14 -15 -16 -17 -18 19 20 -21 -22 -23 -24 -25
leaf_value=-0.91696646705357099 0.0068517814589228012 0.088775604514084713 0.015383668166820286 -0.017845795275866296 0.052812736937318763 0.001639056032688302 1.3311524749589438 0.079235108558025055 0.010775096785683048 -0.059126383681862654 0.05697894755297455 -0.0069487514847459408 0.022237652582067825 -0.0071522991819321646 -0.075371104150108448 0.013544355146026988 0.02334962264097129 0.0079489305122315557 -0.07390030275262234 -0.030400677017456704 -0.042116713404014662 -0.0047199885757663656 0.056907844552148396 -0.051644636340216016
leaf_weight=127 25 20 26 32 36 27 114 34 34 33 37 22 30 21 28 33 21 28 33 27 27 31 32 20
leaf_count=127 25 20 26 32 36 27 114 34 34 33 37 22 30 21 28 33 21 28 33 27 27 31 32 20
internal_value=0.000445434 0.0098659 -0.012633 0.00435393 0.00555556 -0.0063253 0.0216867 0.00416667 0.00833333 0.00119048 -0.00326087 0.0029661 0.00657895 0.00108696 -0.00773543 -0.00628205 0.015 -0.00802469 -0.0109813 -0.00227273 -0.015 0.00269231 0.0144231 -0.0193396
internal_weight=898 522 376 356 324 249 166 288 120 168 92 59 76 46 223 195 55 162 107 55 80 65 52 53
internal_count=898 522 376 356 324 249 166 288 120 168 92 59 76 46 223 195 55 162 107 55 80 65 52 53
is_linear=0
shrinkage=0.05


Tree=41
num_leaves=27
num_cat=0
split_feature=6 6 6 20 37 46 11 44 0 10 3 37 16 15 40 37 33 7 38 15 49 4 41 43 2 2
split_gain=42.485 16.2022 10.3397 2.51079 2.07052 2.30776 2.0716 2.24733 2.81293 1.93762 1.91739 2.25 1.85869 1.72954 1.63467 2.10938 1.51485 1.45067 1.26245 1.24354 1.69 1.30448 1.10738 0.98963 0.625 0.321429
threshold=1.0000000180025095e-35 -0.94780942705435633 1.0564167315888966 -0.99602143693848522 -0.96603665422616591 -0.47980243905442282 0.21417165095860605 1.4504731825187502 -1.0000000180025095e-35 -0.69586825717462975 1.0000000180025095e-35 -0.053432169347740158 0.4455794583485479 0.26952030245539771 0.14793272658470782 -0.018994264257988242 -0.015948779309769939 0.83201622723567381 0.97638749615411602 -0.40030793221833455 1.1377824027891941 -0.21304633529873965 -0.15388014173758788 -0.13670394518780876 -0.5194276291199128 -0.23818070767359525
decision_type=2 2 2 2 2 2 2 2 2 2 2 2 2 2 2 2 2 2 2 2 2 2 2 2 2 2
left_child=1 -1 3 10 5 -3 7 8 14 -8 11 -2 17 23 15 24 -11 18 19 -5 21 -21 -23 25 -6 -10
right_child=2 4 -4 12 6 -7 9 -9 13 16 -12 -13 -14 -15 -16 -17 -18 -19 -20 20 -22 22 -24 -25 -26 -27
leaf_value=-0.8711181437008918 -0.027292875926472962 -0.017612352834857604 1.2645948512109955 0.082609026616100326 -0.011410553502685161 0.030072045855470009 -0.13411776513919663 0.0035069543832690897 -0.087425753312152923 0.012357868106536786 -0.023468253032913822 0.061469842353233162 0.053202864501422198 -0.026968530504916544 -0.0288806431665833 0.017456344456160622 -0.012267282755254884 0.067501526697776634 -0.0061513484135588218 0.049081193068020217 -0.022235243358760218 0.060937271870822235 -0.0019189530295008696 -0.028760776372072885 -0.038518515382422437 -0.073768707665816891
leaf_weight=127 20 38 114 27 20 26 20 20 36 35 24 25 34 23 27 24 24 33 30 34 20 22 24 23 20 28
leaf_count=127 20 38 114 27 20 26 20 20 36 35 24 25 34 23 27 24 24 33 30 34 20 22 24 23 20 28
internal_value=0.000278396 -0.00962322 0.0122236 0.00725256 -0.00425824 0.00390625 -0.006 -0.00848416 -0.0100746 0.000949367 -0.00108696 0.005 0.00982143 -0.0154545 -0.00357143 0.00078125 0.00550847 0.00789474 0.00589172 0.00807087 0.0055 0.00875 0.00326087 -0.0186782 -0.00625 -0.021875
internal_weight=898 491 407 293 364 64 300 221 201 79 69 45 224 110 91 64 59 190 157 127 100 80 46 87 40 64
internal_count=898 491 407 293 364 64 300 221 201 79 69 45 224 110 91 64 59 190 157 127 100 80 46 87 40 64
is_linear=0
shrinkage=0.05


Tree=42
num_leaves=28
num_cat=0
split_feature=6 6 6 15 12 33 49 6 43 4 46 45 16 45 33 7 35 44 20 10 44 41 44 44 10 43 17
split_gain=43.1782 14.0335 11.3233 2.40707 1.84758 3.47612 1.69808 1.46823 1.46157 1.60518 2.64669 1.70221 1.86088 1.50769 2.60357 1.02732 2.45334 1.46165 1.63435 1.03052 0.932586 1.51345 0.848436 0.907786 0.848077 0.58072 0.0412281
threshold=-0.16354701715047482 -0.94780942705435633 0.79499592828760257 1.1626246153537074 1.0000000180025095e-35 -0.23764459160791609 0.23152548893966207 1.0564167315888966 0.73261747040499281 -0.11998185403631688 -0.62685255623205594 0.64530641720859039 0.13795779557528834 -0.28505175376166897 0.035211792759033037 -0.24483347095642685 -0.35495743324336698 -0.81221900523371204 0.33200714564616191 -0.40882587483989347 -0.39637287343055688 -0.18390408160182767 0.557627076000211 -0.1884498075289793 0.54798206627589441 -0.45049513814917969 -1.1626217423446246
decision_type=2 2 2 2 2 2 2 2 2 2 2 2 2 2 2 2 2 2 2 2 2 2 2 2 2 2 2
left_child=1 -1 3 8 15 -6 -7 24 9 13 -11 12 -12 14 -2 17 19 18 -3 -17 25 -22 23 -15 -4 -19 -9
right_child=2 4 7 -5 5 6 -8 26 -10 10 11 -13 -14 22 -16 16 -18 20 -20 -21 21 -23 -24 -25 -26 -27 -28
leaf_value=-0.82756223651584693 -0.025496609286704344 0.021629534467847124 0.081470006617014701 -0.015715302529942222 0.024039133847378481 0.0056123209524820087 -0.10144506917065144 1.1013651086504468 -0.0034588794056801932 0.060654084390188247 -0.017656132520050962 0.018611692511872491 0.020112330871296536 0.056619324881407355 0.055205254665641239 -0.066792994512771028 0.0070171713854314532 -0.14852836088864124 -0.10484907036712343 -0.0045503317195567661 -0.0050408095619744134 -0.041833720742615557 0.061390171869896905 0.028025057470300398 0.05104484254456168 -0.076650386509675178 1.2019901086504463
leaf_weight=127 24 28 20 30 32 20 21 20 36 30 29 33 24 20 21 22 34 20 21 20 35 32 29 23 32 21 94
leaf_count=127 24 28 20 30 32 20 21 20 36 30 29 33 24 20 21 22 34 20 21 20 35 32 29 23 32 21 94
internal_value=0.000334076 -0.0110277 0.010914 0.00510033 -0.00522876 0.00171233 -0.00792683 0.0213855 0.00659851 0.00804721 0.00387931 -0.000581395 -0.00613208 0.0121795 0.005 -0.00740343 -0.00263158 -0.00971338 -0.00255102 -0.0107143 -0.012963 -0.00932836 0.0166667 0.0122093 0.0144231 -0.0189024 0.0245614
internal_weight=898 433 465 299 306 73 41 166 269 233 116 86 53 117 45 233 76 157 49 42 108 67 72 43 52 41 114
internal_count=898 433 465 299 306 73 41 166 269 233 116 86 53 117 45 233 76 157 49 42 108 67 72 43 52 41 114
is_linear=0
shrinkage=0.05


Tree=43
num_leaves=29
num_cat=0
split_feature=6 16 6 6 36 34 47 36 3 43 43 49 34 12 6 16 8 7 6 45 12 9 8 41 33 20 7 9
split_gain=36.6571 18.5831 3.88238 2.23098 1.85933 1.95418 1.74503 1.63372 2.0555 1.60264 2.09298 1.60749 2.0037 1.55741 2.32903 2.94426 2.23214 2.06293 1.47625 1.37282 1.35135 1.18528 1.10592 0.977988 0.762592 1.23879 0.569164 0.104762
threshold=-0.86066915928725829 0.45697285326607601 1.0000000180025095e-35 -0.94780942705435633 -0.11101603326919597 0.66705737281528832 -1.1273432582786325 1.1762625581721819 0.6850046860900979 0.88867950235223991 0.19635942701313097 1.1377824027891941 -0.39047336764349688 1.0000000180025095e-35 -0.68638862375306242 -0.32917139604336504 -0.34569470153302034 -0.1102272586824143 1.1435569993559944 0.22909355124821112 1.0000000180025095e-35 0.051463801505780955 -0.65540701178930649 -0.31919770458211333 1.0000000180025095e-35 1.3280285825846474 -0.44674278936744566 0.051463801505780955
decision_type=2 2 2 2 2 2 2 2 2 2 2 2 2 2 2 2 2 2 2 2 2 2 2 2 2 2 2 2
left_child=3 2 6 -1 5 20 23 8 24 10 11 13 -13 14 -8 26 -15 -17 19 -3 -4 -10 -5 -2 -6 27 -16 -26
right_child=1 18 4 22 7 -7 9 -9 21 -11 -12 12 -14 16 15 17 -18 -19 -20 -21 -22 -23 -24 -25 25 -27 -28 -29
leaf_value=-0.78618412469005394 -0.031023472523762766 0.082679388019781197 0.035120117886086176 -0.061990661694834165 0.040766444047842756 0.052550437125864852 0.014276068405501975 -0.0011601704090395514 -0.02735605507901866 -0.055019942223520961 0.024760205889425891 0.0048772871924143146 -0.056340805388397544 0.0149946150193081 -0.06065901792077142 -0.0088026458530400479 -0.002633231518868229 0.0044443703316758842 1.9694062282179248 0.014631542366413442 -0.014295686905825278 0.0369530224123217 -0.14258989969382654 -0.040984375510223006 0.080443052660835693 0.051277180303842589 -0.075245366217176729 0.10723017331860518
leaf_weight=127 22 24 37 21 33 23 32 38 22 29 20 24 23 24 21 36 21 26 84 27 37 20 20 25 22 20 20 20
leaf_count=127 22 24 37 21 33 23 32 38 22 29 20 24 23 24 21 36 21 26 84 27 37 20 20 25 22 20 20 20
internal_value=-0.000668151 0.00417808 0.000378151 -0.0217262 0.00477941 -0.000773196 -0.00332817 0.00785714 0.0104015 -0.00181159 -0.000506073 -0.00187225 -0.0101064 0.000277778 -0.00240741 -0.00606796 0.00833333 0.000806452 0.0209259 0.0142157 -0.00472973 0.00119048 -0.0115854 -0.012234 0.0144737 0.0177419 -0.0164634 0.022619
internal_weight=898 730 595 168 272 97 323 175 137 276 247 227 47 180 135 103 45 62 135 51 74 42 41 47 95 62 41 42
internal_count=898 730 595 168 272 97 323 175 137 276 247 227 47 180 135 103 45 62 135 51 74 42 41 47 95 62 41 42
is_linear=0
shrinkage=0.05


Tree=44
num_leaves=31
num_cat=0
split_feature=30 30 30 30 39 12 20 36 47 13 37 13 13 33 2 47 13 42 49 0 35 2 33 5 0 37 41 5 13 35
split_gain=34.8027 17.9201 4.92507 2.51412 1.67828 1.62162 1.62118 1.96692 1.59252 1.30736 1.71688 1.60684 1.48149 1.71948 1.225 1.14966 1.07007 1.73255 1.15869 1.06935 1.9563 1.07936 1.91265 0.919981 1.25814 0.873123 0.625 0.625 0.426055 0.042126
threshold=-0.83176336733025091 1.207638535564503 1.0000000180025095e-35 -0.96772349418990122 -0.17671664732283843 0.64964035695520594 -0.99602143693848522 0.24942197233438976 -1.1273432582786325 1.0000000180025095e-35 -0.053432169347740158 0.59899291917901587 -0.20112437444706763 0.12047941287370466 -0.15258381853775946 1.0000000180025095e-35 1.0000000180025095e-35 0.049282188409434553 0.23152548893966207 -0.74914607737310734 -0.029936169068717693 -0.32377759680943102 0.27396112908011361 -0.5191083851316155 0.74914607737310757 0.18763316628052332 -0.32139818321793762 -0.82884246616829527 0.79902224258553678 -1.2787020787923702
decision_type=2 2 2 2 2 2 2 2 2 2 2 2 2 2 2 2 2 2 2 2 2 2 2 2 2 2 2 2 2 2
left_child=3 2 5 29 -5 8 7 15 26 12 11 -11 13 23 -7 -4 17 -8 -19 25 28 -22 -23 24 27 -18 -2 -10 -21 -1
right_child=1 -3 6 4 -6 14 16 -9 9 10 -12 -13 -14 -15 -16 -17 19 18 -20 20 21 22 -24 -25 -26 -27 -28 -29 -30 -31
leaf_value=-0.90678116845555012 -0.045792559307288629 1.79531091680703 0.002306667849789079 -0.003263953012104537 -0.15103418150210787 0.017658457195506117 0.019854904591679202 0.06808262468066531 0.010506036036431255 0.0054144055205753716 0.021216268532082694 -0.011513572885665724 -0.040465509143758994 -0.053523765118977454 -0.0030440062713374518 -0.015551171133989784 0.065606622645412935 0.065804644585932701 0.087495843252692398 0.019461320532198557 0.013055172927020209 -0.007016898557699847 0.026564672633565323 0.0046956760056559689 -0.059742481900721602 0.036049728659967431 -0.039111972865548239 -0.0065538668764830279 0.063214301068359194 -0.71668741845554962
leaf_weight=20 20 90 28 20 21 20 25 22 20 31 30 22 28 31 20 21 23 29 31 21 20 21 32 39 22 22 20 20 22 107
leaf_count=20 20 90 28 20 21 20 25 22 20 31 30 22 28 31 20 21 23 29 31 21 20 21 32 39 22 22 20 20 22 107
internal_value=-0.000612472 0.00410959 0.00117188 -0.021131 -0.0103659 -0.00317337 0.00559937 -0.00105634 -0.0045053 -0.00298354 0.00210843 -0.00330189 -0.005625 -0.00340909 0.00625 -0.00663265 0.00752033 0.0120588 0.0166667 0.00512422 0.00258621 -0.00239726 -0.00613208 -0.000247525 -0.00403226 0.0116667 -0.01375 0.00125 0.0110465 -0.0246063
internal_weight=898 730 640 168 41 323 317 71 283 243 83 53 160 132 40 49 246 85 60 161 116 73 53 101 62 45 40 40 43 127
internal_count=898 730 640 168 41 323 317 71 283 243 83 53 160 132 40 49 246 85 60 161 116 73 53 101 62 45 40 40 43 127
is_linear=0
shrinkage=0.05


Tree=45
num_leaves=31
num_cat=0
split_feature=16 30 7 30 9 46 38 36 41 36 37 33 16 4 12 34 44 39 36 16 19 45 34 44 2 36 42 34 7 30
split_gain=29.0718 19.5245 3.02958 2.2089 2.13286 2.25673 2.28756 1.97408 2.55148 2.43204 1.84468 2.0776 2.75493 1.79259 1.51937 1.45335 1.44048 1.41222 1.38462 1.46104 1.35113 1.53265 1.3241 1.28926 1.08574 1.015 0.622902 0.498701 0.415773 0.379377
threshold=0.4455794583485479 -0.96772349418990122 0.89931933337268 1.207638535564503 -0.52569674821858625 -1.0680029077649553 -1.0401263662846414 -0.33414432245236808 -0.78546148514003622 1.2105899872772852 -0.36337331515550736 0.2228005570113106 -0.1126968926103306 -0.58530426034843075 -0.39206532149820422 0.27474758199993249 -0.6165267079145802 0.043780720686695314 0.50687769062266541 0.012630451482478844 -0.6133503958973926 -0.57884907091017179 0.10417810773238646 -0.041680584539630423 0.27540062714141955 0.3867316887548034 -1.2875311894573138 -0.015220524254895741 -0.24483347095642685 -1.1036836210495513
decision_type=2 2 2 2 2 2 2 2 2 2 2 2 2 2 2 2 2 2 2 2 2 2 2 2 2 2 2 2 2 2
left_child=1 29 4 15 16 14 26 13 -9 10 17 18 -13 -8 -6 -2 -3 -10 19 28 27 -22 -23 -11 -4 -14 -7 -15 -12 -1
right_child=3 2 24 -5 5 6 7 8 9 23 11 12 25 20 -16 -17 -18 -19 -20 -21 21 22 -24 -25 -26 -27 -28 -29 -30 -31
leaf_value=-0.993069453782772 0.020867797954059599 -0.059622784037479448 0.018663141810193906 1.8286703709666796 -0.09325353126678948 0.038822826835924223 -0.052406943586979088 0.03780008419144068 -0.038330399834157453 -0.00086274013665601503 0.040288874355928789 -0.020086291186643027 -0.022769538538305059 -0.056435435422555719 -0.0029604319047827235 0.092017936571370751 -0.015228819238207337 0.028782995966290061 0.00098363331039905697 0.011167379610812845 -0.046702907091739125 0.0307885434551892 -0.011367900235295991 -0.029278308690862787 0.096148370324617372 0.045903560773518849 0.016325478166092467 -0.022260143788049903 0.023126377775606957 -0.11479054753277183
leaf_weight=86 22 27 27 86 23 20 20 30 33 20 23 26 22 22 22 38 36 23 32 28 25 21 20 21 20 21 23 20 21 31
leaf_count=86 22 27 27 86 23 20 20 30 33 20 23 26 22 22 22 38 36 23 32 28 25 21 20 21 20 21 23 20 21 31
internal_value=-0.000534308 -0.0045424 -0.00103834 0.019863 -0.00202936 -0.000968992 5.30786e-05 -0.0010514 0.00116667 -0.00037037 0.00163755 0.00419075 -0.00253623 -0.00625 -0.0116667 0.0125 -0.0107143 -0.00625 0.00865385 0.0125 -0.0037037 0.000757576 0.00670732 -0.0115854 0.0111702 0.00523256 0.0110465 -0.0107143 0.0181818 -0.0232906
internal_weight=889 743 626 146 579 516 471 428 300 270 229 173 69 128 45 60 63 56 104 72 108 66 41 41 47 43 43 42 44 117
internal_count=889 743 626 146 579 516 471 428 300 270 229 173 69 128 45 60 63 56 104 72 108 66 41 41 47 43 43 42 44 117
is_linear=0
shrinkage=0.05


Tree=46
num_leaves=31
num_cat=0
split_feature=6 16 16 6 37 44 16 7 38 9 20 36 41 6 15 3 36 7 47 13 40 2 37 37 38 5 16 44 46 6
split_gain=28.6023 19.905 3.30412 2.2089 1.93067 2.20278 1.77457 1.59904 1.63249 1.55473 1.39416 1.3907 2.21678 1.42941 1.74818 1.18507 1.46432 2.21858 1.96597 1.14286 1.13445 1.05834 0.892787 1.43142 0.879187 0.857143 0.757545 0.747036 0.678788 0.379377
threshold=-0.94780942705435633 0.4455794583485479 -0.1126968926103306 1.1435569993559944 -1.3104157051236849 1.2486655009083958 -0.53425250455887141 0.89931933337268 -0.62859292497060926 -0.10594362114631924 -0.59761286216309106 0.48971397607011363 -0.23673057431478048 0.35929458945211284 1.0000000180025095e-35 -1.1273432582786325 -0.33414432245236808 0.091682059728604548 1.0000000180025095e-35 -0.80121234466663016 -1.3002224121639636 0.15311935694736836 -0.31171645752087951 0.23929002391515117 0.83235079169420489 -0.61590028545557796 -0.64818645373415273 -0.44529594776033987 -0.3817690276026674 -1.0785198287050031
decision_type=2 2 2 2 2 2 2 2 2 2 2 2 2 2 2 2 2 2 2 2 2 2 2 2 2 2 2 2 2 2
left_child=29 2 4 24 -2 6 26 8 25 10 -10 13 -13 14 -11 -8 20 18 -18 -20 -17 -9 27 -24 -3 -4 -6 -22 -21 -1
right_child=1 3 7 -5 5 -7 15 21 9 11 -12 12 -14 -15 -16 16 17 -19 19 28 22 -23 23 -25 -26 -27 -28 -29 -30 -31
leaf_value=-0.94341598109363367 0.027852382104549635 0.03316549701824556 0.0032683845738532115 1.7372368524183459 -0.023056515889027906 0.0055993204529144695 -0.040443242252142401 0.028020987991202163 -0.014314485215702178 -0.017488125208021187 0.0085725739352717767 0.081200777207274658 0.00046673415361055961 -0.026434880861398825 0.030831939589437241 0.0013365434691721134 0.038274430638132628 -0.036815160805737435 0.0023709852083030115 -0.045946859145701069 -0.045088116433971953 0.095909563065805517 0.0056785173687245562 -0.076112566795323744 0.12298758773436447 0.063998226245819009 0.0074892528985600398 -0.049772866785384909 -0.00076997664550546583 -0.10905102015613295
leaf_weight=86 21 38 21 86 22 21 31 22 37 30 30 20 29 34 21 20 25 23 21 20 23 21 21 20 22 21 29 21 22 31
leaf_count=86 21 38 21 86 22 21 31 22 37 30 30 20 29 34 21 20 25 23 21 20 23 21 21 20 22 21 29 21 22 31
internal_value=-0.000253093 0.00323834 -0.000638978 0.019863 -0.00397059 -0.0049373 -0.00604027 0.00332168 0.00174897 -0.000124378 -0.00634328 0.00298507 0.00969388 -0.000882353 0.00441176 -0.00779352 -0.00648148 -0.00247748 0.00113636 -0.00357143 -0.0107143 0.0122093 -0.0132353 -0.00792683 0.0125 0.0107143 0.00245098 -0.0181818 -0.00833333 -0.0232906
internal_weight=889 772 626 146 340 319 298 286 243 201 67 134 49 85 51 247 216 111 88 63 105 43 85 41 60 42 51 44 42 117
internal_count=889 772 626 146 340 319 298 286 243 201 67 134 49 85 51 247 216 111 88 63 105 43 85 41 60 42 51 44 42 117
is_linear=0
shrinkage=0.05


Tree=47
num_leaves=28
num_cat=0
split_feature=6 6 6 37 43 37 34 3 9 5 15 2 8 2 38 11 34 4 45 20 41 35 41 39 39 6 5
split_gain=26.5999 19.4852 3.31366 1.85411 2.17222 2.27331 1.58108 1.53601 1.52791 1.26934 1.8375 1.6 1.23603 1.94947 1.72697 1.50045 1.98817 2.22937 1.59696 1.32745 2.09497 3.10704 1.20549 0.842105 0.828311 0.592776 0.039011
threshold=-0.94780942705435633 1.1435569993559944 -0.076406749383376896 -1.344853610213437 -0.72376177511844719 -0.20840274225162378 -0.81689705331236173 -0.6742562721864499 -0.053474480262285844 -0.67397542564995538 -0.17703185399375715 -0.23818070767359525 0.17049248222745669 1.1069132644609674 -0.53942734601923548 -0.42981224328181145 0.035950318025368057 0.15921158975095148 0.13116111219871016 1.062422866067718 0.12882598371988371 -0.14968084534358847 -0.58294919598734285 0.1455381751004973 -0.20632956899234969 -1.0785198287050031 0.58431927856155597
decision_type=2 2 2 2 2 2 2 2 2 2 2 2 2 2 2 2 2 2 2 2 2 2 2 2 2 2 2
left_child=25 2 3 -2 -5 6 -6 -7 9 -9 11 -11 13 14 -4 -14 17 -17 -18 20 21 -16 -8 -24 -20 -1 -3
right_child=1 26 12 4 5 7 22 8 -10 10 -12 -13 15 -15 19 16 18 -19 24 -21 -22 -23 23 -25 -26 -27 -28
leaf_value=-0.89624518203895187 0.024811137847561327 0.51473438479742983 0.027915233918052708 0.007482624838836216 -0.0099756526466336492 -0.062912904893822494 -0.0018607400152006904 -0.078664493176791694 0.020696792337506056 0.0038837334489379319 0.0066491792783963891 -0.0080849196941855436 -0.0025465796705340439 0.043979106558971637 -0.042686243585204411 0.0497817039146419 0.11307109353179073 -0.006299320811696419 0.084709331443281854 -0.0062401186350925291 0.051037490237195018 0.008796341538082687 -0.049070356878039692 -0.039805045212867901 0.0027440304823130647 -0.10359846914832645 1.7741093847974299
leaf_weight=86 21 20 21 36 37 33 21 26 26 20 24 20 38 30 23 28 34 35 20 31 20 38 38 38 23 31 71
leaf_count=86 21 20 21 36 37 33 21 26 26 20 24 20 38 30 23 28 34 35 20 31 20 38 38 38 23 31 71
internal_value=-0.000646794 0.00272021 -0.000183554 -0.00367647 -0.00462382 -0.00609541 -0.0108209 -0.00184564 0.000862069 -0.00222222 0.0015625 -0.005 0.00329912 0.000153374 -0.00244361 0.00617978 0.00857143 0.00198413 0.013961 -0.00491071 -0.00154321 -0.00614754 -0.0141753 -0.0171053 0.00755814 -0.0228632 0.0244505
internal_weight=889 772 681 340 319 283 134 149 116 90 64 40 341 163 133 178 140 63 77 112 81 61 97 76 43 117 91
internal_count=889 772 681 340 319 283 134 149 116 90 64 40 341 163 133 178 140 63 77 112 81 61 97 76 43 117 91
is_linear=0
shrinkage=0.05


Tree=48
num_leaves=30
num_cat=0
split_feature=6 6 16 37 44 41 44 11 37 36 36 45 20 19 42 15 43 43 15 8 45 45 8 17 33 36 8 6 36
split_gain=25.6655 18.1924 4.78663 1.73218 1.89958 2.88011 2.01314 1.86937 1.80361 1.582 2.08285 1.80868 1.58266 1.83036 2.49362 1.56535 1.20417 1.42492 1.16698 1.13123 1.28708 1.03896 0.832909 0.81 0.728455 0.728139 0.673238 0.592776 0.502265
threshold=-0.94780942705435633 1.2742674010066415 -0.1126968926103306 -0.79384712877740637 -0.55537286500235139 -0.56748211036747176 -0.94675745964061531 -1.0737961375222289 -0.22562169479649971 1.1762625581721819 0.71284226525328587 0.95134528923828088 -0.99602143693848522 1.0000000180025095e-35 0.13833711365592394 -0.17703185399375715 -0.67720188605036935 -0.29591741547779687 0.49279638067997511 0.11887376385140898 -0.02797910125672896 -0.45643352209829569 0.22211120060350439 0.087183672341670057 0.052265316781967358 0.026293683151217634 -0.34569470153302034 -1.0785198287050031 -0.059524889611540878
decision_type=2 2 2 2 2 2 2 2 2 2 2 2 2 2 2 2 2 2 2 2 2 2 2 2 2 2 2 2 2
left_child=27 2 3 16 6 -6 -5 -7 -9 10 11 12 21 19 -15 25 -2 -18 -11 28 -21 -4 -13 -12 -17 -10 -8 -1 -14
right_child=1 -3 9 4 5 7 26 8 15 18 23 22 13 14 -16 24 17 -19 -20 20 -22 -23 -24 -25 -26 -27 -28 -29 -30
leaf_value=-0.8514329229370049 0.03212149519959908 1.6854039155575578 -0.043876482258180971 -0.015996092523367623 0.021971391480555269 0.0014405131535291105 -0.029693600039443879 -0.044830705602213076 -0.0091105550392441611 0.026134056715687849 0.041838085851735235 0.035817963883940963 0.058569503252464017 0.016705691360583332 -0.041599176656671948 0.017073442335019708 -0.01326803257915401 0.014792326859713968 -0.0093839750763351059 0.052699750718645078 0.021811520328208902 -0.00092956625295386179 0.02297179413075412 0.1074311457583363 -0.0018623224572642983 -0.062503503487800316 -0.084302008252254271 -0.09841854569091027 -0.0076986406701649917
leaf_weight=86 20 79 20 37 33 20 31 33 20 23 20 24 20 36 25 21 27 33 24 37 20 35 23 25 20 22 23 31 21
leaf_count=86 20 79 20 37 33 20 31 33 20 23 20 24 20 36 25 21 27 33 24 37 20 35 23 25 20 22 23 31 21
internal_value=-0.00104049 0.00226684 -0.000324675 -0.00455882 -0.00653846 -0.00340237 -0.0123626 -0.00661765 -0.00905172 0.00375354 0.00506536 0.00335249 0.00140187 0.00393082 -0.00286885 -0.00512048 0.001875 -0.00166667 -0.00478723 0.00816327 0.0127193 -0.00590909 0.012234 0.015 0.00182927 -0.0119048 -0.0185185 -0.0228632 0.00182927
internal_weight=889 772 693 340 260 169 91 136 116 353 306 261 214 159 61 83 80 60 47 98 57 55 47 45 41 42 54 117 41
internal_count=889 772 693 340 260 169 91 136 116 353 306 261 214 159 61 83 80 60 47 98 57 55 47 45 41 42 54 117 41
is_linear=0
shrinkage=0.05


Tree=49
num_leaves=29
num_cat=0
split_feature=6 6 16 6 46 8 39 9 6 16 11 45 41 40 40 0 33 20 15 5 37 40 40 2 46 16 5 9
split_gain=26.4521 15.7369 2.70783 2.5711 2.26407 2.01524 1.94458 2.87667 2.11068 1.8804 1.7949 1.70485 1.61255 1.30786 1.26177 1.24884 1.12533 1.12454 1.18007 1.07525 1.05932 1.20442 1.51447 0.997584 0.509914 0.483278 0.1 0.0373418
threshold=-0.86066915928725829 1.2742674010066415 0.43418606343101979 -1.0785198287050031 -1.0680029077649553 -0.75864444854140201 -0.99265054503777461 -0.053474480262285844 -0.68638862375306242 -0.31777800112583693 0.21417165095860605 0.22909355124821112 -0.029545840027547714 -0.72577607446555936 0.091176052500733989 -1.0000000180025095e-35 0.83672742183694637 0.92962000780925313 1.0000000180025095e-35 -0.1512991639005585 -0.4839059829696391 0.23564758653266801 -0.027496993311211849 1.0000000180025095e-35 -0.35726067473972856 -0.23802423670314002 -0.77076732597391784 0.3662786468099814
decision_type=2 2 2 2 2 2 2 2 2 2 2 2 2 2 2 2 2 2 2 2 2 2 2 2 2 2 2 2
left_child=3 2 4 -1 25 -5 10 8 15 24 -6 -4 14 -11 19 -8 -16 18 -14 -9 -15 22 -22 -23 -10 -2 -7 -3
right_child=1 27 11 5 6 26 7 12 9 13 -12 -13 17 20 16 -17 -18 -19 -20 -21 21 23 -24 -25 -26 -27 -28 -29
leaf_value=-0.80886127679015518 -0.016374091812136272 0.58691869849175049 0.045097988818262991 -0.052421445479349418 -0.039023510450088852 -0.12229892384832582 0.0023242936425155849 0.017023319494931854 -0.020684680660870924 0.014052710516727985 0.00015995846786438507 0.0014582392516615528 0.026266655592672095 -0.02933771286889595 0.064628875321589882 0.023858775990264293 0.060987522431031498 -0.0033995091940248303 -0.0055962349062880891 -0.013661491637734002 -0.0038222803494747382 4.5490384877666656e-05 0.046797844848690318 -0.011077292863870981 -0.086757011500782258 -0.046557937551359889 -0.094331129074509343 2.5523837197796784
leaf_weight=86 23 20 38 35 27 20 24 38 29 37 25 37 26 27 27 23 20 38 22 21 39 21 20 26 35 26 20 59
leaf_count=86 23 20 38 35 27 20 24 38 29 37 25 37 26 27 27 23 20 38 22 21 39 21 20 26 35 26 20 59
internal_value=-0.00075928 0.0032967 0.000731895 -0.0190994 -0.00043554 -0.0123333 0.00052381 0.00153277 -0.00169039 -0.00363248 -0.00865385 0.00966667 0.00625 -0.000882353 0.0103774 0.00797872 0.0164894 0.00116279 0.00625 0.00550847 -0.00319549 -0.000943396 0.00381356 -0.00691489 -0.0109375 -0.0107143 -0.02 0.0243671
internal_weight=889 728 649 161 574 75 525 473 281 234 52 75 192 170 106 47 47 86 48 59 133 106 59 47 64 49 40 79
internal_count=889 728 649 161 574 75 525 473 281 234 52 75 192 170 106 47 47 86 48 59 133 106 59 47 64 49 40 79
is_linear=0
shrinkage=0.05


Tree=50
num_leaves=28
num_cat=0
split_feature=30 30 30 30 30 35 9 45 3 37 17 15 5 40 17 45 45 40 3 39 38 10 0 44 38 30 41
split_gain=25.5813 16.3282 2.00581 2.1286 3.123 1.92253 1.5686 1.55985 1.23873 1.65473 1.20539 1.12052 2.05396 1.53801 1.51959 1.48538 1.42508 1.77778 1.25786 1.19553 1.12061 1.07302 1.01379 1.38691 1.65324 0.892308 0.429501
threshold=-0.96772349418990122 1.3435986624241532 -0.28792285989164995 -0.6958032404706006 -0.83176336733025091 -1.1589574025174993 -0.47322760733455299 -0.77471394900917379 -0.6742562721864499 -0.2428406473413757 -0.4809096979702821 1.3859006935782852 0.64239441875593339 0.79117503286974789 -0.5945283720326725 0.62082330744621506 0.43719998422840073 1.2865060066935212 1.0000000180025095e-35 -0.14950529520431535 -0.25821282778798044 -0.31314508072831471 -0.74914607737310734 -0.50644979067256857 0.098449488017514131 -1.1036836210495513 -0.33176793971902535
decision_type=2 2 2 2 2 2 2 2 2 2 2 2 2 2 2 2 2 2 2 2 2 2 2 2 2 2 2
left_child=25 2 3 4 -2 -4 -7 -6 -5 10 -10 13 -13 15 -15 18 -16 -18 20 -17 -8 -11 -20 -24 -25 -1 -12
right_child=1 -3 5 8 7 6 11 -9 9 21 26 12 -14 14 16 19 17 -19 22 -21 -22 -23 23 24 -26 -27 -28
leaf_value=-0.74013930670064676 -0.091578523104882958 1.467026159322893 0.026271980500529681 -0.090057209473768302 -0.00051085842225830904 -0.012800209032567978 -0.026976440218064113 0.025846791579838425 -0.0061934305336109226 0.0079268755199969117 -0.066338289182014884 -0.013742194160725774 0.023037784855091559 -0.031215766774117526 0.024764533790693124 0.023928366413559134 -0.033867339798043621 0.024754441917320947 0.037600729810463918 0.0069170830791158268 0.01020433116722046 -0.067740193611674479 -0.012978417055848013 0.038980903811852846 -0.001126403863972314 -0.10113896029251848 -0.05327838934932743
leaf_weight=87 37 74 20 32 21 22 25 38 28 36 21 22 21 22 25 24 20 25 37 38 30 20 27 31 33 30 20
leaf_count=87 37 74 20 32 21 22 25 38 28 36 21 22 21 22 25 24 20 25 37 38 30 20 27 31 33 30 20
internal_value=-0.000692841 0.0027036 0.000259259 -0.00326087 0.00260417 0.00236967 0.00161692 0.00974576 -0.00684713 -0.0046 -0.00978261 0.00236842 -0.00523256 0.00333828 -0.00217391 0.00540816 0.00142857 -0.00388889 0.00314208 0.0120968 -0.00318182 0.00178571 0.00585938 0.00302198 0.00703125 -0.0224359 -0.0152439
internal_weight=866 749 675 253 96 422 402 59 157 125 69 380 43 337 92 245 70 45 183 62 55 56 128 91 64 117 41
internal_count=866 749 675 253 96 422 402 59 157 125 69 380 43 337 92 245 70 45 183 62 55 56 128 91 64 117 41
is_linear=0
shrinkage=0.05


Tree=51
num_leaves=28
num_cat=0
split_feature=30 30 16 15 44 47 43 45 16 47 14 30 30 42 45 36 15 15 14 14 36 10 38 40 30 45 47
split_gain=24.506 17.1198 1.64314 1.7605 1.76226 1.6355 1.63159 1.49855 1.50293 1.81716 1.44372 1.2712 2.49601 1.23446 1.2004 1.18383 1.13805 1.07163 1.64001 1.22259 1.47846 0.966475 0.936646 0.9 0.892308 0.863698 0.615751
threshold=-0.96772349418990122 1.3435986624241532 -0.089910102775274323 -0.40030793221833455 -0.82444977381615792 -1.5804302443708151 0.49726821827708417 1.1104855026937202 0.2404983498330415 0.6850046860900979 0.36312008047820415 -0.6958032404706006 -0.83176336733025091 -0.94417497767362646 -0.77471394900917379 -0.83189204447636733 -0.40030793221833455 -0.17703185399375715 0.36312008047820415 -0.85892579937065439 0.47255026151756191 -0.12178349250515719 -0.18962392090230829 0.027539781558096142 -1.1036836210495513 0.15564422196108538 1.0000000180025095e-35
decision_type=2 2 2 2 2 2 2 2 2 2 2 2 2 2 2 2 2 2 2 2 2 2 2 2 2 2 2
left_child=24 2 5 25 -5 -2 7 8 10 26 22 12 -7 16 -14 -15 -13 19 21 -17 23 -19 -6 -21 -1 -4 -10
right_child=1 -3 3 4 6 11 -8 -9 9 -11 -12 13 14 15 -16 17 -18 18 -20 20 -22 -23 -24 -25 -26 -27 -28
leaf_value=-0.70313234136561398 -0.050915005703072329 1.3936748513567494 0.034010996286965425 -0.024253426354812292 -0.02952660017246771 -0.084986178019559599 0.040519205191927199 -0.016748622793480196 0.048202231089126718 0.051379004159257141 0.015514198047914363 -0.016418185615647476 0.0035030743268613662 0.014550998258694393 0.017181063588200374 -0.052381587401523433 -0.05513295913807497 0.0011290541356146378 0.014741532734091579 -0.0012931490731688201 -0.023461611698103013 -0.040665865887068268 -0.0046198522766289331 0.013036023770588656 -0.096082012277891954 0.0050098709742272263 -0.006813698605937191
leaf_weight=87 25 74 38 29 22 34 37 23 30 23 33 22 20 22 36 24 27 30 28 20 25 23 31 20 30 27 26
leaf_count=87 25 74 38 29 22 34 37 23 30 23 33 22 20 22 36 24 27 30 28 20 25 23 31 20 30 27 26
internal_value=-0.00115473 0.00216956 -0.000333333 0.00227273 0.000393701 -0.00266854 0.00188889 0 0.00166667 0.00664557 -0.00290698 -0.00173716 0.00333333 -0.00363071 0.00982143 -0.00182292 -0.0107143 -0.00323529 0.000925926 -0.00702247 -0.00346154 -0.00424528 -0.00801887 0.0025 -0.0224359 0.00961538 0.00178571
internal_weight=866 749 675 319 254 356 225 188 165 79 86 331 90 241 56 192 49 170 81 89 65 53 53 40 117 65 56
internal_count=866 749 675 319 254 356 225 188 165 79 86 331 90 241 56 192 49 170 81 89 65 53 53 40 117 65 56
is_linear=0
shrinkage=0.05


Tree=52
num_leaves=31
num_cat=0
split_feature=30 30 30 13 46 41 8 41 35 9 2 12 34 4 39 38 39 38 4 36 46 34 5 8 0 45 9 13 16 4
split_gain=22.4252 16.6452 2.62518 1.74962 1.81471 1.4962 2.72719 1.48815 1.44212 1.47971 1.47842 1.36073 1.77752 2.29858 2.04123 1.6782 2.3851 1.27061 1.21519 0.965178 1.00076 0.952381 0.83256 1.09863 0.824176 0.776004 0.938542 0.739295 0.44971 0.0364865
threshold=-1.1036836210495513 1.3435986624241532 -0.28792285989164995 1.0000000180025095e-35 0.9539362034275003 -0.39339582081258845 -0.19083854640487727 -0.24421316987136957 -1.1589574025174993 -0.47322760733455299 0.9479476132087008 -0.39206532149820422 0.27474758199993249 0.15921158975095148 0.33781255894472861 0.44825291313444143 0.19712995882914255 0.03671947182040932 -0.3061108165611624 -0.21399832058450616 -0.67586926195793362 0.66705737281528832 -0.80948408610350275 -0.50055085666116339 1.0000000180025095e-35 -0.67678150995967279 0.051463801505780955 0.19893427236597411 -0.37474497571347759 -0.21304633529873965
decision_type=2 2 2 2 2 2 2 2 2 2 2 2 2 2 2 2 2 2 2 2 2 2 2 2 2 2 2 2 2 2
left_child=-1 2 3 4 5 6 19 -5 -4 -10 11 17 15 14 21 16 25 -11 -12 20 -2 -14 -7 -24 -20 -13 -27 -19 -25 -3
right_child=1 29 8 7 -6 22 -8 -9 9 10 18 12 13 -15 -16 -17 -18 27 24 -21 -22 -23 23 28 -26 26 -28 -29 -30 -31
leaf_value=-0.66797572429733387 0.016756437883989152 0.85586610878891067 0.02407988021493921 -0.045376218796110382 0.0032229288117967773 -0.043797027085874879 -0.11786342939380177 0.012113635811897439 -0.011993826840936351 0.038067526896161753 0.016548193619320275 -0.018778032876024753 0.0023322716108232556 0.044983345794369717 -0.0087297519636706511 -0.023599809015502161 0.034959318041829592 -0.00063898013020562421 -0.029905751550761295 0.037202487134072725 -0.01267468684936688 0.04308223554404407 -0.085247102767479543 -0.01009827577082092 -0.0031285069937105449 0.011663256372494858 -0.016342761779074521 0.023071914803347228 -0.057125649809555062 1.8342451082567111
leaf_weight=87 22 20 20 33 26 28 23 38 22 28 25 22 20 23 23 26 24 22 28 23 21 28 28 20 26 33 28 24 21 54
leaf_count=87 22 20 20 33 26 28 23 38 22 28 25 22 20 23 23 26 24 22 28 23 21 28 28 20 26 33 28 24 21 54
internal_value=-0.000923788 0.00176508 -0.000602837 -0.00432862 -0.00660377 -0.00833333 -0.00365169 0.00246479 0.00189573 0.00124378 0.00197368 0.00357143 0.00165198 0.00691489 0.00246479 -0.00206767 0.000700935 0.00945946 -0.00411392 0.00151515 -0.00290698 0.00833333 -0.0126289 -0.0155797 -0.00833333 -0.00331325 -0.000409836 0.00434783 -0.0103659 0.0243243
internal_weight=866 779 705 283 212 186 89 71 422 402 380 301 227 94 71 133 107 74 79 66 43 48 97 69 54 83 61 46 41 74
internal_count=866 779 705 283 212 186 89 71 422 402 380 301 227 94 71 133 107 74 79 66 43 48 97 69 54 83 61 46 41 74
is_linear=0
shrinkage=0.05


Tree=53
num_leaves=30
num_cat=0
split_feature=6 6 6 10 6 16 38 7 46 17 33 38 5 46 39 35 35 10 17 36 11 16 16 33 20 47 10 17 16
split_gain=22.0735 12.6623 3.45073 2.31501 1.97475 2.28796 1.58122 2.15865 2.28407 2.10528 1.63385 2.14421 1.53545 1.38507 2.29102 1.71243 2.42851 1.90316 1.3417 1.25456 1.52877 1.14013 1.13778 1.08253 1.00295 0.997501 0.842977 0.777351 0.0385057
threshold=-0.86066915928725829 1.4921180704243862 -1.0785198287050031 1.2177476250569459 -0.68638862375306242 -0.31777800112583693 -0.78291796546337122 -0.042924152545408031 1.2357822613512972 -1.2762404164070149 0.052265316781967358 -0.32680173467365237 -0.59654190539078544 0.62307343977782581 -0.20632956899234969 -0.26942552161845923 -0.62865955044307154 0.54798206627589441 -0.25367234984550119 -0.66025489895085032 1.0000000180025095e-35 -0.65957984865168073 -0.48867892488875891 -0.74925031229594574 -0.46481000390462651 0.6850046860900979 -0.21746428661673595 -0.14005367578311081 -0.65957984865168073
decision_type=2 2 2 2 2 2 2 2 2 2 2 2 2 2 2 2 2 2 2 2 2 2 2 2 2 2 2 2 2
left_child=2 3 28 4 23 19 12 8 9 -8 11 -11 -7 15 18 16 -9 25 -15 -6 -21 -4 -23 -2 -12 26 -17 -5 -1
right_child=1 -3 21 27 5 6 7 13 -10 10 24 -13 -14 14 -16 17 -18 -19 -20 20 -22 22 -24 -25 -26 -27 -28 -29 -30
leaf_value=-0.7506394380824688 0.0040214249769562121 1.9627499538949693 -0.013831932075657249 0.063777386616619941 -0.069444926682174932 0.00073777403220987026 0.002968187283519086 0.051701824169251155 0.0019345153125115645 -0.06193486247169986 -0.031796764942406956 0.0073986487109436901 0.067830247938577767 -0.028326288307987824 -0.017664688150077979 0.043240201643221357 -0.024508206419345414 0.0064639533870959557 0.096572335881748475 -0.048444266128156249 0.0012680419039853064 -0.11168122695628996 -0.082760514128742815 0.023574842382517149 -0.038789300402686425 0.046128558732011986 0.0051794173398242551 0.0095657722927143148 -0.41760818808246825
leaf_weight=67 25 60 22 23 29 37 20 22 25 26 32 35 23 20 28 20 36 38 21 36 33 25 20 34 21 22 26 20 20
leaf_count=67 25 60 22 23 29 37 20 22 25 26 32 35 23 20 28 20 36 38 21 36 33 25 20 34 21 22 26 20 20
internal_value=-0.000692841 0.00301966 -0.0178571 0.000996933 0.000205255 -0.000727273 0.000774336 -0.000382653 -0.00487421 -0.00746269 -0.0100877 -0.0045082 0.00833333 0.0026824 -0.00326087 0.00518293 -0.00172414 0.00896226 0.00426829 -0.00765306 -0.00398551 -0.00932836 -0.0138889 0.00889831 -0.0165094 0.0139706 0.00978261 0.0122093 -0.0244253
internal_weight=866 712 154 652 609 550 452 392 159 134 114 61 60 233 69 164 58 106 41 98 69 67 45 59 53 68 46 43 87
internal_count=866 712 154 652 609 550 452 392 159 134 114 61 60 233 69 164 58 106 41 98 69 67 45 59 53 68 46 43 87
is_linear=0
shrinkage=0.05


Tree=54
num_leaves=30
num_cat=0
split_feature=6 6 6 7 15 6 16 38 13 45 5 38 5 35 46 41 12 17 45 36 46 45 43 38 35 20 9 6 17
split_gain=19.6394 12.9062 2.70756 1.48328 2.61298 1.76205 2.09824 1.62942 1.45621 1.4464 1.44363 1.61975 2.31882 1.84209 1.60033 1.38491 1.30273 1.77733 1.25899 1.2344 1.32096 1.15227 1.05826 2.19481 0.940635 0.689954 0.677352 0.431477 0.407732
threshold=-0.86066915928725829 1.4921180704243862 -1.0785198287050031 0.83201622723567381 0.49279638067997511 -0.68638862375306242 -0.31777800112583693 -0.78291796546337122 -1.0012416680731508 -0.72574772948442334 0.81661983933906568 0.46882958520014301 0.50688575830238602 0.46614891835574707 0.60469217513062168 0.12282413133886901 -0.65249174111155672 1.0000000180025095e-35 -0.72574772948442334 0.62702369249052736 -0.82291937913556679 0.35150910006008734 -0.37996082067593878 -0.32680173467365237 -0.3720638155683485 -0.7968171495507882 0.051463801505780955 -1.2092302303556499 -0.25367234984550119
decision_type=2 2 2 2 2 2 2 2 2 2 2 2 2 2 2 2 2 2 2 2 2 2 2 2 2 2 2 2 2
left_child=2 3 27 5 -5 18 16 9 -4 -8 11 13 -13 14 19 -12 -7 -18 -2 20 -9 -6 23 -22 -10 -15 -17 -1 -24
right_child=1 -3 8 4 21 6 7 10 24 -11 15 12 -14 25 -16 26 17 -19 -20 -21 22 -23 28 -25 -26 -27 -28 -29 -30
leaf_value=-0.82025434117834384 -0.0006297925980817354 1.8646124562002215 -0.090136096837929364 0.059157034219501275 0.0060336749611472843 -0.059478995854624378 -0.0013187263732675092 0.00063892548691768525 0.0040564394150884196 0.013712462610841671 -0.011352517221192217 -0.018375732199400831 -0.00050532109255669872 0.00052977851582625135 0.017142796642694691 0.0087599871160435328 0.0062325824537381898 -0.041581231983345651 0.026356272173156725 0.021797916258968542 -0.058723676247951322 -0.010264282685213288 -0.021216030347640216 0.010100638935568895 -0.14305505867099627 0.035225450790649405 0.065372665629119808 -0.089026997428344148 -0.01881137005466087
leaf_weight=61 23 60 21 37 24 39 20 25 26 37 31 29 30 20 38 20 27 32 36 29 28 20 22 22 20 21 21 26 21
leaf_count=61 23 60 21 37 24 39 20 25 26 37 31 29 30 20 38 20 27 32 36 29 28 20 22 22 20 21 21 26 21
internal_value=-0.000692841 0.00280899 -0.0168831 0.000766871 0.00709877 -0.000131349 -0.00107422 0.000483092 -0.00932836 0.00833333 -0.000770308 -0.00236842 -0.00974576 -0.000442478 -0.00256757 0.00555556 -0.00765306 -0.0029661 0.00805085 -0.00493197 -0.00720339 -0.00113636 -0.00994624 -0.005 -0.00434783 0.00914634 0.0115854 -0.0227011 -0.0156977
internal_weight=866 712 154 652 81 571 512 414 67 57 357 285 59 226 185 72 98 59 59 147 118 44 93 50 46 41 41 87 43
internal_count=866 712 154 652 81 571 512 414 67 57 357 285 59 226 185 72 98 59 59 147 118 44 93 50 46 41 41 87 43
is_linear=0
shrinkage=0.05


Tree=55
num_leaves=29
num_cat=0
split_feature=6 6 7 20 33 37 33 46 39 43 40 7 34 19 16 46 13 2 15 40 6 43 44 40 7 16 37 15
split_gain=18.586 13.6852 3.37145 2.07943 2.02903 1.82096 2.88771 2.08042 1.79002 2.95661 1.74351 1.6133 1.55961 1.51249 1.43379 1.75695 1.40925 1.73684 1.37126 1.21 1.15065 1.73761 0.921951 0.842977 0.801818 1.40121 1.46667 0.74681
threshold=-0.94780942705435633 1.4921180704243862 1.0000000180025095e-35 -0.99602143693848522 0.18869350896544196 -0.77662817623253033 -0.3740727837913907 0.071635500361701396 -0.13203421341744279 -0.19178806810694418 1.5238520983174129 -0.5140458955044519 -0.76572621103209804 -0.6133503958973926 -0.28359781637325249 0.57405673405194801 -0.20112437444706763 -0.42160261296467189 -0.40030793221833455 0.053338269778084653 -1.2092302303556499 -0.56512602062984685 0.019473258372598286 -0.19260731791913649 0.36089448427662973 0.60508698719394183 0.48035535954341463 -0.6235840104429119
decision_type=2 2 2 2 2 2 2 2 2 2 2 2 2 2 2 2 2 2 2 2 2 2 2 2 2 2 2 2
left_child=20 2 5 4 23 6 27 8 13 11 12 -10 -5 -7 -9 -16 22 -18 -15 -17 -1 -22 -14 -4 -19 26 -26 -2
right_child=1 -3 3 10 -6 7 -8 14 9 -11 -12 -13 16 18 15 19 17 24 -20 -21 21 -23 -24 -25 25 -27 -28 -29
leaf_value=-0.7792416241194261 0.026170645389305493 1.9578678573391188 -0.023721497600134714 -0.029534711981271757 0.02741549687087641 -0.061418047058768369 -0.040543402657779386 -0.03498290480629862 -0.0044894612722274022 -0.05350996423087509 -0.01163624831669381 0.016107486613670119 0.014282825266222689 -0.0005983029681772223 0.032783313600010189 0.009163299559250505 0.026140136201257037 -0.0041140328815465919 -0.023050907149749379 -0.01356511561739069 -0.027600085926027876 -0.12530767880692792 0.097278674583999705 -0.0040263954668702693 0.024716587739933973 -0.009442346067626773 0.071859587676839004 0.014628898193690532
leaf_weight=57 21 59 20 22 26 37 33 35 27 37 28 28 20 31 28 20 32 24 28 25 21 33 21 26 33 20 22 31
leaf_count=57 21 59 20 22 26 37 33 35 27 37 28 28 20 31 28 20 32 24 28 25 21 33 21 26 33 20 22 31
internal_value=-0.000976331 0.00190736 -0.000111111 0.00391156 -0.00347222 -0.00321522 0.00323529 -0.00506757 -0.00824468 -0.00326087 0.00630631 0.00409091 0.00798969 -0.0130208 0.000462963 0.00445205 0.00959302 0.00706107 -0.00805085 -0.00166667 -0.020045 -0.0148148 0.0176829 -0.00978261 0.00378788 0.00633333 0.0104545 0.0105769
internal_weight=845 734 675 294 72 381 85 296 188 92 222 55 194 96 108 73 172 131 59 45 111 54 41 46 99 75 55 52
internal_count=845 734 675 294 72 381 85 296 188 92 222 55 194 96 108 73 172 131 59 45 111 54 41 46 99 75 55 52
is_linear=0
shrinkage=0.05


Tree=56
num_leaves=32
num_cat=0
split_feature=6 6 16 37 10 36 35 17 41 15 42 37 2 41 17 44 12 10 35 46 7 14 45 6 49 7 35 2 35 40 16
split_gain=18.1275 13.0122 3.79253 2.88558 1.48451 1.72139 2.08333 2.05964 2.15167 1.48625 1.37366 1.22731 1.83502 2.41072 1.61195 1.90016 1.87016 1.58181 1.28926 1.21551 1.26161 1.2126 1.49228 1.15065 1.07299 0.929714 0.926033 0.9 0.805713 0.595238 0.230488
threshold=-0.94780942705435633 1.4921180704243862 -0.1126968926103306 -0.77662817623253033 1.5047900073916822 1.1762625581721819 0.20955318348102395 -0.14005367578311081 -0.61017361796230729 -0.40030793221833455 0.25509801564576601 -0.50112493551451498 -0.23818070767359525 -0.035252487797388023 -0.70814704609506285 -0.249603650441208 1.0000000180025095e-35 -0.50450666895147223 -0.14968084534358847 -0.45529408619148398 -0.58134900164145809 1.0000000180025095e-35 0.26581821589177401 -1.2092302303556499 1.0000000180025095e-35 -0.85056142618948327 -0.23521275696849617 0.15311935694736836 -0.098361698368643849 0.31304305119263248 0.2404983498330415
decision_type=2 2 2 2 2 2 2 2 2 2 2 2 2 2 2 2 2 2 2 2 2 2 2 2 2 2 2 2 2 2 2
left_child=23 2 3 19 5 7 -7 9 -9 29 28 24 13 17 -14 -16 -17 18 -13 20 -2 26 30 -1 -5 -25 -10 -12 -11 -4 -23
right_child=1 -3 4 11 -6 6 -8 8 21 10 27 12 14 -15 15 16 -18 -19 -20 -21 -22 22 -24 25 -26 -27 -28 -29 -30 -31 -32
leaf_value=-0.74027954291345432 0.024862113119840504 1.8599744644721625 0.030365279826938263 -0.037710690390410667 0.045393788653861122 0.012411210080307456 -0.01004531322572646 -0.0027555910173347798 0.039711655598958374 -0.037316234049760054 -0.0055281408326649743 -0.055941249223440084 -0.033233759565983692 0.010780332101855096 -0.050013336496294872 0.010687749976317207 -0.025794885450473259 0.0022823871025835275 -0.0097920258875291225 0.025661439108523611 -0.02540047208457992 0.053012462776996477 0.017475705061988124 -0.060105297188603406 -0.040758685853082004 -0.07526317630451658 -0.010030084598957956 0.018876845775622542 -0.0060919588430024879 0.0016977222221555622 0.11801239284522752
leaf_weight=57 21 59 21 22 22 24 24 27 23 27 20 21 25 25 23 34 21 36 20 33 29 20 30 32 21 22 24 20 20 21 21
leaf_count=57 21 59 21 22 22 24 24 27 23 27 20 21 25 25 23 34 21 36 20 33 29 20 30 32 21 22 24 20 20 21 21
internal_value=-0.00121302 0.00163488 -0.000333333 -0.00415408 0.00334302 0.00248447 -0.00625 0.0040146 0.00810345 -0.000581395 -0.00431034 -0.00685484 -0.0052439 -0.000490196 -0.00995146 -0.00641026 -0.00136364 -0.00487013 -0.0115854 0.00391566 -0.001 0.0110169 0.0151408 -0.020045 -0.0145349 -0.0148148 0.00478723 0.0025 -0.0101064 0.00714286 0.0213415
internal_weight=845 734 675 331 344 322 48 274 145 129 87 248 205 102 103 78 55 77 41 83 50 118 71 111 43 54 47 40 47 42 41
internal_count=845 734 675 331 344 322 48 274 145 129 87 248 205 102 103 78 55 77 41 83 50 118 71 111 43 54 47 40 47 42 41
is_linear=0
shrinkage=0.05


Tree=57
num_leaves=30
num_cat=0
split_feature=6 6 9 17 15 3 2 46 9 40 17 11 46 35 6 20 8 9 15 39 7 8 4 18 2 45 42 2 38
split_gain=17.7183 12.5068 3.80868 1.99525 1.99041 1.71121 2.31753 1.92672 1.86653 3.25663 1.9891 1.54194 3.02546 1.51658 1.36937 1.33379 1.2549 1.3037 1.23796 1.54316 1.16004 1.09394 1.04061 1.05984 1.2872 2.025 0.840259 0.613064 0.4
threshold=-0.94780942705435633 1.6228284720750332 -0.36828932556648614 0.54165836859123184 -0.6235840104429119 -1.1273432582786325 -0.97186832883790197 -0.45529408619148398 0.15640208327384778 1.3174641925575068 -1.3898590904694055 0.21417165095860605 -0.16119385183621773 -0.3720638155683485 -1.2092302303556499 0.33200714564616191 0.22211120060350439 -0.053474480262285844 -0.40030793221833455 -0.18604278268085531 -0.85056142618948327 -0.60378829341325879 0.43840503353821986 -0.58622960087693643 0.36099751627725535 -0.089186875662667059 0.02157621166608225 -0.25040883469300029 0.3590873341830676
decision_type=2 2 2 2 2 2 2 2 2 2 2 2 2 2 2 2 2 2 2 2 2 2 2 2 2 2 2 2 2
left_child=14 2 3 4 -2 18 7 -7 9 10 -8 13 26 15 -1 -12 17 -15 -4 -20 -16 -5 23 28 25 -25 -13 -6 -10
right_child=1 -3 5 21 27 6 8 -9 22 -11 11 12 -14 16 20 -17 -18 -19 19 -21 -22 -23 -24 24 -26 -27 -28 -29 -30
leaf_value=-0.70326556576778221 -0.024130448480350709 1.9327569912485529 0.0065802259410347123 0.015841879717295625 -0.021166976618772537 0.0059255273648773261 0.010158020520385946 -0.052509976922276991 0.02908167912253248 -0.033212243714061888 0.014415143755947213 -0.017614272011485355 0.050231746448076819 -0.04751266967147956 -0.05710003232917274 -0.013169991934918102 -0.031329116561799708 0.0092526028400698127 -0.0004263050452351536 -0.012398426666912599 -0.071500017489291426 -0.012666016201588094 -0.0020624464308895084 0.020152944091006476 0.072905540993266987 -0.016445441522015613 0.015193908299501402 -0.045190066117756091 0.054566480265263811
leaf_weight=57 35 54 24 22 26 26 31 22 20 20 33 31 33 33 32 20 25 27 25 24 22 33 21 20 37 20 20 32 20
leaf_count=57 35 54 24 22 26 26 31 22 20 20 33 31 33 33 32 20 25 27 25 24 22 33 21 20 37 20 20 32 20
internal_value=-0.000976331 0.00183924 0 -0.00709459 -0.0115591 0.00197368 0.00310458 -0.00729167 0.00431873 0.00192308 0.0034585 0.0018018 0.00714286 -0.00144928 -0.0195946 0.00518868 -0.00558824 -0.00166667 -0.00513699 -0.00969388 -0.0138889 0.000454545 0.00905797 0.0108974 0.00746753 0.00125 -0.000490196 -0.0172414 0.0175
internal_weight=845 734 680 148 93 532 459 48 411 273 253 222 84 138 111 53 85 60 73 49 54 55 138 117 77 40 51 58 40
internal_count=845 734 680 148 93 532 459 48 411 273 253 222 84 138 111 53 85 60 73 49 54 55 138 117 77 40 51 58 40
is_linear=0
shrinkage=0.05


Tree=58
num_leaves=30
num_cat=0
split_feature=6 6 9 47 42 6 6 39 20 45 9 34 6 43 9 34 12 49 2 40 7 11 20 36 6 45 36 33 4
split_gain=18.4005 12.0693 2.63597 2.6972 1.87487 2.10509 1.66766 1.59126 1.54953 1.74478 1.69184 2.3625 1.36937 1.69322 1.26116 1.25124 1.95379 3.29262 1.84652 1.19912 1.53288 1.16563 1.95571 1.61333 1.08018 1.05 1.03052 0.958623 0.730489
threshold=-0.94780942705435633 1.6228284720750332 -0.57816588910261968 -1.1273432582786325 -1.4765255308137524 -0.25068728491757275 -0.16354701715047482 0.78323833497756756 1.3280285825846474 0.79220507578284183 -0.26335104379841939 -0.083448313961914114 -1.2092302303556499 -0.44618888815407526 -0.47322760733455299 0.27474758199993249 -0.39206532149820422 1.0000000180025095e-35 0.80121008897583945 -0.98204105745077552 -0.31213657709343312 0.53616359807881486 -0.7968171495507882 -0.11101603326919597 -0.68638862375306242 0.045470228030396777 0.21509454322928637 -0.20353754356204748 -0.11998185403631688
decision_type=2 2 2 2 2 2 2 2 2 2 2 2 2 2 2 2 2 2 2 2 2 2 2 2 2 2 2 2 2
left_child=12 2 -2 6 -5 7 -4 14 10 -10 11 -7 -1 -14 -6 16 -12 -18 25 -16 24 22 -19 -24 -21 -17 -27 -26 -8
right_child=1 -3 3 4 5 8 28 -9 9 -11 15 -13 13 -15 19 18 17 21 -20 20 -22 -23 23 -25 27 26 -28 -29 -30
leaf_value=-0.66810228747939249 -0.054896372174647469 1.836119141686126 -0.03534640881370308 0.018366611735403639 0.011715796347432673 0.0091253583150482601 0.0023260418886422939 0.013694386568150209 0.0090132765057461487 -0.013897834229967999 0.027958765025254451 -0.017333740621612036 -0.027394390329684628 -0.092603888378344129 -0.038186765891382639 0.04684991649006847 0.031357031036833405 -0.027303623159323821 -0.0019593241093446069 0.011763095812656844 -0.069938335353310774 -0.015624777258543077 -0.022134700425076662 0.025967379065874499 0.0011163813535063128 0.0018082611135120886 0.02601016516738355 -0.040104418936784472 -0.0086873623618373592
leaf_weight=57 39 54 36 20 24 20 21 23 29 23 38 28 28 26 30 28 29 20 21 25 35 29 20 30 21 20 22 22 27
leaf_count=57 39 54 36 20 24 20 21 23 29 23 38 28 28 26 30 28 29 20 21 25 35 29 20 30 21 20 22 22 27
internal_value=-0.000621302 0.00224796 0.000441176 0.00120905 0.00246858 0.00190875 -0.00714286 -0.0025 0.00413165 -0.00384615 0.0054918 -0.003125 -0.0195946 -0.0138889 -0.00429936 0.00710117 0.00451807 0.0015625 0.0118132 -0.00620301 -0.00364078 -0.00277778 0.000714286 0.006 0.000735294 0.0157143 0.0107143 -0.00406977 -0.00104167
internal_weight=845 734 680 641 557 537 84 180 357 52 305 48 111 54 157 257 166 128 91 133 103 99 70 50 68 70 42 43 48
internal_count=845 734 680 641 557 537 84 180 357 52 305 48 111 54 157 257 166 128 91 133 103 99 70 50 68 70 42 43 48
is_linear=0
shrinkage=0.05


Tree=59
num_leaves=28
num_cat=0
split_feature=6 6 9 37 6 10 41 40 45 8 44 42 37 8 43 7 35 42 39 39 43 2 34 46 10 4 35
split_gain=16.8713 12.5805 2.73095 1.82657 1.60711 1.4931 1.65979 1.82171 2.4302 1.79718 1.75327 1.74092 1.82617 2.00966 1.77935 1.55102 1.8224 1.92857 1.47539 2.10827 1.34565 1.33413 1.28077 1.31615 1.1307 0.98 0.829697
threshold=-0.94780942705435633 1.6228284720750332 -0.36828932556648614 -0.69053341350815056 -1.2092302303556499 1.6004708015032609 -0.44983375975906981 0.79117503286974789 0.35150910006008734 -0.19083854640487727 1.2486655009083958 -0.01800375511013538 -1.0693503694954216 -0.035982391276734159 -0.3919609524979209 0.36089448427662973 0.038489360231208476 0.39758589604014916 0.5110009486938466 -0.11722052701166734 -0.44618888815407526 -0.38491823190645658 -0.54398589448428825 0.23093979397080397 -0.40882587483989347 1.0000000180025095e-35 -0.30363828626842232
decision_type=2 2 2 2 2 2 2 2 2 2 2 2 2 2 2 2 2 2 2 2 2 2 2 2 2 2 2
left_child=4 2 3 -2 -1 6 9 11 -9 21 -10 12 -8 24 -15 16 -13 -18 19 26 -6 -4 -11 -24 -14 -17 -5
right_child=1 -3 5 18 20 -7 7 8 10 22 -12 15 13 14 -16 25 17 -19 -20 -21 -22 -23 23 -25 -26 -27 -28
leaf_value=-0.63469717310542251 0.0013532242213884162 1.7443131846018192 -0.021034613957235139 -0.029890294666587637 -0.026024670813200857 0.058947856001145743 0.021741245130759524 0.0075050447770109944 -0.029589194414855059 -0.043363899550207918 0.0078204822299717588 0.016603693047103719 -0.039733455882445416 0.041888661707818645 -0.00066455346366325332 0.058846299488152454 0.0022056307546989731 -0.010004690206392297 -0.059445057040875326 0.0042934810906942291 -0.08797369395942739 0.027472715977695829 0.0018354402602952292 -0.028735220280401565 -0.010596506876884605 0.0392187640466716 -0.037273036045441188
leaf_weight=57 39 54 28 25 28 20 23 34 38 23 20 37 29 23 38 25 21 21 23 31 26 35 31 25 36 25 30
leaf_count=57 39 54 28 25 28 20 23 34 38 23 20 37 29 23 38 25 21 21 23 31 26 35 31 25 36 25 30
internal_value=-0.000976331 0.00177112 -7.35294e-05 -0.00608108 -0.0191441 0.00159774 0.00107422 0.00283784 -0.00326087 -0.00352113 -0.00948276 0.00485612 0.0011745 -0.00119048 0.00532787 0.00910853 0.00474684 -0.00238095 -0.00940367 -0.00639535 -0.012963 0.00277778 -0.0085443 -0.00446429 -0.00730769 0.016 -0.0122727
internal_weight=845 734 680 148 111 532 512 370 92 142 58 278 149 126 61 129 79 42 109 86 54 63 79 56 65 50 55
internal_count=845 734 680 148 111 532 512 370 92 142 58 278 149 126 61 129 79 42 109 86 54 63 79 56 65 50 55
is_linear=0
shrinkage=0.05


Tree=60
num_leaves=31
num_cat=0
split_feature=6 6 34 45 38 35 37 5 38 5 7 20 7 6 45 33 35 7 2 39 20 46 45 20 19 43 2 38 4 5
split_gain=19.1299 9.96414 2.93159 2.41964 1.80966 3.47741 1.95321 2.64977 2.85194 2.25039 2.36791 2.11867 1.70309 1.67498 1.62136 1.41136 1.35501 1.33845 1.2777 1.22877 2.90116 1.95384 1.22157 1.17993 1.14855 1.06778 0.677134 0.593939 0.575513 0.125926
threshold=-0.94780942705435633 1.6228284720750332 0.27474758199993249 0.045470228030396777 0.3865228969373366 0.70563827090548881 -0.91437979659153801 -0.6933338057147479 -0.093599451262367683 0.022926256682573833 -0.5140458955044519 -0.26560571651692938 0.49550069655064227 -1.2092302303556499 0.49840775863433878 1.5615021928116553 -0.74840422671794238 -0.17753036481942056 -0.042530675363113453 -0.11722052701166734 1.3280285825846474 0.83139443911280608 0.020987118268021524 -0.33200714564616179 1.0000000180025095e-35 -0.33627625109211673 1.0000000180025095e-35 -0.8549363176933269 -0.11998185403631688 1.3199377210236702
decision_type=2 2 2 2 2 2 2 2 2 2 2 2 2 2 2 2 2 2 2 2 2 2 2 2 2 2 2 2 2 2
left_child=13 2 4 12 5 6 17 16 9 10 -9 14 18 -1 25 19 -8 27 -4 20 -5 26 -10 -6 -15 -12 -21 -2 -18 -3
right_child=1 29 3 15 23 -7 7 8 22 -11 11 -13 -14 24 -16 -17 28 -19 -20 21 -22 -23 -24 -25 -26 -27 -28 -29 -30 -31
leaf_value=-0.61021465820015097 0.02731699027143222 0.85998015143612749 0.042400321797379098 0.036271942968880921 -0.014266992216511199 0.03511939447856207 -0.018006304530000249 -0.030540612271754242 -0.01582304466980702 0.030913704951424849 -0.037398925589383229 0.031806605147841081 0.07849251667044968 -0.11143079394749905 0.0060194926714956416 0.056988094122667123 -0.072003587985790318 -0.0026017755932215892 -0.0095329288925640309 -0.0098595509764393807 -0.0080379755143084718 0.0093341250619403127 -0.00138934780147153 -0.05495852269520185 -0.027881871806607707 0.00098868940118137529 -0.02368415136849791 0.011715785012719949 -0.049514334146746823 2.4048302514228213
leaf_weight=60 24 20 31 37 26 23 37 37 39 25 25 37 26 34 21 22 26 27 20 27 28 23 32 20 25 20 23 20 24 34
leaf_count=60 24 20 31 37 26 23 37 37 39 25 25 37 26 34 21 22 26 27 20 27 28 23 32 20 25 20 23 20 24 34
internal_value=-0.000486827 0.00245358 0.000857143 0.00537975 -0.00145788 -0.000419664 -0.00152284 -0.00317337 -0.000423729 0.00318182 0.000714286 0.00461165 0.0126623 -0.0191176 -0.000757576 0.001875 -0.0106322 0.00598592 0.00735294 0 0.005 -0.00445205 -0.00880282 -0.0108696 -0.0131356 -0.00611111 -0.01 0.0113636 -0.016 0.0231481
internal_weight=873 754 700 237 463 417 394 323 236 165 140 103 77 119 66 160 87 71 51 138 65 73 71 46 59 45 50 44 50 54
internal_count=873 754 700 237 463 417 394 323 236 165 140 103 77 119 66 160 87 71 51 138 65 73 71 46 59 45 50 44 50 54
is_linear=0
shrinkage=0.05


Tree=61
num_leaves=32
num_cat=0
split_feature=30 30 34 45 30 4 11 0 12 10 40 0 13 2 5 39 9 46 13 10 40 47 2 12 33 12 39 46 15 39 10
split_gain=17.9336 10.2212 2.25262 2.12685 1.9228 1.7433 1.74761 2.53131 2.03614 1.72857 1.63981 1.81213 1.59042 1.45961 1.43295 1.87565 2.43471 1.80661 1.6075 1.58669 1.45455 1.39135 1.30662 1.26208 1.06778 1.02083 0.942308 0.921781 1.64361 1.21749 0.546815
threshold=-0.96772349418990122 1.6155189161434536 0.27474758199993249 0.045470228030396777 -1.2396437479092015 0.62453399606306548 0.21417165095860605 -1.0000000180025095e-35 -0.13163890188485169 1.0263860368337883 0.65358309569647688 -1.2485767956218454 -0.60118302126010925 -0.49497137508110262 -1.0224262668162198 -0.27691368489313611 -0.36828932556648614 0.32897320542255942 0.19893427236597411 -0.12178349250515719 -0.63290151687360174 -1.1273432582786325 0.23871624608320416 -0.39206532149820422 -0.54460802402073383 0.38921393734185333 -0.21194375513006408 0.97844455629043914 0.71607245890455262 -0.26730369623673333 0.069578095718000374
decision_type=2 2 2 2 2 2 2 2 2 2 2 2 2 2 2 2 2 2 2 2 2 2 2 2 2 2 2 2 2 2 2
left_child=4 2 5 12 -1 6 10 13 -9 21 11 -2 -4 -8 -13 16 -16 19 24 20 -17 -5 -15 -6 -18 -10 -14 28 29 -23 -7
right_child=1 -3 3 9 23 30 7 8 25 -11 -12 14 26 22 15 17 18 -19 -20 -21 -22 27 -24 -25 -26 -27 -28 -29 -30 -31 -32
leaf_value=-0.57970392529014281 0.025795340304488691 1.4300866403002559 0.0026098217475407637 -0.0082421195795291165 -0.047103716362627779 -0.021165142636058933 0.0092141046742497679 0.035786102342786563 -0.024105367221370244 0.026934678760271426 -0.014362012396497193 -0.041887963768591878 0.066938790504444512 -0.049976363992186634 -0.074037777561190413 0.022879997516358233 0.014776186369043388 -0.037942631605412204 -0.035528979309913215 0.02325207377143812 -0.014280823312213187 0.016315494631489003 -0.00036359871417133153 -0.10731056088814342 -0.0012245331221961921 0.015514732513449304 0.024401745647831066 0.01671497186292541 -0.023795353729066451 -0.0015653936491155209 -0.0046975195322744414
leaf_weight=60 30 54 25 23 39 23 22 34 24 20 28 27 26 21 23 22 20 26 29 23 22 23 20 20 25 24 26 38 24 32 20
leaf_count=60 30 54 25 23 39 23 22 34 24 20 28 27 26 21 23 22 20 26 29 23 22 23 20 20 25 24 26 38 24 32 20
internal_value=-0.000658648 0.00218833 0.000571429 0.00453586 -0.0186975 -0.00145788 -0.00047619 0.00396552 0.0097561 0.00125 -0.00281818 -0.00151822 0.0113636 -0.00357143 -0.0031106 -0.00157895 -0.0064433 0.00349462 -0.00202703 0.00783582 0.00227273 -0.000714286 -0.00914634 -0.0122881 0.00388889 0.003125 0.0163462 0.00149573 -0.00158228 0.00318182 -0.0110465
internal_weight=873 754 700 237 119 463 420 145 82 160 275 247 77 63 217 190 97 93 74 67 44 140 41 59 45 48 52 117 79 55 43
internal_count=873 754 700 237 119 463 420 145 82 160 275 247 77 63 217 190 97 93 74 67 44 140 41 59 45 48 52 117 79 55 43
is_linear=0
shrinkage=0.05


Tree=62
num_leaves=30
num_cat=0
split_feature=6 6 8 47 6 8 49 12 48 11 14 9 12 12 35 0 8 43 41 20 46 35 35 12 38 34 43 45 34
split_gain=17.5936 10.3756 2.4598 2.87213 1.9228 1.89632 1.8643 1.83921 2.25264 1.7089 1.62361 1.91942 1.42841 1.26208 1.16894 2.3433 2.04686 1.68145 2.24862 1.488 1.34615 1.95201 1.16745 1.10858 1.46767 1.04274 0.936643 0.890909 0.828408
threshold=-0.94780942705435633 1.7535388737256803 0.17049248222745669 -1.5804302443708151 -1.2092302303556499 0.067255045475361264 -1.1278598818346355 1.0000000180025095e-35 1.1380916721822807 0.85815554519902371 -0.45157717275436821 1.0000000180025095e-35 -0.65249174111155672 -0.39206532149820422 -0.30363828626842232 -1.2485767956218454 -0.86188188529349741 0.46517903174937769 0.091467123652367949 -0.33200714564616179 -0.57783585050617825 -0.71419146206797934 0.80827656485537802 -0.13163890188485169 0.13274394146034996 0.10417810773238646 -0.28458244082964118 0.2535766610105864 -0.2710747356562147
decision_type=2 2 2 2 2 2 2 2 2 2 2 2 2 2 2 2 2 2 2 2 2 2 2 2 2 2 2 2 2
left_child=4 2 3 -2 -1 6 -5 14 10 12 26 -12 -4 -6 16 -16 -8 18 19 25 21 -18 23 -14 28 -17 -9 -11 -25
right_child=1 -3 9 5 13 -7 7 8 -10 27 11 -13 22 -15 15 17 20 -19 -20 -21 -22 -23 -24 24 -26 -27 -28 -29 -30
leaf_value=-0.55071872902563546 -0.045303691686240204 1.889488306317773 -0.0096932503119631988 0.042637907239593181 -0.044748530544495679 -0.015705033519776635 0.0082375016382833632 0.0066729525842177395 -0.036019768592886692 0.084744383884535077 -0.0078310470940301975 0.017202686086535836 0.020969450638649079 -0.10194503284373582 0.027495551895799511 -0.025605052218129743 0.0025561290354481517 -0.055398234533626578 0.019542685306418409 -0.076015253170454863 -0.029888996495211019 -0.039372794430782676 0.02346758148562458 -0.0045083378548667957 -0.012813890127873151 0.011699780761505707 0.059806294804997155 0.0057857903989784638 0.035282431504513316
leaf_weight=60 33 46 36 23 39 29 24 20 23 36 30 32 30 20 21 21 30 21 20 26 35 26 35 27 39 20 21 30 20
leaf_count=60 33 46 36 23 39 29 24 20 23 36 30 32 30 20 21 21 30 21 20 26 35 26 35 27 39 20 21 30 20
internal_value=-0.00083047 0.00198939 0.00049435 -0.0017033 -0.0186975 -0.000592417 0.000318066 -0.000540541 0.00436508 0.00444664 0.00752427 0.00241935 0.00200535 -0.0122881 -0.00307377 0.000193798 -0.00673913 -0.00277778 0.000287356 -0.00410448 -0.0101648 -0.00535714 0.00413907 0.00172414 -0.00116279 0.00182927 0.0152439 0.0113636 0.00478723
internal_weight=873 754 708 455 119 422 393 370 126 253 103 62 187 59 244 129 115 108 87 67 91 56 151 116 86 41 41 66 47
internal_count=873 754 708 455 119 422 393 370 126 253 103 62 187 59 244 129 115 108 87 67 91 56 151 116 86 41 41 66 47
is_linear=0
shrinkage=0.05


Tree=63
num_leaves=32
num_cat=0
split_feature=31 31 31 42 10 47 35 40 39 41 33 46 5 5 8 17 46 17 9 37 17 39 2 12 9 47 12 38 2 38 8
split_gain=17.6218 9.57358 2.27105 2.63123 1.70227 1.73435 1.97947 1.36736 1.39286 3.19091 2.57411 1.53409 1.1806 1.25615 1.37941 1.17857 1.16667 1.12064 1.5045 1.67883 2.00285 1.99803 1.74095 1.52381 1.30434 1.45478 1.10592 1.08995 0.731737 0.728139 0.705882
threshold=-1.1067532738715262 1.600839556849887 -0.42985506619117303 -1.4765255308137524 1.2177476250569459 -1.1273432582786325 0.072702124881171573 -1.0525569252520766 -0.43739840488343179 -0.18390408160182767 -0.3740727837913907 -0.087668793247401192 -0.77076732597391784 -0.44167486487244567 1.2028668497484112 0.54165836859123184 -0.36951485117119798 1.2233704129655745 0.47121692857804814 -0.50112493551451498 0.54165836859123184 -0.14253810599044117 -0.32377759680943102 1.0000000180025095e-35 0.15640208327384778 0.2319176999979152 1.0000000180025095e-35 0.31793399005166439 -0.71507766143039453 0.48940625726584458 -0.7070257301653543
decision_type=2 2 2 2 2 2 2 2 2 2 2 2 2 2 2 2 2 2 2 2 2 2 2 2 2 2 2 2 2 2 2
left_child=30 2 3 -2 5 6 -4 -5 15 11 -11 -10 -7 26 17 16 -9 18 19 21 22 -15 28 -22 25 -24 -14 -19 -21 -6 -1
right_child=1 -3 4 7 29 12 -8 8 9 10 -12 -13 13 14 -16 -17 -18 27 -20 20 23 -23 24 -25 -26 -27 -28 -29 -30 -31 -32
leaf_value=-0.45177888632435459 0.022930710161287494 1.2641078929693537 -0.022934055974228332 -0.034629933912233922 0.013567442454975522 -0.03747052074018882 0.0011921608407931218 -0.10880230451935945 0.060180761082306591 0.0097356803309892829 -0.070614335698062553 0.0027544751343086208 0.0073732668544323589 -0.03620109068164297 0.035508029365655606 -0.0067708213148449659 -0.021672410616851323 0.00017596753938420306 -0.017132738150320393 0.018305175396865537 0.0019196865682673094 0.004005695675077448 0.0033897373376760246 -0.023970059789125742 0.033142605030751331 -0.0060647229830806289 0.021210219918400244 0.034904369173133179 0.02604994184794265 0.048362574949634057 -0.12210954151727266
leaf_weight=60 21 54 31 37 20 26 33 21 24 28 32 20 21 30 23 22 21 21 23 26 21 28 26 21 29 40 20 20 27 22 25
leaf_count=60 21 54 31 37 20 26 33 21 24 28 32 20 21 30 23 22 21 21 23 26 21 28 26 21 29 40 20 20 27 22 25
internal_value=-0.000429553 0.00190355 0.000408719 -0.00376106 0.00226378 0.00139485 -0.00625 -0.0054878 -0.00357143 0 -0.0075 0.0102273 0.00261194 0.00332447 0.00231343 -0.009375 -0.0142857 0.00144231 0.000276753 0.00141129 0.00368421 -0.00603448 0.00641892 -0.00595238 0.00236842 -0.00151515 0.0115854 0.00914634 0.0136792 0.0119048 -0.0220588
internal_weight=873 788 734 226 508 466 64 205 168 104 60 44 402 376 335 64 42 312 271 248 190 58 148 42 95 66 41 41 53 42 85
internal_count=873 788 734 226 508 466 64 205 168 104 60 44 402 376 335 64 42 312 271 248 190 58 148 42 95 66 41 41 53 42 85
is_linear=0
shrinkage=0.05


Tree=64
num_leaves=32
num_cat=0
split_feature=6 6 34 6 34 40 44 36 36 40 0 34 15 41 33 17 44 36 40 34 17 46 41 6 34 5 17 35 4 4 12
split_gain=16.3152 10.7122 2.26338 1.60319 1.62882 1.56058 1.97443 1.52183 1.43976 1.72771 1.35974 2.18615 1.6264 1.34635 2.29124 1.28395 1.54219 1.32641 2.1856 1.225 1.20911 1.14095 1.0947 1.01647 1.015 0.896037 0.859524 0.754704 0.675 0.607293 0.519697
threshold=-1.0785198287050031 1.7535388737256803 0.27474758199993249 0.79499592828760257 1.2299366378981902 0.82557301716306519 -0.4819882535076771 -0.95203804634422917 -0.69458232805595366 -1.3002224121639636 -1.0000000180025095e-35 -0.13461915624217791 1.0000000180025095e-35 -0.53223415691036224 -0.084162875401507228 -0.70814704609506285 0.77778091048423448 0.21509454322928637 0.85653120302705077 -0.62927063161806118 -0.25367234984550119 0.21255852932359984 -0.43218721116265207 -1.2092302303556499 -0.015220524254895741 -0.32552458448369076 0.76889571671601276 -0.18389360999355156 -0.3061108165611624 -0.21304633529873965 0.9100667765685585
decision_type=2 2 2 2 2 2 2 2 2 2 2 2 2 2 2 2 2 2 2 2 2 2 2 2 2 2 2 2 2 2 2
left_child=23 2 5 15 30 6 8 -8 9 -2 12 22 20 19 28 21 17 26 -19 -10 -9 -4 -12 -1 -13 -24 -17 -22 -15 -11 -5
right_child=1 -3 3 4 -6 -7 7 10 13 29 11 24 -14 14 -16 16 -18 18 -20 -21 27 -23 25 -25 -26 -27 -28 -29 -30 -31 -32
leaf_value=-0.5088355818783129 -0.00023728552864810126 1.7318084963534148 0.021132972634926264 0.049213829835271387 0.00080199107847533924 -0.018737088262781042 0.013612611762596316 -0.062000017309316036 -0.065189572473575916 -0.076526999689747299 0.018706675165769581 -0.037158514744517389 0.011784141093954759 0.0038516303123138588 -0.024880315211974136 -0.025791972768760021 0.0092943802942365046 0.022085398824881964 -0.018455858938601466 0.00010236341711333807 -0.016685440445230171 0.0021732064919433472 -0.0058704607442649605 -0.084712905707215222 0.00028207586687827301 0.022484981480111799 -0.0014777200152067849 0.0039500601954742367 0.018842871992207934 -0.029346287448147736 0.070663091588816937
leaf_weight=60 33 46 26 22 27 32 23 25 20 25 22 21 35 20 22 28 30 21 20 20 20 34 26 25 22 40 20 21 40 27 20
leaf_count=60 33 46 26 22 27 32 23 25 20 25 22 21 35 20 22 28 30 21 20 20 20 34 26 25 22 40 20 21 40 27 20
internal_value=-0.000658648 0.00158629 0.000134771 0.00403226 0.0105072 -0.00182186 -0.00108225 0.00186275 -0.00471014 -0.00970588 0.000646552 0.00400763 -0.00371287 -0.00122951 0.00243902 0.00153631 -0.00147059 -0.00477528 0.00182927 -0.00875 -0.00833333 0.0075 0.00852273 -0.0214706 -0.00523256 0.00530303 -0.0104167 -0.00304878 0.0075 -0.0153846 0.0166667
internal_weight=873 788 742 248 69 494 462 255 207 85 232 131 101 122 82 179 119 89 41 40 66 60 88 85 43 66 48 41 60 52 42
internal_count=873 788 742 248 69 494 462 255 207 85 232 131 101 122 82 179 119 89 41 40 66 60 88 85 43 66 48 41 60 52 42
is_linear=0
shrinkage=0.05


Tree=65
num_leaves=31
num_cat=0
split_feature=6 6 16 40 10 47 16 44 34 10 40 49 37 17 10 4 38 6 11 36 44 10 6 36 33 7 45 15 7 9
split_gain=17.3731 7.63404 2.68015 1.88575 1.86885 2.14896 1.97316 2.19822 2.14647 1.84905 2.03417 1.93296 1.92176 1.60581 1.78644 1.37423 1.86397 1.83995 1.37683 1.1731 1.14095 0.996574 0.836885 0.798088 1.46847 1.6 0.869683 0.915751 0.755635 0.25
threshold=-1.0785198287050031 1.7535388737256803 -0.1126968926103306 1.2108304412482227 -0.50450666895147223 -1.1273432582786325 -0.19245065703302752 -0.090603658869413392 -0.509871999630779 -1.1742722277325235 -0.32675945666307477 1.0000000180025095e-35 -0.96603665422616591 -0.25367234984550119 1.2177476250569459 1.0000000180025095e-35 0.22705368842814916 0.44643485721921083 0.21417165095860605 1.1762625581721819 -0.59206517074968879 -0.21746428661673595 -1.2963704981227477 0.35240425964970001 0.37628227321771951 0.69741001496166122 -0.55436596114779657 1.0000000180025095e-35 0.69741001496166122 0.78603177388224865
decision_type=2 2 2 2 2 2 2 2 2 2 2 2 2 2 2 2 2 2 2 2 2 2 2 2 2 2 2 2 2 2
left_child=22 2 3 4 9 -6 7 8 -7 -2 12 -12 -11 14 15 16 -4 -18 -17 23 -14 -10 -1 24 26 -26 -15 -28 -25 -3
right_child=1 29 13 -5 5 6 -8 -9 21 10 11 -13 20 19 -16 18 17 -19 -20 -21 -22 -23 -24 28 25 -27 27 -29 -30 -31
leaf_value=-0.55621099028439935 0.024679039948388493 0.35728717348990674 -0.014635017857423806 -0.04205989896415261 -0.010326329764547637 0.016114398146308419 -0.0033801296374136314 0.018870988967189108 0.0015266407146100392 -0.0041902789081319728 0.012542409926592769 -0.060330248292814304 -0.078305741879820812 -8.5850859154135151e-05 0.058292410091161179 -0.018294157630545271 0.044130739043028201 -0.006961043044402971 0.00056746762823394197 -0.0011337969663145486 -0.035514714429304206 -0.006859028556654323 -0.077236317654576683 0.052625510127674607 -0.026190681212495549 0.048183176386555719 0.037677775674922032 0.042190068711963138 0.017714458557190938 3.5511126960035426
leaf_weight=60 25 20 33 20 26 39 39 38 20 25 26 31 34 20 21 37 20 21 25 37 26 21 29 37 20 20 30 35 26 25
leaf_count=60 25 20 33 20 26 39 39 38 20 25 26 31 34 20 21 37 20 21 25 37 26 21 29 37 20 20 30 35 26 25
internal_value=-0.000677201 0.00166248 0.000465426 -0.00256757 -0.00171429 0.00177596 0.00398089 0.00720339 0.0025 -0.00553892 -0.00774648 -0.000438596 -0.0126471 0.00340314 -0.000477707 -0.00257353 0.00202703 0.00914634 -0.00806452 0.00611111 -0.0175 -0.0054878 -0.0216292 0.00771277 0.0054 -0.0025 0.00911765 0.0119231 0.0123016 0.0216667
internal_weight=886 797 752 370 350 183 157 118 80 167 142 57 85 382 157 136 74 41 62 225 60 41 89 188 125 40 85 65 63 45
internal_count=886 797 752 370 350 183 157 118 80 167 142 57 85 382 157 136 74 41 62 225 60 41 89 188 125 40 85 65 63 45
is_linear=0
shrinkage=0.05


Tree=66
num_leaves=32
num_cat=0
split_feature=6 6 9 44 13 38 17 19 43 41 8 41 38 42 40 35 38 44 9 14 13 44 11 10 13 48 19 44 6 17 43
split_gain=17.0007 7.66193 2.54345 2.44936 2.15557 1.43591 1.34371 1.21025 1.1808 1.76639 1.35283 1.15414 1.20519 1.76894 1.35114 1.81482 1.92001 1.60296 1.50297 1.29925 1.31449 1.23077 1.07358 1.64835 1.06546 0.996797 0.982313 0.91483 0.836885 0.74409 0.502265
threshold=-1.0785198287050031 1.8406791414927781 -0.36828932556648614 -0.38414210484811112 1.0000000180025095e-35 -1.0538441476617753 0.88251439077840321 1.0000000180025095e-35 -0.061384186020540153 -0.19599673226725475 -0.035982391276734159 1.7668058869412049 1.2095897795654007 -0.01800375511013538 -0.63978111373226498 -0.14968084534358847 1.0000000180025095e-35 -0.65321901366191748 0.10393294238981436 1.0000000180025095e-35 1.0000000180025095e-35 -0.249603650441208 0.85815554519902371 0.16525888982957918 0.19893427236597411 -0.6742562721864499 1.0000000180025095e-35 0.19070401852683869 -1.2963704981227477 -0.36729102390789165 -0.37702341157481623
decision_type=2 2 2 2 2 2 2 2 2 2 2 2 2 2 2 2 2 2 2 2 2 2 2 2 2 2 2 2 2 2 2
left_child=28 2 3 4 5 -2 11 25 9 24 -10 12 13 14 17 18 -17 29 -16 26 -21 -19 23 -22 -8 -5 27 -15 -1 -4 -27
right_child=1 -3 6 7 -6 -7 8 -9 10 -11 -12 -13 -14 19 15 16 -18 21 -20 20 22 -23 -24 -25 -26 30 -28 -29 -30 -31 -32
leaf_value=-0.52840044077017934 -0.010741631778115136 2.1920183162027032 0.0059065744525241826 -0.041094964128241429 0.005024619729719149 -0.05064843516957325 0.0092155454627288694 0.019107106537046548 -0.0018693839818297421 -0.030951018415107969 0.055563123226278321 -0.015821457564425146 -0.014983153081016099 0.0036109095032486496 -0.00028382304732019751 0.028155612042874624 -0.013397685942268823 0.014953761127022604 -0.024430274482803327 0.038366713976617464 0.0018757193079721902 0.0038534766509727095 0.044298546190191246 -0.026133409182408231 -0.0052937733680366254 0.010288667021821851 0.024074363809654643 0.0076105147784375051 -0.073374501771847636 -0.038705805561198764 -0.010676492514646441
leaf_weight=60 20 33 27 22 22 41 37 24 21 31 31 23 37 25 31 21 23 26 20 37 28 26 31 24 27 20 21 24 29 23 21
leaf_count=60 20 33 27 22 22 41 37 24 21 31 31 23 37 25 31 21 23 26 20 37 28 26 31 24 27 20 21 24 29 23 21
internal_value=-0.000902935 0.00141154 0.00039267 -0.005 -0.0111446 -0.0159836 0.00193603 0.000862069 -0.00221088 -0.00552632 0.00384615 0.00329978 0.00389151 0.00471576 0.00139594 -0.00289474 0.00454545 0.00539216 -0.00931373 0.00815789 0.005 0.0115385 0.00150602 -0.00288462 -0.00078125 -0.00277778 0.0135714 0.00969388 -0.0216292 -0.001 0.00182927
internal_weight=886 797 764 170 83 61 594 87 147 95 52 447 424 387 197 95 44 102 51 190 120 52 83 52 64 63 70 49 89 50 41
internal_count=886 797 764 170 83 61 594 87 147 95 52 447 424 387 197 95 44 102 51 190 120 52 83 52 64 63 70 49 89 50 41
is_linear=0
shrinkage=0.05


Tree=67
num_leaves=32
num_cat=0
split_feature=6 6 10 20 8 7 11 35 1 15 20 17 7 2 15 4 6 2 9 45 34 38 44 44 49 17 39 11 4 6 2
split_gain=16.1777 8.03311 2.28267 2.12326 1.67196 1.74569 1.73439 1.78537 1.57834 1.68335 1.70372 2.05256 1.49014 1.76623 1.38871 1.36111 1.34583 1.73413 1.44235 1.04274 0.989011 0.976175 0.870266 1.38467 1.47449 2.19074 1.78571 1.7782 0.859091 0.836885 0.789939
threshold=-1.0785198287050031 1.8406791414927781 -0.50450666895147223 0.6640142912923237 0.11887376385140898 1.6396535008797493 0.21417165095860605 -0.5944467857931085 1.0000000180025095e-35 -0.6235840104429119 0.066401429129232373 0.65527704265362241 0.56280380268764862 0.51996316752952187 0.93934853712913002 -0.21304633529873965 0.35929458945211284 0.43436627839368602 0.15640208327384778 0.069953337792772033 -0.12182644567211197 0.83235079169420489 -0.97121899680550672 -0.65321901366191748 0.23152548893966207 0.42803969452884144 -0.35556029569097958 -0.42981224328181145 -0.3061108165611624 -1.2963704981227477 0.67892881878178835
decision_type=2 2 2 2 2 2 2 2 2 2 2 2 2 2 2 2 2 2 2 2 2 2 2 2 2 2 2 2 2 2 2
left_child=29 2 3 8 16 6 7 -6 9 15 11 -11 13 -9 20 -2 18 -18 22 -16 -8 30 -4 -24 25 27 -26 -25 -28 -1 -22
right_child=1 -3 4 -5 5 -7 14 12 -10 10 -12 -13 -14 -15 19 -17 17 -19 -20 -21 21 -23 23 24 26 -27 28 -29 -30 -31 -32
leaf_value=-0.50198041873167021 0.0058435127505319434 2.0824174003925693 0.016126513423127875 -0.065353525624780681 0.025978413490393138 -0.014723687455938262 0.019109994636062312 0.00025641423973326026 -0.0302741536023035 0.0033411884581006747 0.022117686396135386 -0.089823242402224682 0.017670905025934047 -0.030258334804842236 0.082015259293849854 -0.025026118423092214 -0.022438894079754593 -0.0010862410363117192 0.014222083743428017 -0.0084738941375150038 -0.0021807539200537464 0.05279483793137843 -0.019413355014157932 0.010088313309808684 -0.023847295293730045 0.022899668523180594 -0.012348169251677633 -0.0051529126857047915 0.0031368528218244764 -0.069705776683255755 0.04604602232716886
leaf_weight=60 20 33 28 43 22 22 26 34 39 44 20 20 30 22 20 25 20 29 31 21 23 22 36 22 21 30 22 32 20 29 20
leaf_count=60 20 33 28 43 22 22 26 34 39 44 20 20 30 22 20 25 20 29 31 21 23 22 36 22 21 30 22 32 20 29 20
internal_value=-0.00141084 0.000846926 -0.000196335 -0.00462085 0.00149186 0.00438931 0.005625 0.000925926 -0.00208333 0.000581395 0.0047619 0.00078125 -0.00232558 -0.00714286 0.0094697 -0.00722222 -0.00111684 -0.00867347 0.000413223 0.00182927 0.0129121 0.00961538 -0.00106635 -0.0023224 -0.000170068 0.00416667 -0.00595238 -0.00185185 0 -0.0216292 0.00523256
internal_weight=886 797 764 211 553 262 240 108 168 129 84 64 86 56 132 45 291 49 242 41 91 65 211 183 147 84 63 54 42 89 43
internal_count=886 797 764 211 553 262 240 108 168 129 84 64 86 56 132 45 291 49 242 41 91 65 211 183 147 84 63 54 42 89 43
is_linear=0
shrinkage=0.05


Tree=68
num_leaves=31
num_cat=0
split_feature=6 6 16 37 46 11 41 36 44 12 8 44 17 35 41 8 11 13 17 35 35 46 34 6 35 46 45 15 42 10
split_gain=15.6444 7.90841 1.69801 1.70014 1.48831 1.46414 1.4086 2.49176 1.85646 1.8423 1.69351 1.53846 1.3584 1.54304 1.57011 1.56152 1.44495 1.25742 1.19115 1.16966 1.93407 1.84808 1.16364 1.13909 1.0704 1.61333 1.70485 0.781579 0.72803 0.698679
threshold=-1.0785198287050031 1.8406791414927781 -0.1126968926103306 0.32538478663953102 1.0000000180025095e-35 0.53616359807881486 -0.14947476985858396 -0.71174604260850549 -0.65321901366191748 -0.65249174111155672 -0.81026316691744971 0.25185786143906741 -0.14005367578311081 -0.20099999231853308 0.42803270979744584 -0.13921982802882954 0.21417165095860605 -0.20112437444706763 0.88251439077840321 1.2530425053048981 0.12402127185611619 -0.4062773804656063 -0.049334419108404935 -1.2963704981227477 -0.47470210951823771 -0.14893967540474831 0.37599220982246262 -0.17703185399375715 -1.0411458962753595 -0.60018746306305093
decision_type=2 2 2 2 2 2 2 2 2 2 2 2 2 2 2 2 2 2 2 2 2 2 2 2 2 2 2 2 2 2
left_child=23 2 3 5 -5 6 8 -8 10 -9 -2 22 13 27 15 -15 -17 -6 24 20 21 -20 28 -1 -14 -26 -27 -4 -10 -12
right_child=1 -3 12 4 17 -7 7 9 11 -11 29 -13 18 14 -16 16 -18 -19 19 -21 -22 -23 -24 -25 25 26 -28 -29 -30 -31
leaf_value=-0.47688139779508631 0.005187026087223501 1.9782965303729414 0.00032362541248005529 -0.046525890790404395 -0.012340192824734687 -0.0074503209356677758 -0.045435140382816999 -0.024043212000205472 0.0082304336426659574 0.013910166720194184 -0.071558066140306673 -0.015943052131342485 0.048979671396779882 0.03210390526171665 -0.003705403358449644 -0.011214093965040207 0.038142004046962087 0.0024162404455296384 0.046090717244008775 -0.0061369850864181792 0.050145225168395771 -0.013343547640252496 0.030492400654051011 -0.066220487849092541 -0.011521037255482725 0.048240816523865963 0.0029081490898022369 -0.020745085366644392 0.0082266749124904944 -0.0010759575661111853
leaf_weight=60 20 33 22 32 30 39 26 23 20 36 28 26 22 21 33 29 32 21 20 20 25 32 20 29 25 38 37 38 24 25
leaf_count=60 20 33 22 32 30 39 26 23 20 36 28 26 22 21 33 29 32 21 20 20 25 32 20 29 25 38 37 38 24 25
internal_value=-0.0011851 0.00103513 0 -0.00243243 -0.00873494 -0.000609756 0.000806452 -0.00441176 0.00352761 0.00127119 -0.00239726 0.00833333 0.00228426 -0.001 0.0023913 0.00609756 0.00204918 -0.00343137 0.00490868 0.000773196 0.00357143 -0.00192308 0.0125 -0.0210674 0.00819672 0.006 0.00966667 -0.0075 0.00795455 -0.00707547
internal_weight=886 797 764 370 83 287 248 85 163 59 73 90 394 175 115 82 61 51 219 97 77 52 64 89 122 100 75 60 44 53
internal_count=886 797 764 370 83 287 248 85 163 59 73 90 394 175 115 82 61 51 219 97 77 52 64 89 122 100 75 60 44 53
is_linear=0
shrinkage=0.05


Tree=69
num_leaves=32
num_cat=0
split_feature=6 6 33 40 5 9 7 45 4 10 41 35 43 20 12 18 45 49 6 39 6 4 7 11 16 45 16 45 47 41 12
split_gain=14.6866 7.99143 2.12884 1.70961 2.22514 1.85601 1.53107 2.27783 1.61897 1.40083 1.33901 1.41943 1.33458 1.17854 1.25009 2.43 1.20333 1.16072 1.03064 1.5 0.987221 0.975124 1.98829 1.40175 1.39584 2.00455 1.23626 1.09649 1.21303 1.2331 0.905357
threshold=-1.0785198287050031 1.8406791414927781 0.92199504195161797 0.82557301716306519 0.75854469914468825 -0.36828932556648614 -0.1102272586824143 0.35150910006008734 1.0000000180025095e-35 0.069578095718000374 -0.79589248128362999 0.32929785975589476 -0.82060420320177063 -1.3944300117138793 0.9100667765685585 -0.58622960087693643 0.53513242327790178 1.0000000180025095e-35 -0.68638862375306242 -0.17671664732283843 -1.2963704981227477 0.15921158975095148 -0.1102272586824143 0.85815554519902371 0.024023846400006977 -0.87264638805867478 -0.089910102775274323 -0.66453995507848518 1.0000000180025095e-35 -0.1621604870102549 -0.13163890188485169
decision_type=2 2 2 2 2 2 2 2 2 2 2 2 2 2 2 2 2 2 2 2 2 2 2 2 2 2 2 2 2 2 2
left_child=20 2 3 4 5 10 -4 -8 -9 -5 -2 18 -7 16 21 -16 -14 -11 19 -12 -1 23 -23 24 25 -15 27 -27 -29 -30 -20
right_child=1 -3 6 9 -6 12 7 8 -10 17 11 -13 13 14 15 -17 -18 -19 30 -21 -22 22 -24 -25 -26 26 -28 28 29 -31 -32
leaf_value=-0.45303732790533147 0.024092810848419789 1.8793817038542955 -0.023104765688351847 -0.011490155116722179 0.061318414737800003 0.014466668947274287 0.061441040620807998 0.059456491022940844 -0.0070433443928095592 0.0054551609445368859 0.0049900013401625648 0.003516153840904224 -0.041657508934942203 -0.029900038085831682 0.023387396036267917 -0.012400403692436158 0.010234351085983208 -0.0045669623162893913 -0.06617873349423746 -0.036278499558321187 -0.062909463456638545 0.012820666428827111 0.0052628801922779194 0.058501525671211141 -0.01377967511773619 0.0077718853433033537 0.013696249724179667 -0.01246640874248044 0.010822043762149748 -0.0058919723873074765 -0.0049048931897281989
leaf_weight=60 21 33 36 30 24 21 42 22 23 21 27 25 30 30 20 30 20 29 28 27 29 25 42 21 33 20 21 28 26 22 20
leaf_count=60 21 33 36 30 24 21 42 22 23 21 27 25 30 30 20 30 20 29 28 27 29 25 42 21 33 20 21 28 26 22 20
internal_value=-0.00124153 0.000909661 -0.00013089 -0.00128705 -0.000311943 -0.000977654 0.00589431 0.00948276 0.00166667 -0.008125 -0.00574324 -0.00767717 0.000835476 0.00013587 0.00125786 -0.006 -0.007 -0.003 -0.0102941 -0.00555556 -0.0205056 0.00261194 0.00783582 0.000870647 -0.000555556 0.00153061 0.00448718 0.00208333 -0.000657895 0.00416667 -0.015625
internal_weight=886 797 764 641 561 537 123 87 45 80 148 127 389 368 318 50 50 50 102 54 89 268 67 201 180 147 117 96 76 48 48
internal_count=886 797 764 641 561 537 123 87 45 80 148 127 389 368 318 50 50 50 102 54 89 268 67 201 180 147 117 96 76 48 48
is_linear=0
shrinkage=0.05


Tree=70
num_leaves=32
num_cat=0
split_feature=6 6 6 16 14 9 43 3 48 42 15 20 7 41 41 33 14 43 37 43 43 39 42 46 42 43 7 6 33 38 9
split_gain=12.0856 7.78041 2.79222 2.55713 1.44196 1.43031 1.7649 1.71933 1.36673 1.29787 2.25588 2.06849 1.8462 2.03636 1.7706 1.58083 1.50027 1.78416 1.41486 1.53186 1.19786 1.17024 1.1213 1.06522 0.969599 0.818182 0.792444 1.06813 0.67327 0.640244 0.4
threshold=-1.2963704981227477 1.8406791414927781 -0.86066915928725829 -0.67097324356920895 -0.85892579937065439 0.62862435123014848 1.6346195180357517 -1.1273432582786325 -1.1273432582786325 0.25509801564576601 -0.40030793221833455 1.3280285825846474 -0.042924152545408031 -0.34263337387465032 -0.78546148514003622 0.56387103746999712 1.0000000180025095e-35 -0.28458244082964118 -0.98325560677104185 -0.47294944252659854 -0.5135140356152369 -0.19776255669922818 -0.24855706158160265 -0.56558167407470883 -0.56123879911372121 0.0060671151779801572 0.49550069655064227 -0.16354701715047482 -0.20353754356204748 -0.69718183185628113 -0.26335104379841939
decision_type=2 2 2 2 2 2 2 2 2 2 2 2 2 2 2 2 2 2 2 2 2 2 2 2 2 2 2 2 2 2 2
left_child=-1 2 3 23 -5 6 7 26 -9 10 16 12 13 -11 -12 -13 17 30 -16 -20 -18 -14 24 -2 -21 -23 27 -4 -24 -6 -10
right_child=1 -3 5 4 29 -7 -8 8 9 11 14 15 21 -15 18 -17 20 -19 19 22 -22 25 28 -25 -26 -27 -28 -29 -30 -31 -32
leaf_value=-0.42584360138024241 0.01622416445654835 1.6388952136489394 -0.015691409874398234 -0.0556965355970803 -0.071825377201960805 0.074687497939990521 -0.017273535645436055 0.037075368672302038 0.0079952078293949579 0.020962962079182291 0.0096144986053417376 -0.016416025342434182 0.09486057986732277 -0.004780254688952823 0.0053597792370155169 0.010024675705177089 0.0069011165036677374 0.022787982362383732 -0.030475154694871522 -0.0013304568065578338 -0.012895159511788989 0.0015981281536213033 -0.0073484138011799876 -0.014427853820612313 0.024852187516481196 0.021406027478575142 -0.0095452761827061749 0.018443789673788302 -0.041583288421082901 -0.063861747362504676 -0.00050576104181558894
leaf_weight=49 23 34 35 23 21 34 38 21 20 20 30 21 31 35 28 36 22 22 34 29 34 22 22 23 20 22 21 30 31 20 20
leaf_count=49 23 34 35 23 21 34 38 21 20 20 30 21 31 35 28 36 22 22 34 29 34 22 22 23 20 22 21 30 31 20 20
internal_value=0.000143513 0.00158151 0.000571066 -0.00681818 -0.0132813 0.00176991 0.00124224 0.00189769 0.00298077 0.00245491 0.000480769 0.00574866 0.00923077 0.00227273 -0.00283505 -0.00219298 0.0059322 0.0112903 -0.00487805 -0.00698529 0 0.0143333 -0.00392157 0.00217391 0.00153061 0.00909091 -0.00465116 -0.00192308 -0.00896226 -0.0189024 0.005
internal_weight=871 822 788 110 64 678 644 606 520 499 312 187 130 55 194 57 118 62 164 136 56 75 102 46 49 44 86 65 53 41 40
internal_count=871 822 788 110 64 678 644 606 520 499 312 187 130 55 194 57 118 62 164 136 56 75 102 46 49 44 86 65 53 41 40
is_linear=0
shrinkage=0.05


Tree=71
num_leaves=32
num_cat=0
split_feature=6 6 6 19 15 9 6 16 5 44 41 13 43 35 46 11 44 44 33 41 17 43 8 5 15 43 46 16 47 11 8
split_gain=9.40143 6.28692 3.20903 1.68821 2.07719 1.37151 1.41383 1.98736 1.21879 1.16274 1.905 1.33333 1.23631 1.74703 1.18376 2.18583 2.44129 1.8963 2.21001 1.41324 1.23753 1.46636 1.83995 1.33741 1.23312 1.73197 1.1088 1.0741 1.06813 1.06641 1.03243
threshold=-0.86066915928725829 2.0149596770269742 -1.3835107658898458 1.0000000180025095e-35 -0.84686008866748941 0.62862435123014848 -0.68638862375306242 -0.37474497571347759 -0.17065754396535096 1.1691655051224983 0.65193589853366118 0.59899291917901587 1.6346195180357517 1.150404211355009 0.16966891181345684 0.21417165095860605 -0.37191133626566542 -0.40860364201300264 -1.0562137447087634 -0.17819980642367075 -0.36729102390789165 -0.28458244082964118 0.22211120060350439 -0.054507263576596084 0.49279638067997511 -0.45049513814917969 -0.73714014411528084 0.080990820987647635 1.0000000180025095e-35 1.0000000180025095e-35 0.067255045475361264
decision_type=2 2 2 2 2 2 2 2 2 2 2 2 2 2 2 2 2 2 2 2 2 2 2 2 2 2 2 2 2 2 2
left_child=2 5 -1 26 -5 6 28 8 29 12 11 -11 13 14 17 16 -16 18 -9 -18 30 23 -23 -22 25 -20 -4 -15 -2 -8 -19
right_child=1 -3 3 4 -6 -7 7 9 -10 10 -12 -13 -14 27 15 -17 19 20 24 -21 21 22 -24 -25 -26 -27 -28 -29 -30 -31 -32
leaf_value=-0.6348851415708765 0.0039913295154633491 1.9410966054794672 -0.022041033375023035 0.020091499534897396 -0.059811845682959587 0.052148032885408216 -0.018472779270339856 0.012995407817724925 0.00086861962267477117 -0.0052051290123827703 0.00738582080213206 -0.043000902885583517 -0.013195538629322812 -0.020565873061050868 0.022601835220359592 0.039648829260966072 0.00068037405701062428 0.027344010848420197 -0.03701214090907428 -0.011309987345222795 0.0026038328216188237 -0.0044656602048092969 0.070698462013253763 -0.0068639904875809066 -0.02813366983167356 0.0091882381120257147 -0.10415020903054001 0.0026087795940782144 0.020829160727998189 -0.096156418987651204 0.008248926168857907
leaf_weight=32 35 30 26 26 27 36 31 22 24 30 27 20 22 20 21 60 21 26 32 20 22 21 20 21 23 31 48 21 30 21 25
leaf_count=32 35 30 26 26 27 36 31 22 24 30 27 20 22 20 21 60 21 26 32 20 22 21 20 21 23 31 48 21 30 21 25
internal_value=0.000143513 0.00259831 -0.0108491 -0.00728346 -0.000471698 0.0016129 0.00108359 0.000301205 -0.00723684 0.00143564 -0.00422078 -0.01 0.00245327 0.00307882 0.00417808 0.00819672 0.0016129 0.00216049 -0.00277778 -0.0054878 0.00611111 0.00238095 0.00914634 -0.00406977 -0.00639535 -0.00277778 -0.0121622 -0.00670732 0.00807692 -0.0115385 0.0122549
internal_weight=871 712 159 127 53 682 646 581 76 505 77 50 428 406 365 122 62 243 108 41 135 84 41 43 86 63 74 41 65 52 51
internal_count=871 712 159 127 53 682 646 581 76 505 77 50 428 406 365 122 62 243 108 41 135 84 41 43 86 63 74 41 65 52 51
is_linear=0
shrinkage=0.05


Tree=72
num_leaves=32
num_cat=0
split_feature=6 6 6 12 2 45 14 44 35 45 39 39 17 16 33 7 39 46 14 43 34 17 9 43 14 46 8 47 16 12 17
split_gain=9.59447 6.56587 2.93012 1.93354 2.29584 2.87844 1.83048 1.69419 2.15882 1.53409 1.52534 1.51303 2.75744 2.11986 1.84204 1.72291 1.7143 2.87848 1.64931 2.25882 1.56535 1.29663 1.22093 1.15896 1.09649 1.08393 1.00833 0.953159 0.757423 0.498587 0.487481
threshold=-0.86066915928725829 2.0149596770269742 -1.3835107658898458 -0.65249174111155672 0.40991002435487578 -0.72574772948442334 -0.45157717275436821 0.12955017561460999 -0.81682975601786856 -0.70126461972204801 -1.0136988246398522 0.50422892729018753 0.88251439077840321 -0.19245065703302752 1.024316186089224 -0.042924152545408031 0.72873838160388515 0.58631091048341744 0.36312008047820415 -0.28900618728829103 -0.015220524254895741 -0.14005367578311081 0.41874778769401477 -0.35055956676723465 -0.45157717275436821 -0.099922969678870613 0.17049248222745669 0.2319176999979152 0.2404983498330415 -0.65249174111155672 -0.14005367578311081
decision_type=2 2 2 2 2 2 2 2 2 2 2 2 2 2 2 2 2 2 2 2 2 2 2 2 2 2 2 2 2 2 2
left_child=2 3 -1 4 5 -2 -7 8 9 -4 26 12 13 23 15 25 -13 20 19 -14 -18 -6 27 24 -12 -15 -5 30 -29 -10 -17
right_child=1 -3 7 10 21 6 -8 -9 29 -11 11 16 18 14 -16 22 17 -19 -20 -21 -22 -23 -24 -25 -26 -27 -28 28 -30 -31 -32
leaf_value=-0.60314088449233338 -0.025061492850738887 1.8440417752054943 0.013676771754836637 -0.024387358232170444 -0.027637718806036563 0.031842622160770877 -0.00015941982015874601 0.021105047104222053 -0.068630934474870037 -0.077867597672296548 0.0046076739314358404 -0.012096870690092488 -0.027386666401277893 -0.023140274780388381 0.035638709719569305 0.017055207327163657 0.06410715029832588 -0.0067273035343134785 0.016608779721840251 0.016586541099498222 0.004370785865788207 -0.0042768568036336777 -0.0038917990845448005 0.020113934508120226 0.017707527244057532 0.00094898709974984292 0.0023222770781153204 -0.0011334612705674375 0.059332417791836178 -0.084488935528274578 0.030924311928143312
leaf_weight=32 31 30 24 30 21 25 35 22 32 20 27 28 34 29 22 31 20 33 38 20 33 23 24 25 30 25 24 30 21 29 23
leaf_count=32 31 30 24 30 21 25 35 22 32 20 27 28 34 29 22 31 20 33 38 20 33 23 24 25 30 25 24 30 21 29 23
internal_value=-0.000373134 0.00210674 -0.011478 0.00109971 -0.00425926 0.000274725 0.00666667 -0.00807087 -0.0107143 -0.00227273 0.0024223 0.00329615 0.0048153 0.00722997 0.0045122 0.00286885 -0.00175439 0.00174419 -0.00271739 -0.00833333 0.00896226 -0.0136364 0.00600775 0.0140244 0.0100877 -0.00462963 -0.00555556 0.00833333 0.00343137 -0.0168033 0.012963
internal_weight=871 712 159 682 135 91 60 127 105 44 547 493 379 287 205 183 114 86 92 54 53 44 129 82 57 54 54 105 51 61 54
internal_count=871 712 159 682 135 91 60 127 105 44 547 493 379 287 205 183 114 86 92 54 53 44 129 82 57 54 54 105 51 61 54
is_linear=0
shrinkage=0.05


Tree=73
num_leaves=32
num_cat=0
split_feature=6 6 6 14 6 12 45 5 36 17 46 39 7 41 39 35 0 46 17 39 41 8 33 9 9 2 40 10 46 41 47
split_gain=8.91405 7.1791 1.55708 1.88378 1.45709 2.28322 1.83024 1.72953 1.68746 1.55102 1.29739 1.225 1.20491 1.25239 2.04822 1.76961 1.37974 1.8424 1.68256 1.66276 1.51678 1.36687 1.6875 1.23457 2.29282 1.14687 1.08129 0.9605 0.857143 0.751111 0.703247
threshold=-1.2963704981227477 1.8406791414927781 -0.86066915928725829 -0.45157717275436821 -0.68638862375306242 -0.65249174111155672 -0.73798928436561095 -0.4029581047428607 -1.192330050079953 -0.36729102390789165 -0.65136090909499478 -0.25181035463869644 1.7069566070167557 0.13849349089787902 0.50422892729018753 -0.35495743324336698 1.0000000180025095e-35 0.48827749903166201 0.2008023464040605 -0.56607580850676353 -0.43625806341592827 -0.035982391276734159 -0.20353754356204748 -0.21088190291438599 1.0000000180025095e-35 0.69115694580119347 -0.95968236766011927 0.35662047805273672 0.16966891181345684 -0.50641846238809329 1.0000000180025095e-35
decision_type=2 2 2 2 2 2 2 2 2 2 2 2 2 2 2 2 2 2 2 2 2 2 2 2 2 2 2 2 2 2 2
left_child=-1 2 3 10 6 7 -4 -6 -7 11 -2 -9 13 14 16 -15 19 18 20 27 -18 22 -21 -17 -25 -26 -5 29 -23 -10 -8
right_child=1 -3 4 26 5 8 30 9 12 -11 -12 -13 -14 15 -16 23 17 -19 -20 21 -22 28 -24 24 25 -27 -28 -29 -30 -31 -32
leaf_value=-0.34265012000806794 0.011108748522654822 1.3676935339322456 -0.00026692126141796279 -0.089354040779338118 -0.064714025416424903 0.024267252137868667 0.013683990381745304 0.00030112770963270919 -0.0062979404548457298 0.0049398160214508382 -0.025673834836742061 -0.018442319681379615 -0.019100953291965084 0.042350859534786171 -0.009463333407910569 0.013682665331771204 0.018480156230589274 0.014639492346416462 -0.028444748437991052 0.025194849006611977 -0.0069532400744421359 0.029378096331737425 -0.0064322964212095712 -0.021201258348344257 -0.00052725137954325876 0.022929381513223036 -0.042615842511904846 -0.014309409472529922 0.034060165056231995 0.0084412360035997832 0.024752388815288386
leaf_weight=49 23 34 23 23 36 24 20 20 25 36 38 20 21 26 39 27 20 36 35 24 34 21 24 20 39 22 26 23 21 20 22
leaf_count=49 23 34 23 23 36 24 20 20 25 36 38 20 21 26 39 27 20 36 35 24 34 21 24 20 39 22 26 23 21 20 22
internal_value=-0.000200918 0.00103406 6.34518e-05 -0.00545455 0.000958702 0.000203915 0.00807692 -0.00625 0.00164671 -0.00197368 0.000409836 -0.00875 0.000995807 0.00153509 -0.00015528 0.00559701 0.00132509 -0.0026 -0.00646067 0.00443038 -0.000925926 0.00888889 0.003125 0.00277778 -0.000308642 0.0045082 -0.0127551 -0.00147059 0.0154762 0.00277778 0.0142857
internal_weight=871 822 788 110 678 613 65 112 501 76 61 40 477 456 322 134 283 125 89 158 54 90 48 108 81 61 49 68 42 45 42
internal_count=871 822 788 110 678 613 65 112 501 76 61 40 477 456 322 134 283 125 89 158 54 90 48 108 81 61 49 68 42 45 42
is_linear=0
shrinkage=0.05


Tree=74
num_leaves=32
num_cat=0
split_feature=6 6 45 46 17 2 7 48 33 37 35 33 5 8 33 20 33 46 39 46 37 44 44 46 41 44 39 11 9 0 44
split_gain=8.86472 7.18983 1.39793 1.89169 1.98161 1.90556 2.325 2.38115 1.8751 1.65861 2.53968 1.6684 1.96216 1.79711 1.64857 1.36111 1.26566 1.74526 1.64128 1.42857 1.27144 1.25375 1.12322 1.44104 1.03546 0.927536 0.879291 0.756164 1.19347 0.555886 0.369122
threshold=-1.2963704981227477 2.0149596770269742 -1.1297190405636146 -0.28373561615091197 -1.5034777645317958 -0.89849956672147124 -0.1102272586824143 1.0000000180025095e-35 -0.59576859608953681 1.1002376511589493 0.20955318348102395 -0.52755449999779958 -0.26744944428931333 0.78991710274002924 -1.0562137447087634 0.59761286216309129 1.2460119983873701 1.456357437117747 -0.12307853813724827 0.23093979397080397 -0.4322491253350112 -0.23737288185876229 0.36193477868107909 -0.65136090909499478 -0.17346191679573678 -0.66544978224436313 -0.68791131822790452 0.21417165095860605 -0.42075846645051956 1.0000000180025095e-35 -0.6165267079145802
decision_type=2 2 2 2 2 2 2 2 2 2 2 2 2 2 2 2 2 2 2 2 2 2 2 2 2 2 2 2 2 2 2
left_child=30 2 25 5 -5 8 14 -8 -4 11 -11 21 29 16 -7 -15 17 18 20 -20 -14 -6 23 -9 -22 -2 -16 28 -28 -13 -1
right_child=1 -3 3 4 9 6 7 22 -10 10 -12 12 13 15 26 -17 -18 -19 19 -21 24 -23 -24 -25 -26 -27 27 -29 -30 -31 -32
leaf_value=-0.2213540669183317 5.9554201287426173e-05 1.6834550097486074 -0.0068699103342233061 -0.009582940809562502 0.0032338173530376936 0.003205911455088284 -0.018145905627366687 0.016823800914600895 0.0099601636420501918 0.049503909306432094 0.0066447853781042461 -0.023714344075123961 -0.011527393703219958 0.0086486476353869086 -0.0068380274909571881 -0.014085022608506394 0.021515643140861587 -0.0038635593313259167 -0.0066307375714053764 0.0066585657396714742 0.042894989780197082 0.036017157263674451 0.027402317737598738 -0.0080093253188323384 0.0073475720375839161 0.023476917743101924 -0.053690409552378075 -0.065532572936726305 -0.015981434020216057 -0.050466014496802818 -0.35772633426731204
leaf_weight=23 23 30 38 38 31 26 39 23 25 20 36 27 21 20 26 25 21 28 20 36 37 26 24 21 22 25 27 27 39 21 26
leaf_count=23 23 30 38 38 31 26 39 23 25 20 36 27 21 20 26 25 21 28 20 36 37 26 24 21 22 25 27 27 39 21 26
internal_value=-0.000258324 0.000973236 6.31313e-05 -0.00047043 0.00168998 -0.0034127 -0.00535714 0.000233645 0.00436508 0.00274936 0.0107143 0.00141791 -0.000179856 0.00173913 -0.00948276 -0.00722222 0.00391892 0.00243902 0.00477941 -0.00178571 0.009375 0.00921053 0.00588235 0.00113636 0.0131356 0.00833333 -0.0119748 -0.0142473 -0.0113636 -0.009375 -0.0209184
internal_weight=871 822 792 744 429 315 252 107 63 391 56 335 278 230 145 45 185 164 136 56 80 57 68 44 59 48 119 93 66 48 49
internal_count=871 822 792 744 429 315 252 107 63 391 56 335 278 230 145 45 185 164 136 56 80 57 68 44 59 48 119 93 66 48 49
is_linear=0
shrinkage=0.05


Tree=75
num_leaves=32
num_cat=0
split_feature=32 30 3 41 35 7 11 0 10 44 8 14 30 46 8 16 13 45 17 43 46 17 4 11 41 3 33 38 42 35 36
split_gain=10.2541 7.46568 1.86004 1.48555 1.47876 2.07474 1.49592 2.3206 1.98044 1.37967 1.18641 1.78287 1.56093 1.74017 1.00368 1.32965 1.17921 1.13098 2.32306 1.65921 1.27344 1.41527 1.59489 1.23469 1.44823 1.00278 0.979592 0.971645 0.88658 0.832345 0.726923
threshold=-1.2340032704421391 2.1593594235820546 -2.0335172304629974 -0.99508507508017108 -1.0734254908925915 -0.042924152545408031 0.21417165095860605 -1.2485767956218454 -0.69586825717462975 0.092857869867272749 0.11887376385140898 1.0000000180025095e-35 0.39187777440660126 0.18192308824492626 -0.81026316691744971 -0.57982608422898385 0.99905156599205769 -0.45643352209829569 0.76889571671601276 0.65468481042758186 -0.33275232187678971 -0.70814704609506285 0.15921158975095148 -0.42981224328181145 -0.26380345863521631 0.2319176999979152 0.30806817712598228 0.3110750993630973 -0.48207886556128637 -1.2958084611173517 0.21509454322928637
decision_type=2 2 2 2 2 2 2 2 2 2 2 2 2 2 2 2 2 2 2 2 2 2 2 2 2 2 2 2 2 2 2
left_child=-1 2 -2 -4 5 29 7 9 -8 -6 12 27 13 28 15 -9 17 20 19 23 21 -16 -23 24 -19 30 -25 -12 -10 -5 -13
right_child=1 -3 3 4 6 -7 8 14 10 -11 11 25 -14 -15 16 -17 -18 18 -20 -21 -22 22 -24 26 -26 -27 -28 -29 -30 -31 -32
leaf_value=-0.31444991066174738 -0.025366762224447115 2.5431922567615062 0.035405376647838695 -0.0072582633152578069 0.014933472876640508 0.016926465181695962 -0.054258185363339352 -0.076476831088507433 0.0012505127636259772 -0.01683952372892179 0.036948725103558643 -0.0093817093960183243 -0.011527640167180664 0.031937060997735502 0.0061259151062287749 0.010084074124647202 0.00093182582950106512 -0.018127162129763976 0.011424485273403208 -0.02868289636690733 -0.024361026596396586 -0.042977641443426508 -0.0038411710223499543 -0.00032205210539402177 0.012111573714239654 0.055574052788036003 -0.018671595884032399 0.048925928736165504 -0.035309330924631864 0.025259899738979644 0.005395689334423537
leaf_weight=55 36 31 27 23 39 21 32 22 22 23 22 21 32 27 22 29 33 23 39 24 43 22 21 28 26 36 21 20 20 21 39
leaf_count=55 36 31 27 23 39 21 32 22 22 23 22 21 32 27 22 29 33 23 39 24 43 22 21 28 26 36 21 20 20 21 39
internal_value=-0.000444444 0.00091716 0 0.000514139 9.98668e-05 0.00730769 -0.00058309 -0.00246988 0.00230627 0.00645161 0.00387029 0.00688406 -0.000247525 0.00398551 -0.00403683 0.00245098 -0.00513245 -0.00622677 -0.00357143 -0.00696721 -0.0101852 -0.00576923 -0.0110465 -0.00408163 0.00153061 0.003125 -0.00969388 0.0154762 -0.00238095 0.00113636 -0.000833333
internal_weight=900 845 814 778 751 65 686 415 271 62 239 138 101 69 353 51 302 269 161 122 108 65 43 98 49 96 49 42 42 44 60
internal_count=900 845 814 778 751 65 686 415 271 62 239 138 101 69 353 51 302 269 161 122 108 65 43 98 49 96 49 42 42 44 60
is_linear=0
shrinkage=0.05


Tree=76
num_leaves=32
num_cat=0
split_feature=30 30 13 7 43 39 2 33 9 40 33 43 40 44 45 0 14 33 38 5 43 9 42 34 5 33 7 15 36 36 16
split_gain=9.74324 7.48928 2.05605 1.60838 1.63065 2.19001 2.38377 2.08406 2.46879 2.05027 1.69439 1.56045 1.80169 1.39524 1.39237 1.37963 1.34639 1.32803 1.66519 2.20062 1.58601 1.40931 1.32105 1.21093 2.28675 1.37775 1.00021 1.225 0.9 0.852788 0.812698
threshold=-1.3756038747688517 2.1593594235820546 -1.6013296382927136 -0.5140458955044519 -0.71080697433158491 -1.0136988246398522 -0.33600572382883614 0.80262037379107765 0.10393294238981436 0.82557301716306519 -0.52755449999779958 -0.35911117314243529 0.88232969124703942 1.1080116622102696 0.41271687446602551 0.74914607737310757 1.0000000180025095e-35 -1.0391602206858293 -0.26507171847654759 -0.63525866552037047 -0.56512602062984685 -0.52569674821858625 0.33623694753701211 1.0000000180025095e-35 -0.38359972467806824 0.035211792759033037 -0.71595521391547068 -0.17703185399375715 -0.38563546611002314 -0.31698060789981636 0.27467853458562591
decision_type=2 2 2 2 2 2 2 2 2 2 2 2 2 2 2 2 2 2 2 2 2 2 2 2 2 2 2 2 2 2 2
left_child=-1 2 -2 17 10 -6 11 8 23 14 -5 16 15 30 22 29 28 -4 19 20 -19 -20 -10 24 -8 -25 27 -23 -7 -13 -9
right_child=1 -3 3 4 5 6 7 13 9 -11 -12 12 -14 -15 -16 -17 -18 18 21 -21 -22 26 -24 25 -26 -27 -28 -29 -30 -31 -32
leaf_value=-0.58458932870458258 -0.062184763507296736 2.4160326439234296 0.015953022997182844 0.0017981542858791499 -0.021693515917137064 -0.017926269559605145 -0.020916941193105745 0.00070932943618160502 -0.010255196488019891 -0.0055730063389233921 0.050853355674639292 0.0084376625102791543 -0.0028591432844308432 -0.014538260536851056 0.043021617239821099 0.00071048742626373957 0.0067161789436404719 0.014134932179043602 -0.025421976766300248 -0.032742785801580965 -0.025942279083228215 -0.00049477425304473861 0.049072178974107317 -0.004029854474625694 0.0023591891025397161 -0.017798365719785637 -0.0055352763686379097 0.017132742709161874 0.0041641451886391678 0.033048284025228018 0.073921192157277466
leaf_weight=38 21 31 34 25 43 20 27 28 22 23 26 21 25 26 28 21 26 28 24 39 32 20 21 38 42 34 28 20 20 34 35
leaf_count=38 21 31 34 25 43 20 27 28 22 23 26 21 25 26 28 21 26 28 24 39 32 20 21 38 42 34 28 20 20 34 35
internal_value=-0.000222222 0.00087007 -3.00842e-05 0.00037037 0.00175214 0.00093633 0.00188391 -0.000617284 -0.00308511 0.00319149 0.0102941 0.00673653 0.0106436 0.00589888 0.00739437 0.0144737 0.000757576 -0.00322222 -0.00484293 -0.00934343 -0.00333333 0 0.00174419 -0.0072695 -0.00253623 -0.0118056 0.00367647 0.00875 -0.005 0.0186364 0.00992063
internal_weight=900 862 831 810 585 534 491 324 235 94 51 167 101 89 71 76 66 225 191 99 60 92 43 141 69 72 68 40 40 55 63
internal_count=900 862 831 810 585 534 491 324 235 94 51 167 101 89 71 76 66 225 191 99 60 92 43 141 69 72 68 40 40 55 63
is_linear=0
shrinkage=0.05


Tree=77
num_leaves=32
num_cat=0
split_feature=6 6 3 18 37 12 44 49 37 36 38 41 8 8 41 41 35 37 36 34 34 37 43 8 0 40 39 10 8 2 41
split_gain=10.4731 6.83064 2.47064 1.47 1.3389 1.08681 2.29834 2.1767 2.02997 1.47234 1.64 2.78757 1.35479 1.30214 2.44646 2.17429 1.65261 2.13207 1.57809 1.44793 1.36111 1.34615 1.20648 1.20308 1.18519 1.12667 1.61333 1.10218 0.942297 0.81542 0.693619
threshold=-1.2963704981227477 2.3199506142118169 -2.0335172304629974 -1.456050416618528 1.9870137072200611 0.64964035695520594 0.99793474496825774 0.23152548893966207 0.42869850190878672 0.57553254883287208 0.07101392526324514 -0.26380345863521631 0.73829838436398154 -0.39731341990906804 -0.45454778023684222 -0.78546148514003622 -0.25231913929347771 -0.44946807787988713 -0.042361175058989169 -0.74866926360534336 -1.1068651595671899 0.11875735610101944 -0.29139637177413474 0.11887376385140898 -1.0000000180025095e-35 -0.93560377865479694 -0.45826497713951442 1.0000000180025095e-35 0.11887376385140898 0.59944599315565505 -0.28171824574648002
decision_type=2 2 2 2 2 2 2 2 2 2 2 2 2 2 2 2 2 2 2 2 2 2 2 2 2 2 2 2 2 2 2
left_child=-1 2 -2 29 5 6 9 12 28 13 -11 -12 30 15 25 -5 21 -18 -19 20 -17 27 24 -8 -21 -15 -27 -16 -9 -4 -7
right_child=1 -3 3 4 -6 7 23 8 -10 10 11 -13 -14 14 16 19 17 18 -20 22 -22 -23 -24 -25 -26 26 -28 -29 -30 -31 -32
leaf_value=-0.26949794869343008 -0.023552718608364387 2.3452310117272588 0.029544378909791648 0.035034503300838085 -0.02397965928902579 0.0058213239971735223 -0.028311273265924086 -0.022048409372659707 0.013584130693399744 0.021972893936695926 0.043947470034158442 -0.011282097759323052 0.016113440928927504 -0.059166967357826651 0.0012393088984424595 -0.035335420854103461 -0.016653340293973428 0.023656656527573719 -0.0042829422141814179 -3.8762991604812672e-05 0.039030134148850953 -0.010075256752239171 0.0011429845639270297 -0.012184772981439097 -0.066403193222815557 -0.036379401627444706 0.016270555015233158 0.069535661177943103 -0.0024971516015710907 0.025201843490543753 0.049965618258271151
leaf_weight=55 36 29 23 33 25 22 36 21 31 32 20 47 28 25 31 20 27 37 20 27 25 20 29 25 27 30 20 23 30 20 26
leaf_count=55 36 29 23 33 25 22 36 21 31 32 20 47 28 25 31 20 27 37 20 27 25 20 29 25 27 30 20 23 30 20 26
internal_value=-0.000222222 0.00115385 0.000306373 0.000897436 0.000373134 0.000772472 -0.000270758 0.00443038 -0.00121951 0.000862069 0.00631313 0.00186567 0.0105263 -0.000507614 -0.002897 0.00295031 0.000632911 -0.00416667 0.00131579 0 0.00722222 0.00608108 -0.00391566 -0.00942623 -0.00833333 -0.0103333 -0.006 0.0101852 -0.00735294 0.00988372 0.015625
internal_weight=900 845 816 780 737 712 554 158 82 493 99 67 76 394 233 161 158 84 57 128 45 74 83 61 54 75 50 54 51 43 48
internal_count=900 845 816 780 737 712 554 158 82 493 99 67 76 394 233 161 158 84 57 128 45 74 83 61 54 75 50 54 51 43 48
is_linear=0
shrinkage=0.05


Tree=78
num_leaves=32
num_cat=0
split_feature=6 6 3 35 16 39 10 39 17 4 47 0 18 40 34 40 16 9 8 9 39 4 35 5 4 34 7 18 40 37 12
split_gain=10.4731 6.83064 1.51509 1.32931 1.55815 1.69708 1.96512 1.90431 1.61147 1.98547 1.62865 1.51554 1.6478 1.54768 3.07341 1.4632 1.56958 2.62976 1.3999 1.33632 1.82593 1.8006 1.47273 1.81894 1.25366 1.21205 1.18293 1.14231 0.867594 0.734408 0.439547
threshold=-1.2963704981227477 2.3199506142118169 -2.0335172304629974 -1.0392127262426285 -0.1126968926103306 -0.90259726508240767 0.64366286038747311 -0.12307853813724827 1.336989087027965 0.43840503353821986 0.2319176999979152 -1.2485767956218454 -0.29628932896307253 -0.4467224268860201 -0.62927063161806118 0.75677704857642991 -0.40892516046606198 -0.26335104379841939 -0.81026316691744971 -0.053474480262285844 -0.39456378845450496 0.066147108488528672 0.038489360231208476 0.79726145927427317 0.066147108488528672 -0.049334419108404935 -0.44674278936744566 0.28359121486465527 0.62950450669115454 0.42869850190878672 -0.13163890188485169
decision_type=2 2 2 2 2 2 2 2 2 2 2 2 2 2 2 2 2 2 2 2 2 2 2 2 2 2 2 2 2 2 2
left_child=-1 2 -2 26 11 6 -6 19 9 10 29 12 -5 18 -15 16 -16 -18 -13 21 22 -7 -21 -24 27 -12 -4 -20 -27 -9 -28
right_child=1 -3 3 4 5 7 -8 8 -10 -11 25 13 -14 14 15 -17 17 -19 24 20 -22 -23 23 -25 -26 28 30 -29 -30 -31 -32
leaf_value=-0.25602305125875802 -0.022375082677946523 2.2279694611408956 0.00027807461140412216 -0.0014907005620614202 0.00051078276704217271 -0.0029056025743500417 -0.03139663999803588 0.0015531487443752213 0.020770609314993749 -0.043897275607292841 0.012571690953911486 0.0033297417501870542 0.0096549907622645037 0.021175023114965087 0.0075138258462459362 -0.028981883236511408 -0.033819696908093277 0.0018099016078167553 -0.013834497633763477 0.039984210172627148 0.059196453555164653 0.0062896361779777978 -0.012108505573509377 0.051649084870752662 -0.0095198792269997057 -0.0094864396058589769 0.019029902532471967 -0.043644345733738987 -0.00019510140663072664 0.057780831900149113 0.0070328552244198761
leaf_weight=55 36 29 39 22 36 28 21 32 31 22 22 33 27 23 39 27 32 28 30 20 34 20 20 24 39 20 21 22 23 25 20
leaf_count=55 36 29 39 22 36 28 21 32 31 22 22 33 27 23 39 27 32 28 30 20 34 20 20 24 39 20 21 22 23 25 20
internal_value=-0.000222222 0.00115385 0.000306373 0.000769231 7.14286e-05 0.00224868 -0.00570175 0.00366044 0.000142857 -0.00208333 0.000409836 -0.00248447 0.00561224 -0.00393773 -0.000503356 -0.00357143 -0.000757576 -0.00583333 -0.00806452 0.00787671 0.0112245 0.00104167 0.00625 0.00113636 -0.0112637 -0.005 0.006875 -0.0163462 -0.00988372 0.00657895 0.0128049
internal_weight=900 845 816 780 700 378 57 321 175 144 122 322 49 273 149 126 99 60 124 146 98 48 64 44 91 65 80 52 43 57 41
internal_count=900 845 816 780 700 378 57 321 175 144 122 322 49 273 149 126 99 60 124 146 98 48 64 44 91 65 80 52 43 57 41
is_linear=0
shrinkage=0.05


Tree=79
num_leaves=32
num_cat=0
split_feature=6 6 13 11 39 0 36 36 45 20 42 35 42 45 45 49 4 9 45 45 49 17 14 12 37 4 11 40 36 3 20
split_gain=9.96293 6.82228 2.15293 1.39812 2.11109 2.0052 1.71778 2.30339 1.66456 2.25673 1.89577 1.61114 1.59593 1.68994 1.42487 1.30479 1.29868 1.39201 1.88709 1.66256 1.18931 2.22626 1.65365 1.22876 1.28484 1.2115 1.3824 1.17481 1.03125 1.0279 0.898574
threshold=-1.3835107658898458 2.3199506142118169 -1.6013296382927136 0.21417165095860605 1.1915679902685459 -1.2485767956218454 -1.2953123373952631 -0.69458232805595366 0.66978952697096561 1.3280285825846474 1.5909218943431098 -1.0734254908925915 1.0368023594760631 0.36375065494127501 -0.40746730257354519 0.23152548893966207 -0.49223977908600797 0.051463801505780955 -0.82368016853392423 -0.55436596114779657 0.23152548893966207 0.2008023464040605 1.0000000180025095e-35 -0.91291816072490928 -0.72497131859790243 0.25227607101337429 1.0000000180025095e-35 0.086016354856736491 0.28374940143949318 0.6850046860900979 0.33200714564616191
decision_type=2 2 2 2 2 2 2 2 2 2 2 2 2 2 2 2 2 2 2 2 2 2 2 2 2 2 2 2 2 2 2
left_child=-1 2 -2 5 8 14 -7 30 10 -10 12 -9 13 16 -4 -16 -5 18 -18 -19 23 29 -23 -13 -25 26 28 -20 -26 -22 -8
right_child=1 -3 3 4 -6 6 7 11 9 -11 -12 20 -14 -15 15 -17 17 19 27 -21 21 22 -24 24 25 -27 -28 -29 -30 -31 -32
leaf_value=-0.52908381227174317 -0.056780561289210142 2.1165709880838506 0.024401873526457507 -0.015515187252522367 -0.031168541539483386 0.01605373349426813 -0.03029667385132058 0.0075594318220026935 0.025334437042856452 -0.0034990657117461412 -0.006957152955060053 -0.012737308738666542 0.038516383512265412 -0.015682054192322426 0.0279520239857078 -0.0026762023120625146 -0.067484042518836426 0.040560850800031294 0.048574552908154801 -0.010444148793666841 -0.015604147841372651 -0.0084972879727764905 0.02000048039619742 0.022445493199745672 0.0066415607661660658 -0.015008277207165577 -0.0074572483638746696 0.0036588323801936442 0.00027833763079172514 -0.0092857248529945487 -0.0012310388650590199
leaf_weight=38 21 29 33 26 29 22 55 30 47 20 22 28 20 21 22 21 20 21 36 29 34 26 21 22 32 32 28 21 22 42 30
leaf_count=38 21 29 33 26 29 22 55 30 47 20 22 28 20 21 22 21 20 21 36 29 34 26 21 22 32 32 28 21 22 42 30
internal_value=5.55556e-05 0.00116009 0.000330132 0.000738916 0.00336538 -0.0009 -0.00224057 -0.00298507 0.00468198 0.0115672 0.0025463 -0.00102524 0.00412371 0.00258621 0.00657895 0.000581395 0.00441176 0.00649606 0.0107143 0 -0.0021777 -0.00589431 0.00265957 0.000609756 0.00257353 0.000438596 0.00365854 0.0153509 0.00833333 -0.0111842 -0.0102941
internal_weight=900 862 833 812 312 500 424 402 283 67 216 317 194 174 76 43 153 127 77 50 287 123 47 164 136 114 82 57 54 76 85
internal_count=900 862 833 812 312 500 424 402 283 67 216 317 194 174 76 43 153 127 77 50 287 123 47 164 136 114 82 57 54 76 85
is_linear=0
shrinkage=0.05


Tree=80
num_leaves=31
num_cat=0
split_feature=6 10 10 6 35 43 45 6 34 14 45 11 5 36 17 4 9 2 17 36 42 44 45 45 43 39 36 20 45 44
split_gain=10.0443 4.81157 1.89277 2.04473 1.78419 1.8633 1.98543 1.62 1.42338 1.41904 1.57937 1.62275 1.28131 2.36655 1.50069 1.6294 1.40248 1.32103 1.22116 1.77734 1.59906 1.4881 1.15346 1.87532 1.11243 0.910038 0.894825 0.796633 0.779221 0.707143
threshold=-1.3835107658898458 1.6004708015032609 -1.3656338159556811 -0.86066915928725829 -1.1589574025174993 -0.074933153090123855 1.600147697941225 1.7535388737256803 -0.23696084080270549 0.36312008047820415 0.57185708792146461 0.21417165095860605 0.27458519752487615 -0.69458232805595366 -0.14005367578311081 -0.3061108165611624 -0.21088190291438599 -0.37269010488705145 1.2233704129655745 1.0217891271992166 1.3613580870410473 0.50870400167042817 -0.86040483317748717 -0.2360855342369185 0.29563507680112466 -0.25032586600551648 0.12927597046652786 -0.73041572042155589 -0.19936086959335564 -0.43306517917789411
decision_type=2 2 2 2 2 2 2 2 2 2 2 2 2 2 2 2 2 2 2 2 2 2 2 2 2 2 2 2 2 2
left_child=-1 2 -2 22 -5 6 9 -3 24 12 11 27 13 16 15 -15 -6 -16 19 20 21 25 -4 29 -7 -10 -14 -11 -13 -24
right_child=1 7 3 4 5 8 -8 -9 18 10 -12 28 26 14 17 -17 -18 -19 -20 -21 -22 -23 23 -25 -26 -27 -28 -29 -30 -31
leaf_value=-0.40297031497443075 0.033170360597777913 0.021965717978849855 0.0041184605066092676 0.0096866384970574881 -0.0011240051536915985 0.014039200865458668 -0.010231662358431494 0.77920369367899411 0.0048901536124667192 0.00037221310543102961 0.02318260989686749 -0.0038939968491888523 -0.00093509109219525044 -0.051545796438137614 -0.0013748520778548825 0.0014408742791438556 -0.0094913211594317218 0.0098806517883730308 0.00788752822854164 0.010788784855046175 -0.033512489961242412 0.0061693857566048399 -0.075644814986300449 0.011803313666159455 0.0046085042812187282 -0.0053690039717366744 -0.014659433266959355 0.030917124512569671 -0.0055728364800842201 -0.055973453875817827
leaf_weight=39 23 25 28 34 31 27 20 25 22 28 24 20 25 20 27 38 28 39 28 37 25 30 35 22 36 32 32 27 22 20
leaf_count=39 23 25 28 34 31 27 20 25 22 28 24 20 25 20 27 38 28 39 28 37 25 30 35 22 36 32 32 27 22 20
internal_value=-0.000201381 0.000963855 0 -0.000429326 0.000613497 0 -0.00216535 0.016 0.00348101 -0.00131579 0.00309917 0.000257732 -0.00354167 -0.00150273 0.00241935 -0.00344828 -0.00974576 0.00757576 0.00114943 -0.000684932 -0.00389908 -0.000595238 -0.00690476 -0.0100649 0.00992063 -0.00555556 -0.0100877 0.00590909 -0.00714286 -0.015
internal_weight=869 830 780 757 652 618 381 50 237 361 121 97 240 183 124 58 59 66 174 146 109 84 105 77 63 54 57 55 42 55
internal_count=869 830 780 757 652 618 381 50 237 361 121 97 240 183 124 58 59 66 174 146 109 84 105 77 63 54 57 55 42 55
is_linear=0
shrinkage=0.05


Tree=81
num_leaves=32
num_cat=0
split_feature=6 6 10 43 43 9 14 45 7 45 20 11 3 13 34 40 10 33 12 0 14 33 15 48 43 37 35 15 45 45 9
split_gain=10.0443 4.61493 1.81687 1.94217 1.80019 3.55159 1.85192 1.58914 1.69864 1.87483 1.56475 1.41156 1.54412 1.39198 1.1405 1.14872 1.09632 1.55775 2.14372 2.36539 1.73505 1.5248 1.33955 1.28844 1.53668 1.06549 0.888942 0.882486 0.734756 1.09984 0.677352
threshold=-1.3835107658898458 2.1020999447940723 -1.3656338159556811 -0.074933153090123855 0.70825363745065595 -0.10594362114631924 -0.45157717275436821 1.600147697941225 -0.58134900164145809 0.77996352090165422 1.4608314408431122 0.53616359807881486 -0.6742562721864499 1.0000000180025095e-35 0.85468379450958887 0.10665514543272715 0.35662047805273672 0.20574703298837629 0.64964035695520594 -1.0000000180025095e-35 -0.45157717275436821 0.5297639894241285 -0.40030793221833455 -0.6742562721864499 -0.36360886266715831 -0.98325560677104185 0.072702124881171573 1.0000000180025095e-35 -0.86040483317748717 -0.3217764184052318 -0.21088190291438599
decision_type=2 2 2 2 2 2 2 2 2 2 2 2 2 2 2 2 2 2 2 2 2 2 2 2 2 2 2 2 2 2 2
left_child=-1 2 -2 7 10 6 -6 8 25 16 11 12 -5 -13 15 -14 17 18 19 22 -21 -19 -10 -18 -25 -4 -7 28 -27 -30 -22
right_child=1 -3 3 4 5 26 -8 -9 9 -11 -12 13 14 -15 -16 -17 23 21 -20 20 30 -23 -24 24 -26 27 -28 -29 29 -31 -32
leaf_value=-0.38282179922570947 0.031511842567888949 1.0419420184649368 0.0073475408273750986 -0.0031447239086304537 -0.00025325240265061666 0.0099263580623741646 -0.032038759411177155 -0.007960269742247306 0.00041539715202674191 0.019832507657611131 -0.0042786909688487642 0.065704213050470625 0.0051285453319849239 0.00797550988507254 -0.001736293794128585 0.022010890252095551 -0.022291542533853459 -0.012540667863785871 0.030680380493461713 0.0030393406483156583 -0.0073279218675672553 0.00064756703931507793 0.017897356852046187 0.0036282000797868367 -0.011062266759145701 -0.0091936808734416793 0.0019331680188315659 -0.00035327568544545333 -0.079253289927932263 -0.0096838940213260123 -0.017833170657544885
leaf_weight=39 23 27 23 20 21 20 26 21 37 31 33 21 35 26 20 30 22 28 22 35 20 34 29 41 31 21 32 27 28 25 21
leaf_count=39 23 27 23 20 21 20 26 21 37 31 33 21 35 26 20 30 22 28 22 35 20 34 29 41 31 21 32 27 28 25 21
internal_value=-0.000201381 0.000963855 0.000280199 -0.000128205 0.00316901 -0.00227273 -0.012234 -0.00201613 -0.00142105 0.000356125 0.00608108 0.00822368 0.005 0.0154255 0.00794118 0.0111538 -0.00078125 0.00110619 0.00365854 0.00140845 -0.00460526 -0.00564516 0.00833333 -0.00531915 -0.00208333 -0.00645161 0.00673077 -0.00866337 -0.0114865 -0.0146226 -0.0115854
internal_weight=869 830 803 780 284 99 47 496 475 351 185 152 105 47 85 65 320 226 164 142 76 62 66 94 72 124 52 101 74 53 41
internal_count=869 830 803 780 284 99 47 496 475 351 185 152 105 47 85 65 320 226 164 142 76 62 66 94 72 124 52 101 74 53 41
is_linear=0
shrinkage=0.05


Tree=82
num_leaves=32
num_cat=0
split_feature=6 6 44 37 35 38 5 4 34 17 40 7 37 37 33 12 44 17 8 11 40 8 13 39 6 33 36 38 36 8 5
split_gain=9.99778 4.64232 1.57201 1.73571 1.66675 2.75058 1.51288 1.78639 1.69034 1.43447 3.38 1.67349 1.74786 2.85132 1.66162 1.38613 1.2278 1.51704 1.19729 1.65572 1.57322 1.29673 1.37159 1.19048 1.1733 1.1506 1.02433 0.972222 0.927536 0.75 0.692873
threshold=-1.3835107658898458 2.1020999447940723 -0.4208344105954484 -0.77662817623253033 0.19244680115604237 -0.079881669885233195 -0.75140894590912533 1.0000000180025095e-35 -0.69749842132507955 -1.3898590904694055 0.18233071087802583 0.42819759041363598 -0.3289354100657555 -0.50112493551451498 -0.62987564413540542 -0.91291816072490928 0.53316553883531947 0.88251439077840321 -0.86188188529349741 0.85815554519902371 -0.10833225640050799 1.0000000180025095e-35 -0.40115369785358845 -0.29468721439550855 -0.076406749383376896 -0.23764459160791609 -0.98636547544933262 0.3865228969373366 0.31807683054459662 -0.13921982802882954 0.62303603869114088
decision_type=2 2 2 2 2 2 2 2 2 2 2 2 2 2 2 2 2 2 2 2 2 2 2 2 2 2 2 2 2 2 2
left_child=-1 2 3 15 5 6 8 -8 23 10 -4 12 13 24 -14 -2 30 28 -16 20 -20 22 -22 -5 25 -11 -17 -6 -18 -28 -13
right_child=1 -3 9 4 27 -7 7 -9 -10 11 -12 16 14 -15 18 26 17 -19 19 -21 21 -23 -24 -25 -26 -27 29 -29 -30 -31 -32
leaf_value=-0.36368070926442331 -0.035463996566733158 0.98984491754168857 0.0060033256491905723 0.0036441564893138437 0.016428086145322852 -0.015209606124784614 -0.0016580337532573709 0.0071829053507542545 -0.057876031804288179 0.0032297606782222491 -0.016125546934770797 0.011138745068706157 0.017002489009443879 0.026563648656629371 0.0034290377695725739 -0.034787089328478515 0.00024607622801653406 -0.0092799818973730904 -0.040482498624326985 0.0031375490628050787 -0.021225129103248721 -0.0050637238164284787 0.0023216406074823225 -0.045924344433174724 0.022734594521801911 -0.019255209224355953 0.0084153669520233617 -0.0013268793315646121 0.078913075425447232 0.0053028986635965227 0.047343027305007016
leaf_weight=39 25 27 25 27 28 29 29 32 23 27 25 30 33 21 20 22 23 27 33 28 21 37 25 21 22 24 28 35 25 21 37
leaf_count=39 25 27 25 27 28 29 29 32 23 27 25 30 33 21 20 22 23 27 33 28 21 37 25 21 22 24 28 35 25 21 37
internal_value=-0.000258918 0.000903614 0.000217933 -0.0025 -0.00491071 -0.0076087 -0.00454545 0.00122951 -0.00950704 0.00201863 -0.006 0.00294457 0.000773196 0.00638298 -0.00190355 0.003125 0.00739437 0.003 -0.00396341 -0.00555556 -0.00818966 -0.00451807 0.00108696 -0.00416667 0.00171233 -0.00245098 0.00669014 0.00198413 0.00833333 0.0107143 0.0123134
internal_weight=869 830 803 320 224 161 132 61 71 483 50 433 291 94 197 96 142 75 164 144 116 83 46 48 73 51 71 63 48 49 67
internal_count=869 830 803 320 224 161 132 61 71 483 50 433 291 94 197 96 142 75 164 144 116 83 46 48 73 51 71 63 48 49 67
is_linear=0
shrinkage=0.05


Tree=83
num_leaves=32
num_cat=0
split_feature=6 6 10 43 45 33 40 17 11 37 8 45 33 43 43 15 45 34 34 49 44 44 43 6 11 45 44 34 43 46 44
split_gain=9.72072 4.69868 1.9158 1.3088 1.9883 1.38562 2.69097 1.71297 1.71009 1.58384 1.32397 2.01004 1.29551 1.20993 1.18351 1.71063 1.39841 1.58702 1.77355 1.66772 1.28754 1.20066 1.55575 1.36183 1.09724 1.38671 1.03068 1.03052 0.860938 0.816356 1.08
threshold=-1.3835107658898458 2.3199506142118169 -1.3656338159556811 -0.074933153090123855 1.6613554723471631 0.63208513356173446 0.65358309569647688 -0.14005367578311081 0.53616359807881486 0.22207107137027524 0.78991710274002924 0.91462062459471805 1.1436908542497644 0.37153294993889602 -0.71080697433158491 -0.40030793221833455 0.77996352090165422 0.25769063457317792 -0.066391366535159521 1.0000000180025095e-35 0.068396332702381268 -0.677680550826809 -0.43822276913890784 -0.59924835598596438 -0.42981224328181145 -0.60333218067254712 -0.33521903051832819 -0.42458726249700601 -0.38307919365707022 -0.65136090909499478 0.12955017561460999
decision_type=2 2 2 2 2 2 2 2 2 2 2 2 2 2 2 2 2 2 2 2 2 2 2 2 2 2 2 2 2 2 2
left_child=-1 2 -2 4 14 6 8 -8 9 13 11 12 -7 -5 15 -4 17 18 21 -19 -21 24 23 -23 -16 -26 -11 -25 -20 -24 -31
right_child=1 -3 3 5 -6 10 7 -9 -10 26 -12 -13 -14 -15 16 -17 -18 19 28 20 -22 22 29 27 25 -27 -28 -29 -30 30 -32
leaf_value=-0.34549667380120186 0.029515482091893832 1.82019290719538 0.016691094089836156 0.017647364259609333 -0.0096789731066856191 0.044739676753881241 -0.01735278729964378 0.0030682726443117762 0.035948046996155371 -0.023523560788041211 -0.0016762826894279215 0.026911757248140589 -0.00096353585324493451 -0.0021527103797382096 -0.0015822890509248567 -0.0014775904259444418 0.0088541644074368268 -0.0084117919660016589 -0.010230368093418464 0.00060357154855097408 0.067378327001111418 -0.02822215305243745 0.0065063406832663873 0.018645121806619615 -0.064628184161469454 -0.00076170765997005683 0.0047006661769074757 0.0038629093317389621 -0.0065676786661128979 -0.015439388972828995 0.00033950673059734982
leaf_weight=39 23 23 33 29 20 22 32 21 31 23 32 23 25 26 36 40 36 22 30 38 23 26 26 22 25 21 21 20 31 30 20
leaf_count=39 23 23 33 29 20 22 32 21 31 23 32 23 25 26 36 40 36 22 30 38 23 26 26 22 25 21 21 20 31 30 20
internal_value=-0.000604143 0.000542169 -9.29368e-05 -0.000510204 -0.00205411 0.00219298 -0.000409836 -0.00990566 0.00346154 0.000252525 0.00686275 0.0107143 0.00478723 0.00590909 -0.00140919 0.00445205 -0.00246305 -0.00337838 -0.00513937 0.00271084 0.00696721 -0.00309735 -0.000347222 0.00514706 -0.00792683 -0.0130435 -0.00681818 0.0107143 -0.0127049 -0.00526316 -0.009
internal_weight=869 830 807 784 499 285 183 53 130 99 102 70 47 55 479 73 406 370 287 83 61 226 144 68 82 46 44 42 61 76 50
internal_count=869 830 807 784 499 285 183 53 130 99 102 70 47 55 479 73 406 370 287 83 61 226 144 68 82 46 44 42 61 76 50
is_linear=0
shrinkage=0.05


Tree=84
num_leaves=32
num_cat=0
split_feature=6 6 10 20 5 44 10 5 5 41 41 46 44 15 44 0 49 9 40 15 16 20 17 20 33 41 36 44 8 33 8
split_gain=6.55404 5.00847 1.54984 1.01329 2.03059 1.86123 1.667 1.5844 1.73804 1.08628 1.10464 1.66042 1.6406 1.40675 1.38663 1.87953 1.81171 2.48151 1.9015 1.55421 1.86667 1.48237 1.73267 1.48783 1.24381 1.00005 0.913043 0.894089 0.859091 0.726524 0.714706
threshold=-1.3835107658898458 2.3199506142118169 -1.3656338159556811 1.3280285825846474 0.91341173966302813 -0.12729596461675061 0.26093968394115796 1.0489204001165755 1.4748047615420101 1.7668058869412049 0.13849349089787902 -0.60234420336911709 0.41085785301086208 0.26952030245539771 0.75331937331934296 1.0000000180025095e-35 0.23152548893966207 -0.57816588910261968 -0.22356550378312215 -1.0701361668920668 -0.29499121129078065 -1.328028582584647 1.1097517389031843 0.33200714564616191 0.15458646091957332 -0.48938421752248479 1.0000000180025095e-35 -0.22514211327631653 1.0000000180025095e-35 -0.83451793241061734 -0.7070257301653543
decision_type=2 2 2 2 2 2 2 2 2 2 2 2 2 2 2 2 2 2 2 2 2 2 2 2 2 2 2 2 2 2 2
left_child=-1 2 -2 4 9 -5 -6 -7 -9 10 14 -12 13 -13 16 -16 17 -4 21 -18 -21 -19 23 29 -20 -22 28 -28 -27 -23 -25
right_child=1 -3 3 5 6 7 -8 8 -10 -11 11 12 -14 -15 15 -17 19 18 24 20 25 22 -24 30 -26 26 27 -29 -30 -31 -32
leaf_value=-0.32822184011114219 0.028039707987299781 1.7291832618356098 -0.028986538520867102 0.0094467507702248113 -0.00029992349375191908 -0.013220386478150915 0.09473531789437005 0.016354299195950262 -0.0075744896089901207 -0.018271884935953154 0.0204315211661978 0.0048136467474016349 0.047651627624257745 -0.012760656178352293 -0.02761745450598312 0.00042231681652751265 0.011181874817972927 -0.012295473164618898 0.023173253982221809 -0.038039164591524614 0.0095871509150789805 0.023306933065427415 -0.0015771347432817608 0.0022797765309704233 0.00058114124755945793 -0.0085643182974578739 -0.0073149355639301923 -0.0033030424537614069 0.0092300707432585224 0.0032944036632905241 -0.0092896331883835625
leaf_weight=39 23 23 30 20 21 34 27 20 21 23 25 26 36 21 38 24 23 29 37 48 28 23 27 20 27 20 21 29 22 30 34
leaf_count=39 23 23 30 20 21 34 27 20 21 23 25 26 36 21 38 24 23 29 37 48 28 23 27 20 27 20 21 29 22 30 34
internal_value=-0.00112198 -0.000180723 -0.000836431 -0.00121173 -0.000544267 -0.00605263 0.009375 -0.00966667 -0.00304878 -0.00128705 -0.000889968 0.0037037 0.000301205 -0.00585106 -0.00186275 -0.00887097 -0.000892857 0.00184825 0.00363436 -0.00458115 -0.00625 0.000766871 0.00298507 0.00584112 0.0109375 -0.00291667 -0.00543478 -0.01 0 0.0117925 0
internal_weight=869 830 807 784 689 95 48 75 41 641 618 108 83 47 510 62 448 257 227 191 168 163 134 107 64 120 92 50 42 53 54
internal_count=869 830 807 784 689 95 48 75 41 641 618 108 83 47 510 62 448 257 227 191 168 163 134 107 64 120 92 50 42 53 54
is_linear=0
shrinkage=0.05


Tree=85
num_leaves=32
num_cat=0
split_feature=6 6 39 45 39 35 45 15 5 10 39 7 14 45 35 37 43 48 2 10 16 40 42 43 37 8 45 11 17 6 2
split_gain=8.6185 5.24448 1.65622 1.51728 1.35289 1.98494 1.69017 1.70156 1.6107 1.60448 1.54902 1.79884 1.55427 1.51392 1.40076 2.79625 1.29085 1.34043 1.2093 1.63333 1.17589 1.59771 2.9697 2.24823 1.7398 1.12058 0.971111 0.927198 0.883221 0.666667 0.655185
threshold=-1.3835107658898458 2.450661015862464 0.26221678054525449 1.1716932770996582 -0.54140648875751818 -0.42338296254329316 -0.77471394900917379 -1.0701361668920668 0.75854469914468825 1.2177476250569459 -0.74642428223295554 -0.37943968323043936 -0.45157717275436821 -1.1297190405636146 0.055595742556190021 -0.36337331515550736 -0.43822276913890784 1.5911786582744634 -0.43383073998407701 -0.60018746306305093 -0.46589213505370264 0.010340789411437823 1.0170123760879548 -0.13162075223729672 0.067100498466391559 0.27372991897955212 -0.3707426379299823 1.0000000180025095e-35 0.76889571671601276 1.0000000180025095e-35 -0.5194276291199128
decision_type=2 2 2 2 2 2 2 2 2 2 2 2 2 2 2 2 2 2 2 2 2 2 2 2 2 2 2 2 2 2 2
left_child=-1 2 4 16 5 10 13 -8 14 20 12 -12 -2 -6 15 -7 -4 18 19 -18 -9 25 23 24 -23 27 -20 -22 -28 -16 -15
right_child=1 -3 3 -5 6 8 7 9 -10 -11 11 -13 -14 30 29 -17 17 -19 26 -21 21 22 -24 -25 -26 -27 28 -29 -30 -31 -32
leaf_value=-0.40806074810558501 0.010405259641443365 2.3366117987172204 0.0062290374989331099 0.010902994971633008 0.016677498266877679 -0.066148284286492762 0.022359127068910568 -0.019624990551000823 0.023720331923833982 0.046200461783691082 -0.033070071883619788 0.0099431025676807398 0.0039458732264151314 -0.057367278774641761 -0.012807580495083926 0.0085703735930025005 -0.036149345650452601 0.0063830814378874837 -0.00084477389354020715 0.005000985427370353 0.0078998748465245686 -0.0087620628891265546 0.041325075443417347 -0.0051107382232885362 0.0064424535180783952 0.00061438277811163297 -0.014942877035079506 0.0013840848415796359 -0.0043853069544553596 -0.0078592552490178488 -0.0038702821692353953
leaf_weight=39 33 21 25 36 20 29 26 28 34 23 20 21 40 21 27 37 24 20 26 30 28 20 27 26 26 22 49 24 22 27 23
leaf_count=39 33 21 25 36 20 29 26 28 34 23 20 21 40 21 27 37 24 20 26 30 28 20 27 26 26 22 49 24 22 27 23
internal_value=-0.000743707 0.000329341 -0.000307125 -0.00387931 0.00111684 -0.00149254 0.00334395 0.0052 -0.00519481 0.00379464 0.00350877 -0.00426829 0.00787671 -0.00390625 -0.00791667 -0.0030303 -0.00561224 -0.00716374 -0.00877483 -0.00277778 0.00236318 0.00390173 -0.000252525 -0.00555556 0.00108696 0.00945946 -0.0121134 0.0134615 -0.0151408 -0.0138889 -0.00909091
internal_weight=874 835 814 232 582 268 314 250 154 224 114 41 73 64 120 66 196 171 151 54 201 173 99 72 46 74 97 52 71 54 44
internal_count=874 835 814 232 582 268 314 250 154 224 114 41 73 64 120 66 196 171 151 54 201 173 99 72 46 74 97 52 71 54 44
is_linear=0
shrinkage=0.05


Tree=86
num_leaves=32
num_cat=0
split_feature=6 6 43 5 35 5 45 7 34 43 17 5 10 35 42 35 6 10 7 16 0 0 45 45 41 17 44 43 41 41 48
split_gain=6.99286 5.39655 1.80199 1.56709 1.77272 1.75474 2.43098 1.55443 1.50752 1.51604 2.06108 1.76061 1.37733 1.78359 1.77924 0.992063 0.988276 1.19288 0.92632 1.25367 2.25408 1.73807 1.57119 1.92599 1.27225 1.23454 1.21165 1.14687 0.819398 0.752477 0.689307
threshold=-1.4706510336569438 2.450661015862464 -0.39666637406599436 0.81661983933906568 -1.2273829318174254 1.1844290605701229 0.91462062459471805 0.89931933337268 -0.28813168308296927 -0.074933153090123855 -0.36729102390789165 -0.88691760636267269 -0.31314508072831471 -0.3720638155683485 0.59152773324361529 0.99644677043017504 -0.25068728491757275 0.45230127216431554 0.89931933337268 -0.10130349769280246 0.74914607737310757 0.74914607737310757 -0.70126461972204801 -1.0562697112764889 -0.63994766819357463 -0.5945283720326725 -0.50644979067256857 -0.63717372058869326 -0.3716077486400981 0.30266773341307868 0.6850046860900979
decision_type=2 2 2 2 2 2 2 2 2 2 2 2 2 2 2 2 2 2 2 2 2 2 2 2 2 2 2 2 2 2 2
left_child=-1 2 18 4 -4 15 -7 8 9 11 -11 -6 13 -10 -15 -5 -14 -18 19 21 26 22 23 -2 -23 -24 -21 -27 -28 -12 -13
right_child=1 -3 3 5 7 6 -8 -9 12 10 29 30 16 14 -16 -17 17 -19 -20 20 -22 24 25 -25 -26 27 28 -29 -30 -31 -32
leaf_value=-0.55747021070030633 -0.0037202107003068367 2.2197812087813591 0.018583797199219987 0.042182281645985142 -0.062855703809739802 -0.015675812489767793 0.044586184805199741 0.026466507218336235 -0.062472901076623094 0.016105281384939475 0.0019744314974744271 0.0011381240840677264 -0.0074264641711479845 0.017096712428184446 -0.0019005608075175929 -0.00024175432101571916 -0.0095905931566356642 -0.0033052405726550662 -0.0014038083914499567 -0.0083830613635477395 0.042593930862730646 -0.053498857446790282 0.02003491049675148 0.026525529855902619 8.4656915528569254e-05 -0.028260703374919417 0.014101766012074536 0.00032197929363206871 -0.0041788234251221466 -0.026902457861499585 -0.0031262722025246605
leaf_weight=29 23 21 27 36 23 32 22 39 22 22 23 26 23 33 23 20 50 39 25 24 28 28 27 34 27 22 26 39 20 20 21
leaf_count=29 23 21 27 36 23 32 22 39 22 22 23 26 23 33 23 20 50 39 25 24 28 28 27 34 27 22 26 39 20 20 21
internal_value=-0.000858124 -2.95858e-05 -0.000667476 -0.00254491 -0.00402813 0.00272727 -0.0037037 -0.00494505 -0.00607692 -0.00203704 0.00346154 -0.00714286 -0.00894737 -0.00384615 0.000892857 0.00892857 -0.0125 -0.0148876 0.00224458 0.00302013 0.00765306 0.00075 0.00362069 0.0100877 -0.00681818 -0.000568182 0.00285714 -0.0045082 0.0076087 -0.00290698 -0.00159574
internal_weight=874 845 824 501 391 110 54 364 325 135 65 70 190 78 56 56 112 89 323 298 98 200 145 57 55 88 70 61 46 43 47
internal_count=874 845 824 501 391 110 54 364 325 135 65 70 190 78 56 56 112 89 323 298 98 200 145 57 55 88 70 61 46 43 47
is_linear=0
shrinkage=0.05


Tree=87
num_leaves=32
num_cat=0
split_feature=6 6 35 36 2 44 8 42 6 8 8 12 0 45 35 35 15 2 17 16 45 42 34 16 43 17 46 38 13 16 42
split_gain=7.09264 5.32027 1.38843 2.1217 2.37754 2.14558 1.75425 1.96568 1.73146 2.95468 2.03521 1.98826 1.66736 1.7398 1.67187 1.6478 1.53859 1.47616 2.18939 1.42453 1.35941 1.09381 3.39121 2.36862 1.75317 1.36111 1.07599 0.915719 0.9 0.871111 0.848529
threshold=-1.4706510336569438 2.450661015862464 -0.62865955044307154 -0.38563546611002314 -0.36046197786764633 -0.56760363358479726 0.68667966598793384 -0.3128745075929561 -0.94780942705435633 -0.7070257301653543 -0.035982391276734159 0.38921393734185333 -1.0000000180025095e-35 0.91462062459471805 0.56878721230563645 -1.0734254908925915 0.26952030245539771 -0.70284953441098941 0.65527704265362241 0.12656440065776017 -0.3707426379299823 0.87452449569357082 0.90585463678985267 -0.26081102653819627 -0.30000087309080403 -0.14005367578311081 -0.33275232187678971 0.20819173903458926 0.39896359577249502 -0.16966386719797125 -1.0114609211931962
decision_type=2 2 2 2 2 2 2 2 2 2 2 2 2 2 2 2 2 2 2 2 2 2 2 2 2 2 2 2 2 2 2
left_child=-1 2 8 5 17 26 7 20 15 30 11 -11 13 14 16 -2 -6 18 -5 29 -7 23 -23 -14 -25 -26 -4 -19 -16 -12 -10
right_child=1 -3 3 4 12 6 -8 -9 9 10 19 -13 21 -15 28 -17 -18 27 -20 -21 -22 22 -24 24 25 -27 -28 -29 -30 -31 -32
leaf_value=-0.52959670016529115 0.010539330146654181 2.108792148342292 -0.019583397524905878 0.0098309097899843337 -0.0067917818038054634 -0.011363590892484156 0.013388410884633118 -0.0074101160823140336 0.02770467384328015 -0.028293383405355855 0.0044720028303004257 0.00081760775906900571 0.022865016522203518 0.002730275545876282 -0.0045133746033670262 -0.058692734343664205 0.013841369189364627 0.032444340406982519 -0.031148905502369928 -0.00068413429983991145 0.011030582375823883 0.032222626797607748 -0.0038628168401146469 0.00037520319468313805 -0.025343442052302125 -0.0021913292856737599 -0.063556016424256262 0.019324953273046931 -0.01578282606276531 0.013992647948475679 0.010877922357799719
leaf_weight=29 22 21 34 55 39 20 23 40 23 50 20 21 23 31 20 27 27 26 20 26 21 38 28 35 20 25 23 20 20 25 22
leaf_count=29 22 21 34 55 39 20 23 40 23 50 20 21 23 31 20 27 27 26 20 26 21 38 28 35 20 25 23 20 20 25 22
internal_value=-0.000686499 0.000147929 -0.000485437 -0.00178571 5.8548e-05 -0.00667702 -0.00240385 -0.0058642 0.00275424 0.00494652 0.00140845 -0.00457746 -0.00228758 -0.00638686 -0.00943396 -0.00561224 -0.00454545 0.00599174 0.00166667 0.00739437 0.00182927 0.0010355 0.00606061 -0.00218447 -0.00625 -0.0127778 -0.0144737 0.0130435 -0.0175 0.0127778 0.0161111
internal_weight=874 845 824 588 427 161 104 81 236 187 142 71 306 137 106 49 66 121 75 71 41 169 66 103 80 45 57 46 40 45 45
internal_count=874 845 824 588 427 161 104 81 236 187 142 71 306 137 106 49 66 121 75 71 41 169 66 103 80 45 57 46 40 45 45
is_linear=0
shrinkage=0.05


Tree=88
num_leaves=32
num_cat=0
split_feature=6 10 2 46 38 10 42 40 6 39 41 39 17 20 47 47 7 20 39 17 39 33 33 43 34 8 33 7 13 13 0
split_gain=7.2605 3.13373 1.45653 2.64449 2.39076 2.31034 1.70268 1.63204 1.7769 1.65931 1.57976 2.54846 1.65513 1.50885 1.40164 1.85849 1.35648 1.59516 1.76228 1.33359 1.62371 1.40727 1.72044 1.26801 1.6539 1.21 1.01185 0.9 0.898068 0.832035 0.78652
threshold=-1.4706510336569438 2.7486403308422065 -0.33600572382883614 1.1745113791939501 -1.0126908035303723 -0.79154905128620856 -0.43755140293804146 -0.63978111373226498 -0.86066915928725829 -0.36667108193857273 -0.7361243244966823 -0.92531805088239072 -1.2762404164070149 0.33200714564616191 -1.5804302443708151 1.0000000180025095e-35 -0.64865210777846449 -0.33200714564616179 -0.17290331375607845 1.336989087027965 0.4585637681603571 -0.084162875401507228 0.56387103746999712 -0.17682039702364635 1.025253268777135 1.0000000180025095e-35 -0.62987564413540542 -0.042924152545408031 0.19893427236597411 -0.60118302126010925 -1.0000000180025095e-35
decision_type=2 2 2 2 2 2 2 2 2 2 2 2 2 2 2 2 2 2 2 2 2 2 2 2 2 2 2 2 2 2 2
left_child=-1 2 3 6 -4 -6 7 8 9 -2 28 -12 -13 -10 -14 23 29 18 -18 20 21 -17 -23 27 -25 -22 -15 -16 -7 -8 -19
right_child=1 -3 4 -5 5 10 16 -9 13 -11 11 12 14 26 15 19 17 30 -20 -21 25 22 -24 24 -26 -27 -28 -29 -30 -31 -32
leaf_value=-0.50311686515702692 0.0030508621851140561 1.3319492159517865 0.027779864583459359 0.035229255320714969 -0.049703267795233333 0.014151641707238129 0.002579515675584787 -0.020762083355797503 0.0037399113398635109 -0.058773070782990544 -0.020050063269358986 -0.017917316350956013 -0.0041730705246543209 -0.049820356349046337 0.010466613047663033 0.010285456293769358 0.020159693464125897 0.028696243812308356 -0.0068683077672858422 0.033222625209275235 -0.015567975219616415 -0.0094945568726174656 0.018443532020646105 0.069424571144475075 0.00046533781834341427 -0.007891434934266783 0.0037882179627921177 -0.010560018079580402 -0.00052352031994686856 -0.017046915219265914 0.0028154103395763744
leaf_weight=29 39 20 20 20 35 23 20 26 58 30 30 42 28 21 20 35 31 21 36 20 20 35 31 29 24 25 20 20 22 22 22
leaf_count=29 39 20 20 20 35 23 20 26 58 30 30 42 28 21 20 35 31 21 36 20 20 35 31 29 24 25 20 20 22 22 22
internal_value=-0.000400458 0.000443787 -3.0303e-05 0.0023224 -0.00190632 -0.00267654 0.00130058 -0.00180412 0 -0.00615942 -0.00160891 -0.00271588 -0.00144377 0.00429293 -8.7108e-05 0.00106178 0.00526316 0.00818182 0.00335821 -0.00210843 -0.00376712 -0.000247525 -0.00454545 0.00672043 0.0117925 -0.0116667 -0.00304878 0 0.00722222 -0.00238095 0.0156977
internal_weight=874 845 825 366 459 439 346 194 168 69 404 359 329 99 287 259 152 110 67 166 146 101 66 93 53 45 41 40 45 42 43
internal_count=874 845 825 366 459 439 346 194 168 69 404 359 329 99 287 259 152 110 67 166 146 101 66 93 53 45 41 40 45 42 43
is_linear=0
shrinkage=0.05


Tree=89
num_leaves=32
num_cat=0
split_feature=6 6 47 48 47 44 10 10 47 46 34 37 12 2 6 46 44 6 6 33 14 2 11 10 7 43 33 44 2 4 2
split_gain=7.22677 1.9619 1.64935 1.73081 2.48334 2.57501 1.2756 1.10048 1.1796 2.05512 1.50581 1.59294 1.21731 1.18894 1.65122 1.52148 1.7049 1.18626 0.774842 1.37426 1.30198 1.53314 1.60884 1.48665 1.02935 0.943945 1.28708 1.00076 0.768627 0.699543 0.609524
threshold=-1.4706510336569438 2.450661015862464 -0.6742562721864499 -1.1273432582786325 -1.5804302443708151 0.22739632427417591 0.069578095718000374 1.4091092132801035 1.0000000180025095e-35 -0.19795638113062602 -0.32224557793647846 -0.46668703042476312 -0.65249174111155672 -0.8129026775856355 -0.86066915928725829 -0.24697308685650374 -0.65321901366191748 -0.68638862375306242 -0.25068728491757275 -0.18648401953911314 -0.85892579937065439 -0.37269010488705145 1.1801474923192325 0.73934365449905193 0.091682059728604548 -0.2153968420530368 0.64913865758466882 -0.090603658869413392 0.72784132685940872 -0.11998185403631688 -0.42160261296467189
decision_type=2 2 2 2 2 2 2 2 2 2 2 2 2 2 2 2 2 2 2 2 2 2 2 2 2 2 2 2 2 2 2
left_child=-1 2 3 4 5 -2 -5 8 9 10 11 12 -4 15 29 16 -10 -16 19 -19 -20 24 23 25 -22 27 -27 -23 30 -15 -11
right_child=1 -3 7 6 -6 -7 -8 -9 13 28 -12 -13 -14 14 17 -17 -18 18 20 -21 21 22 -24 -25 -26 26 -28 -29 -30 -31 -32
leaf_value=-0.47796102189917494 -0.013699911240938435 1.9367550801275883 -0.040828182073519771 -0.033037060900602454 0.022852163612128606 0.00099106257955412498 -0.0031771781282991188 -0.011618312145166954 0.0050625338587856564 0.026090163947776548 -0.018989428586039026 0.013614856157948907 0.0062881822474210487 -0.074696249493759123 0.015769186172084917 -0.0045880121163392575 0.007904552109869201 0.00014697374059693404 0.012444793602672633 -0.080167784179565882 0.019534411433788534 -0.0097399752710344966 0.008911148399442936 0.0089026033679687096 -7.0695166292011899e-05 -0.015033563965525333 -0.0010784959734479571 0.001269791502243578 0.049871171623900069 -0.02070224480030447 0.0029995828803023985
leaf_weight=29 22 21 20 27 38 25 32 30 34 20 35 25 29 29 22 33 33 32 33 30 21 21 33 31 22 37 20 22 20 20 28
leaf_count=29 22 21 20 27 38 25 32 30 34 20 35 25 29 29 22 33 33 32 33 30 21 21 33 31 22 37 20 22 20 20 28
internal_value=-0.000457666 0.000384615 0 -0.00486111 -0.000294118 -0.00797872 -0.0114407 0.00102941 0.00146154 0.0049435 0.000688073 0.00472973 -0.000510204 0.000158562 -0.00113941 0.005 0.00932836 0.000154321 -0.000662252 -0.00564516 0.000625 -0.000845411 -0.00304878 -0.00553435 0.00755814 -0.0085 -0.0127193 -0.00290698 0.0117647 -0.00969388 0.00833333
internal_weight=874 845 824 144 85 47 59 680 650 177 109 74 49 473 373 100 67 324 302 62 240 207 164 131 43 100 57 43 68 49 48
internal_count=874 845 824 144 85 47 59 680 650 177 109 74 49 473 373 100 67 324 302 62 240 207 164 131 43 100 57 43 68 49 48
is_linear=0
shrinkage=0.05


Tree=90
num_leaves=32
num_cat=0
split_feature=6 6 13 42 7 17 33 44 39 8 44 42 39 44 7 42 11 41 33 47 42 37 47 39 33 45 37 18 41 34 47
split_gain=5.61568 4.88318 2.51005 2.19508 1.85858 1.79761 3.06026 1.87869 2.03269 1.76775 1.63503 2.68254 1.44996 1.11402 2.04167 1.77635 2.20133 1.47471 2.20731 1.39347 2.40183 1.83738 1.58339 1.2675 2.01724 1.76677 1.14433 0.994824 0.9 0.723508 0.680272
threshold=-1.4706510336569438 2.537801283629562 -1.6013296382927136 -1.4765255308137524 1.841562819290768 -0.70814704609506285 0.68324570563053744 0.66770399324222274 -0.54140648875751818 -0.44893213828511574 -0.93452669105816943 -0.89865801588097605 -0.29007970147420553 -0.4208344105954484 -0.64865210777846449 -0.68195769778118487 1.0000000180025095e-35 -0.21851031729684847 -0.033002303332704257 -0.6742562721864499 -0.21095609314419625 0.89361022062043771 0.6850046860900979 -0.43010972926398799 -0.23764459160791609 0.2535766610105864 0.067100498466391559 -0.58622960087693643 -0.17819980642367075 0.66705737281528832 1.0000000180025095e-35
decision_type=2 2 2 2 2 2 2 2 2 2 2 2 2 2 2 2 2 2 2 2 2 2 2 2 2 2 2 2 2 2 2
left_child=-1 2 -2 -4 5 6 7 8 9 -5 11 -7 -10 14 -12 -15 23 30 -19 20 -18 22 26 -17 -25 -26 -21 -14 -24 -8 -16
right_child=1 -3 3 4 -6 10 29 -9 12 -11 13 -13 27 15 17 16 19 18 -20 21 -22 -23 28 24 25 -27 -28 -29 -30 -31 -32
leaf_value=-0.41912331779184203 -0.038006036839139772 3.8673484761345152 0.012948106628769551 -0.027392186308865973 -0.018777341168657813 -0.0071555001916529196 0.0067581377254853697 -0.023550240028206562 0.024541080675394511 0.0046255709642906593 -0.028040190133835099 0.016828721527166836 -0.0005850511704210249 0.015553584285915179 -0.031385207855572618 -0.012109685888133015 0.029992778109414076 0.012758605358421705 -0.0038778686287173516 0.020179444923587656 -0.0094837623465792841 -0.0028972670697626768 0.010175698294533221 0.027273965790644186 -0.012870280434381699 -0.00050865124832171209 0.05477860120099081 0.0021805200394126702 -0.0089533349901699932 0.036561113026303362 -0.001668839279536627
leaf_weight=22 20 20 36 21 23 28 23 28 20 36 32 36 27 36 21 39 21 26 21 33 37 36 20 26 25 29 25 42 20 21 28
leaf_count=22 20 20 36 21 23 28 23 28 20 36 32 36 27 36 21 39 21 26 21 33 37 36 20 26 25 29 25 42 20 21 28
internal_value=-5.69476e-05 0.000584112 0 0.000428922 -0.000128205 0.000297226 0.00412844 0.00114943 0.00342466 -0.00394737 -0.00125232 0.00625 0.00814607 -0.00226316 -0.00625 -0.000792507 -0.00200965 -0.00260417 0.0037234 0.00130208 -0.00517241 0.00410448 0.00765306 -0.00735294 -0.00375 -0.00925926 0.012931 0.00471014 0 0.0159091 -0.00867347
internal_weight=878 856 836 816 780 757 218 174 146 57 539 64 89 475 128 347 311 96 47 192 58 134 98 119 80 54 58 69 40 44 49
internal_count=878 856 836 816 780 757 218 174 146 57 539 64 89 475 128 347 311 96 47 192 58 134 98 119 80 54 58 69 40 44 49
is_linear=0
shrinkage=0.05


Tree=91
num_leaves=32
num_cat=0
split_feature=13 15 35 8 36 42 15 19 33 43 14 45 34 44 45 45 40 43 45 4 17 43 10 8 46 46 46 37 46 4 17
split_gain=3.57237 2.47689 2.30418 1.86231 1.86702 1.2985 2.42944 1.87759 1.73747 2.27223 1.87816 2.33042 1.89101 1.69468 1.47097 2.46403 1.4724 1.42637 1.41775 1.72022 1.67296 1.97874 1.38598 1.35239 1.61897 1.38474 1.98215 1.33636 1.33385 1.28403 1.02083
threshold=-1.6013296382927136 2.279005006476595 -1.2444893141424069 -1.2232129139258314 -1.36396719560547 -0.89865801588097605 -1.0701361668920668 1.0000000180025095e-35 -0.3740727837913907 -0.69290375546434746 -0.85892579937065439 -0.40746730257354519 -0.20284694594919631 -0.53091132783746009 -0.40746730257354519 -0.6890230648408604 0.037859176846091823 -0.73610899418416154 -0.28505175376166897 -0.49223977908600797 -0.14005367578311081 -0.30471455644569923 -0.50450666895147223 0.89315453949212464 0.071635500361701396 0.60469217513062168 1.3705782020974611 -0.053432169347740158 0.45151496973725369 1.0000000180025095e-35 0.2008023464040605
decision_type=2 2 2 2 2 2 2 2 2 2 2 2 2 2 2 2 2 2 2 2 2 2 2 2 2 2 2 2 2 2 2
left_child=-1 2 -2 -4 -5 13 7 -7 10 -10 -8 27 -13 17 15 16 -11 -6 -16 28 21 -21 -19 24 -22 -26 -27 -12 -20 -23 -14
right_child=1 -3 3 4 5 6 8 -9 9 14 11 12 30 -15 18 -17 -18 22 19 20 23 29 -24 -25 25 26 -28 -29 -30 -31 -32
leaf_value=-0.082131341226686069 0.0179656674244832 0.23456473346611234 -0.051462050542706098 0.046571334981001661 0.00080418448308705592 0.0010569037494661871 0.0054469355775680134 0.035099342867638939 0.020920693384880451 -0.032128386323377355 -0.00072087112753251861 0.009983722991435684 0.017535578373524176 0.002335300585883715 -0.070220596195864002 0.019659932684660222 0.00056612543332335008 -0.050806218945605511 -0.00097026847199970239 0.0042979423997678628 -0.011111011027206531 -0.0039246388470886018 -0.034194669507292018 0.016320118061324253 0.01950611938036886 -0.0085402415263970965 0.013831550214747069 -0.023255974203382126 0.034767668592002823 -0.024347076842872895 -0.0041131617267907931
leaf_weight=28 48 29 24 25 23 29 27 20 31 21 24 23 24 35 21 40 32 37 26 20 30 32 24 28 20 23 26 20 24 40 24
leaf_count=28 48 29 24 25 23 29 27 20 31 21 24 23 24 35 21 40 32 37 26 20 30 32 24 28 20 23 26 20 24 40 24
internal_value=-0.000284738 0.000294118 -0.000213155 -0.000873221 -0.000433912 -0.00089779 4.13223e-05 0.0107143 -0.000899281 -0.00253623 0.00387324 0.00108696 0.00669014 -0.00567227 -0.00359008 0.00188172 -0.00518868 -0.00952381 -0.00534483 -0.00436803 -0.00627854 -0.011413 -0.0135246 -0.00255906 -0.00530303 -0.00108696 -0.00561224 -0.00795455 0.004 -0.0152778 0.00104167
internal_weight=878 850 821 773 749 724 605 49 556 414 142 115 71 119 383 93 53 84 290 269 219 92 61 127 99 69 49 44 50 72 48
internal_count=878 850 821 773 749 724 605 49 556 414 142 115 71 119 383 93 53 84 290 269 219 92 61 127 99 69 49 44 50 72 48
is_linear=0
shrinkage=0.05


Tree=92
num_leaves=32
num_cat=0
split_feature=6 6 39 2 47 34 33 35 35 5 40 5 39 6 8 20 35 47 34 40 44 5 17 20 39 2 7 18 2 44 42
split_gain=5.46288 5.02437 1.86563 2.60274 1.62612 3.0431 1.90476 1.55787 1.52381 1.28571 1.27059 1.15327 1.12168 1.07895 2.81259 1.6865 1.07444 1.06941 1.8797 1.89657 1.49582 2.03192 1.77011 1.99185 1.6614 1.38304 1.33695 0.824477 0.736988 0.689954 0.688161
threshold=-1.4706510336569438 2.537801283629562 0.27891946021281699 -0.70284953441098941 -0.6742562721864499 0.7864560048025705 -0.33996573574552202 0.67142550625552566 0.97934038810519342 -0.1512991639005585 0.7326984595711078 -0.34488296454848327 1.4685887662820214 1.0000000180025095e-35 1.0000000180025095e-35 -0.46481000390462651 -1.2444893141424069 1.0000000180025095e-35 0.27474758199993249 0.14793272658470782 -0.54314209641990574 -1.0224262668162198 0.76889571671601276 -0.26560571651692938 -0.53823615395994573 -0.73953391546920477 -0.1102272586824143 -1.1661101447046642 -0.5194276291199128 -0.029449815957184683 1.2079857157832039
decision_type=2 2 2 2 2 2 2 2 2 2 2 2 2 2 2 2 2 2 2 2 2 2 2 2 2 2 2 2 2 2 2
left_child=-1 2 4 11 6 7 -2 16 -9 -8 -7 -4 13 15 -15 -5 -6 25 19 20 21 -19 23 -22 28 -18 -27 -11 -23 -20 -16
right_child=1 -3 3 12 5 10 9 8 -10 27 -12 -13 -14 14 30 -17 17 18 29 -21 22 24 -24 -25 -26 26 -28 -29 -30 -31 -32
leaf_value=-0.39406058484091488 0.0073262450154487624 3.6737205375340625 0.02487200851798832 -0.00086807188274065086 0.014622732470370181 0.055513888806754612 -0.033001946707098995 -0.02167299750695122 0.00010534115645839394 0.011024138223811521 0.05849379562430386 -0.01089817840292966 0.0010123257498662497 0.015361194324735551 -0.0061752477728639127 -0.033121320920668752 -0.020432310338857465 -0.048265907998325024 0.04320881155754535 -0.0054507721321570557 -0.0036854728969011319 -0.00097367280008668904 -0.017415255381804686 0.010020057295035656 0.0060529380603540524 0.010899780959712758 0.00017873501930552039 -0.0042188166009808018 -0.020988881379278724 0.00039888532040279758 -0.047420343903277741
leaf_weight=22 35 20 23 34 34 30 20 21 21 27 34 29 39 21 38 32 37 25 21 37 28 22 21 38 26 32 26 23 21 20 21
leaf_count=22 35 20 23 34 34 30 20 21 21 27 34 29 39 21 38 32 37 25 21 37 28 22 21 38 26 32 26 23 21 20 21
internal_value=-0.000398633 0.000233645 -0.000358852 -0.00411392 0.00112688 0.00232794 -0.00452381 0.000813953 -0.00833333 -0.00928571 0.0125 0.00576923 -0.00689189 -0.00890411 -0.005 -0.0136364 0.00180412 0.000988701 -0.000675676 -0.00252294 -0.000414365 -0.00478723 0.00431034 0.00833333 -0.000362319 0.00552632 0.0103448 -0.005 -0.00639535 0.00914634 -0.0105932
internal_weight=878 856 836 237 599 494 105 430 42 70 64 52 185 146 80 66 388 354 259 218 181 94 87 66 69 95 58 50 43 41 59
internal_count=878 856 836 237 599 494 105 430 42 70 64 52 185 146 80 66 388 354 259 218 181 94 87 66 69 95 58 50 43 41 59
is_linear=0
shrinkage=0.05


Tree=93
num_leaves=32
num_cat=0
split_feature=6 6 42 7 16 13 47 42 2 36 35 38 36 9 9 12 19 47 5 8 15 36 36 39 41 37 36 2 44 36 10
split_gain=5.53902 3.99754 2.27842 1.71146 1.61819 2.167 2.09086 1.76116 1.95157 1.74554 1.57363 2.51837 1.70872 1.62613 3.34322 1.62416 1.78464 2.25063 1.5667 1.72414 1.48764 1.41132 1.61738 1.36841 2.02434 1.65968 1.61984 1.52727 1.51247 1.81832 1.52381
threshold=-1.4706510336569438 2.537801283629562 -1.4765255308137524 1.841562819290768 0.21771155999798522 1.0000000180025095e-35 0.6850046860900979 0.6439711892221035 -0.20149632661537989 -0.38563546611002314 -0.11546808069362539 -0.76577073874195312 -0.059524889611540878 -0.053474480262285844 -0.21088190291438599 -0.65249174111155672 -0.6133503958973926 0.2319176999979152 0.8553365994686507 0.63506094761188614 -0.40030793221833455 1.1590988436196301 0.54120511972776886 0.31925737120387498 -0.26886939959215533 -0.018994264257988242 -0.78040090081871216 -0.56834013719753318 -0.677680550826809 -0.71174604260850549 -0.50450666895147223
decision_type=2 2 2 2 2 2 2 2 2 2 2 2 2 2 2 2 2 2 2 2 2 2 2 2 2 2 2 2 2 2 2
left_child=-1 2 -2 4 7 -6 18 9 -9 23 11 12 -11 14 20 -13 -17 -18 19 -7 -12 22 -10 24 28 27 -25 -26 30 -30 -4
right_child=1 -3 3 -5 5 6 -8 8 21 10 13 15 -14 -15 -16 16 17 -19 -20 -21 -22 -23 -24 26 25 -27 -28 -29 29 -31 -32
leaf_value=-0.37435755559886985 0.0079415792039782222 3.4900345106573596 -0.077839763981944546 -0.017655839551844112 0.05280114332768733 -0.01488611241278477 0.05312885232748954 0.0010021320794528776 -0.0041138446342756652 0.027266943550578307 0.013762617612961492 -0.079026293368849573 -0.0021825998303498296 0.018369182497553992 -0.020839485319417862 -0.0073031916815551774 0.01928731867738236 -0.001197026201504059 0.013269218326215082 0.0031789564769439949 0.00020911367950446902 -0.015039730801450447 0.0006784744359691786 -0.00037192149741827052 0.0082170246413262767 0.04819950625256695 -0.034556955594604234 -0.003274084699295088 0.003614078677736643 -0.021133418362222756 -0.0023722396912091884
leaf_weight=22 38 20 21 23 35 29 32 32 36 26 24 33 25 37 22 26 20 27 59 29 28 21 21 24 22 20 23 20 39 23 21
leaf_count=22 38 20 21 23 35 29 32 32 36 26 24 33 25 37 22 26 20 27 59 29 28 21 21 24 22 20 23 20 39 23 21
internal_value=-0.00022779 0.000408879 -0.000119617 -0.000689223 -0.000290323 0.00380435 0.0011745 -0.00156514 -0.00727273 -0.000259875 0.00242537 -0.000796178 0.00833333 0.00698198 0.0027027 -0.00518868 -0.0010274 0.00478723 -0.00192308 -0.00775862 0.00961538 -0.0115385 -0.00745614 -0.0036385 -0.00150602 0.00564516 -0.0111702 0 -0.00576923 -0.000806452 -0.0130952
internal_weight=878 856 836 798 775 184 149 591 110 481 268 157 51 111 74 106 73 47 117 58 52 78 57 213 166 62 47 42 104 62 42
internal_count=878 856 836 798 775 184 149 591 110 481 268 157 51 111 74 106 73 47 117 58 52 78 57 213 166 62 47 42 104 62 42
is_linear=0
shrinkage=0.05


Tree=94
num_leaves=32
num_cat=0
split_feature=31 35 36 7 10 36 43 44 7 38 36 35 40 45 17 16 0 10 17 33 39 33 2 39 13 7 13 20 43 33 39
split_gain=4.36349 2.16152 1.81898 1.71027 1.53845 1.69808 1.34187 1.87705 1.27688 1.49528 1.98242 1.92308 2.15126 1.69205 1.46699 1.66914 1.93014 1.75019 1.6374 2.35167 2.93751 1.57389 1.68697 1.47 2.25427 1.67421 1.41324 1.2964 1.2714 1.18528 1.14177
threshold=-1.4452023777117029 -1.05631910856761 -1.36396719560547 1.0000000180025095e-35 1.6961515956148399 0.50687769062266541 -0.25415346890273433 -0.677680550826809 1.6396535008797493 1.7754482613721947 -0.43712660976767825 0.19244680115604237 -1.0181589409587588 0.020987118268021524 -0.70814704609506285 0.2632851396680978 -0.74914607737310734 0.35662047805273672 0.31442102046645098 0.018158268736098708 -0.4029944581336446 0.68324570563053744 -0.091443183440733891 0.32754710549827271 1.0000000180025095e-35 -0.64865210777846449 0.19893427236597411 0.92962000780925313 -0.17682039702364635 -0.90273202850235468 0.34956413005167081
decision_type=2 2 2 2 2 2 2 2 2 2 2 2 2 2 2 2 2 2 2 2 2 2 2 2 2 2 2 2 2 2 2
left_child=-1 3 -3 6 8 -6 7 -2 9 10 11 12 29 -14 21 17 -17 18 19 20 -16 22 28 24 25 -20 -24 -19 -12 -4 -13
right_child=1 2 4 -5 5 -7 -8 -9 -10 -11 14 30 13 -15 15 16 -18 27 23 -21 -22 -23 26 -25 -26 -27 -28 -29 -30 -31 -32
leaf_value=-0.35563967781892675 -0.00011820544380256593 0.0488441049498924 -0.017418020649362376 0.032501274435634289 0.57771496325821381 -0.016256139596563912 -0.011712416788800084 0.018704423035108421 -0.01408209536350853 -0.0067389964099021432 5.7126456638911806e-06 0.025524116753575757 -0.029207948838065791 -0.0003934149039217516 -0.057831410004148869 -0.0022034223442005895 0.042831070290553441 -0.020731652050143625 -0.004422202491964811 -0.020126805705588426 0.022396674559664122 0.01102145543099553 0.0011659591788827585 -0.0078360092443290341 0.02802482238528441 0.0074393168185579841 -0.014127525693432119 -0.0010460031629065726 0.0064987563592282527 0.0033807675185215658 -0.0045465413955611215
leaf_weight=22 24 24 22 20 21 20 22 26 28 23 35 29 74 28 20 24 50 22 20 34 37 24 21 25 22 33 20 32 33 20 23
leaf_count=22 24 24 22 20 21 20 22 26 28 23 35 29 74 28 20 24 50 22 20 34 37 24 21 25 22 33 20 32 33 20 23
internal_value=-0.000740319 -0.000175234 -0.00104712 0.00706522 -0.00148649 0.00792683 0.00347222 0.008 -0.00203863 -0.00160209 -0.00115741 -0.00535714 -0.00833333 -0.0122549 0.000663717 -0.00117555 0.00540541 -0.00316327 -0.00091623 -0.00576923 0.000438596 0.00507519 0.00252294 0.0035 0.007 0.00141509 -0.0054878 -0.0111111 0.00735294 0.00119048 0.00288462
internal_weight=878 856 764 92 740 41 72 50 699 671 648 196 144 102 452 319 74 245 191 91 57 133 109 100 75 53 41 54 68 42 52
internal_count=878 856 764 92 740 41 72 50 699 671 648 196 144 102 452 319 74 245 191 91 57 133 109 100 75 53 41 54 68 42 52
is_linear=0
shrinkage=0.05


Tree=95
num_leaves=32
num_cat=0
split_feature=30 38 11 8 17 35 44 17 40 19 34 44 44 44 2 44 44 16 33 35 19 7 10 5 17 37 10 33 35 33 36
split_gain=5.79152 1.95509 2.22566 1.3111 1.97977 2.83404 2.44336 1.9819 1.60066 1.875 1.58571 1.85625 1.97557 1.4639 1.4014 1.83305 1.78149 1.70038 2.52083 1.38472 1.30944 1.33636 1.2004 1.1315 1.39926 2.58766 1.10345 1.09985 1.10592 0.94697 0.9
threshold=-1.3756038747688517 0.71917909533284596 1.5021394394394412 -0.50055085666116339 -0.36729102390789165 -0.7655106090429239 -0.16398827036408783 1.336989087027965 -0.9115251896494746 1.0000000180025095e-35 0.41120316141396929 -0.6165267079145802 -0.1884498075289793 0.52093477025287382 -0.93518394777968661 -0.39637287343055688 -0.64098824507947161 -0.28359781637325249 -0.27175163965378474 -0.11546808069362539 1.0000000180025095e-35 -0.5140458955044519 1.0000000180025095e-35 0.8553365994686507 -0.36729102390789165 0.89361022062043771 0.16525888982957918 -0.20353754356204748 -0.081255316043662318 0.15458646091957332 -0.23116203513705788
decision_type=2 2 2 2 2 2 2 2 2 2 2 2 2 2 2 2 2 2 2 2 2 2 2 2 2 2 2 2 2 2 2
left_child=-1 3 23 14 5 -5 7 8 -6 22 11 -7 -13 27 30 16 20 18 -17 -14 21 -16 -10 26 -25 -26 -3 -8 -29 -15 -2
right_child=1 2 -4 4 6 10 13 -9 9 -11 -12 12 19 29 15 17 -18 -19 -20 -21 -22 -23 -24 24 25 -27 -28 28 -30 -31 -32
leaf_value=-0.17644331966939433 0.0046243311522495391 -0.0012465806631453804 0.022185632555249413 0.0091609356083530713 -0.066360218015215369 -0.016308503245995355 -0.0022287949452319822 0.010120807832660006 -0.0015974892017808886 0.00084996457238730729 -0.0046199730011430521 0.020027997742491976 -0.019395286496566657 -0.022644285398526167 -0.043307286791650058 0.0070785900218439226 -0.038977981470334558 0.024607628369847135 -0.051623595164613081 0.0060045132857808881 0.011957341779793752 0.0078936169909347605 -0.013581658462271662 -0.013983104167553507 0.046495488804772833 -0.021223380455729315 -0.017414351942245786 0.0038977262314475072 0.031013240821418011 0.001497252591119036 0.028769041024554555
leaf_weight=36 20 29 31 40 29 32 22 26 24 27 28 30 24 33 24 24 21 40 24 34 31 20 21 32 35 26 29 21 20 27 20
leaf_count=36 20 29 31 40 29 32 22 26 24 27 28 30 24 33 24 24 21 40 24 34 31 20 21 32 35 26 29 21 20 27 20
internal_value=-0.00119318 -0.00035545 -0.00494505 0.000906344 -0.000684932 0.00319149 -0.0036 -0.00846457 -0.0116337 -0.00763889 0 0.0025 0.00625 0.00142276 0.00401786 0.00217391 -0.00260417 0.00738636 0.00104167 0.000862069 0.001 -0.00454545 -0.0138889 -0.00745033 -0.00403226 0.000409836 -0.012931 0.00674603 0.0115854 -0.00416667 0.0125
internal_weight=880 844 182 662 438 188 250 127 101 72 148 120 88 123 224 184 96 88 48 58 75 44 45 151 93 61 58 63 41 60 40
internal_count=880 844 182 662 438 188 250 127 101 72 148 120 88 123 224 184 96 88 48 58 75 44 45 151 93 61 58 63 41 60 40
is_linear=0
shrinkage=0.05


Tree=96
num_leaves=32
num_cat=0
split_feature=6 42 41 49 16 41 39 0 43 42 34 17 44 7 8 16 15 39 17 39 42 41 41 17 37 46 38 41 5 4 16
split_gain=5.10556 2.11306 1.96183 2.00586 1.9323 1.76369 1.59567 2.39193 1.67202 1.37179 1.7623 1.47417 1.2971 2.24141 2.12804 1.71058 1.60952 1.55868 1.31913 1.75809 1.30326 1.25527 1.19746 1.16359 1.3417 1.12371 1.3707 1.13778 0.920137 1.01085 0.753463
threshold=-1.4706510336569438 0.6439711892221035 0.13849349089787902 1.0000000180025095e-35 0.17213798032787272 0.42803270979744584 0.44462779017779835 -0.74914607737310734 -0.3919609524979209 0.8586925089830838 0.75234210994906137 0.087183672341670057 -0.46975748492523134 0.42819759041363598 -0.34569470153302034 -0.055729918022689943 -0.40030793221833455 -0.41164946041638473 -0.93538439421984376 -0.6483763807294769 -0.91844799926908505 -0.47914472707098937 -0.35901259892136311 -0.5945283720326725 -0.31171645752087951 0.096143853224640238 0.95581082408841433 0.16448372370416195 -0.073865643641388562 -0.11998185403631688 -0.010156338352577421
decision_type=2 2 2 2 2 2 2 2 2 2 2 2 2 2 2 2 2 2 2 2 2 2 2 2 2 2 2 2 2 2 2
left_child=-1 2 6 30 9 -5 12 -8 -9 -3 11 -11 13 14 18 17 -17 23 -2 -20 -21 -16 -18 -14 -25 27 -27 -6 29 -19 -4
right_child=1 4 3 5 25 -7 7 8 -10 10 -12 -13 15 -15 21 16 22 28 19 20 -22 -23 -24 24 -26 26 -28 -29 -30 -31 -32
leaf_value=-0.34315121990770908 -0.0021527754440072047 -0.0054058579093883459 0.0026815841433148082 0.01790947386113757 -0.022583987434552456 -0.008128275095025117 -0.019099261761265043 0.017456827545211696 -0.027705071947040239 -0.0073625937489381959 -0.0046380065108166946 0.01295773711446202 0.0035507342944768542 0.024783000250553758 -0.049263998195769432 0.021329493215812789 0.00012727544383039913 0.00036702174906508848 0.015316566838869505 -0.020454138729591877 0.0041898284688564047 -0.0044454041826327284 -0.014742259244809475 -0.017863587485742016 0.0088876051657784672 0.039563967565834447 -0.0017019698841181708 0.00054117144878205179 0.017391517202256068 0.020532150313662359 0.11053605868055172
leaf_weight=26 21 34 22 32 20 46 23 20 28 23 39 21 23 26 41 20 31 27 32 31 20 35 33 21 20 33 34 25 21 32 20
leaf_count=26 21 34 22 32 20 46 23 20 28 23 39 21 23 26 41 20 31 27 32 31 20 35 33 21 20 33 34 25 21 32 20
internal_value=-0.00125 -0.00058548 0.00092 0.00666667 -0.00469432 0.00192308 -0.000445545 -0.00739437 -0.00104167 -0.00918803 -0.00572289 0.00113636 0.000691244 -0.00218447 -0.00416667 0.00328947 -0.00238095 0.00659722 0.000480769 0.00331325 -0.00245098 -0.0105263 -0.00625 0.00078125 -0.00426829 0 0.00410448 -0.00611111 0.01125 0.00805085 0.0154762
internal_weight=880 854 625 120 229 78 505 71 48 117 83 44 434 206 180 228 84 144 104 83 51 76 64 64 41 112 67 45 80 59 42
internal_count=880 854 625 120 229 78 505 71 48 117 83 44 434 206 180 228 84 144 104 83 51 76 64 64 41 112 67 45 80 59 42
is_linear=0
shrinkage=0.05


Tree=97
num_leaves=32
num_cat=0
split_feature=6 42 42 44 2 16 42 2 0 42 19 10 40 40 41 2 20 46 34 41 3 17 35 14 4 44 34 36 6 36 37
split_gain=4.19719 1.93627 1.88831 2.73964 2.69551 1.67944 1.80824 1.57138 1.49997 2.05679 2.13333 1.81261 2.36383 1.57161 1.90444 1.29581 1.26906 1.40819 1.24741 1.81189 1.20243 2.61974 2.0059 1.55458 1.32033 1.61907 1.23879 1.15227 1.07143 0.930769 0.9
threshold=-1.4706510336569438 0.6439711892221035 0.43617636364696122 1.6889731698764423 0.15311935694736836 0.21771155999798522 0.87452449569357082 1.6327227262953872 0.74914607737310757 -0.15455464048808604 1.0000000180025095e-35 -0.50450666895147223 -0.77737305090553566 -1.3672984815359326 0.13849349089787902 -0.47051512104229237 1.3280285825846474 0.010364618204354232 0.25769063457317792 0.059585484811302006 1.0000000180025095e-35 0.2008023464040605 -0.18389360999355156 -1.2662744259869405 0.25227607101337429 -0.72660362515659183 -0.066391366535159521 0.98746169809411299 -0.16354701715047482 -0.57443632618809171 0.03266259337663964
decision_type=2 2 2 2 2 2 2 2 2 2 2 2 2 2 2 2 2 2 2 2 2 2 2 2 2 2 2 2 2 2 2
left_child=-1 2 3 7 -4 6 -3 8 13 11 30 -10 -13 -2 20 -16 -7 -18 -8 -20 21 22 -15 -22 25 -25 29 -19 -23 -27 -11
right_child=1 5 4 -5 -6 16 18 -9 9 10 -12 12 -14 14 15 -17 17 27 19 -21 23 28 -24 24 -26 26 -28 -29 -30 -31 -32
leaf_value=-0.32599365891232424 0.0062192686016047105 -0.004500041457490056 -0.015172733665976068 -0.061585972757563924 0.028472144699319558 0.034016328069401428 0.0038757567868856315 0.025505990583609164 -0.019431431793111645 0.020625057769656507 -0.0045070505448613577 0.0059358433511690128 -0.015250661561565694 -0.0038596292809785385 0.024898157556134493 0.0015634714750277113 -0.022388730646045477 -0.0062052017039349039 -0.018292034631325293 -0.00094714209899962045 0.013241687887916954 -0.046740778239062308 0.020090304220821056 0.00404191992221854 0.0054194075029585067 0.017673142962836865 -0.00576023057009607 0.049286691320595821 -0.0024789923419717753 -0.0031604652578693052 0.0021429969194791455
leaf_weight=26 29 36 24 21 26 37 32 22 41 20 20 23 38 39 23 29 23 24 22 35 20 35 23 38 27 20 34 20 21 32 20
leaf_count=26 29 36 24 21 26 37 32 22 41 20 20 23 38 39 23 29 23 24 22 35 20 35 23 38 27 20 34 20 21 32 20
internal_value=-0.00136364 -0.000761124 0.00068 -0.000130435 0.01 -0.00469432 -0.0086 0.000541516 0 -0.00401235 0.00333333 -0.00833333 -0.00286885 0.00175676 0.000806452 0.00961538 0 -0.00410448 -0.00477528 -0.00921053 -0.000778547 -0.00466102 0.00241935 0.00190058 0.000165563 -0.00201613 -0.00581395 0.00113636 -0.0125 -0.000961538 0.01
internal_weight=880 854 625 575 50 229 125 554 532 162 60 102 61 370 341 52 104 67 89 57 289 118 62 171 151 124 86 44 56 52 40
internal_count=880 854 625 575 50 229 125 554 532 162 60 102 61 370 341 52 104 67 89 57 289 118 62 171 151 124 86 44 56 52 40
is_linear=0
shrinkage=0.05


Tree=98
num_leaves=32
num_cat=0
split_feature=6 42 2 16 19 44 43 2 39 41 17 16 33 10 33 39 0 44 7 40 16 37 17 14 2 0 43 46 7 37 44
split_gain=3.59484 1.6497 1.6331 1.55793 1.68602 1.45418 1.4431 1.35839 2.21607 1.30502 2.69298 1.33773 1.48854 1.27094 1.14758 1.26307 1.9616 1.67703 2.1646 1.89157 1.70204 2.20052 2.10438 1.71607 1.69 1.36878 1.25469 1.15408 1.08053 1.03712 0.833333
threshold=-1.3835107658898458 0.6439711892221035 -0.61725264527515367 0.21771155999798522 1.0000000180025095e-35 1.6889731698764423 0.73261747040499281 0.87457885109227018 -0.20632956899234969 0.13849349089787902 -1.1626217423446246 0.058204031152591373 -0.23764459160791609 0.26093968394115796 -1.4313912732133185 0.44462779017779835 -1.0000000180025095e-35 -0.46975748492523134 0.42819759041363598 -0.70857708231890038 -0.055729918022689943 -0.46668703042476312 0.2008023464040605 0.36312008047820415 1.0000000180025095e-35 -1.0000000180025095e-35 -0.53675320810815863 -0.11217714611034003 -0.17753036481942056 -0.053432169347740158 0.25185786143906741
decision_type=2 2 2 2 2 2 2 2 2 2 2 2 2 2 2 2 2 2 2 2 2 2 2 2 2 2 2 2 2 2 2
left_child=-1 5 -3 6 7 9 13 8 -5 14 -11 12 -12 28 -2 17 -17 18 19 25 21 22 -19 24 -22 -16 -27 29 -4 -21 -23
right_child=1 2 3 4 -6 -7 -8 -9 -10 10 11 -13 -14 -15 15 16 -18 20 -20 27 23 30 -24 -25 -26 26 -28 -29 -30 -31 -32
leaf_value=-0.13416390974492318 0.0050062163120998095 0.016950870381148776 -0.0014355446829384278 0.057247184111901106 -0.017693166274221996 -0.045783683140980719 -0.025834809337686695 0.05270224499083298 -0.015488318466820772 -0.0019101157753475208 0.018861233738098806 0.075940583070131143 -0.0022293467776144382 -0.0037050772305988744 0.0051484371278107234 -0.024832857973453318 0.0014191122593985028 0.0018494828469243886 0.012859428396069461 -0.064422328930018577 0.0009441997144854497 0.042231882353208766 -0.017241378486602343 0.013656914203519933 -0.022999149254542318 -0.038378495738146515 0.0041212178449711702 -0.00025944877616552732 0.00072212488004552711 -0.015991943913441987 0.0029575597816211999
leaf_weight=36 22 28 22 24 24 25 28 24 22 26 25 28 28 32 39 32 36 25 25 24 20 48 23 35 25 28 23 27 24 20 32
leaf_count=36 22 28 22 24 24 25 28 24 22 26 25 28 28 32 39 32 36 25 25 24 20 48 23 35 25 28 23 27 24 20 32
internal_value=-0.00119318 -0.000533175 -0.00416667 -0.00575 -0.00106383 0.000811688 -0.00990566 0.00285714 -0.00217391 0.00131134 0.00630841 0.0108025 0.00613208 -0.00641026 0.000206612 -0.000324675 -0.00661765 0.000761421 -0.00268817 -0.00481366 0.00384615 0.00742188 -0.00104167 -0.001875 -0.00833333 0 -0.00539216 -0.0109155 -0.00108696 -0.0159091 0.0125
internal_weight=880 844 228 200 94 616 106 70 46 591 107 81 53 78 484 462 68 394 186 161 208 128 48 80 45 90 51 71 46 44 80
internal_count=880 844 228 200 94 616 106 70 46 591 107 81 53 78 484 462 68 394 186 161 208 128 48 80 45 90 51 71 46 44 80
is_linear=0
shrinkage=0.05


Tree=99
num_leaves=32
num_cat=0
split_feature=31 20 2 2 12 44 35 39 39 46 20 10 33 8 37 37 33 17 45 40 5 0 8 8 46 10 4 17 33 16 5
split_gain=3.66465 2.00028 1.86889 2.92512 1.58888 2.44439 1.38418 2.38801 1.51697 1.31434 1.28877 1.4901 1.27258 1.17884 1.1552 1.9604 1.47356 1.57963 1.22014 1.75362 1.15384 1.11792 1.13947 1.06294 1.05935 1.03572 0.950819 1.75942 1.35941 0.9 0.625
threshold=-1.4452023777117029 1.3280285825846474 1.6327227262953872 1.1925101535968032 -0.91291816072490928 -0.20068057611142506 -0.5944467857931085 0.75396588188953773 0.043780720686695314 0.010364618204354232 0.99602143693848544 -1.1742722277325235 0.035211792759033037 -0.60378829341325879 -0.19118378970674779 -0.41503017279013527 -0.11826992344737587 0.087183672341670057 -0.40746730257354519 -0.46435139383634544 1.029562020051783 -1.0000000180025095e-35 -0.34569470153302034 -0.91350060366954511 -0.60234420336911709 -0.12178349250515719 1.0000000180025095e-35 0.42803969452884144 0.41038932126358818 -0.31777800112583693 0.29394357758966866
decision_type=2 2 2 2 2 2 2 2 2 2 2 2 2 2 2 2 2 2 2 2 2 2 2 2 2 2 2 2 2 2 2
left_child=-1 2 3 4 5 13 7 8 21 -3 11 -8 -7 23 15 18 17 -16 19 -13 -11 22 -6 -2 -23 -20 27 28 -18 -10 -4
right_child=1 9 30 -5 6 12 10 -9 29 20 -12 14 -14 -15 16 -17 26 -19 25 -21 -22 24 -24 -25 -26 -27 -28 -29 -30 -31 -32
leaf_value=-0.30298578047946167 -0.043305121059762544 -0.02324357755811093 0.017414638212463276 -0.035236253611563483 0.01224302372233268 0.04665137409286757 0.0048181473305888289 0.034642564627944239 -0.015450038272977196 -0.0061398885728380041 0.0079170273309536309 -0.019547867118542686 -0.00022272167683894397 -0.038138878410194366 -0.019429074204253993 0.0074589043796407855 -0.0039626589239034615 0.038814433595642586 -0.06527519777314908 0.01793063760568998 0.011509663844631746 0.0027283587747859886 0.0017518543603969761 0.0021847447288010358 -0.011567563849020246 -0.0018304524252883425 -0.0093574448403082044 -0.010955619231286563 0.015297943941678228 0.00037305271534222585 0.027408364805400254
leaf_weight=26 20 34 20 33 26 22 25 23 20 35 40 25 21 35 37 37 20 23 24 23 37 46 21 23 22 38 38 25 21 20 20
leaf_count=26 20 34 20 33 26 22 25 23 20 35 40 25 21 35 37 37 20 23 24 23 37 46 21 23 22 38 38 25 21 20 20
internal_value=-0.000738636 -0.000175644 0.000735294 0.000141243 0.000851852 -0.00433884 0.00198556 0.00561798 0.0033871 -0.00660377 0.000265957 -0.000744048 0.00523256 -0.00961538 -0.0016881 0.00153061 -0.00457317 0.00166667 -0.00181818 0.00416667 -0.00277778 0.00630435 0.012234 -0.00406977 0.00220588 -0.00645161 -0.00817308 -0.00454545 0.00182927 -0.005 0.01125
internal_weight=880 854 748 708 675 121 554 178 155 106 376 336 43 78 311 147 164 60 110 48 72 115 47 43 68 62 104 66 41 40 40
internal_count=880 854 748 708 675 121 554 178 155 106 376 336 43 78 311 147 164 60 110 48 72 115 47 43 68 62 104 66 41 40 40
is_linear=0
shrinkage=0.05


Tree=100
num_leaves=32
num_cat=0
split_feature=6 36 38 12 33 9 4 36 5 38 44 40 7 9 0 9 36 10 20 42 5 5 15 11 40 20 0 0 40 40 10
split_gain=5.91791 2.10026 1.70626 1.5571 1.89278 2.24028 2.27681 1.92299 1.51803 1.35951 1.29956 1.2642 2.16891 1.64438 1.49317 1.24029 1.82727 1.71818 1.23582 1.56774 1.1794 1.6419 1.63464 1.1671 1.09802 1.82183 1.19779 1.12708 0.917424 0.910672 0.557724
threshold=-1.5577913014240419 1.1762625581721819 1.2335958969753862 -1.4337709999516142 -0.80041088436474872 0.86473548520829879 1.0000000180025095e-35 -1.0550203336595392 0.31330195765446112 0.3865228969373366 -0.16398827036408783 0.053338269778084653 0.091682059728604548 -0.10594362114631924 1.0000000180025095e-35 -0.47322760733455299 -1.020692904554436 -0.40882587483989347 1.3280285825846474 0.88342998821822005 -0.6933338057147479 -0.49975000506682316 -0.6235840104429119 0.21417165095860605 -0.24076449592978114 -0.92962000780925291 1.0000000180025095e-35 -1.0000000180025095e-35 -0.19260731791913649 0.10665514543272715 -0.79154905128620856
decision_type=2 2 2 2 2 2 2 2 2 2 2 2 2 2 2 2 2 2 2 2 2 2 2 2 2 2 2 2 2 2 2
left_child=-1 3 8 -2 15 6 10 -8 -3 20 11 13 -13 14 -6 30 -17 -18 19 24 -9 -22 -23 -11 27 -26 -27 -12 -24 -30 -5
right_child=1 2 -4 4 5 -7 7 9 -10 23 18 12 -14 -15 -16 16 17 -19 -20 -21 21 22 28 -25 25 26 -28 -29 29 -31 -32
leaf_value=-0.52698697879741163 -0.036231934489684647 -0.0098534929070851277 -0.023118848438259933 0.02685759852287575 0.0012448160566648882 0.57426985366052186 0.01379537742703576 -0.016547960717020516 0.019292233818038795 -0.024519311757951103 0.0021107046726299926 0.012263354048813825 -0.0039296350019107249 -0.009908942156400969 -0.031875803213107193 -0.030123932955715561 -4.9095279402422426e-05 0.0037339565671494768 -0.0014876334144162231 0.030238540581716933 0.0084025142804968322 -0.0031051262381303958 -0.0019564479453862307 -0.0032076518079890096 -0.011811694410984331 0.038314115022903654 -0.0030058998164150807 0.032839127414605686 0.015727506661065149 -0.00013287470275500369 0.0097048925407989383
leaf_weight=24 35 37 20 20 29 22 23 30 30 38 23 28 26 32 20 24 35 42 29 20 20 24 34 31 32 31 25 24 23 22 21
leaf_count=24 35 37 20 20 29 22 23 30 30 38 23 28 26 32 20 24 35 42 29 20 20 24 34 31 32 31 25 24 23 22 21
internal_value=-0.000514874 0.000176471 -0.00718391 0.00101573 0.00151099 0.000255973 -0.00035461 -0.00397959 -0.00335821 -0.00540541 0.00242947 -0.0012963 0.00462963 -0.00524691 0.000510204 0.00669014 0.00371287 0.00746753 0.00516304 0.00693548 -0.00277778 -0.000609756 -0.00315534 -0.0112319 0.005 0.00170455 0.00714286 0.0111702 0.000316456 0.005 0.0140244
internal_weight=874 850 87 763 728 586 564 245 67 222 319 135 54 81 49 142 101 77 184 155 153 123 103 69 135 88 56 47 79 45 41
internal_count=874 850 87 763 728 586 564 245 67 222 319 135 54 81 49 142 101 77 184 155 153 123 103 69 135 88 56 47 79 45 41
is_linear=0
shrinkage=0.05


Tree=101
num_leaves=32
num_cat=0
split_feature=6 38 9 38 5 45 43 14 9 45 4 5 20 46 42 43 39 43 43 43 13 46 39 43 43 17 43 34 4 38 2
split_gain=5.83524 1.77237 1.50119 1.63441 1.32781 2.06572 2.45125 1.94022 1.57751 2.25 1.26047 1.96447 1.68744 1.80253 1.64101 1.85191 2.36085 1.52261 1.88431 1.60952 1.1359 1.55131 2.14744 2.14222 2.00864 1.08899 1.04274 0.999417 0.859737 0.655185 0.419048
threshold=-1.5577913014240419 -0.64916959703631083 0.86473548520829879 1.6965710184536722 -0.75140894590912533 -0.86040483317748717 -0.50750239632595873 1.0000000180025095e-35 -0.26335104379841939 -0.60333218067254712 1.0000000180025095e-35 1.2037874406349154 1.062422866067718 0.97844455629043914 -0.77596011887470184 -0.58563157920333264 -0.57280248812345658 -0.26027062681675733 -0.042978657001202007 -0.36848405612459129 1.1990808893985787 -0.68812343838940304 -0.24118788185255413 -0.51995924294317974 -0.37702341157481623 -0.4809096979702821 -0.417302175358431 -0.33930252536323308 0.34534055227579702 -0.12789390470520348 0.14089122992796327
decision_type=2 2 2 2 2 2 2 2 2 2 2 2 2 2 2 2 2 2 2 2 2 2 2 2 2 2 2 2 2 2 2
left_child=-1 4 3 10 5 6 -2 -6 9 -7 11 12 14 -14 -3 -16 29 19 -19 30 21 -12 23 -23 -24 -20 -9 -26 -25 -17 -18
right_child=1 2 -4 -5 7 8 -8 26 -10 -11 20 -13 13 -15 15 16 17 18 25 -21 -22 22 24 28 27 -27 -28 -29 -30 -31 -32
leaf_value=-0.50063762985754046 -0.0061695064847029357 -0.026924301920203675 0.10963354466287854 -0.012420458327459017 0.012983476824402373 -0.024496596738650567 0.018354145417744407 -0.0020311400379000588 -0.016881897252059019 0.015709077659375483 0.0040123483335960941 0.074766914384139224 -0.017459328299959508 0.001921987408752557 0.034457258407368845 -0.06183727579794436 0.00019667961515139611 0.037633549331155793 0.0060935377954812967 -0.0097791193816284764 0.0071478694795061417 -0.010136777643364781 -0.00041208093815043868 0.0031710477687155961 -0.026400936387983621 -0.0032490559553906453 0.026332140070017829 -0.016105606488198986 -0.012081872866937717 -0.0052664838686268924 0.0036691766743622623
leaf_weight=24 22 27 27 27 35 32 24 21 34 32 32 21 38 23 29 21 22 34 26 28 32 23 30 32 21 25 20 44 25 23 20
leaf_count=24 22 27 27 27 35 32 24 21 34 32 32 21 38 23 29 21 22 34 26 28 32 23 30 32 21 25 20 44 25 23 20
internal_value=-0.000686499 0 -0.00134921 -0.00186567 0.00386364 0.00104167 0.00978261 0.00921053 -0.00306122 0.0015625 -0.00130208 0.000667656 -0.000316456 -0.00778689 0.00147059 0.00285088 0.00113065 0.00403226 0.00852941 -0.00142857 -0.0040795 -0.00543478 -0.00728571 -0.00125 -0.0123684 0.00245098 0.00182927 -0.0173077 0.00394737 -0.00909091 0.0047619
internal_weight=874 850 630 603 220 144 46 76 98 64 576 337 316 61 255 228 199 155 85 70 239 207 175 80 95 51 41 65 57 44 42
internal_count=874 850 630 603 220 144 46 76 98 64 576 337 316 61 255 228 199 155 85 70 239 207 175 80 95 51 41 65 57 44 42
is_linear=0
shrinkage=0.05


Tree=102
num_leaves=32
num_cat=0
split_feature=6 36 46 12 33 9 34 39 39 16 10 37 39 39 18 34 8 2 15 35 6 17 38 39 44 40 10 40 14 41 2
split_gain=5.83524 1.69344 1.55547 1.47887 1.858 2.30059 1.40386 1.40363 2.68512 1.76006 2.65728 1.61633 1.4248 1.67878 1.45884 1.42471 2.95033 1.94805 1.52804 1.4658 1.33492 1.26555 1.18385 1.28064 1.2067 1.11594 1.09247 1.06202 0.952786 0.642995 0.59025
threshold=-1.5577913014240419 1.1762625581721819 0.19417726467639568 -1.4337709999516142 -0.83451793241061734 0.86473548520829879 0.08712116030563187 -0.20632956899234969 -0.35556029569097958 -0.43171195030111825 -0.69586825717462975 -0.46668703042476312 -0.72269636032088824 -0.89325312051824035 1.0000000180025095e-35 -0.12182644567211197 0.11887376385140898 0.70338507282059859 -0.17703185399375715 0.79117018253039639 1.0000000180025095e-35 0.087183672341670057 -0.64916959703631083 -0.17290331375607845 -0.7021420879917003 1.3914198587881401 0.069578095718000374 0.010340789411437823 1.0000000180025095e-35 -0.16807629579712727 1.2781070427326389
decision_type=2 2 2 2 2 2 2 2 2 2 2 2 2 2 2 2 2 2 2 2 2 2 2 2 2 2 2 2 2 2 2
left_child=-1 3 6 -2 22 7 -3 8 12 29 -11 -10 13 21 27 16 20 18 -17 -20 -12 -6 23 24 -5 -4 -15 -14 -16 -9 -19
right_child=1 2 25 4 5 -7 -8 9 11 10 15 -13 14 26 28 17 -18 30 19 -21 -22 -23 -24 -25 -26 -27 -28 -29 -30 -31 -32
leaf_value=-0.47560574836466291 -0.033195507928267885 -0.025367406011862673 0.0098728813650595278 -0.0026988078769733196 -0.0076914166806588474 0.54007468374435352 -0.014948752295967439 0.0045643324353576986 0.00046094477916653888 -0.014452948954495072 -0.0051810632965775486 0.018779751861609385 -0.0065620816645193258 0.016037459810519294 -0.0091775958819994233 -0.00040531546685755875 0.014961735374919273 0.0072255234629821537 -0.02259619851856556 -0.0016660758192408309 0.029721528631768024 0.0047946849350026357 -0.00045752247605506118 0.016533657824034976 0.0083019406428718415 -0.011477779223591257 1.457734766816543e-05 0.029923213816987728 -0.041507468645384904 0.002628324231788071 -0.00088622636996262829
leaf_weight=24 35 22 23 34 44 22 21 23 23 27 36 36 32 23 27 30 37 21 34 20 20 32 34 40 25 21 20 20 23 22 23
leaf_count=24 35 22 23 34 44 22 21 23 23 27 36 36 32 23 27 30 37 21 34 20 20 32 34 40 25 21 20 20 23 22 23
internal_value=-0.000686499 0 -0.0066092 0.000753604 0.00123626 4.20168e-05 -0.0133721 -0.00056719 0.00196429 -0.00298635 -0.0046371 0.0114407 -0.000565611 0.00315126 -0.00490196 -0.00282805 0.00188172 -0.00625 -0.0107143 -0.0157407 -0.00535714 -0.00131579 0.00657895 0.00934343 0.00466102 0 0.0110465 0.000961538 -0.011 0.00611111 0.00227273
internal_weight=874 850 87 763 728 595 43 573 280 293 248 59 221 119 102 221 93 128 84 54 56 76 133 99 59 44 43 52 50 45 44
internal_count=874 850 87 763 728 595 43 573 280 293 248 59 221 119 102 221 93 128 84 54 56 76 133 99 59 44 43 52 50 45 44
is_linear=0
shrinkage=0.05


Tree=103
num_leaves=31
num_cat=0
split_feature=6 13 40 34 35 15 46 19 36 35 9 41 44 33 43 11 43 9 36 36 47 9 15 37 46 8 8 33 38 40
split_gain=5.67164 1.39842 1.95436 1.56919 1.50003 2.04924 1.76538 1.5792 1.55365 2.27421 1.47708 1.42233 1.02845 2.53723 1.81132 3.1154 1.69352 1.39947 1.2938 1.81834 1.40556 2.24009 1.8457 2.20198 1.49796 1.33646 1.18224 1.01028 1.39518 0.752903
threshold=-1.5577913014240419 -1.6013296382927136 -1.4240551556199068 -1.3968332658220179 -1.0734254908925915 -1.0701361668920668 -0.73714014411528084 1.0000000180025095e-35 1.1762625581721819 -0.83393613834285008 0.86473548520829879 0.83101928543317305 -0.43306517917789411 0.17163998494250762 -0.47886866647976895 -0.42981224328181145 -0.69290375546434746 0.051463801505780955 -0.78040090081871216 -0.50578146797788504 -0.6742562721864499 0.41874778769401477 0.26952030245539771 -0.070651121892616103 0.53729420475753975 -0.19083854640487727 -0.19083854640487727 0.39333579724065387 1.2095897795654007 0.47815337580055717
decision_type=2 2 2 2 2 2 2 2 2 2 2 2 2 2 2 2 2 2 2 2 2 2 2 2 2 2 2 2 2 2
left_child=-1 -2 -3 -4 6 7 -5 -6 9 -7 11 12 13 14 15 -11 -14 26 -18 -20 25 22 23 -22 -24 -21 -16 -10 -29 -25
right_child=1 2 3 4 5 8 -8 -9 27 10 -12 -13 16 -15 17 -17 18 -19 19 20 21 -23 24 29 -26 -27 -28 28 -30 -31
leaf_value=-0.45182546094642934 -0.0075872976915078993 0.018677275044696275 -0.029150085942436024 0.021377476904935123 0.00044048691623146399 -0.013932906996326011 8.1412135176606182e-05 0.030958940626823764 -0.012869026214270463 0.0088470651138045763 0.13651554632546947 -0.0043893187092635347 0.024106923861452856 -0.024647530439197853 0.0020313039941399326 -0.049110537421876189 0.0042296144309290186 -0.0030032993666594624 -0.0056597761067848753 0.0027796078889927855 0.0045842961197990915 -0.029994436343213238 0.040812695736579488 -0.0060359929539195896 0.00081243326094480048 -0.015124223882108368 0.036498772795706458 0.027698092788716624 -0.029456476553203007 8.2926561105978177e-06
leaf_weight=24 21 26 22 26 38 34 34 26 34 24 21 39 27 29 32 29 36 21 33 20 35 33 39 26 22 39 22 21 20 21
leaf_count=24 21 26 22 26 38 34 34 26 34 24 21 39 27 29 32 29 36 21 33 20 35 33 39 26 22 39 22 21 20 21
internal_value=-0.00102975 -0.000352941 -3.01568e-05 -0.000466999 -9.60307e-05 -0.000728155 0.0075 0.0078125 -0.00156012 -0.000687285 9.12409e-05 -0.000426945 0.000307377 -0.00302548 0 -0.00707547 0.00188822 0.005 0.000822368 -0.000373134 0.00117021 0.00340909 0.00611888 0.00121951 0.0127049 -0.00550847 0.00925926 -0.00833333 -0.00304878 -0.00585106
internal_weight=874 850 829 803 781 721 60 64 657 582 548 527 488 157 128 53 331 75 304 268 235 176 143 82 61 59 54 75 41 47
internal_count=874 850 829 803 781 721 60 64 657 582 548 527 488 157 128 53 331 75 304 268 235 176 143 82 61 59 54 75 41 47
is_linear=0
shrinkage=0.05


Tree=104
num_leaves=32
num_cat=0
split_feature=6 13 40 36 7 46 14 15 36 5 20 43 34 15 40 12 34 4 33 36 36 4 13 35 15 33 36 2 36 34 35
split_gain=5.75315 1.43743 1.90229 1.44068 1.5778 1.47398 1.27463 1.97532 1.86626 2.50407 1.62147 1.44832 1.22133 1.74859 1.41237 1.40324 1.87056 1.1283 1.05185 2.7011 2.13799 2.96871 1.76771 1.34615 1.00716 0.984615 1 0.914502 0.875 0.857143 0.825
threshold=-1.5577913014240419 -1.6013296382927136 -1.4240551556199068 1.1762625581721819 1.9761690315647806 0.19417726467639568 1.1778173337107767 1.0000000180025095e-35 0.64418740704307897 0.3713770978488386 1.2616271534554151 0.088972384600950513 0.32591842428019629 0.49279638067997511 0.36979972527660665 -1.1733445803382618 -0.59515673676455194 1.0000000180025095e-35 -0.18648401953911314 -0.38563546611002314 -0.76323718626616055 1.0000000180025095e-35 -0.40115369785358845 -0.047042551393699235 -0.40030793221833455 -0.4934474519519309 -0.025197460506437473 -0.59279639123634342 -0.26548946424216124 0.08712116030563187 0.5345744476556733
decision_type=2 2 2 2 2 2 2 2 2 2 2 2 2 2 2 2 2 2 2 2 2 2 2 2 2 2 2 2 2 2 2
left_child=-1 -2 -3 4 6 29 8 -8 10 -10 12 -11 14 17 15 16 -4 -14 19 20 21 27 -20 25 -24 26 -21 -17 -26 -5 -7
right_child=1 2 3 5 -6 30 7 -9 9 11 -12 -13 13 -15 -16 18 -18 -19 22 23 -22 -23 24 -25 28 -27 -28 -29 -30 -31 -32
leaf_value=-0.42923418789910817 -0.0072079328069321498 0.017743411292461531 0.00022676210263199438 -0.024389251839059514 0.35416964460473682 0.012779440623199179 -0.029225775508322727 0.0013860038937878018 0.014030240626919977 0.018422801014007461 -0.015495570578185892 -0.006923815534710798 0.017824569502377586 -0.00078402099798964293 -0.010613147371154243 -0.02311045610731597 -0.05764691391940318 0.00066645758382364315 -0.0022552636460204667 0.023057907608127693 -0.012627038596047413 0.0047988763565385284 0.0023556664701672504 0.030219205507859215 0.00064108416943042812 0.011143051781454716 -0.011628453395488236 0.0023098602041606853 -0.0097740808879898111 -0.014126242643949639 -0.0081597328590184755
leaf_weight=24 21 26 27 21 22 20 26 37 35 31 30 20 46 36 27 20 23 30 40 20 40 25 33 26 28 20 25 22 28 21 24
leaf_count=24 21 26 27 21 22 20 26 37 35 31 30 20 46 36 27 20 23 30 40 20 40 25 33 26 28 20 25 22 28 21 24
internal_value=-0.000858124 -0.000176471 0.000150784 -0.000280199 0.000453278 -0.00639535 3.59712e-05 -0.00674603 0.000712025 0.00755814 -0.0003663 0.000490196 0.000290698 0.00491071 -0.000990099 -0.000198939 -0.008 0.00921053 0.000993884 0.00328283 -0.0021028 0.00335821 -0.00251938 0.00961538 0.00140449 0.00576923 0.00166667 -0.0047619 -0.00267857 -0.0130952 0
internal_weight=874 850 829 803 717 86 695 63 632 86 546 51 516 112 404 377 50 76 327 198 107 67 129 91 89 65 45 42 56 42 44
internal_count=874 850 829 803 717 86 695 63 632 86 546 51 516 112 404 377 50 76 327 198 107 67 129 91 89 65 45 42 56 42 44
is_linear=0
shrinkage=0.05


Tree=105
num_leaves=32
num_cat=0
split_feature=31 10 43 17 16 35 8 41 34 40 36 47 4 34 33 16 35 20 34 8 31 44 2 40 44 37 14 36 2 36 20
split_gain=2.26319 1.67285 1.71537 2.35362 2.4769 1.59327 1.70497 2.23008 1.54088 1.73966 1.96796 2.05873 1.66514 2.15956 2.24096 1.84739 1.48103 1.88481 2.8162 1.51481 1.47 1.31343 1.30763 1.20371 1.14833 1.09459 1.03052 0.942857 0.63587 0.631809 0.596273
threshold=-1.4452023777117029 1.6004708015032609 -0.53675320810815863 -1.2762404164070149 0.28607192950315402 0.19244680115604237 -0.81026316691744971 -0.51221253395084887 -1.2774346338347358 1.2108304412482227 0.48971397607011363 -1.5804302443708151 -0.21304633529873965 0.3770892665604601 0.086372364827836015 -0.53425250455887141 -0.88525528531779474 -0.73041572042155589 0.32591842428019629 0.37696735573164758 1.0000000180025095e-35 0.66770399324222274 -0.77621829652742014 0.31304305119263248 -0.68991131940925465 -0.12230797952724398 0.77046870709449045 1.1590988436196301 0.59944599315565505 -0.19683460603195446 1.5272328699723443
decision_type=2 2 2 2 2 2 2 2 2 2 2 2 2 2 2 2 2 2 2 2 2 2 2 2 2 2 2 2 2 2 2
left_child=-1 2 5 4 20 6 -2 22 -5 10 11 -10 13 14 25 -14 -17 19 29 -18 -4 23 -8 -12 -24 -13 -3 -25 30 -19 -11
right_child=1 26 3 8 -6 -7 7 -9 9 28 21 12 15 -15 -16 16 17 18 -20 -21 -22 -23 24 27 -26 -27 -28 -29 -30 -31 -32
leaf_value=-0.14176338695215662 0.028405777789393485 0.0096136630686608285 -0.0020669320916745447 -0.025095797621641935 -0.020300812274916782 0.041808386903744582 -0.025666260896012719 0.010960668534291784 -0.039068134212310215 -0.024185570039072957 0.012142693699105679 0.0037044436609946275 0.011324697198788414 0.02454018679572556 -0.012127909397479188 -0.0091866800603384036 -0.0041287158289435412 0.039623172078530902 -0.0012954761535468153 0.00050338998456496149 0.0011059016055789074 -9.1130902122671395e-05 0.0070400477037793514 0.0093927468036206115 -0.001744970214888042 -0.014081857850132452 0.35496485199501393 -0.00014959887328416246 -0.00019297739835124619 0.0085448425188118914 -0.0034948979282461326
leaf_weight=24 36 20 30 26 23 24 29 40 23 25 25 37 22 31 32 20 28 29 31 22 20 32 22 20 38 37 22 22 26 20 21
leaf_count=24 36 20 30 26 23 24 29 40 23 25 25 37 22 31 32 20 28 29 31 22 20 32 22 20 38 37 22 22 26 20 21
internal_value=0.000554259 0.000990396 0.000474083 -0.000830565 -0.00924658 0.00462963 0.00287879 0.000193798 0.000330813 0.000944334 0.00214617 0.000301205 0.0013754 -0.00273723 -0.00613208 0.00465116 0.00266667 0.00461538 0.009375 -0.003 -0.003 0.00833333 -0.00421348 0.0123134 0 -0.00135135 0.0107143 0.00714286 -0.00625 0.0168367 -0.00978261
internal_weight=857 833 791 602 73 189 165 129 529 503 431 332 309 137 106 172 150 130 80 50 50 99 89 67 60 74 42 42 72 49 46
internal_count=857 833 791 602 73 189 165 129 529 503 431 332 309 137 106 172 150 130 80 50 50 99 89 67 60 74 42 42 72 49 46
is_linear=0
shrinkage=0.05


Tree=106
num_leaves=32
num_cat=0
split_feature=6 33 43 46 7 41 38 42 6 6 16 17 36 33 5 45 43 5 44 45 8 37 8 42 10 11 7 33 46 11 8
split_gain=2.15973 1.69255 1.98335 2.8782 1.97158 1.91291 1.67428 1.64642 1.97204 1.682 2.90324 1.7056 1.49954 1.56603 1.47 1.42989 1.65004 1.61038 1.56438 1.74933 1.40043 2.67129 1.39032 1.3195 1.10928 1.38135 1.3361 2.37576 0.975072 0.890287 0.625
threshold=-1.4706510336569438 2.5250263001074447 -0.40639077773492333 -0.79841102627262794 -0.5140458955044519 -0.26380345863521631 0.22705368842814916 -0.59587127004291196 -0.68638862375306242 -0.25068728491757275 -0.21523744686808374 -0.14005367578311081 -0.67741861350340205 0.086372364827836015 -0.1512991639005585 -0.70126461972204801 -0.75533859377444823 -0.77076732597391784 -0.82444977381615792 0.60246097512443364 -0.087601109652781853 0.89361022062043771 -0.29407598315697264 -0.94021698099600448 0.73934365449905193 0.53616359807881486 0.49550069655064227 0.23985408103424494 -1.117019613490833 0.21417165095860605 -0.75864444854140201
decision_type=2 2 2 2 2 2 2 2 2 2 2 2 2 2 2 2 2 2 2 2 2 2 2 2 2 2 2 2 2 2 2
left_child=-1 2 5 4 -4 6 15 23 -9 14 -11 20 -7 -14 -10 16 -2 -18 -17 22 -12 29 30 -5 26 -26 27 -13 -6 -22 -20
right_child=1 -3 3 7 28 12 -8 8 9 10 11 24 13 -15 -16 18 17 -19 19 -21 21 -23 -24 -25 25 -27 -28 -29 -30 -31 -32
leaf_value=-0.13467521760454845 0.025855687716261858 0.33321686737565842 -0.0012367469962178746 -0.0010332526730259417 0.0094236518954303964 0.0088371625906191308 0.016655853223588226 0.012004598563305536 -0.066205818373298794 0.0015803223005562473 8.9436384914876044e-05 0.0010852277852755777 0.033067058168911957 -0.0026033979332432014 -0.01120705551184429 0.0058267302725248278 -0.018758009948371068 0.003675096278549006 -0.016457185461715797 0.00091063530735056028 -0.022139093965184032 0.0002360394524032472 -0.021885577362878907 -0.025968963569340531 -0.011667718556793716 0.0024938620045730888 0.011089197464963974 -0.01560490926288054 0.032054172977083795 -0.011673852847727062 0.00053964614387922436
leaf_weight=24 23 20 28 20 23 24 39 39 20 29 36 24 23 20 30 40 31 26 20 23 26 27 38 27 21 24 38 20 27 27 20
leaf_count=24 23 20 28 20 23 24 39 39 20 29 36 24 23 20 30 40 31 26 20 23 26 27 38 27 21 24 38 20 27 27 20
internal_value=0.000204201 0.000630252 0.000276753 -0.00174897 0.00705128 0.00328746 0.00134615 -0.00343137 -0.00228532 -0.00357143 -0.00202206 -0.00380658 0.0108209 0.00523256 -0.012 -0.000339367 0.005 0.000438596 -0.00336879 -0.00668317 -0.00818966 -0.011875 -0.0102564 -0.012234 0.00019685 -0.00611111 0.00365854 -0.00227273 0.013 -0.0183962 -0.00375
internal_weight=857 833 813 486 78 327 260 408 361 322 272 243 67 43 50 221 80 57 141 101 116 80 78 47 127 45 82 44 50 53 40
internal_count=857 833 813 486 78 327 260 408 361 322 272 243 67 43 50 221 80 57 141 101 116 80 78 47 127 45 82 44 50 53 40
is_linear=0
shrinkage=0.05


Tree=107
num_leaves=31
num_cat=0
split_feature=6 33 43 8 46 10 42 42 46 37 20 7 7 43 44 7 42 37 0 10 41 37 45 6 35 47 13 6 36 12
split_gain=2.21115 1.90921 2.14463 1.7314 1.22811 1.75418 1.45552 1.291 1.56463 1.5525 1.51015 1.29643 1.24877 1.74729 1.21322 1.80799 1.58409 1.13547 1.5001 1.46609 1.30884 3.43718 1.83333 1.67663 1.43539 1.05744 0.975452 0.724857 0.689068 0.478139
threshold=-1.4706510336569438 2.141322009591422 -0.39666637406599436 -0.44893213828511574 -0.79841102627262794 -0.31314508072831471 -0.15455464048808604 0.6439711892221035 0.97844455629043914 0.85917231553068574 0.066401429129232373 0.42819759041363598 -0.31213657709343312 0.030178849742978204 0.031704026955044033 -0.64865210777846449 0.25509801564576601 0.6869827900819262 -1.2485767956218454 0.64366286038747311 -0.6182454588055738 -0.19118378970674779 -0.15039465006860517 -0.42496782045176862 -0.2865319039434408 1.0000000180025095e-35 0.19893427236597411 -0.25068728491757275 -0.50578146797788504 -0.39206532149820422
decision_type=2 2 2 2 2 2 2 2 2 2 2 2 2 2 2 2 2 2 2 2 2 2 2 2 2 2 2 2 2 2
left_child=-1 2 17 14 5 -5 26 9 10 12 -9 -12 -8 -14 15 -4 -17 18 29 20 22 24 25 -23 28 -20 -6 -16 -22 -2
right_child=1 -3 3 4 6 -7 7 8 -10 -11 11 -13 13 -15 27 16 -18 -19 19 -21 21 23 -24 -25 -26 -27 -28 -29 -30 -31
leaf_value=-0.12794145672432081 0.014147032663310456 0.06855520440756209 -0.0052510722864980153 -0.0012689953286944445 -0.0016194114376922642 0.030656417711405481 0.0022756900634632871 -0.00011154546955296497 8.5770388733408256e-05 0.046713679660899746 -0.046916181658647818 -0.0057978933781100755 -0.01673673919646319 0.00030854012690753054 -0.014015603894810625 0.0072508025582891378 -0.00037163728951838948 -0.0046554107571679998 -0.00030014945435681285 0.01110143141965665 0.013725830483167556 0.002943707954158015 0.0024148591809961318 -0.0044223642379421337 0.002727601853493411 -0.025675732237026239 -0.01824089006878751 0.0004185457475166743 0.0081279299144171088 0.014272272290367739
leaf_weight=24 20 27 36 20 28 27 21 32 37 21 21 35 29 31 21 39 20 29 35 30 25 22 27 38 30 37 30 22 21 22
leaf_count=24 20 27 36 20 28 27 21 32 37 21 21 35 29 31 21 39 20 29 35 30 25 22 27 38 30 37 30 22 21 22
internal_value=0.00037923 0.000810324 0.000372208 -0.00180851 -0.00376506 0.0037234 -0.005 -0.00319383 -0.0066 0.000980392 -0.0102273 -0.0151786 -0.00216049 -0.00583333 0.00289855 0.00605263 0.0114407 0.00342262 0.00431596 0.00292453 0.00159574 0.00477941 -0.00277778 -0.00416667 0.0118421 -0.00694444 -0.012069 -0.00406977 0.0173913 0.0130952
internal_weight=857 833 806 470 332 47 285 227 125 102 88 56 81 60 138 95 59 336 307 265 235 136 99 60 76 72 58 43 46 42
internal_count=857 833 806 470 332 47 285 227 125 102 88 56 81 60 138 95 59 336 307 265 235 136 99 60 76 72 58 43 46 42
is_linear=0
shrinkage=0.05


Tree=108
num_leaves=32
num_cat=0
split_feature=31 10 43 17 38 35 49 2 37 5 5 8 47 7 11 46 37 7 38 41 39 46 34 35 38 10 14 41 43 34 39
split_gain=2.29821 1.6318 1.60126 2.80265 1.77873 1.2447 1.40659 2.79301 1.15171 1.29601 2.0554 1.37435 2.14235 2.57301 2.32194 1.82156 1.7889 1.4961 1.48246 1.82298 1.80531 1.45319 1.31698 1.13056 1.11218 1.80999 1.03052 0.809365 1.91408 0.808043 0.793981
threshold=-1.4452023777117029 1.6004708015032609 -0.55931868460698064 -1.2762404164070149 0.36594622487163503 0.19244680115604237 1.0000000180025095e-35 -0.8129026775856355 1.7545578478642356 1.068278780181368 1.5135215216715951 -0.39731341990906804 0.6850046860900979 -0.24483347095642685 0.53616359807881486 0.40249826401137601 -0.87994189150178614 0.36089448427662973 -0.78291796546337122 0.11432681788314139 0.4585637681603571 -0.51656496834883103 -0.20284694594919631 -0.5944467857931085 0.18075617628032056 1.0000000180025095e-35 0.77046870709449045 -0.59465764983405467 -0.77259937383682253 -0.2710747356562147 -0.36905526317027854
decision_type=2 2 2 2 2 2 2 2 2 2 2 2 2 2 2 2 2 2 2 2 2 2 2 2 2 2 2 2 2 2 2
left_child=-1 2 5 4 29 6 7 -2 9 11 -11 16 14 -14 15 24 -5 -16 -18 20 21 -20 -15 -9 25 -13 -3 28 -8 -4 -23
right_child=1 26 3 8 -6 -7 27 23 -10 10 -12 12 13 22 17 -17 18 -19 19 -21 -22 30 -24 -25 -26 -27 -28 -29 -30 -31 -32
leaf_value=-0.12154438388810435 -0.045538188641386063 0.0079283364033123863 0.0010350913058289281 -0.0010836325577628259 -0.01623925900753136 0.038999387249992884 0.0093319572545965453 0.01859577950147866 -0.018868407466565176 0.044582442149143732 -0.002981084788424937 -0.0022154872006140635 0.0067780008352841042 -0.017582412151432438 -0.0006135785723103027 -0.036769216815837072 0.0066014340230424297 0.053527817809031576 0.0075660071166311132 0.017312231613581731 -0.021433976369860375 -0.001984866890099113 0.00069855180557993897 -0.00069092346210339892 -0.022269583525894632 0.0018483490093146315 0.32539608094037792 0.024929014498971471 -0.0089093915765687381 -0.003303096420751217 0.0020887145107238328
leaf_weight=24 20 20 21 31 28 22 21 29 26 28 24 46 24 21 35 49 38 20 20 25 21 21 33 35 25 24 22 26 25 26 27
leaf_count=24 20 20 21 31 28 22 21 29 26 28 24 46 24 21 35 49 38 20 20 25 21 21 33 35 25 24 22 26 25 26 27
internal_value=0.000670945 0.00111044 0.000600506 -0.000611746 -0.00966667 0.00477528 0.00320513 -0.00119048 0.000650558 0.00117188 0.00865385 0.000326087 -0.00189531 0.00512821 -0.00464824 -0.00798611 0.00368852 0.00409091 0.00592105 0.00307018 -0.000280899 0.00367647 -0.000925926 0.00390625 -0.00394737 -0.000714286 0.0107143 0.00833333 0.00434783 -0.0037234 -0.00104167
internal_weight=857 833 791 613 75 178 156 84 538 512 52 460 277 78 199 144 183 55 152 114 89 68 54 64 95 70 42 72 46 47 48
internal_count=857 833 791 613 75 178 156 84 538 512 52 460 277 78 199 144 183 55 152 114 89 68 54 64 95 70 42 72 46 47 48
is_linear=0
shrinkage=0.05


Tree=109
num_leaves=32
num_cat=0
split_feature=34 33 40 8 34 45 38 33 33 49 45 39 44 37 44 34 35 0 8 37 43 47 43 37 34 38 42 20 45 36 17
split_gain=2.16453 1.61458 2.45704 1.19927 1.72582 0.940907 1.03856 1.37061 1.6306 1.35387 1.30072 1.71303 1.60933 1.30997 1.24549 1.15433 1.06209 2.31274 1.68353 1.64291 1.3973 1.75784 1.31825 2.30485 1.22606 1.45385 1.17926 1.84477 1.05834 0.875758 0.642995
threshold=-1.4309471606755273 2.5250263001074447 1.24522842554154 0.84153582111607694 1.110538005910908 -1.1786852600883653 -1.1841630707445525 -1.141481364823435 -0.85157145643355159 1.0000000180025095e-35 -0.89712949782105 -1.0360960466704052 -0.93452669105816943 -0.036213216802864198 -0.78775746806882052 -0.64632757904481575 -0.30363828626842232 -0.74914607737310734 -0.087601109652781853 0.7386396477165541 -0.5135140356152369 -0.6742562721864499 -0.061384186020540153 0.10153840355614348 0.27474758199993249 -0.066163888508098692 0.41341788275063612 1.3280285825846474 -0.3707426379299823 -0.059524889611540878 -0.14005367578311081
decision_type=2 2 2 2 2 2 2 2 2 2 2 2 2 2 2 2 2 2 2 2 2 2 2 2 2 2 2 2 2 2 2
left_child=-1 2 5 4 -4 -2 9 -8 15 -7 13 -12 28 -10 -14 -9 17 29 19 24 -20 -22 23 30 25 -18 -23 -28 -13 -16 -19
right_child=1 -3 3 -5 -6 6 7 8 10 -11 11 12 14 -15 16 -17 18 22 20 -21 21 26 -24 -25 -26 -27 27 -29 -30 -31 -32
leaf_value=-0.023458504217528289 0.0025600355685995169 0.31300458249612434 0.00068716880730193 -0.039526529619750762 -0.0025920013840107004 -0.050700906048909644 -0.020530366044303607 0.019800832486514965 -0.02163769351852949 0.0081534713693649508 -0.0050525396326023047 0.040210718751333731 -0.0054675995011592704 0.0031935748817844001 -0.00035758084285788529 0.0029703231829074639 0.024842621939504286 -0.00013809505478903361 0.0077467946095481468 -0.00039861249781409925 -0.047929896964890875 -0.014328422137410968 0.010095565141213569 -0.0047789997610436785 0.042475418023505546 -0.00027605746801597777 0.035566126158641964 -0.010748862812491922 0.00077915899008829115 -0.025827427654051861 0.017665990526404586
leaf_weight=29 38 20 33 21 29 21 26 20 32 22 45 21 27 21 20 32 35 22 23 28 20 38 31 22 31 30 29 22 22 24 23
leaf_count=29 38 20 33 21 29 21 26 20 32 22 45 21 27 21 20 32 35 22 23 28 20 38 31 22 31 30 29 22 22 24 23
internal_value=0.000495916 0.000966184 0.000618812 -0.00753012 -0.00403226 0.00155172 0.00112809 0.00163043 0.00210356 -0.00639535 0.00132509 0.00209552 0.00299145 -0.00613208 0.00205882 0.0105769 0.00276382 -0.000704225 0.0046875 0.00887097 0.000757576 -0.0016055 0.00357143 -0.000373134 0.0119792 0.00807692 0.00140449 0.00637255 0.0122093 -0.0102273 0.00611111
internal_weight=857 828 808 83 62 725 687 644 618 43 566 513 468 53 425 52 398 142 256 124 132 109 98 67 96 65 89 51 43 44 45
internal_count=857 828 808 83 62 725 687 644 618 43 566 513 468 53 425 52 398 142 256 124 132 109 98 67 96 65 89 51 43 44 45
is_linear=0
shrinkage=0.05


Tree=110
num_leaves=32
num_cat=0
split_feature=7 9 33 0 37 48 18 36 13 39 7 33 40 38 6 6 42 36 34 37 37 11 2 13 35 43 6 16 17 34 43
split_gain=2.35201 1.42557 1.9885 1.88648 1.68524 2.2736 1.83635 1.55086 2.27295 3.29946 2.77427 1.52404 1.67614 2.04848 1.88777 1.837 1.89905 1.51318 1.667 1.35804 1.88818 1.41884 1.33333 1.03896 1.01637 1.00832 0.953894 1.25231 1.08857 0.802914 0.689307
threshold=-1.3889862752855333 -0.053474480262285844 -0.33996573574552202 0.74914607737310757 -0.34615436261063143 0.2319176999979152 -0.87616987279080039 0.094948541361424457 1.0000000180025095e-35 -0.54140648875751818 0.36089448427662973 -0.13532344747031019 -0.37835643310305139 -0.33366062536221947 0.44643485721921083 -0.59924835598596438 0.96555841927887187 -0.76323718626616055 -0.79984010588560717 -0.13952693207211994 -0.75940922368765429 1.0000000180025095e-35 -0.40937448594526676 0.79902224258553678 0.19244680115604237 -0.6420919752876082 1.7535388737256803 0.65066056686405427 -0.14005367578311081 -0.23696084080270549 -0.31394113728675482
decision_type=2 2 2 2 2 2 2 2 2 2 2 2 2 2 2 2 2 2 2 2 2 2 2 2 2 2 2 2 2 2 2
left_child=-1 2 3 4 5 17 -6 19 9 -9 -10 -4 13 -13 15 -14 24 -2 -19 20 -3 -21 -8 -23 -17 -5 27 28 -12 -22 -27
right_child=1 7 11 25 6 -7 22 8 10 -11 26 12 14 -15 -16 16 -18 18 -20 21 29 23 -24 -25 -26 30 -28 -29 -30 -31 -32
leaf_value=-0.071359318582972273 0.010143401978868384 0.00020152355043521198 -0.021803679406740176 -0.048849831041922448 0.0072144360830876057 0.0054941364181502195 0.0153655443725647 -0.00064725945512762457 0.0038271172405700328 0.040452915751936304 -0.015139041575084633 -0.0021292412031776566 0.0029721336691537203 0.018172764192800627 0.013709913178470857 -0.0027061347143217066 0.00082803886618236793 0.0030308668412899922 -0.041134345571910563 -0.0050751293191453328 0.0026225052674270447 0.00032957060310110368 -0.019096424789653101 0.079762100902443941 -0.0055172252317603927 0.0013669628409431313 0.0030906806527084998 -0.048192318733977405 -0.0011987838184239763 0.034395006486838756 -0.0022146859481296135
leaf_weight=34 34 44 49 20 21 23 30 20 45 31 22 24 26 20 21 41 20 21 27 29 22 35 20 20 33 26 22 20 27 30 21
leaf_count=34 34 44 49 20 21 23 30 20 45 31 22 24 26 20 21 41 20 21 27 29 22 35 20 20 33 26 22 20 27 30 21
internal_value=-0.000341686 0.000177725 -0.00162474 0.00154321 0.00426136 0.000238095 0.0102113 0.00252044 -0.000668449 0.00833333 -0.00404412 -0.00491453 -0.00283784 0.00568182 -0.00549645 -0.00791667 -0.0111702 -0.00365854 -0.009375 0.00583333 0.00989583 0.00119048 0.005 0.00590909 -0.0148649 -0.00559701 -0.00906593 -0.0119565 -0.00765306 0.0163462 -0.00159574
internal_weight=878 844 477 243 176 105 71 367 187 51 136 234 185 44 141 120 94 82 48 180 96 84 50 55 74 67 91 69 49 52 47
internal_count=878 844 477 243 176 105 71 367 187 51 136 234 185 44 141 120 94 82 48 180 96 84 50 55 74 67 91 69 49 52 47
is_linear=0
shrinkage=0.05


Tree=111
num_leaves=32
num_cat=0
split_feature=16 38 7 39 39 44 0 7 15 34 17 8 16 35 36 40 0 4 34 17 39 36 43 35 35 34 12 34 36 17 4
split_gain=1.51263 1.67017 1.26071 1.07497 1.30519 1.84697 2.23792 1.91717 1.56749 1.73651 1.45978 1.4433 1.34103 1.41891 1.89057 2.36482 2.11047 1.83923 1.73468 1.6637 1.35896 1.34291 1.32305 1.30662 1.19346 1.15103 2.93564 1.65928 1.09247 0.935826 0.827755
threshold=1.3285675644569783 1.6965710184536722 -1.3889862752855333 -1.1727179454127956 -0.54140648875751818 0.74108860473689708 -1.2485767956218454 0.56280380268764862 1.1626246153537074 0.32591842428019629 1.0000000180025095e-35 -0.50055085666116339 0.069597426070119511 -1.022106343917647 0.21509454322928637 0.23564758653266801 0.74914607737310757 -0.3061108165611624 -0.62927063161806118 -0.25367234984550119 0.030431272356366688 0.48971397607011363 -0.44720604574474426 0.12402127185611619 -0.098361698368643849 0.27474758199993249 0.38921393734185333 -0.2710747356562147 -0.48861775342533337 -0.4809096979702821 1.0000000180025095e-35
decision_type=2 2 2 2 2 2 2 2 2 2 2 2 2 2 2 2 2 2 2 2 2 2 2 2 2 2 2 2 2 2 2
left_child=1 2 -1 -4 5 6 -5 10 12 -10 29 -12 13 18 15 16 19 -16 -6 24 -21 -19 -14 -22 -15 27 -27 -24 -18 -8 -13
right_child=-2 -3 3 4 8 -7 7 -9 9 -11 11 30 22 14 17 -17 28 21 -20 20 23 -23 25 -25 -26 26 -28 -29 -30 -31 -32
leaf_value=-0.065977849442528227 0.69320875785772673 -0.020779972189772879 0.0044677442728556114 0.022594089590091928 -0.015450393409959419 -0.011506638045509021 -0.0092416691204050497 0.011307494269442487 0.00032375219412585923 -0.032791550169845606 0.012098222781683888 -0.0061228882360566672 0.016409983787556825 0.0007620815077544308 0.01139995367599056 -0.0041156786820415901 -0.020400059413107387 0.006238563816843623 0.0044302580728491142 0.00086971750528093146 -0.032398954391085512 -0.001539239794003322 0.010572298697923088 -0.0056426505684761714 0.0081350617838793944 -0.0058539975108573119 0.044799949619257977 -0.012078207211996528 -0.00027919170220869205 -0.0082893667160881535 -3.2145490564516876e-05
leaf_weight=33 26 31 34 29 21 33 37 29 23 30 24 25 31 31 33 30 23 20 34 36 21 37 23 20 21 27 25 25 20 22 24
leaf_count=33 26 31 34 29 21 33 37 29 23 30 24 25 31 31 33 30 23 20 34 36 21 37 23 20 21 27 25 25 20 22 24
internal_value=-0.000341686 -0.000704225 -0.000274056 0.000126904 -0.000265252 -0.00347534 -0.00157895 -0.00388199 0.00108286 -0.00707547 -0.00643939 -0.00171233 0.00198745 0.000360231 -0.0010274 -0.00371287 -0.00145349 0.005 0.00772727 0.00174419 -0.00292208 -0.000438596 0.00629771 -0.00914634 0.00865385 0.0035 0.00865385 -0.00208333 -0.0110465 -0.0122881 -0.00663265
internal_weight=878 852 821 788 754 223 190 161 531 53 132 73 478 347 292 202 172 90 55 129 77 57 131 41 52 100 52 48 43 59 49
internal_count=878 852 821 788 754 223 190 161 531 53 132 73 478 347 292 202 172 90 55 129 77 57 131 41 52 100 52 48 43 59 49
is_linear=0
shrinkage=0.05


Tree=112
num_leaves=32
num_cat=0
split_feature=10 8 33 0 34 44 44 16 11 44 16 6 33 5 9 37 42 34 14 2 13 17 35 6 4 6 33 44 10 42 6
split_gain=1.40384 3.71302 2.1497 1.83626 1.56499 1.84537 1.63009 1.54974 1.50119 1.44657 1.33259 1.42335 1.29925 1.22397 1.21625 1.27011 1.35451 1.7042 2.77486 1.35484 1.7082 1.33929 1.28573 1.00212 1.36704 1.14855 0.840003 0.875758 0.818182 0.753463 0.700036
threshold=-0.50450666895147223 -0.087601109652781853 0.23985408103424494 0.74914607737310757 -0.39047336764349688 -0.82444977381615792 -0.677680550826809 -0.92162793175482782 1.0000000180025095e-35 -0.94675745964061531 1.3285675644569783 -0.68638862375306242 -0.73219678827301138 -0.19001592403014342 -0.42075846645051956 -0.84550398641203417 -0.24855706158160265 0.13829200258589566 0.36312008047820415 0.17757561098617861 0.19893427236597411 0.42803969452884144 0.72274465323047032 -0.076406749383376896 -0.21304633529873965 0.35929458945211284 -0.62987564413540542 -0.677680550826809 0.35662047805273672 0.15219010202760008 -0.94780942705435633
decision_type=2 2 2 2 2 2 2 2 2 2 2 2 2 2 2 2 2 2 2 2 2 2 2 2 2 2 2 2 2 2 2
left_child=1 2 3 7 6 29 9 -1 26 -2 11 -7 -5 -3 -13 -16 28 18 -18 21 -21 -19 -22 24 -8 -25 27 -9 -17 -6 -28
right_child=4 13 -4 12 5 10 23 8 -10 -11 -12 14 -14 -15 15 16 17 19 -20 20 22 -23 -24 25 -26 -27 30 -29 -30 -31 -32
leaf_value=-0.059465749142731283 0.0020823141532630984 -0.041569084156622443 -0.045295171573187076 -0.067178364791381992 0.0049023280869953112 0.0033105526919882779 -0.0087795856643850811 0.013961084731142393 -0.00064672764786450905 -0.011020323408612854 0.85415670230814844 -0.015637793930166313 0.00049126218600719089 -0.00077838326001895559 -0.027140451561595572 -0.00017099149921691038 -0.0037093314884941719 0.042511978092032623 0.00503437687531374 0.0038488964748495391 -0.00053520242546483137 -0.00032423846067359819 -0.013911177563630873 0.026318803256569368 0.0026389545658176417 0.012203918330169473 -0.0099497443897178083 0.035833290401077987 0.0064881718128781077 0.014540157367784447 0.0075711198138094463
leaf_weight=21 31 34 29 22 22 23 25 24 39 27 21 26 23 20 25 22 38 40 32 29 35 35 29 34 37 25 23 20 22 20 25
leaf_count=21 31 34 29 22 22 23 25 24 39 27 21 26 23 20 25 22 38 40 32 29 35 35 29 34 37 25 23 20 22 20 25
internal_value=-0.000113895 -0.00303571 -0.000221239 0.00164975 0.00125418 -0.000417661 0.0051676 0.00427632 0.00629771 -0.00172414 -0.0015252 -0.00224719 -0.00722222 -0.0148148 -0.00307808 -0.0021987 -0.00124113 -0.00273109 -0.00928571 0 -0.00403226 0.005 -0.00859375 0.00847107 0.00403226 0.0131356 0.00978261 0.0147727 0.00681818 0.00952381 0.00520833
internal_weight=878 280 226 197 598 419 179 152 131 58 377 356 45 54 333 307 282 238 70 168 93 75 64 121 62 59 92 44 44 42 48
internal_count=878 280 226 197 598 419 179 152 131 58 377 356 45 54 333 307 282 238 70 168 93 75 64 121 62 59 92 44 44 42 48
is_linear=0
shrinkage=0.05


Tree=113
num_leaves=32
num_cat=0
split_feature=6 40 7 44 8 3 43 6 44 8 40 43 33 40 36 40 9 36 42 42 0 43 6 4 45 36 37 45 44 17 33
split_gain=1.72432 1.55495 2.18118 1.4351 1.50738 2.71615 2.84765 2.19467 1.99415 1.94216 2.52288 1.75138 1.73233 1.70028 2.44065 1.44075 1.78017 1.79094 1.42234 2.00174 2.1727 1.92824 1.33361 1.26868 1.34517 1.2331 1.15366 1.10592 1.09716 1.04809 0.952381
threshold=-1.4706510336569438 -0.64322091216159705 0.42819759041363598 -1.0568343768826269 0.11887376385140898 0.2319176999979152 -0.31958524090188889 0.79499592828760257 -0.43306517917789411 -0.19083854640487727 0.63982390197915018 -0.49833023926513353 0.23985408103424494 1.0508798142842959 0.6613511215956307 -0.4402728048310231 -0.053474480262285844 -0.36847175155747142 -0.89865801588097605 -1.0411458962753595 -0.74914607737310734 -0.6420919752876082 -0.68638862375306242 -0.21304633529873965 -0.3217764184052318 -0.059524889611540878 -0.087870074437492063 -0.064703765900291824 0.48424246450553654 0.2008023464040605 0.58092456149293148
decision_type=2 2 2 2 2 2 2 2 2 2 2 2 2 2 2 2 2 2 2 2 2 2 2 2 2 2 2 2 2 2 2
left_child=-1 2 18 -3 8 11 -7 25 23 10 15 -6 -11 30 -15 -10 17 -17 19 20 -2 -22 -19 24 -5 -8 -20 -9 -12 -23 -13
right_child=1 3 -4 4 5 6 7 27 9 12 28 13 -14 14 -16 16 -18 22 26 -21 21 29 -24 -25 -26 -27 -28 -29 -30 -31 -32
leaf_value=-0.09956728421528141 0.011367679997584902 0.011070452211328075 0.038262326852198214 -0.035534406943330057 0.011593722413661568 0.050111674472572081 0.00056932634881476927 0.13405725521256925 0.003970350617208851 -0.0060310850068233893 -0.0065980077754950635 -0.0065996502385097244 8.3209688364860321e-05 0.061733596769836654 -0.012711675475011931 -0.0076963402350855858 0.0098677234357410284 0.026759170875858732 0.0038598369795906254 -0.028948940385575384 -0.039931485000123251 0.004643257663963141 -0.0022980438251266832 -0.047822324367818685 0.0040849901050719955 -0.0039608320250088978 0.00037277002773237203 0.033913509556276721 -0.00053450375220478465 -0.0057260966251938333 -0.014579533426925195
leaf_weight=25 31 39 23 29 25 23 22 20 23 38 20 42 32 20 38 22 29 21 28 28 35 21 30 31 23 26 33 21 26 26 28
leaf_count=25 31 39 23 29 25 23 22 20 23 38 20 42 32 20 38 22 29 21 28 28 35 21 30 31 23 26 33 21 26 26 28
internal_value=-5.69476e-05 0.000322392 0.00388889 -0.000955414 -0.00157046 0.00122642 0.00714286 0.00308989 -0.00385802 -0.00155602 0.00131579 -0.00310458 -0.00857143 -0.00546875 0.000862069 0.005 0.00245098 -0.00171233 0.00222772 -0.000531915 0.00243363 -0.00182927 0.00343137 -0.0105422 -0.00576923 -0.00416667 0.00860656 0.0115854 -0.00869565 0.00478723 -0.0107143
internal_weight=878 853 225 628 589 265 112 89 324 241 171 153 70 128 58 125 102 73 202 141 113 82 51 83 52 48 61 41 46 47 70
internal_count=878 853 225 628 589 265 112 89 324 241 171 153 70 128 58 125 102 73 202 141 113 82 51 83 52 48 61 41 46 47 70
is_linear=0
shrinkage=0.05


Tree=114
num_leaves=32
num_cat=0
split_feature=6 45 49 13 35 34 44 34 38 41 37 45 42 34 46 36 6 34 36 8 39 35 20 13 12 36 43 37 38 11 39
split_gain=1.33737 1.82461 1.57143 1.51453 1.22664 1.61286 1.09548 1.68899 1.53087 1.42686 1.45141 1.25768 2.74093 2.07746 1.41715 1.37845 1.4612 1.80067 2.39755 2.34056 1.43335 1.40152 1.22848 1.14711 1.73049 1.58838 1.13344 1.23367 1.12201 1.00747 1.55594
threshold=-1.4706510336569438 -1.1297190405636146 0.23152548893966207 -1.6013296382927136 -1.2273829318174254 -0.7316123161785888 -0.94675745964061531 -1.3456624235417542 -0.78291796546337122 -0.7361243244966823 -1.1382261796749253 1.3675581551986602 0.23926602893527904 1.6904742184205643 1.8117285536303604 -1.1065114773171945 1.0000000180025095e-35 0.08712116030563187 -0.38563546611002314 -0.19083854640487727 -0.23384573450266691 -0.47470210951823771 0.13280285825846475 1.0000000180025095e-35 -0.39206532149820422 0.36956797420225168 0.13671970677433018 0.11875735610101944 0.60600739897148692 -0.75180419040202018 -0.53823615395994573
decision_type=2 2 2 2 2 2 2 2 2 2 2 2 2 2 2 2 2 2 2 2 2 2 2 2 2 2 2 2 2 2 2
left_child=-1 2 -2 -3 5 -5 29 -8 22 -10 -11 13 -13 14 15 -12 17 18 -17 -20 -19 -18 -9 25 -25 -23 27 -26 -29 -6 -31
right_child=1 3 -4 4 6 -7 7 8 9 10 11 12 -14 -15 -16 16 21 20 19 -21 -22 23 -24 24 26 -27 -28 28 -30 30 -32
leaf_value=-0.094588920004517268 0.019307696779350892 -0.028786035192159432 -0.00017821400735158478 -0.002777744756448897 0.0052230095937936486 0.016487560339583495 -0.049280079343416362 0.0061718699087926158 0.0023197040446390816 -0.047788888555986377 0.00097451099158973875 -0.039455607435621688 -0.00011243467295543042 -0.017993873428036978 0.009466340016300024 -0.011204595673727625 0.011168267880574945 0.0085986439161814584 0.0017767249529200058 -0.011149919285641375 -0.00056864717640934257 -0.0029159799478989615 -0.001006997474557636 0.023064811191113678 -0.0014902418613345959 0.046032655281689476 0.0033204667979106262 -0.02333523707051768 -0.0014898794588148691 -0.017432193624351555 0.005925774961566788
leaf_weight=25 28 21 22 21 26 22 20 32 59 23 20 21 43 24 29 35 25 23 39 22 42 24 23 21 31 23 26 20 21 24 43
leaf_count=25 28 21 22 21 26 22 20 32 59 23 20 21 43 24 29 35 25 23 39 22 42 24 23 21 31 23 26 20 21 24 43
internal_value=0.000398633 0.000732708 0.01 0.000155666 0.000511509 0.00872093 3.38295e-05 -0.000696594 -0.000239617 -0.00100701 -0.00185547 -0.00127812 -0.0078125 -0.000294118 0.000561097 -0.000268817 -0.000994318 -0.00450311 -0.00885417 -0.00286885 0.00192308 0.00196335 0.00772727 0.000301205 -0.00231092 0.00691489 -0.00510204 -0.00833333 -0.0140244 0.00510753 0.00186567
internal_weight=878 853 50 803 782 43 739 646 626 571 512 489 64 425 401 372 352 161 96 61 65 191 55 166 119 47 98 72 41 93 67
internal_count=878 853 50 803 782 43 739 646 626 571 512 489 64 425 401 372 352 161 96 61 65 191 55 166 119 47 98 72 41 93 67
is_linear=0
shrinkage=0.05


Tree=115
num_leaves=32
num_cat=0
split_feature=6 6 9 6 16 16 8 46 9 16 44 6 15 4 44 4 7 4 41 43 35 36 16 19 12 11 36 10 11 7 8
split_gain=1.88517 2.1424 2.61864 1.58189 1.40836 2.76383 1.8707 2.16009 1.5179 1.41199 3.07703 1.88661 1.79247 1.59188 1.55344 1.92935 1.79167 2.08009 1.29548 1.23679 1.23083 1.23077 1.22644 1.10607 1.25639 2.0554 1.25417 1.01467 0.971645 0.84978 2.41472
threshold=-1.5577913014240419 -0.68638862375306242 -0.47322760733455299 -0.86066915928725829 0.65066056686405427 1.3285675644569783 0.37696735573164758 -0.47980243905442282 0.31380950592594797 0.13795779557528834 0.32524247293374192 -0.25068728491757275 -0.6235840104429119 -0.67836874161085348 -0.72660362515659183 -0.3061108165611624 0.29359137813962344 0.066147108488528672 -0.48938421752248479 -0.082347277774933225 0.85959571183032268 0.077784826808872748 -0.18105726211549936 1.0000000180025095e-35 -0.39206532149820422 -0.75180419040202018 -0.52294518253043665 0.069578095718000374 0.53616359807881486 1.0000000180025095e-35 0.78991710274002924
decision_type=2 2 2 2 2 2 2 2 2 2 2 2 2 2 2 2 2 2 2 2 2 2 2 2 2 2 2 2 2 2 2
left_child=-1 3 22 23 6 20 9 -8 29 11 21 12 -4 -13 -15 27 17 -17 -14 -20 28 -11 -3 24 25 -2 -25 -16 -6 -9 -31
right_child=1 2 4 -5 5 -7 7 8 -10 10 -12 13 18 14 15 16 -18 -19 19 -21 -22 -23 -24 26 -26 -27 -28 -29 -30 30 -32
leaf_value=-0.32430363322017686 0.013850831059744452 -0.0037821213758753914 -0.053659340307372363 0.0052999816412324209 -0.027003534430676268 0.413055922744681 0.026583965601751913 0.00015151915228130977 -0.0067324743779394684 -0.0027436162441382807 0.031668779530825475 -0.0017014690967641856 0.0047870877442072416 0.010859455224738213 0.0057281531167944879 -0.00018996242179269984 -0.0020278506152905606 0.0024770474262311385 -0.047160169042589219 0.0029206924388532232 -0.0027346263026061025 -0.013217442403147574 -0.03327819686853957 0.0035185507013636656 -0.048706468985838573 -0.0090111646250491621 0.016645003382598136 0.015009785415497846 -0.013465554985062057 0.026661590554044781 -0.0017161192310936714
leaf_weight=22 24 32 34 60 22 23 37 37 30 26 34 23 26 23 22 33 32 21 26 20 23 26 21 38 31 28 21 23 20 26 23
leaf_count=22 24 32 34 60 22 23 37 37 30 26 34 23 26 23 22 33 32 21 26 20 23 26 21 38 31 28 21 23 20 26 23
internal_value=0.000817362 0.00118497 -0.000188537 0.00569307 0.000737705 -0.00511364 0.00172414 0.00637255 0.00301724 -0.000203252 -0.00581395 0.00150177 -0.00377358 0.00466102 0.00649351 0.00438931 0 0.00555556 0.000694444 -0.00434783 -0.0103846 -0.0134615 -0.0108491 0.0028169 -0.000903614 0.00384615 0.00805085 0.0127778 -0.0154762 0.00639535 0.0107143
internal_weight=887 865 663 202 610 88 522 153 116 369 86 283 106 177 154 131 86 54 72 46 65 52 53 142 83 52 59 45 42 86 49
internal_count=887 865 663 202 610 88 522 153 116 369 86 283 106 177 154 131 86 54 72 46 65 52 53 142 83 52 59 45 42 86 49
is_linear=0
shrinkage=0.05


Tree=116
num_leaves=32
num_cat=0
split_feature=16 38 17 8 8 17 38 33 18 46 11 40 42 8 34 5 35 16 12 5 17 38 44 7 17 2 36 18 16 38 16
split_gain=1.68514 1.97121 2.31443 2.28906 2.17977 2.51669 2.15309 2.4375 1.97264 1.92552 1.8051 1.60443 2.29374 2.98328 1.77978 2.54779 1.28333 1.26033 1.44857 1.7616 1.25569 1.24989 2.48786 1.02172 1.06083 0.826186 0.75894 0.751111 0.602277 0.438312 0.4
threshold=-0.88744774700224338 -0.073022779196666082 -1.3898590904694055 -0.34569470153302034 0.53182351085979074 -0.93538439421984376 -0.35423729742792109 -1.1073743167775663 0.28359121486465527 -0.52881914478030045 1.0000000180025095e-35 0.14793272658470782 0.12151562777603135 -0.60378829341325879 0.035950318025368057 0.48752737823759346 -0.54312763881816384 0.78738130587439181 0.9100667765685585 0.95212849979261305 -1.049003068282234 -0.57372179946207147 -0.86114207956349509 -0.44674278936744566 0.2008023464040605 -0.27486508873181054 -0.50578146797788504 -0.29628932896307253 -0.51146571472381519 0.48940625726584458 -0.27220442145572438
decision_type=2 2 2 2 2 2 2 2 2 2 2 2 2 2 2 2 2 2 2 2 2 2 2 2 2 2 2 2 2 2 2
left_child=-1 3 -3 6 5 16 7 -2 10 -6 26 23 -13 -14 29 -16 -5 18 19 -17 -9 22 -22 -4 -25 -12 -7 -8 -24 -15 -10
right_child=1 2 11 4 9 8 27 20 30 -11 25 12 13 14 15 17 -18 -19 -20 -21 21 -23 28 24 -26 -27 -28 -29 -30 -31 -32
leaf_value=-0.070721035463478896 0.01162671552984449 -0.011033542313215607 0.0011875353263874899 0.0086195292144026336 0.038864154248083344 -0.00063371293243648103 0.028234053458365341 -0.042453453713889644 -0.032608740556170801 0.00030662963197869431 -0.00030420274096982781 0.013394011165642185 -0.0074204731851864386 -0.00057988538821049926 0.0078993648298478544 -0.0052069091040010569 0.00042308551454794951 -0.0094606322383839377 0.034177250839903195 0.0070421750855878436 -0.0048995858738592806 -0.014964120108529501 0.0050578401919395338 -0.03359735905283117 -0.0005066422909621338 -0.007091791096078737 0.022241171514890825 0.0025047319528852087 0.025105187141790709 -0.056641520826575233 -0.020494594866679705
leaf_weight=36 35 32 21 20 22 21 25 20 20 34 20 38 35 22 38 37 22 38 30 38 26 24 31 32 34 33 23 20 20 20 20
leaf_count=36 35 32 21 20 22 21 25 20 20 34 20 38 35 22 38 37 22 38 30 38 26 24 31 32 34 33 23 20 20 20 20
internal_value=0.000873732 0.00132197 -0.00114458 0.00366972 0.000319149 -0.0023743 0.00758706 0.00480769 -0.00565693 0.00892857 -0.00180412 -6.52742e-05 0.00168919 0 0.00213004 0.00428177 0.00833333 0.00122378 0.00404762 0.000333333 0.00144628 0.00371287 0.00681818 -0.00603448 -0.00909091 -0.00801887 0.00568182 0.0172222 0.0132353 -0.00714286 -0.015
internal_weight=887 851 415 436 235 179 201 156 137 56 97 383 296 258 223 181 42 143 105 75 121 101 77 87 66 53 44 45 51 42 40
internal_count=887 851 415 436 235 179 201 156 137 56 97 383 296 258 223 181 42 143 105 75 121 101 77 87 66 53 44 45 51 42 40
is_linear=0
shrinkage=0.05


Tree=117
num_leaves=32
num_cat=0
split_feature=16 40 2 15 5 34 48 14 43 15 15 48 19 37 2 2 16 45 40 34 5 43 14 10 6 2 10 6 7 38 45
split_gain=1.46012 1.70852 1.62568 1.49397 1.40266 1.31796 2.00588 1.26762 1.39977 1.12274 1.632 0.94478 0.926466 1.66855 1.49269 2.93416 1.28643 1.84878 3.27144 2.11962 1.61059 1.50076 1.20129 1.1051 2.06525 1.02948 2.0468 1.27348 0.920868 0.873123 0.692726
threshold=-0.88744774700224338 -0.72577607446555936 -0.066986929401923676 -0.17703185399375715 -0.71269218577954041 -0.81689705331236173 1.0000000180025095e-35 -0.45157717275436821 -0.70321442421202629 -1.0701361668920668 -0.84686008866748941 1.0000000180025095e-35 -0.6133503958973926 1.5307114647808484 -0.28709321575121566 -0.091443183440733891 0.65066056686405427 0.020987118268021524 0.46783398051256214 0.018893370598613457 0.81661983933906568 -0.19178806810694418 0.36312008047820415 1.0000000180025095e-35 -0.25068728491757275 0.44659440541309109 0.64366286038747311 0.79499592828760257 0.091682059728604548 0.97638749615411602 -0.55436596114779657
decision_type=2 2 2 2 2 2 2 2 2 2 2 2 2 2 2 2 2 2 2 2 2 2 2 2 2 2 2 2 2 2 2
left_child=-1 2 3 7 -5 6 -3 30 -9 11 -11 -7 14 16 22 -16 17 18 23 21 28 -19 -12 24 -14 -17 -27 -28 -21 -18 -2
right_child=1 5 -4 4 -6 9 -8 8 -10 10 12 -13 13 -15 15 25 29 19 -20 20 -22 -23 -24 -25 -26 26 27 -29 -30 -31 -32
leaf_value=-0.067184983690304276 0.014554167146508236 0.020791350281676557 0.030495960353960072 -0.026087399258219082 0.00070910509810602213 -5.1715137112751114e-05 -0.0012897211310516354 0.019808687815445581 -0.0019863551658403367 -0.041635872457766968 0.0011772265767149293 0.0079115875334878193 -0.058402954721213977 0.018925342220359201 -0.028213411820225787 0.0089346189052363911 -0.026603562634110747 0.020829312279271053 0.0043126359569157563 -0.00015508305097853282 0.0086009074526387508 0.00063245521148189718 0.069774088311105945 -0.010901510451280672 0.00049190379988743875 -0.0032086913288544849 0.015271611769981064 -0.0043987612911152501 -0.0095704700328383303 -0.0023294569543253377 0.0054893627381694902
leaf_weight=36 31 31 21 29 27 21 35 20 42 30 35 22 26 21 22 32 23 27 34 37 32 22 24 35 23 32 20 24 31 22 20
leaf_count=36 31 31 21 29 27 21 35 20 42 30 35 22 26 21 22 32 23 27 34 37 32 22 24 35 23 32 20 24 31 22 20
internal_value=0.000140924 0.000558167 0.00473684 0.00310651 -0.00357143 -0.000642965 0.00606061 0.00641593 0.0016129 -0.00138655 -0.00199275 0.00639535 -0.001341 -0.00292793 0.00145503 -0.00153846 -0.00384615 -0.00252809 -0.00720339 0.0011745 -0.003 0.00969388 0.00805085 -0.0125 -0.00765306 0.00185185 -0.00131579 0.00568182 -0.00735294 -0.0116667 0.0122549
internal_weight=887 851 190 169 56 661 66 113 62 595 552 43 522 333 189 130 312 267 118 149 100 49 59 84 49 108 76 44 68 45 51
internal_count=887 851 190 169 56 661 66 113 62 595 552 43 522 333 189 130 312 267 118 149 100 49 59 84 49 108 76 44 68 45 51
is_linear=0
shrinkage=0.05


Tree=118
num_leaves=32
num_cat=0
split_feature=6 33 37 9 43 46 0 42 35 33 7 34 38 5 40 9 43 39 46 15 36 15 37 37 7 5 42 44 35 35 35
split_gain=1.21787 1.61214 2.46166 1.60121 2.26534 1.28719 1.75324 1.36832 1.17918 2.10554 1.45833 1.40367 2.32608 2.28374 1.92008 1.84534 2.23048 2.18583 2.07171 1.7161 2.17475 1.76087 1.54926 1.59242 1.52111 1.3417 1.2235 1.11189 1.06325 1.03704 0.8926
threshold=-1.5577913014240419 -0.6810362162042084 0.22207107137027524 -0.52569674821858625 -0.5135140356152369 0.034872971067293097 0.74914607737310757 -1.1410853123853084 -0.5944467857931085 -0.25469811563085037 0.091682059728604548 0.13829200258589566 0.36594622487163503 1.0000000180025095e-35 0.29584405904597383 0.31380950592594797 0.40419485580545877 -0.49105575189942768 0.65983596907223407 1.1626246153537074 0.18076711412418298 1.0000000180025095e-35 -0.36337331515550736 -0.036213216802864198 -0.24483347095642685 -0.55782514526120053 0.39758589604014916 -0.68991131940925465 0.51746806533069178 -0.49180849184321934 0.92802124113024875
decision_type=2 2 2 2 2 2 2 2 2 2 2 2 2 2 2 2 2 2 2 2 2 2 2 2 2 2 2 2 2 2 2
left_child=-1 2 5 4 -3 6 7 27 9 25 -11 12 13 14 22 17 28 18 -13 20 21 -19 -10 -24 -25 -5 -15 -2 -17 -9 -14
right_child=1 3 -4 8 -6 -7 -8 29 11 10 -12 15 30 26 -16 16 -18 19 -20 -21 -22 -23 23 24 -26 -27 -28 -29 -30 -31 -32
leaf_value=-0.30119315060147756 0.0097400455306214453 0.0025575239879621851 -0.02527338450240393 0.0022940599655868255 -0.025752934147529771 0.0048206454659379012 -0.0079287754444536066 -0.0021900989962603036 -0.024066832641796057 0.00088791661867588807 0.032731121628593485 0.037419570620770774 -0.039580037302796717 0.00039029903898466504 -0.0060389390877517712 -0.0082343013744150539 0.036490461653342264 -0.0057101442373010515 0.0013336305173140774 -0.018989545661970197 0.0051243615684363423 0.00085775858567558325 0.031988520678499555 0.0024955504086598525 -0.003354035203514627 -0.0022882552453125982 0.032041606289791962 0.024009401930602792 -0.003302516520247423 0.002146359299399592 -0.0079745027032700477
leaf_weight=22 32 20 37 20 38 29 33 27 37 40 30 30 31 29 22 26 24 23 21 20 52 23 22 20 25 21 23 21 33 36 20
leaf_count=22 32 20 37 20 38 29 33 27 37 40 30 30 31 29 22 26 24 23 21 20 52 23 22 20 25 21 23 21 33 36 20
internal_value=0.000253664 0.000549133 0.00430233 -0.000692308 -0.00862069 0.00674157 0.00486577 0.00775862 8.44595e-05 0.00472973 0.01 -0.000987526 -0.00382096 -0.0011236 -0.0047619 0.0015873 -0.00451807 0.0045858 0.0132353 0.000847458 0.00357143 -0.00434783 -0.00192308 0.00261194 -0.00277778 -0.00426829 0.00769231 0.0136792 -0.00974576 0.00277778 -0.0132353
internal_weight=887 865 215 650 58 178 149 116 592 111 70 481 229 178 126 252 83 169 51 118 98 46 104 67 45 41 52 53 59 63 51
internal_count=887 865 215 650 58 178 149 116 592 111 70 481 229 178 126 252 83 169 51 118 98 46 104 67 45 41 52 53 59 63 51
is_linear=0
shrinkage=0.05


Tree=119
num_leaves=32
num_cat=0
split_feature=34 40 46 46 6 5 41 39 35 15 34 44 8 44 36 9 46 17 16 9 9 40 3 5 45 38 36 40 39 38 13
split_gain=1.76937 1.96328 2.47631 2.13722 1.84229 1.75723 1.66527 1.93263 1.47806 2.07407 1.58931 1.88931 1.40544 1.54887 1.36184 1.33929 1.25257 1.25241 1.77741 1.4068 1.31272 1.25022 1.23965 2.04522 1.2349 1.22231 1.44289 1.13351 1.06239 1.44386 0.94277
threshold=-1.482118002955791 0.65358309569647688 0.9539362034275003 0.32897320542255942 0.35929458945211284 0.8553365994686507 0.091467123652367949 0.4585637681603571 -0.6799786974180162 -1.0701361668920668 -0.85101094816587097 -0.34744979910077395 -0.50055085666116339 -0.15175750178164207 0.24942197233438976 -0.31582018468245282 0.010364618204354232 -0.25367234984550119 -0.51146571472381519 -0.52569674821858625 -0.36828932556648614 -1.0215987393880905 0.6850046860900979 -0.4029581047428607 -0.16263620494979278 0.25620397385455956 -0.11101603326919597 -0.51594837027632179 0.85141178296762199 1.1272830913025942 1.0000000180025095e-35
decision_type=2 2 2 2 2 2 2 2 2 2 2 2 2 2 2 2 2 2 2 2 2 2 2 2 2 2 2 2 2 2 2
left_child=-1 2 3 6 15 30 7 8 17 -10 -11 22 -13 -14 27 -4 -7 20 19 -19 -2 -20 23 -12 -9 26 -5 -8 29 -18 -3
right_child=1 5 4 25 -6 16 14 24 9 10 11 12 13 -15 -16 -17 28 18 21 -21 -22 -23 -24 -25 -26 -27 -28 -29 -30 -31 -32
leaf_value=-0.011696882158134515 -0.069454220410833045 -0.00052740085137159554 0.0050719212647614142 0.0044060080034370236 -0.0058897922897017457 -0.026195662045104484 0.015766969640009166 -0.0010118911852387668 0.012515521946212971 0.0051967858449849308 -0.060473126077420149 0.024635764248294834 0.013257212740627723 -0.0015067307574227586 0.0051772336831952259 0.0186412751237242 0.060313113872551588 -0.0024004092378888233 -0.016108780861235062 0.019314882920592427 -1.5962703326977134e-05 0.010657811580318822 -0.0023223318494984824 0.0010642820406573607 -0.036130336591081405 -0.010826186229209611 -0.010122971885368771 -0.0012689053690579045 -0.0015133055427824617 0.00058408442943687084 -0.010210983571175803
leaf_weight=22 27 44 24 25 20 36 21 23 27 30 23 23 21 44 34 32 22 23 20 27 26 22 21 27 21 29 34 40 24 27 48
leaf_count=22 27 44 24 25 20 36 21 23 27 30 23 23 21 44 34 32 22 23 20 27 26 22 21 27 21 29 34 40 24 27 48
internal_value=0.000366404 0.000722543 0.00203313 0.000935374 0.0105263 -0.00360697 0.0022 0.000802469 0.00200831 0.00462963 0.00277778 0.000786164 0.00568182 0.00192308 0.00815789 0.0151786 0.000688073 -0.00189655 0.00163043 0.008 -0.00801887 -0.00595238 -0.00528169 -0.001 -0.00909091 -0.00625 -0.00211864 0.00368852 0.00445205 0.00867347 -0.00869565
internal_weight=887 865 664 588 76 201 500 405 361 216 189 159 88 65 95 56 109 145 92 50 53 42 71 50 44 88 59 61 73 49 92
internal_count=887 865 664 588 76 201 500 405 361 216 189 159 88 65 95 56 109 145 92 50 53 42 71 50 44 88 59 61 73 49 92
is_linear=0
shrinkage=0.05


Tree=120
num_leaves=32
num_cat=0
split_feature=20 8 39 8 12 6 6 46 12 37 14 46 9 37 42 12 42 8 33 13 45 49 38 7 9 15 19 33 12 40 19
split_gain=2.26194 1.46586 1.88384 1.61423 1.45964 2.49889 3.957 2.56514 2.4306 1.97368 1.69918 1.55208 1.4718 1.60922 1.41943 2.41734 1.8442 1.41658 1.49453 1.87243 1.85277 1.36074 1.25765 1.17122 1.07848 1.04395 0.950694 1.05067 0.813346 0.751452 0.72803
threshold=1.2616271534554151 0.78991710274002924 0.3709603545900047 0.17049248222745669 0.64964035695520594 -0.68638862375306242 -0.86066915928725829 0.13290638251904854 -0.13163890188485169 -0.19118378970674779 1.5851659603270629 -0.22246473399356489 0.051463801505780955 -0.018994264257988242 -0.89865801588097605 -0.39206532149820422 -1.0609358796634683 0.32534863735559982 -1.0050531726399605 -0.80121234466663016 -0.56660751602898418 -0.6747314249098697 -0.9852552407761036 -0.042924152545408031 -0.15841276203035262 -0.17703185399375715 1.0000000180025095e-35 0.2569076050571793 -0.91291816072490928 -0.82553022891618033 1.0000000180025095e-35
decision_type=2 2 2 2 2 2 2 2 2 2 2 2 2 2 2 2 2 2 2 2 2 2 2 2 2 2 2 2 2 2 2
left_child=4 2 3 -2 5 6 14 8 17 25 12 -11 24 -14 16 28 22 18 -7 -20 -21 23 -1 -9 -6 -10 27 -23 -16 -8 -22
right_child=1 -3 -4 -5 10 7 29 21 9 11 -12 -13 13 -15 15 -17 -18 -19 19 20 30 26 -24 -25 -26 -27 -28 -29 -30 -31 -32
leaf_value=-0.040564920254902152 -0.0050511631162144972 -0.02404154385826587 -0.0028301306517448666 0.039287840346163706 0.00053982108972974176 0.00049203104208217496 0.010251742337900539 0.0051290978451326913 0.0053240780756738104 -0.0094011354994279379 1.5434513563336965 0.0051760481865429147 -0.02864851715528971 0.0031513268809817419 0.017329758239208105 -0.038420173587010713 -0.075714469372869075 0.0014051094626680084 0.0006268356022914646 -0.033671644300561354 -0.00070066696738706473 -0.0061577881140294725 0.024968473260384628 -0.0085935251490184324 0.012811687050837862 0.0013879911340936248 -0.0012470547127932719 -0.040077728815296615 0.016569036887974422 0.004339468417322934 -0.011034687737398486
leaf_weight=38 30 37 22 27 39 22 20 22 26 35 21 22 25 29 25 24 21 40 24 25 24 33 26 25 29 31 36 27 22 38 20
leaf_count=38 30 37 22 27 39 22 20 22 26 35 21 22 25 29 25 24 21 40 24 25 24 33 26 25 29 31 36 27 22 38 20
internal_value=-0.000819209 -0.00732759 -0.00348101 0.00131579 0.000162549 -0.000878594 0.00350467 -0.00315534 -0.00027881 0.00526316 0.00472028 -0.00131579 0.00245902 -0.0037037 -0.000641026 0.00457746 -0.005 -0.00435484 -0.00717391 -0.00994624 -0.0141304 -0.00856643 -0.00078125 -0.00159574 0.00735294 0.0118421 -0.0119792 -0.0158333 0.0111702 0.0146552 -0.00795455
internal_weight=885 116 79 57 769 626 214 412 269 114 143 57 122 54 156 71 85 155 115 93 69 143 64 47 68 57 96 60 47 58 44
internal_count=885 116 79 57 769 626 214 412 269 114 143 57 122 54 156 71 85 155 115 93 69 143 64 47 68 57 96 60 47 58 44
is_linear=0
shrinkage=0.05


Tree=121
num_leaves=32
num_cat=0
split_feature=2 35 8 41 37 7 45 33 34 41 7 17 39 17 15 18 0 35 41 42 41 34 17 45 39 39 19 45 42 16 5
split_gain=3.53187 1.94257 1.79331 2.373 1.48907 1.17154 1.44831 3.17921 2.92483 2.30587 1.76759 1.72004 1.72857 1.48611 1.32241 1.39629 1.3044 1.83953 2.16443 1.64137 1.40415 1.14333 1.07598 1.54286 1.32056 1.40996 1.37911 1.31156 1.41358 1.25022 0.976635
threshold=0.67892881878178835 -0.47470210951823771 -0.087601109652781853 0.61821167460170601 0.32538478663953102 -1.3889862752855333 -0.02797910125672896 -0.33996573574552202 -0.1516761036689325 -0.39978651855353126 0.49550069655064227 0.2008023464040605 0.19712995882914255 -0.36729102390789165 1.1626246153537074 -0.58622960087693643 0.74914607737310757 -0.47470210951823771 -0.53698967798145458 -0.062531217733380245 0.30266773341307868 0.30886147685344173 0.42803969452884144 -0.35850108304879469 -0.19776255669922818 0.21486019639408402 -0.6133503958973926 -0.89712949782105 -0.44645689546269035 -0.48867892488875891 0.91341173966302813
decision_type=2 2 2 2 2 2 2 2 2 2 2 2 2 2 2 2 2 2 2 2 2 2 2 2 2 2 2 2 2 2 2
left_child=5 -2 4 30 -3 -1 10 8 -8 13 16 12 -12 -9 15 -11 20 18 -18 -19 22 -17 23 24 26 -26 -7 -24 -29 -28 -4
right_child=1 2 3 -5 -6 6 7 9 -10 14 11 -13 -14 -15 -16 21 17 19 -20 -21 -22 -23 27 -25 25 -27 29 28 -30 -31 -32
leaf_value=-0.036032776982986549 0.00056482682074303629 0.00098548807960838767 -0.035272169519408439 0.0018666570625029523 -0.0071269117159424413 -0.056025071826817908 0.02582202004291503 0.012457008782018875 -0.00044288495492210704 -0.010821567472950733 -0.004783023487507876 0.060273931750334242 0.065923563142075634 -0.0011467835396047122 -0.016037493751767329 -0.0068663652494393547 -0.0053840701975929051 -0.034837911392147446 0.0067370572252897888 7.9247121104231158e-05 -0.0033698230609957138 0.0035943275275513997 -0.017724833673175056 0.018813672081414979 0.010405287569749079 0.0013995639091120894 -0.036500206949057916 0.002671773555204027 -0.0017972028574845924 0.020734333535165919 -0.024044326245386573
leaf_weight=32 36 31 46 23 22 20 23 20 36 41 24 26 21 33 24 25 23 30 32 23 25 35 20 30 23 20 22 46 27 20 26
leaf_count=32 36 31 46 23 22 20 23 20 36 41 24 26 21 33 24 25 23 30 32 23 25 35 20 30 23 20 22 46 27 20 26
internal_value=-8.47458e-05 -0.00625 -0.00878378 -0.0128947 -0.00141509 0.00153352 0.00198057 -0.00116034 0.00889831 -0.00449438 0.0037037 0.0109155 0.005 0.00424528 -0.0082 -0.00569307 0.00228532 -0.00231481 0.00409091 -0.00896226 0.00424901 -0.000833333 0.00548246 0.00833333 0.00547619 0.0122093 0.000806452 0.00134409 0.00445205 0.00595238 -0.0173611
internal_weight=885 184 148 95 53 701 669 237 59 178 432 71 45 53 125 101 361 108 55 53 253 60 228 135 105 43 62 93 73 42 72
internal_count=885 184 148 95 53 701 669 237 59 178 432 71 45 53 125 101 361 108 55 53 253 60 228 135 105 43 62 93 73 42 72
is_linear=0
shrinkage=0.05


Tree=122
num_leaves=32
num_cat=0
split_feature=30 30 11 14 39 46 37 19 4 36 9 38 9 21 5 8 39 5 2 10 44 7 5 42 0 8 7 42 5 2 16
split_gain=2.44436 4.04102 1.87964 1.87 1.80581 1.81824 1.68586 1.8671 1.5264 1.37724 1.26003 1.90476 1.32832 1.60554 1.85076 1.79106 2.1321 2.07159 2.23452 1.69 1.47565 1.71735 1.30662 1.30641 1.24372 1.2 1.16997 1.77522 1.16021 1.03712 0.9
threshold=-0.6958032404706006 -0.83176336733025091 1.8241313865596502 0.77046870709449045 0.3709603545900047 -0.63910673266352536 -0.53556284060426684 1.0000000180025095e-35 -0.11998185403631688 0.094948541361424457 0.31380950592594797 0.60600739897148692 -0.47322760733455299 1.0000000180025095e-35 -0.73205056584433281 -0.75864444854140201 -0.17290331375607845 0.62303603869114088 0.27540062714141955 -0.50450666895147223 0.3007809357688504 -0.37943968323043936 -0.26744944428931333 -0.4751523713754483 1.0000000180025095e-35 0.37696735573164758 -0.64865210777846449 -1.232119235970609 0.83597821940385819 0.40991002435487578 -0.089910102775274323
decision_type=2 2 2 2 2 2 2 2 2 2 2 2 2 2 2 2 2 2 2 2 2 2 2 2 2 2 2 2 2 2 2
left_child=1 6 3 10 5 -5 26 8 -8 -6 12 -12 22 14 19 -16 20 18 23 -14 21 -17 -2 -18 -25 30 27 -1 -7 -22 -23
right_child=2 -3 -4 4 9 28 7 -9 -10 -11 11 -13 13 -15 15 16 17 -19 -20 -21 29 25 -24 24 -26 -27 -28 -29 -30 -31 -32
leaf_value=-0.0095544858088771889 -0.00099125277814735577 0.0067985791212151984 0.034085524362643581 7.52847650488775e-05 0.0087652143156979889 -0.019499170294743351 -0.059839802226796482 0.017936914646851678 0.012813319640203248 -0.068315953020913867 -0.01840128378140804 0.0031606742477229945 0.0020283239936567557 -0.0068582221479033482 -0.006710303547153274 0.011812648564713158 0.0014107268459255806 -0.015626924838285563 0.0067127861286550685 -0.038068454048250544 0.076339205466857157 0.00049931310088453535 -0.015352016879833742 -0.048660284023947044 2.5681849180614336e-05 0.021810997425592407 0.0028665300860922119 -0.05509592931172165 -0.0033564575201218364 0.0010892239757566812 -0.0029767631180035894
leaf_weight=27 20 59 41 21 20 58 24 32 23 21 40 30 20 21 31 26 26 33 32 25 24 20 21 21 34 20 29 26 20 20 20
leaf_count=27 20 59 41 21 20 58 24 32 23 21 40 30 20 21 31 26 26 33 32 25 24 20 21 21 34 20 29 26 20 20 20
internal_value=-0.000932203 0.00363636 -0.00244361 -0.003125 -0.00821429 -0.0118687 -0.000465839 0.00474684 -0.00159574 0.000609756 -0.00165289 -0.00785714 -0.000603865 0.000335121 0.00113636 0.00252443 0.00380435 -0.000342466 0.00287611 -0.00833333 0.00846154 0.00465116 -0.00914634 -0.00154321 -0.00590909 0 -0.0054878 -0.00990566 -0.0153846 0.0159091 -0.005
internal_weight=885 220 665 624 140 99 161 79 47 41 484 70 414 373 352 307 276 146 113 45 130 86 41 81 55 60 82 53 78 44 40
internal_count=885 220 665 624 140 99 161 79 47 41 484 70 414 373 352 307 276 146 113 45 130 86 41 81 55 60 82 53 78 44 40
is_linear=0
shrinkage=0.05


Tree=123
num_leaves=32
num_cat=0
split_feature=16 16 3 11 34 36 44 0 41 39 41 39 39 38 39 16 45 45 5 36 40 33 11 39 41 4 18 19 39 8 4
split_gain=2.64969 3.44379 1.70856 2.49189 1.61711 1.58909 1.09255 1.78224 1.51166 1.20215 1.10007 1.02424 1.98747 1.39794 1.39354 1.45833 1.24444 1.18389 1.13926 1.00045 2.36606 1.74282 2.13474 1.40332 1.30695 1.61683 1.28963 1.28068 1.41538 1.08036 0.4
threshold=0.36582569392585096 1.3285675644569783 -0.6742562721864499 0.53616359807881486 0.27474758199993249 0.14643968501907959 0.75331937331934296 1.0000000180025095e-35 0.44417925208734599 -1.1727179454127956 -0.35901259892136311 0.70954743468261972 0.27891946021281699 0.19447395765745476 -0.074537717706566212 -0.16966386719797125 -0.40746730257354519 -0.57884907091017179 -0.1512991639005585 -0.69458232805595366 -0.69481788860157379 -1.2438025089610412 -0.42981224328181145 -0.53823615395994573 -0.3716077486400981 1.0000000180025095e-35 -0.58622960087693643 -0.6133503958973926 -0.194402945617176 -0.13921982802882954 -0.11998185403631688
decision_type=2 2 2 2 2 2 2 2 2 2 2 2 2 2 2 2 2 2 2 2 2 2 2 2 2 2 2 2 2 2 2
left_child=6 2 -2 4 -4 -5 9 8 -8 -1 -9 12 14 -13 19 16 -16 -14 -19 20 21 -11 -23 24 25 -21 -26 28 -25 -29 -17
right_child=1 -3 3 5 -6 -7 7 10 -10 11 -12 13 17 -15 15 30 -18 18 -20 23 -22 22 -24 27 26 -27 -28 29 -30 -31 -32
leaf_value=0.01010500690151872 -0.019264953274122833 0.79453923944711846 -0.051366740048990778 0.029287972990402977 -0.00207954396852017 -0.0054032468761590737 -0.022893644215483989 0.002987453325331302 0.00075836986044066637 -0.043246961678751465 -0.00048338010206805393 0.0084304934089615823 -0.016953539098351202 -0.00026493093635622246 0.0024642767080273135 -0.0015614371721277111 0.045219029204982775 0.0012459420840897906 -0.018962937156283034 0.0011304362277357427 -0.049909976678809191 0.019838299765902435 -0.0052012813549403352 -0.010350948841166031 -0.0022263733932078368 -0.036165031345838372 0.0022435998914573929 0.0058533957301804664 0.0052731915708370998 0.0028649928564902895 0.00043060809283019809
leaf_weight=30 25 25 21 22 34 34 40 20 23 20 39 36 26 29 36 20 20 29 24 33 22 31 30 26 23 27 36 36 20 28 20
leaf_count=30 25 25 21 22 34 34 40 20 23 20 39 36 26 29 36 20 20 29 24 33 22 31 30 26 23 27 36 36 20 28 20
internal_value=-0.000254237 -0.0060559 -0.00919118 -0.00653153 -0.0140909 0.000892857 0.00103591 -0.00327869 -0.00912698 0.0019103 0.0029661 0.0013986 0.000641026 0.00730769 0.00198598 0.00729167 0.0125 -0.00664557 -0.00235849 0.000451807 -0.00364078 0.000308642 0.0045082 0.00229258 -0.00147059 -0.00666667 0.00381356 0.00636364 0 0.0109375 0
internal_weight=885 161 136 111 55 56 724 122 63 602 59 572 507 65 428 96 56 79 53 332 103 81 61 229 119 60 59 110 46 64 40
internal_count=885 161 136 111 55 56 724 122 63 602 59 572 507 65 428 96 56 79 53 332 103 81 61 229 119 60 59 110 46 64 40
is_linear=0
shrinkage=0.05


Tree=124
num_leaves=32
num_cat=0
split_feature=16 45 39 33 35 33 33 37 37 43 10 10 20 35 11 42 42 20 36 15 45 20 39 39 4 9 33 39 37 35 42
split_gain=2.86014 3.99599 3.38722 1.60767 2.00699 1.71513 2.136 1.8315 1.6431 2.13301 1.35387 1.29364 2.37284 2.0573 2.02106 1.30826 1.60054 1.48399 1.8856 1.21455 2.73087 1.225 1.14286 1.04189 1.21748 1.027 0.995145 0.956577 0.805295 0.880726 0.64
threshold=0.36582569392585096 -0.3217764184052318 0.16664927125584453 0.32512170114891653 -0.25231913929347771 0.59797808551586573 0.87083446988281499 0.77307755280630597 1.0141428884345696 0.35491213293249868 1.0000000180025095e-35 0.35662047805273672 0.79681714955078842 -0.32074466859340384 -1.0737961375222289 -0.34750697852214651 -0.60576626173696602 0.33200714564616191 -1.0378566191069878 -0.17703185399375715 -0.55436596114779657 -0.7968171495507882 -0.36667108193857273 -0.56607580850676353 -0.3061108165611624 -0.31582018468245282 -0.83451793241061734 1.0369245641821545 0.99692393588969341 0.36351062440585785 -0.26834704496971123
decision_type=2 2 2 2 2 2 2 2 2 2 2 2 2 2 2 2 2 2 2 2 2 2 2 2 2 2 2 2 2 2 2
left_child=3 2 -2 8 10 -6 -7 -8 11 -10 -5 13 30 15 -15 16 17 18 -1 23 -21 -22 -19 -16 -25 -17 -20 28 29 -3 -13
right_child=1 27 -4 4 5 6 7 -9 9 -11 -12 12 -14 14 19 25 -18 22 26 20 21 -23 -24 24 -26 -27 -28 -29 -30 -31 -32
leaf_value=-0.0030056519420114114 -0.0085557733220611009 -0.01891254491252994 0.10619752884377079 -0.00016491099602049532 -0.013864339162525142 0.0012689652753039128 -0.0016930611088582738 -0.025854293133383523 0.008636308601671772 -8.4112177233919283e-05 0.0066210393966159133 -0.0020857950171077277 0.00087768193645558772 -0.011639789263834644 0.0016589927566968755 -0.0041311529915489592 0.021308692487628636 -0.00038760327525366733 0.011693693025177511 0.01283079772232938 0.0015055824297668609 -0.022441490223560123 -0.019802189015162244 0.024004754660172978 0.0069836739825092312 -0.032587588557745309 0.0015013322582362321 -0.014741601397946625 -0.031537231836315981 -0.0022820782379170622 -0.025234551722041944
leaf_weight=38 26 28 27 22 33 34 39 21 26 22 21 20 36 26 21 31 26 42 34 22 20 20 21 27 37 24 36 25 21 34 25
leaf_count=38 26 28 27 22 33 34 39 21 26 22 21 20 36 26 21 31 26 42 34 22 20 20 21 27 37 24 36 25 21 34 25
internal_value=-2.82486e-05 -0.0060559 0.00518868 0.00131215 -0.00294118 -0.00610236 -0.00265957 -0.00833333 0.00261733 0.0114583 0.00639535 0.00177866 -0.00401235 0.00288235 0.00708092 0 0.00190355 0.000146199 0.0037037 0.00935374 0.00403226 -0.00375 -0.00595238 0.0132353 0.0164063 -0.00681818 0.00857143 -0.0115741 -0.0141566 -0.0112903 -0.0116667
internal_weight=885 161 53 724 170 127 94 60 554 48 43 506 81 425 173 252 197 171 108 147 62 40 63 85 64 55 70 108 83 62 45
internal_count=885 161 53 724 170 127 94 60 554 48 43 506 81 425 173 252 197 171 108 147 62 40 63 85 64 55 70 108 83 62 45
is_linear=0
shrinkage=0.05


Tree=125
num_leaves=32
num_cat=0
split_feature=16 15 2 46 34 36 36 41 39 38 36 4 36 46 15 17 34 8 46 42 33 38 19 37 45 37 10 7 39 17 43
split_gain=2.45836 1.80959 1.74549 1.98701 1.70927 1.70407 2.3827 1.61147 1.38964 1.49066 1.32839 2.4839 1.27456 1.14966 1.05833 1.99185 1.32604 2.12314 1.81855 3.50435 1.61948 1.72279 1.60925 2.00119 1.25899 1.232 1.05749 2.00207 1.18971 0.909271 1.34392
threshold=0.36582569392585096 2.279005006476595 0.88680697811167519 1.2357822613512972 -1.3968332658220179 1.0217891271992166 0.12927597046652786 1.6901490422718732 -0.83102888188217994 0.88036302651417475 0.28374940143949318 -0.21304633529873965 -0.36847175155747142 1.7259493186100745 -1.0701361668920668 0.2008023464040605 -1.0898082121404353 -0.81026316691744971 -0.65136090909499478 -0.60576626173696602 0.32512170114891653 0.28021009126454494 -0.6133503958973926 0.049881545921515599 -0.39522574769235758 0.51479326463316666 -0.40882587483989347 -0.042924152545408031 -1.0784519815547018 0.65527704265362241 -0.36018463644376636
decision_type=2 2 2 2 2 2 2 2 2 2 2 2 2 2 2 2 2 2 2 2 2 2 2 2 2 2 2 2 2 2 2
left_child=2 5 3 4 -1 6 12 8 26 14 11 -4 -2 -5 15 -10 -16 24 22 -20 25 -22 -19 -24 -18 29 28 -28 -6 30 -21
right_child=1 -3 10 13 7 -7 -8 -9 9 -11 -12 -13 -14 -15 16 -17 17 18 19 20 21 -23 23 -25 -26 -27 27 -29 -30 -31 -32
leaf_value=-0.0084530610175242767 -0.0044775885432500216 0.14339175099713089 -0.0022621675669988405 0.0075431597920939458 0.0022137474896460675 0.0041657565880328208 -0.015699910243662886 -0.041266288991731417 0.016698450544408418 0.0018799081257654393 -0.024561578476713919 0.0011826402129358371 0.0084931509366612101 0.0029614937087082184 0.034890154141420736 -0.0041979420890733369 -0.033979741695353026 -0.0024386706791858616 -0.023967224270091948 0.0083641235222486898 0.00073763023284811879 -0.03687597538226868 0.0082411146974010318 9.6135368080751968e-05 0.00031759714441221832 0.016219304952591784 -0.003024405618840831 0.02791555606195999 0.016435193701180139 -0.00055414780201772378 -5.8661000608140057e-05
leaf_weight=30 33 25 26 21 20 32 55 20 38 22 33 27 29 28 27 28 36 31 29 23 22 21 35 21 23 20 20 23 33 28 21
leaf_count=30 33 25 26 21 20 32 55 20 38 22 33 27 29 28 27 28 36 31 29 23 22 21 35 21 23 20 20 23 33 28 21
internal_value=0.001875 -0.00344828 0.00318697 0.0041129 0.00328371 -0.00553691 -0.00833333 0.00392791 0.00446257 0.00323529 -0.00348837 0.00141509 -0.0016129 0.0137755 0.00254342 0.00833333 0.0014095 0.000483871 0.00249004 -0.000609756 0.00277778 -0.00523256 0.00833333 0.0133929 -0.00805085 0.00652174 0.00989583 0.00406977 0.0146226 0.00347222 0.00795455
internal_weight=880 174 706 620 571 149 117 541 521 425 86 53 62 49 403 66 337 310 251 164 135 43 87 56 59 92 96 43 53 72 44
internal_count=880 174 706 620 571 149 117 541 521 425 86 53 62 49 403 66 337 310 251 164 135 43 87 56 59 92 96 43 53 72 44
is_linear=0
shrinkage=0.05


Tree=126
num_leaves=32
num_cat=0
split_feature=16 43 5 5 17 37 43 34 45 38 4 43 37 38 46 46 46 42 6 43 39 16 15 36 34 35 37 43 33 6 4
split_gain=2.30636 1.58692 1.80405 1.71153 1.50099 2.03406 1.75711 2.20074 1.40497 1.69424 2.45503 1.55556 1.35038 2.02015 2.33363 1.18528 1.17172 1.09247 1.05823 1.83762 1.56214 1.53207 1.4014 1.74999 1.56762 1.21805 1.19104 1.11364 0.88205 0.857143 0.805963
threshold=0.36582569392585096 -0.98280163239914875 -0.6933338057147479 -0.63525866552037047 -1.1626217423446246 -0.38059226770038335 0.43307108952581741 0.85468379450958887 -0.86040483317748717 -0.49141511119926518 -0.21304633529873965 -0.3734697334928832 0.51479326463316666 0.043578362508976419 0.36573573471696769 -0.67586926195793362 -0.65136090909499478 1.1139832946896873 -0.25068728491757275 -0.26341864134854626 0.55459540806065355 -0.40892516046606198 0.26952030245539771 0.26658568688694151 -0.015220524254895741 -0.13257446301860693 -0.3289354100657555 0.1208760737419745 0.41038932126358818 1.0000000180025095e-35 -0.49223977908600797
decision_type=2 2 2 2 2 2 2 2 2 2 2 2 2 2 2 2 2 2 2 2 2 2 2 2 2 2 2 2 2 2 2
left_child=1 -1 8 -4 -2 -6 7 28 11 10 30 15 18 -14 -15 -3 -12 -16 19 21 22 -5 23 24 29 -22 -24 -21 -7 -20 -10
right_child=4 2 3 12 5 6 -8 -9 9 -11 16 -13 13 14 17 -17 -18 -19 20 27 25 -23 26 -25 -26 -27 -28 -29 -30 -31 -32
leaf_value=0.021439394142117863 -0.008943404455413884 0.0048274126498775161 0.0064864155979478255 0.0094554077033677693 0.021741399422580798 -0.010489049294440634 0.004091282415961928 0.00052545032158661802 -0.026213448483244407 0.0079459173461358997 0.0027683294506246625 0.013071377905080795 0.017114026091184089 -0.0024492455222258516 0.00032287655732829993 -0.014597308691283218 -0.027423673221466063 0.0053319737420238766 5.9667080549274942e-05 -0.037795541387149002 0.0060275943299515694 -0.0010881761314152528 0.00043861792233670374 0.0030719053847150235 0.0017252137868069895 0.00032084162386567531 -0.0022748921687423262 -0.0075156879897889444 -0.016264144931491843 -0.018947140600937475 -0.036317261956035199
leaf_weight=22 31 22 21 39 30 25 27 39 28 21 36 21 42 37 20 20 22 23 21 22 22 43 24 39 31 24 37 22 22 21 26
leaf_count=22 31 22 21 39 30 25 27 39 28 21 36 21 42 37 20 20 22 23 21 22 22 43 24 39 31 24 37 22 22 21 26
internal_value=0.00142045 0.00269122 0.00226608 0.00389344 -0.00373563 -0.00157343 -0.00464602 -0.00813953 -0.00178571 -0.00469925 -0.00714286 0.00436508 0.00326552 0.00778689 0.003125 -0.00119048 0 0.0110465 0.00166667 -0.00198413 0.00376712 0.00243902 0.0015896 0.00491071 0.000342466 0.0119565 -0.0045082 -0.0102273 -0.0154255 -0.00595238 -0.0148148
internal_weight=880 706 684 488 174 143 113 86 196 133 112 63 467 122 80 42 58 43 345 126 219 82 173 112 73 46 61 44 47 42 54
internal_count=880 706 684 488 174 143 113 86 196 133 112 63 467 122 80 42 58 43 345 126 219 82 173 112 73 46 61 44 47 42 54
is_linear=0
shrinkage=0.05


Tree=127
num_leaves=32
num_cat=0
split_feature=6 39 43 39 45 4 7 17 17 46 45 4 33 39 36 6 39 43 6 5 39 5 5 34 39 36 35 6 48 8 5
split_gain=1.61941 1.70556 3.01393 2.05506 2.52932 1.84091 1.51726 1.34126 1.20964 2.31167 2.31383 1.75129 1.5727 1.23823 2.65929 1.93461 1.67659 1.33885 1.10509 1.03583 1.69861 1.4597 2.31787 1.13751 0.979592 0.965725 0.935138 0.937866 0.884965 1.15075 0.625
threshold=0.35929458945211284 -0.25032586600551648 0.53232455584534344 -0.55940061130166618 0.22909355124821112 0.15921158975095148 0.69741001496166122 0.31442102046645098 -0.4809096979702821 -0.60234420336911709 -0.83592172341511184 -0.39917529782358513 -1.4143377491903844 0.14706986095240651 -0.36847175155747142 0.097873786150819 0.55459540806065355 -0.25415346890273433 0.92570632993824953 -0.17065754396535096 -0.88501299345331785 -0.55782514526120053 -0.6933338057147479 -0.18578999852244169 -0.36667108193857273 0.3867316887548034 -1.1076382555425546 -0.94780942705435633 1.1380916721822807 -0.13921982802882954 0.042284636747366315
decision_type=2 2 2 2 2 2 2 2 2 2 2 2 2 2 2 2 2 2 2 2 2 2 2 2 2 2 2 2 2 2 2
left_child=6 3 7 4 -2 -4 8 18 9 10 -1 -12 -10 15 16 19 -15 -16 -3 20 -14 22 26 -23 -21 -9 -22 -28 29 -11 -19
right_child=1 2 5 -5 -6 -7 -8 25 12 28 11 -13 13 14 17 -17 -18 30 -20 24 21 23 -24 -25 -26 -27 27 -29 -30 -31 -32
leaf_value=0.011893868178347589 0.013442735772737536 -0.004279981632166141 0.053396468144622136 0.022929534124037334 -0.026230489844349593 -0.0035478962419148276 0.0035975863768264562 0.00049917780550856605 0.0050683291589201929 0.0061620948180504346 -0.049032833514318246 0.00016813363519361247 0.0046229433311921753 -0.039272161125176556 0.0012497071999106879 -0.0057759039763922715 -0.014219184734132286 -0.0057431735248222541 -0.048278429476903285 0.0010956380075640483 0.0049318927082694589 -0.022312634502924311 0.013226864155268459 0.00080685041505930151 0.016696143868350079 -0.015122698297557947 -0.05687016596051464 0.00044552485182975944 0.00037152796921020582 0.00026270062376454462 0.00070366372843793106
leaf_weight=21 38 31 22 39 32 22 34 25 22 71 24 37 36 24 25 23 21 20 25 28 20 23 20 20 21 22 24 29 25 36 20
leaf_count=21 38 31 22 39 32 22 34 25 22 71 24 37 36 24 25 23 21 20 25 28 20 23 20 20 21 22 24 29 25 36 20
internal_value=0.00159091 -0.00175781 -0.00527211 0.00298165 -0.00214286 0.00568182 0.00296474 -0.00995146 0.00237288 0.00537383 -0.00121951 -0.00614754 0.000664894 -0.000141243 -0.00454545 0.00184426 -0.0138889 0.00192308 -0.0151786 0.00328054 0.00145349 -0.00110294 0.00241935 -0.00872093 0.00969388 -0.0037234 -0.00171233 -0.00518868 0.0094697 0.0114486 -0.00375
internal_weight=880 256 147 109 70 44 624 103 590 214 82 61 376 354 110 244 45 65 56 221 172 136 93 43 49 47 73 53 132 107 40
internal_count=880 256 147 109 70 44 624 103 590 214 82 61 376 354 110 244 45 65 56 221 172 136 93 43 49 47 73 53 132 107 40
is_linear=0
shrinkage=0.05


Tree=128
num_leaves=32
num_cat=0
split_feature=6 36 8 17 7 6 6 3 10 12 42 40 9 38 38 19 7 2 17 15 7 35 42 43 7 9 11 20 42 19 15
split_gain=2.57019 2.15335 3.02244 1.95435 1.89189 1.52381 1.35322 1.5395 1.09214 1.26344 1.52019 1.18723 1.46426 1.4235 1.71728 1.4003 1.29109 2.02842 1.85324 1.77206 1.56988 1.66737 1.48031 1.41832 1.20248 1.54887 1.13118 1.07023 1.05487 1.03712 0.867594
threshold=0.35929458945211284 0.11211225591397615 1.0996294129963158 -0.36729102390789165 0.69741001496166122 1.0564167315888966 1.0564167315888966 1.0000000180025095e-35 0.54798206627589441 -1.4337709999516142 -1.4765255308137524 -0.048135783887202514 0.15640208327384778 1.0000000180025095e-35 -0.18962392090230829 1.0000000180025095e-35 -0.1102272586824143 -0.88627143970206612 -1.049003068282234 -0.40030793221833455 0.091682059728604548 -0.62865955044307154 -0.94417497767362646 -0.56512602062984685 -0.44674278936744566 -0.31582018468245282 1.0000000180025095e-35 0.1992042873876971 0.50840980301355843 -0.6133503958973926 1.3859006935782852
decision_type=2 2 2 2 2 2 2 2 2 2 2 2 2 2 2 2 2 2 2 2 2 2 2 2 2 2 2 2 2 2 2
left_child=8 6 3 -3 -5 -6 7 -2 9 -1 -11 13 15 14 16 24 17 27 -19 23 -18 -22 -21 -20 28 -26 -10 -12 -13 -27 -8
right_child=1 2 -4 4 5 -7 30 -9 26 10 11 12 -14 -15 -16 -17 20 18 19 22 21 -23 -24 -25 25 29 -28 -29 -30 -31 -32
leaf_value=-0.019623817020780622 -0.0053126546019456105 -0.011827581946570832 -0.067401286670821042 0.027294101820325524 -0.0097460830622466688 0.0051982427873809916 0.020038701483521493 0.0030806223611961059 -0.0039238729996810663 0.011578170663206322 0.010507909826138473 0.029836976631237633 0.017256372300409595 -0.01474546789204112 0.0033948268879001376 0.0032615138898279385 0.0043015674943184482 -0.029140819211005465 0.013216452705060534 -0.070115081762389772 0.0016307756429078781 -0.035840916383439496 -0.00044242690377416238 -9.0115643284605096e-05 -0.025808126562399992 -0.00018318507461572155 0.00099329161005385909 -0.0039527110937285668 3.6683272792004122e-05 0.0019982290071659746 0.33949014133983441
leaf_weight=39 23 33 31 41 21 21 20 43 25 38 26 26 20 23 32 55 26 20 21 21 22 21 38 39 21 20 22 20 25 24 23
leaf_count=39 23 33 31 41 21 21 20 43 25 38 26 26 20 23 32 55 26 20 21 21 22 21 38 39 21 20 22 20 25 24 23
internal_value=0.001875 -0.00234375 -0.00629252 -0.00258621 0.00150602 -0.00595238 0.00298165 -0.00151515 0.00360577 0.00420277 0.00483271 0.0041 0.00719895 0.00218447 0.00314685 0.00570175 0.00177165 -0.000405405 -0.00341727 -0.00105042 0.0076087 0.00174419 -0.00720339 0.005 0.00258621 -0.00192308 -0.0037234 0.00869565 0.00833333 0.00340909 0.00988372
internal_weight=880 256 147 116 83 42 109 66 624 577 538 500 191 309 286 171 254 185 139 119 69 43 59 60 116 65 47 46 51 44 43
internal_count=880 256 147 116 83 42 109 66 624 577 538 500 191 309 286 171 254 185 139 119 69 43 59 60 116 65 47 46 51 44 43
is_linear=0
shrinkage=0.05


Tree=129
num_leaves=32
num_cat=0
split_feature=2 39 6 36 20 17 6 9 36 15 2 44 6 36 44 15 35 12 10 16 9 36 2 12 34 43 13 44 46 2 2
split_gain=2.38567 1.86036 2.69213 2.58176 1.97406 1.72713 2.21131 2.95277 2.19253 2.11722 1.53818 1.46246 1.45455 1.34442 1.5456 1.42457 1.32279 1.3143 1.79502 1.20486 1.49929 1.20418 1.15083 1.11131 1.03704 0.985737 0.983609 0.783047 0.727856 1.20506 2.00027
threshold=0.67892881878178835 -0.23384573450266691 0.35929458945211284 0.12927597046652786 -0.3984085747753941 -0.14005367578311081 -0.25068728491757275 -0.31582018468245282 -0.74607347171360883 1.0000000180025095e-35 0.75229758089821896 -1.1791420627070843 -0.86066915928725829 -0.26548946424216124 0.25185786143906741 0.93934853712913002 -0.11546808069362539 -0.91291816072490928 -0.69586825717462975 -0.36335158079594948 -0.21088190291438599 -0.35130803700491975 -0.49497137508110262 1.1704931961819109 0.87174074193634354 -0.097952420593520884 -0.20112437444706763 0.32524247293374192 -1.0067320256076082 -0.48274324806169749 -0.78844642354682526
decision_type=2 2 2 2 2 2 2 2 2 2 2 2 2 2 2 2 2 2 2 2 2 2 2 2 2 2 2 2 2 2 2
left_child=1 4 5 24 19 8 7 12 -3 -8 -2 -6 -7 14 -12 16 -15 18 -13 -1 -21 -10 -23 28 -4 -18 -24 -22 -19 30 -30
right_child=10 2 3 -5 11 6 9 -9 21 -11 13 17 -14 15 -16 -17 25 23 -20 20 27 22 26 -25 -26 -27 -28 -29 29 -31 -32
leaf_value=0.012842545604921441 -0.0065436192655212722 0.013521900511412355 -0.0037815363771244396 -0.0084544856466138192 -0.04629943620021422 -0.024618857141351924 0.0039624579671254882 -0.035667343808678711 -0.00039575607672119877 -0.00088995361227546261 -0.0025209727188531873 0.021202969300742325 0.0092804364789607525 -0.015761940204663462 0.0094516955371609871 -0.023186098212539721 0.0076939824450818154 0.010413040241371619 -0.045263242039613516 -0.000869107626306942 0.0055948060687427414 0.0072046917179235948 -0.00036694649341768583 -0.0018758355392975547 0.045428344261301851 -0.0013869233164996331 0.00092866678861369678 0.068226396831747138 0.0024542317688819541 0.0060316918540998191 -0.01299478228400517
leaf_weight=29 22 27 27 35 20 22 28 37 30 24 22 26 22 22 26 37 22 23 22 26 32 35 27 29 21 35 20 21 38 48 25
leaf_count=29 22 27 27 35 20 22 28 37 30 24 22 26 22 22 26 37 22 23 22 26 32 35 27 29 21 35 20 21 38 48 25
internal_value=0.00153409 0.00288184 0.000352113 -0.00753012 0.00553097 0.00275735 -0.00131579 -0.00648148 0.00665468 0.00673077 -0.00349462 0.00292208 0.00227273 -0.00182927 0.00520833 -0.00474138 -0.000949367 0.00414692 -0.003125 0.0111111 0.00791139 0.00357143 0.00670732 0.00628834 0 0.00307018 0.00159574 0.0127358 0.00820896 0.00653153 0.00198413
internal_weight=880 694 355 83 339 272 133 81 139 52 186 231 44 164 48 116 79 211 48 108 79 112 82 163 48 57 47 53 134 111 63
internal_count=880 694 355 83 339 272 133 81 139 52 186 231 44 164 48 116 79 211 48 108 79 112 82 163 48 57 47 53 134 111 63
is_linear=0
shrinkage=0.05


Tree=130
num_leaves=32
num_cat=0
split_feature=20 6 6 6 41 4 40 35 20 46 33 40 39 9 16 44 49 2 4 2 2 12 34 35 17 35 34 39 3 44 2
split_gain=2.55741 2.80343 2.49281 2.00035 1.72389 1.61225 2.47375 2.33876 2.16274 2.03566 1.57358 1.50505 1.41355 2.19163 1.93948 1.44721 2.11472 2.44324 1.55018 1.37035 1.6278 1.43835 1.36209 1.29742 1.25261 1.5092 1.22667 0.966376 0.941431 0.758752 0.4
threshold=1.3944300117138797 -1.5577913014240419 -0.68638862375306242 -0.77352889152016024 0.032802839583063244 -0.3061108165611624 0.97004455119499922 0.72274465323047032 0.99602143693848544 1.4318490842548082 -0.59576859608953681 1.5083730053854201 -0.43739840488343179 0.051463801505780955 -0.10130349769280246 -0.7388343937390377 0.68465394586442807 0.58110380262654737 0.15921158975095148 0.40991002435487578 -0.15258381853775946 -0.13163890188485169 -0.52692894705753357 -0.3720638155683485 -0.14005367578311081 -1.1589574025174993 -0.13461915624217791 0.099633391261568185 0.2319176999979152 0.67993476182466839 -0.3971463589258617
decision_type=2 2 2 2 2 2 2 2 2 2 2 2 2 2 2 2 2 2 2 2 2 2 2 2 2 2 2 2 2 2 2
left_child=1 -1 3 4 10 7 9 8 19 12 24 29 13 14 30 -14 17 23 -18 20 21 -4 -12 -17 -3 -26 -25 -8 -15 -2 -7
right_child=11 2 5 -5 -6 6 27 -9 -10 -11 22 -13 15 28 -16 16 18 -19 -20 -21 -22 -23 -24 26 25 -27 -28 -29 -30 -31 -32
leaf_value=-0.36766807950414138 -0.00131757715067522 0.012403148100663942 -0.0017245102796046297 0.012200418324675867 0.0058472280142552796 -0.0027777446761092506 0.0015830498948808725 -0.0055164459249141375 0.023200553709793327 -0.051107566881208301 -0.02587926648368466 0.00059564835896850363 -0.003539458363888315 -0.037685080572931899 0.0034720695363489543 0.00066530444240413549 -0.0039645221161322295 -0.0076110456145251255 0.0011820549400255232 -0.0016907370400858213 0.019906389440117779 0.0044179942577855513 0.00041611286926439566 0.011545920983931524 0.01379242369620144 -0.018474515041875608 0.040081581389711123 0.0078009821161671771 -0.0038160057356336099 -0.027134174713145855 -0.0022440542443710855
leaf_weight=22 29 27 32 35 31 20 20 32 24 24 22 33 36 25 29 33 39 38 21 26 27 39 39 25 20 26 23 21 22 21 20
leaf_count=22 29 27 32 35 31 20 20 32 24 24 22 33 36 25 29 33 39 38 21 26 27 39 39 25 20 26 23 21 22 21 20
internal_value=0.000822928 0.00169173 0.00219072 0.007 0.00469697 0.000520833 -0.00126263 0.00444444 0.00709459 -0.00260563 0.00223881 -0.00753012 -0.0015861 -0.00603448 -0.000362319 0.000813953 0.00265363 0.00651261 -0.005 0.00443548 0.00714286 0.00316901 -0.00368852 0.0114198 0.00719178 0.00217391 0.0166667 0.0103659 -0.0143617 -0.013 -0.0075
internal_weight=881 798 776 200 165 576 396 180 148 355 134 83 331 116 69 215 179 119 60 124 98 71 61 81 73 46 48 41 47 50 40
internal_count=881 798 776 200 165 576 396 180 148 355 134 83 331 116 69 215 179 119 60 124 98 71 61 81 73 46 48 41 47 50 40
is_linear=0
shrinkage=0.05


Tree=131
num_leaves=32
num_cat=0
split_feature=20 30 44 14 38 42 39 43 44 2 18 44 40 39 2 2 36 46 0 35 42 43 39 38 40 12 36 46 34 15 5
split_gain=2.63972 2.69491 2.09693 1.67656 2.00137 1.74724 2.21642 1.71131 1.55947 1.80022 1.73438 1.54286 1.48999 1.35813 1.33586 1.3703 1.41736 2.21058 1.33211 1.42539 1.30895 1.93124 1.31488 1.50417 1.29293 1.27504 1.225 1.1006 1.04051 1.03226 1.00762
threshold=1.3280285825846474 -1.5115640016285019 1.7684731656623398 -0.45157717275436821 0.71917909533284596 -1.4953260150324559 -0.85962704500664178 -0.068569087085107713 0.23962709285662168 1.0457726293639418 -1.1661101447046642 0.99793474496825774 0.070537261924743314 -0.81023448113395491 0.22648811906379906 -0.054758802382518561 -0.025197460506437473 -0.099922969678870613 0.74914607737310757 -0.6799786974180162 -0.27923153583317134 -0.28458244082964118 -0.60531656299614145 -0.82750075493905784 1.5083730053854201 1.0000000180025095e-35 -0.7289097571610571 -0.21021055756209545 -0.37341642021674226 -0.17703185399375715 0.0616430168121588
decision_type=2 2 2 2 2 2 2 2 2 2 2 2 2 2 2 2 2 2 2 2 2 2 2 2 2 2 2 2 2 2 2
left_child=1 -1 3 4 12 -5 7 27 9 14 -10 30 13 -3 15 16 18 -18 19 -8 21 22 -15 -24 25 -2 -25 -7 -21 -14 -12
right_child=24 2 -4 5 -6 6 8 -9 10 -11 11 -13 29 20 -16 -17 17 -19 -20 28 -22 -23 23 26 -26 -27 -28 -29 -30 -31 -32
leaf_value=-0.34928467552893427 -0.00063090775734764293 0.010287468379247145 -0.02847058750609506 0.01027837322853813 -0.0093787037099481562 -0.0033363798889503474 -0.00019552274622611777 0.000531192222483412 0.011751477563743153 -0.04134390094847902 -0.00079002741298523922 -0.0076701095895231226 0.028477476048135487 -0.0059390481193474899 0.0055706074624893636 -0.0051026710637472666 -0.0017443443697494844 0.0011656377798018979 -0.0013445655606140862 0.016517165489194952 -0.0015187776937942488 0.0055967309309245651 0.016156124115089911 -0.015049630696221073 0.00056586594102014942 -0.016224152531293612 0.0045389562882824919 -0.01710166677331415 0.0010877364130791988 0.0014934451806425386 0.018879723176895881
leaf_weight=22 21 32 34 20 30 28 28 21 33 23 25 24 31 20 33 21 38 28 26 22 32 32 24 20 33 45 20 20 29 31 35
leaf_count=22 21 32 34 20 30 28 28 21 33 23 25 24 31 20 33 21 38 28 26 22 32 32 24 20 33 45 20 20 29 31 35
internal_value=0.000368899 0.00134271 0.00184211 0.00241047 0.00551471 0.000550661 -0.000115207 -0.00833333 0.00143836 -0.000806452 0.00619658 0.00238095 0.00702479 0.00472222 0.000555556 -0.00104167 0.000438596 -0.00530303 0.00404762 0.00727848 0.0027027 0.00517241 0.00119048 0.0046875 -0.00732323 -0.0113636 -0.00125 -0.0135417 0.0122549 0.0137097 0.00666667
internal_weight=881 782 760 726 272 454 434 69 365 248 117 84 242 180 225 192 171 66 105 79 148 116 84 64 99 66 40 48 51 62 60
internal_count=881 782 760 726 272 454 434 69 365 248 117 84 242 180 225 192 171 66 105 79 148 116 84 64 99 66 40 48 51 62 60
is_linear=0
shrinkage=0.05


Tree=132
num_leaves=32
num_cat=0
split_feature=6 8 41 20 40 46 14 46 8 33 46 46 35 13 10 33 14 42 11 39 37 8 42 35 16 9 42 44 46 40 40
split_gain=2.32524 2.542 1.40818 1.26149 1.39848 1.95529 1.86026 2.37243 1.96604 1.27933 2.07879 1.1623 2.66667 1.52697 1.94134 1.7088 3.0211 1.19965 1.2398 1.12546 1.22077 1.15345 1.11942 2.03181 1.07869 1.7146 1.56 1.22708 1.05259 0.894174 1.31364
threshold=-1.5577913014240419 -0.81026316691744971 -0.78917105849296187 1.3280285825846474 -0.048135783887202514 -0.65136090909499478 0.77046870709449045 0.39024408757990658 0.17049248222745669 -0.33996573574552202 -0.14893967540474831 0.35348155828549827 0.20955318348102395 0.99905156599205769 -0.31314508072831471 0.18869350896544196 -0.45157717275436821 0.87452449569357082 0.21417165095860605 -0.11576013277632204 -0.2428406473413757 -0.96511932204559281 -0.41182442453349999 -0.73129784439296086 -0.021549733270105551 -0.053474480262285844 -1.3142476670312608 -0.72660362515659183 -0.24697308685650374 1.5083730053854201 1.2641473169028645
decision_type=2 2 2 2 2 2 2 2 2 2 2 2 2 2 2 2 2 2 2 2 2 2 2 2 2 2 2 2 2 2 2
left_child=-1 2 -2 4 5 24 7 8 22 10 -6 13 -13 14 -11 -16 -17 18 -14 20 -4 -21 23 -7 25 26 -3 -28 -10 30 -5
right_child=1 3 19 29 9 6 -8 -9 28 11 -12 12 17 -15 15 16 -18 -19 -20 21 -22 -23 -24 -25 -26 -27 27 -29 -30 -31 -32
leaf_value=-0.33182044175248748 0.015997645473746047 0.011294740617913846 0.0037511351931783566 -0.003248242175845917 -0.0004967531641327128 -0.065285800408938152 -0.026986359149125862 0.0025795644878492396 -0.0024643813818478579 0.0030488470094063302 0.029120352159772267 0.0030274371165603499 -0.022613365616606276 0.017208581970768935 -0.021988533963120463 -0.010947088242244263 0.021429698867209624 0.00045879258005356862 -0.0020593394782750353 0.0010333495924257363 -0.0020428564978104192 0.019791206571817811 -0.01840446252371777 0.00037235416657921405 0.047425576127912455 -0.0027753291842046225 -0.0045764454966999322 0.0015293508091801301 0.0031063285532816568 0.00053757264396949724 -0.013645813633269201
leaf_weight=22 26 24 25 44 28 23 30 46 26 30 27 36 28 37 21 23 28 23 21 35 27 22 24 26 21 20 25 38 22 33 20
leaf_count=22 26 24 25 44 28 23 30 46 26 30 27 36 28 37 21 23 28 23 21 35 27 22 24 26 21 20 25 38 22 33 20
internal_value=0.000141884 0.000552969 0.00685185 -0.000621547 0.000199362 -0.00207692 -0.00520305 -0.00314371 -0.00681818 0.00264901 0.00954545 0.00111336 -0.00277778 0.00413669 0.000980392 -0.00347222 0.00147059 -0.00833333 -0.0127551 0.0043578 -0.000961538 0.00921053 -0.0119863 -0.00765306 0.00273438 0.000700935 0.00373563 -0.000396825 0.00104167 -0.00592784 -0.009375
internal_weight=881 859 135 724 627 325 197 167 121 302 55 247 108 139 102 72 51 72 49 109 52 57 73 49 128 107 87 63 48 97 64
internal_count=881 859 135 724 627 325 197 167 121 302 55 247 108 139 102 72 51 72 49 109 52 57 73 49 128 107 87 63 48 97 64
is_linear=0
shrinkage=0.05


Tree=133
num_leaves=32
num_cat=0
split_feature=6 36 35 14 43 3 39 43 38 11 46 38 38 36 13 36 49 17 8 20 15 0 11 17 13 40 5 0 6 40 39
split_gain=1.7703 2.38696 1.86502 1.65417 2.40941 2.19741 1.72072 1.49561 3.12799 1.51582 1.74227 1.44715 3.26729 1.6323 1.58979 1.40948 1.31763 1.97963 1.66667 1.30909 1.23648 1.22237 1.17687 1.05834 1.03712 1.00278 0.974328 0.931174 0.912836 0.737634 0.678788
threshold=-1.5577913014240419 -1.2953123373952631 -1.1931701671674624 -0.45157717275436821 -0.82060420320177063 -1.1273432582786325 -0.87935914443822993 -0.35338896268747616 -0.40910842293645877 1.1801474923192325 0.010364618204354232 0.52370071070868052 -0.27878949985368207 -0.19683460603195446 -1.0012416680731508 -0.38563546611002314 0.23152548893966207 0.65527704265362241 -0.29407598315697264 -0.73041572042155589 0.26952030245539771 0.74914607737310757 -0.42981224328181145 0.31442102046645098 -0.20112437444706763 1.0680788064309548 -0.75140894590912533 -1.0000000180025095e-35 -0.16354701715047482 -0.20636651163646313 -0.23384573450266691
decision_type=2 2 2 2 2 2 2 2 2 2 2 2 2 2 2 2 2 2 2 2 2 2 2 2 2 2 2 2 2 2 2
left_child=-1 23 22 5 -5 -4 27 8 15 16 -11 12 14 -14 -7 -8 17 18 -9 -18 28 29 -3 -2 -13 -20 -16 -6 -21 -10 -31
right_child=1 2 3 4 6 11 7 9 21 10 -12 24 13 -15 26 -17 19 -19 25 20 -22 -23 -24 -25 -26 -27 -28 -29 -30 30 -32
leaf_value=-0.31522941966486329 0.0062308806078931415 6.0027857756494996e-05 -0.0078905529333979981 0.015563986352049142 -0.010910353830684017 0.0034924338559520155 -0.026898542046135534 0.0073486688068463485 0.023332111225425934 0.13560936389008874 -0.00097268542636470563 0.0019189698178252003 0.0020797161614467541 0.01279616971165325 -0.025028230750720581 0.00061909879078854153 -0.011891526116212959 -0.0071383456999114976 -0.0022350103002167997 -0.0014122102431521457 -0.0043190848533512854 -0.00040660383557593609 0.015411238191811095 0.00076661632015202492 -0.0074741010735564833 0.00093833747089604462 0.0028918968235871036 -0.0020029041329792108 0.0014793129381388327 0.016331393595643107 6.6024129493769132e-05
leaf_weight=22 21 31 32 25 23 23 26 20 20 23 31 20 31 45 37 27 22 37 36 22 39 25 25 22 24 24 34 45 27 20 22
leaf_count=22 21 31 32 25 23 23 26 20 20 23 31 20 31 45 37 27 22 37 36 22 39 25 25 22 24 24 34 45 27 20 22
internal_value=0.000368899 0.00072759 0.000122549 -0.000526316 -0.00214008 0.00284553 -0.00291411 -0.00172209 0.0025 -0.00382562 0.0037037 0.0046729 0.00676471 0.0144737 0.000531915 -0.00707547 -0.00561674 -0.00192308 0.0025 -0.00954545 -0.00681818 0.00833333 0.00892857 0.0122093 -0.00340909 -0.00166667 -0.00316901 -0.0102941 -0.00153061 0.0120968 0.00833333
internal_weight=881 859 816 760 514 246 489 421 140 281 54 214 170 76 94 53 227 117 80 110 88 87 56 43 44 60 71 68 49 62 42
internal_count=881 859 816 760 514 246 489 421 140 281 54 214 170 76 94 53 227 117 80 110 88 87 56 43 44 60 71 68 49 62 42
is_linear=0
shrinkage=0.05


Tree=134
num_leaves=32
num_cat=0
split_feature=40 30 41 30 31 40 8 43 36 18 30 38 13 17 36 40 34 4 40 36 39 7 45 8 41 4 2 8 34 40 2
split_gain=2.71705 2.52673 2.01712 1.79175 2.29425 1.59563 1.58214 1.50102 1.92857 1.45921 1.42897 1.31093 1.37143 1.36762 1.51271 2.27543 1.53409 1.49383 2.44833 1.36473 1.65408 2.16384 1.85929 1.63896 1.15741 1.29423 1.15135 1.73983 1.72113 1.01689 1.0077
threshold=-0.63290151687360174 -1.5115640016285019 -0.07742134394788526 -0.6958032404706006 -0.76830417003134965 -0.048135783887202514 -0.81026316691744971 -0.70321442421202629 -0.71174604260850549 -0.29628932896307253 -0.28792285989164995 0.3865228969373366 1.5991395362116203 -0.4809096979702821 0.21509454322928637 1.2641473169028645 0.70117126766879745 1.0000000180025095e-35 0.83933221088039189 -0.025197460506437473 -0.85274882625870996 0.42819759041363598 -0.19936086959335564 -0.19083854640487727 -0.67265209575608986 1.0000000180025095e-35 1.3025632967714491 0.37696735573164758 -0.54398589448428825 0.91844757475502281 0.030838086753317225
decision_type=2 2 2 2 2 2 2 2 2 2 2 2 2 2 2 2 2 2 2 2 2 2 2 2 2 2 2 2 2 2 2
left_child=1 -1 6 4 9 26 7 -3 -9 -2 24 19 13 17 29 16 -16 18 -13 30 -21 22 -22 -24 -8 -26 27 28 -5 -15 -7
right_child=3 2 -4 5 -6 11 10 8 -10 -11 -12 12 -14 14 15 -17 -18 -19 -20 20 21 -23 23 -25 25 -27 -28 -29 -30 -31 -32
leaf_value=-0.2994679486816203 0.002207850485308427 0.03180481610391013 0.0064979951811665162 0.00010802974360757389 0.012352723688139378 0.014197085049283943 0.001214491922166161 -0.0069445291935039677 0.0096707340078694415 -0.0049549065381242485 0.00097500756001949189 0.021350363472853219 0.0548102956950757 -0.016888758760113375 0.00010892524984953412 -0.0069925828663656379 0.02649337941667014 -0.01513878228092267 -0.0044789637110497441 -0.019660528611171915 -0.0021532661857008861 0.034818113256289966 -0.00048715594731731928 0.0022703507411939937 -0.045720983103394279 -0.00073183454467482542 -0.028968151500421868 0.0067415359848894242 -0.0024554900527633096 -4.4354526192336152e-05 0.0035675451390375203
leaf_weight=20 39 23 40 27 20 21 36 21 21 29 47 26 30 29 20 40 24 31 20 21 20 25 20 26 20 34 25 32 49 20 25
leaf_count=20 39 23 40 27 20 21 36 21 21 29 47 26 30 29 20 40 24 31 20 21 20 25 20 26 20 34 25 32 49 20 25
internal_value=0.000312145 0.00458015 0.00599174 -0.00149435 0.00511364 -0.00258945 0.0039604 0.0103846 0.0047619 0.000735294 0.000912409 -0.00100503 -0.00333333 -0.0047619 -0.00169173 0.00238095 0.0102273 -0.0100649 -0.00434783 0.00253165 -0.000446429 0.00247253 -0.00227273 0.00326087 -0.00277778 -0.00740741 -0.00733083 -0.00509259 -0.00921053 -0.00867347 0.00978261
internal_weight=881 262 242 619 88 531 202 65 42 68 137 398 240 210 133 84 44 77 46 158 112 91 66 46 90 54 133 108 76 49 46
internal_count=881 262 242 619 88 531 202 65 42 68 137 398 240 210 133 84 44 77 46 158 112 91 66 46 90 54 133 108 76 49 46
is_linear=0
shrinkage=0.05


Tree=135
num_leaves=32
num_cat=0
split_feature=40 36 44 4 46 12 42 11 37 15 6 5 46 36 36 46 8 2 42 42 8 36 41 39 39 4 9 5 7 8 2
split_gain=2.28498 1.75141 1.4525 1.32493 1.60846 1.53034 1.1791 1.88087 1.38505 1.78674 1.70474 2.15219 1.36567 2.18256 1.24775 2.3181 4.40217 1.65815 1.83557 1.17931 1.05147 1.45455 0.96 1.41696 0.92234 0.9 0.9 0.863858 1.26654 0.861569 0.782609
threshold=-0.68621839252824379 -1.1065114773171945 -1.0690651454650726 -0.21304633529873965 -0.72488596768381142 -0.91291816072490928 1.4830664848779163 0.21417165095860605 1.2982556054250229 2.0557289282520177 -0.59924835598596438 -0.28680782435410584 0.7333610276610506 -0.38563546611002314 0.71284226525328587 0.047127147498762519 -0.39731341990906804 0.06752246781153258 0.041366195054190875 -0.24097090128282736 0.48020479248374298 -0.19683460603195446 -0.51881192056716874 0.043780720686695314 -0.39456378845450496 0.34534055227579702 -0.053474480262285844 0.79726145927427317 1.0000000180025095e-35 -0.91350060366954511 0.74006945387881384
decision_type=2 2 2 2 2 2 2 2 2 2 2 2 2 2 2 2 2 2 2 2 2 2 2 2 2 2 2 2 2 2 2
left_child=3 -2 -3 4 -1 -5 8 -8 9 10 12 24 13 -4 15 17 -17 18 -13 -15 -18 -22 25 -24 -12 -7 -20 28 -16 -6 -19
right_child=1 2 6 5 29 22 7 -9 -10 -11 11 14 -14 19 27 16 20 30 26 -21 21 -23 23 -25 -26 -27 -28 -29 -30 -31 -32
leaf_value=-0.018806459037853787 0.0060537152742597307 0.011138606948080821 -0.035073215263170712 -0.00075067626903901896 0.024831532853028193 0.0031733586215160871 0.00056322463245663814 -0.024846140866765867 0.0057097649493300651 0.11134243993016356 -0.020122611640537261 -0.0046596386419508916 0.013262876435649674 0.001920533420512527 -0.0020851663579776413 0.0083596914371909751 -0.010144599536275934 0.011238811605737455 -0.0010533546782873771 4.3563478938324353e-05 -0.016993716024843765 0.0010384857748988452 0.021369088224078327 0.0020027777100210644 -0.0019650469900611258 -0.00073316693108651523 0.0017795544742881476 -0.0044744990176781132 0.0055978203358037605 0.00046234202953812089 0.00088819843568757053
leaf_weight=46 21 38 27 32 25 20 31 38 31 25 20 31 25 20 22 23 48 23 20 38 22 22 28 32 27 20 20 31 27 26 23
leaf_count=46 21 38 27 32 25 20 31 38 31 25 20 31 25 20 22 23 48 23 20 38 22 22 28 32 27 20 20 31 27 26 23
internal_value=0.000396825 -0.00111026 -0.00158228 0.00469432 0.000257732 0.00795455 -0.00218855 -0.00833333 -0.00138095 -0.00202429 -0.00271855 -0.00438719 0.00272727 -0.000294118 -0.00288462 -0.00474138 -0.00978261 0.000213675 -0.00457746 0.00517241 -0.0146739 -0.00909091 0.011 0.015 -0.0143617 0.005 0.0025 0.0025 0.00663265 0.00637255 0.0076087
internal_weight=882 653 632 229 97 132 594 69 525 494 469 359 110 85 312 232 115 117 71 58 92 44 100 60 47 40 40 80 49 51 46
internal_count=882 653 632 229 97 132 594 69 525 494 469 359 110 85 312 232 115 117 71 58 92 44 100 60 47 40 40 80 49 51 46
is_linear=0
shrinkage=0.05


Tree=136
num_leaves=32
num_cat=0
split_feature=36 0 33 13 4 40 40 41 46 2 34 13 46 46 12 12 17 7 33 37 7 46 37 36 42 43 33 17 4 43 35
split_gain=2.33569 2.62455 2.12663 1.50442 1.46432 1.40441 1.6425 1.34531 2.0942 1.33055 1.88684 1.892 1.55918 1.79486 1.27032 1.19812 2.10396 1.15322 1.51598 1.4824 1.31175 1.28016 1.32561 1.61785 1.18265 1.14293 1.06522 1.06443 0.972566 0.900774 0.633333
threshold=-0.74607347171360883 0.74914607737310757 0.32512170114891653 1.0000000180025095e-35 1.0000000180025095e-35 1.2108304412482227 0.58306722789517595 0.11432681788314139 -0.19795638113062602 0.69115694580119347 -1.2603776864079812 0.99905156599205769 0.7333610276610506 0.26770232326521226 -1.1733445803382618 -0.39206532149820422 0.087183672341670057 -0.98516763846349586 -1.1244278408005008 -0.34615436261063143 -0.24483347095642685 -0.73714014411528084 0.48035535954341463 -0.19683460603195446 -0.27923153583317134 -0.35338896268747616 1.1095838062038956 0.42803969452884144 -0.11998185403631688 -0.17404033954431528 -0.029936169068717693
decision_type=2 2 2 2 2 2 2 2 2 2 2 2 2 2 2 2 2 2 2 2 2 2 2 2 2 2 2 2 2 2 2
left_child=1 14 9 5 -3 6 28 25 -9 10 -2 12 13 17 -1 -16 -17 24 -19 20 -20 -21 23 -23 -12 -5 -10 30 -4 -27 -11
right_child=2 4 3 7 -6 -7 -8 8 26 27 11 -13 -14 -15 15 16 -18 18 19 21 -22 22 -24 -25 -26 29 -28 -29 -30 -31 -32
leaf_value=-0.028124808923749356 -0.016178262146758018 -0.050424290007760678 0.00063910092889472034 -0.0078855054719994665 0.00034025646540811752 -0.0037755989977824814 0.016879851235792387 0.010676871025449942 -0.00037502029370983792 -0.00075244979199027293 0.0017607688933111377 0.02916711004174033 0.0039401101308946807 -0.0021636414060864696 0.011496720484758784 0.0063406266462436639 -0.0016778756080583436 0.0076557681693827824 0.0015027948036149042 0.030015837826008609 -0.0041210898978164328 -0.027672197263722609 0.0025081690511854051 0.0037439876312454603 -0.013134668909937376 -0.032742550566324982 -0.0081029166894268211 0.00047680439761634832 -0.0079417543341755003 -0.0042215249963646782 -0.028334958030970372
leaf_weight=22 27 20 21 32 29 21 24 23 23 30 25 31 38 40 49 39 35 20 29 24 31 22 25 32 21 20 23 28 22 29 27
leaf_count=22 27 20 21 32 29 21 24 23 23 30 25 31 38 40 49 39 35 20 29 24 31 22 25 32 21 20 23 28 22 29 27
internal_value=0.000566893 0.00541237 -0.000799419 -0.00462185 -0.00459184 0.000568182 0.00410448 -0.00766667 -0.00253623 0.00122222 0.00253425 0.0035503 0.00236156 0.0010223 0.0087931 0.0107724 0.00675676 0.00272926 0.0045082 0.00291411 -0.00333333 0.0065534 0.00348101 -0.000925926 -0.00434783 -0.012037 -0.00869565 -0.00441176 -0.00174419 -0.0168367 -0.00833333
internal_weight=882 194 688 238 49 88 67 150 69 450 365 338 307 269 145 123 74 229 183 163 60 103 79 54 46 81 46 85 43 49 57
internal_count=882 194 688 238 49 88 67 150 69 450 365 338 307 269 145 123 74 229 183 163 60 103 79 54 46 81 46 85 43 49 57
is_linear=0
shrinkage=0.05


Tree=137
num_leaves=32
num_cat=0
split_feature=30 36 16 30 9 19 7 8 46 12 44 45 44 2 2 35 46 12 17 3 3 16 42 17 30 10 46 34 44 44 11
split_gain=2.39119 2.7631 2.04891 2.46119 1.71226 1.47204 1.71286 1.60087 1.5003 1.28408 2.37634 1.76196 1.55395 1.33723 1.6254 1.84838 1.57401 1.70206 1.36336 2.03473 1.81201 1.75292 1.2487 1.82839 1.77941 1.30268 1.22667 1.13869 1.07751 0.986741 0.977988
threshold=-0.6958032404706006 -1.2781486228427115 -0.36335158079594948 -0.83176336733025091 -0.47322760733455299 1.0000000180025095e-35 -0.78325832005247709 -0.81026316691744971 -0.74939432054675026 -0.91291816072490928 -0.23737288185876229 0.62082330744621506 -0.16398827036408783 -0.69062140739158429 0.67892881878178835 0.80827656485537802 -0.1857022046991566 1.0000000180025095e-35 -0.25367234984550119 -0.6742562721864499 0.6850046860900979 -0.12409028752785872 0.10271514355732835 0.65527704265362241 1.0000000180025095e-35 0.64366286038747311 -0.59009002693764767 0.30886147685344173 -0.1884498075289793 0.44755015875819931 1.0000000180025095e-35
decision_type=2 2 2 2 2 2 2 2 2 2 2 2 2 2 2 2 2 2 2 2 2 2 2 2 2 2 2 2 2 2 2
left_child=2 -2 3 5 28 6 7 -1 -7 12 11 22 -6 -12 18 16 -16 -18 21 -20 29 -15 23 24 -11 30 -5 -23 -3 -21 -24
right_child=1 4 -4 26 9 8 -8 -9 -10 10 13 -13 -14 14 15 -17 17 -19 19 20 -22 27 25 -25 -26 -27 -28 -29 -30 -31 -32
leaf_value=-0.081377126521896062 0.021371617971621504 -0.029847917439113303 -0.023659819658029591 0.0065360142522379767 -0.039478881466299499 -0.00028230132826507771 0.005219185752194733 0.0011821906448147958 0.017985249682122628 0.0052246684577504261 -0.0058956723793343714 0.0041000903212193409 -5.7946589386403957e-05 0.0015118620363836046 -0.0089801391622728495 -0.023735073028552735 0.0024068447981974829 -0.019624794598297513 -0.010466476227321664 0.007894157036171379 0.00015184506996419601 -0.013513406350949709 0.010143027474177302 -0.02882259139631458 -0.0015513516638471004 -0.0026772131940106195 0.00057402097991996468 0.00022131585340048334 -0.00012126821135893806 0.029823872837057765 0.00081625535141967027
leaf_weight=28 23 26 20 23 22 21 38 27 41 34 37 34 31 21 27 33 29 31 21 24 32 27 25 37 34 24 25 20 22 23 22
leaf_count=28 23 26 20 23 22 21 38 27 41 34 37 34 31 21 27 33 29 31 21 24 32 27 25 37 34 24 25 20 22 23 22
internal_value=0.000793651 -0.000720789 0.00526906 0.0067734 -0.00133648 0.00370968 -0.000268817 -0.00590909 0.00967742 -0.000595238 0.000140187 0.00428571 -0.00801887 -0.00253846 -0.00138889 -0.00583333 -0.00201149 0.0025 0.00178571 0.0055 0.00917722 -0.00367647 0.00227273 -0.00119048 0.00367647 0.00739437 0.0166667 -0.00904255 -0.0104167 0.0154255 0.012234
internal_weight=882 659 223 203 636 155 93 55 62 588 535 210 53 325 288 120 87 60 168 100 79 68 176 105 68 71 48 47 48 47 47
internal_count=882 659 223 203 636 155 93 55 62 588 535 210 53 325 288 120 87 60 168 100 79 68 176 105 68 71 48 47 48 47 47
is_linear=0
shrinkage=0.05


Tree=138
num_leaves=32
num_cat=0
split_feature=6 6 34 9 36 42 44 4 10 8 12 44 12 45 14 33 5 47 12 43 34 7 13 35 39 42 4 10 8 3 9
split_gain=2.4494 2.63196 1.69474 2.1576 1.75174 2.36106 1.6194 1.78706 1.81487 1.50296 1.45342 1.87794 1.58798 1.26754 1.22321 1.13714 1.71361 2.8941 1.61731 1.12325 1.08288 1.07356 1.76755 1.94821 2.15714 1.45868 1.15714 1.11364 0.916667 1.25714 0.796088
threshold=-0.68638862375306242 -0.86066915928725829 -0.39047336764349688 -0.52569674821858625 -0.74607347171360883 -0.43161440792160899 -0.46975748492523134 0.62453399606306548 1.1220668309453672 1.0000000180025095e-35 0.9100667765685585 -0.82444977381615792 -0.65249174111155672 -0.7869555038903614 1.5851659603270629 -0.39112630781432495 -1.1192181671401824 1.0000000180025095e-35 -0.39206532149820422 -0.55931868460698064 0.08712116030563187 1.0000000180025095e-35 0.79902224258553678 0.63721274160556252 -0.20632956899234969 0.50840980301355843 -0.21304633529873965 -0.31314508072831471 0.37696735573164758 1.0000000180025095e-35 -0.42075846645051956
decision_type=2 2 2 2 2 2 2 2 2 2 2 2 2 2 2 2 2 2 2 2 2 2 2 2 2 2 2 2 2 2 2
left_child=1 15 10 -4 20 -6 9 8 14 -7 11 -2 -13 -14 21 16 17 -1 -17 -18 -5 25 23 24 -23 27 -27 -8 29 -15 -3
right_child=2 30 3 4 5 6 7 -9 -10 -11 -12 12 13 28 -16 18 19 -19 -20 -21 -22 22 -24 -25 -26 26 -28 -29 -30 -31 -32
leaf_value=0.0073340557100053166 -0.0022982675477749128 0.0028715477962400373 -0.031157223180065332 -0.0015081556553241172 -0.020811395563929837 -0.00018364985666750045 0.0023146725219632459 0.011652505148255443 -0.022999331635747924 0.015222453665997905 -0.014517331831036984 -0.00098583018917537397 0.032082353624352321 -0.00050160871942779301 -0.0066355723632085528 0.0036327182236611578 0.026619449878991477 -0.038890248151077604 -0.052940295209209155 0.012851848348967111 0.0034479078373287567 0.0099942352287484947 -0.0043264602287955258 0.024592828988590301 -0.0042005346395967537 -0.0037411419018724247 -0.014111307842439658 -0.0005552263865965301 0.011799378025702368 0.0062401607946512179 0.001954122181351181
leaf_weight=29 37 26 21 23 32 33 22 28 41 36 28 32 20 20 25 32 22 34 20 28 30 27 32 26 24 24 21 22 20 35 32
leaf_count=29 37 26 21 23 32 33 22 28 41 36 28 32 20 20 25 32 22 34 20 28 30 27 32 26 24 24 21 22 20 35 32
internal_value=0.000963719 0.00549327 -0.000569044 -0.00219486 -0.0014574 -0.00260814 -0.00145429 -0.00308219 -0.00435606 0.00543478 0.00338542 0.00518293 0.00807087 0.0113158 -0.00257848 0.00227273 0.0050885 -0.000396825 -0.00384615 0.012 0.00707547 -0.00126263 0.00206422 0.00616883 0.000490196 -0.00533708 -0.0116667 0.00113636 0.00833333 0.005 0.0146552
internal_weight=882 223 659 467 446 393 361 292 264 69 192 164 127 95 223 165 113 63 52 50 53 198 109 77 51 89 45 44 75 55 58
internal_count=882 223 659 467 446 393 361 292 264 69 192 164 127 95 223 165 113 63 52 50 53 198 109 77 51 89 45 44 75 55 58
is_linear=0
shrinkage=0.05


Tree=139
num_leaves=32
num_cat=0
split_feature=15 33 35 35 10 16 35 45 16 41 33 44 35 48 33 12 16 9 6 43 41 20 12 33 12 43 43 35 18 14 20
split_gain=2.33832 1.90044 2.12888 1.74312 3.56264 1.65912 2.16667 1.70472 1.63719 1.59712 1.56251 1.62467 1.47384 1.35717 1.23077 1.00592 0.953835 1.38114 1.875 1.67348 1.43609 1.20409 1.8422 1.17583 1.35191 1.23554 1.04551 1.04274 1.02083 0.785753 0.680272
threshold=-1.0701361668920668 -0.35701925976845633 0.79117018253039639 -0.3720638155683485 -0.40882587483989347 -0.22663084178561191 0.038489360231208476 -0.86040483317748717 -0.39753176554853381 0.065361322102908945 -1.0391602206858293 -0.249603650441208 -1.022106343917647 1.0000000180025095e-35 -0.015948779309769939 -0.39206532149820422 -0.40892516046606198 0.2613403650419146 0.44643485721921083 0.53232455584534344 -0.55273873914866345 -0.92962000780925291 1.1704931961819109 1.2289584743644359 0.38921393734185333 0.27820093956385927 -0.23574228453399412 0.15823403650607928 0.86347175869238313 -0.45157717275436821 0.066401429129232373
decision_type=2 2 2 2 2 2 2 2 2 2 2 2 2 2 2 2 2 2 2 2 2 2 2 2 2 2 2 2 2 2 2
left_child=13 2 5 4 -3 7 10 -2 12 14 -7 -12 -9 30 -6 -15 -5 20 -19 26 27 29 23 24 25 28 -20 -18 -23 -22 -1
right_child=1 3 -4 16 9 6 -8 8 -10 -11 11 -13 -14 15 -16 -17 17 18 19 -21 21 22 -24 -25 -26 -27 -28 -29 -30 -31 -32
leaf_value=0.0010464054338967799 0.0079932822294864533 -0.0055463163647168304 0.017519805188106832 0.0011548522758992874 0.001776693812166741 0.0035707517286716951 0.0049996359957432904 0.009239299698638348 0.0021597877674309983 0.040810255941836009 -0.032371317726408222 -0.00053388964212146566 -0.023526352701932752 0.011360661087699953 -0.00091287614984807424 0.0015271078429421438 -0.0073811656223739426 0.0073336038701761197 -0.0037429371108075316 0.014018721900976772 -0.0097804213469373739 -0.020786187435479067 -0.0049477049418214852 0.00081206172434065147 0.0036814172114667089 -0.018199997197407215 -0.028002096370383357 0.033358206787369227 0.00028988872607911277 -0.0061918987254863112 -0.0036196617415328093
leaf_weight=21 41 36 22 32 26 20 26 28 33 30 32 26 48 36 26 25 21 24 34 30 21 24 24 20 26 20 32 20 24 26 28
leaf_count=21 41 36 22 32 26 20 26 28 33 30 32 26 48 36 26 25 21 24 34 30 21 24 24 20 26 20 32 20 24 26 28
internal_value=0.000907029 -6.47668e-05 0.00326087 -0.00191532 0.00338983 0.0019685 -0.00288462 0.00533333 0.00206422 0.00914634 -0.00705128 -0.0112069 -0.00197368 0.00772727 0.00384615 0.0127049 -0.00357143 -0.00433526 0 -0.003125 -0.00663717 -0.00851351 -0.00615942 -0.00350877 -0.00585106 -0.00955882 -0.00757576 0.00182927 -0.00520833 -0.0154255 0.00153061
internal_weight=882 772 276 496 118 254 104 150 109 82 78 58 76 110 52 61 378 346 120 96 226 185 138 114 94 68 66 41 48 47 49
internal_count=882 772 276 496 118 254 104 150 109 82 78 58 76 110 52 61 378 346 120 96 226 185 138 114 94 68 66 41 48 47 49
is_linear=0
shrinkage=0.05


end of trees

feature_importances:
staff_required_total=317
PPE=138
patient_count_lag_3=137
patient_count_rstd_14=135
patient_count_lag_1=134
patient_count_lag_7=134
aqi_lag_2=133
patient_count_rstd_3=132
aqi_lag_1=132
patient_count_lag_2=125
aqi_lag_3=123
aqi=117
day=116
Analgesic=113
patient_count_lag_14=112
patient_count_rmean_7=111
Antibiotic=106
Respiratory=101
patient_count_rstd_7=101
Antipyretic=98
patient_count_rmean_14=97
bed_count=93
patient_count_rmean_3=92
Diabetes=80
accident_count=78
weekofyear=74
ORS=73
Cardiovascular=64
nurses_required=61
Gastrointestinal=60
day_of_week=56
Anti-allergic=46
temp_lag_1=44
year=34
temperature_c=28
temp_lag_3=26
month=22
doctors_required=17
temp_lag_2=16
support_required=5
is_weekend=1
festival_main=1

parameters:
[boosting: gbdt]
[objective: quantile]
[metric: quantile]
[tree_learner: serial]
[device_type: cpu]
[data_sample_strategy: bagging]
[data: ]
[valid: ]
[num_iterations: 140]
[learning_rate: 0.05]
[num_leaves: 32]
[num_threads: 0]
[seed: 0]
[deterministic: 0]
[force_col_wise: 0]
[force_row_wise: 0]
[histogram_pool_size: -1]
[max_depth: -1]
[min_data_in_leaf: 20]
[min_sum_hessian_in_leaf: 0.001]
[bagging_fraction: 0.8]
[pos_bagging_fraction: 1]
[neg_bagging_fraction: 1]
[bagging_freq: 5]
[bagging_seed: 3]
[bagging_by_query: 0]
[feature_fraction: 0.8]
[feature_fraction_bynode: 1]
[feature_fraction_seed: 2]
[extra_trees: 0]
[extra_seed: 6]
[early_stopping_round: 0]
[early_stopping_min_delta: 0]
[first_metric_only: 0]
[max_delta_step: 0]
[lambda_l1: 0]
[lambda_l2: 0]
[linear_lambda: 0]
[min_gain_to_split: 0]
[drop_rate: 0.1]
[max_drop: 50]
[skip_drop: 0.5]
[xgboost_dart_mode: 0]
[uniform_drop: 0]
[drop_seed: 4]
[top_rate: 0.2]
[other_rate: 0.1]
[min_data_per_group: 100]
[max_cat_threshold: 32]
[cat_l2: 10]
[cat_smooth: 10]
[max_cat_to_onehot: 4]
[top_k: 20]
[monotone_constraints: ]
[monotone_constraints_method: basic]
[monotone_penalty: 0]
[feature_contri: ]
[forcedsplits_filename: ]
[refit_decay_rate: 0.9]
[cegb_tradeoff: 1]
[cegb_penalty_split: 0]
[cegb_penalty_feature_lazy: ]
[cegb_penalty_feature_coupled: ]
[path_smooth: 0]
[interaction_constraints: ]
[verbosity: -1]
[saved_feature_importance_type: 0]
[use_quantized_grad: 0]
[num_grad_quant_bins: 4]
[quant_train_renew_leaf: 0]
[stochastic_rounding: 1]
[linear_tree: 0]
[max_bin: 255]
[max_bin_by_feature: ]
[min_data_in_bin: 3]
[bin_construct_sample_cnt: 200000]
[data_random_seed: 1]
[is_enable_sparse: 1]
[enable_bundle: 1]
[use_missing: 1]
[zero_as_missing: 0]
[feature_pre_filter: 1]
[pre_partition: 0]
[two_round: 0]
[header: 0]
[label_column: ]
[weight_column: ]
[group_column: ]
[ignore_column: ]
[categorical_feature: ]
[forcedbins_filename: ]
[precise_float_parser: 0]
[parser_config_file: ]
[objective_seed: 5]
[num_class: 1]
[is_unbalance: 0]
[scale_pos_weight: 1]
[sigmoid: 1]
[boost_from_average: 1]
[reg_sqrt: 0]
[alpha: 0.5]
[fair_c: 1]
[poisson_max_delta_step: 0.7]
[tweedie_variance_power: 1.5]
[lambdarank_truncation_level: 30]
[lambdarank_norm: 1]
[label_gain: ]
[lambdarank_position_bias_regularization: 0]
[eval_at: ]
[multi_error_top_k: 1]
[auc_mu_weights: ]
[num_machines: 1]
[local_listen_port: 12400]
[time_out: 120]
[machine_list_filename: ]
[machines: ]
[gpu_platform_id: -1]
[gpu_device_id: -1]
[gpu_use_dp: 0]
[num_gpu: 1]

end of parameters

pandas_categorical:[]
