Date,day_of_week,is_weekend,festival,aqi,temperature_c,accident_count,patient_count,bed_count,advisory,most_required_med_category,staff_required_total,staff_required_details,Antibiotic,Analgesic,Antipyretic,Respiratory,Cardiovascular,Diabetes,Gastrointestinal,Anti-allergic,ORS,PPE
2022-01-01,5,1,None,214,25,25,246,85,Air Quality Alert: masks recommended; increase respiratory stock,PPE,54,"{""nurses"":31,""doctors"":13,""support"":10}",54,82,28,39,11,8,14,6,7,220
2022-01-02,6,1,None,163,25,23,227,173,Normal,PPE,51,"{""nurses"":29,""doctors"":12,""support"":10}",62,67,30,23,10,9,17,5,12,188
2022-01-03,0,0,None,147,25,15,176,236,Normal,PPE,40,"{""nurses"":22,""doctors"":9,""support"":9}",40,49,23,21,3,4,13,3,8,155
2022-01-04,1,0,None,196,25,19,178,207,Normal,PPE,41,"{""nurses"":23,""doctors"":9,""support"":9}",42,69,12,17,6,9,11,5,11,169
2022-01-05,2,0,None,109,24,17,182,197,Normal,PPE,42,"{""nurses"":23,""doctors"":10,""support"":9}",47,61,19,27,5,8,8,7,5,160
2022-01-06,3,0,None,282,24,16,218,200,Air Quality Alert: masks recommended; increase respiratory stock,PPE,49,"{""nurses"":28,""doctors"":11,""support"":10}",33,52,34,32,5,12,8,4,7,216
2022-01-07,4,0,None,141,23,21,190,215,Normal,PPE,43,"{""nurses"":24,""doctors"":10,""support"":9}",42,61,21,33,2,4,6,4,12,160
2022-01-08,5,1,None,137,23,25,249,231,Normal,PPE,55,"{""nurses"":32,""doctors"":13,""support"":10}",59,89,20,29,7,7,18,4,10,219
2022-01-09,6,1,None,179,22,18,222,237,Normal,PPE,50,"{""nurses"":28,""doctors"":12,""support"":10}",43,67,25,33,10,8,11,7,6,187
2022-01-10,0,0,None,194,20,21,167,226,Normal,PPE,39,"{""nurses"":21,""doctors"":9,""support"":9}",37,56,8,23,4,9,12,4,13,130
2022-01-11,1,0,None,231,20,13,212,211,Air Quality Alert: masks recommended; increase respiratory stock,PPE,48,"{""nurses"":27,""doctors"":11,""support"":10}",43,50,22,26,7,7,13,4,9,178
2022-01-12,2,0,None,171,21,18,172,203,Normal,PPE,40,"{""nurses"":22,""doctors"":9,""support"":9}",46,54,21,22,6,11,10,2,9,172
2022-01-13,3,0,None,147,21,17,255,230,Normal,PPE,56,"{""nurses"":32,""doctors"":13,""support"":11}",43,82,24,29,8,5,15,5,10,204
2022-01-14,4,0,None,202,22,24,249,244,Air Quality Alert: masks recommended; increase respiratory stock,PPE,55,"{""nurses"":32,""doctors"":13,""support"":10}",52,90,24,26,7,13,15,3,12,202
2022-01-15,5,1,None,252,23,26,255,270,Air Quality Alert: masks recommended; increase respiratory stock,PPE,56,"{""nurses"":32,""doctors"":13,""support"":11}",42,89,23,44,10,16,15,4,9,198
2022-01-16,6,1,None,121,24,28,203,255,Normal,PPE,47,"{""nurses"":26,""doctors"":11,""support"":10}",44,62,15,25,6,8,6,4,13,195
2022-01-17,0,0,None,146,25,17,230,236,Normal,PPE,51,"{""nurses"":29,""doctors"":12,""support"":10}",45,54,21,24,5,6,6,6,9,187
2022-01-18,1,0,None,236,24,26,212,228,Air Quality Alert: masks recommended; increase respiratory stock,PPE,48,"{""nurses"":27,""doctors"":11,""support"":10}",48,83,21,29,6,10,13,3,13,183
2022-01-19,2,0,None,205,24,24,183,228,Air Quality Alert: masks recommended; increase respiratory stock,PPE,42,"{""nurses"":23,""doctors"":10,""support"":9}",54,56,22,33,5,6,3,6,5,187
2022-01-20,3,0,None,331,23,20,264,235,High Demand: activate surge plan; postpone elective procedures; open triage tents; public advisory: wear masks,PPE,58,"{""nurses"":33,""doctors"":14,""support"":11}",55,47,38,36,1,8,13,5,12,225
2022-01-21,4,0,None,186,23,17,202,225,Normal,PPE,47,"{""nurses"":26,""doctors"":11,""support"":10}",47,53,27,25,9,7,18,3,17,176
2022-01-22,5,1,None,164,24,21,266,259,High Demand: activate surge plan; postpone elective procedures; open triage tents; public advisory: wear masks,PPE,59,"{""nurses"":34,""doctors"":14,""support"":11}",46,66,30,32,11,12,14,4,14,186
2022-01-23,6,1,None,123,22,24,180,233,Normal,PPE,41,"{""nurses"":23,""doctors"":9,""support"":9}",50,64,13,18,6,8,8,4,13,160
2022-01-24,0,0,None,142,19,27,234,236,Normal,PPE,52,"{""nurses"":30,""doctors"":12,""support"":10}",63,72,28,22,8,11,13,7,11,193
2022-01-25,1,0,None,130,20,16,170,215,Normal,PPE,40,"{""nurses"":22,""doctors"":9,""support"":9}",38,64,14,13,5,9,9,1,11,159
2022-01-26,2,0,RepublicDay,200,21,19,185,209,Normal,PPE,43,"{""nurses"":24,""doctors"":10,""support"":9}",50,60,23,21,2,6,16,4,9,141
2022-01-27,3,0,None,156,22,29,212,209,Normal,PPE,48,"{""nurses"":27,""doctors"":11,""support"":10}",42,59,19,20,5,6,14,5,7,199
2022-01-28,4,0,None,312,24,32,212,219,High Demand: activate surge plan; postpone elective procedures; open triage tents; public advisory: wear masks,PPE,48,"{""nurses"":27,""doctors"":11,""support"":10}",50,74,21,26,9,9,12,5,12,198
2022-01-29,5,1,None,60,23,19,176,205,Normal,PPE,40,"{""nurses"":22,""doctors"":9,""support"":9}",28,50,14,18,4,5,12,2,9,166
2022-01-30,6,1,None,184,22,12,203,204,Normal,PPE,47,"{""nurses"":26,""doctors"":11,""support"":10}",42,44,28,26,4,6,17,2,11,153
2022-01-31,0,0,None,166,23,14,236,216,Normal,PPE,52,"{""nurses"":30,""doctors"":12,""support"":10}",45,59,31,27,9,11,13,1,16,190
2022-02-01,1,0,None,259,22,16,185,228,Air Quality Alert: masks recommended; increase respiratory stock,PPE,43,"{""nurses"":24,""doctors"":10,""support"":9}",37,47,21,26,5,6,7,7,7,156
2022-02-02,2,0,None,278,22,22,211,232,Air Quality Alert: masks recommended; increase respiratory stock,PPE,48,"{""nurses"":27,""doctors"":11,""support"":10}",54,64,26,25,7,6,16,8,11,199
2022-02-03,3,0,None,110,22,22,205,220,Normal,PPE,47,"{""nurses"":26,""doctors"":11,""support"":10}",48,69,25,24,7,7,16,4,12,184
2022-02-04,4,0,None,71,22,22,219,226,Normal,PPE,49,"{""nurses"":28,""doctors"":11,""support"":10}",45,54,24,19,10,13,14,1,9,177
2022-02-05,5,1,None,115,22,31,266,238,High Demand: activate surge plan; postpone elective procedures; open triage tents; public advisory: wear masks,PPE,59,"{""nurses"":34,""doctors"":14,""support"":11}",67,67,33,21,11,8,14,7,14,232
2022-02-06,6,1,None,125,22,30,226,254,Normal,PPE,51,"{""nurses"":29,""doctors"":12,""support"":10}",64,74,33,30,11,6,10,4,17,177
2022-02-07,0,0,None,236,22,25,228,247,Air Quality Alert: masks recommended; increase respiratory stock,PPE,51,"{""nurses"":29,""doctors"":12,""support"":10}",51,65,21,34,6,10,13,6,10,208
2022-02-08,1,0,None,67,22,27,240,252,Normal,PPE,52,"{""nurses"":30,""doctors"":12,""support"":10}",47,53,29,20,6,5,21,6,19,191
2022-02-09,2,0,None,93,22,26,177,230,Normal,PPE,41,"{""nurses"":23,""doctors"":9,""support"":9}",26,41,24,14,2,9,13,4,10,156
2022-02-10,3,0,None,132,24,21,204,215,Normal,PPE,47,"{""nurses"":26,""doctors"":11,""support"":10}",45,63,24,24,5,3,14,4,14,206
2022-02-11,4,0,None,444,26,21,192,199,High Demand: activate surge plan; postpone elective procedures; open triage tents; public advisory: wear masks,PPE,43,"{""nurses"":24,""doctors"":10,""support"":9}",45,61,25,20,6,9,16,3,9,160
2022-02-12,5,1,None,96,25,25,184,208,Normal,PPE,42,"{""nurses"":23,""doctors"":10,""support"":9}",35,61,25,15,7,8,10,5,7,178
2022-02-13,6,1,None,261,24,24,195,199,Air Quality Alert: masks recommended; increase respiratory stock,PPE,44,"{""nurses"":25,""doctors"":10,""support"":9}",35,67,20,25,9,10,9,2,11,180
2022-02-14,0,0,None,237,24,13,274,226,High Demand: activate surge plan; postpone elective procedures; open triage tents; public advisory: wear masks,PPE,60,"{""nurses"":35,""doctors"":14,""support"":11}",63,69,36,34,12,12,10,5,16,204
2022-02-15,1,0,None,117,23,27,177,234,Normal,PPE,41,"{""nurses"":23,""doctors"":9,""support"":9}",35,64,20,15,6,9,12,3,9,161
2022-02-16,2,0,None,180,22,21,212,237,Normal,PPE,48,"{""nurses"":27,""doctors"":11,""support"":10}",38,64,24,29,9,8,19,6,11,165
2022-02-17,3,0,None,223,22,17,215,217,Air Quality Alert: masks recommended; increase respiratory stock,PPE,48,"{""nurses"":27,""doctors"":11,""support"":10}",47,76,23,24,8,7,15,5,8,191
2022-02-18,4,0,None,105,23,27,196,215,Normal,PPE,44,"{""nurses"":25,""doctors"":10,""support"":9}",34,61,18,28,6,7,13,1,6,175
2022-02-19,5,1,None,213,24,19,194,208,Air Quality Alert: masks recommended; increase respiratory stock,PPE,44,"{""nurses"":25,""doctors"":10,""support"":9}",42,64,18,31,5,10,10,6,10,180
2022-02-20,6,1,None,148,25,17,173,199,Normal,PPE,40,"{""nurses"":22,""doctors"":9,""support"":9}",41,49,18,11,5,7,5,3,10,137
2022-02-21,0,0,None,192,24,21,219,209,Normal,PPE,49,"{""nurses"":28,""doctors"":11,""support"":10}",43,61,23,27,8,11,20,7,14,183
2022-02-22,1,0,None,184,24,26,164,199,Normal,PPE,39,"{""nurses"":21,""doctors"":9,""support"":9}",46,72,15,16,2,7,8,3,9,156
2022-02-23,2,0,None,255,24,18,270,225,High Demand: activate surge plan; postpone elective procedures; open triage tents; public advisory: wear masks,PPE,59,"{""nurses"":34,""doctors"":14,""support"":11}",58,70,34,35,3,9,11,6,11,204
2022-02-24,3,0,None,216,25,20,220,230,Air Quality Alert: masks recommended; increase respiratory stock,PPE,49,"{""nurses"":28,""doctors"":11,""support"":10}",53,54,25,22,8,14,13,1,9,175
2022-02-25,4,0,None,219,26,23,184,237,Air Quality Alert: masks recommended; increase respiratory stock,PPE,42,"{""nurses"":23,""doctors"":10,""support"":9}",48,66,33,32,4,9,10,4,14,149
2022-02-26,5,1,None,157,25,20,206,219,Normal,PPE,47,"{""nurses"":26,""doctors"":11,""support"":10}",45,58,27,31,9,9,14,3,7,180
2022-02-27,6,1,None,146,25,21,210,211,Normal,PPE,48,"{""nurses"":27,""doctors"":11,""support"":10}",48,72,24,21,5,7,17,3,13,183
2022-02-28,0,0,None,228,26,7,163,200,Air Quality Alert: masks recommended; increase respiratory stock,PPE,39,"{""nurses"":21,""doctors"":9,""support"":9}",33,37,25,20,7,4,7,4,9,126
2022-03-01,1,0,None,106,26,14,219,214,Normal,PPE,49,"{""nurses"":28,""doctors"":11,""support"":10}",48,55,30,17,6,8,10,4,9,191
2022-03-02,2,0,None,94,27,22,272,230,Normal,PPE,59,"{""nurses"":34,""doctors"":14,""support"":11}",52,83,34,28,5,12,21,5,16,221
2022-03-03,3,0,None,132,28,20,221,245,Normal,PPE,50,"{""nurses"":28,""doctors"":12,""support"":10}",48,71,29,23,7,8,7,3,11,170
2022-03-04,4,0,None,30,28,24,204,248,Normal,PPE,47,"{""nurses"":26,""doctors"":11,""support"":10}",36,59,21,16,2,8,9,5,13,162
2022-03-05,5,1,None,90,27,27,262,236,Normal,PPE,58,"{""nurses"":33,""doctors"":14,""support"":11}",53,73,31,18,6,10,15,7,8,220
2022-03-06,6,1,None,69,28,16,241,247,Normal,PPE,54,"{""nurses"":31,""doctors"":13,""support"":10}",48,64,27,22,6,9,21,4,14,199
2022-03-07,0,0,None,218,28,22,225,265,Air Quality Alert: masks recommended; increase respiratory stock,PPE,51,"{""nurses"":29,""doctors"":12,""support"":10}",57,57,17,30,6,5,20,3,12,207
2022-03-08,1,0,None,236,29,217,511,351,High Demand: activate surge plan; postpone elective procedures; open triage tents; public advisory: wear masks,PPE,106,"{""nurses"":64,""doctors"":26,""support"":16}",198,251,56,61,14,24,32,12,29,539
2022-03-09,2,0,None,193,29,10,225,333,Normal,PPE,51,"{""nurses"":29,""doctors"":12,""support"":10}",35,51,26,27,6,9,11,8,9,178
2022-03-10,3,0,None,152,28,20,242,346,Normal,PPE,54,"{""nurses"":31,""doctors"":13,""support"":10}",56,65,25,26,7,11,13,5,10,186
2022-03-11,4,0,None,30,28,15,193,240,Normal,PPE,44,"{""nurses"":25,""doctors"":10,""support"":9}",50,58,25,17,4,3,15,5,11,176
2022-03-12,5,1,None,211,29,24,263,246,Air Quality Alert: masks recommended; increase respiratory stock,PPE,58,"{""nurses"":33,""doctors"":14,""support"":11}",49,63,32,33,10,10,13,1,18,226
2022-03-13,6,1,None,202,29,22,212,244,Air Quality Alert: masks recommended; increase respiratory stock,PPE,48,"{""nurses"":27,""doctors"":11,""support"":10}",46,70,29,23,6,8,20,4,8,192
2022-03-14,0,0,None,80,29,12,211,239,Normal,PPE,48,"{""nurses"":27,""doctors"":11,""support"":10}",45,53,25,21,10,12,12,4,7,200
2022-03-15,1,0,None,133,30,29,205,218,Normal,PPE,47,"{""nurses"":26,""doctors"":11,""support"":10}",50,79,29,28,4,6,11,5,15,213
2022-03-16,2,0,None,209,30,19,226,221,Air Quality Alert: masks recommended; increase respiratory stock,PPE,51,"{""nurses"":29,""doctors"":12,""support"":10}",59,63,38,29,8,7,14,7,7,193
2022-03-17,3,0,Holi,122,30,20,230,231,Normal,PPE,51,"{""nurses"":29,""doctors"":12,""support"":10}",54,54,31,27,7,8,13,4,9,185
2022-03-18,4,0,Holi,144,29,27,228,238,Normal,PPE,51,"{""nurses"":29,""doctors"":12,""support"":10}",57,73,25,25,7,13,14,5,10,191
2022-03-19,5,1,Holi,100,28,24,307,278,High Demand: activate surge plan; postpone elective procedures; open triage tents; public advisory: wear masks,PPE,67,"{""nurses"":39,""doctors"":16,""support"":12}",64,77,34,35,14,10,21,9,21,229
2022-03-20,6,1,None,193,27,20,250,281,Normal,PPE,55,"{""nurses"":32,""doctors"":13,""support"":10}",60,78,30,28,8,14,12,3,10,208
2022-03-21,0,0,None,119,27,23,228,282,Normal,PPE,51,"{""nurses"":29,""doctors"":12,""support"":10}",43,71,31,23,4,7,17,3,12,221
2022-03-22,1,0,None,195,30,18,203,234,Normal,PPE,47,"{""nurses"":26,""doctors"":11,""support"":10}",44,73,21,23,6,1,14,2,10,164
2022-03-23,2,0,None,146,31,30,278,255,High Demand: activate surge plan; postpone elective procedures; open triage tents; public advisory: wear masks,PPE,60,"{""nurses"":35,""doctors"":14,""support"":11}",63,77,41,28,11,11,22,6,11,260
2022-03-24,3,0,None,89,29,17,226,250,Normal,PPE,51,"{""nurses"":29,""doctors"":12,""support"":10}",52,54,25,11,8,9,7,5,9,219
2022-03-25,4,0,None,187,28,24,286,274,High Demand: activate surge plan; postpone elective procedures; open triage tents; public advisory: wear masks,PPE,62,"{""nurses"":36,""doctors"":15,""support"":11}",47,84,32,32,7,10,12,8,14,247
2022-03-26,5,1,None,129,28,21,262,281,Normal,PPE,58,"{""nurses"":33,""doctors"":14,""support"":11}",41,76,29,35,4,9,18,2,14,239
2022-03-27,6,1,None,88,28,16,229,280,Normal,PPE,51,"{""nurses"":29,""doctors"":12,""support"":10}",46,68,20,21,5,10,19,7,10,190
2022-03-28,0,0,None,88,28,12,228,252,Normal,PPE,51,"{""nurses"":29,""doctors"":12,""support"":10}",49,40,21,16,3,5,12,5,9,188
2022-03-29,1,0,None,106,28,18,245,244,Normal,PPE,54,"{""nurses"":31,""doctors"":13,""support"":10}",65,68,30,21,6,9,19,6,11,202
2022-03-30,2,0,None,94,28,24,210,243,Normal,PPE,48,"{""nurses"":27,""doctors"":11,""support"":10}",45,61,30,24,2,8,9,6,7,168
2022-03-31,3,0,None,172,27,13,182,224,Normal,PPE,42,"{""nurses"":23,""doctors"":10,""support"":9}",43,52,23,23,4,5,11,2,14,141
2022-04-01,4,0,None,129,27,11,258,231,Normal,PPE,57,"{""nurses"":33,""doctors"":13,""support"":11}",59,60,29,28,3,8,16,6,15,225
2022-04-02,5,1,None,146,27,26,247,251,Normal,PPE,54,"{""nurses"":31,""doctors"":13,""support"":10}",53,85,33,26,11,7,17,7,13,214
2022-04-03,6,1,None,124,27,19,237,264,Normal,PPE,52,"{""nurses"":30,""doctors"":12,""support"":10}",51,54,29,30,2,7,6,6,15,190
2022-04-04,0,0,None,141,28,12,239,251,Normal,PPE,52,"{""nurses"":30,""doctors"":12,""support"":10}",37,62,20,13,6,6,22,1,11,218
2022-04-05,1,0,None,131,28,22,289,263,Normal,PPE,63,"{""nurses"":37,""doctors"":15,""support"":11}",64,62,43,22,2,11,26,2,11,231
2022-04-06,2,0,None,237,28,21,276,281,Air Quality Alert: masks recommended; increase respiratory stock,PPE,60,"{""nurses"":35,""doctors"":14,""support"":11}",59,82,29,32,10,14,26,8,14,223
2022-04-07,3,0,None,239,29,17,240,292,Air Quality Alert: masks recommended; increase respiratory stock,PPE,52,"{""nurses"":30,""doctors"":12,""support"":10}",60,59,34,43,7,9,11,2,18,211
2022-04-08,4,0,None,30,29,21,231,259,Normal,PPE,51,"{""nurses"":29,""doctors"":12,""support"":10}",63,66,30,30,5,4,13,6,9,199
2022-04-09,5,1,None,147,29,19,331,281,High Demand: activate surge plan; postpone elective procedures; open triage tents; public advisory: wear masks,PPE,71,"{""nurses"":42,""doctors"":17,""support"":12}",57,91,40,48,11,16,23,8,14,263
2022-04-10,6,1,None,85,29,32,242,284,Normal,PPE,54,"{""nurses"":31,""doctors"":13,""support"":10}",62,70,29,19,4,12,16,3,11,229
2022-04-11,0,0,None,63,29,28,275,302,Normal,PPE,60,"{""nurses"":35,""doctors"":14,""support"":11}",62,81,28,26,10,11,17,3,17,239
2022-04-12,1,0,None,188,29,21,223,266,Normal,PPE,50,"{""nurses"":28,""doctors"":12,""support"":10}",51,60,29,20,4,9,10,1,9,192
2022-04-13,2,0,None,124,30,19,295,276,Normal,PPE,63,"{""nurses"":37,""doctors"":15,""support"":11}",69,73,26,27,12,16,18,7,17,208
2022-04-14,3,0,None,130,29,25,281,279,Normal,PPE,62,"{""nurses"":36,""doctors"":15,""support"":11}",74,88,41,33,9,24,24,8,8,211
2022-04-15,4,0,None,76,28,30,278,298,Normal,PPE,60,"{""nurses"":35,""doctors"":14,""support"":11}",50,81,31,33,10,13,16,5,10,242
2022-04-16,5,1,None,165,28,24,210,268,Normal,PPE,48,"{""nurses"":27,""doctors"":11,""support"":10}",48,62,17,18,6,12,16,6,9,174
2022-04-17,6,1,None,146,28,22,198,239,Normal,PPE,44,"{""nurses"":25,""doctors"":10,""support"":9}",45,65,24,22,7,13,9,3,11,173
2022-04-18,0,0,None,188,28,21,246,227,Normal,PPE,54,"{""nurses"":31,""doctors"":13,""support"":10}",56,65,36,35,7,19,13,7,11,210
2022-04-19,1,0,None,117,28,14,255,243,Normal,PPE,56,"{""nurses"":32,""doctors"":13,""support"":11}",62,54,29,15,7,16,13,1,8,199
2022-04-20,2,0,None,162,29,23,228,254,Normal,PPE,51,"{""nurses"":29,""doctors"":12,""support"":10}",55,45,24,25,6,13,19,5,10,198
2022-04-21,3,0,None,182,32,18,206,241,Normal,PPE,47,"{""nurses"":26,""doctors"":11,""support"":10}",34,65,32,21,7,6,12,9,14,180
2022-04-22,4,0,None,116,31,20,279,246,Normal,PPE,60,"{""nurses"":35,""doctors"":14,""support"":11}",54,80,26,31,8,10,17,6,10,226
2022-04-23,5,1,None,211,31,22,221,244,Air Quality Alert: masks recommended; increase respiratory stock,PPE,50,"{""nurses"":28,""doctors"":12,""support"":10}",53,61,27,31,11,15,13,1,8,166
2022-04-24,6,1,None,149,30,22,201,256,Normal,PPE,47,"{""nurses"":26,""doctors"":11,""support"":10}",37,49,26,19,6,11,8,2,11,171
2022-04-25,0,0,None,64,31,12,200,221,Normal,PPE,44,"{""nurses"":25,""doctors"":10,""support"":9}",31,50,19,16,7,10,8,6,11,174
2022-04-26,1,0,None,148,30,15,255,226,Normal,PPE,56,"{""nurses"":32,""doctors"":13,""support"":11}",55,70,34,26,10,7,13,7,9,223
2022-04-27,2,0,None,126,31,22,295,263,Normal,PPE,63,"{""nurses"":37,""doctors"":15,""support"":11}",70,91,29,29,7,9,21,8,14,225
2022-04-28,3,0,None,103,31,15,193,257,Normal,PPE,44,"{""nurses"":25,""doctors"":10,""support"":9}",40,51,16,16,9,10,14,4,7,170
2022-04-29,4,0,None,124,30,16,199,240,Normal,PPE,44,"{""nurses"":25,""doctors"":10,""support"":9}",41,54,33,13,6,6,9,6,6,191
2022-04-30,5,1,None,228,30,24,259,226,Air Quality Alert: masks recommended; increase respiratory stock,PPE,57,"{""nurses"":33,""doctors"":13,""support"":11}",43,75,27,34,8,7,15,2,15,211
2022-05-01,6,1,None,124,30,17,205,243,Normal,PPE,47,"{""nurses"":26,""doctors"":11,""support"":10}",50,71,29,27,8,9,19,6,7,179
2022-05-02,0,0,None,116,30,22,144,219,Normal,PPE,34,"{""nurses"":18,""doctors"":8,""support"":8}",37,43,20,16,3,13,10,1,14,121
2022-05-03,1,0,None,212,30,20,194,192,Air Quality Alert: masks recommended; increase respiratory stock,PPE,44,"{""nurses"":25,""doctors"":10,""support"":9}",35,52,21,33,5,4,10,3,14,163
2022-05-04,2,0,None,123,30,20,235,210,Normal,PPE,52,"{""nurses"":30,""doctors"":12,""support"":10}",50,78,35,22,7,11,13,6,10,190
2022-05-05,3,0,None,92,29,16,210,225,Normal,PPE,48,"{""nurses"":27,""doctors"":11,""support"":10}",45,55,31,30,8,12,16,4,12,165
2022-05-06,4,0,None,214,29,24,260,254,High Demand: activate surge plan; postpone elective procedures; open triage tents; public advisory: wear masks,PPE,57,"{""nurses"":33,""doctors"":13,""support"":11}",61,71,28,43,8,12,20,4,12,250
2022-05-07,5,1,None,133,29,23,250,252,Normal,PPE,55,"{""nurses"":32,""doctors"":13,""support"":10}",57,87,29,28,9,9,18,9,11,203
2022-05-08,6,1,None,78,30,19,212,257,Normal,PPE,48,"{""nurses"":27,""doctors"":11,""support"":10}",43,53,33,18,3,8,18,6,13,161
2022-05-09,0,0,None,176,30,21,306,268,High Demand: activate surge plan; postpone elective procedures; open triage tents; public advisory: wear masks,PPE,67,"{""nurses"":39,""doctors"":16,""support"":12}",55,73,28,28,11,13,16,4,11,252
2022-05-10,1,0,None,97,30,15,181,240,Normal,PPE,42,"{""nurses"":23,""doctors"":10,""support"":9}",48,45,20,27,3,8,10,5,13,160
2022-05-11,2,0,None,132,30,13,225,260,Normal,PPE,51,"{""nurses"":29,""doctors"":12,""support"":10}",48,55,21,26,8,8,8,6,18,200
2022-05-12,3,0,None,101,30,15,245,234,Normal,PPE,54,"{""nurses"":31,""doctors"":13,""support"":10}",41,52,35,24,10,7,20,4,8,190
2022-05-13,4,0,None,134,30,21,262,266,High Demand: activate surge plan; postpone elective procedures; open triage tents; public advisory: wear masks,PPE,58,"{""nurses"":33,""doctors"":14,""support"":11}",42,81,33,25,9,17,15,4,18,212
2022-05-14,5,1,None,96,30,19,192,242,Normal,PPE,43,"{""nurses"":24,""doctors"":10,""support"":9}",38,51,24,18,6,6,7,6,16,179
2022-05-15,6,1,None,48,30,15,208,235,Normal,PPE,47,"{""nurses"":26,""doctors"":11,""support"":10}",41,52,21,21,5,11,14,6,7,174
2022-05-16,0,0,None,161,30,15,180,212,Normal,PPE,41,"{""nurses"":23,""doctors"":9,""support"":9}",38,50,29,18,4,2,14,6,11,149
2022-05-17,1,0,None,97,30,18,181,208,Normal,PPE,42,"{""nurses"":23,""doctors"":10,""support"":9}",45,57,17,15,8,4,8,3,9,161
2022-05-18,2,0,None,180,30,16,191,189,Normal,PPE,43,"{""nurses"":24,""doctors"":10,""support"":9}",52,46,15,22,8,6,9,5,8,165
2022-05-19,3,0,None,156,30,20,297,234,High Demand: activate surge plan; postpone elective procedures; open triage tents; public advisory: wear masks,PPE,64,"{""nurses"":38,""doctors"":15,""support"":11}",68,69,42,28,13,11,14,1,12,226
2022-05-20,4,0,None,158,30,14,245,253,Normal,PPE,54,"{""nurses"":31,""doctors"":13,""support"":10}",61,58,33,30,5,9,17,1,9,194
2022-05-21,5,1,None,134,30,23,234,270,Normal,PPE,52,"{""nurses"":30,""doctors"":12,""support"":10}",55,78,37,24,5,10,15,7,14,182
2022-05-22,6,1,None,146,30,17,242,263,Normal,PPE,54,"{""nurses"":31,""doctors"":13,""support"":10}",46,79,22,25,10,7,9,2,17,185
2022-05-23,0,0,None,149,30,22,230,256,Normal,PPE,51,"{""nurses"":29,""doctors"":12,""support"":10}",49,79,27,27,11,2,13,3,10,214
2022-05-24,1,0,None,173,30,18,196,242,Normal,PPE,44,"{""nurses"":25,""doctors"":10,""support"":9}",35,43,32,20,4,14,9,2,8,172
2022-05-25,2,0,None,30,30,19,226,234,Normal,PPE,51,"{""nurses"":29,""doctors"":12,""support"":10}",49,54,19,35,5,14,15,2,10,188
2022-05-26,3,0,None,130,30,18,266,236,High Demand: activate surge plan; postpone elective procedures; open triage tents; public advisory: wear masks,PPE,59,"{""nurses"":34,""doctors"":14,""support"":11}",62,63,32,32,11,14,13,7,21,229
2022-05-27,4,0,None,141,30,22,263,262,High Demand: activate surge plan; postpone elective procedures; open triage tents; public advisory: wear masks,PPE,58,"{""nurses"":33,""doctors"":14,""support"":11}",71,69,39,28,6,13,17,2,14,228
2022-05-28,5,1,None,146,31,24,212,264,Normal,PPE,48,"{""nurses"":27,""doctors"":11,""support"":10}",43,56,27,18,10,7,16,7,10,172
2022-05-29,6,1,None,139,31,16,184,232,Normal,PPE,42,"{""nurses"":23,""doctors"":10,""support"":9}",33,50,24,25,5,2,10,3,3,152
2022-05-30,0,0,None,171,30,18,240,227,Normal,PPE,52,"{""nurses"":30,""doctors"":12,""support"":10}",53,55,30,25,4,9,16,6,15,192
2022-05-31,1,0,None,116,30,24,213,232,Normal,PPE,48,"{""nurses"":27,""doctors"":11,""support"":10}",46,51,16,29,10,4,16,3,6,185
2022-06-01,2,0,None,112,30,23,201,226,Normal,PPE,47,"{""nurses"":26,""doctors"":11,""support"":10}",35,49,10,23,11,5,18,7,7,164
2022-06-02,3,0,None,102,30,16,185,208,Normal,PPE,43,"{""nurses"":24,""doctors"":10,""support"":9}",46,40,21,18,7,9,10,0,10,151
2022-06-03,4,0,None,36,30,19,192,199,Normal,PPE,43,"{""nurses"":24,""doctors"":10,""support"":9}",36,59,25,17,4,9,11,2,8,158
2022-06-04,5,1,None,98,30,22,163,186,Normal,PPE,39,"{""nurses"":21,""doctors"":9,""support"":9}",43,62,26,17,6,9,7,6,7,140
2022-06-05,6,1,None,93,30,25,185,192,Normal,PPE,43,"{""nurses"":24,""doctors"":10,""support"":9}",49,56,23,29,6,2,9,1,7,175
2022-06-06,0,0,None,146,30,19,226,198,Normal,PPE,51,"{""nurses"":29,""doctors"":12,""support"":10}",42,48,29,27,6,7,10,3,13,202
2022-06-07,1,0,None,60,30,26,184,214,Normal,PPE,42,"{""nurses"":23,""doctors"":10,""support"":9}",49,51,16,22,6,3,7,2,6,159
2022-06-08,2,0,None,39,30,10,176,205,Normal,PPE,40,"{""nurses"":22,""doctors"":9,""support"":9}",30,36,24,23,6,9,11,3,6,165
2022-06-09,3,0,None,59,29,20,170,182,Normal,PPE,40,"{""nurses"":22,""doctors"":9,""support"":9}",48,43,22,16,3,11,12,1,12,124
2022-06-10,4,0,None,51,28,23,177,194,Normal,PPE,41,"{""nurses"":23,""doctors"":9,""support"":9}",50,66,20,16,5,7,13,6,6,158
2022-06-11,5,1,None,82,27,16,126,164,Normal,PPE,31,"{""nurses"":16,""doctors"":7,""support"":8}",28,38,18,15,5,8,9,3,4,90
2022-06-12,6,1,None,20,27,30,165,170,Normal,PPE,39,"{""nurses"":21,""doctors"":9,""support"":9}",48,63,21,13,4,9,5,1,10,153
2022-06-13,0,0,None,145,28,14,233,191,High Demand: activate surge plan; postpone elective procedures; open triage tents; public advisory: wear masks,PPE,52,"{""nurses"":30,""doctors"":12,""support"":10}",45,60,22,25,8,9,22,4,14,211
2022-06-14,1,0,None,167,28,16,232,222,High Demand: activate surge plan; postpone elective procedures; open triage tents; public advisory: wear masks,PPE,51,"{""nurses"":29,""doctors"":12,""support"":10}",43,62,24,23,1,11,12,3,9,219
2022-06-15,2,0,None,72,28,21,200,241,Normal,PPE,44,"{""nurses"":25,""doctors"":10,""support"":9}",38,66,23,19,7,9,12,4,14,150
2022-06-16,3,0,None,82,28,20,250,240,High Demand: activate surge plan; postpone elective procedures; open triage tents; public advisory: wear masks,PPE,55,"{""nurses"":32,""doctors"":13,""support"":10}",55,69,25,30,4,17,17,3,12,229
2022-06-17,4,0,None,127,28,15,186,229,Normal,PPE,43,"{""nurses"":24,""doctors"":10,""support"":9}",47,63,23,25,5,11,13,2,6,162
2022-06-18,5,1,None,47,28,24,158,205,Normal,PPE,37,"{""nurses"":20,""doctors"":8,""support"":9}",46,53,20,15,4,3,11,0,6,161
2022-06-19,6,1,None,118,27,18,171,180,Normal,PPE,40,"{""nurses"":22,""doctors"":9,""support"":9}",37,43,30,23,2,6,7,6,8,135
2022-06-20,0,0,None,74,26,22,173,171,Normal,PPE,40,"{""nurses"":22,""doctors"":9,""support"":9}",37,51,14,19,9,9,8,3,16,153
2022-06-21,1,0,None,82,26,25,138,173,Normal,PPE,33,"{""nurses"":18,""doctors"":7,""support"":8}",34,52,12,10,3,4,9,3,5,125
2022-06-22,2,0,None,57,27,17,199,183,Normal,PPE,44,"{""nurses"":25,""doctors"":10,""support"":9}",45,45,19,19,4,8,15,1,6,168
2022-06-23,3,0,None,99,26,19,161,185,Normal,PPE,39,"{""nurses"":21,""doctors"":9,""support"":9}",40,44,18,17,7,3,10,6,7,127
2022-06-24,4,0,None,74,27,17,182,194,Normal,PPE,42,"{""nurses"":23,""doctors"":10,""support"":9}",44,48,19,23,8,4,8,3,10,145
2022-06-25,5,1,None,43,27,24,245,211,High Demand: activate surge plan; postpone elective procedures; open triage tents; public advisory: wear masks,PPE,54,"{""nurses"":31,""doctors"":13,""support"":10}",47,63,24,22,8,11,20,3,13,201
2022-06-26,6,1,None,27,26,26,194,213,Normal,PPE,44,"{""nurses"":25,""doctors"":10,""support"":9}",42,59,24,21,8,8,13,4,10,165
2022-06-27,0,0,None,88,27,19,179,216,Normal,PPE,41,"{""nurses"":23,""doctors"":9,""support"":9}",41,53,20,24,4,8,14,2,11,150
2022-06-28,1,0,None,99,27,22,125,182,Normal,PPE,31,"{""nurses"":16,""doctors"":7,""support"":8}",26,39,13,18,3,2,8,1,8,129
2022-06-29,2,0,None,95,27,15,204,182,Normal,PPE,47,"{""nurses"":26,""doctors"":11,""support"":10}",40,46,21,19,10,9,8,6,6,159
2022-06-30,3,0,None,95,26,17,161,175,Normal,PPE,39,"{""nurses"":21,""doctors"":9,""support"":9}",37,38,18,18,6,8,6,5,9,132
2022-07-01,4,0,None,120,26,16,172,183,Normal,PPE,40,"{""nurses"":22,""doctors"":9,""support"":9}",47,53,17,17,6,7,14,4,5,140
2022-07-02,5,1,None,97,26,23,220,189,Normal,PPE,49,"{""nurses"":28,""doctors"":11,""support"":10}",48,57,26,28,6,7,21,0,8,190
2022-07-03,6,1,None,34,26,22,178,198,Normal,PPE,41,"{""nurses"":23,""doctors"":9,""support"":9}",51,47,18,26,3,7,6,3,8,142
2022-07-04,0,0,None,105,26,12,155,192,Normal,PPE,37,"{""nurses"":20,""doctors"":8,""support"":9}",27,42,22,17,8,3,9,4,4,132
2022-07-05,1,0,None,71,26,17,140,162,Normal,PPE,33,"{""nurses"":18,""doctors"":7,""support"":8}",39,41,17,10,4,5,8,4,6,106
2022-07-06,2,0,None,60,26,21,350,229,High Demand: activate surge plan; postpone elective procedures; open triage tents; public advisory: wear masks,PPE,74,"{""nurses"":44,""doctors"":18,""support"":12}",78,95,104,32,14,19,13,7,14,671
2022-07-07,3,0,None,104,26,23,422,328,High Demand: activate surge plan; postpone elective procedures; open triage tents; public advisory: wear masks,PPE,89,"{""nurses"":53,""doctors"":22,""support"":14}",91,109,184,42,12,18,20,12,18,973
2022-07-08,4,0,None,72,26,20,533,460,High Demand: activate surge plan; postpone elective procedures; open triage tents; public advisory: wear masks,PPE,110,"{""nurses"":67,""doctors"":27,""support"":16}",112,121,220,63,22,28,37,10,23,853
2022-07-09,5,1,None,124,26,15,538,530,High Demand: activate surge plan; postpone elective procedures; open triage tents; public advisory: wear masks,PPE,111,"{""nurses"":68,""doctors"":27,""support"":16}",100,126,148,60,12,23,32,10,25,1038
2022-07-10,6,1,None,88,25,25,484,552,High Demand: activate surge plan; postpone elective procedures; open triage tents; public advisory: wear masks,PPE,101,"{""nurses"":61,""doctors"":25,""support"":15}",86,113,189,53,15,14,25,11,26,993
2022-07-11,0,0,None,111,25,24,388,490,High Demand: activate surge plan; postpone elective procedures; open triage tents; public advisory: wear masks,PPE,82,"{""nurses"":49,""doctors"":20,""support"":13}",83,97,187,39,13,18,19,10,24,714
2022-07-12,1,0,None,108,25,18,182,377,Normal,PPE,42,"{""nurses"":23,""doctors"":10,""support"":9}",37,44,16,25,6,4,12,4,8,174
2022-07-13,2,0,None,87,25,15,189,269,Normal,PPE,43,"{""nurses"":24,""doctors"":10,""support"":9}",41,59,21,17,9,7,8,4,3,137
2022-07-14,3,0,None,101,26,24,163,196,Normal,PPE,39,"{""nurses"":21,""doctors"":9,""support"":9}",33,56,27,15,1,12,7,3,2,146
2022-07-15,4,0,None,115,27,16,202,194,Normal,PPE,47,"{""nurses"":26,""doctors"":11,""support"":10}",55,56,21,21,3,5,14,6,10,161
2022-07-16,5,1,None,102,27,208,380,263,High Demand: activate surge plan; postpone elective procedures; open triage tents; public advisory: wear masks,PPE,80,"{""nurses"":48,""doctors"":19,""support"":13}",146,221,58,41,7,16,18,6,22,410
2022-07-17,6,1,None,57,27,32,238,291,High Demand: activate surge plan; postpone elective procedures; open triage tents; public advisory: wear masks,PPE,52,"{""nurses"":30,""doctors"":12,""support"":10}",57,68,33,25,7,7,16,4,11,207
2022-07-18,0,0,None,90,26,17,214,299,Normal,PPE,48,"{""nurses"":27,""doctors"":11,""support"":10}",42,42,27,24,6,9,7,3,9,164
2022-07-19,1,0,None,92,26,16,158,223,Normal,PPE,37,"{""nurses"":20,""doctors"":8,""support"":9}",42,48,16,9,4,6,8,8,6,122
2022-07-20,2,0,None,96,26,18,178,200,Normal,PPE,41,"{""nurses"":23,""doctors"":9,""support"":9}",39,51,22,11,8,6,13,5,10,179
2022-07-21,3,0,None,84,27,20,133,163,Normal,PPE,32,"{""nurses"":17,""doctors"":7,""support"":8}",43,49,11,9,6,6,3,3,5,120
2022-07-22,4,0,None,120,27,26,145,156,Normal,PPE,35,"{""nurses"":19,""doctors"":8,""support"":8}",31,42,14,17,3,3,9,1,8,106
2022-07-23,5,1,None,92,26,31,154,148,Normal,PPE,37,"{""nurses"":20,""doctors"":8,""support"":9}",43,54,18,14,9,14,10,3,5,144
2022-07-24,6,1,None,74,26,22,152,161,Normal,PPE,36,"{""nurses"":19,""doctors"":8,""support"":9}",41,26,20,14,8,7,9,3,10,132
2022-07-25,0,0,None,76,26,19,161,159,Normal,PPE,39,"{""nurses"":21,""doctors"":9,""support"":9}",29,53,17,22,5,6,4,4,7,114
2022-07-26,1,0,None,77,26,18,188,182,Normal,PPE,43,"{""nurses"":24,""doctors"":10,""support"":9}",49,62,15,17,9,9,12,4,11,155
2022-07-27,2,0,None,59,26,9,173,184,Normal,PPE,40,"{""nurses"":22,""doctors"":9,""support"":9}",36,28,26,23,6,5,10,4,12,123
2022-07-28,3,0,None,88,27,18,197,206,Normal,PPE,44,"{""nurses"":25,""doctors"":10,""support"":9}",48,58,22,22,8,9,14,3,18,185
2022-07-29,4,0,None,119,28,29,215,210,Normal,PPE,48,"{""nurses"":27,""doctors"":11,""support"":10}",46,53,19,24,5,7,16,6,12,181
2022-07-30,5,1,None,56,28,32,158,208,Normal,PPE,37,"{""nurses"":20,""doctors"":8,""support"":9}",39,58,19,15,2,7,12,2,8,147
2022-07-31,6,1,None,98,28,18,203,199,Normal,PPE,47,"{""nurses"":26,""doctors"":11,""support"":10}",48,49,25,24,5,9,12,2,10,193
2022-08-01,0,0,None,71,27,24,172,184,Normal,PPE,40,"{""nurses"":22,""doctors"":9,""support"":9}",39,67,20,19,4,7,20,4,5,149
2022-08-02,1,0,None,132,27,23,175,189,Normal,PPE,40,"{""nurses"":22,""doctors"":9,""support"":9}",37,60,23,18,7,9,13,6,7,147
2022-08-03,2,0,None,73,27,16,206,202,Normal,PPE,47,"{""nurses"":26,""doctors"":11,""support"":10}",42,58,26,29,4,9,6,2,9,161
2022-08-04,3,0,None,136,27,13,225,217,Normal,PPE,51,"{""nurses"":29,""doctors"":12,""support"":10}",41,67,27,15,9,10,14,6,8,180
2022-08-05,4,0,None,71,26,22,203,232,Normal,PPE,47,"{""nurses"":26,""doctors"":11,""support"":10}",47,52,22,25,7,7,13,4,13,190
2022-08-06,5,1,None,84,26,20,162,207,Normal,PPE,39,"{""nurses"":21,""doctors"":9,""support"":9}",41,68,16,19,2,5,6,6,7,143
2022-08-07,6,1,None,89,26,14,191,202,Normal,PPE,43,"{""nurses"":24,""doctors"":10,""support"":9}",38,69,31,23,4,7,11,3,3,142
2022-08-08,0,0,None,74,26,25,145,179,Normal,PPE,35,"{""nurses"":19,""doctors"":8,""support"":8}",53,53,25,8,4,4,9,1,7,142
2022-08-09,1,0,None,165,26,25,182,178,Normal,PPE,42,"{""nurses"":23,""doctors"":10,""support"":9}",53,49,23,21,6,5,8,10,12,162
2022-08-10,2,0,None,110,26,17,175,180,Normal,PPE,40,"{""nurses"":22,""doctors"":9,""support"":9}",30,47,25,12,6,4,12,4,10,138
2022-08-11,3,0,None,107,27,23,227,214,Normal,PPE,51,"{""nurses"":29,""doctors"":12,""support"":10}",47,75,19,23,5,6,9,6,11,196
2022-08-12,4,0,None,131,27,15,162,196,Normal,PPE,39,"{""nurses"":21,""doctors"":9,""support"":9}",38,66,15,14,2,11,6,4,18,126
2022-08-13,5,1,None,84,27,20,347,262,High Demand: activate surge plan; postpone elective procedures; open triage tents; public advisory: wear masks,PPE,74,"{""nurses"":44,""doctors"":18,""support"":12}",69,86,98,38,14,11,22,6,18,498
2022-08-14,6,1,None,101,27,27,361,315,High Demand: activate surge plan; postpone elective procedures; open triage tents; public advisory: wear masks,PPE,78,"{""nurses"":46,""doctors"":19,""support"":13}",73,107,81,40,10,11,20,6,11,468
2022-08-15,0,0,None,95,26,22,510,430,High Demand: activate surge plan; postpone elective procedures; open triage tents; public advisory: wear masks,PPE,106,"{""nurses"":64,""doctors"":26,""support"":16}",99,127,179,54,13,22,26,15,31,671
2022-08-16,1,0,None,109,26,24,534,495,High Demand: activate surge plan; postpone elective procedures; open triage tents; public advisory: wear masks,PPE,110,"{""nurses"":67,""doctors"":27,""support"":16}",114,136,258,49,13,19,33,9,31,1285
2022-08-17,2,0,None,97,26,32,471,531,High Demand: activate surge plan; postpone elective procedures; open triage tents; public advisory: wear masks,PPE,98,"{""nurses"":59,""doctors"":24,""support"":15}",91,132,215,43,17,14,30,10,30,1044
2022-08-18,3,0,None,108,26,23,476,526,High Demand: activate surge plan; postpone elective procedures; open triage tents; public advisory: wear masks,PPE,99,"{""nurses"":60,""doctors"":24,""support"":15}",83,118,243,59,16,19,32,12,19,1012
2022-08-19,4,0,None,122,26,18,279,428,Normal,PPE,60,"{""nurses"":35,""doctors"":14,""support"":11}",66,73,147,35,8,4,16,2,18,435
2022-08-20,5,1,None,73,26,26,374,397,High Demand: activate surge plan; postpone elective procedures; open triage tents; public advisory: wear masks,PPE,79,"{""nurses"":47,""doctors"":19,""support"":13}",88,98,144,28,16,17,24,7,23,585
2022-08-21,6,1,None,136,26,25,162,294,Normal,PPE,39,"{""nurses"":21,""doctors"":9,""support"":9}",26,61,15,13,3,8,10,0,9,146
2022-08-22,0,0,None,46,26,15,142,233,Normal,PPE,34,"{""nurses"":18,""doctors"":8,""support"":8}",29,46,19,15,4,12,7,5,6,115
2022-08-23,1,0,None,59,26,12,200,183,Normal,PPE,44,"{""nurses"":25,""doctors"":10,""support"":9}",37,46,22,13,5,10,16,0,5,185
2022-08-24,2,0,None,51,26,30,174,179,Normal,PPE,40,"{""nurses"":22,""doctors"":9,""support"":9}",45,45,21,20,4,5,9,1,7,164
2022-08-25,3,0,None,109,26,19,182,194,Normal,PPE,42,"{""nurses"":23,""doctors"":10,""support"":9}",52,48,18,16,7,4,10,3,4,142
2022-08-26,4,0,None,44,26,27,198,196,Normal,PPE,44,"{""nurses"":25,""doctors"":10,""support"":9}",49,60,22,16,6,10,8,3,9,151
2022-08-27,5,1,GaneshChaturthi,189,26,66,297,243,High Demand: activate surge plan; postpone elective procedures; open triage tents; public advisory: wear masks,PPE,64,"{""nurses"":38,""doctors"":15,""support"":11}",109,135,24,41,5,14,17,10,16,292
2022-08-28,6,1,GaneshChaturthi,205,26,44,293,272,Air Quality Alert: masks recommended; increase respiratory stock,PPE,63,"{""nurses"":37,""doctors"":15,""support"":11}",83,119,44,32,6,12,23,5,10,229
2022-08-29,0,0,GaneshChaturthi,203,26,39,267,306,Air Quality Alert: masks recommended; increase respiratory stock,PPE,59,"{""nurses"":34,""doctors"":14,""support"":11}",70,99,35,32,8,5,13,4,10,260
2022-08-30,1,0,GaneshChaturthi,222,27,29,238,279,Air Quality Alert: masks recommended; increase respiratory stock,PPE,52,"{""nurses"":30,""doctors"":12,""support"":10}",75,88,25,35,6,6,13,5,13,201
2022-08-31,2,0,GaneshChaturthi,80,28,42,248,264,Normal,PPE,54,"{""nurses"":31,""doctors"":13,""support"":10}",69,95,42,22,8,8,22,6,14,217
2022-09-01,3,0,GaneshChaturthi,143,27,39,221,247,Normal,PPE,50,"{""nurses"":28,""doctors"":12,""support"":10}",70,85,30,32,0,5,13,2,20,202
2022-09-02,4,0,GaneshChaturthi,164,28,40,216,249,Normal,PPE,48,"{""nurses"":27,""doctors"":11,""support"":10}",62,101,30,31,9,10,14,5,9,176
2022-09-03,5,1,None,81,28,23,221,238,Normal,PPE,50,"{""nurses"":28,""doctors"":12,""support"":10}",39,56,23,28,3,16,12,4,14,187
2022-09-04,6,1,None,107,27,17,244,242,High Demand: activate surge plan; postpone elective procedures; open triage tents; public advisory: wear masks,PPE,54,"{""nurses"":31,""doctors"":13,""support"":10}",33,57,40,22,13,11,18,7,10,193
2022-09-05,0,0,None,117,28,23,184,232,Normal,PPE,42,"{""nurses"":23,""doctors"":10,""support"":9}",47,66,21,18,7,8,16,2,13,182
2022-09-06,1,0,None,73,27,21,214,235,Normal,PPE,48,"{""nurses"":27,""doctors"":11,""support"":10}",53,85,26,19,8,6,15,5,11,173
2022-09-07,2,0,None,69,27,20,182,198,Normal,PPE,42,"{""nurses"":23,""doctors"":10,""support"":9}",43,49,25,16,2,5,12,7,10,145
2022-09-08,3,0,None,75,27,26,187,213,Normal,PPE,43,"{""nurses"":24,""doctors"":10,""support"":9}",25,60,19,19,7,6,11,8,6,188
2022-09-09,4,0,None,72,27,22,185,191,Normal,PPE,43,"{""nurses"":24,""doctors"":10,""support"":9}",38,56,26,22,2,4,19,3,8,157
2022-09-10,5,1,None,103,27,17,188,204,Normal,PPE,43,"{""nurses"":24,""doctors"":10,""support"":9}",43,53,15,14,7,3,9,3,11,163
2022-09-11,6,1,None,39,27,28,152,180,Normal,PPE,36,"{""nurses"":19,""doctors"":8,""support"":9}",34,55,19,18,6,7,9,6,6,143
2022-09-12,0,0,None,137,26,18,210,199,Normal,PPE,48,"{""nurses"":27,""doctors"":11,""support"":10}",53,59,16,17,6,6,12,5,7,175
2022-09-13,1,0,None,121,26,19,208,207,Normal,PPE,47,"{""nurses"":26,""doctors"":11,""support"":10}",44,47,32,25,5,10,9,6,18,181
2022-09-14,2,0,None,88,26,27,160,200,Normal,PPE,37,"{""nurses"":20,""doctors"":8,""support"":9}",37,57,18,20,6,4,7,8,8,143
2022-09-15,3,0,None,42,26,27,225,212,Normal,PPE,51,"{""nurses"":29,""doctors"":12,""support"":10}",56,77,33,19,6,13,12,1,12,184
2022-09-16,4,0,None,131,26,23,200,208,Normal,PPE,44,"{""nurses"":25,""doctors"":10,""support"":9}",49,60,24,21,5,9,19,2,16,172
2022-09-17,5,1,None,97,26,17,179,219,Normal,PPE,41,"{""nurses"":23,""doctors"":9,""support"":9}",44,47,19,21,3,7,11,4,8,154
2022-09-18,6,1,None,125,25,21,187,207,Normal,PPE,43,"{""nurses"":24,""doctors"":10,""support"":9}",46,52,31,16,7,5,17,7,11,181
2022-09-19,0,0,None,37,26,15,161,188,Normal,PPE,39,"{""nurses"":21,""doctors"":9,""support"":9}",37,62,20,12,8,6,12,1,11,145
2022-09-20,1,0,None,124,25,24,148,178,Normal,PPE,35,"{""nurses"":19,""doctors"":8,""support"":8}",47,60,16,16,3,3,7,2,12,137
2022-09-21,2,0,None,104,25,16,179,167,Normal,PPE,41,"{""nurses"":23,""doctors"":9,""support"":9}",45,46,18,16,6,6,11,6,7,150
2022-09-22,3,0,None,51,25,18,129,168,Normal,PPE,32,"{""nurses"":17,""doctors"":7,""support"":8}",36,38,14,23,2,4,11,1,4,103
2022-09-23,4,0,None,77,26,22,170,165,Normal,PPE,40,"{""nurses"":22,""doctors"":9,""support"":9}",34,64,24,15,4,8,11,6,9,155
2022-09-24,5,1,None,79,26,24,164,171,Normal,PPE,39,"{""nurses"":21,""doctors"":9,""support"":9}",51,45,32,16,3,12,11,1,12,144
2022-09-25,6,1,None,102,26,23,186,180,Normal,PPE,43,"{""nurses"":24,""doctors"":10,""support"":9}",43,58,23,26,3,5,5,2,13,160
2022-09-26,0,0,None,84,26,17,214,201,Normal,PPE,48,"{""nurses"":27,""doctors"":11,""support"":10}",48,62,17,33,6,15,10,3,14,186
2022-09-27,1,0,None,91,26,9,234,219,High Demand: activate surge plan; postpone elective procedures; open triage tents; public advisory: wear masks,PPE,52,"{""nurses"":30,""doctors"":12,""support"":10}",41,62,23,34,12,20,11,1,14,186
2022-09-28,2,0,None,87,26,17,227,244,Normal,PPE,51,"{""nurses"":29,""doctors"":12,""support"":10}",53,58,22,18,5,9,13,4,13,176
2022-09-29,3,0,None,100,26,19,196,231,Normal,PPE,44,"{""nurses"":25,""doctors"":10,""support"":9}",44,74,39,20,8,8,8,4,15,164
2022-09-30,4,0,None,85,27,14,217,230,Normal,PPE,49,"{""nurses"":28,""doctors"":11,""support"":10}",44,65,21,20,9,10,17,2,9,186
2022-10-01,5,1,None,136,26,17,185,207,Normal,PPE,43,"{""nurses"":24,""doctors"":10,""support"":9}",40,60,21,24,7,3,13,5,8,168
2022-10-02,6,1,None,373,26,28,264,235,High Demand: activate surge plan; postpone elective procedures; open triage tents; public advisory: wear masks,PPE,58,"{""nurses"":33,""doctors"":14,""support"":11}",58,98,34,35,5,19,12,10,15,243
2022-10-03,0,0,Navratri,259,26,29,314,269,High Demand: activate surge plan; postpone elective procedures; open triage tents; public advisory: wear masks,PPE,68,"{""nurses"":40,""doctors"":16,""support"":12}",76,100,37,41,8,19,17,6,5,265
2022-10-04,1,0,Navratri,215,27,26,329,321,High Demand: activate surge plan; postpone elective procedures; open triage tents; public advisory: wear masks,PPE,71,"{""nurses"":42,""doctors"":17,""support"":12}",75,109,32,31,10,6,14,5,20,280
2022-10-05,2,0,Navratri,314,27,16,271,316,High Demand: activate surge plan; postpone elective procedures; open triage tents; public advisory: wear masks,PPE,59,"{""nurses"":34,""doctors"":14,""support"":11}",52,63,36,40,9,17,13,7,15,227
2022-10-06,3,0,Navratri,128,28,13,208,290,Normal,PPE,47,"{""nurses"":26,""doctors"":11,""support"":10}",35,44,16,25,11,16,12,3,8,156
2022-10-07,4,0,Navratri,246,26,21,227,248,Air Quality Alert: masks recommended; increase respiratory stock,PPE,51,"{""nurses"":29,""doctors"":12,""support"":10}",54,50,29,37,7,5,16,5,15,179
2022-10-08,5,1,None,297,26,19,206,228,Air Quality Alert: masks recommended; increase respiratory stock,PPE,47,"{""nurses"":26,""doctors"":11,""support"":10}",50,45,29,31,3,8,11,2,10,177
2022-10-09,6,1,Navratri,276,27,27,289,259,Air Quality Alert: masks recommended; increase respiratory stock,PPE,63,"{""nurses"":37,""doctors"":15,""support"":11}",72,75,37,38,9,14,14,5,21,240
2022-10-10,0,0,None,230,27,21,184,248,Air Quality Alert: masks recommended; increase respiratory stock,PPE,42,"{""nurses"":23,""doctors"":10,""support"":9}",33,51,23,26,4,8,15,5,12,179
2022-10-11,1,0,None,104,27,19,174,236,Normal,PPE,40,"{""nurses"":22,""doctors"":9,""support"":9}",30,57,18,15,6,7,10,4,5,134
2022-10-12,2,0,None,50,26,16,183,196,Normal,PPE,42,"{""nurses"":23,""doctors"":10,""support"":9}",46,50,15,21,4,3,14,6,6,149
2022-10-13,3,0,None,300,27,22,208,207,Air Quality Alert: masks recommended; increase respiratory stock,PPE,47,"{""nurses"":26,""doctors"":11,""support"":10}",48,51,24,31,9,6,12,6,13,164
2022-10-14,4,0,None,194,27,20,145,184,Normal,PPE,35,"{""nurses"":19,""doctors"":8,""support"":8}",40,35,17,14,4,10,9,2,4,120
2022-10-15,5,1,None,88,28,23,255,223,Normal,PPE,56,"{""nurses"":32,""doctors"":13,""support"":11}",57,63,29,31,11,12,20,4,12,209
2022-10-16,6,1,None,265,28,27,188,202,Air Quality Alert: masks recommended; increase respiratory stock,PPE,43,"{""nurses"":24,""doctors"":10,""support"":9}",46,60,15,23,6,7,7,9,8,190
2022-10-17,0,0,None,242,27,18,158,218,Air Quality Alert: masks recommended; increase respiratory stock,PPE,37,"{""nurses"":20,""doctors"":8,""support"":9}",33,39,18,21,4,5,11,0,9,144
2022-10-18,1,0,None,212,26,17,211,203,Air Quality Alert: masks recommended; increase respiratory stock,PPE,48,"{""nurses"":27,""doctors"":11,""support"":10}",43,66,23,27,9,17,15,5,14,165
2022-10-19,2,0,None,331,27,17,232,210,High Demand: activate surge plan; postpone elective procedures; open triage tents; public advisory: wear masks,PPE,51,"{""nurses"":29,""doctors"":12,""support"":10}",55,47,35,32,14,12,12,6,19,202
2022-10-20,3,0,None,295,27,19,289,261,Air Quality Alert: masks recommended; increase respiratory stock,PPE,63,"{""nurses"":37,""doctors"":15,""support"":11}",43,82,31,33,4,11,20,11,13,238
2022-10-21,4,0,None,142,27,15,154,241,Normal,PPE,37,"{""nurses"":20,""doctors"":8,""support"":9}",28,41,21,8,7,3,14,3,5,120
2022-10-22,5,1,Diwali,261,27,55,376,293,High Demand: activate surge plan; postpone elective procedures; open triage tents; public advisory: wear masks,PPE,79,"{""nurses"":47,""doctors"":19,""support"":13}",79,142,56,59,8,16,26,11,14,343
2022-10-23,6,1,Diwali,292,26,46,252,278,Air Quality Alert: masks recommended; increase respiratory stock,PPE,56,"{""nurses"":32,""doctors"":13,""support"":11}",57,66,34,43,10,8,10,3,10,198
2022-10-24,0,0,Diwali,389,26,42,334,347,High Demand: activate surge plan; postpone elective procedures; open triage tents; public advisory: wear masks,PPE,71,"{""nurses"":42,""doctors"":17,""support"":12}",63,107,43,69,6,16,19,6,18,291
2022-10-25,1,0,Diwali,257,26,42,326,322,High Demand: activate surge plan; postpone elective procedures; open triage tents; public advisory: wear masks,PPE,70,"{""nurses"":41,""doctors"":17,""support"":12}",79,110,36,45,12,9,21,8,21,277
2022-10-26,2,0,None,253,25,16,278,334,Air Quality Alert: masks recommended; increase respiratory stock,PPE,60,"{""nurses"":35,""doctors"":14,""support"":11}",62,64,37,31,8,14,15,12,21,236
2022-10-27,3,0,None,208,25,21,194,289,Air Quality Alert: masks recommended; increase respiratory stock,PPE,44,"{""nurses"":25,""doctors"":10,""support"":9}",44,53,25,16,9,10,12,5,6,170
2022-10-28,4,0,None,110,26,21,191,236,Normal,PPE,43,"{""nurses"":24,""doctors"":10,""support"":9}",54,60,31,24,6,6,14,0,10,163
2022-10-29,5,1,None,351,26,21,271,226,High Demand: activate surge plan; postpone elective procedures; open triage tents; public advisory: wear masks,PPE,59,"{""nurses"":34,""doctors"":14,""support"":11}",57,80,27,44,8,9,16,8,16,226
2022-10-30,6,1,None,350,26,19,219,238,High Demand: activate surge plan; postpone elective procedures; open triage tents; public advisory: wear masks,PPE,49,"{""nurses"":28,""doctors"":11,""support"":10}",44,58,20,35,5,10,17,4,9,217
2022-10-31,0,0,None,138,26,16,177,242,Normal,PPE,41,"{""nurses"":23,""doctors"":9,""support"":9}",48,41,24,15,6,9,11,4,11,143
2022-11-01,1,0,None,158,26,12,181,203,Normal,PPE,42,"{""nurses"":23,""doctors"":10,""support"":9}",44,51,21,18,7,7,8,3,14,156
2022-11-02,2,0,None,95,26,26,229,215,Normal,PPE,51,"{""nurses"":29,""doctors"":12,""support"":10}",54,63,36,26,12,15,14,10,13,179
2022-11-03,3,0,None,249,26,18,309,252,Air Quality Alert: masks recommended; increase respiratory stock,PPE,67,"{""nurses"":39,""doctors"":16,""support"":12}",67,63,41,39,14,11,18,6,22,211
2022-11-04,4,0,None,253,26,19,321,301,Air Quality Alert: masks recommended; increase respiratory stock,PPE,70,"{""nurses"":41,""doctors"":17,""support"":12}",60,80,38,41,8,11,23,5,13,279
2022-11-05,5,1,None,226,26,17,222,300,Air Quality Alert: masks recommended; increase respiratory stock,PPE,50,"{""nurses"":28,""doctors"":12,""support"":10}",42,57,31,25,12,12,14,10,8,186
2022-11-06,6,1,None,106,26,15,220,265,Normal,PPE,49,"{""nurses"":28,""doctors"":11,""support"":10}",40,55,38,21,12,15,13,5,12,168
2022-11-07,0,0,None,318,25,22,302,268,High Demand: activate surge plan; postpone elective procedures; open triage tents; public advisory: wear masks,PPE,66,"{""nurses"":38,""doctors"":16,""support"":12}",56,84,35,40,7,11,16,7,16,263
2022-11-08,1,0,None,194,26,20,356,305,High Demand: activate surge plan; postpone elective procedures; open triage tents; public advisory: wear masks,PPE,76,"{""nurses"":45,""doctors"":18,""support"":13}",77,93,42,42,10,18,18,10,20,285
2022-11-09,2,0,None,251,26,13,293,337,Air Quality Alert: masks recommended; increase respiratory stock,PPE,63,"{""nurses"":37,""doctors"":15,""support"":11}",64,65,35,33,8,14,20,8,14,246
2022-11-10,3,0,None,207,26,24,274,327,Air Quality Alert: masks recommended; increase respiratory stock,PPE,60,"{""nurses"":35,""doctors"":14,""support"":11}",58,88,30,36,1,6,18,4,14,201
2022-11-11,4,0,None,113,27,13,225,286,Normal,PPE,51,"{""nurses"":29,""doctors"":12,""support"":10}",41,68,22,15,7,3,10,3,18,194
2022-11-12,5,1,None,260,27,20,264,270,Air Quality Alert: masks recommended; increase respiratory stock,PPE,58,"{""nurses"":33,""doctors"":14,""support"":11}",61,75,29,33,6,11,12,3,15,232
2022-11-13,6,1,None,419,27,30,247,257,High Demand: activate surge plan; postpone elective procedures; open triage tents; public advisory: wear masks,PPE,54,"{""nurses"":31,""doctors"":13,""support"":10}",69,55,19,39,7,12,19,5,8,214
2022-11-14,0,0,None,212,26,18,292,282,Air Quality Alert: masks recommended; increase respiratory stock,PPE,63,"{""nurses"":37,""doctors"":15,""support"":11}",58,82,33,34,6,15,25,7,12,272
2022-11-15,1,0,None,245,26,24,256,284,Air Quality Alert: masks recommended; increase respiratory stock,PPE,56,"{""nurses"":32,""doctors"":13,""support"":11}",58,57,27,33,5,6,17,4,11,234
2022-11-16,2,0,None,159,26,15,278,296,Normal,PPE,60,"{""nurses"":35,""doctors"":14,""support"":11}",67,69,31,32,15,9,12,7,22,241
2022-11-17,3,0,None,219,26,22,200,261,Air Quality Alert: masks recommended; increase respiratory stock,PPE,44,"{""nurses"":25,""doctors"":10,""support"":9}",42,48,22,19,7,8,14,7,13,166
2022-11-18,4,0,None,285,26,21,206,235,Air Quality Alert: masks recommended; increase respiratory stock,PPE,47,"{""nurses"":26,""doctors"":11,""support"":10}",38,71,19,22,8,7,14,10,10,170
2022-11-19,5,1,None,115,25,21,229,227,Normal,PPE,51,"{""nurses"":29,""doctors"":12,""support"":10}",59,70,24,31,6,9,14,5,13,193
2022-11-20,6,1,None,205,24,34,238,242,Air Quality Alert: masks recommended; increase respiratory stock,PPE,52,"{""nurses"":30,""doctors"":12,""support"":10}",56,92,31,30,3,11,13,3,15,217
2022-11-21,0,0,None,258,24,17,246,245,Air Quality Alert: masks recommended; increase respiratory stock,PPE,54,"{""nurses"":31,""doctors"":13,""support"":10}",52,69,33,33,13,11,7,5,13,189
2022-11-22,1,0,None,208,24,22,305,275,Air Quality Alert: masks recommended; increase respiratory stock,PPE,67,"{""nurses"":39,""doctors"":16,""support"":12}",61,85,26,36,8,9,26,7,8,248
2022-11-23,2,0,None,317,26,15,319,301,High Demand: activate surge plan; postpone elective procedures; open triage tents; public advisory: wear masks,PPE,68,"{""nurses"":40,""doctors"":16,""support"":12}",60,81,46,55,7,8,16,7,16,279
2022-11-24,3,0,None,339,26,11,199,294,High Demand: activate surge plan; postpone elective procedures; open triage tents; public advisory: wear masks,PPE,44,"{""nurses"":25,""doctors"":10,""support"":9}",39,45,18,31,1,11,9,7,11,188
2022-11-25,4,0,None,195,26,23,268,277,Normal,PPE,59,"{""nurses"":34,""doctors"":14,""support"":11}",46,79,40,33,9,7,14,7,17,232
2022-11-26,5,1,None,220,27,27,353,283,High Demand: activate surge plan; postpone elective procedures; open triage tents; public advisory: wear masks,PPE,76,"{""nurses"":45,""doctors"":18,""support"":13}",72,108,47,33,11,17,16,7,18,324
2022-11-27,6,1,None,101,26,22,206,294,Normal,PPE,47,"{""nurses"":26,""doctors"":11,""support"":10}",51,48,29,22,8,10,11,6,14,166
2022-11-28,0,0,None,202,25,18,275,288,Air Quality Alert: masks recommended; increase respiratory stock,PPE,60,"{""nurses"":35,""doctors"":14,""support"":11}",57,63,36,23,11,10,17,8,18,201
2022-11-29,1,0,None,280,24,24,235,250,Air Quality Alert: masks recommended; increase respiratory stock,PPE,52,"{""nurses"":30,""doctors"":12,""support"":10}",58,74,24,35,7,3,13,3,12,200
2022-11-30,2,0,None,233,26,24,252,265,Air Quality Alert: masks recommended; increase respiratory stock,PPE,56,"{""nurses"":32,""doctors"":13,""support"":11}",50,58,35,32,10,10,10,7,10,210
2022-12-01,3,0,None,192,26,31,291,275,Normal,PPE,63,"{""nurses"":37,""doctors"":15,""support"":11}",53,84,46,35,6,12,16,5,16,258
2022-12-02,4,0,None,111,25,19,266,282,Normal,PPE,59,"{""nurses"":34,""doctors"":14,""support"":11}",66,84,32,23,7,11,14,7,20,243
2022-12-03,5,1,None,114,25,16,231,284,Normal,PPE,51,"{""nurses"":29,""doctors"":12,""support"":10}",45,63,22,27,2,7,16,8,14,186
2022-12-04,6,1,None,299,27,20,260,271,Air Quality Alert: masks recommended; increase respiratory stock,PPE,57,"{""nurses"":33,""doctors"":13,""support"":11}",52,64,31,49,9,12,10,5,8,197
2022-12-05,0,0,None,165,27,24,250,260,Normal,PPE,55,"{""nurses"":32,""doctors"":13,""support"":10}",49,81,30,32,7,11,24,7,11,191
2022-12-06,1,0,None,307,27,19,275,274,High Demand: activate surge plan; postpone elective procedures; open triage tents; public advisory: wear masks,PPE,60,"{""nurses"":35,""doctors"":14,""support"":11}",55,67,33,39,12,9,19,6,8,255
2022-12-07,2,0,None,200,27,22,243,274,Normal,PPE,54,"{""nurses"":31,""doctors"":13,""support"":10}",60,64,28,25,7,11,14,6,9,198
2022-12-08,3,0,None,127,26,15,347,311,High Demand: activate surge plan; postpone elective procedures; open triage tents; public advisory: wear masks,PPE,74,"{""nurses"":44,""doctors"":18,""support"":12}",74,83,32,28,9,18,17,5,23,272
2022-12-09,4,0,None,189,25,9,285,303,Normal,PPE,62,"{""nurses"":36,""doctors"":15,""support"":11}",68,70,33,50,13,7,19,7,18,233
2022-12-10,5,1,None,192,24,13,281,325,Normal,PPE,62,"{""nurses"":36,""doctors"":15,""support"":11}",42,67,38,32,8,12,19,8,12,235
2022-12-11,6,1,None,111,25,20,211,281,Normal,PPE,48,"{""nurses"":27,""doctors"":11,""support"":10}",39,49,28,19,4,10,5,3,12,173
2022-12-12,0,0,None,563,27,15,442,334,High Demand: activate surge plan; postpone elective procedures; open triage tents; public advisory: wear masks,PPE,93,"{""nurses"":56,""doctors"":23,""support"":14}",108,110,48,94,7,12,20,8,17,374
2022-12-13,1,0,None,609,28,17,414,380,High Demand: activate surge plan; postpone elective procedures; open triage tents; public advisory: wear masks,PPE,87,"{""nurses"":52,""doctors"":21,""support"":14}",63,106,47,84,5,16,31,6,18,335
2022-12-14,2,0,None,393,28,22,401,448,High Demand: activate surge plan; postpone elective procedures; open triage tents; public advisory: wear masks,PPE,86,"{""nurses"":51,""doctors"":21,""support"":14}",81,108,55,62,6,14,28,5,24,323
2022-12-15,3,0,None,162,27,21,288,389,Normal,PPE,62,"{""nurses"":36,""doctors"":15,""support"":11}",53,76,32,29,10,12,17,9,16,229
2022-12-16,4,0,None,331,28,24,247,324,High Demand: activate surge plan; postpone elective procedures; open triage tents; public advisory: wear masks,PPE,54,"{""nurses"":31,""doctors"":13,""support"":10}",65,73,34,36,7,9,13,8,10,223
2022-12-17,5,1,None,198,28,23,284,290,Normal,PPE,62,"{""nurses"":36,""doctors"":15,""support"":11}",65,76,32,31,6,16,16,8,18,229
2022-12-18,6,1,None,255,28,16,249,282,Air Quality Alert: masks recommended; increase respiratory stock,PPE,55,"{""nurses"":32,""doctors"":13,""support"":10}",51,62,28,32,10,7,9,10,11,217
2022-12-19,0,0,None,60,27,19,278,287,Normal,PPE,60,"{""nurses"":35,""doctors"":14,""support"":11}",58,69,30,33,6,17,16,5,10,224
2022-12-20,1,0,None,160,26,26,332,298,Normal,PPE,71,"{""nurses"":42,""doctors"":17,""support"":12}",60,80,40,40,9,27,20,3,16,283
2022-12-21,2,0,None,139,25,28,235,294,Normal,PPE,52,"{""nurses"":30,""doctors"":12,""support"":10}",48,82,35,31,6,9,14,4,8,208
2022-12-22,3,0,None,292,25,25,363,328,High Demand: activate surge plan; postpone elective procedures; open triage tents; public advisory: wear masks,PPE,78,"{""nurses"":46,""doctors"":19,""support"":13}",69,90,35,58,17,11,21,4,21,318
2022-12-23,4,0,None,262,24,15,336,330,Air Quality Alert: masks recommended; increase respiratory stock,PPE,71,"{""nurses"":42,""doctors"":17,""support"":12}",81,81,41,50,12,9,10,8,25,293
2022-12-24,5,1,None,134,23,27,305,349,Normal,PPE,67,"{""nurses"":39,""doctors"":16,""support"":12}",70,87,34,32,10,14,21,8,14,256
2022-12-25,6,1,Christmas,181,22,25,304,330,Normal,PPE,66,"{""nurses"":38,""doctors"":16,""support"":12}",70,73,43,42,8,7,23,4,14,271
2022-12-26,0,0,None,362,22,17,284,318,High Demand: activate surge plan; postpone elective procedures; open triage tents; public advisory: wear masks,PPE,62,"{""nurses"":36,""doctors"":15,""support"":11}",51,63,38,37,11,10,16,6,12,242
2022-12-27,1,0,None,206,23,22,308,323,Air Quality Alert: masks recommended; increase respiratory stock,PPE,67,"{""nurses"":39,""doctors"":16,""support"":12}",79,77,39,34,13,11,18,5,15,254
2022-12-28,2,0,None,94,24,13,227,297,Normal,PPE,51,"{""nurses"":29,""doctors"":12,""support"":10}",48,51,29,34,9,10,20,3,12,185
2022-12-29,3,0,None,221,24,21,212,264,Air Quality Alert: masks recommended; increase respiratory stock,PPE,48,"{""nurses"":27,""doctors"":11,""support"":10}",58,56,28,26,5,8,10,6,10,178
2022-12-30,4,0,None,211,24,18,306,258,Air Quality Alert: masks recommended; increase respiratory stock,PPE,67,"{""nurses"":39,""doctors"":16,""support"":12}",77,90,39,55,12,17,14,3,14,257
2022-12-31,5,1,None,181,24,26,283,282,Normal,PPE,62,"{""nurses"":36,""doctors"":15,""support"":11}",64,75,49,24,7,9,19,4,19,258
2023-01-01,6,1,None,225,22,33,202,282,Air Quality Alert: masks recommended; increase respiratory stock,PPE,47,"{""nurses"":26,""doctors"":11,""support"":10}",44,70,20,31,11,13,4,4,5,165
2023-01-02,0,0,None,149,23,17,205,244,Normal,PPE,47,"{""nurses"":26,""doctors"":11,""support"":10}",48,60,27,17,12,13,10,5,14,178
2023-01-03,1,0,None,152,23,26,218,229,Normal,PPE,49,"{""nurses"":28,""doctors"":11,""support"":10}",57,70,25,29,6,6,17,4,18,199
2023-01-04,2,0,None,60,23,23,152,206,Normal,PPE,36,"{""nurses"":19,""doctors"":8,""support"":9}",44,56,21,20,1,6,12,5,9,127
2023-01-05,3,0,None,268,24,24,255,224,Air Quality Alert: masks recommended; increase respiratory stock,PPE,56,"{""nurses"":32,""doctors"":13,""support"":11}",40,80,29,39,9,10,7,5,8,220
2023-01-06,4,0,None,359,26,22,343,271,High Demand: activate surge plan; postpone elective procedures; open triage tents; public advisory: wear masks,PPE,73,"{""nurses"":43,""doctors"":18,""support"":12}",76,71,33,59,11,10,26,5,19,295
2023-01-07,5,1,None,320,26,23,303,313,High Demand: activate surge plan; postpone elective procedures; open triage tents; public advisory: wear masks,PPE,66,"{""nurses"":38,""doctors"":16,""support"":12}",54,90,40,39,9,8,16,6,14,236
2023-01-08,6,1,None,221,26,19,245,322,Air Quality Alert: masks recommended; increase respiratory stock,PPE,54,"{""nurses"":31,""doctors"":13,""support"":10}",39,59,29,27,9,8,16,8,16,205
2023-01-09,0,0,None,179,24,11,254,277,Normal,PPE,56,"{""nurses"":32,""doctors"":13,""support"":11}",42,58,34,32,4,9,11,2,8,197
2023-01-10,1,0,None,246,24,24,196,248,Air Quality Alert: masks recommended; increase respiratory stock,PPE,44,"{""nurses"":25,""doctors"":10,""support"":9}",44,50,22,17,7,9,14,3,12,185
2023-01-11,2,0,None,166,23,18,232,246,Normal,PPE,51,"{""nurses"":29,""doctors"":12,""support"":10}",57,62,32,20,9,8,6,5,16,183
2023-01-12,3,0,None,171,22,21,218,228,Normal,PPE,49,"{""nurses"":28,""doctors"":11,""support"":10}",64,62,30,26,7,7,9,3,15,184
2023-01-13,4,0,None,309,22,22,213,239,High Demand: activate surge plan; postpone elective procedures; open triage tents; public advisory: wear masks,PPE,48,"{""nurses"":27,""doctors"":11,""support"":10}",50,73,27,37,9,6,13,3,14,168
2023-01-14,5,1,None,478,21,27,382,288,High Demand: activate surge plan; postpone elective procedures; open triage tents; public advisory: wear masks,PPE,81,"{""nurses"":48,""doctors"":20,""support"":13}",81,120,43,61,15,11,14,9,24,273
2023-01-15,6,1,None,288,20,17,214,279,Air Quality Alert: masks recommended; increase respiratory stock,PPE,48,"{""nurses"":27,""doctors"":11,""support"":10}",48,62,28,31,5,7,10,2,12,192
2023-01-16,0,0,None,60,20,17,232,287,Normal,PPE,51,"{""nurses"":29,""doctors"":12,""support"":10}",54,62,24,20,3,10,9,3,7,170
2023-01-17,1,0,None,142,21,19,202,226,Normal,PPE,47,"{""nurses"":26,""doctors"":11,""support"":10}",52,68,18,30,7,11,10,4,9,155
2023-01-18,2,0,None,304,22,19,233,231,High Demand: activate surge plan; postpone elective procedures; open triage tents; public advisory: wear masks,PPE,52,"{""nurses"":30,""doctors"":12,""support"":10}",53,61,22,35,8,6,15,11,11,186
2023-01-19,3,0,None,212,22,21,201,218,Air Quality Alert: masks recommended; increase respiratory stock,PPE,47,"{""nurses"":26,""doctors"":11,""support"":10}",36,64,22,17,11,2,13,4,5,181
2023-01-20,4,0,None,435,22,31,272,257,High Demand: activate surge plan; postpone elective procedures; open triage tents; public advisory: wear masks,PPE,59,"{""nurses"":34,""doctors"":14,""support"":11}",70,73,26,38,9,9,9,5,10,239
2023-01-21,5,1,None,165,22,18,248,263,Normal,PPE,54,"{""nurses"":31,""doctors"":13,""support"":10}",65,59,30,25,11,9,11,5,13,203
2023-01-22,6,1,None,205,22,19,262,275,High Demand: activate surge plan; postpone elective procedures; open triage tents; public advisory: wear masks,PPE,58,"{""nurses"":33,""doctors"":14,""support"":11}",52,70,28,23,5,4,25,10,12,223
2023-01-23,0,0,None,161,21,11,161,236,Normal,PPE,39,"{""nurses"":21,""doctors"":9,""support"":9}",46,44,20,17,5,8,3,0,5,162
2023-01-24,1,0,None,241,21,18,249,240,Air Quality Alert: masks recommended; increase respiratory stock,PPE,55,"{""nurses"":32,""doctors"":13,""support"":10}",60,48,27,35,10,10,12,4,14,213
2023-01-25,2,0,None,216,21,29,174,215,Air Quality Alert: masks recommended; increase respiratory stock,PPE,40,"{""nurses"":22,""doctors"":9,""support"":9}",44,64,22,21,5,9,18,4,4,176
2023-01-26,3,0,RepublicDay,142,22,16,222,232,Normal,PPE,50,"{""nurses"":28,""doctors"":12,""support"":10}",50,57,24,25,8,7,11,1,13,175
2023-01-27,4,0,None,85,25,21,214,216,Normal,PPE,48,"{""nurses"":27,""doctors"":11,""support"":10}",35,73,23,22,11,15,8,7,13,182
2023-01-28,5,1,None,123,24,28,180,215,Normal,PPE,41,"{""nurses"":23,""doctors"":9,""support"":9}",45,58,25,17,1,11,11,5,9,174
2023-01-29,6,1,None,484,23,28,273,238,High Demand: activate surge plan; postpone elective procedures; open triage tents; public advisory: wear masks,PPE,60,"{""nurses"":35,""doctors"":14,""support"":11}",51,74,35,47,4,14,16,6,12,249
2023-01-30,0,0,None,154,24,21,202,236,Normal,PPE,47,"{""nurses"":26,""doctors"":11,""support"":10}",42,54,30,20,8,13,6,3,9,173
2023-01-31,1,0,None,60,25,25,188,232,Normal,PPE,43,"{""nurses"":24,""doctors"":10,""support"":9}",54,70,27,19,5,6,10,6,12,166
2023-02-01,2,0,None,109,27,22,198,205,Normal,PPE,44,"{""nurses"":25,""doctors"":10,""support"":9}",48,62,26,20,8,6,10,1,9,197
2023-02-02,3,0,None,283,27,24,251,218,Air Quality Alert: masks recommended; increase respiratory stock,PPE,56,"{""nurses"":32,""doctors"":13,""support"":11}",58,89,34,37,7,15,21,6,13,233
2023-02-03,4,0,None,124,26,15,205,233,Normal,PPE,47,"{""nurses"":26,""doctors"":11,""support"":10}",55,56,17,26,5,15,13,8,14,158
2023-02-04,5,1,None,293,25,28,263,251,High Demand: activate surge plan; postpone elective procedures; open triage tents; public advisory: wear masks,PPE,58,"{""nurses"":33,""doctors"":14,""support"":11}",49,80,38,42,9,8,15,6,14,239
2023-02-05,6,1,None,70,24,21,201,235,Normal,PPE,47,"{""nurses"":26,""doctors"":11,""support"":10}",46,75,32,18,3,9,11,9,14,176
2023-02-06,0,0,None,403,24,13,227,251,High Demand: activate surge plan; postpone elective procedures; open triage tents; public advisory: wear masks,PPE,51,"{""nurses"":29,""doctors"":12,""support"":10}",33,52,22,39,2,6,9,3,13,165
2023-02-07,1,0,None,260,24,16,217,233,Air Quality Alert: masks recommended; increase respiratory stock,PPE,49,"{""nurses"":28,""doctors"":11,""support"":10}",53,65,37,30,3,5,13,1,9,190
2023-02-08,2,0,None,133,24,21,163,219,Normal,PPE,39,"{""nurses"":21,""doctors"":9,""support"":9}",35,63,15,14,11,8,10,8,11,149
2023-02-09,3,0,None,269,26,27,245,214,Air Quality Alert: masks recommended; increase respiratory stock,PPE,54,"{""nurses"":31,""doctors"":13,""support"":10}",60,74,35,41,7,14,20,9,15,231
2023-02-10,4,0,None,120,25,24,224,227,Normal,PPE,50,"{""nurses"":28,""doctors"":12,""support"":10}",53,78,34,24,1,8,16,5,13,186
2023-02-11,5,1,None,151,24,24,215,241,Normal,PPE,48,"{""nurses"":27,""doctors"":11,""support"":10}",45,72,27,28,8,9,6,3,9,199
2023-02-12,6,1,None,317,26,27,185,214,High Demand: activate surge plan; postpone elective procedures; open triage tents; public advisory: wear masks,PPE,43,"{""nurses"":24,""doctors"":10,""support"":9}",42,52,18,30,4,7,11,5,12,183
2023-02-13,0,0,None,211,27,22,187,211,Air Quality Alert: masks recommended; increase respiratory stock,PPE,43,"{""nurses"":24,""doctors"":10,""support"":9}",43,57,17,21,7,6,5,2,9,158
2023-02-14,1,0,None,249,26,15,235,209,Air Quality Alert: masks recommended; increase respiratory stock,PPE,52,"{""nurses"":30,""doctors"":12,""support"":10}",48,62,29,33,13,10,13,9,6,179
2023-02-15,2,0,None,361,25,25,176,206,High Demand: activate surge plan; postpone elective procedures; open triage tents; public advisory: wear masks,PPE,40,"{""nurses"":22,""doctors"":9,""support"":9}",39,72,29,30,4,5,16,4,6,157
2023-02-16,3,0,None,259,27,20,162,200,Air Quality Alert: masks recommended; increase respiratory stock,PPE,39,"{""nurses"":21,""doctors"":9,""support"":9}",30,57,21,18,4,4,12,4,6,142
2023-02-17,4,0,None,137,28,20,139,175,Normal,PPE,33,"{""nurses"":18,""doctors"":7,""support"":8}",33,34,18,17,6,9,6,2,9,132
2023-02-18,5,1,None,144,27,25,227,189,Normal,PPE,51,"{""nurses"":29,""doctors"":12,""support"":10}",56,60,17,22,6,10,12,5,13,184
2023-02-19,6,1,None,154,26,16,238,222,Normal,PPE,52,"{""nurses"":30,""doctors"":12,""support"":10}",42,42,26,28,4,14,9,2,16,208
2023-02-20,0,0,None,157,26,22,214,245,Normal,PPE,48,"{""nurses"":27,""doctors"":11,""support"":10}",38,46,32,20,5,11,14,2,9,192
2023-02-21,1,0,None,149,26,22,197,229,Normal,PPE,44,"{""nurses"":25,""doctors"":10,""support"":9}",38,45,15,26,7,9,17,2,6,191
2023-02-22,2,0,None,263,25,23,215,215,Air Quality Alert: masks recommended; increase respiratory stock,PPE,48,"{""nurses"":27,""doctors"":11,""support"":10}",51,58,26,29,8,8,12,5,10,196
2023-02-23,3,0,None,161,26,16,181,212,Normal,PPE,42,"{""nurses"":23,""doctors"":10,""support"":9}",45,39,32,21,6,7,11,5,15,147
2023-02-24,4,0,None,293,27,23,176,211,Air Quality Alert: masks recommended; increase respiratory stock,PPE,40,"{""nurses"":22,""doctors"":9,""support"":9}",44,70,28,26,8,4,10,2,9,165
2023-02-25,5,1,None,132,27,28,184,185,Normal,PPE,42,"{""nurses"":23,""doctors"":10,""support"":9}",37,54,16,21,4,5,17,1,9,175
2023-02-26,6,1,None,257,27,24,191,188,Air Quality Alert: masks recommended; increase respiratory stock,PPE,43,"{""nurses"":24,""doctors"":10,""support"":9}",41,73,23,24,3,7,8,3,8,205
2023-02-27,0,0,None,111,27,19,137,180,Normal,PPE,33,"{""nurses"":18,""doctors"":7,""support"":8}",44,37,25,19,5,3,8,2,8,128
2023-02-28,1,0,None,239,26,36,237,194,Air Quality Alert: masks recommended; increase respiratory stock,PPE,52,"{""nurses"":30,""doctors"":12,""support"":10}",49,91,27,33,11,8,17,5,8,197
2023-03-01,2,0,None,125,26,17,191,193,Normal,PPE,43,"{""nurses"":24,""doctors"":10,""support"":9}",32,56,29,28,5,9,12,4,13,178
2023-03-02,3,0,None,117,28,23,228,230,Normal,PPE,51,"{""nurses"":29,""doctors"":12,""support"":10}",64,66,27,14,6,10,12,5,8,166
2023-03-03,4,0,None,170,28,26,199,225,Normal,PPE,44,"{""nurses"":25,""doctors"":10,""support"":9}",47,63,26,23,5,14,14,6,9,175
2023-03-04,5,1,None,221,28,15,261,237,Air Quality Alert: masks recommended; increase respiratory stock,PPE,58,"{""nurses"":33,""doctors"":14,""support"":11}",47,80,22,32,3,20,22,3,15,216
2023-03-05,6,1,None,114,29,19,222,239,Normal,PPE,50,"{""nurses"":28,""doctors"":12,""support"":10}",47,54,21,25,10,12,13,5,13,160
2023-03-06,0,0,None,76,30,23,250,261,Normal,PPE,55,"{""nurses"":32,""doctors"":13,""support"":10}",60,59,27,22,7,11,9,8,11,216
2023-03-07,1,0,None,215,29,27,265,260,Air Quality Alert: masks recommended; increase respiratory stock,PPE,59,"{""nurses"":34,""doctors"":14,""support"":11}",60,79,44,28,6,6,12,7,18,217
2023-03-08,2,0,None,121,28,24,276,273,Normal,PPE,60,"{""nurses"":35,""doctors"":14,""support"":11}",66,90,32,28,7,11,19,8,18,266
2023-03-09,3,0,None,188,29,21,255,284,Normal,PPE,56,"{""nurses"":32,""doctors"":13,""support"":11}",65,56,30,35,6,11,8,10,13,207
2023-03-10,4,0,None,155,29,26,205,261,Normal,PPE,47,"{""nurses"":26,""doctors"":11,""support"":10}",40,74,30,30,3,5,9,5,11,189
2023-03-11,5,1,None,163,29,19,207,236,Normal,PPE,47,"{""nurses"":26,""doctors"":11,""support"":10}",51,53,28,26,5,9,11,3,9,174
2023-03-12,6,1,None,198,29,29,227,230,Normal,PPE,51,"{""nurses"":29,""doctors"":12,""support"":10}",53,81,25,34,7,9,12,5,8,203
2023-03-13,0,0,None,195,29,21,241,241,Normal,PPE,54,"{""nurses"":31,""doctors"":13,""support"":10}",61,60,20,27,12,10,16,5,10,207
2023-03-14,1,0,Holi,49,29,26,222,237,Normal,PPE,50,"{""nurses"":28,""doctors"":12,""support"":10}",56,62,23,23,4,7,11,3,10,182
2023-03-15,2,0,Holi,157,29,28,298,268,High Demand: activate surge plan; postpone elective procedures; open triage tents; public advisory: wear masks,PPE,64,"{""nurses"":38,""doctors"":15,""support"":11}",51,104,41,42,11,9,18,5,17,275
2023-03-16,3,0,None,95,27,20,195,259,Normal,PPE,44,"{""nurses"":25,""doctors"":10,""support"":9}",52,50,26,17,5,9,11,2,8,156
2023-03-17,4,0,None,168,27,16,211,254,Normal,PPE,48,"{""nurses"":27,""doctors"":11,""support"":10}",41,63,18,19,3,9,13,2,11,180
2023-03-18,5,1,None,92,27,27,205,218,Normal,PPE,47,"{""nurses"":26,""doctors"":11,""support"":10}",53,73,27,13,5,4,10,3,5,190
2023-03-19,6,1,None,135,26,31,230,227,Normal,PPE,51,"{""nurses"":29,""doctors"":12,""support"":10}",61,79,27,29,6,7,11,6,12,204
2023-03-20,0,0,None,92,26,14,237,244,Normal,PPE,52,"{""nurses"":30,""doctors"":12,""support"":10}",71,62,25,25,8,7,15,5,12,216
2023-03-21,1,0,None,131,26,20,235,246,Normal,PPE,52,"{""nurses"":30,""doctors"":12,""support"":10}",54,65,30,31,6,11,17,3,12,218
2023-03-22,2,0,None,54,26,19,234,248,Normal,PPE,52,"{""nurses"":30,""doctors"":12,""support"":10}",45,67,38,33,6,10,14,5,14,233
2023-03-23,3,0,None,155,26,21,231,245,Normal,PPE,51,"{""nurses"":29,""doctors"":12,""support"":10}",64,73,20,23,8,8,15,3,12,197
2023-03-24,4,0,None,137,26,17,228,247,Normal,PPE,51,"{""nurses"":29,""doctors"":12,""support"":10}",41,56,31,24,4,9,12,2,13,187
2023-03-25,5,1,None,174,25,15,180,225,Normal,PPE,41,"{""nurses"":23,""doctors"":9,""support"":9}",36,60,18,16,8,9,14,4,7,160
2023-03-26,6,1,None,94,25,15,220,226,Normal,PPE,49,"{""nurses"":28,""doctors"":11,""support"":10}",48,52,30,18,14,3,9,3,10,197
2023-03-27,0,0,None,133,26,12,226,217,Normal,PPE,51,"{""nurses"":29,""doctors"":12,""support"":10}",52,64,27,34,10,7,12,1,7,203
2023-03-28,1,0,None,152,26,22,223,243,Normal,PPE,50,"{""nurses"":28,""doctors"":12,""support"":10}",40,65,25,23,3,11,13,5,10,219
2023-03-29,2,0,None,130,26,21,254,247,Normal,PPE,56,"{""nurses"":32,""doctors"":13,""support"":11}",68,58,35,30,11,7,12,10,12,211
2023-03-30,3,0,None,148,26,27,185,229,Normal,PPE,43,"{""nurses"":24,""doctors"":10,""support"":9}",40,60,20,13,5,5,8,7,10,178
2023-03-31,4,0,None,135,26,17,214,230,Normal,PPE,48,"{""nurses"":27,""doctors"":11,""support"":10}",31,67,29,12,10,15,9,2,14,203
2023-04-01,5,1,None,134,26,16,298,254,Normal,PPE,64,"{""nurses"":38,""doctors"":15,""support"":11}",45,85,26,32,9,7,12,4,9,253
2023-04-02,6,1,None,86,26,24,207,253,Normal,PPE,47,"{""nurses"":26,""doctors"":11,""support"":10}",52,60,25,19,4,11,17,3,6,189
2023-04-03,0,0,None,218,26,22,299,284,Air Quality Alert: masks recommended; increase respiratory stock,PPE,64,"{""nurses"":38,""doctors"":15,""support"":11}",56,83,34,41,6,11,18,5,24,256
2023-04-04,1,0,None,96,27,19,288,274,Normal,PPE,62,"{""nurses"":36,""doctors"":15,""support"":11}",60,82,35,25,9,10,20,2,21,234
2023-04-05,2,0,None,143,27,27,229,289,Normal,PPE,51,"{""nurses"":29,""doctors"":12,""support"":10}",51,82,30,19,10,10,18,9,12,196
2023-04-06,3,0,None,42,28,18,246,275,Normal,PPE,54,"{""nurses"":31,""doctors"":13,""support"":10}",61,56,28,17,7,13,13,1,10,229
2023-04-07,4,0,None,186,30,18,195,234,Normal,PPE,44,"{""nurses"":25,""doctors"":10,""support"":9}",46,53,16,25,7,6,25,1,7,173
2023-04-08,5,1,None,119,30,29,287,258,Normal,PPE,62,"{""nurses"":36,""doctors"":15,""support"":11}",59,74,36,22,9,13,12,8,15,243
2023-04-09,6,1,None,199,30,20,213,248,Normal,PPE,48,"{""nurses"":27,""doctors"":11,""support"":10}",39,61,24,31,3,7,19,4,12,162
2023-04-10,0,0,None,89,30,22,185,239,Normal,PPE,43,"{""nurses"":24,""doctors"":10,""support"":9}",42,53,18,17,3,6,9,7,9,140
2023-04-11,1,0,None,100,30,23,221,218,Normal,PPE,50,"{""nurses"":28,""doctors"":12,""support"":10}",32,60,27,13,8,11,10,5,5,160
2023-04-12,2,0,None,129,31,18,242,232,Normal,PPE,54,"{""nurses"":31,""doctors"":13,""support"":10}",48,69,29,37,5,11,18,11,13,208
2023-04-13,3,0,None,111,31,15,219,242,Normal,PPE,49,"{""nurses"":28,""doctors"":11,""support"":10}",43,53,26,24,6,7,16,6,11,208
2023-04-14,4,0,None,209,30,17,284,270,Air Quality Alert: masks recommended; increase respiratory stock,PPE,62,"{""nurses"":36,""doctors"":15,""support"":11}",54,71,35,26,8,8,26,7,16,245
2023-04-15,5,1,None,113,29,23,242,259,Normal,PPE,54,"{""nurses"":31,""doctors"":13,""support"":10}",41,79,25,23,15,9,14,2,12,216
2023-04-16,6,1,None,152,29,20,209,254,Normal,PPE,48,"{""nurses"":27,""doctors"":11,""support"":10}",46,51,16,25,13,10,12,3,19,187
2023-04-17,0,0,None,137,29,21,277,258,Normal,PPE,60,"{""nurses"":35,""doctors"":14,""support"":11}",73,83,35,26,5,12,16,8,13,242
2023-04-18,1,0,None,155,32,19,274,273,Normal,PPE,60,"{""nurses"":35,""doctors"":14,""support"":11}",55,50,38,25,9,10,21,5,8,204
2023-04-19,2,0,None,98,32,11,184,254,Normal,PPE,42,"{""nurses"":23,""doctors"":10,""support"":9}",36,48,11,10,4,12,8,5,11,160
2023-04-20,3,0,None,167,30,21,315,268,High Demand: activate surge plan; postpone elective procedures; open triage tents; public advisory: wear masks,PPE,68,"{""nurses"":40,""doctors"":16,""support"":12}",66,82,41,34,13,20,19,6,18,265
2023-04-21,4,0,None,84,28,20,293,282,Normal,PPE,63,"{""nurses"":37,""doctors"":15,""support"":11}",62,72,46,22,4,11,21,5,13,262
2023-04-22,5,1,None,227,28,24,308,317,High Demand: activate surge plan; postpone elective procedures; open triage tents; public advisory: wear masks,PPE,67,"{""nurses"":39,""doctors"":16,""support"":12}",70,86,32,31,10,13,16,4,12,231
2023-04-23,6,1,None,124,28,22,280,306,Normal,PPE,60,"{""nurses"":35,""doctors"":14,""support"":11}",60,77,33,37,10,9,7,6,23,236
2023-04-24,0,0,None,153,28,20,295,310,Normal,PPE,63,"{""nurses"":37,""doctors"":15,""support"":11}",60,70,43,25,11,13,13,6,20,265
2023-04-25,1,0,None,110,29,14,241,283,Normal,PPE,54,"{""nurses"":31,""doctors"":13,""support"":10}",45,60,19,22,8,3,9,4,10,196
2023-04-26,2,0,None,111,29,29,228,277,Normal,PPE,51,"{""nurses"":29,""doctors"":12,""support"":10}",63,72,27,29,4,10,13,5,10,183
2023-04-27,3,0,None,128,28,20,219,245,Normal,PPE,49,"{""nurses"":28,""doctors"":11,""support"":10}",47,70,26,22,5,11,18,4,9,200
2023-04-28,4,0,None,193,29,17,195,227,Normal,PPE,44,"{""nurses"":25,""doctors"":10,""support"":9}",38,57,24,26,6,6,4,5,11,162
2023-04-29,5,1,None,198,28,22,308,258,High Demand: activate surge plan; postpone elective procedures; open triage tents; public advisory: wear masks,PPE,67,"{""nurses"":39,""doctors"":16,""support"":12}",59,76,35,31,7,10,13,7,17,240
2023-04-30,6,1,None,141,28,27,276,273,Normal,PPE,60,"{""nurses"":35,""doctors"":14,""support"":11}",50,83,24,48,9,10,21,4,19,238
2023-05-01,0,0,None,134,28,16,232,287,Normal,PPE,51,"{""nurses"":29,""doctors"":12,""support"":10}",47,55,24,36,9,12,12,6,11,194
2023-05-02,1,0,None,186,28,19,238,272,Normal,PPE,52,"{""nurses"":30,""doctors"":12,""support"":10}",60,63,22,18,10,13,20,2,15,237
2023-05-03,2,0,None,139,29,23,250,262,Normal,PPE,55,"{""nurses"":32,""doctors"":13,""support"":10}",62,57,27,29,7,8,18,4,10,231
2023-05-04,3,0,None,150,28,17,240,250,Normal,PPE,52,"{""nurses"":30,""doctors"":12,""support"":10}",56,69,29,28,11,8,16,4,11,210
2023-05-05,4,0,None,173,29,22,228,249,Normal,PPE,51,"{""nurses"":29,""doctors"":12,""support"":10}",34,76,22,23,8,13,17,6,15,188
2023-05-06,5,1,None,155,29,25,244,247,Normal,PPE,54,"{""nurses"":31,""doctors"":13,""support"":10}",41,85,34,17,5,1,14,4,18,194
2023-05-07,6,1,None,167,28,24,272,257,High Demand: activate surge plan; postpone elective procedures; open triage tents; public advisory: wear masks,PPE,59,"{""nurses"":34,""doctors"":14,""support"":11}",59,61,25,30,8,9,14,6,14,232
2023-05-08,0,0,None,183,30,13,220,259,Normal,PPE,49,"{""nurses"":28,""doctors"":11,""support"":10}",37,50,24,28,12,5,16,3,9,185
2023-05-09,1,0,None,92,30,19,184,240,Normal,PPE,42,"{""nurses"":23,""doctors"":10,""support"":9}",43,58,21,16,4,8,6,3,5,162
2023-05-10,2,0,None,114,30,20,230,220,Normal,PPE,51,"{""nurses"":29,""doctors"":12,""support"":10}",45,68,20,26,6,7,9,2,12,207
2023-05-11,3,0,None,89,31,24,191,218,Normal,PPE,43,"{""nurses"":24,""doctors"":10,""support"":9}",39,74,22,12,6,8,15,7,13,165
2023-05-12,4,0,None,91,30,16,203,218,Normal,PPE,47,"{""nurses"":26,""doctors"":11,""support"":10}",51,49,24,24,7,8,16,3,9,179
2023-05-13,5,1,None,120,30,19,188,201,Normal,PPE,43,"{""nurses"":24,""doctors"":10,""support"":9}",41,55,18,18,7,4,11,6,14,170
2023-05-14,6,1,None,68,30,20,143,192,Normal,PPE,34,"{""nurses"":18,""doctors"":8,""support"":8}",33,39,14,9,8,6,5,4,7,146
2023-05-15,0,0,None,139,30,21,232,201,Normal,PPE,51,"{""nurses"":29,""doctors"":12,""support"":10}",50,52,25,25,7,9,17,3,16,208
2023-05-16,1,0,None,105,31,16,201,210,Normal,PPE,47,"{""nurses"":26,""doctors"":11,""support"":10}",36,57,25,19,8,4,15,3,11,170
2023-05-17,2,0,None,155,30,21,253,239,Normal,PPE,56,"{""nurses"":32,""doctors"":13,""support"":11}",80,68,22,30,10,9,23,4,14,210
2023-05-18,3,0,None,104,30,17,218,235,Normal,PPE,49,"{""nurses"":28,""doctors"":11,""support"":10}",41,53,28,29,8,10,15,5,11,164
2023-05-19,4,0,None,109,30,22,166,218,Normal,PPE,39,"{""nurses"":21,""doctors"":9,""support"":9}",31,62,21,19,5,4,9,3,12,121
2023-05-20,5,1,None,186,30,11,177,202,Normal,PPE,41,"{""nurses"":23,""doctors"":9,""support"":9}",35,53,24,20,7,10,8,5,6,146
2023-05-21,6,1,None,137,30,27,256,216,Normal,PPE,56,"{""nurses"":32,""doctors"":13,""support"":11}",51,81,22,21,5,10,16,4,10,228
2023-05-22,0,0,None,86,30,17,226,240,Normal,PPE,51,"{""nurses"":29,""doctors"":12,""support"":10}",54,56,27,16,9,13,22,3,14,172
2023-05-23,1,0,None,89,30,25,238,259,Normal,PPE,52,"{""nurses"":30,""doctors"":12,""support"":10}",52,71,28,25,3,3,11,2,11,195
2023-05-24,2,0,None,139,30,19,212,233,Normal,PPE,48,"{""nurses"":27,""doctors"":11,""support"":10}",48,77,25,27,9,14,12,5,10,174
2023-05-25,3,0,None,124,31,13,139,213,Normal,PPE,33,"{""nurses"":18,""doctors"":7,""support"":8}",35,44,20,15,4,7,9,1,6,107
2023-05-26,4,0,None,123,31,22,182,194,Normal,PPE,42,"{""nurses"":23,""doctors"":10,""support"":9}",42,44,23,23,3,7,6,7,7,166
2023-05-27,5,1,None,191,31,32,211,190,Normal,PPE,48,"{""nurses"":27,""doctors"":11,""support"":10}",50,64,24,20,7,10,14,4,12,194
2023-05-28,6,1,None,114,31,26,215,209,Normal,PPE,48,"{""nurses"":27,""doctors"":11,""support"":10}",46,72,25,21,2,8,11,9,14,173
2023-05-29,0,0,None,107,30,31,194,216,Normal,PPE,44,"{""nurses"":25,""doctors"":10,""support"":9}",45,57,20,25,2,9,7,1,1,181
2023-05-30,1,0,None,30,30,16,221,228,Normal,PPE,50,"{""nurses"":28,""doctors"":12,""support"":10}",39,64,30,23,7,10,8,3,13,201
2023-05-31,2,0,None,122,31,24,216,231,Normal,PPE,48,"{""nurses"":27,""doctors"":11,""support"":10}",44,58,22,29,8,12,17,5,6,189
2023-06-01,3,0,None,99,30,16,227,243,Normal,PPE,51,"{""nurses"":29,""doctors"":12,""support"":10}",44,64,31,24,4,12,17,5,11,185
2023-06-02,4,0,None,87,31,16,142,207,Normal,PPE,34,"{""nurses"":18,""doctors"":8,""support"":8}",21,51,21,9,4,8,16,6,8,119
2023-06-03,5,1,None,114,32,16,155,181,Normal,PPE,37,"{""nurses"":20,""doctors"":8,""support"":9}",38,30,20,20,6,11,8,5,9,111
2023-06-04,6,1,None,123,31,24,182,168,Normal,PPE,42,"{""nurses"":23,""doctors"":10,""support"":9}",46,61,15,22,3,9,10,2,4,184
2023-06-05,0,0,None,109,31,26,144,167,Normal,PPE,34,"{""nurses"":18,""doctors"":8,""support"":8}",58,46,21,17,3,4,7,3,5,138
2023-06-06,1,0,None,85,31,13,214,194,Normal,PPE,48,"{""nurses"":27,""doctors"":11,""support"":10}",51,45,33,22,8,12,19,5,13,180
2023-06-07,2,0,None,74,31,18,220,204,Normal,PPE,49,"{""nurses"":28,""doctors"":11,""support"":10}",37,70,22,25,9,9,6,2,13,214
2023-06-08,3,0,None,60,31,20,237,239,High Demand: activate surge plan; postpone elective procedures; open triage tents; public advisory: wear masks,PPE,52,"{""nurses"":30,""doctors"":12,""support"":10}",59,71,27,19,8,10,22,7,9,193
2023-06-09,4,0,None,113,31,32,149,221,Normal,PPE,35,"{""nurses"":19,""doctors"":8,""support"":8}",38,51,29,16,4,4,14,0,6,142
2023-06-10,5,1,None,123,30,26,207,215,Normal,PPE,47,"{""nurses"":26,""doctors"":11,""support"":10}",45,58,22,24,7,4,16,1,11,189
2023-06-11,6,1,None,90,30,16,188,188,Normal,PPE,43,"{""nurses"":24,""doctors"":10,""support"":9}",45,59,19,23,7,7,17,3,11,163
2023-06-12,0,0,None,107,29,14,178,211,Normal,PPE,41,"{""nurses"":23,""doctors"":9,""support"":9}",36,49,21,21,2,7,13,4,10,141
2023-06-13,1,0,None,136,28,18,141,178,Normal,PPE,34,"{""nurses"":18,""doctors"":8,""support"":8}",35,45,15,19,7,5,11,2,5,114
2023-06-14,2,0,None,91,29,25,165,179,Normal,PPE,39,"{""nurses"":21,""doctors"":9,""support"":9}",39,56,17,15,3,6,8,1,7,153
2023-06-15,3,0,None,97,30,24,153,167,Normal,PPE,37,"{""nurses"":20,""doctors"":8,""support"":9}",37,48,23,7,4,5,10,4,7,119
2023-06-16,4,0,None,65,30,11,167,179,Normal,PPE,39,"{""nurses"":21,""doctors"":9,""support"":9}",35,52,13,17,3,2,9,3,9,128
2023-06-17,5,1,None,40,29,26,186,182,Normal,PPE,43,"{""nurses"":24,""doctors"":10,""support"":9}",45,56,31,18,6,1,12,4,12,164
2023-06-18,6,1,None,96,29,34,147,178,Normal,PPE,35,"{""nurses"":19,""doctors"":8,""support"":8}",37,74,23,19,2,4,8,1,9,128
2023-06-19,0,0,None,71,30,15,228,202,Normal,PPE,51,"{""nurses"":29,""doctors"":12,""support"":10}",41,73,31,20,7,13,15,1,11,219
2023-06-20,1,0,None,106,29,21,219,218,Normal,PPE,49,"{""nurses"":28,""doctors"":11,""support"":10}",50,63,27,26,3,7,11,5,7,184
2023-06-21,2,0,None,124,30,18,164,218,Normal,PPE,39,"{""nurses"":21,""doctors"":9,""support"":9}",35,51,23,19,4,7,11,1,6,133
2023-06-22,3,0,None,52,30,28,245,215,High Demand: activate surge plan; postpone elective procedures; open triage tents; public advisory: wear masks,PPE,54,"{""nurses"":31,""doctors"":13,""support"":10}",54,73,24,23,4,16,15,6,17,228
2023-06-23,4,0,None,87,29,23,194,222,Normal,PPE,44,"{""nurses"":25,""doctors"":10,""support"":9}",24,72,25,17,9,11,10,3,11,163
2023-06-24,5,1,None,152,27,22,265,257,High Demand: activate surge plan; postpone elective procedures; open triage tents; public advisory: wear masks,PPE,59,"{""nurses"":34,""doctors"":14,""support"":11}",49,67,27,33,7,14,10,8,11,235
2023-06-25,6,1,None,90,26,14,195,239,Normal,PPE,44,"{""nurses"":25,""doctors"":10,""support"":9}",44,60,26,13,5,7,10,7,7,164
2023-06-26,0,0,None,131,26,21,146,210,Normal,PPE,35,"{""nurses"":19,""doctors"":8,""support"":8}",34,46,14,7,4,5,7,3,7,117
2023-06-27,1,0,None,82,26,25,137,164,Normal,PPE,33,"{""nurses"":18,""doctors"":7,""support"":8}",43,49,15,19,5,3,8,3,3,104
2023-06-28,2,0,None,103,26,19,194,169,Normal,PPE,44,"{""nurses"":25,""doctors"":10,""support"":9}",39,59,23,19,3,8,15,5,11,156
2023-06-29,3,0,None,70,26,24,173,178,Normal,PPE,40,"{""nurses"":22,""doctors"":9,""support"":9}",40,49,18,23,7,6,12,3,11,147
2023-06-30,4,0,None,84,26,16,179,188,Normal,PPE,41,"{""nurses"":23,""doctors"":9,""support"":9}",35,60,28,22,7,8,9,4,8,160
2023-07-01,5,1,None,104,26,23,177,186,Normal,PPE,41,"{""nurses"":23,""doctors"":9,""support"":9}",57,55,26,14,6,6,8,7,9,168
2023-07-02,6,1,None,89,27,30,124,177,Normal,PPE,31,"{""nurses"":16,""doctors"":7,""support"":8}",27,47,14,10,3,6,7,3,7,143
2023-07-03,0,0,None,108,27,17,120,145,Normal,PPE,29,"{""nurses"":15,""doctors"":6,""support"":8}",27,43,19,11,4,4,5,0,8,115
2023-07-04,1,0,None,97,27,19,229,168,Normal,PPE,51,"{""nurses"":29,""doctors"":12,""support"":10}",42,61,18,36,8,7,14,3,8,172
2023-07-05,2,0,None,82,27,14,151,179,Normal,PPE,36,"{""nurses"":19,""doctors"":8,""support"":9}",33,58,13,12,6,4,11,2,9,127
2023-07-06,3,0,None,84,26,24,183,205,Normal,PPE,42,"{""nurses"":23,""doctors"":10,""support"":9}",43,42,25,20,8,6,14,5,10,137
2023-07-07,4,0,None,71,26,21,172,175,Normal,PPE,40,"{""nurses"":22,""doctors"":9,""support"":9}",33,58,21,14,7,8,5,4,14,157
2023-07-08,5,1,None,113,28,23,183,193,Normal,PPE,42,"{""nurses"":23,""doctors"":10,""support"":9}",48,64,15,23,5,6,19,5,7,163
2023-07-09,6,1,None,111,28,15,159,188,Normal,PPE,37,"{""nurses"":20,""doctors"":8,""support"":9}",31,55,15,12,7,4,10,1,10,119
2023-07-10,0,0,None,110,28,30,232,211,High Demand: activate surge plan; postpone elective procedures; open triage tents; public advisory: wear masks,PPE,51,"{""nurses"":29,""doctors"":12,""support"":10}",50,63,26,25,8,6,8,9,8,229
2023-07-11,1,0,None,43,28,20,136,188,Normal,PPE,32,"{""nurses"":17,""doctors"":7,""support"":8}",40,45,18,10,3,10,8,3,7,122
2023-07-12,2,0,None,50,26,27,190,206,Normal,PPE,43,"{""nurses"":24,""doctors"":10,""support"":9}",30,77,25,24,7,8,9,9,12,154
2023-07-13,3,0,None,135,26,20,123,153,Normal,PPE,31,"{""nurses"":16,""doctors"":7,""support"":8}",27,43,14,14,3,8,6,1,10,95
2023-07-14,4,0,None,100,26,18,144,159,Normal,PPE,34,"{""nurses"":18,""doctors"":8,""support"":8}",33,47,17,15,3,6,8,6,7,108
2023-07-15,5,1,None,95,26,20,211,165,Normal,PPE,48,"{""nurses"":27,""doctors"":11,""support"":10}",49,68,16,20,4,7,11,5,5,187
2023-07-16,6,1,None,125,26,22,180,188,Normal,PPE,41,"{""nurses"":23,""doctors"":9,""support"":9}",46,44,25,15,7,10,21,2,7,159
2023-07-17,0,0,None,87,26,14,127,186,Normal,PPE,31,"{""nurses"":16,""doctors"":7,""support"":8}",27,35,14,11,7,6,7,5,10,115
2023-07-18,1,0,None,91,26,34,200,174,Normal,PPE,44,"{""nurses"":25,""doctors"":10,""support"":9}",49,73,19,17,5,7,16,7,10,205
2023-07-19,2,0,None,57,26,16,135,165,Normal,PPE,32,"{""nurses"":17,""doctors"":7,""support"":8}",31,36,10,21,4,7,5,2,5,125
2023-07-20,3,0,None,55,27,23,169,177,Normal,PPE,40,"{""nurses"":22,""doctors"":9,""support"":9}",41,46,26,14,4,3,4,4,6,132
2023-07-21,4,0,None,69,26,18,125,152,Normal,PPE,31,"{""nurses"":16,""doctors"":7,""support"":8}",30,49,19,12,4,4,5,3,3,118
2023-07-22,5,1,None,103,26,20,175,164,Normal,PPE,40,"{""nurses"":22,""doctors"":9,""support"":9}",43,38,18,21,1,8,15,4,7,133
2023-07-23,6,1,None,132,26,23,133,155,Normal,PPE,32,"{""nurses"":17,""doctors"":7,""support"":8}",29,50,17,11,4,2,11,2,8,96
2023-07-24,0,0,None,65,26,23,165,161,Normal,PPE,39,"{""nurses"":21,""doctors"":9,""support"":9}",31,63,22,20,4,6,6,1,11,136
2023-07-25,1,0,None,132,26,30,192,171,Normal,PPE,43,"{""nurses"":24,""doctors"":10,""support"":9}",45,65,20,13,4,9,10,5,9,198
2023-07-26,2,0,None,44,26,17,162,187,Normal,PPE,39,"{""nurses"":21,""doctors"":9,""support"":9}",50,33,17,15,5,3,10,1,4,151
2023-07-27,3,0,None,97,26,20,199,198,Normal,PPE,44,"{""nurses"":25,""doctors"":10,""support"":9}",39,59,27,16,2,11,12,5,14,174
2023-07-28,4,0,None,84,26,25,141,181,Normal,PPE,34,"{""nurses"":18,""doctors"":8,""support"":8}",42,58,21,12,7,5,11,2,7,129
2023-07-29,5,1,None,143,27,30,178,182,Normal,PPE,41,"{""nurses"":23,""doctors"":9,""support"":9}",48,87,12,21,4,8,13,2,12,154
2023-07-30,6,1,None,102,27,19,171,173,Normal,PPE,40,"{""nurses"":22,""doctors"":9,""support"":9}",35,51,12,18,10,7,8,4,6,153
2023-07-31,0,0,None,56,27,23,183,197,Normal,PPE,42,"{""nurses"":23,""doctors"":10,""support"":9}",47,72,18,16,5,8,11,7,14,165
2023-08-01,1,0,None,110,27,18,197,199,Normal,PPE,44,"{""nurses"":25,""doctors"":10,""support"":9}",49,43,24,14,4,6,13,9,10,159
2023-08-02,2,0,None,115,27,18,143,182,Normal,PPE,34,"{""nurses"":18,""doctors"":8,""support"":8}",48,50,23,15,3,7,9,7,5,121
2023-08-03,3,0,None,79,27,15,126,170,Normal,PPE,31,"{""nurses"":16,""doctors"":7,""support"":8}",35,47,14,11,3,4,8,2,7,103
2023-08-04,4,0,None,122,27,15,200,172,Normal,PPE,44,"{""nurses"":25,""doctors"":10,""support"":9}",28,48,22,17,2,8,13,2,9,178
2023-08-05,5,1,None,78,28,24,213,184,Normal,PPE,48,"{""nurses"":27,""doctors"":11,""support"":10}",45,66,19,16,8,11,10,5,6,176
2023-08-06,6,1,None,49,27,23,158,209,Normal,PPE,37,"{""nurses"":20,""doctors"":8,""support"":9}",34,67,14,23,5,10,6,3,5,144
2023-08-07,0,0,None,94,27,21,136,183,Normal,PPE,32,"{""nurses"":17,""doctors"":7,""support"":8}",20,50,13,18,3,7,7,1,5,123
2023-08-08,1,0,None,49,28,22,135,153,Normal,PPE,32,"{""nurses"":17,""doctors"":7,""support"":8}",30,57,15,11,5,5,8,5,2,102
2023-08-09,2,0,None,136,27,12,124,143,Normal,PPE,31,"{""nurses"":16,""doctors"":7,""support"":8}",24,39,18,19,3,6,4,3,6,101
2023-08-10,3,0,None,38,27,22,198,158,Normal,PPE,44,"{""nurses"":25,""doctors"":10,""support"":9}",52,57,27,27,8,4,15,1,5,173
2023-08-11,4,0,None,73,27,29,244,196,Normal,PPE,54,"{""nurses"":31,""doctors"":13,""support"":10}",48,67,27,28,7,15,15,6,9,214
2023-08-12,5,1,None,133,26,17,204,233,Normal,PPE,47,"{""nurses"":26,""doctors"":11,""support"":10}",34,54,34,20,5,5,11,5,14,185
2023-08-13,6,1,None,97,27,19,178,221,Normal,PPE,41,"{""nurses"":23,""doctors"":9,""support"":9}",37,59,27,20,4,3,13,2,10,160
2023-08-14,0,0,None,88,28,11,150,193,Normal,PPE,35,"{""nurses"":19,""doctors"":8,""support"":8}",44,52,13,15,8,5,11,1,10,124
2023-08-15,1,0,None,62,27,23,171,171,Normal,PPE,40,"{""nurses"":22,""doctors"":9,""support"":9}",40,60,16,21,6,4,12,4,7,155
2023-08-16,2,0,None,62,27,19,156,169,Normal,PPE,37,"{""nurses"":20,""doctors"":8,""support"":9}",39,56,26,13,7,6,4,7,6,133
2023-08-17,3,0,None,46,27,17,176,185,Normal,PPE,40,"{""nurses"":22,""doctors"":9,""support"":9}",33,47,23,22,4,4,11,4,13,128
2023-08-18,4,0,None,92,27,21,196,185,Normal,PPE,44,"{""nurses"":25,""doctors"":10,""support"":9}",53,67,28,17,2,9,11,5,10,150
2023-08-19,5,1,None,81,27,23,172,192,Normal,PPE,40,"{""nurses"":22,""doctors"":9,""support"":9}",41,59,26,18,2,8,13,3,6,156
2023-08-20,6,1,None,114,26,18,153,191,Normal,PPE,37,"{""nurses"":20,""doctors"":8,""support"":9}",34,42,11,18,5,5,12,5,7,144
2023-08-21,0,0,None,136,27,17,192,180,Normal,PPE,43,"{""nurses"":24,""doctors"":10,""support"":9}",40,55,26,11,2,14,11,2,11,154
2023-08-22,1,0,None,98,27,30,197,193,Normal,PPE,44,"{""nurses"":25,""doctors"":10,""support"":9}",53,77,30,20,7,7,14,3,5,165
2023-08-23,2,0,None,100,27,16,159,191,Normal,PPE,37,"{""nurses"":20,""doctors"":8,""support"":9}",32,52,29,24,4,3,11,3,8,112
2023-08-24,3,0,None,125,27,19,185,195,Normal,PPE,43,"{""nurses"":24,""doctors"":10,""support"":9}",45,49,23,21,7,6,12,3,11,141
2023-08-25,4,0,None,105,27,19,157,175,Normal,PPE,37,"{""nurses"":20,""doctors"":8,""support"":9}",26,44,20,22,4,5,8,3,5,158
2023-08-26,5,1,None,59,26,39,237,200,Normal,PPE,52,"{""nurses"":30,""doctors"":12,""support"":10}",70,73,36,27,6,9,17,4,14,210
2023-08-27,6,1,None,84,26,30,176,205,Normal,PPE,40,"{""nurses"":22,""doctors"":9,""support"":9}",61,45,19,23,4,7,15,4,4,171
2023-08-28,0,0,GaneshChaturthi,190,26,57,332,256,High Demand: activate surge plan; postpone elective procedures; open triage tents; public advisory: wear masks,PPE,71,"{""nurses"":42,""doctors"":17,""support"":12}",93,141,43,41,14,16,20,6,23,286
2023-08-29,1,0,GaneshChaturthi,168,27,41,295,278,High Demand: activate surge plan; postpone elective procedures; open triage tents; public advisory: wear masks,PPE,63,"{""nurses"":37,""doctors"":15,""support"":11}",72,106,37,34,17,10,15,7,12,258
2023-08-30,2,0,GaneshChaturthi,142,27,51,214,297,High Accident Volume: deploy trauma team; increase analgesic/antibiotics,PPE,48,"{""nurses"":27,""doctors"":11,""support"":10}",79,89,21,26,6,6,15,6,5,173
2023-08-31,3,0,GaneshChaturthi,202,27,40,222,265,Air Quality Alert: masks recommended; increase respiratory stock,PPE,50,"{""nurses"":28,""doctors"":12,""support"":10}",62,113,26,36,4,6,10,3,15,196
2023-09-01,4,0,GaneshChaturthi,165,27,51,220,225,High Accident Volume: deploy trauma team; increase analgesic/antibiotics,PPE,49,"{""nurses"":28,""doctors"":11,""support"":10}",91,117,32,33,10,8,11,5,19,211
2023-09-02,5,1,GaneshChaturthi,90,27,56,321,269,High Demand: activate surge plan; postpone elective procedures; open triage tents; public advisory: wear masks,PPE,70,"{""nurses"":41,""doctors"":17,""support"":12}",107,127,37,33,12,12,16,7,14,293
2023-09-03,6,1,GaneshChaturthi,165,27,59,329,313,High Demand: activate surge plan; postpone elective procedures; open triage tents; public advisory: wear masks,PPE,71,"{""nurses"":42,""doctors"":17,""support"":12}",97,142,34,39,13,11,19,11,19,297
2023-09-04,0,0,None,73,27,19,205,308,Normal,PPE,47,"{""nurses"":26,""doctors"":11,""support"":10}",46,57,24,11,8,8,12,4,9,174
2023-09-05,1,0,None,90,27,11,170,246,Normal,PPE,40,"{""nurses"":22,""doctors"":9,""support"":9}",29,50,26,22,7,5,9,2,7,167
2023-09-06,2,0,None,75,28,22,175,190,Normal,PPE,40,"{""nurses"":22,""doctors"":9,""support"":9}",44,51,18,11,2,6,8,3,8,183
2023-09-07,3,0,None,81,27,12,146,178,Normal,PPE,35,"{""nurses"":19,""doctors"":8,""support"":8}",32,27,15,11,8,9,2,1,8,129
2023-09-08,4,0,None,113,27,25,183,183,Normal,PPE,42,"{""nurses"":23,""doctors"":10,""support"":9}",42,67,24,11,3,6,14,3,7,154
2023-09-09,5,1,None,80,27,19,182,188,Normal,PPE,42,"{""nurses"":23,""doctors"":10,""support"":9}",37,64,25,24,7,8,5,2,17,138
2023-09-10,6,1,None,178,27,20,223,211,Normal,PPE,50,"{""nurses"":28,""doctors"":12,""support"":10}",51,67,22,24,4,9,9,1,11,186
2023-09-11,0,0,None,104,26,30,186,208,Normal,PPE,43,"{""nurses"":24,""doctors"":10,""support"":9}",41,74,21,19,5,6,11,7,13,152
2023-09-12,1,0,None,92,27,13,119,188,Normal,PPE,29,"{""nurses"":15,""doctors"":6,""support"":8}",31,43,10,9,2,7,5,3,7,100
2023-09-13,2,0,None,95,27,22,164,161,Normal,PPE,39,"{""nurses"":21,""doctors"":9,""support"":9}",46,52,16,15,7,6,5,3,15,161
2023-09-14,3,0,None,102,27,19,217,177,Normal,PPE,49,"{""nurses"":28,""doctors"":11,""support"":10}",52,65,22,25,7,6,13,7,7,182
2023-09-15,4,0,None,104,27,15,146,188,Normal,PPE,35,"{""nurses"":19,""doctors"":8,""support"":8}",37,49,24,13,1,9,2,1,10,124
2023-09-16,5,1,None,77,27,17,221,210,Normal,PPE,50,"{""nurses"":28,""doctors"":12,""support"":10}",47,47,21,26,2,8,11,2,6,164
2023-09-17,6,1,None,119,27,22,172,186,Normal,PPE,40,"{""nurses"":22,""doctors"":9,""support"":9}",40,56,27,22,3,5,15,2,12,174
2023-09-18,0,0,None,68,26,13,143,184,Normal,PPE,34,"{""nurses"":18,""doctors"":8,""support"":8}",40,34,21,11,8,5,9,4,6,112
2023-09-19,1,0,None,162,26,16,221,189,Normal,PPE,50,"{""nurses"":28,""doctors"":12,""support"":10}",55,46,26,23,8,10,16,5,13,185
2023-09-20,2,0,None,48,27,22,151,180,Normal,PPE,36,"{""nurses"":19,""doctors"":8,""support"":9}",38,52,17,21,4,9,9,5,5,131
2023-09-21,3,0,None,42,27,20,175,191,Normal,PPE,40,"{""nurses"":22,""doctors"":9,""support"":9}",42,49,21,18,8,10,7,3,8,132
2023-09-22,4,0,None,63,26,20,181,182,Normal,PPE,42,"{""nurses"":23,""doctors"":10,""support"":9}",34,59,18,15,5,11,14,5,8,164
2023-09-23,5,1,None,99,26,22,181,187,Normal,PPE,42,"{""nurses"":23,""doctors"":10,""support"":9}",50,50,23,16,5,4,11,3,7,141
2023-09-24,6,1,None,62,26,20,191,192,Normal,PPE,43,"{""nurses"":24,""doctors"":10,""support"":9}",31,44,22,21,5,11,13,2,7,168
2023-09-25,0,0,None,60,26,18,219,214,Normal,PPE,49,"{""nurses"":28,""doctors"":11,""support"":10}",53,49,38,22,8,13,14,2,6,180
2023-09-26,1,0,None,91,26,19,172,203,Normal,PPE,40,"{""nurses"":22,""doctors"":9,""support"":9}",42,53,20,15,5,3,10,2,9,141
2023-09-27,2,0,None,168,26,22,185,209,Normal,PPE,43,"{""nurses"":24,""doctors"":10,""support"":9}",35,62,21,21,8,4,13,7,10,154
2023-09-28,3,0,None,98,27,25,176,185,Normal,PPE,40,"{""nurses"":22,""doctors"":9,""support"":9}",40,53,17,11,8,5,11,3,5,160
2023-09-29,4,0,None,122,28,19,135,183,Normal,PPE,32,"{""nurses"":17,""doctors"":7,""support"":8}",38,37,23,11,2,4,6,3,6,125
2023-09-30,5,1,None,65,28,20,146,167,Normal,PPE,35,"{""nurses"":19,""doctors"":8,""support"":8}",26,45,27,17,6,2,12,1,7,133
2023-10-01,6,1,Navratri,216,28,20,270,193,Air Quality Alert: masks recommended; increase respiratory stock,PPE,59,"{""nurses"":34,""doctors"":14,""support"":11}",57,81,38,37,7,7,17,5,11,217
2023-10-02,0,0,Navratri,171,28,18,232,225,Normal,PPE,51,"{""nurses"":29,""doctors"":12,""support"":10}",50,69,24,27,6,11,14,6,12,176
2023-10-03,1,0,Navratri,69,28,16,264,265,Normal,PPE,58,"{""nurses"":33,""doctors"":14,""support"":11}",64,66,28,33,9,8,12,7,7,184
2023-10-04,2,0,Navratri,170,27,18,289,278,Normal,PPE,63,"{""nurses"":37,""doctors"":15,""support"":11}",59,81,28,29,9,17,26,7,13,252
2023-10-05,3,0,Navratri,291,27,23,266,283,Air Quality Alert: masks recommended; increase respiratory stock,PPE,59,"{""nurses"":34,""doctors"":14,""support"":11}",44,73,24,33,6,13,18,6,18,222
2023-10-06,4,0,Navratri,272,27,20,272,293,Air Quality Alert: masks recommended; increase respiratory stock,PPE,59,"{""nurses"":34,""doctors"":14,""support"":11}",57,55,33,48,5,11,19,3,13,238
2023-10-07,5,1,Navratri,267,27,23,224,277,Air Quality Alert: masks recommended; increase respiratory stock,PPE,50,"{""nurses"":28,""doctors"":12,""support"":10}",43,63,43,28,2,11,13,6,11,194
2023-10-08,6,1,Navratri,256,28,26,242,263,Air Quality Alert: masks recommended; increase respiratory stock,PPE,54,"{""nurses"":31,""doctors"":13,""support"":10}",47,67,27,35,7,10,15,3,12,217
2023-10-09,0,0,Navratri,226,28,14,305,270,High Demand: activate surge plan; postpone elective procedures; open triage tents; public advisory: wear masks,PPE,67,"{""nurses"":39,""doctors"":16,""support"":12}",61,73,40,37,7,14,15,8,12,271
2023-10-10,1,0,None,332,28,15,255,284,High Demand: activate surge plan; postpone elective procedures; open triage tents; public advisory: wear masks,PPE,56,"{""nurses"":32,""doctors"":13,""support"":11}",52,61,37,32,10,4,14,8,8,200
2023-10-11,2,0,None,243,28,27,242,284,Air Quality Alert: masks recommended; increase respiratory stock,PPE,54,"{""nurses"":31,""doctors"":13,""support"":10}",52,70,31,31,5,12,21,6,13,214
2023-10-12,3,0,None,355,28,26,276,268,High Demand: activate surge plan; postpone elective procedures; open triage tents; public advisory: wear masks,PPE,60,"{""nurses"":35,""doctors"":14,""support"":11}",64,76,38,45,17,7,24,7,12,220
2023-10-13,4,0,None,137,29,20,251,265,Normal,PPE,56,"{""nurses"":32,""doctors"":13,""support"":11}",60,65,31,23,5,7,16,7,13,220
2023-10-14,5,1,None,152,28,19,237,263,Normal,PPE,52,"{""nurses"":30,""doctors"":12,""support"":10}",57,48,29,29,3,13,20,3,14,205
2023-10-15,6,1,None,190,29,29,163,225,Normal,PPE,39,"{""nurses"":21,""doctors"":9,""support"":9}",34,51,13,15,5,8,13,2,7,149
2023-10-16,0,0,None,147,29,25,244,225,Normal,PPE,54,"{""nurses"":31,""doctors"":13,""support"":10}",51,67,35,34,12,13,15,8,18,211
2023-10-17,1,0,None,167,28,23,218,226,Normal,PPE,49,"{""nurses"":28,""doctors"":11,""support"":10}",44,73,26,21,6,10,8,7,10,183
2023-10-18,2,0,None,233,29,18,183,223,Air Quality Alert: masks recommended; increase respiratory stock,PPE,42,"{""nurses"":23,""doctors"":10,""support"":9}",33,57,21,31,8,11,9,4,12,156
2023-10-19,3,0,None,267,29,16,238,230,Air Quality Alert: masks recommended; increase respiratory stock,PPE,52,"{""nurses"":30,""doctors"":12,""support"":10}",43,62,21,22,7,5,12,6,16,220
2023-10-20,4,0,None,287,29,24,220,235,Air Quality Alert: masks recommended; increase respiratory stock,PPE,49,"{""nurses"":28,""doctors"":11,""support"":10}",43,57,28,40,9,12,11,2,11,186
2023-10-21,5,1,None,240,29,20,224,242,Air Quality Alert: masks recommended; increase respiratory stock,PPE,50,"{""nurses"":28,""doctors"":12,""support"":10}",50,70,27,33,4,7,17,2,11,195
2023-10-22,6,1,None,247,29,19,183,223,Air Quality Alert: masks recommended; increase respiratory stock,PPE,42,"{""nurses"":23,""doctors"":10,""support"":9}",40,56,26,35,3,11,13,2,10,150
2023-10-23,0,0,Diwali,302,29,25,338,258,High Demand: activate surge plan; postpone elective procedures; open triage tents; public advisory: wear masks,PPE,72,"{""nurses"":43,""doctors"":17,""support"":12}",58,101,34,43,8,11,21,10,16,264
2023-10-24,1,0,Diwali,307,29,36,257,270,High Demand: activate surge plan; postpone elective procedures; open triage tents; public advisory: wear masks,PPE,57,"{""nurses"":33,""doctors"":13,""support"":11}",57,97,40,55,8,8,15,5,18,231
2023-10-25,2,0,Diwali,402,28,45,489,386,High Demand: activate surge plan; postpone elective procedures; open triage tents; public advisory: wear masks,PPE,102,"{""nurses"":62,""doctors"":25,""support"":15}",104,130,62,85,9,20,22,9,25,427
2023-10-26,3,0,Diwali,390,28,49,367,398,High Demand: activate surge plan; postpone elective procedures; open triage tents; public advisory: wear masks,PPE,78,"{""nurses"":46,""doctors"":19,""support"":13}",77,136,31,69,10,19,25,7,20,367
2023-10-27,4,0,None,259,28,18,238,382,Air Quality Alert: masks recommended; increase respiratory stock,PPE,52,"{""nurses"":30,""doctors"":12,""support"":10}",57,51,34,27,7,14,13,4,18,211
2023-10-28,5,1,None,270,27,23,230,289,Air Quality Alert: masks recommended; increase respiratory stock,PPE,51,"{""nurses"":29,""doctors"":12,""support"":10}",35,68,28,31,14,14,10,3,12,195
2023-10-29,6,1,None,376,28,24,250,252,High Demand: activate surge plan; postpone elective procedures; open triage tents; public advisory: wear masks,PPE,55,"{""nurses"":32,""doctors"":13,""support"":10}",45,57,31,30,6,8,19,2,21,208
2023-10-30,0,0,None,377,28,23,243,255,High Demand: activate surge plan; postpone elective procedures; open triage tents; public advisory: wear masks,PPE,54,"{""nurses"":31,""doctors"":13,""support"":10}",57,51,31,37,6,10,17,9,19,198
2023-10-31,1,0,None,160,28,22,214,255,Normal,PPE,48,"{""nurses"":27,""doctors"":11,""support"":10}",44,54,24,25,5,12,16,3,15,193
2023-11-01,2,0,None,265,28,19,217,239,Air Quality Alert: masks recommended; increase respiratory stock,PPE,49,"{""nurses"":28,""doctors"":11,""support"":10}",52,54,22,33,6,6,17,4,11,180
2023-11-02,3,0,None,193,28,21,202,231,Normal,PPE,47,"{""nurses"":26,""doctors"":11,""support"":10}",43,51,20,20,4,2,16,5,9,178
2023-11-03,4,0,None,253,28,31,291,249,Air Quality Alert: masks recommended; increase respiratory stock,PPE,63,"{""nurses"":37,""doctors"":15,""support"":11}",70,96,30,31,14,7,24,5,15,233
2023-11-04,5,1,None,50,29,16,248,257,Normal,PPE,54,"{""nurses"":31,""doctors"":13,""support"":10}",57,48,36,31,7,12,16,3,14,217
2023-11-05,6,1,None,250,29,23,301,300,Air Quality Alert: masks recommended; increase respiratory stock,PPE,66,"{""nurses"":38,""doctors"":16,""support"":12}",90,81,22,28,5,17,16,5,13,273
2023-11-06,0,0,None,182,29,12,288,292,Normal,PPE,62,"{""nurses"":36,""doctors"":15,""support"":11}",52,73,32,29,6,13,12,4,13,238
2023-11-07,1,0,None,129,28,15,271,299,Normal,PPE,59,"{""nurses"":34,""doctors"":14,""support"":11}",55,70,32,26,13,11,17,6,15,241
2023-11-08,2,0,None,291,28,27,266,298,Air Quality Alert: masks recommended; increase respiratory stock,PPE,59,"{""nurses"":34,""doctors"":14,""support"":11}",49,81,30,21,7,7,15,4,15,233
2023-11-09,3,0,None,217,29,25,214,262,Air Quality Alert: masks recommended; increase respiratory stock,PPE,48,"{""nurses"":27,""doctors"":11,""support"":10}",59,68,30,21,6,5,14,4,11,203
2023-11-10,4,0,None,178,28,12,244,256,Normal,PPE,54,"{""nurses"":31,""doctors"":13,""support"":10}",44,65,19,29,7,16,13,8,11,195
2023-11-11,5,1,None,205,29,19,219,239,Air Quality Alert: masks recommended; increase respiratory stock,PPE,49,"{""nurses"":28,""doctors"":11,""support"":10}",43,53,26,25,7,5,21,4,9,190
2023-11-12,6,1,None,199,30,35,248,249,Normal,PPE,54,"{""nurses"":31,""doctors"":13,""support"":10}",57,61,27,33,13,12,12,5,11,213
2023-11-13,0,0,None,289,28,18,231,240,Air Quality Alert: masks recommended; increase respiratory stock,PPE,51,"{""nurses"":29,""doctors"":12,""support"":10}",53,66,36,31,12,10,10,7,13,189
2023-11-14,1,0,None,181,28,16,272,265,Normal,PPE,59,"{""nurses"":34,""doctors"":14,""support"":11}",58,69,31,33,10,12,25,6,9,222
2023-11-15,2,0,None,183,27,16,219,255,Normal,PPE,49,"{""nurses"":28,""doctors"":11,""support"":10}",43,78,24,21,4,1,19,5,9,191
2023-11-16,3,0,None,186,27,26,272,264,Normal,PPE,59,"{""nurses"":34,""doctors"":14,""support"":11}",51,96,34,24,7,7,19,2,15,227
2023-11-17,4,0,None,217,27,17,289,271,Air Quality Alert: masks recommended; increase respiratory stock,PPE,63,"{""nurses"":37,""doctors"":15,""support"":11}",75,74,42,32,11,14,20,6,18,260
2023-11-18,5,1,None,378,27,23,358,328,High Demand: activate surge plan; postpone elective procedures; open triage tents; public advisory: wear masks,PPE,76,"{""nurses"":45,""doctors"":18,""support"":13}",64,100,41,57,9,13,16,8,22,278
2023-11-19,6,1,None,247,27,19,248,324,Air Quality Alert: masks recommended; increase respiratory stock,PPE,54,"{""nurses"":31,""doctors"":13,""support"":10}",49,68,33,31,5,9,8,5,14,199
2023-11-20,0,0,None,213,28,17,236,291,Air Quality Alert: masks recommended; increase respiratory stock,PPE,52,"{""nurses"":30,""doctors"":12,""support"":10}",52,70,31,28,5,5,16,3,11,209
2023-11-21,1,0,None,210,29,19,267,261,Air Quality Alert: masks recommended; increase respiratory stock,PPE,59,"{""nurses"":34,""doctors"":14,""support"":11}",55,68,23,32,5,12,16,5,13,230
2023-11-22,2,0,None,366,28,17,259,273,High Demand: activate surge plan; postpone elective procedures; open triage tents; public advisory: wear masks,PPE,57,"{""nurses"":33,""doctors"":13,""support"":11}",66,59,28,38,7,11,13,4,10,205
2023-11-23,3,0,None,197,27,15,229,272,Normal,PPE,51,"{""nurses"":29,""doctors"":12,""support"":10}",53,51,23,11,5,8,12,5,11,202
2023-11-24,4,0,None,215,28,20,228,258,Air Quality Alert: masks recommended; increase respiratory stock,PPE,51,"{""nurses"":29,""doctors"":12,""support"":10}",61,67,33,30,9,5,16,3,16,185
2023-11-25,5,1,None,296,28,21,257,254,Air Quality Alert: masks recommended; increase respiratory stock,PPE,57,"{""nurses"":33,""doctors"":13,""support"":11}",69,76,27,38,6,6,21,4,13,213
2023-11-26,6,1,None,345,27,16,322,284,High Demand: activate surge plan; postpone elective procedures; open triage tents; public advisory: wear masks,PPE,70,"{""nurses"":41,""doctors"":17,""support"":12}",55,84,30,44,16,15,26,6,16,289
2023-11-27,0,0,None,372,26,20,323,319,High Demand: activate surge plan; postpone elective procedures; open triage tents; public advisory: wear masks,PPE,70,"{""nurses"":41,""doctors"":17,""support"":12}",68,87,37,36,5,11,14,12,23,282
2023-11-28,1,0,None,243,26,18,287,335,Air Quality Alert: masks recommended; increase respiratory stock,PPE,62,"{""nurses"":36,""doctors"":15,""support"":11}",63,69,44,39,5,7,20,10,12,251
2023-11-29,2,0,None,237,25,15,283,323,Air Quality Alert: masks recommended; increase respiratory stock,PPE,62,"{""nurses"":36,""doctors"":15,""support"":11}",61,61,33,34,11,8,24,7,11,226
2023-11-30,3,0,None,171,25,25,202,281,Normal,PPE,47,"{""nurses"":26,""doctors"":11,""support"":10}",37,61,18,28,6,7,12,5,10,186
2023-12-01,4,0,None,102,25,18,244,264,Normal,PPE,54,"{""nurses"":31,""doctors"":13,""support"":10}",39,63,22,22,6,8,17,2,9,216
2023-12-02,5,1,None,129,26,23,227,238,Normal,PPE,51,"{""nurses"":29,""doctors"":12,""support"":10}",54,62,26,27,8,4,20,6,12,166
2023-12-03,6,1,None,142,28,24,278,273,Normal,PPE,60,"{""nurses"":35,""doctors"":14,""support"":11}",64,70,29,22,4,14,13,5,19,259
2023-12-04,0,0,None,208,28,16,282,285,Air Quality Alert: masks recommended; increase respiratory stock,PPE,62,"{""nurses"":36,""doctors"":15,""support"":11}",56,67,34,34,10,11,20,6,12,244
2023-12-05,1,0,None,217,28,23,374,333,High Demand: activate surge plan; postpone elective procedures; open triage tents; public advisory: wear masks,PPE,79,"{""nurses"":47,""doctors"":19,""support"":13}",98,94,46,43,9,11,27,8,21,312
2023-12-06,2,0,None,363,27,13,306,340,High Demand: activate surge plan; postpone elective procedures; open triage tents; public advisory: wear masks,PPE,67,"{""nurses"":39,""doctors"":16,""support"":12}",58,76,33,41,8,15,20,6,15,261
2023-12-07,3,0,None,114,26,20,259,331,Normal,PPE,57,"{""nurses"":33,""doctors"":13,""support"":11}",64,64,33,29,10,14,15,10,15,239
2023-12-08,4,0,None,137,26,20,313,304,Normal,PPE,68,"{""nurses"":40,""doctors"":16,""support"":12}",66,75,42,24,9,15,29,9,18,255
2023-12-09,5,1,None,143,26,27,260,293,Normal,PPE,57,"{""nurses"":33,""doctors"":13,""support"":11}",49,79,26,25,8,9,24,5,16,206
2023-12-10,6,1,None,189,27,22,195,279,Normal,PPE,44,"{""nurses"":25,""doctors"":10,""support"":9}",52,57,23,39,8,8,9,1,8,173
2023-12-11,0,0,None,60,27,25,336,273,Normal,PPE,71,"{""nurses"":42,""doctors"":17,""support"":12}",66,101,43,35,11,13,22,5,19,260
2023-12-12,1,0,None,176,25,16,281,292,Normal,PPE,62,"{""nurses"":36,""doctors"":15,""support"":11}",78,83,35,37,7,10,22,5,14,220
2023-12-13,2,0,None,140,25,21,264,315,Normal,PPE,58,"{""nurses"":33,""doctors"":14,""support"":11}",57,69,35,31,10,9,19,4,11,233
2023-12-14,3,0,None,150,26,24,246,282,Normal,PPE,54,"{""nurses"":31,""doctors"":13,""support"":10}",58,60,34,27,10,10,13,7,9,196
2023-12-15,4,0,None,142,26,24,329,304,Normal,PPE,71,"{""nurses"":42,""doctors"":17,""support"":12}",76,84,34,25,8,13,24,9,16,255
2023-12-16,5,1,None,227,25,31,285,297,Air Quality Alert: masks recommended; increase respiratory stock,PPE,62,"{""nurses"":36,""doctors"":15,""support"":11}",71,80,37,33,6,13,12,8,15,237
2023-12-17,6,1,None,186,26,26,304,331,Normal,PPE,66,"{""nurses"":38,""doctors"":16,""support"":12}",68,61,38,39,3,15,18,7,17,261
2023-12-18,0,0,None,166,27,31,256,294,Normal,PPE,56,"{""nurses"":32,""doctors"":13,""support"":11}",51,72,29,18,7,12,16,3,5,241
2023-12-19,1,0,None,171,27,21,313,301,Normal,PPE,68,"{""nurses"":40,""doctors"":16,""support"":12}",64,71,31,28,10,14,20,9,17,295
2023-12-20,2,0,None,240,26,23,327,323,Air Quality Alert: masks recommended; increase respiratory stock,PPE,70,"{""nurses"":41,""doctors"":17,""support"":12}",75,74,38,34,12,14,21,6,22,275
2023-12-21,3,0,None,241,26,18,310,332,Air Quality Alert: masks recommended; increase respiratory stock,PPE,67,"{""nurses"":39,""doctors"":16,""support"":12}",49,77,38,41,10,12,14,5,12,291
2023-12-22,4,0,None,65,26,18,282,322,Normal,PPE,62,"{""nurses"":36,""doctors"":15,""support"":11}",48,68,38,35,9,11,19,3,16,204
2023-12-23,5,1,None,224,26,13,298,322,Air Quality Alert: masks recommended; increase respiratory stock,PPE,64,"{""nurses"":38,""doctors"":15,""support"":11}",49,75,39,44,12,17,22,4,11,227
2023-12-24,6,1,None,202,26,21,287,307,Air Quality Alert: masks recommended; increase respiratory stock,PPE,62,"{""nurses"":36,""doctors"":15,""support"":11}",67,76,33,31,6,12,14,9,7,218
2023-12-25,0,0,Christmas,166,25,22,290,311,Normal,PPE,63,"{""nurses"":37,""doctors"":15,""support"":11}",78,76,37,38,7,10,17,6,12,259
2023-12-26,1,0,None,212,26,24,276,301,Air Quality Alert: masks recommended; increase respiratory stock,PPE,60,"{""nurses"":35,""doctors"":14,""support"":11}",54,70,41,43,3,10,21,5,14,244
2023-12-27,2,0,None,113,26,19,328,309,Normal,PPE,70,"{""nurses"":41,""doctors"":17,""support"":12}",73,74,41,30,7,11,17,6,16,288
2023-12-28,3,0,None,259,26,17,292,309,Air Quality Alert: masks recommended; increase respiratory stock,PPE,63,"{""nurses"":37,""doctors"":15,""support"":11}",54,66,41,35,9,11,19,6,13,233
2023-12-29,4,0,None,142,26,19,280,311,Normal,PPE,60,"{""nurses"":35,""doctors"":14,""support"":11}",50,76,28,31,7,15,13,7,15,257
2023-12-30,5,1,None,204,25,22,268,295,Air Quality Alert: masks recommended; increase respiratory stock,PPE,59,"{""nurses"":34,""doctors"":14,""support"":11}",59,65,31,38,11,9,19,5,7,234
2023-12-31,6,1,None,60,25,23,293,293,Normal,PPE,63,"{""nurses"":37,""doctors"":15,""support"":11}",54,75,40,32,8,7,14,6,20,267
2024-01-01,0,0,None,243,25,18,246,287,Air Quality Alert: masks recommended; increase respiratory stock,PPE,54,"{""nurses"":31,""doctors"":13,""support"":10}",48,66,40,29,4,9,15,11,8,194
2024-01-02,1,0,None,218,25,25,255,277,Air Quality Alert: masks recommended; increase respiratory stock,PPE,56,"{""nurses"":32,""doctors"":13,""support"":11}",58,84,36,50,11,10,15,5,8,203
2024-01-03,2,0,None,231,24,19,227,261,Air Quality Alert: masks recommended; increase respiratory stock,PPE,51,"{""nurses"":29,""doctors"":12,""support"":10}",48,62,34,24,6,4,18,1,13,182
2024-01-04,3,0,None,171,24,21,247,257,Normal,PPE,54,"{""nurses"":31,""doctors"":13,""support"":10}",57,69,32,31,5,6,17,3,19,230
2024-01-05,4,0,None,286,23,20,200,246,Air Quality Alert: masks recommended; increase respiratory stock,PPE,44,"{""nurses"":25,""doctors"":10,""support"":9}",51,59,29,28,11,7,10,6,9,196
2024-01-06,5,1,None,198,25,21,184,218,Normal,PPE,42,"{""nurses"":23,""doctors"":10,""support"":9}",51,52,19,28,6,10,7,1,15,158
2024-01-07,6,1,None,151,25,18,240,229,Normal,PPE,52,"{""nurses"":30,""doctors"":12,""support"":10}",49,62,30,28,8,1,15,1,16,174
2024-01-08,0,0,None,214,27,18,190,219,Air Quality Alert: masks recommended; increase respiratory stock,PPE,43,"{""nurses"":24,""doctors"":10,""support"":9}",59,56,26,22,8,7,6,6,8,162
2024-01-09,1,0,None,173,26,18,237,230,Normal,PPE,52,"{""nurses"":30,""doctors"":12,""support"":10}",48,85,34,26,10,9,15,13,11,199
2024-01-10,2,0,None,139,26,16,200,227,Normal,PPE,44,"{""nurses"":25,""doctors"":10,""support"":9}",51,47,28,32,4,10,17,1,14,189
2024-01-11,3,0,None,73,27,25,150,207,Normal,PPE,35,"{""nurses"":19,""doctors"":8,""support"":8}",49,48,21,10,7,10,13,4,5,105
2024-01-12,4,0,None,264,28,25,203,193,Air Quality Alert: masks recommended; increase respiratory stock,PPE,47,"{""nurses"":26,""doctors"":11,""support"":10}",49,57,29,34,6,8,7,5,7,176
2024-01-13,5,1,None,60,27,31,221,209,Normal,PPE,50,"{""nurses"":28,""doctors"":12,""support"":10}",69,67,25,20,4,6,11,6,13,204
2024-01-14,6,1,None,193,26,22,238,241,Normal,PPE,52,"{""nurses"":30,""doctors"":12,""support"":10}",46,66,21,30,7,9,17,5,8,191
2024-01-15,0,0,None,60,25,15,166,214,Normal,PPE,39,"{""nurses"":21,""doctors"":9,""support"":9}",40,48,17,15,2,6,11,1,3,156
2024-01-16,1,0,None,184,23,23,214,212,Normal,PPE,48,"{""nurses"":27,""doctors"":11,""support"":10}",48,60,28,29,5,5,15,5,9,210
2024-01-17,2,0,None,112,22,22,183,201,Normal,PPE,42,"{""nurses"":23,""doctors"":10,""support"":9}",41,66,24,18,6,7,7,4,9,196
2024-01-18,3,0,None,230,22,19,209,212,Air Quality Alert: masks recommended; increase respiratory stock,PPE,48,"{""nurses"":27,""doctors"":11,""support"":10}",42,50,31,27,6,5,15,5,10,188
2024-01-19,4,0,None,209,22,18,225,211,Air Quality Alert: masks recommended; increase respiratory stock,PPE,51,"{""nurses"":29,""doctors"":12,""support"":10}",43,62,28,31,7,10,13,5,15,176
2024-01-20,5,1,None,159,23,21,231,234,Normal,PPE,51,"{""nurses"":29,""doctors"":12,""support"":10}",56,78,20,29,11,11,18,4,5,220
2024-01-21,6,1,None,141,24,20,183,227,Normal,PPE,42,"{""nurses"":23,""doctors"":10,""support"":9}",54,61,22,8,5,8,10,3,9,148
2024-01-22,0,0,None,202,23,21,215,226,Air Quality Alert: masks recommended; increase respiratory stock,PPE,48,"{""nurses"":27,""doctors"":11,""support"":10}",33,50,31,26,6,10,10,6,11,178
2024-01-23,1,0,None,302,24,31,237,218,High Demand: activate surge plan; postpone elective procedures; open triage tents; public advisory: wear masks,PPE,52,"{""nurses"":30,""doctors"":12,""support"":10}",66,92,25,28,8,6,7,5,10,211
2024-01-24,2,0,None,195,24,22,198,232,Normal,PPE,44,"{""nurses"":25,""doctors"":10,""support"":9}",56,62,24,18,6,6,14,3,11,174
2024-01-25,3,0,None,194,24,22,281,259,High Demand: activate surge plan; postpone elective procedures; open triage tents; public advisory: wear masks,PPE,62,"{""nurses"":36,""doctors"":15,""support"":11}",52,78,36,23,14,9,15,5,13,256
2024-01-26,4,0,RepublicDay,234,24,20,207,248,Air Quality Alert: masks recommended; increase respiratory stock,PPE,47,"{""nurses"":26,""doctors"":11,""support"":10}",45,63,18,22,2,4,12,7,11,175
2024-01-27,5,1,None,60,25,30,202,240,Normal,PPE,47,"{""nurses"":26,""doctors"":11,""support"":10}",58,62,31,15,9,4,15,6,8,188
2024-01-28,6,1,None,176,25,22,264,244,High Demand: activate surge plan; postpone elective procedures; open triage tents; public advisory: wear masks,PPE,58,"{""nurses"":33,""doctors"":14,""support"":11}",68,68,34,22,4,11,10,7,15,244
2024-01-29,0,0,None,364,25,9,224,239,High Demand: activate surge plan; postpone elective procedures; open triage tents; public advisory: wear masks,PPE,50,"{""nurses"":28,""doctors"":12,""support"":10}",46,54,34,46,7,7,8,4,13,185
2024-01-30,1,0,None,173,25,23,261,262,Normal,PPE,58,"{""nurses"":33,""doctors"":14,""support"":11}",67,63,30,32,9,7,21,4,20,245
2024-01-31,2,0,None,252,24,30,207,244,Air Quality Alert: masks recommended; increase respiratory stock,PPE,47,"{""nurses"":26,""doctors"":11,""support"":10}",48,64,18,31,11,3,15,5,8,170
2024-02-01,3,0,None,384,23,21,266,259,High Demand: activate surge plan; postpone elective procedures; open triage tents; public advisory: wear masks,PPE,59,"{""nurses"":34,""doctors"":14,""support"":11}",62,66,19,35,10,3,20,4,25,209
2024-02-02,4,0,None,128,24,29,223,251,Normal,PPE,50,"{""nurses"":28,""doctors"":12,""support"":10}",40,69,27,21,7,15,12,4,6,182
2024-02-03,5,1,None,89,26,19,204,239,Normal,PPE,47,"{""nurses"":26,""doctors"":11,""support"":10}",52,81,19,20,6,6,9,1,9,167
2024-02-04,6,1,None,98,26,17,178,213,Normal,PPE,41,"{""nurses"":23,""doctors"":9,""support"":9}",38,48,16,24,8,7,10,5,12,147
2024-02-05,0,0,None,207,26,12,165,200,Air Quality Alert: masks recommended; increase respiratory stock,PPE,39,"{""nurses"":21,""doctors"":9,""support"":9}",38,58,20,21,5,7,7,1,13,128
2024-02-06,1,0,None,253,26,15,218,205,Air Quality Alert: masks recommended; increase respiratory stock,PPE,49,"{""nurses"":28,""doctors"":11,""support"":10}",57,61,29,31,8,9,16,7,9,184
2024-02-07,2,0,None,214,26,28,214,204,Air Quality Alert: masks recommended; increase respiratory stock,PPE,48,"{""nurses"":27,""doctors"":11,""support"":10}",45,68,22,28,11,6,20,6,14,184
2024-02-08,3,0,None,60,26,17,188,218,Normal,PPE,43,"{""nurses"":24,""doctors"":10,""support"":9}",39,51,24,20,5,8,8,1,13,156
2024-02-09,4,0,None,60,25,17,199,213,Normal,PPE,44,"{""nurses"":25,""doctors"":10,""support"":9}",38,51,20,17,6,8,10,6,15,178
2024-02-10,5,1,None,213,25,20,187,197,Air Quality Alert: masks recommended; increase respiratory stock,PPE,43,"{""nurses"":24,""doctors"":10,""support"":9}",45,59,27,24,7,5,10,5,9,163
2024-02-11,6,1,None,512,24,18,272,234,High Demand: activate surge plan; postpone elective procedures; open triage tents; public advisory: wear masks,PPE,59,"{""nurses"":34,""doctors"":14,""support"":11}",47,70,39,38,7,13,19,4,13,214
2024-02-12,0,0,None,172,24,18,223,234,Normal,PPE,50,"{""nurses"":28,""doctors"":12,""support"":10}",50,74,33,25,10,13,15,4,14,182
2024-02-13,1,0,None,60,25,18,159,239,Normal,PPE,37,"{""nurses"":20,""doctors"":8,""support"":9}",37,55,19,17,8,6,10,4,3,132
2024-02-14,2,0,None,93,26,21,175,202,Normal,PPE,40,"{""nurses"":22,""doctors"":9,""support"":9}",35,49,23,11,7,8,8,7,9,156
2024-02-15,3,0,None,137,26,14,158,173,Normal,PPE,37,"{""nurses"":20,""doctors"":8,""support"":9}",37,42,16,13,1,5,11,5,8,133
2024-02-16,4,0,None,99,26,22,160,168,Normal,PPE,37,"{""nurses"":20,""doctors"":8,""support"":9}",33,52,18,11,5,3,11,1,11,139
2024-02-17,5,1,None,173,26,25,238,192,Normal,PPE,52,"{""nurses"":30,""doctors"":12,""support"":10}",48,72,32,32,5,6,10,3,5,198
2024-02-18,6,1,None,87,27,19,232,226,Normal,PPE,51,"{""nurses"":29,""doctors"":12,""support"":10}",45,76,28,25,7,11,20,6,11,194
2024-02-19,0,0,None,77,26,22,189,231,Normal,PPE,43,"{""nurses"":24,""doctors"":10,""support"":9}",45,45,20,15,4,4,17,2,6,168
2024-02-20,1,0,None,248,26,19,226,224,Air Quality Alert: masks recommended; increase respiratory stock,PPE,51,"{""nurses"":29,""doctors"":12,""support"":10}",53,60,20,34,6,9,14,3,15,194
2024-02-21,2,0,None,125,24,22,242,232,Normal,PPE,54,"{""nurses"":31,""doctors"":13,""support"":10}",33,45,30,17,11,13,21,3,7,222
2024-02-22,3,0,None,242,24,26,299,268,High Demand: activate surge plan; postpone elective procedures; open triage tents; public advisory: wear masks,PPE,64,"{""nurses"":38,""doctors"":15,""support"":11}",52,85,35,41,10,14,17,3,14,253
2024-02-23,4,0,None,543,24,19,294,289,High Demand: activate surge plan; postpone elective procedures; open triage tents; public advisory: wear masks,PPE,63,"{""nurses"":37,""doctors"":15,""support"":11}",66,63,39,45,10,12,17,4,6,274
2024-02-24,5,1,None,229,25,28,166,264,Air Quality Alert: masks recommended; increase respiratory stock,PPE,39,"{""nurses"":21,""doctors"":9,""support"":9}",41,63,21,14,5,5,20,2,4,145
2024-02-25,6,1,None,192,26,27,192,232,Normal,PPE,43,"{""nurses"":24,""doctors"":10,""support"":9}",44,60,21,24,3,8,18,1,15,149
2024-02-26,0,0,None,113,26,24,168,183,Normal,PPE,39,"{""nurses"":21,""doctors"":9,""support"":9}",38,48,28,21,5,3,11,3,6,131
2024-02-27,1,0,None,243,28,18,245,216,Air Quality Alert: masks recommended; increase respiratory stock,PPE,54,"{""nurses"":31,""doctors"":13,""support"":10}",73,63,28,26,6,14,14,1,13,174
2024-02-28,2,0,None,296,28,22,296,253,High Demand: activate surge plan; postpone elective procedures; open triage tents; public advisory: wear masks,PPE,63,"{""nurses"":37,""doctors"":15,""support"":11}",56,81,26,34,18,14,18,5,17,226
2024-02-29,3,0,None,64,28,24,223,270,Normal,PPE,50,"{""nurses"":28,""doctors"":12,""support"":10}",37,70,24,12,10,10,8,2,11,202
2024-03-01,4,0,None,77,28,22,223,259,Normal,PPE,50,"{""nurses"":28,""doctors"":12,""support"":10}",56,59,24,28,7,7,14,4,5,167
2024-03-02,5,1,None,144,26,28,274,257,Normal,PPE,60,"{""nurses"":35,""doctors"":14,""support"":11}",63,81,43,35,7,13,19,4,23,226
2024-03-03,6,1,None,87,25,22,218,256,Normal,PPE,49,"{""nurses"":28,""doctors"":11,""support"":10}",43,81,32,26,8,6,12,1,9,178
2024-03-04,0,0,None,109,23,17,204,254,Normal,PPE,47,"{""nurses"":26,""doctors"":11,""support"":10}",47,58,28,21,3,6,13,6,12,167
2024-03-05,1,0,None,76,24,21,245,238,Normal,PPE,54,"{""nurses"":31,""doctors"":13,""support"":10}",68,74,31,25,8,19,17,6,10,231
2024-03-06,2,0,None,180,24,32,203,236,Normal,PPE,47,"{""nurses"":26,""doctors"":11,""support"":10}",37,62,19,25,8,6,14,2,15,167
2024-03-07,3,0,None,139,26,21,199,234,Normal,PPE,44,"{""nurses"":25,""doctors"":10,""support"":9}",39,54,23,20,7,4,8,6,6,143
2024-03-08,4,0,None,46,28,28,293,252,High Demand: activate surge plan; postpone elective procedures; open triage tents; public advisory: wear masks,PPE,63,"{""nurses"":37,""doctors"":15,""support"":11}",66,91,34,32,9,5,18,4,14,255
2024-03-09,5,1,None,152,28,19,199,251,Normal,PPE,44,"{""nurses"":25,""doctors"":10,""support"":9}",54,56,29,22,5,15,17,3,11,180
2024-03-10,6,1,None,160,27,26,242,252,Normal,PPE,54,"{""nurses"":31,""doctors"":13,""support"":10}",62,67,21,32,6,12,12,6,13,211
2024-03-11,0,0,None,148,28,17,201,235,Normal,PPE,47,"{""nurses"":26,""doctors"":11,""support"":10}",41,64,25,24,7,14,11,3,10,180
2024-03-12,1,0,Holi,85,28,29,207,229,Normal,PPE,47,"{""nurses"":26,""doctors"":11,""support"":10}",43,74,22,25,6,11,16,5,10,181
2024-03-13,2,0,None,141,26,13,191,220,Normal,PPE,43,"{""nurses"":24,""doctors"":10,""support"":9}",42,58,29,22,2,9,11,5,5,155
2024-03-14,3,0,None,174,26,14,242,221,Normal,PPE,54,"{""nurses"":31,""doctors"":13,""support"":10}",53,64,32,21,7,9,9,3,10,197
2024-03-15,4,0,None,84,24,16,275,252,Normal,PPE,60,"{""nurses"":35,""doctors"":14,""support"":11}",55,74,23,29,12,14,19,4,13,227
2024-03-16,5,1,None,188,25,33,217,267,Normal,PPE,49,"{""nurses"":28,""doctors"":11,""support"":10}",59,76,17,25,7,6,15,6,12,193
2024-03-17,6,1,None,86,25,23,187,240,Normal,PPE,43,"{""nurses"":24,""doctors"":10,""support"":9}",52,54,23,9,2,11,15,2,5,163
2024-03-18,0,0,None,51,26,16,197,219,Normal,PPE,44,"{""nurses"":25,""doctors"":10,""support"":9}",38,38,27,17,7,7,13,3,6,172
2024-03-19,1,0,None,98,27,19,224,219,Normal,PPE,50,"{""nurses"":28,""doctors"":12,""support"":10}",53,66,28,13,4,7,18,5,15,186
2024-03-20,2,0,None,193,29,18,287,245,High Demand: activate surge plan; postpone elective procedures; open triage tents; public advisory: wear masks,PPE,62,"{""nurses"":36,""doctors"":15,""support"":11}",80,83,32,35,11,7,21,3,18,220
2024-03-21,3,0,None,213,30,22,217,250,Air Quality Alert: masks recommended; increase respiratory stock,PPE,49,"{""nurses"":28,""doctors"":11,""support"":10}",49,57,26,18,7,9,11,1,15,155
2024-03-22,4,0,None,146,27,14,239,260,Normal,PPE,52,"{""nurses"":30,""doctors"":12,""support"":10}",77,45,24,32,11,10,12,2,9,199
2024-03-23,5,1,None,185,27,22,299,261,High Demand: activate surge plan; postpone elective procedures; open triage tents; public advisory: wear masks,PPE,64,"{""nurses"":38,""doctors"":15,""support"":11}",47,90,38,31,9,7,15,7,8,255
2024-03-24,6,1,None,70,27,21,233,275,Normal,PPE,52,"{""nurses"":30,""doctors"":12,""support"":10}",43,72,26,24,4,10,10,4,11,189
2024-03-25,0,0,None,111,28,13,264,277,Normal,PPE,58,"{""nurses"":33,""doctors"":14,""support"":11}",66,82,37,23,7,10,19,5,12,223
2024-03-26,1,0,None,186,28,13,283,283,High Demand: activate surge plan; postpone elective procedures; open triage tents; public advisory: wear masks,PPE,62,"{""nurses"":36,""doctors"":15,""support"":11}",56,63,36,35,13,14,19,3,13,248
2024-03-27,2,0,None,139,28,21,232,268,Normal,PPE,51,"{""nurses"":29,""doctors"":12,""support"":10}",54,80,29,23,12,13,11,6,9,208
2024-03-28,3,0,None,185,28,23,231,272,Normal,PPE,51,"{""nurses"":29,""doctors"":12,""support"":10}",57,73,38,20,5,3,12,2,12,179
2024-03-29,4,0,None,175,29,21,191,232,Normal,PPE,43,"{""nurses"":24,""doctors"":10,""support"":9}",42,60,20,23,9,6,9,3,10,151
2024-03-30,5,1,None,199,28,21,253,237,Normal,PPE,56,"{""nurses"":32,""doctors"":13,""support"":11}",37,76,19,29,10,15,17,6,14,226
2024-03-31,6,1,None,155,29,20,297,262,High Demand: activate surge plan; postpone elective procedures; open triage tents; public advisory: wear masks,PPE,64,"{""nurses"":38,""doctors"":15,""support"":11}",61,97,42,42,7,11,18,1,8,273
2024-04-01,0,0,None,78,28,22,226,277,Normal,PPE,51,"{""nurses"":29,""doctors"":12,""support"":10}",50,79,20,19,10,13,17,2,11,198
2024-04-02,1,0,None,115,27,19,298,286,Normal,PPE,64,"{""nurses"":38,""doctors"":15,""support"":11}",71,74,37,29,11,9,19,7,9,238
2024-04-03,2,0,None,104,27,18,236,269,Normal,PPE,52,"{""nurses"":30,""doctors"":12,""support"":10}",65,63,25,23,5,11,16,9,16,187
2024-04-04,3,0,None,133,28,15,171,243,Normal,PPE,40,"{""nurses"":22,""doctors"":9,""support"":9}",28,43,10,22,1,8,6,4,8,164
2024-04-05,4,0,None,72,29,14,226,225,Normal,PPE,51,"{""nurses"":29,""doctors"":12,""support"":10}",40,68,30,17,10,6,13,5,9,194
2024-04-06,5,1,None,40,31,24,261,237,Normal,PPE,58,"{""nurses"":33,""doctors"":14,""support"":11}",49,71,31,23,6,11,11,5,14,234
2024-04-07,6,1,None,103,30,16,248,257,Normal,PPE,54,"{""nurses"":31,""doctors"":13,""support"":10}",38,62,28,26,9,13,12,2,10,206
2024-04-08,0,0,None,202,28,19,310,294,High Demand: activate surge plan; postpone elective procedures; open triage tents; public advisory: wear masks,PPE,67,"{""nurses"":39,""doctors"":16,""support"":12}",60,65,46,39,5,9,18,7,12,242
2024-04-09,1,0,None,116,28,15,178,258,Normal,PPE,41,"{""nurses"":23,""doctors"":9,""support"":9}",39,49,15,24,2,7,9,1,12,151
2024-04-10,2,0,None,238,28,26,250,256,Air Quality Alert: masks recommended; increase respiratory stock,PPE,55,"{""nurses"":32,""doctors"":13,""support"":10}",61,73,25,24,8,7,17,5,16,231
2024-04-11,3,0,None,185,28,20,239,232,Normal,PPE,52,"{""nurses"":30,""doctors"":12,""support"":10}",61,79,23,21,10,9,14,3,6,185
2024-04-12,4,0,None,173,28,19,214,247,Normal,PPE,48,"{""nurses"":27,""doctors"":11,""support"":10}",55,58,25,28,4,5,13,6,9,196
2024-04-13,5,1,None,126,27,21,233,242,Normal,PPE,52,"{""nurses"":30,""doctors"":12,""support"":10}",51,71,24,23,9,10,25,5,10,208
2024-04-14,6,1,Eid,155,27,33,283,251,Normal,PPE,62,"{""nurses"":36,""doctors"":15,""support"":11}",68,93,46,40,11,11,14,5,19,256
2024-04-15,0,0,Eid,157,31,37,284,281,Normal,PPE,62,"{""nurses"":36,""doctors"":15,""support"":11}",73,101,32,29,6,19,10,7,12,280
2024-04-16,1,0,Eid,198,34,38,277,291,Normal,PPE,60,"{""nurses"":35,""doctors"":14,""support"":11}",70,104,20,33,8,16,14,8,6,269
2024-04-17,2,0,None,172,31,18,296,299,Normal,PPE,63,"{""nurses"":37,""doctors"":15,""support"":11}",61,83,34,29,7,15,13,6,18,278
2024-04-18,3,0,None,99,31,21,218,277,Normal,PPE,49,"{""nurses"":28,""doctors"":11,""support"":10}",48,58,31,33,6,8,12,0,11,200
2024-04-19,4,0,None,142,31,25,311,296,High Demand: activate surge plan; postpone elective procedures; open triage tents; public advisory: wear masks,PPE,67,"{""nurses"":39,""doctors"":16,""support"":12}",54,97,36,36,10,14,23,6,16,277
2024-04-20,5,1,None,153,31,21,330,297,High Demand: activate surge plan; postpone elective procedures; open triage tents; public advisory: wear masks,PPE,71,"{""nurses"":42,""doctors"":17,""support"":12}",71,84,23,35,11,7,24,7,25,264
2024-04-21,6,1,None,243,30,18,323,347,High Demand: activate surge plan; postpone elective procedures; open triage tents; public advisory: wear masks,PPE,70,"{""nurses"":41,""doctors"":17,""support"":12}",69,76,37,48,14,19,16,6,19,271
2024-04-22,0,0,None,65,30,11,196,307,Normal,PPE,44,"{""nurses"":25,""doctors"":10,""support"":9}",35,37,27,24,1,7,10,6,9,153
2024-04-23,1,0,None,137,29,16,269,283,Normal,PPE,59,"{""nurses"":34,""doctors"":14,""support"":11}",64,78,37,31,12,6,18,5,16,231
2024-04-24,2,0,None,124,29,15,242,252,Normal,PPE,54,"{""nurses"":31,""doctors"":13,""support"":10}",61,60,28,33,4,15,17,4,13,217
2024-04-25,3,0,None,106,30,10,230,263,Normal,PPE,51,"{""nurses"":29,""doctors"":12,""support"":10}",44,65,27,22,8,11,15,3,7,193
2024-04-26,4,0,None,30,30,18,283,273,Normal,PPE,62,"{""nurses"":36,""doctors"":15,""support"":11}",40,64,35,25,8,10,13,7,15,212
2024-04-27,5,1,None,130,31,13,207,256,Normal,PPE,47,"{""nurses"":26,""doctors"":11,""support"":10}",43,54,20,32,6,7,16,3,10,175
2024-04-28,6,1,None,214,33,28,334,289,High Demand: activate surge plan; postpone elective procedures; open triage tents; public advisory: wear masks,PPE,71,"{""nurses"":42,""doctors"":17,""support"":12}",68,85,34,33,9,12,20,2,13,240
2024-04-29,0,0,None,138,33,22,269,285,Normal,PPE,59,"{""nurses"":34,""doctors"":14,""support"":11}",68,95,22,22,7,15,18,7,18,256
2024-04-30,1,0,None,107,32,15,225,298,Normal,PPE,51,"{""nurses"":29,""doctors"":12,""support"":10}",47,51,23,31,12,8,17,2,7,181
2024-05-01,2,0,None,132,30,16,182,246,Normal,PPE,42,"{""nurses"":23,""doctors"":10,""support"":9}",48,46,19,17,3,5,14,4,8,141
2024-05-02,3,0,None,178,29,12,148,199,Normal,PPE,35,"{""nurses"":19,""doctors"":8,""support"":8}",22,33,13,16,10,6,10,2,4,114
2024-05-03,4,0,None,187,28,19,254,214,Normal,PPE,56,"{""nurses"":32,""doctors"":13,""support"":11}",54,70,35,28,6,15,11,4,16,216
2024-05-04,5,1,None,111,29,20,230,224,Normal,PPE,51,"{""nurses"":29,""doctors"":12,""support"":10}",58,65,17,25,6,8,10,4,12,179
2024-05-05,6,1,None,206,30,19,255,264,Air Quality Alert: masks recommended; increase respiratory stock,PPE,56,"{""nurses"":32,""doctors"":13,""support"":11}",59,76,27,31,7,6,19,5,13,221
2024-05-06,0,0,None,113,29,15,237,262,Normal,PPE,52,"{""nurses"":30,""doctors"":12,""support"":10}",44,63,37,19,2,10,19,5,11,204
2024-05-07,1,0,None,155,30,20,224,258,Normal,PPE,50,"{""nurses"":28,""doctors"":12,""support"":10}",63,58,35,29,7,10,14,4,12,196
2024-05-08,2,0,None,120,30,18,163,223,Normal,PPE,39,"{""nurses"":21,""doctors"":9,""support"":9}",48,53,20,24,2,3,12,0,9,151
2024-05-09,3,0,None,132,30,16,168,205,Normal,PPE,39,"{""nurses"":21,""doctors"":9,""support"":9}",39,47,13,14,6,6,16,5,11,148
2024-05-10,4,0,None,146,30,15,205,183,Normal,PPE,47,"{""nurses"":26,""doctors"":11,""support"":10}",45,41,33,21,9,4,14,3,10,172
2024-05-11,5,1,None,191,30,21,178,201,Normal,PPE,41,"{""nurses"":23,""doctors"":9,""support"":9}",35,70,22,18,5,6,11,4,11,163
2024-05-12,6,1,None,151,30,28,239,220,Normal,PPE,52,"{""nurses"":30,""doctors"":12,""support"":10}",55,73,18,23,12,8,15,2,6,224
2024-05-13,0,0,None,90,31,19,253,233,Normal,PPE,56,"{""nurses"":32,""doctors"":13,""support"":11}",60,63,38,25,8,9,19,5,14,217
2024-05-14,1,0,None,155,31,22,154,237,Normal,PPE,37,"{""nurses"":20,""doctors"":8,""support"":9}",49,46,22,13,6,5,13,8,7,125
2024-05-15,2,0,None,100,31,22,164,204,Normal,PPE,39,"{""nurses"":21,""doctors"":9,""support"":9}",32,54,25,26,1,13,7,4,10,150
2024-05-16,3,0,None,38,32,21,206,194,Normal,PPE,47,"{""nurses"":26,""doctors"":11,""support"":10}",46,72,24,27,9,12,20,1,8,174
2024-05-17,4,0,None,124,32,21,173,193,Normal,PPE,40,"{""nurses"":22,""doctors"":9,""support"":9}",26,54,18,19,3,5,9,1,5,138
2024-05-18,5,1,None,163,31,26,245,226,Normal,PPE,54,"{""nurses"":31,""doctors"":13,""support"":10}",46,70,33,34,8,4,22,5,12,242
2024-05-19,6,1,None,173,31,23,194,224,Normal,PPE,44,"{""nurses"":25,""doctors"":10,""support"":9}",52,56,22,15,7,15,13,2,10,213
2024-05-20,0,0,None,164,32,20,290,256,High Demand: activate surge plan; postpone elective procedures; open triage tents; public advisory: wear masks,PPE,63,"{""nurses"":37,""doctors"":15,""support"":11}",76,72,32,33,8,9,17,5,16,216
2024-05-21,1,0,None,103,32,21,158,230,Normal,PPE,37,"{""nurses"":20,""doctors"":8,""support"":9}",40,51,26,13,3,6,11,1,9,144
2024-05-22,2,0,None,37,32,23,203,231,Normal,PPE,47,"{""nurses"":26,""doctors"":11,""support"":10}",60,69,29,25,6,6,8,3,8,185
2024-05-23,3,0,None,162,31,15,180,195,Normal,PPE,41,"{""nurses"":23,""doctors"":9,""support"":9}",36,49,20,21,3,6,9,2,9,163
2024-05-24,4,0,None,141,31,21,221,222,Normal,PPE,50,"{""nurses"":28,""doctors"":12,""support"":10}",47,62,34,20,6,14,15,4,7,175
2024-05-25,5,1,None,177,31,17,272,234,High Demand: activate surge plan; postpone elective procedures; open triage tents; public advisory: wear masks,PPE,59,"{""nurses"":34,""doctors"":14,""support"":11}",51,83,25,26,11,6,20,6,13,245
2024-05-26,6,1,None,141,31,29,242,254,Normal,PPE,54,"{""nurses"":31,""doctors"":13,""support"":10}",59,86,18,27,4,6,16,4,12,169
2024-05-27,0,0,None,115,31,21,224,267,Normal,PPE,50,"{""nurses"":28,""doctors"":12,""support"":10}",50,56,21,29,3,9,17,3,12,193
2024-05-28,1,0,None,88,31,16,186,225,Normal,PPE,43,"{""nurses"":24,""doctors"":10,""support"":9}",50,48,31,20,2,11,10,6,16,149
2024-05-29,2,0,None,236,32,19,308,251,High Demand: activate surge plan; postpone elective procedures; open triage tents; public advisory: wear masks,PPE,67,"{""nurses"":39,""doctors"":16,""support"":12}",69,89,24,35,8,14,16,4,23,256
2024-05-30,3,0,None,133,32,16,201,248,Normal,PPE,47,"{""nurses"":26,""doctors"":11,""support"":10}",45,57,26,24,9,10,18,3,14,159
2024-05-31,4,0,None,191,31,22,245,267,Normal,PPE,54,"{""nurses"":31,""doctors"":13,""support"":10}",45,74,20,22,7,15,18,3,10,223
2024-06-01,5,1,None,159,31,24,195,231,Normal,PPE,44,"{""nurses"":25,""doctors"":10,""support"":9}",49,52,18,20,6,11,17,5,9,153
2024-06-02,6,1,None,60,31,28,228,231,Normal,PPE,51,"{""nurses"":29,""doctors"":12,""support"":10}",45,65,28,16,8,9,19,4,6,204
2024-06-03,0,0,None,100,32,16,214,233,Normal,PPE,48,"{""nurses"":27,""doctors"":11,""support"":10}",48,55,28,20,5,6,19,13,10,185
2024-06-04,1,0,None,151,30,16,155,211,Normal,PPE,37,"{""nurses"":20,""doctors"":8,""support"":9}",30,44,20,20,3,3,8,2,8,134
2024-06-05,2,0,None,66,30,19,152,181,Normal,PPE,36,"{""nurses"":19,""doctors"":8,""support"":9}",51,50,10,17,6,6,5,6,3,134
2024-06-06,3,0,None,91,30,29,222,186,Normal,PPE,50,"{""nurses"":28,""doctors"":12,""support"":10}",57,67,29,32,6,11,21,4,9,174
2024-06-07,4,0,Eid,110,30,28,254,224,High Demand: activate surge plan; postpone elective procedures; open triage tents; public advisory: wear masks,PPE,56,"{""nurses"":32,""doctors"":13,""support"":11}",50,83,40,24,11,8,17,7,16,239
2024-06-08,5,1,Eid,65,30,30,173,228,Normal,PPE,40,"{""nurses"":22,""doctors"":9,""support"":9}",41,74,21,24,3,7,11,3,11,158
2024-06-09,6,1,None,89,29,15,148,199,Normal,PPE,35,"{""nurses"":19,""doctors"":8,""support"":8}",35,33,13,15,4,8,12,1,5,145
2024-06-10,0,0,None,119,27,26,207,193,Normal,PPE,47,"{""nurses"":26,""doctors"":11,""support"":10}",50,66,34,18,6,6,12,4,9,199
2024-06-11,1,0,None,73,28,22,152,177,Normal,PPE,36,"{""nurses"":19,""doctors"":8,""support"":9}",43,45,16,17,6,8,12,1,4,119
2024-06-12,2,0,None,156,28,20,214,207,Normal,PPE,48,"{""nurses"":27,""doctors"":11,""support"":10}",33,55,17,20,3,12,8,2,9,149
2024-06-13,3,0,None,119,28,26,206,198,Normal,PPE,47,"{""nurses"":26,""doctors"":11,""support"":10}",35,72,38,28,7,6,13,2,8,183
2024-06-14,4,0,None,86,27,22,231,233,Normal,PPE,51,"{""nurses"":29,""doctors"":12,""support"":10}",57,76,26,19,10,12,20,6,4,193
2024-06-15,5,1,None,114,28,16,157,217,Normal,PPE,37,"{""nurses"":20,""doctors"":8,""support"":9}",39,60,19,19,12,10,10,6,9,150
2024-06-16,6,1,None,115,29,17,222,219,Normal,PPE,50,"{""nurses"":28,""doctors"":12,""support"":10}",62,65,24,22,9,5,9,5,14,171
2024-06-17,0,0,None,83,28,25,192,209,Normal,PPE,43,"{""nurses"":24,""doctors"":10,""support"":9}",49,62,22,18,6,4,9,3,9,159
2024-06-18,1,0,None,100,28,21,153,194,Normal,PPE,37,"{""nurses"":20,""doctors"":8,""support"":9}",29,55,19,20,3,3,8,3,7,149
2024-06-19,2,0,None,92,28,21,213,206,Normal,PPE,48,"{""nurses"":27,""doctors"":11,""support"":10}",59,51,31,23,9,10,16,4,10,173
2024-06-20,3,0,None,101,27,23,216,205,Normal,PPE,48,"{""nurses"":27,""doctors"":11,""support"":10}",49,63,28,28,8,8,14,5,11,198
2024-06-21,4,0,None,104,28,23,178,211,Normal,PPE,41,"{""nurses"":23,""doctors"":9,""support"":9}",47,60,25,20,4,11,10,5,6,164
2024-06-22,5,1,None,100,28,15,233,228,High Demand: activate surge plan; postpone elective procedures; open triage tents; public advisory: wear masks,PPE,52,"{""nurses"":30,""doctors"":12,""support"":10}",34,49,31,30,6,8,18,3,10,190
2024-06-23,6,1,None,92,28,24,201,216,Normal,PPE,47,"{""nurses"":26,""doctors"":11,""support"":10}",52,71,23,24,3,10,15,4,8,189
2024-06-24,0,0,None,119,28,18,158,205,Normal,PPE,37,"{""nurses"":20,""doctors"":8,""support"":9}",32,44,20,11,3,6,7,4,4,121
2024-06-25,1,0,None,90,28,18,170,192,Normal,PPE,40,"{""nurses"":22,""doctors"":9,""support"":9}",45,67,19,18,7,2,9,3,9,159
2024-06-26,2,0,None,20,28,26,192,191,Normal,PPE,43,"{""nurses"":24,""doctors"":10,""support"":9}",42,51,31,18,3,8,7,5,8,190
2024-06-27,3,0,None,55,27,12,150,189,Normal,PPE,35,"{""nurses"":19,""doctors"":8,""support"":8}",42,36,20,14,3,7,9,5,7,141
2024-06-28,4,0,None,43,27,19,203,196,Normal,PPE,47,"{""nurses"":26,""doctors"":11,""support"":10}",49,64,32,14,4,11,16,4,12,172
2024-06-29,5,1,None,105,28,24,184,187,Normal,PPE,42,"{""nurses"":23,""doctors"":10,""support"":9}",35,68,21,18,4,8,13,6,9,164
2024-06-30,6,1,None,40,28,26,143,185,Normal,PPE,34,"{""nurses"":18,""doctors"":8,""support"":8}",32,54,14,12,4,9,5,2,10,153
2024-07-01,0,0,None,116,28,28,165,182,Normal,PPE,39,"{""nurses"":21,""doctors"":9,""support"":9}",44,48,18,19,6,9,7,3,6,157
2024-07-02,1,0,None,47,29,25,178,178,Normal,PPE,41,"{""nurses"":23,""doctors"":9,""support"":9}",32,62,27,22,3,9,10,3,4,162
2024-07-03,2,0,None,94,29,28,146,168,Normal,PPE,35,"{""nurses"":19,""doctors"":8,""support"":8}",31,45,21,13,6,7,4,2,7,151
2024-07-04,3,0,None,91,28,18,157,174,Normal,PPE,37,"{""nurses"":20,""doctors"":8,""support"":9}",41,47,23,15,8,11,18,4,9,133
2024-07-05,4,0,None,133,28,13,207,183,Normal,PPE,47,"{""nurses"":26,""doctors"":11,""support"":10}",38,49,25,11,3,10,8,5,12,177
2024-07-06,5,1,None,86,28,27,169,193,Normal,PPE,40,"{""nurses"":22,""doctors"":9,""support"":9}",45,58,12,23,4,5,13,6,8,183
2024-07-07,6,1,None,147,28,22,173,189,Normal,PPE,40,"{""nurses"":22,""doctors"":9,""support"":9}",45,50,8,22,3,7,6,4,13,147
2024-07-08,0,0,None,83,27,16,166,176,Normal,PPE,39,"{""nurses"":21,""doctors"":9,""support"":9}",34,38,21,18,6,2,6,2,4,144
2024-07-09,1,0,None,98,26,18,180,191,Normal,PPE,41,"{""nurses"":23,""doctors"":9,""support"":9}",35,51,23,19,9,4,7,4,6,142
2024-07-10,2,0,None,47,27,25,128,164,Normal,PPE,31,"{""nurses"":16,""doctors"":7,""support"":8}",34,49,16,8,4,7,11,3,7,104
2024-07-11,3,0,None,58,26,16,163,163,Normal,PPE,39,"{""nurses"":21,""doctors"":9,""support"":9}",32,48,20,16,4,9,6,0,12,117
2024-07-12,4,0,None,97,26,17,179,165,Normal,PPE,41,"{""nurses"":23,""doctors"":9,""support"":9}",48,44,24,13,5,11,13,5,6,154
2024-07-13,5,1,None,117,26,29,179,179,Normal,PPE,41,"{""nurses"":23,""doctors"":9,""support"":9}",40,65,18,14,10,6,13,1,13,199
2024-07-14,6,1,None,68,26,33,157,181,Normal,PPE,37,"{""nurses"":20,""doctors"":8,""support"":9}",43,68,18,15,5,3,7,3,10,125
2024-07-15,0,0,None,58,26,17,183,183,Normal,PPE,42,"{""nurses"":23,""doctors"":10,""support"":9}",36,56,10,20,5,7,11,5,7,146
2024-07-16,1,0,None,78,27,22,165,182,Normal,PPE,39,"{""nurses"":21,""doctors"":9,""support"":9}",24,49,25,16,5,14,7,5,7,145
2024-07-17,2,0,None,104,27,21,159,182,Normal,PPE,37,"{""nurses"":20,""doctors"":8,""support"":9}",50,55,20,17,4,6,5,6,7,133
2024-07-18,3,0,None,83,26,25,135,158,Normal,PPE,32,"{""nurses"":17,""doctors"":7,""support"":8}",36,42,13,12,4,4,6,3,0,129
2024-07-19,4,0,None,137,26,16,149,161,Normal,PPE,35,"{""nurses"":19,""doctors"":8,""support"":8}",35,43,23,14,2,11,10,4,8,121
2024-07-20,5,1,None,64,26,20,146,157,Normal,PPE,35,"{""nurses"":19,""doctors"":8,""support"":8}",41,57,15,17,4,5,14,2,5,143
2024-07-21,6,1,None,104,26,17,141,155,Normal,PPE,34,"{""nurses"":18,""doctors"":8,""support"":8}",33,52,17,20,3,2,3,2,7,119
2024-07-22,0,0,None,133,26,23,176,159,Normal,PPE,40,"{""nurses"":22,""doctors"":9,""support"":9}",41,49,36,12,6,10,12,3,7,119
2024-07-23,1,0,None,94,26,13,147,168,Normal,PPE,35,"{""nurses"":19,""doctors"":8,""support"":8}",28,33,25,13,4,9,7,6,9,120
2024-07-24,2,0,None,74,26,30,185,180,Normal,PPE,43,"{""nurses"":24,""doctors"":10,""support"":9}",32,63,25,18,5,8,18,1,7,161
2024-07-25,3,0,None,106,26,18,175,185,Normal,PPE,40,"{""nurses"":22,""doctors"":9,""support"":9}",47,42,23,18,2,10,10,3,9,134
2024-07-26,4,0,None,125,27,15,143,182,Normal,PPE,34,"{""nurses"":18,""doctors"":8,""support"":8}",27,39,17,10,4,5,10,2,11,97
2024-07-27,5,1,None,98,27,27,151,164,Normal,PPE,36,"{""nurses"":19,""doctors"":8,""support"":9}",44,44,14,18,4,7,12,5,8,143
2024-07-28,6,1,None,52,27,24,154,153,Normal,PPE,37,"{""nurses"":20,""doctors"":8,""support"":9}",47,68,12,8,3,10,7,2,8,134
2024-07-29,0,0,None,98,26,25,150,161,Normal,PPE,35,"{""nurses"":19,""doctors"":8,""support"":8}",43,44,20,17,3,6,10,4,7,144
2024-07-30,1,0,None,81,27,16,152,168,Normal,PPE,36,"{""nurses"":19,""doctors"":8,""support"":9}",26,42,24,18,3,6,7,3,6,116
2024-07-31,2,0,None,125,27,23,236,185,High Demand: activate surge plan; postpone elective procedures; open triage tents; public advisory: wear masks,PPE,52,"{""nurses"":30,""doctors"":12,""support"":10}",45,78,29,24,1,15,15,6,11,178
2024-08-01,3,0,None,75,27,20,168,203,Normal,PPE,39,"{""nurses"":21,""doctors"":9,""support"":9}",32,61,27,17,8,7,10,3,19,138
2024-08-02,4,0,None,80,26,22,180,205,Normal,PPE,41,"{""nurses"":23,""doctors"":9,""support"":9}",30,62,23,16,4,6,14,2,9,155
2024-08-03,5,1,None,56,26,18,209,199,Normal,PPE,48,"{""nurses"":27,""doctors"":11,""support"":10}",47,58,22,16,6,8,11,3,11,184
2024-08-04,6,1,None,73,26,30,213,208,Normal,PPE,48,"{""nurses"":27,""doctors"":11,""support"":10}",60,96,19,21,12,7,11,7,5,192
2024-08-05,0,0,None,58,27,16,164,209,Normal,PPE,39,"{""nurses"":21,""doctors"":9,""support"":9}",26,47,23,14,6,9,11,4,7,142
2024-08-06,1,0,None,120,27,21,204,201,Normal,PPE,47,"{""nurses"":26,""doctors"":11,""support"":10}",59,50,26,30,8,4,9,4,6,194
2024-08-07,2,0,None,75,27,27,198,204,Normal,PPE,44,"{""nurses"":25,""doctors"":10,""support"":9}",36,81,25,23,9,10,14,0,8,159
2024-08-08,3,0,None,129,27,18,197,219,Normal,PPE,44,"{""nurses"":25,""doctors"":10,""support"":9}",39,57,34,11,5,7,12,5,16,161
2024-08-09,4,0,None,108,26,26,182,208,Normal,PPE,42,"{""nurses"":23,""doctors"":10,""support"":9}",38,45,29,13,4,9,12,7,7,149
2024-08-10,5,1,None,82,27,18,186,204,Normal,PPE,43,"{""nurses"":24,""doctors"":10,""support"":9}",50,50,21,12,6,4,14,5,8,134
2024-08-11,6,1,None,85,27,20,183,190,Normal,PPE,42,"{""nurses"":23,""doctors"":10,""support"":9}",42,49,19,18,9,5,13,5,8,142
2024-08-12,0,0,None,72,27,18,126,173,Normal,PPE,31,"{""nurses"":16,""doctors"":7,""support"":8}",32,39,15,15,3,6,14,3,9,104
2024-08-13,1,0,None,135,27,25,183,174,Normal,PPE,42,"{""nurses"":23,""doctors"":10,""support"":9}",44,40,18,32,8,7,13,4,11,139
2024-08-14,2,0,None,124,27,18,196,185,Normal,PPE,44,"{""nurses"":25,""doctors"":10,""support"":9}",43,64,17,22,2,15,12,7,7,185
2024-08-15,3,0,None,94,27,23,224,214,Normal,PPE,50,"{""nurses"":28,""doctors"":12,""support"":10}",52,57,24,26,7,13,9,8,7,195
2024-08-16,4,0,None,80,28,10,210,227,Normal,PPE,48,"{""nurses"":27,""doctors"":11,""support"":10}",36,52,27,24,5,8,15,2,12,153
2024-08-17,5,1,None,73,28,26,230,238,Normal,PPE,51,"{""nurses"":29,""doctors"":12,""support"":10}",46,84,25,28,4,6,13,3,9,214
2024-08-18,6,1,None,55,28,26,160,211,Normal,PPE,37,"{""nurses"":20,""doctors"":8,""support"":9}",28,59,16,17,3,4,7,3,9,137
2024-08-19,0,0,None,70,27,23,179,203,Normal,PPE,41,"{""nurses"":23,""doctors"":9,""support"":9}",38,54,19,11,8,9,14,6,13,169
2024-08-20,1,0,None,63,26,27,153,172,Normal,PPE,37,"{""nurses"":20,""doctors"":8,""support"":9}",38,67,24,12,2,5,4,2,8,138
2024-08-21,2,0,None,59,28,19,167,179,Normal,PPE,39,"{""nurses"":21,""doctors"":9,""support"":9}",24,53,16,10,5,5,10,1,7,162
2024-08-22,3,0,None,112,28,25,205,189,Normal,PPE,47,"{""nurses"":26,""doctors"":11,""support"":10}",53,57,25,30,12,6,15,2,11,189
2024-08-23,4,0,None,104,27,21,132,186,Normal,PPE,32,"{""nurses"":17,""doctors"":7,""support"":8}",34,40,17,18,4,5,8,2,12,132
2024-08-24,5,1,None,34,26,24,171,175,Normal,PPE,40,"{""nurses"":22,""doctors"":9,""support"":9}",39,65,21,13,7,8,11,5,5,154
2024-08-25,6,1,None,120,26,23,133,163,Normal,PPE,32,"{""nurses"":17,""doctors"":7,""support"":8}",34,63,15,16,4,3,4,1,1,110
2024-08-26,0,0,None,124,26,18,182,171,Normal,PPE,42,"{""nurses"":23,""doctors"":10,""support"":9}",50,48,24,22,2,9,5,7,9,156
2024-08-27,1,0,None,92,26,25,179,172,Normal,PPE,41,"{""nurses"":23,""doctors"":9,""support"":9}",48,53,21,23,8,7,14,10,6,153
2024-08-28,2,0,None,53,27,23,187,198,Normal,PPE,43,"{""nurses"":24,""doctors"":10,""support"":9}",44,64,35,14,8,8,9,1,7,168
2024-08-29,3,0,GaneshChaturthi,154,28,46,290,228,Normal,PPE,63,"{""nurses"":37,""doctors"":15,""support"":11}",78,125,35,24,9,10,13,7,20,233
2024-08-30,4,0,GaneshChaturthi,219,27,40,247,260,Air Quality Alert: masks recommended; increase respiratory stock,PPE,54,"{""nurses"":31,""doctors"":13,""support"":10}",72,93,32,36,3,10,7,5,7,225
2024-08-31,5,1,GaneshChaturthi,294,27,46,240,282,Air Quality Alert: masks recommended; increase respiratory stock,PPE,52,"{""nurses"":30,""doctors"":12,""support"":10}",60,72,22,36,10,10,10,11,14,207
2024-09-01,6,1,GaneshChaturthi,122,27,46,295,270,High Demand: activate surge plan; postpone elective procedures; open triage tents; public advisory: wear masks,PPE,63,"{""nurses"":37,""doctors"":15,""support"":11}",85,109,28,37,6,14,8,2,8,275
2024-09-02,0,0,GaneshChaturthi,122,26,54,275,285,High Demand: activate surge plan; postpone elective procedures; open triage tents; public advisory: wear masks,PPE,60,"{""nurses"":35,""doctors"":14,""support"":11}",95,128,32,25,4,17,22,6,16,253
2024-09-03,1,0,GaneshChaturthi,114,26,48,285,307,High Demand: activate surge plan; postpone elective procedures; open triage tents; public advisory: wear masks,PPE,62,"{""nurses"":36,""doctors"":15,""support"":11}",90,115,34,26,2,7,21,3,9,247
2024-09-04,2,0,None,90,26,18,192,263,Normal,PPE,43,"{""nurses"":24,""doctors"":10,""support"":9}",44,56,20,20,7,5,6,3,10,161
2024-09-05,3,0,None,89,26,18,149,218,Normal,PPE,35,"{""nurses"":19,""doctors"":8,""support"":8}",36,42,25,18,4,9,9,2,12,129
2024-09-06,4,0,None,90,27,23,138,174,Normal,PPE,33,"{""nurses"":18,""doctors"":7,""support"":8}",41,53,20,21,6,3,5,2,5,131
2024-09-07,5,1,None,161,26,18,228,189,High Demand: activate surge plan; postpone elective procedures; open triage tents; public advisory: wear masks,PPE,51,"{""nurses"":29,""doctors"":12,""support"":10}",47,59,35,24,4,12,8,5,10,199
2024-09-08,6,1,None,67,27,15,142,180,Normal,PPE,34,"{""nurses"":18,""doctors"":8,""support"":8}",28,40,14,18,3,7,10,1,5,118
2024-09-09,0,0,None,68,27,20,125,177,Normal,PPE,31,"{""nurses"":16,""doctors"":7,""support"":8}",32,35,11,13,5,4,9,2,6,109
2024-09-10,1,0,None,93,27,14,173,157,Normal,PPE,40,"{""nurses"":22,""doctors"":9,""support"":9}",43,35,22,19,6,9,11,3,11,145
2024-09-11,2,0,None,125,26,17,199,171,Normal,PPE,44,"{""nurses"":25,""doctors"":10,""support"":9}",41,58,22,24,7,7,9,0,12,169
2024-09-12,3,0,None,88,26,21,207,200,Normal,PPE,47,"{""nurses"":26,""doctors"":11,""support"":10}",53,66,31,20,2,12,18,2,18,173
2024-09-13,4,0,None,52,26,13,136,189,Normal,PPE,32,"{""nurses"":17,""doctors"":7,""support"":8}",26,31,12,11,6,6,5,2,9,139
2024-09-14,5,1,None,96,25,28,225,198,Normal,PPE,51,"{""nurses"":29,""doctors"":12,""support"":10}",54,72,24,12,7,11,11,2,18,224
2024-09-15,6,1,None,58,25,24,169,190,Normal,PPE,40,"{""nurses"":22,""doctors"":9,""support"":9}",43,56,16,19,8,9,8,6,13,165
2024-09-16,0,0,None,138,26,17,171,194,Normal,PPE,40,"{""nurses"":22,""doctors"":9,""support"":9}",39,60,20,15,7,3,7,3,14,170
2024-09-17,1,0,None,116,26,21,167,173,Normal,PPE,39,"{""nurses"":21,""doctors"":9,""support"":9}",29,45,16,20,4,7,12,5,3,140
2024-09-18,2,0,None,66,26,25,194,189,Normal,PPE,44,"{""nurses"":25,""doctors"":10,""support"":9}",53,64,30,14,12,4,6,4,12,163
2024-09-19,3,0,None,61,27,18,190,190,Normal,PPE,43,"{""nurses"":24,""doctors"":10,""support"":9}",48,44,18,14,5,7,9,3,9,162
2024-09-20,4,0,None,97,26,28,208,203,Normal,PPE,47,"{""nurses"":26,""doctors"":11,""support"":10}",62,76,24,21,2,12,9,4,12,178
2024-09-21,5,1,None,96,27,26,197,219,Normal,PPE,44,"{""nurses"":25,""doctors"":10,""support"":9}",51,56,32,22,8,9,8,4,12,171
2024-09-22,6,1,None,99,28,29,233,219,High Demand: activate surge plan; postpone elective procedures; open triage tents; public advisory: wear masks,PPE,52,"{""nurses"":30,""doctors"":12,""support"":10}",54,88,34,30,9,14,11,5,10,194
2024-09-23,0,0,None,78,28,16,204,227,Normal,PPE,47,"{""nurses"":26,""doctors"":11,""support"":10}",41,53,24,17,5,8,6,4,10,169
2024-09-24,1,0,None,112,26,17,169,222,Normal,PPE,40,"{""nurses"":22,""doctors"":9,""support"":9}",42,54,15,18,4,9,12,3,6,169
2024-09-25,2,0,None,85,26,16,170,187,Normal,PPE,40,"{""nurses"":22,""doctors"":9,""support"":9}",23,36,25,20,3,7,11,4,11,146
2024-09-26,3,0,Navratri,87,26,20,217,195,Normal,PPE,49,"{""nurses"":28,""doctors"":11,""support"":10}",43,73,28,12,3,12,15,4,7,183
2024-09-27,4,0,Navratri,81,26,24,181,199,Normal,PPE,42,"{""nurses"":23,""doctors"":10,""support"":9}",50,72,18,19,2,9,12,3,8,139
2024-09-28,5,1,Navratri,79,27,14,210,221,Normal,PPE,48,"{""nurses"":27,""doctors"":11,""support"":10}",33,50,19,19,7,8,15,5,13,173
2024-09-29,6,1,Navratri,83,27,27,195,203,Normal,PPE,44,"{""nurses"":25,""doctors"":10,""support"":9}",44,70,27,16,9,6,5,6,11,154
2024-09-30,0,0,Navratri,95,27,18,176,210,Normal,PPE,40,"{""nurses"":22,""doctors"":9,""support"":9}",44,49,20,11,2,10,12,3,7,147
2024-10-01,1,0,None,147,28,23,200,198,Normal,PPE,44,"{""nurses"":25,""doctors"":10,""support"":9}",49,64,32,25,5,9,16,7,10,176
2024-10-02,2,0,Navratri,271,28,11,205,210,Air Quality Alert: masks recommended; increase respiratory stock,PPE,47,"{""nurses"":26,""doctors"":11,""support"":10}",33,65,28,28,12,6,9,5,7,153
2024-10-03,3,0,Navratri,141,28,18,213,224,Normal,PPE,48,"{""nurses"":27,""doctors"":11,""support"":10}",44,67,25,25,5,6,16,1,14,193
2024-10-04,4,0,None,304,27,16,245,229,High Demand: activate surge plan; postpone elective procedures; open triage tents; public advisory: wear masks,PPE,54,"{""nurses"":31,""doctors"":13,""support"":10}",56,64,32,32,8,7,12,9,16,206
2024-10-05,5,1,None,172,27,23,214,232,Normal,PPE,48,"{""nurses"":27,""doctors"":11,""support"":10}",62,52,22,37,5,9,7,5,11,183
2024-10-06,6,1,None,152,27,12,166,228,Normal,PPE,39,"{""nurses"":21,""doctors"":9,""support"":9}",32,41,15,11,3,4,3,1,5,113
2024-10-07,0,0,None,118,28,18,159,190,Normal,PPE,37,"{""nurses"":20,""doctors"":8,""support"":9}",43,47,24,17,9,9,9,4,10,145
2024-10-08,1,0,None,229,28,26,238,205,Air Quality Alert: masks recommended; increase respiratory stock,PPE,52,"{""nurses"":30,""doctors"":12,""support"":10}",44,66,28,43,5,8,10,10,9,220
2024-10-09,2,0,None,354,27,19,267,228,High Demand: activate surge plan; postpone elective procedures; open triage tents; public advisory: wear masks,PPE,59,"{""nurses"":34,""doctors"":14,""support"":11}",69,62,33,54,9,8,11,6,11,199
2024-10-10,3,0,None,230,27,22,221,265,Air Quality Alert: masks recommended; increase respiratory stock,PPE,50,"{""nurses"":28,""doctors"":12,""support"":10}",40,54,39,28,6,7,17,0,9,193
2024-10-11,4,0,None,232,28,19,185,237,Air Quality Alert: masks recommended; increase respiratory stock,PPE,43,"{""nurses"":24,""doctors"":10,""support"":9}",48,50,27,29,5,10,13,8,11,168
2024-10-12,5,1,None,240,28,23,245,236,Air Quality Alert: masks recommended; increase respiratory stock,PPE,54,"{""nurses"":31,""doctors"":13,""support"":10}",46,70,31,37,8,13,15,10,12,211
2024-10-13,6,1,None,209,28,22,272,252,Air Quality Alert: masks recommended; increase respiratory stock,PPE,59,"{""nurses"":34,""doctors"":14,""support"":11}",67,54,32,39,10,7,15,5,16,237
2024-10-14,0,0,None,158,27,21,259,280,Normal,PPE,57,"{""nurses"":33,""doctors"":13,""support"":11}",38,82,35,39,7,7,19,4,10,267
2024-10-15,1,0,None,200,27,25,256,282,Normal,PPE,56,"{""nurses"":32,""doctors"":13,""support"":11}",68,74,32,24,9,14,27,9,20,214
2024-10-16,2,0,None,71,27,20,204,260,Normal,PPE,47,"{""nurses"":26,""doctors"":11,""support"":10}",52,47,22,22,5,6,9,4,13,157
2024-10-17,3,0,None,143,27,14,220,233,Normal,PPE,49,"{""nurses"":28,""doctors"":11,""support"":10}",46,50,33,19,6,14,14,1,5,172
2024-10-18,4,0,None,207,28,16,220,236,Air Quality Alert: masks recommended; increase respiratory stock,PPE,49,"{""nurses"":28,""doctors"":11,""support"":10}",41,56,22,26,8,6,12,6,11,193
2024-10-19,5,1,None,256,26,22,274,258,Air Quality Alert: masks recommended; increase respiratory stock,PPE,60,"{""nurses"":35,""doctors"":14,""support"":11}",54,69,31,40,11,10,13,10,14,211
2024-10-20,6,1,None,212,26,12,256,263,Air Quality Alert: masks recommended; increase respiratory stock,PPE,56,"{""nurses"":32,""doctors"":13,""support"":11}",56,51,29,29,6,12,20,4,15,193
2024-10-21,0,0,None,142,27,15,174,244,Normal,PPE,40,"{""nurses"":22,""doctors"":9,""support"":9}",34,68,19,27,11,5,9,2,6,153
2024-10-22,1,0,None,212,27,21,213,228,Air Quality Alert: masks recommended; increase respiratory stock,PPE,48,"{""nurses"":27,""doctors"":11,""support"":10}",42,44,25,20,2,7,6,3,19,176
2024-10-23,2,0,None,207,27,20,192,203,Air Quality Alert: masks recommended; increase respiratory stock,PPE,43,"{""nurses"":24,""doctors"":10,""support"":9}",25,54,23,15,5,11,14,1,9,178
2024-10-24,3,0,None,291,28,27,231,228,Air Quality Alert: masks recommended; increase respiratory stock,PPE,51,"{""nurses"":29,""doctors"":12,""support"":10}",53,83,31,36,8,7,22,6,7,196
2024-10-25,4,0,None,274,27,19,210,218,Air Quality Alert: masks recommended; increase respiratory stock,PPE,48,"{""nurses"":27,""doctors"":11,""support"":10}",45,77,28,17,6,5,17,6,11,168
2024-10-26,5,1,None,88,27,19,193,224,Normal,PPE,44,"{""nurses"":25,""doctors"":10,""support"":9}",40,47,21,19,4,6,10,5,8,146
2024-10-27,6,1,None,156,27,16,223,219,Normal,PPE,50,"{""nurses"":28,""doctors"":12,""support"":10}",34,51,31,25,5,12,12,5,7,184
2024-10-28,0,0,None,83,27,17,208,221,Normal,PPE,47,"{""nurses"":26,""doctors"":11,""support"":10}",49,52,19,21,6,7,12,6,9,182
2024-10-29,1,0,None,207,28,21,260,244,Air Quality Alert: masks recommended; increase respiratory stock,PPE,57,"{""nurses"":33,""doctors"":13,""support"":11}",59,84,38,35,5,8,8,2,11,198
2024-10-30,2,0,None,194,28,17,172,224,Normal,PPE,40,"{""nurses"":22,""doctors"":9,""support"":9}",39,56,24,20,5,6,16,4,9,172
2024-10-31,3,0,None,307,28,111,404,289,High Demand: activate surge plan; postpone elective procedures; open triage tents; public advisory: wear masks,PPE,86,"{""nurses"":51,""doctors"":21,""support"":14}",108,213,43,56,10,11,21,7,21,372
2024-11-01,4,0,None,125,28,20,262,296,Normal,PPE,58,"{""nurses"":33,""doctors"":14,""support"":11}",71,61,32,26,11,13,14,5,8,224
2024-11-02,5,1,None,239,28,25,237,326,Air Quality Alert: masks recommended; increase respiratory stock,PPE,52,"{""nurses"":30,""doctors"":12,""support"":10}",55,64,27,36,3,8,15,6,8,231
2024-11-03,6,1,Diwali,377,28,37,402,325,High Demand: activate surge plan; postpone elective procedures; open triage tents; public advisory: wear masks,PPE,86,"{""nurses"":51,""doctors"":21,""support"":14}",72,111,48,73,11,11,18,8,22,335
2024-11-04,0,0,Diwali,434,28,35,469,393,High Demand: activate surge plan; postpone elective procedures; open triage tents; public advisory: wear masks,PPE,98,"{""nurses"":59,""doctors"":24,""support"":15}",102,147,64,79,20,18,26,15,12,416
2024-11-05,1,0,Diwali,163,28,45,401,446,High Demand: activate surge plan; postpone elective procedures; open triage tents; public advisory: wear masks,PPE,86,"{""nurses"":51,""doctors"":21,""support"":14}",89,129,58,55,11,18,20,10,22,327
2024-11-06,2,0,None,235,28,21,224,383,Air Quality Alert: masks recommended; increase respiratory stock,PPE,50,"{""nurses"":28,""doctors"":12,""support"":10}",36,79,19,24,11,9,15,4,13,194
2024-11-07,3,0,None,200,28,19,217,297,Normal,PPE,49,"{""nurses"":28,""doctors"":11,""support"":10}",56,66,19,26,8,7,15,5,10,166
2024-11-08,4,0,None,263,28,16,210,223,Air Quality Alert: masks recommended; increase respiratory stock,PPE,48,"{""nurses"":27,""doctors"":11,""support"":10}",41,64,23,35,5,4,10,7,11,172
2024-11-09,5,1,None,172,28,22,252,234,Normal,PPE,56,"{""nurses"":32,""doctors"":13,""support"":11}",53,65,24,36,9,14,18,5,11,217
2024-11-10,6,1,None,147,28,12,243,253,Normal,PPE,54,"{""nurses"":31,""doctors"":13,""support"":10}",53,55,23,24,4,9,15,3,11,191
2024-11-11,0,0,OtherFestival,122,28,41,269,274,Normal,PPE,59,"{""nurses"":34,""doctors"":14,""support"":11}",65,90,41,18,8,11,14,3,17,244
2024-11-12,1,0,OtherFestival,50,28,37,285,282,Normal,PPE,62,"{""nurses"":36,""doctors"":15,""support"":11}",61,80,29,31,8,15,19,6,12,250
2024-11-13,2,0,None,171,29,11,194,267,Normal,PPE,44,"{""nurses"":25,""doctors"":10,""support"":9}",41,54,28,16,8,3,9,6,10,156
2024-11-14,3,0,None,274,29,25,210,248,Air Quality Alert: masks recommended; increase respiratory stock,PPE,48,"{""nurses"":27,""doctors"":11,""support"":10}",44,63,26,17,7,14,9,8,7,202
2024-11-15,4,0,None,316,29,16,267,237,High Demand: activate surge plan; postpone elective procedures; open triage tents; public advisory: wear masks,PPE,59,"{""nurses"":34,""doctors"":14,""support"":11}",51,74,38,37,4,10,17,1,14,198
2024-11-16,5,1,None,130,29,24,284,273,Normal,PPE,62,"{""nurses"":36,""doctors"":15,""support"":11}",63,76,33,34,8,10,16,5,14,232
2024-11-17,6,1,None,165,30,18,248,281,Normal,PPE,54,"{""nurses"":31,""doctors"":13,""support"":10}",59,64,30,34,6,18,9,3,8,210
2024-11-18,0,0,None,162,29,16,287,288,Normal,PPE,62,"{""nurses"":36,""doctors"":15,""support"":11}",48,79,52,40,12,13,18,4,13,228
2024-11-19,1,0,None,214,28,30,264,279,Air Quality Alert: masks recommended; increase respiratory stock,PPE,58,"{""nurses"":33,""doctors"":14,""support"":11}",61,75,27,29,6,8,12,5,11,231
2024-11-20,2,0,None,148,27,20,269,283,Normal,PPE,59,"{""nurses"":34,""doctors"":14,""support"":11}",71,81,35,31,5,5,13,9,15,244
2024-11-21,3,0,None,228,27,18,282,291,Air Quality Alert: masks recommended; increase respiratory stock,PPE,62,"{""nurses"":36,""doctors"":15,""support"":11}",58,83,43,44,4,10,14,7,13,237
2024-11-22,4,0,None,206,27,23,256,283,Air Quality Alert: masks recommended; increase respiratory stock,PPE,56,"{""nurses"":32,""doctors"":13,""support"":11}",59,78,27,24,11,9,10,6,12,208
2024-11-23,5,1,None,146,27,25,303,299,Normal,PPE,66,"{""nurses"":38,""doctors"":16,""support"":12}",71,82,37,31,9,12,26,12,11,282
2024-11-24,6,1,None,172,27,19,267,287,Normal,PPE,59,"{""nurses"":34,""doctors"":14,""support"":11}",47,65,43,28,8,12,10,4,14,232
2024-11-25,0,0,None,307,27,22,326,312,High Demand: activate surge plan; postpone elective procedures; open triage tents; public advisory: wear masks,PPE,70,"{""nurses"":41,""doctors"":17,""support"":12}",70,84,46,48,14,9,20,5,13,236
2024-11-26,1,0,None,344,26,17,374,346,High Demand: activate surge plan; postpone elective procedures; open triage tents; public advisory: wear masks,PPE,79,"{""nurses"":47,""doctors"":19,""support"":13}",74,89,53,56,8,19,20,10,19,271
2024-11-27,2,0,None,202,26,26,230,330,Air Quality Alert: masks recommended; increase respiratory stock,PPE,51,"{""nurses"":29,""doctors"":12,""support"":10}",52,82,29,23,8,9,16,5,15,189
2024-11-28,3,0,None,402,26,10,281,316,High Demand: activate surge plan; postpone elective procedures; open triage tents; public advisory: wear masks,PPE,62,"{""nurses"":36,""doctors"":15,""support"":11}",61,82,28,49,14,13,19,9,10,240
2024-11-29,4,0,None,213,25,15,279,282,Air Quality Alert: masks recommended; increase respiratory stock,PPE,60,"{""nurses"":35,""doctors"":14,""support"":11}",42,73,43,36,9,6,13,6,13,223
2024-11-30,5,1,None,152,25,21,253,281,Normal,PPE,56,"{""nurses"":32,""doctors"":13,""support"":11}",67,66,30,36,8,10,8,8,20,204
2024-12-01,6,1,None,202,26,26,330,310,Air Quality Alert: masks recommended; increase respiratory stock,PPE,71,"{""nurses"":42,""doctors"":17,""support"":12}",63,93,36,39,6,18,20,6,18,286
2024-12-02,0,0,None,211,28,21,344,321,High Demand: activate surge plan; postpone elective procedures; open triage tents; public advisory: wear masks,PPE,73,"{""nurses"":43,""doctors"":18,""support"":12}",61,85,46,32,12,16,16,9,24,312
2024-12-03,1,0,None,60,29,12,299,347,Normal,PPE,64,"{""nurses"":38,""doctors"":15,""support"":11}",64,57,44,29,7,11,13,5,18,258
2024-12-04,2,0,None,60,30,14,237,310,Normal,PPE,52,"{""nurses"":30,""doctors"":12,""support"":10}",54,53,31,25,4,11,16,4,18,211
2024-12-05,3,0,None,210,29,13,283,289,Air Quality Alert: masks recommended; increase respiratory stock,PPE,62,"{""nurses"":36,""doctors"":15,""support"":11}",63,65,29,31,9,16,17,4,13,236
2024-12-06,4,0,None,253,29,19,367,315,High Demand: activate surge plan; postpone elective procedures; open triage tents; public advisory: wear masks,PPE,78,"{""nurses"":46,""doctors"":19,""support"":13}",75,101,33,57,17,19,12,7,17,320
2024-12-07,5,1,None,205,28,27,329,343,Air Quality Alert: masks recommended; increase respiratory stock,PPE,71,"{""nurses"":42,""doctors"":17,""support"":12}",86,92,39,42,6,15,11,10,15,294
2024-12-08,6,1,None,136,26,20,301,356,Normal,PPE,66,"{""nurses"":38,""doctors"":16,""support"":12}",53,82,37,35,9,13,19,6,18,280
2024-12-09,0,0,None,205,25,23,228,300,Air Quality Alert: masks recommended; increase respiratory stock,PPE,51,"{""nurses"":29,""doctors"":12,""support"":10}",38,64,20,25,6,9,11,7,14,181
2024-12-10,1,0,None,246,25,22,258,278,Air Quality Alert: masks recommended; increase respiratory stock,PPE,57,"{""nurses"":33,""doctors"":13,""support"":11}",60,50,28,25,13,8,18,5,12,236
2024-12-11,2,0,None,168,26,22,221,246,Normal,PPE,50,"{""nurses"":28,""doctors"":12,""support"":10}",48,50,27,14,9,10,10,6,12,193
2024-12-12,3,0,None,118,26,19,299,278,Normal,PPE,64,"{""nurses"":38,""doctors"":15,""support"":11}",58,81,40,36,9,10,15,5,14,256
2024-12-13,4,0,None,506,26,23,285,280,High Demand: activate surge plan; postpone elective procedures; open triage tents; public advisory: wear masks,PPE,62,"{""nurses"":36,""doctors"":15,""support"":11}",70,86,33,58,10,14,23,7,10,214
2024-12-14,5,1,None,135,26,21,293,306,Normal,PPE,63,"{""nurses"":37,""doctors"":15,""support"":11}",67,87,47,38,12,4,21,6,14,247
2024-12-15,6,1,None,252,26,22,289,299,Air Quality Alert: masks recommended; increase respiratory stock,PPE,63,"{""nurses"":37,""doctors"":15,""support"":11}",52,84,38,35,8,8,13,7,16,230
2024-12-16,0,0,None,196,25,20,342,319,Normal,PPE,73,"{""nurses"":43,""doctors"":18,""support"":12}",67,82,55,35,12,23,17,10,21,279
2024-12-17,1,0,None,268,24,23,235,300,Air Quality Alert: masks recommended; increase respiratory stock,PPE,52,"{""nurses"":30,""doctors"":12,""support"":10}",49,73,31,22,7,10,13,3,18,175
2024-12-18,2,0,None,153,24,22,275,307,Normal,PPE,60,"{""nurses"":35,""doctors"":14,""support"":11}",66,82,32,18,16,18,16,4,15,268
2024-12-19,3,0,None,198,24,26,248,268,Normal,PPE,54,"{""nurses"":31,""doctors"":13,""support"":10}",64,63,35,33,13,10,12,5,8,211
2024-12-20,4,0,None,174,23,22,285,284,Normal,PPE,62,"{""nurses"":36,""doctors"":15,""support"":11}",55,71,42,26,7,8,24,3,13,230
2024-12-21,5,1,None,74,24,18,285,296,Normal,PPE,62,"{""nurses"":36,""doctors"":15,""support"":11}",81,75,31,29,11,14,12,4,22,244
2024-12-22,6,1,None,262,24,20,315,319,Air Quality Alert: masks recommended; increase respiratory stock,PPE,68,"{""nurses"":40,""doctors"":16,""support"":12}",66,78,34,37,9,14,19,2,15,251
2024-12-23,0,0,None,157,24,21,300,319,Normal,PPE,64,"{""nurses"":38,""doctors"":15,""support"":11}",62,85,41,34,8,15,19,4,16,241
2024-12-24,1,0,None,146,24,11,218,295,Normal,PPE,49,"{""nurses"":28,""doctors"":11,""support"":10}",52,61,28,29,7,9,8,5,7,174
2024-12-25,2,0,Christmas,138,24,25,302,286,Normal,PPE,66,"{""nurses"":38,""doctors"":16,""support"":12}",67,75,29,42,15,10,15,12,19,254
2024-12-26,3,0,None,60,25,17,274,274,Normal,PPE,60,"{""nurses"":35,""doctors"":14,""support"":11}",56,85,33,35,11,10,23,1,12,237
2024-12-27,4,0,None,277,25,21,253,292,Air Quality Alert: masks recommended; increase respiratory stock,PPE,56,"{""nurses"":32,""doctors"":13,""support"":11}",42,74,22,37,8,12,17,7,11,200
2024-12-28,5,1,None,224,25,20,352,317,High Demand: activate surge plan; postpone elective procedures; open triage tents; public advisory: wear masks,PPE,75,"{""nurses"":44,""doctors"":18,""support"":13}",84,94,44,40,11,12,17,8,18,283
2024-12-29,6,1,None,276,26,24,373,345,High Demand: activate surge plan; postpone elective procedures; open triage tents; public advisory: wear masks,PPE,79,"{""nurses"":47,""doctors"":19,""support"":13}",82,116,48,54,8,13,21,7,24,280
2024-12-30,0,0,None,267,27,24,265,353,Air Quality Alert: masks recommended; increase respiratory stock,PPE,59,"{""nurses"":34,""doctors"":14,""support"":11}",61,77,26,41,10,9,16,6,13,229
2024-12-31,1,0,None,211,27,17,326,339,Air Quality Alert: masks recommended; increase respiratory stock,PPE,70,"{""nurses"":41,""doctors"":17,""support"":12}",75,84,36,36,12,5,19,18,16,279
