Date,day_of_week,is_weekend,festival,aqi,temperature_c,accident_count,patient_count,bed_count,advisory,most_required_med_category,staff_required_total,staff_required_details,Antibiotic,Analgesic,Antipyretic,Respiratory,Cardiovascular,Diabetes,Gastrointestinal,Anti-allergic,ORS,PPE
2019-01-01,1,0,None,214,22,23,234,82,Air Quality Alert: masks recommended; increase respiratory stock,PPE,52,"{""nurses"":30,""doctors"":12,""support"":10}",68,67,32,23,5,13,12,4,13,195
2019-01-02,2,0,None,163,22,21,233,173,Normal,PPE,52,"{""nurses"":30,""doctors"":12,""support"":10}",44,65,31,27,9,10,14,5,14,204
2019-01-03,3,0,None,147,22,15,177,236,Normal,PPE,41,"{""nurses"":23,""doctors"":9,""support"":9}",39,45,13,29,2,7,8,4,6,154
2019-01-04,4,0,None,196,22,19,178,215,Normal,PPE,41,"{""nurses"":23,""doctors"":9,""support"":9}",37,59,21,21,6,10,8,5,13,168
2019-01-05,5,1,None,109,22,19,191,195,Normal,PPE,43,"{""nurses"":24,""doctors"":10,""support"":9}",41,68,21,18,7,12,12,2,7,166
2019-01-06,6,1,None,282,22,17,211,199,Air Quality Alert: masks recommended; increase respiratory stock,PPE,48,"{""nurses"":27,""doctors"":11,""support"":10}",41,52,24,26,6,13,14,5,12,176
2019-01-07,0,0,None,141,23,21,189,212,Normal,PPE,43,"{""nurses"":24,""doctors"":10,""support"":9}",60,59,18,16,2,14,8,2,8,140
2019-01-08,1,0,None,137,22,22,237,218,Normal,PPE,52,"{""nurses"":30,""doctors"":12,""support"":10}",58,60,23,40,5,7,11,3,14,195
2019-01-09,2,0,None,179,21,17,229,239,Normal,PPE,51,"{""nurses"":29,""doctors"":12,""support"":10}",49,50,18,35,9,9,20,5,7,223
2019-01-10,3,0,None,194,22,21,167,226,Normal,PPE,39,"{""nurses"":21,""doctors"":9,""support"":9}",50,44,13,15,5,8,10,3,13,134
2019-01-11,4,0,None,231,22,13,212,210,Air Quality Alert: masks recommended; increase respiratory stock,PPE,48,"{""nurses"":27,""doctors"":11,""support"":10}",42,53,22,26,7,7,13,4,9,181
2019-01-12,5,1,None,171,22,20,180,194,Normal,PPE,41,"{""nurses"":23,""doctors"":9,""support"":9}",50,60,22,23,7,10,10,2,9,184
2019-01-13,6,1,None,147,22,19,248,229,Normal,PPE,54,"{""nurses"":31,""doctors"":13,""support"":10}",42,89,24,28,8,3,12,3,10,226
2019-01-14,0,0,None,202,23,24,248,236,Air Quality Alert: masks recommended; increase respiratory stock,PPE,54,"{""nurses"":31,""doctors"":13,""support"":10}",44,67,18,29,12,6,14,6,12,200
2019-01-15,1,0,None,252,24,24,244,256,Air Quality Alert: masks recommended; increase respiratory stock,PPE,54,"{""nurses"":31,""doctors"":13,""support"":10}",64,64,24,26,8,8,14,5,14,230
2019-01-16,2,0,None,121,24,26,208,252,Normal,PPE,47,"{""nurses"":26,""doctors"":11,""support"":10}",69,69,23,22,7,8,13,6,9,168
2019-01-17,3,0,None,146,23,17,231,244,Normal,PPE,51,"{""nurses"":29,""doctors"":12,""support"":10}",46,58,34,20,7,9,13,8,14,181
2019-01-18,4,0,None,236,22,26,212,233,Air Quality Alert: masks recommended; increase respiratory stock,PPE,48,"{""nurses"":27,""doctors"":11,""support"":10}",47,64,28,39,8,9,9,6,8,160
2019-01-19,5,1,None,205,24,26,191,218,Air Quality Alert: masks recommended; increase respiratory stock,PPE,43,"{""nurses"":24,""doctors"":10,""support"":9}",45,77,25,18,4,6,16,2,11,172
2019-01-20,6,1,None,331,24,22,255,227,High Demand: activate surge plan; postpone elective procedures; open triage tents; public advisory: wear masks,PPE,56,"{""nurses"":32,""doctors"":13,""support"":11}",52,68,31,43,6,10,15,8,8,204
2019-01-21,0,0,None,186,23,17,201,228,Normal,PPE,47,"{""nurses"":26,""doctors"":11,""support"":10}",41,60,24,25,7,7,10,2,15,172
2019-01-22,1,0,None,164,23,19,253,252,Normal,PPE,56,"{""nurses"":32,""doctors"":13,""support"":11}",41,58,29,38,8,10,14,3,10,219
2019-01-23,2,0,None,123,22,28,188,229,Normal,PPE,43,"{""nurses"":24,""doctors"":10,""support"":9}",47,81,25,29,9,13,16,4,11,188
2019-01-24,3,0,None,244,21,24,247,237,Air Quality Alert: masks recommended; increase respiratory stock,PPE,54,"{""nurses"":31,""doctors"":13,""support"":10}",54,70,29,26,8,10,16,6,17,242
2019-01-25,4,0,None,186,21,17,198,223,Normal,PPE,44,"{""nurses"":25,""doctors"":10,""support"":9}",38,54,26,16,4,8,14,3,9,166
2019-01-26,5,1,RepublicDay,152,22,21,165,215,Normal,PPE,39,"{""nurses"":21,""doctors"":9,""support"":9}",34,60,21,13,7,4,9,2,6,147
2019-01-27,6,1,None,156,23,32,203,204,Normal,PPE,47,"{""nurses"":26,""doctors"":11,""support"":10}",67,76,27,18,8,9,12,3,10,172
2019-01-28,0,0,None,312,23,32,211,204,High Demand: activate surge plan; postpone elective procedures; open triage tents; public advisory: wear masks,PPE,48,"{""nurses"":27,""doctors"":11,""support"":10}",54,68,25,30,6,6,15,3,12,205
2019-01-29,1,0,None,60,23,17,168,201,Normal,PPE,39,"{""nurses"":21,""doctors"":9,""support"":9}",35,54,21,15,6,5,12,4,7,132
2019-01-30,2,0,None,184,22,10,208,212,Normal,PPE,47,"{""nurses"":26,""doctors"":11,""support"":10}",37,55,18,22,6,11,11,4,15,168
2019-01-31,3,0,None,166,22,14,237,216,Normal,PPE,52,"{""nurses"":30,""doctors"":12,""support"":10}",52,70,26,26,8,9,9,7,7,214
2019-02-01,4,0,None,259,22,16,186,216,Air Quality Alert: masks recommended; increase respiratory stock,PPE,43,"{""nurses"":24,""doctors"":10,""support"":9}",35,33,22,28,5,8,8,3,15,141
2019-02-02,5,1,None,278,22,24,222,230,Air Quality Alert: masks recommended; increase respiratory stock,PPE,50,"{""nurses"":28,""doctors"":12,""support"":10}",48,76,32,28,2,7,8,4,8,182
2019-02-03,6,1,None,110,23,24,199,208,Normal,PPE,44,"{""nurses"":25,""doctors"":10,""support"":9}",53,59,21,16,5,10,13,8,5,173
2019-02-04,0,0,None,71,24,22,218,223,Normal,PPE,49,"{""nurses"":28,""doctors"":11,""support"":10}",42,67,23,13,8,15,23,4,6,201
2019-02-05,1,0,None,115,24,29,254,245,High Demand: activate surge plan; postpone elective procedures; open triage tents; public advisory: wear masks,PPE,56,"{""nurses"":32,""doctors"":13,""support"":11}",57,63,26,36,8,13,20,3,21,250
2019-02-06,2,0,None,125,23,17,226,254,Normal,PPE,51,"{""nurses"":29,""doctors"":12,""support"":10}",62,53,26,24,1,8,16,4,13,197
2019-02-07,3,0,None,195,22,20,267,258,High Demand: activate surge plan; postpone elective procedures; open triage tents; public advisory: wear masks,PPE,59,"{""nurses"":34,""doctors"":14,""support"":11}",53,75,26,22,9,9,16,2,21,222
2019-02-08,4,0,None,198,20,18,267,269,High Demand: activate surge plan; postpone elective procedures; open triage tents; public advisory: wear masks,PPE,59,"{""nurses"":34,""doctors"":14,""support"":11}",57,69,36,43,3,6,13,2,13,222
2019-02-09,5,1,None,216,20,24,231,277,Air Quality Alert: masks recommended; increase respiratory stock,PPE,51,"{""nurses"":29,""doctors"":12,""support"":10}",53,70,31,26,5,13,16,4,7,170
2019-02-10,6,1,None,200,21,23,199,245,Normal,PPE,44,"{""nurses"":25,""doctors"":10,""support"":9}",45,48,22,29,7,6,11,4,10,185
2019-02-11,0,0,None,340,23,23,203,232,High Demand: activate surge plan; postpone elective procedures; open triage tents; public advisory: wear masks,PPE,47,"{""nurses"":26,""doctors"":11,""support"":10}",44,57,13,26,5,10,9,5,15,167
2019-02-12,1,0,None,261,26,22,174,200,Air Quality Alert: masks recommended; increase respiratory stock,PPE,40,"{""nurses"":22,""doctors"":9,""support"":9}",42,75,31,24,5,5,8,6,9,168
2019-02-13,2,0,None,237,25,13,232,212,Air Quality Alert: masks recommended; increase respiratory stock,PPE,51,"{""nurses"":29,""doctors"":12,""support"":10}",47,69,23,26,7,10,16,8,11,180
2019-02-14,3,0,None,117,24,27,217,215,Normal,PPE,49,"{""nurses"":28,""doctors"":11,""support"":10}",55,72,19,15,7,5,15,4,12,221
2019-02-15,4,0,None,180,23,21,205,228,Normal,PPE,47,"{""nurses"":26,""doctors"":11,""support"":10}",68,55,24,23,8,7,12,4,10,174
2019-02-16,5,1,None,223,22,19,191,213,Air Quality Alert: masks recommended; increase respiratory stock,PPE,43,"{""nurses"":24,""doctors"":10,""support"":9}",52,43,23,22,5,3,16,5,9,159
2019-02-17,6,1,None,105,22,31,219,226,Normal,PPE,49,"{""nurses"":28,""doctors"":11,""support"":10}",47,68,31,25,7,9,10,1,9,191
2019-02-18,0,0,None,164,23,17,202,221,Normal,PPE,47,"{""nurses"":26,""doctors"":11,""support"":10}",54,52,22,25,5,5,8,0,11,174
2019-02-19,1,0,None,148,23,15,188,221,Normal,PPE,43,"{""nurses"":24,""doctors"":10,""support"":9}",36,60,18,27,5,9,13,3,13,149
2019-02-20,2,0,None,192,24,21,182,196,Normal,PPE,42,"{""nurses"":23,""doctors"":10,""support"":9}",37,62,15,23,4,7,5,3,10,143
2019-02-21,3,0,None,184,24,26,197,205,Normal,PPE,44,"{""nurses"":25,""doctors"":10,""support"":9}",47,65,20,24,7,10,15,6,10,158
2019-02-22,4,0,None,255,25,18,192,202,Air Quality Alert: masks recommended; increase respiratory stock,PPE,43,"{""nurses"":24,""doctors"":10,""support"":9}",39,39,28,21,6,8,12,6,14,163
2019-02-23,5,1,None,216,26,22,271,228,High Demand: activate surge plan; postpone elective procedures; open triage tents; public advisory: wear masks,PPE,59,"{""nurses"":34,""doctors"":14,""support"":11}",58,71,30,26,7,6,14,5,13,237
2019-02-24,6,1,None,219,25,25,228,252,Air Quality Alert: masks recommended; increase respiratory stock,PPE,51,"{""nurses"":29,""doctors"":12,""support"":10}",50,65,22,29,7,13,10,4,13,229
2019-02-25,0,0,None,157,24,18,169,242,Normal,PPE,40,"{""nurses"":22,""doctors"":9,""support"":9}",53,53,20,14,6,6,12,3,12,147
2019-02-26,1,0,None,146,25,19,183,203,Normal,PPE,42,"{""nurses"":23,""doctors"":10,""support"":9}",42,56,29,21,7,9,12,2,15,151
2019-02-27,2,0,None,228,23,7,191,189,Air Quality Alert: masks recommended; increase respiratory stock,PPE,43,"{""nurses"":24,""doctors"":10,""support"":9}",27,35,13,20,6,11,11,7,5,158
2019-02-28,3,0,None,146,24,14,194,202,Normal,PPE,44,"{""nurses"":25,""doctors"":10,""support"":9}",36,44,26,18,8,6,9,3,9,154
2019-03-01,4,0,None,94,23,22,224,215,Normal,PPE,50,"{""nurses"":28,""doctors"":12,""support"":10}",64,60,16,16,2,7,10,2,11,188
2019-03-02,5,1,None,132,24,22,262,241,Normal,PPE,58,"{""nurses"":33,""doctors"":14,""support"":11}",54,70,36,18,13,9,14,6,7,228
2019-03-03,6,1,None,30,24,26,228,260,Normal,PPE,51,"{""nurses"":29,""doctors"":12,""support"":10}",50,49,27,16,4,7,14,4,8,184
2019-03-04,0,0,None,90,24,25,201,246,Normal,PPE,47,"{""nurses"":26,""doctors"":11,""support"":10}",47,56,22,26,8,6,12,7,6,173
2019-03-05,1,0,None,69,24,15,237,231,Normal,PPE,52,"{""nurses"":30,""doctors"":12,""support"":10}",47,65,26,21,6,9,21,4,13,196
2019-03-06,2,0,None,218,23,22,295,252,Air Quality Alert: masks recommended; increase respiratory stock,PPE,63,"{""nurses"":37,""doctors"":15,""support"":11}",65,68,24,39,10,14,25,3,16,262
2019-03-07,3,0,None,236,23,19,243,271,Air Quality Alert: masks recommended; increase respiratory stock,PPE,54,"{""nurses"":31,""doctors"":13,""support"":10}",57,65,25,28,13,9,16,4,9,210
2019-03-08,4,0,None,193,24,208,430,349,High Demand: activate surge plan; postpone elective procedures; open triage tents; public advisory: wear masks,PPE,90,"{""nurses"":54,""doctors"":22,""support"":14}",155,352,47,49,19,22,35,5,19,496
2019-03-09,5,1,None,152,26,22,256,323,Normal,PPE,56,"{""nurses"":32,""doctors"":13,""support"":11}",64,78,33,32,4,9,13,6,15,250
2019-03-10,6,1,None,30,25,17,193,308,Normal,PPE,44,"{""nurses"":25,""doctors"":10,""support"":9}",46,49,23,19,9,6,9,2,11,175
2019-03-11,0,0,None,211,24,22,203,231,Air Quality Alert: masks recommended; increase respiratory stock,PPE,47,"{""nurses"":26,""doctors"":11,""support"":10}",57,62,30,20,4,11,9,6,10,159
2019-03-12,1,0,None,202,24,20,249,231,Air Quality Alert: masks recommended; increase respiratory stock,PPE,55,"{""nurses"":32,""doctors"":13,""support"":10}",59,68,34,34,6,11,22,5,9,239
2019-03-13,2,0,None,80,24,12,228,245,Normal,PPE,51,"{""nurses"":29,""doctors"":12,""support"":10}",47,50,35,22,10,12,9,4,10,195
2019-03-14,3,0,None,133,24,29,218,242,Normal,PPE,49,"{""nurses"":28,""doctors"":11,""support"":10}",52,63,23,29,3,5,15,2,18,213
2019-03-15,4,0,None,209,26,19,194,223,Air Quality Alert: masks recommended; increase respiratory stock,PPE,44,"{""nurses"":25,""doctors"":10,""support"":9}",54,67,26,34,8,4,16,3,12,150
2019-03-16,5,1,None,122,25,17,252,232,Normal,PPE,56,"{""nurses"":32,""doctors"":13,""support"":11}",58,66,34,35,5,8,13,4,15,225
2019-03-17,6,1,Holi,144,25,27,214,229,Normal,PPE,48,"{""nurses"":27,""doctors"":11,""support"":10}",45,67,23,26,4,10,13,8,11,191
2019-03-18,0,0,Holi,100,25,26,245,247,Normal,PPE,54,"{""nurses"":31,""doctors"":13,""support"":10}",48,87,27,22,7,14,12,10,11,198
2019-03-19,1,0,Holi,170,26,28,313,269,High Demand: activate surge plan; postpone elective procedures; open triage tents; public advisory: wear masks,PPE,68,"{""nurses"":40,""doctors"":16,""support"":12}",80,90,41,42,9,17,15,4,17,263
2019-03-20,2,0,None,195,25,18,273,289,Normal,PPE,60,"{""nurses"":35,""doctors"":14,""support"":11}",72,72,28,30,3,13,17,4,14,236
2019-03-21,3,0,None,146,25,30,220,281,Normal,PPE,49,"{""nurses"":28,""doctors"":11,""support"":10}",42,61,23,24,10,6,16,2,11,189
2019-03-22,4,0,None,89,24,17,219,249,Normal,PPE,49,"{""nurses"":28,""doctors"":11,""support"":10}",46,54,33,20,5,15,8,4,7,180
2019-03-23,5,1,None,187,27,26,319,262,High Demand: activate surge plan; postpone elective procedures; open triage tents; public advisory: wear masks,PPE,68,"{""nurses"":40,""doctors"":16,""support"":12}",51,75,38,36,10,13,21,8,15,311
2019-03-24,6,1,None,129,29,21,184,249,Normal,PPE,42,"{""nurses"":23,""doctors"":10,""support"":9}",58,69,21,23,5,2,13,4,12,135
2019-03-25,0,0,None,88,29,22,238,270,Normal,PPE,52,"{""nurses"":30,""doctors"":12,""support"":10}",50,69,17,20,6,9,13,2,13,220
2019-03-26,1,0,None,142,29,12,248,238,Normal,PPE,54,"{""nurses"":31,""doctors"":13,""support"":10}",45,62,38,30,8,8,14,4,14,207
2019-03-27,2,0,None,106,27,18,251,254,Normal,PPE,56,"{""nurses"":32,""doctors"":13,""support"":11}",46,55,25,26,6,8,6,6,6,201
2019-03-28,3,0,None,94,26,24,231,256,Normal,PPE,51,"{""nurses"":29,""doctors"":12,""support"":10}",62,60,24,22,11,3,14,5,9,209
2019-03-29,4,0,None,172,27,13,246,251,Normal,PPE,54,"{""nurses"":31,""doctors"":13,""support"":10}",49,66,24,21,7,5,17,3,7,215
2019-03-30,5,1,None,129,27,12,213,241,Normal,PPE,48,"{""nurses"":27,""doctors"":11,""support"":10}",40,54,36,18,8,11,13,2,8,178
2019-03-31,6,1,None,146,28,26,170,219,Normal,PPE,40,"{""nurses"":22,""doctors"":9,""support"":9}",44,73,16,21,7,11,13,5,7,157
2019-04-01,0,0,None,124,27,17,274,240,Normal,PPE,60,"{""nurses"":35,""doctors"":14,""support"":11}",55,67,33,46,8,17,19,4,14,216
2019-04-02,1,0,None,141,26,12,244,247,Normal,PPE,54,"{""nurses"":31,""doctors"":13,""support"":10}",39,56,30,27,8,8,13,4,8,194
2019-04-03,2,0,None,131,27,22,252,271,Normal,PPE,56,"{""nurses"":32,""doctors"":13,""support"":11}",44,70,23,23,9,7,13,6,14,201
2019-04-04,3,0,None,237,27,21,253,272,Air Quality Alert: masks recommended; increase respiratory stock,PPE,56,"{""nurses"":32,""doctors"":13,""support"":11}",50,68,33,28,12,13,24,7,17,211
2019-04-05,4,0,None,239,28,17,282,277,Air Quality Alert: masks recommended; increase respiratory stock,PPE,62,"{""nurses"":36,""doctors"":15,""support"":11}",58,74,26,34,6,13,15,1,11,224
2019-04-06,5,1,None,30,27,23,265,287,Normal,PPE,59,"{""nurses"":34,""doctors"":14,""support"":11}",47,92,35,34,7,11,17,0,17,245
2019-04-07,6,1,None,147,27,19,265,285,Normal,PPE,59,"{""nurses"":34,""doctors"":14,""support"":11}",55,72,32,25,13,7,17,4,12,214
2019-04-08,0,0,None,85,27,27,260,281,Normal,PPE,57,"{""nurses"":33,""doctors"":13,""support"":11}",47,73,35,23,6,12,9,3,18,200
2019-04-09,1,0,None,63,28,28,321,296,High Demand: activate surge plan; postpone elective procedures; open triage tents; public advisory: wear masks,PPE,70,"{""nurses"":41,""doctors"":17,""support"":12}",73,94,41,18,9,16,25,5,12,301
2019-04-10,2,0,None,188,27,21,237,282,Normal,PPE,52,"{""nurses"":30,""doctors"":12,""support"":10}",50,64,37,27,6,13,9,1,17,230
2019-04-11,3,0,None,124,28,19,258,296,Normal,PPE,57,"{""nurses"":33,""doctors"":13,""support"":11}",63,65,25,24,6,6,17,6,13,231
2019-04-12,4,0,None,130,28,25,225,258,Normal,PPE,51,"{""nurses"":29,""doctors"":12,""support"":10}",47,57,27,25,7,7,13,6,11,185
2019-04-13,5,1,None,76,29,33,284,278,Normal,PPE,62,"{""nurses"":36,""doctors"":15,""support"":11}",62,105,36,26,7,13,17,6,18,237
2019-04-14,6,1,None,165,29,24,249,263,Normal,PPE,55,"{""nurses"":32,""doctors"":13,""support"":10}",54,52,30,23,5,9,18,5,12,242
2019-04-15,0,0,None,146,29,20,263,282,Normal,PPE,58,"{""nurses"":33,""doctors"":14,""support"":11}",55,81,37,19,7,9,14,7,13,232
2019-04-16,1,0,None,188,29,21,223,267,Normal,PPE,50,"{""nurses"":28,""doctors"":12,""support"":10}",56,52,34,27,7,7,9,6,10,177
2019-04-17,2,0,None,117,28,14,225,257,Normal,PPE,51,"{""nurses"":29,""doctors"":12,""support"":10}",47,67,24,16,6,19,12,6,10,204
2019-04-18,3,0,None,162,27,23,271,247,Normal,PPE,59,"{""nurses"":34,""doctors"":14,""support"":11}",61,79,36,27,6,15,24,2,10,238
2019-04-19,4,0,None,182,28,18,219,250,Normal,PPE,49,"{""nurses"":28,""doctors"":11,""support"":10}",48,57,13,29,7,15,18,5,9,189
2019-04-20,5,1,None,116,28,22,212,242,Normal,PPE,48,"{""nurses"":27,""doctors"":11,""support"":10}",39,66,33,19,8,5,12,9,14,186
2019-04-21,6,1,None,211,28,22,210,223,Air Quality Alert: masks recommended; increase respiratory stock,PPE,48,"{""nurses"":27,""doctors"":11,""support"":10}",47,67,19,28,7,11,11,4,9,184
2019-04-22,0,0,None,149,28,20,271,253,Normal,PPE,59,"{""nurses"":34,""doctors"":14,""support"":11}",66,66,33,25,11,17,21,7,19,232
2019-04-23,1,0,None,64,28,12,224,255,Normal,PPE,50,"{""nurses"":28,""doctors"":12,""support"":10}",49,64,22,29,7,7,16,4,12,189
2019-04-24,2,0,None,148,28,15,189,248,Normal,PPE,43,"{""nurses"":24,""doctors"":10,""support"":9}",33,33,18,17,7,10,8,5,10,158
2019-04-25,3,0,None,126,29,22,217,226,Normal,PPE,49,"{""nurses"":28,""doctors"":11,""support"":10}",43,67,24,24,4,10,11,3,9,179
2019-04-26,4,0,None,103,29,15,250,225,Normal,PPE,55,"{""nurses"":32,""doctors"":13,""support"":10}",42,70,21,23,11,6,15,5,10,233
2019-04-27,5,1,None,124,31,17,257,251,Normal,PPE,57,"{""nurses"":33,""doctors"":13,""support"":11}",53,65,27,33,10,17,10,2,16,207
2019-04-28,6,1,None,228,30,24,222,260,Air Quality Alert: masks recommended; increase respiratory stock,PPE,50,"{""nurses"":28,""doctors"":12,""support"":10}",51,61,23,28,7,8,6,4,13,189
2019-04-29,0,0,None,124,29,24,222,247,Normal,PPE,50,"{""nurses"":28,""doctors"":12,""support"":10}",49,57,29,15,6,11,19,1,12,181
2019-04-30,1,0,None,103,29,18,213,234,Normal,PPE,48,"{""nurses"":27,""doctors"":11,""support"":10}",43,48,21,20,8,13,11,1,12,186
2019-05-01,2,0,None,54,28,19,232,243,Normal,PPE,51,"{""nurses"":29,""doctors"":12,""support"":10}",51,57,31,24,5,15,14,4,9,193
2019-05-02,3,0,None,158,28,20,188,219,Normal,PPE,43,"{""nurses"":24,""doctors"":10,""support"":9}",44,69,24,29,4,2,13,5,6,154
2019-05-03,4,0,None,123,28,20,176,207,Normal,PPE,40,"{""nurses"":22,""doctors"":9,""support"":9}",40,69,10,19,5,9,9,7,9,152
2019-05-04,5,1,None,92,29,18,227,203,Normal,PPE,51,"{""nurses"":29,""doctors"":12,""support"":10}",52,64,22,25,10,11,12,6,9,203
2019-05-05,6,1,None,214,29,26,276,235,High Demand: activate surge plan; postpone elective procedures; open triage tents; public advisory: wear masks,PPE,60,"{""nurses"":35,""doctors"":14,""support"":11}",60,69,34,43,9,12,14,9,12,249
2019-05-06,0,0,None,133,28,21,218,256,Normal,PPE,49,"{""nurses"":28,""doctors"":11,""support"":10}",41,69,25,22,9,9,12,8,16,180
2019-05-07,1,0,None,78,28,17,238,254,Normal,PPE,52,"{""nurses"":30,""doctors"":12,""support"":10}",52,65,39,18,4,8,22,6,7,188
2019-05-08,2,0,None,176,29,21,275,261,High Demand: activate surge plan; postpone elective procedures; open triage tents; public advisory: wear masks,PPE,60,"{""nurses"":35,""doctors"":14,""support"":11}",53,59,26,21,12,18,16,3,19,214
2019-05-09,3,0,None,97,29,15,241,263,Normal,PPE,54,"{""nurses"":31,""doctors"":13,""support"":10}",46,74,27,22,7,12,17,9,12,187
2019-05-10,4,0,None,132,29,13,171,237,Normal,PPE,40,"{""nurses"":22,""doctors"":9,""support"":9}",42,47,20,17,7,8,10,2,10,157
2019-05-11,5,1,None,101,29,17,262,246,High Demand: activate surge plan; postpone elective procedures; open triage tents; public advisory: wear masks,PPE,58,"{""nurses"":33,""doctors"":14,""support"":11}",42,60,37,26,10,15,17,4,10,223
2019-05-12,6,1,None,134,28,23,255,239,Normal,PPE,56,"{""nurses"":32,""doctors"":13,""support"":11}",62,66,19,30,10,9,13,4,11,223
2019-05-13,0,0,None,96,29,18,250,275,Normal,PPE,55,"{""nurses"":32,""doctors"":13,""support"":10}",55,74,27,31,7,7,16,5,18,204
2019-05-14,1,0,None,48,29,14,172,244,Normal,PPE,40,"{""nurses"":22,""doctors"":9,""support"":9}",46,47,26,21,8,10,14,0,6,159
2019-05-15,2,0,None,161,29,15,195,217,Normal,PPE,44,"{""nurses"":25,""doctors"":10,""support"":9}",46,55,16,29,6,9,15,3,8,189
2019-05-16,3,0,None,97,28,18,198,206,Normal,PPE,44,"{""nurses"":25,""doctors"":10,""support"":9}",43,37,17,23,10,9,15,2,15,166
2019-05-17,4,0,None,180,29,16,184,203,Normal,PPE,42,"{""nurses"":23,""doctors"":10,""support"":9}",35,28,19,22,5,8,9,3,10,166
2019-05-18,5,1,None,156,29,22,234,222,Normal,PPE,52,"{""nurses"":30,""doctors"":12,""support"":10}",48,56,24,26,5,11,18,0,7,217
2019-05-19,6,1,None,158,30,16,252,232,Normal,PPE,56,"{""nurses"":32,""doctors"":13,""support"":11}",45,69,30,20,5,5,13,11,14,198
2019-05-20,0,0,None,134,29,21,244,255,Normal,PPE,54,"{""nurses"":31,""doctors"":13,""support"":10}",63,64,28,24,5,8,18,8,18,183
2019-05-21,1,0,None,146,30,16,216,245,Normal,PPE,48,"{""nurses"":27,""doctors"":11,""support"":10}",53,49,27,29,10,6,12,8,7,191
2019-05-22,2,0,None,149,29,22,255,255,Normal,PPE,56,"{""nurses"":32,""doctors"":13,""support"":11}",51,67,33,21,6,9,18,2,19,206
2019-05-23,3,0,None,173,30,18,234,251,Normal,PPE,52,"{""nurses"":30,""doctors"":12,""support"":10}",57,63,27,30,4,5,18,5,20,211
2019-05-24,4,0,None,30,30,19,177,244,Normal,PPE,41,"{""nurses"":23,""doctors"":9,""support"":9}",33,56,14,21,5,4,11,3,7,172
2019-05-25,5,1,None,130,30,20,296,252,High Demand: activate surge plan; postpone elective procedures; open triage tents; public advisory: wear masks,PPE,63,"{""nurses"":37,""doctors"":15,""support"":11}",78,76,31,32,12,5,19,6,15,261
2019-05-26,6,1,None,141,30,24,255,260,Normal,PPE,56,"{""nurses"":32,""doctors"":13,""support"":11}",65,59,31,29,8,8,18,7,12,212
2019-05-27,0,0,None,146,30,22,239,272,Normal,PPE,52,"{""nurses"":30,""doctors"":12,""support"":10}",50,82,36,27,5,10,17,7,11,183
2019-05-28,1,0,None,139,30,15,204,244,Normal,PPE,47,"{""nurses"":26,""doctors"":11,""support"":10}",40,51,29,20,10,5,16,5,8,170
2019-05-29,2,0,None,171,30,18,180,226,Normal,PPE,41,"{""nurses"":23,""doctors"":9,""support"":9}",42,52,13,15,8,6,12,2,11,147
2019-05-30,3,0,None,116,30,24,230,219,Normal,PPE,51,"{""nurses"":29,""doctors"":12,""support"":10}",57,61,25,17,1,13,7,5,12,177
2019-05-31,4,0,None,167,30,23,221,224,Normal,PPE,50,"{""nurses"":28,""doctors"":12,""support"":10}",51,51,18,11,13,7,20,7,8,181
2019-06-01,5,1,None,102,30,18,252,242,High Demand: activate surge plan; postpone elective procedures; open triage tents; public advisory: wear masks,PPE,56,"{""nurses"":32,""doctors"":13,""support"":11}",59,53,29,25,10,12,17,4,8,202
2019-06-02,6,1,None,36,30,21,184,225,Normal,PPE,42,"{""nurses"":23,""doctors"":10,""support"":9}",50,72,20,14,6,7,9,3,9,176
2019-06-03,0,0,None,98,30,20,157,206,Normal,PPE,37,"{""nurses"":20,""doctors"":8,""support"":9}",37,56,22,22,6,10,7,5,6,126
2019-06-04,1,0,None,93,30,23,178,180,Normal,PPE,41,"{""nurses"":23,""doctors"":9,""support"":9}",44,59,18,24,5,5,13,2,7,169
2019-06-05,2,0,None,146,30,19,204,185,Normal,PPE,47,"{""nurses"":26,""doctors"":11,""support"":10}",40,43,26,25,5,6,11,4,6,176
2019-06-06,3,0,None,60,30,26,202,208,Normal,PPE,47,"{""nurses"":26,""doctors"":11,""support"":10}",48,90,31,20,7,3,8,2,6,185
2019-06-07,4,0,None,39,30,10,190,217,Normal,PPE,43,"{""nurses"":24,""doctors"":10,""support"":9}",34,34,33,16,7,13,12,3,9,147
2019-06-08,5,1,None,59,31,22,154,195,Normal,PPE,37,"{""nurses"":20,""doctors"":8,""support"":9}",30,66,17,8,6,8,6,5,7,134
2019-06-09,6,1,None,51,31,25,169,187,Normal,PPE,40,"{""nurses"":22,""doctors"":9,""support"":9}",33,58,24,19,4,7,12,5,7,150
2019-06-10,0,0,None,82,30,14,168,179,Normal,PPE,39,"{""nurses"":21,""doctors"":9,""support"":9}",33,45,24,20,5,11,10,4,7,124
2019-06-11,1,0,None,20,30,27,144,165,Normal,PPE,34,"{""nurses"":18,""doctors"":8,""support"":8}",45,35,24,21,4,4,11,1,4,126
2019-06-12,2,0,None,145,28,14,186,183,Normal,PPE,43,"{""nurses"":24,""doctors"":10,""support"":9}",34,44,21,24,7,9,12,2,12,164
2019-06-13,3,0,None,167,27,16,223,197,Normal,PPE,50,"{""nurses"":28,""doctors"":12,""support"":10}",41,57,23,22,1,11,12,3,9,213
2019-06-14,4,0,None,72,27,21,212,227,Normal,PPE,48,"{""nurses"":27,""doctors"":11,""support"":10}",41,72,25,20,7,10,16,6,18,188
2019-06-15,5,1,None,82,27,22,241,237,High Demand: activate surge plan; postpone elective procedures; open triage tents; public advisory: wear masks,PPE,54,"{""nurses"":31,""doctors"":13,""support"":10}",54,81,30,17,9,6,16,9,13,204
2019-06-16,6,1,None,127,28,16,182,225,Normal,PPE,42,"{""nurses"":23,""doctors"":10,""support"":9}",33,65,20,19,8,4,14,4,10,145
2019-06-17,0,0,None,47,28,22,201,223,Normal,PPE,47,"{""nurses"":26,""doctors"":11,""support"":10}",40,60,20,28,4,7,19,1,15,151
2019-06-18,1,0,None,118,27,16,173,202,Normal,PPE,40,"{""nurses"":22,""doctors"":9,""support"":9}",36,50,36,27,4,11,12,0,4,145
2019-06-19,2,0,None,74,28,22,171,200,Normal,PPE,40,"{""nurses"":22,""doctors"":9,""support"":9}",32,64,20,22,10,5,14,4,16,149
2019-06-20,3,0,None,82,28,25,163,185,Normal,PPE,39,"{""nurses"":21,""doctors"":9,""support"":9}",36,58,15,12,4,7,10,3,3,136
2019-06-21,4,0,None,57,28,17,141,165,Normal,PPE,34,"{""nurses"":18,""doctors"":8,""support"":8}",34,45,18,21,4,5,3,2,6,105
2019-06-22,5,1,None,99,29,21,181,166,Normal,PPE,42,"{""nurses"":23,""doctors"":10,""support"":9}",28,50,24,17,7,3,15,5,7,159
2019-06-23,6,1,None,74,28,18,184,174,Normal,PPE,42,"{""nurses"":23,""doctors"":10,""support"":9}",47,70,27,24,3,11,13,1,10,145
2019-06-24,0,0,None,43,28,22,185,196,Normal,PPE,43,"{""nurses"":24,""doctors"":10,""support"":9}",51,56,23,22,4,4,13,2,13,137
2019-06-25,1,0,None,27,28,24,256,214,High Demand: activate surge plan; postpone elective procedures; open triage tents; public advisory: wear masks,PPE,56,"{""nurses"":32,""doctors"":13,""support"":11}",50,66,26,18,1,12,9,9,12,228
2019-06-26,2,0,None,88,28,19,187,226,Normal,PPE,43,"{""nurses"":24,""doctors"":10,""support"":9}",31,51,23,16,4,10,10,1,11,168
2019-06-27,3,0,None,99,27,22,144,207,Normal,PPE,34,"{""nurses"":18,""doctors"":8,""support"":8}",34,49,16,16,5,8,8,3,4,121
2019-06-28,4,0,None,95,27,15,134,173,Normal,PPE,32,"{""nurses"":17,""doctors"":7,""support"":8}",26,39,12,8,1,7,10,3,12,129
2019-06-29,5,1,None,95,27,19,204,174,Normal,PPE,47,"{""nurses"":26,""doctors"":11,""support"":10}",55,51,41,18,7,4,14,2,11,178
2019-06-30,6,1,None,120,26,17,177,189,Normal,PPE,41,"{""nurses"":23,""doctors"":9,""support"":9}",34,65,18,21,5,4,14,5,9,164
2019-07-01,0,0,None,97,26,21,184,195,Normal,PPE,42,"{""nurses"":23,""doctors"":10,""support"":9}",39,48,19,15,6,8,8,3,8,148
2019-07-02,1,0,None,34,27,20,175,185,Normal,PPE,40,"{""nurses"":22,""doctors"":9,""support"":9}",52,50,18,12,3,3,8,5,6,139
2019-07-03,2,0,None,105,27,12,184,187,Normal,PPE,42,"{""nurses"":23,""doctors"":10,""support"":9}",42,43,29,13,3,6,11,3,16,161
2019-07-04,3,0,None,71,27,17,150,187,Normal,PPE,35,"{""nurses"":19,""doctors"":8,""support"":8}",28,42,31,14,3,8,13,5,6,136
2019-07-05,4,0,None,60,27,21,175,183,Normal,PPE,40,"{""nurses"":22,""doctors"":9,""support"":9}",43,47,25,12,4,9,9,6,9,141
2019-07-06,5,1,None,104,26,25,355,248,High Demand: activate surge plan; postpone elective procedures; open triage tents; public advisory: wear masks,PPE,76,"{""nurses"":45,""doctors"":18,""support"":13}",72,92,146,42,10,14,21,14,16,487
2019-07-07,6,1,None,72,27,22,404,327,High Demand: activate surge plan; postpone elective procedures; open triage tents; public advisory: wear masks,PPE,86,"{""nurses"":51,""doctors"":21,""support"":14}",89,109,143,43,21,22,29,5,18,872
2019-07-08,0,0,None,124,27,13,487,444,High Demand: activate surge plan; postpone elective procedures; open triage tents; public advisory: wear masks,PPE,101,"{""nurses"":61,""doctors"":25,""support"":15}",86,115,180,53,14,18,27,9,27,1126
2019-07-09,1,0,None,88,27,23,623,534,High Demand: activate surge plan; postpone elective procedures; open triage tents; public advisory: wear masks,PPE,128,"{""nurses"":78,""doctors"":32,""support"":18}",107,132,181,63,16,22,42,16,33,1095
2019-07-10,2,0,None,111,26,24,438,538,High Demand: activate surge plan; postpone elective procedures; open triage tents; public advisory: wear masks,PPE,91,"{""nurses"":55,""doctors"":22,""support"":14}",90,106,205,44,15,20,21,10,27,637
2019-07-11,3,0,None,108,27,18,335,493,High Demand: activate surge plan; postpone elective procedures; open triage tents; public advisory: wear masks,PPE,71,"{""nurses"":42,""doctors"":17,""support"":12}",66,77,116,42,9,5,14,2,21,704
2019-07-12,4,0,None,87,27,15,207,352,Normal,PPE,47,"{""nurses"":26,""doctors"":11,""support"":10}",47,62,24,15,4,13,13,6,6,165
2019-07-13,5,1,None,101,27,27,208,261,Normal,PPE,47,"{""nurses"":26,""doctors"":11,""support"":10}",70,55,16,16,7,13,20,4,7,173
2019-07-14,6,1,None,115,27,18,152,203,Normal,PPE,36,"{""nurses"":19,""doctors"":8,""support"":9}",28,40,22,14,1,3,4,4,15,119
2019-07-15,0,0,None,102,27,15,193,204,Normal,PPE,44,"{""nurses"":25,""doctors"":10,""support"":9}",55,56,16,20,6,10,14,4,9,171
2019-07-16,1,0,None,57,27,220,407,267,High Demand: activate surge plan; postpone elective procedures; open triage tents; public advisory: wear masks,PPE,86,"{""nurses"":51,""doctors"":21,""support"":14}",159,231,53,44,11,19,22,10,15,497
2019-07-17,2,0,None,90,27,17,219,290,Normal,PPE,49,"{""nurses"":28,""doctors"":11,""support"":10}",39,65,18,13,6,9,18,6,14,161
2019-07-18,3,0,None,92,27,16,202,290,Normal,PPE,47,"{""nurses"":26,""doctors"":11,""support"":10}",50,54,31,22,3,6,9,7,16,172
2019-07-19,4,0,None,96,28,18,159,210,Normal,PPE,37,"{""nurses"":20,""doctors"":8,""support"":9}",44,51,19,11,7,6,11,4,5,136
2019-07-20,5,1,None,84,28,22,190,191,Normal,PPE,43,"{""nurses"":24,""doctors"":10,""support"":9}",34,41,22,14,4,6,7,6,5,160
2019-07-21,6,1,None,120,27,29,130,169,Normal,PPE,32,"{""nurses"":17,""doctors"":7,""support"":8}",30,34,15,12,3,9,14,3,6,136
2019-07-22,0,0,None,92,28,24,174,181,Normal,PPE,40,"{""nurses"":22,""doctors"":9,""support"":9}",45,54,11,16,3,12,18,2,7,145
2019-07-23,1,0,None,158,27,24,135,149,Normal,PPE,32,"{""nurses"":17,""doctors"":7,""support"":8}",37,39,15,19,6,5,10,3,7,129
2019-07-24,2,0,None,137,27,16,132,161,Normal,PPE,32,"{""nurses"":17,""doctors"":7,""support"":8}",28,35,20,12,2,8,9,2,10,110
2019-07-25,3,0,None,49,27,17,130,137,Normal,PPE,32,"{""nurses"":17,""doctors"":7,""support"":8}",28,37,11,10,3,6,9,1,8,132
2019-07-26,4,0,None,88,26,18,193,159,Normal,PPE,44,"{""nurses"":25,""doctors"":10,""support"":9}",49,54,19,9,6,12,9,9,13,179
2019-07-27,5,1,None,119,26,32,219,192,Normal,PPE,49,"{""nurses"":28,""doctors"":11,""support"":10}",58,61,25,25,11,13,14,5,14,215
2019-07-28,6,1,None,56,27,32,206,223,Normal,PPE,47,"{""nurses"":26,""doctors"":11,""support"":10}",37,53,23,16,4,7,13,1,9,189
2019-07-29,0,0,None,98,26,16,246,231,High Demand: activate surge plan; postpone elective procedures; open triage tents; public advisory: wear masks,PPE,54,"{""nurses"":31,""doctors"":13,""support"":10}",50,76,24,26,10,9,14,5,9,207
2019-07-30,1,0,None,71,26,24,139,213,Normal,PPE,33,"{""nurses"":18,""doctors"":7,""support"":8}",41,47,22,13,4,7,14,3,7,131
2019-07-31,2,0,None,132,26,23,174,195,Normal,PPE,40,"{""nurses"":22,""doctors"":9,""support"":9}",47,53,17,18,2,1,8,2,12,138
2019-08-01,3,0,None,73,27,16,176,172,Normal,PPE,40,"{""nurses"":22,""doctors"":9,""support"":9}",36,54,26,21,8,5,10,5,10,156
2019-08-02,4,0,None,136,26,13,198,191,Normal,PPE,44,"{""nurses"":25,""doctors"":10,""support"":9}",33,37,24,15,5,3,14,3,13,171
2019-08-03,5,1,None,71,26,24,209,214,Normal,PPE,48,"{""nurses"":27,""doctors"":11,""support"":10}",52,63,25,15,4,12,17,5,7,179
2019-08-04,6,1,None,84,26,20,177,212,Normal,PPE,41,"{""nurses"":23,""doctors"":9,""support"":9}",46,45,25,26,5,6,8,3,11,163
2019-08-05,0,0,None,89,26,12,223,217,Normal,PPE,50,"{""nurses"":28,""doctors"":12,""support"":10}",57,62,25,32,8,10,19,4,6,163
2019-08-06,1,0,None,74,26,25,179,207,Normal,PPE,41,"{""nurses"":23,""doctors"":9,""support"":9}",58,65,30,8,4,4,12,3,7,146
2019-08-07,2,0,None,165,27,25,185,216,Normal,PPE,43,"{""nurses"":24,""doctors"":10,""support"":9}",30,61,26,28,5,5,12,5,8,158
2019-08-08,3,0,None,110,27,17,157,178,Normal,PPE,37,"{""nurses"":20,""doctors"":8,""support"":9}",27,36,21,17,5,2,10,1,5,137
2019-08-09,4,0,None,107,27,23,198,197,Normal,PPE,44,"{""nurses"":25,""doctors"":10,""support"":9}",37,51,22,27,7,6,12,3,6,166
2019-08-10,5,1,None,131,27,28,181,185,Normal,PPE,42,"{""nurses"":23,""doctors"":10,""support"":9}",50,69,21,19,3,8,14,7,4,166
2019-08-11,6,1,None,84,27,20,199,211,Normal,PPE,44,"{""nurses"":25,""doctors"":10,""support"":9}",49,54,26,19,12,8,18,3,3,164
2019-08-12,0,0,None,101,27,25,154,183,Normal,PPE,37,"{""nurses"":20,""doctors"":8,""support"":9}",41,62,25,16,3,6,5,4,7,161
2019-08-13,1,0,None,95,27,22,333,247,High Demand: activate surge plan; postpone elective procedures; open triage tents; public advisory: wear masks,PPE,71,"{""nurses"":42,""doctors"":17,""support"":12}",63,68,87,32,10,19,29,6,16,638
2019-08-14,2,0,None,109,27,24,445,334,High Demand: activate surge plan; postpone elective procedures; open triage tents; public advisory: wear masks,PPE,93,"{""nurses"":56,""doctors"":23,""support"":14}",95,105,197,41,11,18,24,11,19,595
2019-08-15,3,0,None,97,26,32,620,487,High Demand: activate surge plan; postpone elective procedures; open triage tents; public advisory: wear masks,PPE,127,"{""nurses"":78,""doctors"":31,""support"":18}",110,157,163,57,17,25,37,13,37,1103
2019-08-16,4,0,None,108,27,23,485,547,High Demand: activate surge plan; postpone elective procedures; open triage tents; public advisory: wear masks,PPE,101,"{""nurses"":61,""doctors"":25,""support"":15}",102,124,181,55,7,12,23,11,23,1150
2019-08-17,5,1,None,122,27,13,361,517,High Demand: activate surge plan; postpone elective procedures; open triage tents; public advisory: wear masks,PPE,78,"{""nurses"":46,""doctors"":19,""support"":13}",74,101,180,35,7,17,14,3,23,517
2019-08-18,6,1,None,125,27,26,386,439,High Demand: activate surge plan; postpone elective procedures; open triage tents; public advisory: wear masks,PPE,82,"{""nurses"":49,""doctors"":20,""support"":13}",89,102,161,30,17,17,24,7,24,691
2019-08-19,0,0,None,136,27,22,292,372,High Demand: activate surge plan; postpone elective procedures; open triage tents; public advisory: wear masks,PPE,63,"{""nurses"":37,""doctors"":15,""support"":11}",47,90,102,26,9,12,20,6,11,632
2019-08-20,1,0,None,46,27,15,275,337,Normal,PPE,60,"{""nurses"":35,""doctors"":14,""support"":11}",61,71,95,32,12,9,14,12,13,483
2019-08-21,2,0,None,59,27,12,151,256,Normal,PPE,36,"{""nurses"":19,""doctors"":8,""support"":9}",34,48,18,21,5,3,8,4,9,148
2019-08-22,3,0,None,51,26,30,196,214,Normal,PPE,44,"{""nurses"":25,""doctors"":10,""support"":9}",56,77,32,16,4,8,8,1,6,198
2019-08-23,4,0,None,109,26,19,201,200,Normal,PPE,47,"{""nurses"":26,""doctors"":11,""support"":10}",51,61,13,24,7,10,7,7,5,154
2019-08-24,5,1,None,44,26,29,159,192,Normal,PPE,37,"{""nurses"":20,""doctors"":8,""support"":9}",41,41,21,16,2,7,11,2,7,148
2019-08-25,6,1,None,52,26,28,203,206,Normal,PPE,47,"{""nurses"":26,""doctors"":11,""support"":10}",43,72,17,22,5,6,13,2,10,194
2019-08-26,0,0,None,100,27,24,217,201,Normal,PPE,49,"{""nurses"":28,""doctors"":11,""support"":10}",63,62,23,25,4,7,10,5,11,208
2019-08-27,1,0,GaneshChaturthi,203,26,41,246,237,Air Quality Alert: masks recommended; increase respiratory stock,PPE,54,"{""nurses"":31,""doctors"":13,""support"":10}",63,98,24,24,7,7,11,3,11,232
2019-08-28,2,0,GaneshChaturthi,222,26,32,251,247,Air Quality Alert: masks recommended; increase respiratory stock,PPE,56,"{""nurses"":32,""doctors"":13,""support"":11}",78,80,38,38,4,9,13,5,10,210
2019-08-29,3,0,GaneshChaturthi,80,27,41,276,278,Normal,PPE,60,"{""nurses"":35,""doctors"":14,""support"":11}",79,132,30,32,9,10,22,7,19,242
2019-08-30,4,0,GaneshChaturthi,143,27,37,259,277,Normal,PPE,57,"{""nurses"":33,""doctors"":13,""support"":11}",78,109,46,39,5,10,15,3,9,234
2019-08-31,5,1,GaneshChaturthi,164,27,33,231,275,Normal,PPE,51,"{""nurses"":29,""doctors"":12,""support"":10}",56,100,31,22,10,11,17,3,7,199
2019-09-01,6,1,GaneshChaturthi,232,27,44,242,254,High Demand: activate surge plan; postpone elective procedures; open triage tents; public advisory: wear masks,PPE,54,"{""nurses"":31,""doctors"":13,""support"":10}",76,92,18,25,4,19,15,4,8,213
2019-09-02,0,0,GaneshChaturthi,247,27,52,290,269,High Demand: activate surge plan; postpone elective procedures; open triage tents; public advisory: wear masks,PPE,63,"{""nurses"":37,""doctors"":15,""support"":11}",76,98,38,35,11,7,11,9,7,245
2019-09-03,1,0,None,95,26,19,260,279,High Demand: activate surge plan; postpone elective procedures; open triage tents; public advisory: wear masks,PPE,57,"{""nurses"":33,""doctors"":13,""support"":11}",56,68,37,28,12,6,18,7,14,233
2019-09-04,2,0,None,95,26,12,215,271,Normal,PPE,48,"{""nurses"":27,""doctors"":11,""support"":10}",59,58,40,21,8,7,10,5,12,167
2019-09-05,3,0,None,75,26,26,174,224,Normal,PPE,40,"{""nurses"":22,""doctors"":9,""support"":9}",44,66,10,16,4,6,11,6,9,121
2019-09-06,4,0,None,72,26,22,209,217,Normal,PPE,48,"{""nurses"":27,""doctors"":11,""support"":10}",45,72,21,21,7,6,12,8,7,166
2019-09-07,5,1,None,103,27,17,192,202,Normal,PPE,43,"{""nurses"":24,""doctors"":10,""support"":9}",37,58,27,17,3,4,12,5,9,152
2019-09-08,6,1,None,39,26,28,169,203,Normal,PPE,40,"{""nurses"":22,""doctors"":9,""support"":9}",43,79,22,17,2,3,11,4,14,155
2019-09-09,0,0,None,137,27,18,165,191,Normal,PPE,39,"{""nurses"":21,""doctors"":9,""support"":9}",43,58,16,18,7,8,9,4,6,123
2019-09-10,1,0,None,121,27,19,202,198,Normal,PPE,47,"{""nurses"":26,""doctors"":11,""support"":10}",38,57,25,19,3,10,11,2,6,194
2019-09-11,2,0,None,88,27,27,174,199,Normal,PPE,40,"{""nurses"":22,""doctors"":9,""support"":9}",47,60,19,15,7,9,12,4,9,164
2019-09-12,3,0,None,42,26,27,239,222,Normal,PPE,52,"{""nurses"":30,""doctors"":12,""support"":10}",53,58,40,26,2,15,19,7,9,202
2019-09-13,4,0,None,131,26,23,209,227,Normal,PPE,48,"{""nurses"":27,""doctors"":11,""support"":10}",54,62,14,24,10,6,11,9,8,187
2019-09-14,5,1,None,97,26,17,151,206,Normal,PPE,36,"{""nurses"":19,""doctors"":8,""support"":9}",25,45,11,19,7,2,7,4,11,129
2019-09-15,6,1,None,125,26,21,206,209,Normal,PPE,47,"{""nurses"":26,""doctors"":11,""support"":10}",41,57,32,18,9,5,13,5,9,200
2019-09-16,0,0,None,37,26,15,162,178,Normal,PPE,39,"{""nurses"":21,""doctors"":9,""support"":9}",29,41,18,20,4,12,11,3,12,143
2019-09-17,1,0,None,124,27,24,177,198,Normal,PPE,41,"{""nurses"":23,""doctors"":9,""support"":9}",37,61,13,18,5,5,11,7,7,154
2019-09-18,2,0,None,104,27,16,171,187,Normal,PPE,40,"{""nurses"":22,""doctors"":9,""support"":9}",31,44,21,18,3,6,13,6,10,147
2019-09-19,3,0,None,51,26,18,157,176,Normal,PPE,37,"{""nurses"":20,""doctors"":8,""support"":9}",40,48,21,22,5,9,7,4,7,164
2019-09-20,4,0,None,77,27,22,139,168,Normal,PPE,33,"{""nurses"":18,""doctors"":7,""support"":8}",47,47,19,13,2,4,7,2,6,108
2019-09-21,5,1,None,79,27,24,198,177,Normal,PPE,44,"{""nurses"":25,""doctors"":10,""support"":9}",48,62,29,20,8,8,10,4,13,166
2019-09-22,6,1,None,102,27,23,146,176,Normal,PPE,35,"{""nurses"":19,""doctors"":8,""support"":8}",45,37,30,17,2,8,10,1,6,109
2019-09-23,0,0,None,84,27,17,182,189,Normal,PPE,42,"{""nurses"":23,""doctors"":10,""support"":9}",51,40,23,23,5,10,19,5,16,148
2019-09-24,1,0,None,91,27,9,145,176,Normal,PPE,35,"{""nurses"":19,""doctors"":8,""support"":8}",26,35,21,15,5,14,12,8,2,110
2019-09-25,2,0,None,87,27,17,206,189,Normal,PPE,47,"{""nurses"":26,""doctors"":11,""support"":10}",49,52,27,18,3,6,7,4,9,179
2019-09-26,3,0,None,100,27,19,240,212,Normal,PPE,52,"{""nurses"":30,""doctors"":12,""support"":10}",52,78,22,22,8,14,15,3,21,204
2019-09-27,4,0,None,85,26,14,251,253,High Demand: activate surge plan; postpone elective procedures; open triage tents; public advisory: wear masks,PPE,56,"{""nurses"":32,""doctors"":13,""support"":11}",48,66,34,23,9,9,14,4,11,203
2019-09-28,5,1,None,58,27,17,211,249,Normal,PPE,48,"{""nurses"":27,""doctors"":11,""support"":10}",47,65,24,22,7,4,10,8,9,186
2019-09-29,6,1,None,147,27,28,188,224,Normal,PPE,43,"{""nurses"":24,""doctors"":10,""support"":9}",45,70,27,24,4,3,13,4,9,179
2019-09-30,0,0,None,104,27,29,254,228,High Demand: activate surge plan; postpone elective procedures; open triage tents; public advisory: wear masks,PPE,56,"{""nurses"":32,""doctors"":13,""support"":11}",64,84,33,21,4,7,18,7,16,230
2019-10-01,1,0,None,215,27,26,227,243,Air Quality Alert: masks recommended; increase respiratory stock,PPE,51,"{""nurses"":29,""doctors"":12,""support"":10}",60,81,30,28,5,10,9,5,6,195
2019-10-02,2,0,None,314,27,16,274,266,High Demand: activate surge plan; postpone elective procedures; open triage tents; public advisory: wear masks,PPE,60,"{""nurses"":35,""doctors"":14,""support"":11}",56,66,41,34,7,9,25,3,15,226
2019-10-03,3,0,Navratri,128,27,13,229,265,Normal,PPE,51,"{""nurses"":29,""doctors"":12,""support"":10}",46,63,27,22,9,7,11,7,13,189
2019-10-04,4,0,Navratri,246,27,21,289,278,Air Quality Alert: masks recommended; increase respiratory stock,PPE,63,"{""nurses"":37,""doctors"":15,""support"":11}",54,72,24,42,15,19,18,9,13,273
2019-10-05,5,1,Navratri,297,27,19,256,271,Air Quality Alert: masks recommended; increase respiratory stock,PPE,56,"{""nurses"":32,""doctors"":13,""support"":11}",52,67,32,40,10,4,18,4,14,212
2019-10-06,6,1,Navratri,276,27,27,233,274,Air Quality Alert: masks recommended; increase respiratory stock,PPE,52,"{""nurses"":30,""doctors"":12,""support"":10}",46,61,33,26,6,6,17,5,11,211
2019-10-07,0,0,Navratri,230,28,21,212,243,Air Quality Alert: masks recommended; increase respiratory stock,PPE,48,"{""nurses"":27,""doctors"":11,""support"":10}",51,64,25,26,2,8,10,4,16,204
2019-10-08,1,0,None,104,28,19,152,216,Normal,PPE,36,"{""nurses"":19,""doctors"":8,""support"":9}",36,41,19,16,6,8,9,5,6,116
2019-10-09,2,0,Navratri,50,28,16,285,225,Normal,PPE,62,"{""nurses"":36,""doctors"":15,""support"":11}",68,67,31,24,10,12,17,6,16,234
2019-10-10,3,0,None,300,28,22,228,237,Air Quality Alert: masks recommended; increase respiratory stock,PPE,51,"{""nurses"":29,""doctors"":12,""support"":10}",41,68,28,24,7,8,16,2,8,175
2019-10-11,4,0,None,194,29,20,185,248,Normal,PPE,43,"{""nurses"":24,""doctors"":10,""support"":9}",38,67,21,29,7,8,9,4,8,165
2019-10-12,5,1,None,88,28,23,195,221,Normal,PPE,44,"{""nurses"":25,""doctors"":10,""support"":9}",37,55,19,18,4,10,14,4,6,162
2019-10-13,6,1,None,265,28,27,199,205,Air Quality Alert: masks recommended; increase respiratory stock,PPE,44,"{""nurses"":25,""doctors"":10,""support"":9}",52,53,23,32,7,9,11,1,9,167
2019-10-14,0,0,None,242,29,18,143,187,Air Quality Alert: masks recommended; increase respiratory stock,PPE,34,"{""nurses"":18,""doctors"":8,""support"":8}",41,56,25,20,2,9,12,1,8,126
2019-10-15,1,0,None,212,29,17,240,204,Air Quality Alert: masks recommended; increase respiratory stock,PPE,52,"{""nurses"":30,""doctors"":12,""support"":10}",50,74,28,19,7,10,15,10,13,219
2019-10-16,2,0,None,331,28,17,169,199,High Demand: activate surge plan; postpone elective procedures; open triage tents; public advisory: wear masks,PPE,40,"{""nurses"":22,""doctors"":9,""support"":9}",36,48,20,24,10,8,6,4,16,121
2019-10-17,3,0,None,295,28,19,197,219,Air Quality Alert: masks recommended; increase respiratory stock,PPE,44,"{""nurses"":25,""doctors"":10,""support"":9}",39,64,29,26,5,5,6,1,7,137
2019-10-18,4,0,None,142,28,15,190,199,Normal,PPE,43,"{""nurses"":24,""doctors"":10,""support"":9}",37,48,26,24,7,11,4,7,10,158
2019-10-19,5,1,None,245,26,23,248,218,Air Quality Alert: masks recommended; increase respiratory stock,PPE,54,"{""nurses"":31,""doctors"":13,""support"":10}",58,61,39,41,5,7,17,11,10,224
2019-10-20,6,1,None,264,25,27,272,253,Air Quality Alert: masks recommended; increase respiratory stock,PPE,59,"{""nurses"":34,""doctors"":14,""support"":11}",69,71,34,33,7,11,13,6,9,240
2019-10-21,0,0,None,185,26,30,175,250,Normal,PPE,40,"{""nurses"":22,""doctors"":9,""support"":9}",42,48,15,15,4,5,17,4,8,149
2019-10-22,1,0,Diwali,274,26,36,324,265,High Demand: activate surge plan; postpone elective procedures; open triage tents; public advisory: wear masks,PPE,70,"{""nurses"":41,""doctors"":17,""support"":12}",71,98,31,49,9,18,21,9,11,290
2019-10-23,2,0,Diwali,277,25,44,264,266,Air Quality Alert: masks recommended; increase respiratory stock,PPE,58,"{""nurses"":33,""doctors"":14,""support"":11}",66,95,25,44,10,11,25,6,13,215
2019-10-24,3,0,Diwali,423,27,31,360,328,High Demand: activate surge plan; postpone elective procedures; open triage tents; public advisory: wear masks,PPE,76,"{""nurses"":45,""doctors"":18,""support"":13}",78,99,40,76,13,22,23,8,21,292
2019-10-25,4,0,Diwali,200,26,43,344,344,High Demand: activate surge plan; postpone elective procedures; open triage tents; public advisory: wear masks,PPE,73,"{""nurses"":43,""doctors"":18,""support"":12}",71,115,48,54,4,12,22,7,20,289
2019-10-26,5,1,None,175,26,16,287,348,Normal,PPE,62,"{""nurses"":36,""doctors"":15,""support"":11}",60,70,38,30,7,8,17,6,9,224
2019-10-27,6,1,None,350,27,19,203,288,High Demand: activate surge plan; postpone elective procedures; open triage tents; public advisory: wear masks,PPE,47,"{""nurses"":26,""doctors"":11,""support"":10}",55,54,25,26,8,10,11,5,9,174
2019-10-28,0,0,None,138,26,16,206,248,Normal,PPE,47,"{""nurses"":26,""doctors"":11,""support"":10}",52,55,23,20,6,7,10,7,14,191
2019-10-29,1,0,None,158,27,12,214,215,Normal,PPE,48,"{""nurses"":27,""doctors"":11,""support"":10}",46,46,30,17,7,7,11,4,12,163
2019-10-30,2,0,None,95,28,26,169,206,Normal,PPE,40,"{""nurses"":22,""doctors"":9,""support"":9}",35,62,28,14,5,9,15,4,12,155
2019-10-31,3,0,None,249,29,18,212,207,Air Quality Alert: masks recommended; increase respiratory stock,PPE,48,"{""nurses"":27,""doctors"":11,""support"":10}",56,71,24,27,8,14,17,8,6,188
2019-11-01,4,0,None,253,27,19,208,209,Air Quality Alert: masks recommended; increase respiratory stock,PPE,47,"{""nurses"":26,""doctors"":11,""support"":10}",45,56,28,27,8,12,10,4,8,157
2019-11-02,5,1,None,226,27,17,316,256,Air Quality Alert: masks recommended; increase respiratory stock,PPE,68,"{""nurses"":40,""doctors"":16,""support"":12}",65,94,49,49,9,11,22,5,13,270
2019-11-03,6,1,None,106,27,15,228,272,Normal,PPE,51,"{""nurses"":29,""doctors"":12,""support"":10}",42,55,32,21,12,12,15,10,9,192
2019-11-04,0,0,None,318,27,22,287,297,High Demand: activate surge plan; postpone elective procedures; open triage tents; public advisory: wear masks,PPE,62,"{""nurses"":36,""doctors"":15,""support"":11}",55,65,48,40,13,19,23,8,14,257
2019-11-05,1,0,None,194,27,20,245,266,Normal,PPE,54,"{""nurses"":31,""doctors"":13,""support"":10}",53,65,23,23,4,8,14,6,10,209
2019-11-06,2,0,None,251,27,13,278,283,Air Quality Alert: masks recommended; increase respiratory stock,PPE,60,"{""nurses"":35,""doctors"":14,""support"":11}",53,74,25,34,7,11,19,7,11,243
2019-11-07,3,0,None,207,27,24,293,291,Air Quality Alert: masks recommended; increase respiratory stock,PPE,63,"{""nurses"":37,""doctors"":15,""support"":11}",63,82,30,39,12,17,22,6,15,246
2019-11-08,4,0,None,113,26,13,235,291,Normal,PPE,52,"{""nurses"":30,""doctors"":12,""support"":10}",50,56,30,21,8,6,11,4,6,192
2019-11-09,5,1,None,260,26,20,306,288,Air Quality Alert: masks recommended; increase respiratory stock,PPE,67,"{""nurses"":39,""doctors"":16,""support"":12}",71,64,41,29,4,10,14,1,23,284
2019-11-10,6,1,None,419,26,30,333,311,High Demand: activate surge plan; postpone elective procedures; open triage tents; public advisory: wear masks,PPE,71,"{""nurses"":42,""doctors"":17,""support"":12}",73,108,51,59,8,21,12,7,12,264
2019-11-11,0,0,None,212,26,18,302,339,Air Quality Alert: masks recommended; increase respiratory stock,PPE,66,"{""nurses"":38,""doctors"":16,""support"":12}",63,77,27,44,11,9,15,6,15,243
2019-11-12,1,0,None,245,27,24,254,319,Air Quality Alert: masks recommended; increase respiratory stock,PPE,56,"{""nurses"":32,""doctors"":13,""support"":11}",54,68,28,29,6,8,17,4,18,230
2019-11-13,2,0,None,159,28,15,202,272,Normal,PPE,47,"{""nurses"":26,""doctors"":11,""support"":10}",35,50,25,16,4,7,11,5,9,143
2019-11-14,3,0,None,219,27,22,286,268,Air Quality Alert: masks recommended; increase respiratory stock,PPE,62,"{""nurses"":36,""doctors"":15,""support"":11}",61,65,39,37,11,10,26,6,16,235
2019-11-15,4,0,None,285,27,21,263,265,Air Quality Alert: masks recommended; increase respiratory stock,PPE,58,"{""nurses"":33,""doctors"":14,""support"":11}",54,66,29,33,7,11,21,7,18,206
2019-11-16,5,1,None,115,28,21,271,283,Normal,PPE,59,"{""nurses"":34,""doctors"":14,""support"":11}",48,76,19,26,11,15,25,10,15,228
2019-11-17,6,1,None,205,28,34,198,260,Air Quality Alert: masks recommended; increase respiratory stock,PPE,44,"{""nurses"":25,""doctors"":10,""support"":9}",45,95,37,34,3,15,13,2,8,201
2019-11-18,0,0,None,258,27,17,184,238,Air Quality Alert: masks recommended; increase respiratory stock,PPE,42,"{""nurses"":23,""doctors"":10,""support"":9}",47,47,19,28,8,13,9,6,8,147
2019-11-19,1,0,None,208,27,22,277,234,Air Quality Alert: masks recommended; increase respiratory stock,PPE,60,"{""nurses"":35,""doctors"":14,""support"":11}",50,86,41,34,5,9,16,6,10,231
2019-11-20,2,0,None,317,26,15,253,247,High Demand: activate surge plan; postpone elective procedures; open triage tents; public advisory: wear masks,PPE,56,"{""nurses"":32,""doctors"":13,""support"":11}",53,60,32,34,2,7,13,8,25,207
2019-11-21,3,0,None,339,27,11,265,277,High Demand: activate surge plan; postpone elective procedures; open triage tents; public advisory: wear masks,PPE,59,"{""nurses"":34,""doctors"":14,""support"":11}",39,45,39,31,10,10,15,5,14,228
2019-11-22,4,0,None,195,28,23,275,280,Normal,PPE,60,"{""nurses"":35,""doctors"":14,""support"":11}",70,67,41,31,10,11,20,6,15,256
2019-11-23,5,1,None,220,27,27,344,313,High Demand: activate surge plan; postpone elective procedures; open triage tents; public advisory: wear masks,PPE,73,"{""nurses"":43,""doctors"":18,""support"":12}",77,109,53,46,13,12,15,10,13,256
2019-11-24,6,1,None,101,27,22,164,272,Normal,PPE,39,"{""nurses"":21,""doctors"":9,""support"":9}",31,52,20,19,6,7,10,4,10,153
2019-11-25,0,0,None,202,26,18,267,271,Air Quality Alert: masks recommended; increase respiratory stock,PPE,59,"{""nurses"":34,""doctors"":14,""support"":11}",55,72,25,27,10,13,16,6,12,227
2019-11-26,1,0,None,280,26,24,311,265,Air Quality Alert: masks recommended; increase respiratory stock,PPE,67,"{""nurses"":39,""doctors"":16,""support"":12}",55,92,39,41,8,12,24,2,14,245
2019-11-27,2,0,None,50,27,24,209,285,Normal,PPE,48,"{""nurses"":27,""doctors"":11,""support"":10}",52,71,25,20,4,3,18,4,12,186
2019-11-28,3,0,None,234,27,31,285,292,Air Quality Alert: masks recommended; increase respiratory stock,PPE,62,"{""nurses"":36,""doctors"":15,""support"":11}",61,79,34,40,13,10,17,8,17,270
2019-11-29,4,0,None,142,27,19,220,252,Normal,PPE,49,"{""nurses"":28,""doctors"":11,""support"":10}",55,58,24,16,4,6,14,5,11,174
2019-11-30,5,1,None,328,28,16,306,281,High Demand: activate surge plan; postpone elective procedures; open triage tents; public advisory: wear masks,PPE,67,"{""nurses"":39,""doctors"":16,""support"":12}",65,75,46,45,15,10,18,8,8,248
2019-12-01,6,1,None,299,28,20,327,300,Air Quality Alert: masks recommended; increase respiratory stock,PPE,70,"{""nurses"":41,""doctors"":17,""support"":12}",61,83,45,50,13,9,18,8,17,253
2019-12-02,0,0,None,165,28,24,272,322,Normal,PPE,59,"{""nurses"":34,""doctors"":14,""support"":11}",61,63,28,40,3,5,14,6,18,222
2019-12-03,1,0,None,307,28,19,278,309,High Demand: activate surge plan; postpone elective procedures; open triage tents; public advisory: wear masks,PPE,60,"{""nurses"":35,""doctors"":14,""support"":11}",73,73,37,35,10,6,16,6,15,251
2019-12-04,2,0,None,200,28,22,235,285,Normal,PPE,52,"{""nurses"":30,""doctors"":12,""support"":10}",51,60,36,19,9,11,22,5,10,188
2019-12-05,3,0,None,127,28,15,282,283,Normal,PPE,62,"{""nurses"":36,""doctors"":15,""support"":11}",48,76,26,25,7,8,15,4,11,246
2019-12-06,4,0,None,189,28,9,229,267,Normal,PPE,51,"{""nurses"":29,""doctors"":12,""support"":10}",50,56,35,22,5,9,20,8,12,171
2019-12-07,5,1,None,192,26,13,210,261,Normal,PPE,48,"{""nurses"":27,""doctors"":11,""support"":10}",48,55,24,23,5,12,18,3,12,204
2019-12-08,6,1,None,111,26,20,259,242,Normal,PPE,57,"{""nurses"":33,""doctors"":13,""support"":11}",56,67,28,17,9,8,20,1,10,232
2019-12-09,0,0,None,217,27,15,322,287,Air Quality Alert: masks recommended; increase respiratory stock,PPE,70,"{""nurses"":41,""doctors"":17,""support"":12}",70,75,41,51,7,12,16,11,7,260
2019-12-10,1,0,None,230,27,17,345,321,Air Quality Alert: masks recommended; increase respiratory stock,PPE,74,"{""nurses"":44,""doctors"":18,""support"":12}",83,83,53,43,7,16,11,8,16,263
2019-12-11,2,0,None,127,26,22,245,324,Normal,PPE,54,"{""nurses"":31,""doctors"":13,""support"":10}",47,77,24,14,13,8,19,7,16,221
2019-12-12,3,0,None,508,26,21,413,359,High Demand: activate surge plan; postpone elective procedures; open triage tents; public advisory: wear masks,PPE,87,"{""nurses"":52,""doctors"":21,""support"":14}",92,103,51,75,6,18,24,9,17,354
2019-12-13,4,0,None,700,25,24,407,374,High Demand: activate surge plan; postpone elective procedures; open triage tents; public advisory: wear masks,PPE,86,"{""nurses"":51,""doctors"":21,""support"":14}",74,113,47,98,12,14,28,6,23,327
2019-12-14,5,1,None,464,24,23,468,457,High Demand: activate surge plan; postpone elective procedures; open triage tents; public advisory: wear masks,PPE,98,"{""nurses"":59,""doctors"":24,""support"":15}",109,99,73,86,14,25,24,10,22,417
2019-12-15,6,1,None,255,24,16,264,402,Air Quality Alert: masks recommended; increase respiratory stock,PPE,58,"{""nurses"":33,""doctors"":14,""support"":11}",50,85,28,30,11,17,10,9,11,226
2019-12-16,0,0,None,60,25,19,200,322,Normal,PPE,44,"{""nurses"":25,""doctors"":10,""support"":9}",58,71,22,17,2,13,14,6,9,175
2019-12-17,1,0,None,160,26,26,269,254,Normal,PPE,59,"{""nurses"":34,""doctors"":14,""support"":11}",72,80,22,39,8,8,18,4,15,236
2019-12-18,2,0,None,139,26,28,261,255,Normal,PPE,58,"{""nurses"":33,""doctors"":14,""support"":11}",50,76,32,26,7,7,15,5,18,237
2019-12-19,3,0,None,292,26,25,353,307,High Demand: activate surge plan; postpone elective procedures; open triage tents; public advisory: wear masks,PPE,76,"{""nurses"":45,""doctors"":18,""support"":13}",73,98,64,36,10,15,20,6,14,306
2019-12-20,4,0,None,262,25,15,345,331,Air Quality Alert: masks recommended; increase respiratory stock,PPE,74,"{""nurses"":44,""doctors"":18,""support"":12}",68,80,47,51,10,15,16,3,20,298
2019-12-21,5,1,None,134,26,27,273,349,Normal,PPE,60,"{""nurses"":35,""doctors"":14,""support"":11}",71,76,34,34,4,11,18,5,21,244
2019-12-22,6,1,None,181,26,25,314,337,Normal,PPE,68,"{""nurses"":40,""doctors"":16,""support"":12}",64,96,35,36,10,15,21,8,15,267
2019-12-23,0,0,None,362,27,17,365,335,High Demand: activate surge plan; postpone elective procedures; open triage tents; public advisory: wear masks,PPE,78,"{""nurses"":46,""doctors"":19,""support"":13}",75,81,51,64,7,26,28,4,23,289
2019-12-24,1,0,None,206,26,22,278,336,Air Quality Alert: masks recommended; increase respiratory stock,PPE,60,"{""nurses"":35,""doctors"":14,""support"":11}",68,74,28,40,10,12,9,5,13,223
2019-12-25,2,0,Christmas,94,27,13,262,321,Normal,PPE,58,"{""nurses"":33,""doctors"":14,""support"":11}",53,60,32,32,17,11,15,3,17,235
2019-12-26,3,0,None,221,26,21,221,277,Air Quality Alert: masks recommended; increase respiratory stock,PPE,50,"{""nurses"":28,""doctors"":12,""support"":10}",70,73,38,27,4,13,16,6,11,183
2019-12-27,4,0,None,211,24,18,298,280,Air Quality Alert: masks recommended; increase respiratory stock,PPE,64,"{""nurses"":38,""doctors"":15,""support"":11}",62,68,38,34,10,16,22,9,12,255
2019-12-28,5,1,None,181,25,26,257,274,Normal,PPE,57,"{""nurses"":33,""doctors"":13,""support"":11}",69,81,29,33,7,8,18,5,18,254
2019-12-29,6,1,None,225,25,33,224,272,Air Quality Alert: masks recommended; increase respiratory stock,PPE,50,"{""nurses"":28,""doctors"":12,""support"":10}",52,59,29,26,8,8,10,4,17,218
2019-12-30,0,0,None,149,24,17,336,290,Normal,PPE,71,"{""nurses"":42,""doctors"":17,""support"":12}",75,79,47,31,14,14,24,5,17,287
2019-12-31,1,0,None,152,23,26,255,292,Normal,PPE,56,"{""nurses"":32,""doctors"":13,""support"":11}",58,87,26,37,3,11,17,1,11,190
2020-01-01,2,0,None,60,21,23,172,267,Normal,PPE,40,"{""nurses"":22,""doctors"":9,""support"":9}",45,64,24,13,11,12,9,5,9,141
2020-01-02,3,0,None,268,22,24,189,215,Air Quality Alert: masks recommended; increase respiratory stock,PPE,43,"{""nurses"":24,""doctors"":10,""support"":9}",41,52,22,16,3,5,9,4,11,159
2020-01-03,4,0,None,359,22,22,312,231,High Demand: activate surge plan; postpone elective procedures; open triage tents; public advisory: wear masks,PPE,67,"{""nurses"":39,""doctors"":16,""support"":12}",67,94,41,56,9,21,24,7,13,244
2020-01-04,5,1,None,320,22,23,237,263,High Demand: activate surge plan; postpone elective procedures; open triage tents; public advisory: wear masks,PPE,52,"{""nurses"":30,""doctors"":12,""support"":10}",35,66,24,22,11,5,14,4,7,202
2020-01-05,6,1,None,221,23,19,236,274,Air Quality Alert: masks recommended; increase respiratory stock,PPE,52,"{""nurses"":30,""doctors"":12,""support"":10}",52,51,22,35,10,8,8,9,14,205
2020-01-06,0,0,None,179,25,11,269,260,High Demand: activate surge plan; postpone elective procedures; open triage tents; public advisory: wear masks,PPE,59,"{""nurses"":34,""doctors"":14,""support"":11}",33,50,25,28,9,13,14,4,13,214
2020-01-07,1,0,None,246,24,24,226,265,Air Quality Alert: masks recommended; increase respiratory stock,PPE,51,"{""nurses"":29,""doctors"":12,""support"":10}",47,71,32,36,3,7,12,8,13,232
2020-01-08,2,0,None,166,24,18,250,268,Normal,PPE,55,"{""nurses"":32,""doctors"":13,""support"":10}",42,67,21,33,3,9,14,5,13,186
2020-01-09,3,0,None,171,23,21,227,253,Normal,PPE,51,"{""nurses"":29,""doctors"":12,""support"":10}",43,61,34,29,8,11,8,5,9,194
2020-01-10,4,0,None,309,24,22,215,238,High Demand: activate surge plan; postpone elective procedures; open triage tents; public advisory: wear masks,PPE,48,"{""nurses"":27,""doctors"":11,""support"":10}",50,67,18,23,11,12,15,2,4,173
2020-01-11,5,1,None,112,26,27,282,259,High Demand: activate surge plan; postpone elective procedures; open triage tents; public advisory: wear masks,PPE,62,"{""nurses"":36,""doctors"":15,""support"":11}",63,68,40,23,6,16,15,7,18,213
2020-01-12,6,1,None,288,25,17,252,264,Air Quality Alert: masks recommended; increase respiratory stock,PPE,56,"{""nurses"":32,""doctors"":13,""support"":11}",58,69,40,39,4,10,18,5,13,190
2020-01-13,0,0,None,60,24,17,194,250,Normal,PPE,44,"{""nurses"":25,""doctors"":10,""support"":9}",52,65,31,23,2,8,9,6,9,155
2020-01-14,1,0,None,508,23,19,312,271,High Demand: activate surge plan; postpone elective procedures; open triage tents; public advisory: wear masks,PPE,67,"{""nurses"":39,""doctors"":16,""support"":12}",51,77,42,65,9,18,17,2,16,254
2020-01-15,2,0,None,304,22,19,204,245,High Demand: activate surge plan; postpone elective procedures; open triage tents; public advisory: wear masks,PPE,47,"{""nurses"":26,""doctors"":11,""support"":10}",42,44,26,33,11,5,14,2,9,173
2020-01-16,3,0,None,212,20,21,260,268,High Demand: activate surge plan; postpone elective procedures; open triage tents; public advisory: wear masks,PPE,57,"{""nurses"":33,""doctors"":13,""support"":11}",47,88,23,22,5,16,21,4,18,247
2020-01-17,4,0,None,265,20,31,236,244,Air Quality Alert: masks recommended; increase respiratory stock,PPE,52,"{""nurses"":30,""doctors"":12,""support"":10}",58,82,29,32,7,8,15,5,12,219
2020-01-18,5,1,None,165,21,18,229,262,Normal,PPE,51,"{""nurses"":29,""doctors"":12,""support"":10}",42,45,28,33,9,10,8,10,6,164
2020-01-19,6,1,None,205,23,19,201,238,Air Quality Alert: masks recommended; increase respiratory stock,PPE,47,"{""nurses"":26,""doctors"":11,""support"":10}",44,53,27,27,4,6,14,5,15,171
2020-01-20,0,0,None,331,24,11,190,227,High Demand: activate surge plan; postpone elective procedures; open triage tents; public advisory: wear masks,PPE,43,"{""nurses"":24,""doctors"":10,""support"":9}",28,58,20,32,7,12,14,4,11,157
2020-01-21,1,0,None,241,24,18,248,231,Air Quality Alert: masks recommended; increase respiratory stock,PPE,54,"{""nurses"":31,""doctors"":13,""support"":10}",58,58,26,33,5,7,14,10,9,200
2020-01-22,2,0,None,216,24,29,223,233,Air Quality Alert: masks recommended; increase respiratory stock,PPE,50,"{""nurses"":28,""doctors"":12,""support"":10}",58,74,30,30,7,6,11,1,8,201
2020-01-23,3,0,None,142,26,16,202,231,Normal,PPE,47,"{""nurses"":26,""doctors"":11,""support"":10}",58,57,15,19,9,11,12,2,6,172
2020-01-24,4,0,None,85,26,21,216,229,Normal,PPE,48,"{""nurses"":27,""doctors"":11,""support"":10}",50,68,26,21,5,13,21,5,6,190
2020-01-25,5,1,None,123,25,28,173,217,Normal,PPE,40,"{""nurses"":22,""doctors"":9,""support"":9}",48,58,18,16,4,8,13,2,3,166
2020-01-26,6,1,RepublicDay,184,25,28,225,210,Normal,PPE,51,"{""nurses"":29,""doctors"":12,""support"":10}",45,55,33,24,0,15,10,12,7,190
2020-01-27,0,0,None,154,24,21,218,211,Normal,PPE,49,"{""nurses"":28,""doctors"":11,""support"":10}",51,56,29,22,8,13,17,6,6,185
2020-01-28,1,0,None,60,23,25,149,208,Normal,PPE,35,"{""nurses"":19,""doctors"":8,""support"":8}",59,51,21,10,6,3,11,3,7,153
2020-01-29,2,0,None,409,22,22,260,216,High Demand: activate surge plan; postpone elective procedures; open triage tents; public advisory: wear masks,PPE,57,"{""nurses"":33,""doctors"":13,""support"":11}",56,79,39,43,11,11,18,2,15,212
2020-01-30,3,0,None,129,21,24,206,211,Normal,PPE,47,"{""nurses"":26,""doctors"":11,""support"":10}",51,52,34,26,6,8,10,7,9,185
2020-01-31,4,0,None,124,21,15,229,244,Normal,PPE,51,"{""nurses"":29,""doctors"":12,""support"":10}",51,49,28,33,6,11,13,4,9,197
2020-02-01,5,1,None,293,22,28,239,244,Air Quality Alert: masks recommended; increase respiratory stock,PPE,52,"{""nurses"":30,""doctors"":12,""support"":10}",52,60,19,40,6,10,16,5,10,226
2020-02-02,6,1,None,224,23,21,242,245,Air Quality Alert: masks recommended; increase respiratory stock,PPE,54,"{""nurses"":31,""doctors"":13,""support"":10}",53,81,23,34,6,7,19,1,14,215
2020-02-03,0,0,None,403,23,13,235,251,High Demand: activate surge plan; postpone elective procedures; open triage tents; public advisory: wear masks,PPE,52,"{""nurses"":30,""doctors"":12,""support"":10}",48,71,38,41,12,7,18,4,11,176
2020-02-04,1,0,None,260,23,16,261,263,High Demand: activate surge plan; postpone elective procedures; open triage tents; public advisory: wear masks,PPE,58,"{""nurses"":33,""doctors"":14,""support"":11}",59,74,26,36,6,7,21,4,8,207
2020-02-05,2,0,None,133,23,21,210,250,Normal,PPE,48,"{""nurses"":27,""doctors"":11,""support"":10}",51,63,26,25,4,11,23,4,10,177
2020-02-06,3,0,None,269,23,27,241,246,Air Quality Alert: masks recommended; increase respiratory stock,PPE,54,"{""nurses"":31,""doctors"":13,""support"":10}",71,63,29,29,7,9,16,4,10,237
2020-02-07,4,0,None,120,22,24,184,228,Normal,PPE,42,"{""nurses"":23,""doctors"":10,""support"":9}",51,51,18,23,11,8,15,3,13,177
2020-02-08,5,1,None,151,23,24,206,224,Normal,PPE,47,"{""nurses"":26,""doctors"":11,""support"":10}",49,75,23,19,7,10,11,5,11,187
2020-02-09,6,1,None,105,25,27,205,211,Normal,PPE,47,"{""nurses"":26,""doctors"":11,""support"":10}",39,81,24,19,5,10,6,5,9,183
2020-02-10,0,0,None,211,26,22,236,233,Air Quality Alert: masks recommended; increase respiratory stock,PPE,52,"{""nurses"":30,""doctors"":12,""support"":10}",53,58,29,26,7,17,14,4,19,176
2020-02-11,1,0,None,249,27,15,199,228,Air Quality Alert: masks recommended; increase respiratory stock,PPE,44,"{""nurses"":25,""doctors"":10,""support"":9}",44,52,33,24,3,4,23,2,8,175
2020-02-12,2,0,None,573,28,25,203,219,High Demand: activate surge plan; postpone elective procedures; open triage tents; public advisory: wear masks,PPE,47,"{""nurses"":26,""doctors"":11,""support"":10}",58,56,21,38,7,12,19,6,11,162
2020-02-13,3,0,None,259,28,20,163,199,Air Quality Alert: masks recommended; increase respiratory stock,PPE,39,"{""nurses"":21,""doctors"":9,""support"":9}",31,33,16,14,7,4,5,3,15,147
2020-02-14,4,0,None,137,28,20,184,201,Normal,PPE,42,"{""nurses"":23,""doctors"":10,""support"":9}",44,55,21,18,6,9,10,3,9,150
2020-02-15,5,1,None,144,26,25,163,186,Normal,PPE,39,"{""nurses"":21,""doctors"":9,""support"":9}",37,38,19,17,6,9,10,3,7,135
2020-02-16,6,1,None,154,25,16,190,192,Normal,PPE,43,"{""nurses"":24,""doctors"":10,""support"":9}",41,45,16,25,8,14,13,4,11,156
2020-02-17,0,0,None,157,26,22,171,184,Normal,PPE,40,"{""nurses"":22,""doctors"":9,""support"":9}",39,65,27,16,6,8,11,4,9,129
2020-02-18,1,0,None,149,27,22,204,206,Normal,PPE,47,"{""nurses"":26,""doctors"":11,""support"":10}",45,64,13,27,4,11,16,3,12,154
2020-02-19,2,0,None,263,26,23,247,218,Air Quality Alert: masks recommended; increase respiratory stock,PPE,54,"{""nurses"":31,""doctors"":13,""support"":10}",41,87,25,27,9,9,11,3,8,202
2020-02-20,3,0,None,161,25,16,209,231,Normal,PPE,48,"{""nurses"":27,""doctors"":11,""support"":10}",41,57,26,19,9,8,11,1,11,198
2020-02-21,4,0,None,85,25,23,194,228,Normal,PPE,44,"{""nurses"":25,""doctors"":10,""support"":9}",46,56,23,19,8,7,14,4,12,171
2020-02-22,5,1,None,132,26,28,216,221,Normal,PPE,48,"{""nurses"":27,""doctors"":11,""support"":10}",54,68,21,21,6,12,14,7,9,203
2020-02-23,6,1,None,257,27,24,178,207,Air Quality Alert: masks recommended; increase respiratory stock,PPE,41,"{""nurses"":23,""doctors"":9,""support"":9}",57,72,23,20,8,5,13,2,10,156
2020-02-24,0,0,None,319,26,19,157,199,High Demand: activate surge plan; postpone elective procedures; open triage tents; public advisory: wear masks,PPE,37,"{""nurses"":20,""doctors"":8,""support"":9}",29,48,19,25,0,5,6,4,14,153
2020-02-25,1,0,None,239,27,36,179,177,Air Quality Alert: masks recommended; increase respiratory stock,PPE,41,"{""nurses"":23,""doctors"":9,""support"":9}",46,64,38,22,3,7,7,3,14,150
2020-02-26,2,0,None,173,27,17,189,192,Normal,PPE,43,"{""nurses"":24,""doctors"":10,""support"":9}",39,47,25,25,6,6,13,7,10,155
2020-02-27,3,0,None,161,26,23,167,188,Normal,PPE,39,"{""nurses"":21,""doctors"":9,""support"":9}",35,57,23,23,1,2,12,2,8,139
2020-02-28,4,0,None,236,26,26,247,209,Air Quality Alert: masks recommended; increase respiratory stock,PPE,54,"{""nurses"":31,""doctors"":13,""support"":10}",48,79,26,30,9,13,18,3,12,186
2020-02-29,5,1,None,308,26,15,231,227,High Demand: activate surge plan; postpone elective procedures; open triage tents; public advisory: wear masks,PPE,51,"{""nurses"":29,""doctors"":12,""support"":10}",53,55,29,31,3,10,10,7,10,188
2020-03-01,6,1,None,114,25,19,204,249,Normal,PPE,47,"{""nurses"":26,""doctors"":11,""support"":10}",42,65,21,20,14,7,11,3,7,193
2020-03-02,0,0,None,76,24,23,234,236,Normal,PPE,52,"{""nurses"":30,""doctors"":12,""support"":10}",40,63,27,25,7,15,16,7,10,196
2020-03-03,1,0,None,215,24,27,238,239,Air Quality Alert: masks recommended; increase respiratory stock,PPE,52,"{""nurses"":30,""doctors"":12,""support"":10}",53,92,27,29,11,4,11,4,13,202
2020-03-04,2,0,None,121,25,24,256,251,Normal,PPE,56,"{""nurses"":32,""doctors"":13,""support"":11}",60,55,40,26,11,6,16,3,15,195
2020-03-05,3,0,None,188,24,21,219,253,Normal,PPE,49,"{""nurses"":28,""doctors"":11,""support"":10}",44,58,28,31,6,10,12,5,9,177
2020-03-06,4,0,None,155,25,26,161,230,Normal,PPE,39,"{""nurses"":21,""doctors"":9,""support"":9}",39,62,15,18,9,7,9,2,13,137
2020-03-07,5,1,None,163,24,19,270,227,Normal,PPE,59,"{""nurses"":34,""doctors"":14,""support"":11}",47,90,39,39,3,9,13,7,10,229
2020-03-08,6,1,None,198,23,29,323,267,High Demand: activate surge plan; postpone elective procedures; open triage tents; public advisory: wear masks,PPE,70,"{""nurses"":41,""doctors"":17,""support"":12}",76,89,38,42,12,17,19,8,14,268
2020-03-09,0,0,None,195,24,21,288,313,Normal,PPE,62,"{""nurses"":36,""doctors"":15,""support"":11}",61,73,38,32,10,4,18,8,12,258
2020-03-10,1,0,None,49,25,13,291,315,Normal,PPE,63,"{""nurses"":37,""doctors"":15,""support"":11}",59,59,37,34,7,14,15,8,9,235
2020-03-11,2,0,None,121,25,30,271,299,Normal,PPE,59,"{""nurses"":34,""doctors"":14,""support"":11}",57,71,31,31,6,11,17,5,14,224
2020-03-12,3,0,None,214,24,22,183,266,Air Quality Alert: masks recommended; increase respiratory stock,PPE,42,"{""nurses"":23,""doctors"":10,""support"":9}",47,60,22,19,3,3,12,4,9,153
2020-03-13,4,0,None,63,23,20,198,232,Normal,PPE,44,"{""nurses"":25,""doctors"":10,""support"":9}",44,52,23,16,4,12,10,3,10,157
2020-03-14,5,1,Holi,95,25,26,313,252,High Demand: activate surge plan; postpone elective procedures; open triage tents; public advisory: wear masks,PPE,68,"{""nurses"":40,""doctors"":16,""support"":12}",81,102,34,31,6,9,17,8,11,230
2020-03-15,6,1,Holi,101,26,29,324,291,High Demand: activate surge plan; postpone elective procedures; open triage tents; public advisory: wear masks,PPE,70,"{""nurses"":41,""doctors"":17,""support"":12}",58,93,37,30,7,13,22,7,24,327
2020-03-16,0,0,None,131,27,20,231,300,Normal,PPE,51,"{""nurses"":29,""doctors"":12,""support"":10}",51,68,22,28,5,10,21,3,13,210
2020-03-17,1,0,None,54,27,19,224,276,Normal,PPE,50,"{""nurses"":28,""doctors"":12,""support"":10}",49,67,23,35,8,8,16,7,8,183
2020-03-18,2,0,None,155,28,21,226,246,Normal,PPE,51,"{""nurses"":29,""doctors"":12,""support"":10}",31,48,23,26,8,16,15,3,13,200
2020-03-19,3,0,None,137,26,17,279,252,Normal,PPE,60,"{""nurses"":35,""doctors"":14,""support"":11}",64,72,34,42,7,12,22,9,19,218
2020-03-20,4,0,None,174,26,14,203,245,Normal,PPE,47,"{""nurses"":26,""doctors"":11,""support"":10}",47,51,19,21,7,12,13,6,7,140
2020-03-21,5,1,None,94,25,15,227,253,Normal,PPE,51,"{""nurses"":29,""doctors"":12,""support"":10}",40,64,21,21,6,13,19,3,14,196
2020-03-22,6,1,None,133,26,14,192,214,Normal,PPE,43,"{""nurses"":24,""doctors"":10,""support"":9}",41,47,25,13,7,9,13,7,9,167
2020-03-23,0,0,None,152,28,22,207,217,Normal,PPE,47,"{""nurses"":26,""doctors"":11,""support"":10}",56,76,27,14,4,7,17,10,8,166
2020-03-24,1,0,None,130,28,21,235,222,Normal,PPE,52,"{""nurses"":30,""doctors"":12,""support"":10}",60,64,27,29,13,9,14,2,7,219
2020-03-25,2,0,None,148,28,27,219,229,Normal,PPE,49,"{""nurses"":28,""doctors"":11,""support"":10}",43,65,24,23,3,11,12,5,9,219
2020-03-26,3,0,None,135,28,17,209,242,Normal,PPE,48,"{""nurses"":27,""doctors"":11,""support"":10}",56,51,29,25,9,15,4,5,8,179
2020-03-27,4,0,None,134,29,14,286,254,Normal,PPE,62,"{""nurses"":36,""doctors"":15,""support"":11}",66,83,37,36,3,14,14,3,14,255
2020-03-28,5,1,None,86,29,24,194,244,Normal,PPE,44,"{""nurses"":25,""doctors"":10,""support"":9}",50,59,19,16,6,7,12,6,14,167
2020-03-29,6,1,None,218,29,24,254,262,Air Quality Alert: masks recommended; increase respiratory stock,PPE,56,"{""nurses"":32,""doctors"":13,""support"":11}",58,57,28,29,5,9,13,4,8,221
2020-03-30,0,0,None,96,28,19,205,229,Normal,PPE,47,"{""nurses"":26,""doctors"":11,""support"":10}",54,48,17,16,6,10,12,6,14,164
2020-03-31,1,0,None,143,28,27,264,255,Normal,PPE,58,"{""nurses"":33,""doctors"":14,""support"":11}",58,70,28,32,15,11,14,3,13,223
2020-04-01,2,0,None,42,28,18,291,276,High Demand: activate surge plan; postpone elective procedures; open triage tents; public advisory: wear masks,PPE,63,"{""nurses"":37,""doctors"":15,""support"":11}",73,75,50,30,9,7,20,6,10,254
2020-04-02,3,0,None,186,28,18,196,273,Normal,PPE,44,"{""nurses"":25,""doctors"":10,""support"":9}",37,66,21,22,6,7,13,3,14,192
2020-04-03,4,0,None,119,28,26,259,257,Normal,PPE,57,"{""nurses"":33,""doctors"":13,""support"":11}",63,74,39,28,8,11,17,4,13,231
2020-04-04,5,1,None,199,28,20,197,226,Normal,PPE,44,"{""nurses"":25,""doctors"":10,""support"":9}",33,66,31,20,1,3,17,4,12,181
2020-04-05,6,1,None,89,28,24,209,230,Normal,PPE,48,"{""nurses"":27,""doctors"":11,""support"":10}",47,63,18,16,4,10,15,5,8,167
2020-04-06,0,0,None,100,27,23,223,217,Normal,PPE,50,"{""nurses"":28,""doctors"":12,""support"":10}",35,60,34,22,5,10,8,4,17,218
2020-04-07,1,0,None,129,27,18,206,225,Normal,PPE,47,"{""nurses"":26,""doctors"":11,""support"":10}",62,57,23,25,7,4,17,3,11,183
2020-04-08,2,0,None,111,27,15,220,231,Normal,PPE,49,"{""nurses"":28,""doctors"":11,""support"":10}",45,64,27,30,6,6,11,4,11,198
2020-04-09,3,0,None,209,27,17,272,243,Air Quality Alert: masks recommended; increase respiratory stock,PPE,59,"{""nurses"":34,""doctors"":14,""support"":11}",49,71,31,42,14,5,8,7,21,227
2020-04-10,4,0,None,113,28,21,231,260,Normal,PPE,51,"{""nurses"":29,""doctors"":12,""support"":10}",36,70,29,22,9,17,14,5,6,216
2020-04-11,5,1,None,152,29,20,247,262,Normal,PPE,54,"{""nurses"":31,""doctors"":13,""support"":10}",56,66,30,24,12,9,11,2,13,213
2020-04-12,6,1,None,137,29,23,237,248,Normal,PPE,52,"{""nurses"":30,""doctors"":12,""support"":10}",56,90,27,24,6,13,14,6,14,218
2020-04-13,0,0,None,155,29,19,224,253,Normal,PPE,50,"{""nurses"":28,""doctors"":12,""support"":10}",46,58,27,24,3,7,11,8,11,195
2020-04-14,1,0,None,98,30,11,210,238,Normal,PPE,48,"{""nurses"":27,""doctors"":11,""support"":10}",40,76,24,17,7,10,13,3,9,175
2020-04-15,2,0,None,167,30,21,337,278,High Demand: activate surge plan; postpone elective procedures; open triage tents; public advisory: wear masks,PPE,72,"{""nurses"":43,""doctors"":17,""support"":12}",64,82,41,38,12,11,24,6,16,268
2020-04-16,3,0,None,84,29,20,258,280,Normal,PPE,57,"{""nurses"":33,""doctors"":13,""support"":11}",49,84,24,34,4,4,15,3,6,216
2020-04-17,4,0,None,227,29,22,282,306,Air Quality Alert: masks recommended; increase respiratory stock,PPE,62,"{""nurses"":36,""doctors"":15,""support"":11}",68,79,32,33,10,5,18,8,15,236
2020-04-18,5,1,None,124,30,22,289,286,High Demand: activate surge plan; postpone elective procedures; open triage tents; public advisory: wear masks,PPE,63,"{""nurses"":37,""doctors"":15,""support"":11}",65,77,36,33,14,14,15,5,13,231
2020-04-19,6,1,None,153,30,22,284,305,Normal,PPE,62,"{""nurses"":36,""doctors"":15,""support"":11}",76,68,22,33,6,9,17,6,16,243
2020-04-20,0,0,None,110,31,14,287,307,Normal,PPE,62,"{""nurses"":36,""doctors"":15,""support"":11}",70,79,28,28,11,16,10,8,20,212
2020-04-21,1,0,None,111,29,29,294,312,High Demand: activate surge plan; postpone elective procedures; open triage tents; public advisory: wear masks,PPE,63,"{""nurses"":37,""doctors"":15,""support"":11}",70,85,38,44,6,10,20,7,13,220
2020-04-22,2,0,None,128,29,20,204,282,Normal,PPE,47,"{""nurses"":26,""doctors"":11,""support"":10}",58,63,26,14,9,9,16,4,8,167
2020-04-23,3,0,None,193,30,17,210,244,Normal,PPE,48,"{""nurses"":27,""doctors"":11,""support"":10}",40,59,27,20,2,7,18,2,13,195
2020-04-24,4,0,None,198,29,20,290,253,High Demand: activate surge plan; postpone elective procedures; open triage tents; public advisory: wear masks,PPE,63,"{""nurses"":37,""doctors"":15,""support"":11}",50,72,27,36,9,9,11,7,18,259
2020-04-25,5,1,None,141,29,27,233,264,Normal,PPE,52,"{""nurses"":30,""doctors"":12,""support"":10}",45,74,19,24,9,9,10,3,14,213
2020-04-26,6,1,None,134,28,17,245,272,Normal,PPE,54,"{""nurses"":31,""doctors"":13,""support"":10}",46,64,23,23,8,12,14,2,8,228
2020-04-27,0,0,None,186,29,19,284,263,Normal,PPE,62,"{""nurses"":36,""doctors"":15,""support"":11}",59,79,28,26,8,13,18,3,15,216
2020-04-28,1,0,None,139,29,23,250,272,Normal,PPE,55,"{""nurses"":32,""doctors"":13,""support"":10}",76,83,41,32,10,15,13,4,16,217
2020-04-29,2,0,None,150,30,17,229,275,Normal,PPE,51,"{""nurses"":29,""doctors"":12,""support"":10}",51,55,33,32,8,14,16,5,13,179
2020-04-30,3,0,None,173,30,22,310,287,High Demand: activate surge plan; postpone elective procedures; open triage tents; public advisory: wear masks,PPE,67,"{""nurses"":39,""doctors"":16,""support"":12}",62,78,48,34,11,23,15,9,22,246
2020-05-01,4,0,None,155,30,23,284,299,High Demand: activate surge plan; postpone elective procedures; open triage tents; public advisory: wear masks,PPE,62,"{""nurses"":36,""doctors"":15,""support"":11}",55,81,29,35,10,9,14,4,5,236
2020-05-02,5,1,None,167,30,24,237,293,Normal,PPE,52,"{""nurses"":30,""doctors"":12,""support"":10}",64,75,34,27,10,9,13,6,11,213
2020-05-03,6,1,None,183,30,14,203,251,Normal,PPE,47,"{""nurses"":26,""doctors"":11,""support"":10}",28,61,19,21,8,9,16,5,9,184
2020-05-04,0,0,None,92,29,19,236,237,Normal,PPE,52,"{""nurses"":30,""doctors"":12,""support"":10}",46,69,33,19,5,9,10,2,8,186
2020-05-05,1,0,None,114,30,20,213,227,Normal,PPE,48,"{""nurses"":27,""doctors"":11,""support"":10}",47,69,26,21,4,9,12,2,5,182
2020-05-06,2,0,None,89,30,24,173,223,Normal,PPE,40,"{""nurses"":22,""doctors"":9,""support"":9}",52,79,22,11,5,2,15,1,12,149
2020-05-07,3,0,None,91,29,16,238,220,Normal,PPE,52,"{""nurses"":30,""doctors"":12,""support"":10}",50,62,30,22,2,8,11,6,12,205
2020-05-08,4,0,None,120,30,17,227,228,Normal,PPE,51,"{""nurses"":29,""doctors"":12,""support"":10}",35,51,34,16,6,8,13,5,8,200
2020-05-09,5,1,None,68,30,20,155,225,Normal,PPE,37,"{""nurses"":20,""doctors"":8,""support"":9}",45,37,22,17,3,10,13,1,11,151
2020-05-10,6,1,None,139,30,23,168,200,Normal,PPE,39,"{""nurses"":21,""doctors"":9,""support"":9}",46,55,17,12,2,6,21,5,6,129
2020-05-11,0,0,None,105,30,16,197,179,Normal,PPE,44,"{""nurses"":25,""doctors"":10,""support"":9}",33,51,22,19,9,7,9,1,14,163
2020-05-12,1,0,None,155,29,21,245,224,Normal,PPE,54,"{""nurses"":31,""doctors"":13,""support"":10}",66,61,24,27,8,9,15,4,11,207
2020-05-13,2,0,None,104,30,17,185,220,Normal,PPE,43,"{""nurses"":24,""doctors"":10,""support"":9}",45,46,28,16,3,7,11,3,13,158
2020-05-14,3,0,None,109,30,22,220,237,Normal,PPE,49,"{""nurses"":28,""doctors"":11,""support"":10}",50,64,28,23,4,11,13,2,14,196
2020-05-15,4,0,None,186,30,10,231,229,Normal,PPE,51,"{""nurses"":29,""doctors"":12,""support"":10}",56,50,30,26,6,6,11,8,14,180
2020-05-16,5,1,None,137,30,27,207,240,Normal,PPE,47,"{""nurses"":26,""doctors"":11,""support"":10}",51,64,23,24,8,6,13,6,11,164
2020-05-17,6,1,None,86,30,19,151,211,Normal,PPE,36,"{""nurses"":19,""doctors"":8,""support"":9}",44,43,21,15,7,8,7,6,7,152
2020-05-18,0,0,None,89,30,25,243,214,Normal,PPE,54,"{""nurses"":31,""doctors"":13,""support"":10}",62,74,25,31,8,12,12,4,12,176
2020-05-19,1,0,None,139,30,19,270,238,High Demand: activate surge plan; postpone elective procedures; open triage tents; public advisory: wear masks,PPE,59,"{""nurses"":34,""doctors"":14,""support"":11}",61,61,23,24,2,9,18,3,12,228
2020-05-20,2,0,None,124,30,13,186,255,Normal,PPE,43,"{""nurses"":24,""doctors"":10,""support"":9}",30,58,19,22,7,9,20,2,12,170
2020-05-21,3,0,None,123,30,22,215,239,Normal,PPE,48,"{""nurses"":27,""doctors"":11,""support"":10}",42,52,15,19,3,10,13,6,10,189
2020-05-22,4,0,None,191,30,30,189,202,Normal,PPE,43,"{""nurses"":24,""doctors"":10,""support"":9}",51,75,24,21,3,8,8,6,11,152
2020-05-23,5,1,None,114,30,26,182,216,Normal,PPE,42,"{""nurses"":23,""doctors"":10,""support"":9}",41,49,23,22,4,6,10,8,6,169
2020-05-24,6,1,None,107,30,33,173,201,Normal,PPE,40,"{""nurses"":22,""doctors"":9,""support"":9}",48,59,18,24,3,9,7,2,6,158
2020-05-25,0,0,None,30,30,16,199,204,Normal,PPE,44,"{""nurses"":25,""doctors"":10,""support"":9}",36,63,21,24,1,10,13,4,8,188
2020-05-26,1,0,None,122,30,24,217,204,Normal,PPE,49,"{""nurses"":28,""doctors"":11,""support"":10}",49,52,31,18,5,15,11,2,8,200
2020-05-27,2,0,None,145,30,16,262,234,High Demand: activate surge plan; postpone elective procedures; open triage tents; public advisory: wear masks,PPE,58,"{""nurses"":33,""doctors"":14,""support"":11}",56,57,35,28,5,12,6,0,15,204
2020-05-28,3,0,None,126,30,16,184,235,Normal,PPE,42,"{""nurses"":23,""doctors"":10,""support"":9}",47,52,23,18,6,9,12,3,9,180
2020-05-29,4,0,None,170,31,14,221,235,Normal,PPE,50,"{""nurses"":28,""doctors"":12,""support"":10}",44,69,36,20,10,8,12,3,9,186
2020-05-30,5,1,None,186,30,24,194,206,Normal,PPE,44,"{""nurses"":25,""doctors"":10,""support"":9}",52,65,22,26,6,11,10,1,9,200
2020-05-31,6,1,None,161,31,29,191,213,Normal,PPE,43,"{""nurses"":24,""doctors"":10,""support"":9}",50,58,20,21,8,15,12,6,15,142
2020-06-01,0,0,None,85,29,13,205,216,Normal,PPE,47,"{""nurses"":26,""doctors"":11,""support"":10}",43,61,18,23,9,10,6,5,17,172
2020-06-02,1,0,None,74,28,18,142,186,Normal,PPE,34,"{""nurses"":18,""doctors"":8,""support"":8}",38,49,16,17,0,5,7,4,1,120
2020-06-03,2,0,None,60,27,20,249,211,High Demand: activate surge plan; postpone elective procedures; open triage tents; public advisory: wear masks,PPE,55,"{""nurses"":32,""doctors"":13,""support"":10}",40,65,41,25,0,9,17,3,11,193
2020-06-04,3,0,None,113,28,32,223,219,Normal,PPE,50,"{""nurses"":28,""doctors"":12,""support"":10}",54,69,31,13,7,12,18,11,7,219
2020-06-05,4,0,None,123,28,14,208,245,Normal,PPE,47,"{""nurses"":26,""doctors"":11,""support"":10}",38,53,32,25,8,6,12,4,11,179
2020-06-06,5,1,None,107,27,15,155,203,Normal,PPE,37,"{""nurses"":20,""doctors"":8,""support"":9}",38,53,20,11,7,3,10,4,8,149
2020-06-07,6,1,None,136,27,20,183,196,Normal,PPE,42,"{""nurses"":23,""doctors"":10,""support"":9}",41,60,23,21,5,7,13,2,13,153
2020-06-08,0,0,None,91,27,25,192,194,Normal,PPE,43,"{""nurses"":24,""doctors"":10,""support"":9}",41,55,20,21,6,8,12,5,11,155
2020-06-09,1,0,None,97,28,24,160,198,Normal,PPE,37,"{""nurses"":20,""doctors"":8,""support"":9}",47,44,17,15,4,5,10,4,10,136
2020-06-10,2,0,None,65,28,11,127,171,Normal,PPE,31,"{""nurses"":16,""doctors"":7,""support"":8}",27,39,12,13,2,7,5,3,12,111
2020-06-11,3,0,None,40,28,23,160,167,Normal,PPE,37,"{""nurses"":20,""doctors"":8,""support"":9}",36,45,12,18,6,3,8,1,6,157
2020-06-12,4,0,None,96,28,32,162,153,Normal,PPE,39,"{""nurses"":21,""doctors"":9,""support"":9}",44,58,13,15,4,3,9,2,9,137
2020-06-13,5,1,None,71,27,17,201,183,Normal,PPE,47,"{""nurses"":26,""doctors"":11,""support"":10}",45,48,27,16,8,10,14,3,14,148
2020-06-14,6,1,None,106,28,23,181,188,Normal,PPE,42,"{""nurses"":23,""doctors"":10,""support"":9}",43,50,26,15,2,8,16,3,8,157
2020-06-15,0,0,None,124,28,18,147,186,Normal,PPE,35,"{""nurses"":19,""doctors"":8,""support"":8}",32,35,20,13,3,6,12,3,7,124
2020-06-16,1,0,None,52,27,28,235,202,High Demand: activate surge plan; postpone elective procedures; open triage tents; public advisory: wear masks,PPE,52,"{""nurses"":30,""doctors"":12,""support"":10}",49,81,32,26,7,7,12,5,14,187
2020-06-17,2,0,None,87,27,23,198,199,Normal,PPE,44,"{""nurses"":25,""doctors"":10,""support"":9}",52,64,27,14,5,11,12,5,7,149
2020-06-18,3,0,None,152,27,20,207,227,Normal,PPE,47,"{""nurses"":26,""doctors"":11,""support"":10}",40,69,29,30,6,13,11,4,14,155
2020-06-19,4,0,None,90,28,12,211,216,Normal,PPE,48,"{""nurses"":27,""doctors"":11,""support"":10}",39,52,24,28,3,8,14,1,10,179
2020-06-20,5,1,None,131,28,23,192,215,Normal,PPE,43,"{""nurses"":24,""doctors"":10,""support"":9}",49,50,31,18,6,10,14,6,14,186
2020-06-21,6,1,None,82,27,28,179,203,Normal,PPE,41,"{""nurses"":23,""doctors"":9,""support"":9}",36,66,21,20,4,5,7,3,9,151
2020-06-22,0,0,None,103,27,19,203,204,Normal,PPE,47,"{""nurses"":26,""doctors"":11,""support"":10}",28,62,28,20,3,10,6,2,11,161
2020-06-23,1,0,None,70,27,24,188,195,Normal,PPE,43,"{""nurses"":24,""doctors"":10,""support"":9}",44,64,26,20,2,13,12,0,10,144
2020-06-24,2,0,None,84,28,16,141,186,Normal,PPE,34,"{""nurses"":18,""doctors"":8,""support"":8}",30,49,24,12,3,3,9,1,7,122
2020-06-25,3,0,None,104,28,21,188,186,Normal,PPE,43,"{""nurses"":24,""doctors"":10,""support"":9}",55,47,27,19,4,7,14,2,6,162
2020-06-26,4,0,None,89,28,28,139,168,Normal,PPE,33,"{""nurses"":18,""doctors"":7,""support"":8}",35,55,9,12,4,5,10,2,5,128
2020-06-27,5,1,None,108,28,19,194,188,Normal,PPE,44,"{""nurses"":25,""doctors"":10,""support"":9}",45,51,30,23,7,7,10,3,10,158
2020-06-28,6,1,None,97,28,21,207,189,Normal,PPE,47,"{""nurses"":26,""doctors"":11,""support"":10}",51,48,32,25,9,8,12,4,9,187
2020-06-29,0,0,None,82,27,14,148,194,Normal,PPE,35,"{""nurses"":19,""doctors"":8,""support"":8}",41,39,24,13,5,6,4,2,12,118
2020-06-30,1,0,None,84,27,24,160,191,Normal,PPE,37,"{""nurses"":20,""doctors"":8,""support"":9}",35,47,16,9,3,6,9,4,9,164
2020-07-01,2,0,None,71,27,21,192,181,Normal,PPE,43,"{""nurses"":24,""doctors"":10,""support"":9}",65,62,24,24,9,4,13,2,6,162
2020-07-02,3,0,None,113,27,21,133,168,Normal,PPE,32,"{""nurses"":17,""doctors"":7,""support"":8}",36,43,15,15,2,5,8,1,5,110
2020-07-03,4,0,None,111,27,13,149,172,Normal,PPE,35,"{""nurses"":19,""doctors"":8,""support"":8}",23,39,27,11,5,4,8,4,6,138
2020-07-04,5,1,None,110,27,32,227,186,High Demand: activate surge plan; postpone elective procedures; open triage tents; public advisory: wear masks,PPE,51,"{""nurses"":29,""doctors"":12,""support"":10}",63,73,28,24,2,12,10,4,15,204
2020-07-05,6,1,None,43,27,22,178,189,Normal,PPE,41,"{""nurses"":23,""doctors"":9,""support"":9}",41,54,24,22,5,6,11,4,10,158
2020-07-06,0,0,None,50,28,27,175,212,Normal,PPE,40,"{""nurses"":22,""doctors"":9,""support"":9}",50,65,19,21,7,10,14,5,8,157
2020-07-07,1,0,None,135,27,20,179,192,Normal,PPE,41,"{""nurses"":23,""doctors"":9,""support"":9}",53,59,20,21,5,8,4,6,7,139
2020-07-08,2,0,None,100,27,18,110,165,Normal,PPE,28,"{""nurses"":14,""doctors"":6,""support"":8}",23,39,16,9,1,2,9,0,4,93
2020-07-09,3,0,None,95,27,18,192,173,Normal,PPE,43,"{""nurses"":24,""doctors"":10,""support"":9}",46,59,22,23,4,6,11,6,9,178
2020-07-10,4,0,None,125,27,15,112,143,Normal,PPE,28,"{""nurses"":14,""doctors"":6,""support"":8}",33,38,16,9,4,5,6,3,7,92
2020-07-11,5,1,None,99,27,21,196,172,Normal,PPE,44,"{""nurses"":25,""doctors"":10,""support"":9}",43,58,20,22,4,13,14,6,12,174
2020-07-12,6,1,None,75,27,22,175,176,Normal,PPE,40,"{""nurses"":22,""doctors"":9,""support"":9}",43,52,26,17,3,5,11,6,5,149
2020-07-13,0,0,None,57,27,16,192,199,Normal,PPE,43,"{""nurses"":24,""doctors"":10,""support"":9}",41,41,26,19,6,6,14,8,5,169
2020-07-14,1,0,None,55,27,23,122,178,Normal,PPE,31,"{""nurses"":16,""doctors"":7,""support"":8}",43,31,14,9,2,6,6,1,6,109
2020-07-15,2,0,None,69,26,18,194,174,Normal,PPE,44,"{""nurses"":25,""doctors"":10,""support"":9}",36,51,27,16,7,9,8,2,8,177
2020-07-16,3,0,None,103,26,18,123,156,Normal,PPE,31,"{""nurses"":16,""doctors"":7,""support"":8}",26,32,15,19,4,6,7,5,9,106
2020-07-17,4,0,None,132,27,21,200,189,Normal,PPE,44,"{""nurses"":25,""doctors"":10,""support"":9}",49,40,26,16,3,7,9,8,9,188
2020-07-18,5,1,None,65,27,25,148,165,Normal,PPE,35,"{""nurses"":19,""doctors"":8,""support"":8}",47,47,23,14,1,8,9,2,5,107
2020-07-19,6,1,None,132,27,33,195,192,Normal,PPE,44,"{""nurses"":25,""doctors"":10,""support"":9}",46,67,25,20,4,8,11,3,6,187
2020-07-20,0,0,None,44,27,17,128,173,Normal,PPE,31,"{""nurses"":16,""doctors"":7,""support"":8}",34,43,25,9,3,3,7,0,7,105
2020-07-21,1,0,None,97,27,20,164,170,Normal,PPE,39,"{""nurses"":21,""doctors"":9,""support"":9}",23,53,20,16,1,7,8,3,4,142
2020-07-22,2,0,None,84,28,25,169,165,Normal,PPE,40,"{""nurses"":22,""doctors"":9,""support"":9}",36,46,16,22,5,5,11,5,10,126
2020-07-23,3,0,None,143,28,28,187,181,Normal,PPE,43,"{""nurses"":24,""doctors"":10,""support"":9}",38,68,24,24,5,6,6,3,12,172
2020-07-24,4,0,None,102,27,17,183,194,Normal,PPE,42,"{""nurses"":23,""doctors"":10,""support"":9}",54,51,27,18,3,9,9,5,9,181
2020-07-25,5,1,None,56,27,20,148,181,Normal,PPE,35,"{""nurses"":19,""doctors"":8,""support"":8}",44,34,15,14,5,3,10,0,5,139
2020-07-26,6,1,None,113,27,25,150,166,Normal,PPE,35,"{""nurses"":19,""doctors"":8,""support"":8}",35,53,21,12,2,9,9,5,15,155
2020-07-27,0,0,None,110,27,18,194,178,Normal,PPE,44,"{""nurses"":25,""doctors"":10,""support"":9}",47,52,22,23,7,6,9,4,10,163
2020-07-28,1,0,None,115,27,18,160,172,Normal,PPE,37,"{""nurses"":20,""doctors"":8,""support"":9}",28,53,16,28,6,5,14,3,14,133
2020-07-29,2,0,None,79,27,15,145,171,Normal,PPE,35,"{""nurses"":19,""doctors"":8,""support"":8}",30,37,9,13,2,5,14,3,5,126
2020-07-30,3,0,None,122,27,15,157,164,Normal,PPE,37,"{""nurses"":20,""doctors"":8,""support"":9}",43,53,15,21,9,8,6,3,6,142
2020-07-31,4,0,None,78,27,22,162,172,Normal,PPE,39,"{""nurses"":21,""doctors"":9,""support"":9}",39,57,24,22,4,7,11,4,7,141
2020-08-01,5,1,None,49,28,23,201,177,Normal,PPE,47,"{""nurses"":26,""doctors"":11,""support"":10}",54,59,21,20,7,8,16,3,9,194
2020-08-02,6,1,None,94,28,23,171,188,Normal,PPE,40,"{""nurses"":22,""doctors"":9,""support"":9}",35,49,23,15,4,7,8,1,6,141
2020-08-03,0,0,None,49,27,22,155,193,Normal,PPE,37,"{""nurses"":20,""doctors"":8,""support"":9}",39,51,15,12,7,4,11,3,9,131
2020-08-04,1,0,None,136,27,12,135,170,Normal,PPE,32,"{""nurses"":17,""doctors"":7,""support"":8}",24,37,14,9,6,8,11,2,6,135
2020-08-05,2,0,None,38,27,22,141,150,Normal,PPE,34,"{""nurses"":18,""doctors"":8,""support"":8}",34,35,18,6,3,6,9,2,6,120
2020-08-06,3,0,None,73,27,29,153,148,Normal,PPE,37,"{""nurses"":20,""doctors"":8,""support"":9}",41,80,19,20,8,7,10,2,4,138
2020-08-07,4,0,None,133,27,16,199,179,Normal,PPE,44,"{""nurses"":25,""doctors"":10,""support"":9}",35,52,29,22,3,6,8,4,14,172
2020-08-08,5,1,None,97,27,19,228,209,Normal,PPE,51,"{""nurses"":29,""doctors"":12,""support"":10}",62,62,22,19,4,6,10,5,9,176
2020-08-09,6,1,None,88,27,13,182,223,Normal,PPE,42,"{""nurses"":23,""doctors"":10,""support"":9}",35,40,22,28,5,7,8,1,15,156
2020-08-10,0,0,None,62,26,23,155,203,Normal,PPE,37,"{""nurses"":20,""doctors"":8,""support"":9}",37,60,12,14,5,12,9,1,7,151
2020-08-11,1,0,None,62,26,19,159,175,Normal,PPE,37,"{""nurses"":20,""doctors"":8,""support"":9}",47,58,24,16,2,9,12,3,6,155
2020-08-12,2,0,None,46,26,17,198,183,Normal,PPE,44,"{""nurses"":25,""doctors"":10,""support"":9}",49,39,25,19,7,12,11,4,9,187
2020-08-13,3,0,None,92,26,21,155,176,Normal,PPE,37,"{""nurses"":20,""doctors"":8,""support"":9}",33,42,18,13,8,10,5,2,12,124
2020-08-14,4,0,None,81,26,21,159,182,Normal,PPE,37,"{""nurses"":20,""doctors"":8,""support"":9}",29,47,24,23,11,3,8,6,9,153
2020-08-15,5,1,None,114,26,18,224,192,Normal,PPE,50,"{""nurses"":28,""doctors"":12,""support"":10}",54,53,31,20,9,11,8,4,11,175
2020-08-16,6,1,None,136,26,19,198,209,Normal,PPE,44,"{""nurses"":25,""doctors"":10,""support"":9}",48,64,23,24,1,9,15,2,9,168
2020-08-17,0,0,None,98,26,30,170,205,Normal,PPE,40,"{""nurses"":22,""doctors"":9,""support"":9}",43,55,19,18,3,9,15,5,9,149
2020-08-18,1,0,None,100,26,16,188,191,Normal,PPE,43,"{""nurses"":24,""doctors"":10,""support"":9}",45,52,13,23,3,14,12,1,11,149
2020-08-19,2,0,None,125,27,19,162,183,Normal,PPE,39,"{""nurses"":21,""doctors"":9,""support"":9}",39,47,26,17,6,6,8,1,7,154
2020-08-20,3,0,None,105,26,19,151,175,Normal,PPE,36,"{""nurses"":19,""doctors"":8,""support"":9}",45,43,15,16,6,8,9,7,8,121
2020-08-21,4,0,None,59,26,36,221,186,Normal,PPE,50,"{""nurses"":28,""doctors"":12,""support"":10}",70,71,25,27,3,9,10,4,6,196
2020-08-22,5,1,None,84,27,30,162,191,Normal,PPE,39,"{""nurses"":21,""doctors"":9,""support"":9}",48,80,28,13,4,6,7,4,8,147
2020-08-23,6,1,None,41,27,25,234,215,Normal,PPE,52,"{""nurses"":30,""doctors"":12,""support"":10}",50,68,36,18,8,14,9,3,11,200
2020-08-24,0,0,None,131,27,22,179,200,Normal,PPE,41,"{""nurses"":23,""doctors"":9,""support"":9}",36,61,18,11,4,10,9,7,9,173
2020-08-25,1,0,None,97,27,16,180,215,Normal,PPE,41,"{""nurses"":23,""doctors"":9,""support"":9}",45,55,28,20,5,14,9,0,10,143
2020-08-26,2,0,None,69,27,17,173,186,Normal,PPE,40,"{""nurses"":22,""doctors"":9,""support"":9}",38,55,20,13,6,6,10,5,6,141
2020-08-27,3,0,None,68,26,23,185,196,Normal,PPE,43,"{""nurses"":24,""doctors"":10,""support"":9}",53,60,21,27,4,6,8,3,11,187
2020-08-28,4,0,GaneshChaturthi,196,26,55,233,205,High Accident Volume: deploy trauma team; increase analgesic/antibiotics,PPE,52,"{""nurses"":30,""doctors"":12,""support"":10}",91,106,26,30,6,10,14,7,13,226
2020-08-29,5,1,GaneshChaturthi,231,26,37,236,238,Air Quality Alert: masks recommended; increase respiratory stock,PPE,52,"{""nurses"":30,""doctors"":12,""support"":10}",74,80,28,31,9,7,18,11,15,228
2020-08-30,6,1,GaneshChaturthi,208,26,66,197,241,Air Quality Alert: masks recommended; increase respiratory stock,PPE,44,"{""nurses"":25,""doctors"":10,""support"":9}",68,119,31,36,10,7,12,1,5,214
2020-08-31,0,0,GaneshChaturthi,156,26,45,302,258,High Demand: activate surge plan; postpone elective procedures; open triage tents; public advisory: wear masks,PPE,66,"{""nurses"":38,""doctors"":16,""support"":12}",93,126,40,25,8,11,13,5,20,293
2020-09-01,1,0,GaneshChaturthi,179,26,24,260,264,High Demand: activate surge plan; postpone elective procedures; open triage tents; public advisory: wear masks,PPE,57,"{""nurses"":33,""doctors"":13,""support"":11}",84,99,30,30,4,9,12,5,11,251
2020-09-02,2,0,GaneshChaturthi,212,27,37,228,273,Air Quality Alert: masks recommended; increase respiratory stock,PPE,51,"{""nurses"":29,""doctors"":12,""support"":10}",72,91,24,19,4,6,16,3,10,189
2020-09-03,3,0,GaneshChaturthi,202,28,34,224,253,Air Quality Alert: masks recommended; increase respiratory stock,PPE,50,"{""nurses"":28,""doctors"":12,""support"":10}",68,91,27,23,11,12,9,3,16,210
2020-09-04,4,0,None,178,28,18,196,223,Normal,PPE,44,"{""nurses"":25,""doctors"":10,""support"":9}",43,56,23,30,6,6,7,4,8,161
2020-09-05,5,1,None,104,28,19,199,220,Normal,PPE,44,"{""nurses"":25,""doctors"":10,""support"":9}",41,59,35,23,7,10,6,2,18,172
2020-09-06,6,1,None,86,28,20,192,216,Normal,PPE,43,"{""nurses"":24,""doctors"":10,""support"":9}",60,63,16,24,6,5,9,2,5,152
2020-09-07,0,0,None,83,28,21,167,200,Normal,PPE,39,"{""nurses"":21,""doctors"":9,""support"":9}",44,55,20,16,4,5,10,6,13,146
2020-09-08,1,0,None,101,27,22,148,178,Normal,PPE,35,"{""nurses"":19,""doctors"":8,""support"":8}",29,48,17,14,3,9,7,4,8,133
2020-09-09,2,0,None,102,28,19,141,163,Normal,PPE,34,"{""nurses"":18,""doctors"":8,""support"":8}",27,42,15,12,4,5,6,3,12,140
2020-09-10,3,0,None,104,28,15,186,170,Normal,PPE,43,"{""nurses"":24,""doctors"":10,""support"":9}",46,59,18,22,6,5,8,3,10,175
2020-09-11,4,0,None,77,27,15,149,164,Normal,PPE,35,"{""nurses"":19,""doctors"":8,""support"":8}",25,36,15,21,6,4,4,3,7,125
2020-09-12,5,1,None,119,27,22,254,202,High Demand: activate surge plan; postpone elective procedures; open triage tents; public advisory: wear masks,PPE,56,"{""nurses"":32,""doctors"":13,""support"":11}",47,65,35,22,6,10,21,3,7,217
2020-09-13,6,1,None,68,27,15,138,185,Normal,PPE,33,"{""nurses"":18,""doctors"":7,""support"":8}",30,53,20,12,2,6,11,2,8,114
2020-09-14,0,0,None,162,27,16,171,195,Normal,PPE,40,"{""nurses"":22,""doctors"":9,""support"":9}",46,41,19,29,4,8,7,4,9,136
2020-09-15,1,0,None,48,27,22,202,178,Normal,PPE,47,"{""nurses"":26,""doctors"":11,""support"":10}",55,48,24,19,8,9,12,4,12,171
2020-09-16,2,0,None,42,27,20,130,184,Normal,PPE,32,"{""nurses"":17,""doctors"":7,""support"":8}",31,48,14,18,2,6,7,2,8,125
2020-09-17,3,0,None,63,27,20,212,188,Normal,PPE,48,"{""nurses"":27,""doctors"":11,""support"":10}",53,71,16,19,8,10,12,2,9,215
2020-09-18,4,0,None,99,27,20,191,193,Normal,PPE,43,"{""nurses"":24,""doctors"":10,""support"":9}",43,65,24,12,11,8,11,5,15,163
2020-09-19,5,1,None,62,27,20,171,211,Normal,PPE,40,"{""nurses"":22,""doctors"":9,""support"":9}",41,60,25,17,8,2,15,4,8,133
2020-09-20,6,1,None,60,27,20,196,199,Normal,PPE,44,"{""nurses"":25,""doctors"":10,""support"":9}",32,60,25,24,4,14,16,3,6,156
2020-09-21,0,0,None,91,28,19,185,197,Normal,PPE,43,"{""nurses"":24,""doctors"":10,""support"":9}",59,49,29,19,10,7,12,1,6,163
2020-09-22,1,0,None,168,27,22,185,196,Normal,PPE,43,"{""nurses"":24,""doctors"":10,""support"":9}",47,62,20,14,4,5,8,1,10,168
2020-09-23,2,0,None,98,26,25,225,206,Normal,PPE,51,"{""nurses"":29,""doctors"":12,""support"":10}",53,81,22,25,9,7,16,5,17,196
2020-09-24,3,0,None,122,27,19,149,202,Normal,PPE,35,"{""nurses"":19,""doctors"":8,""support"":8}",24,45,16,14,4,2,11,3,6,123
2020-09-25,4,0,None,65,27,18,135,187,Normal,PPE,32,"{""nurses"":17,""doctors"":7,""support"":8}",22,44,18,9,4,3,7,2,9,125
2020-09-26,5,1,None,88,27,20,147,150,Normal,PPE,35,"{""nurses"":19,""doctors"":8,""support"":8}",29,40,27,17,6,2,12,1,7,133
2020-09-27,6,1,None,71,26,20,205,167,Normal,PPE,47,"{""nurses"":26,""doctors"":11,""support"":10}",49,63,30,24,4,9,11,3,7,173
2020-09-28,0,0,None,33,27,16,150,176,Normal,PPE,35,"{""nurses"":19,""doctors"":8,""support"":8}",34,60,14,15,3,7,7,3,15,137
2020-09-29,1,0,None,71,27,18,188,192,Normal,PPE,43,"{""nurses"":24,""doctors"":10,""support"":9}",45,59,28,21,7,6,8,5,6,143
2020-09-30,2,0,None,116,27,23,212,200,Normal,PPE,48,"{""nurses"":27,""doctors"":11,""support"":10}",49,71,21,15,8,7,10,3,12,154
2020-10-01,3,0,Navratri,272,27,20,284,243,Air Quality Alert: masks recommended; increase respiratory stock,PPE,62,"{""nurses"":36,""doctors"":15,""support"":11}",61,63,31,43,7,10,20,4,16,249
2020-10-02,4,0,Navratri,267,28,21,248,270,Air Quality Alert: masks recommended; increase respiratory stock,PPE,54,"{""nurses"":31,""doctors"":13,""support"":10}",55,78,25,33,6,7,9,3,11,213
2020-10-03,5,1,Navratri,256,27,26,347,308,High Demand: activate surge plan; postpone elective procedures; open triage tents; public advisory: wear masks,PPE,74,"{""nurses"":44,""doctors"":18,""support"":12}",74,87,48,41,16,9,17,8,23,307
2020-10-04,6,1,Navratri,226,27,16,219,282,Air Quality Alert: masks recommended; increase respiratory stock,PPE,49,"{""nurses"":28,""doctors"":11,""support"":10}",41,48,29,24,5,6,14,4,12,186
2020-10-05,0,0,Navratri,332,27,15,243,290,High Demand: activate surge plan; postpone elective procedures; open triage tents; public advisory: wear masks,PPE,54,"{""nurses"":31,""doctors"":13,""support"":10}",45,66,28,35,5,10,15,4,19,211
2020-10-06,1,0,Navratri,243,27,27,300,266,Air Quality Alert: masks recommended; increase respiratory stock,PPE,64,"{""nurses"":38,""doctors"":15,""support"":11}",60,98,24,37,12,11,22,6,8,228
2020-10-07,2,0,Navratri,355,28,26,311,297,High Demand: activate surge plan; postpone elective procedures; open triage tents; public advisory: wear masks,PPE,67,"{""nurses"":39,""doctors"":16,""support"":12}",65,75,36,49,7,11,23,6,24,272
2020-10-08,3,0,Navratri,137,28,20,245,309,Normal,PPE,54,"{""nurses"":31,""doctors"":13,""support"":10}",55,68,31,29,13,11,10,8,10,184
2020-10-09,4,0,Navratri,152,29,17,266,287,Normal,PPE,59,"{""nurses"":34,""doctors"":14,""support"":11}",54,56,21,31,6,6,12,7,17,228
2020-10-10,5,1,None,190,28,29,187,247,Normal,PPE,43,"{""nurses"":24,""doctors"":10,""support"":9}",51,61,24,22,3,12,10,2,8,155
2020-10-11,6,1,None,147,28,27,209,234,Normal,PPE,48,"{""nurses"":27,""doctors"":11,""support"":10}",44,78,27,24,6,12,13,3,9,194
2020-10-12,0,0,None,167,28,23,179,202,Normal,PPE,41,"{""nurses"":23,""doctors"":9,""support"":9}",45,48,28,22,12,9,12,12,9,176
2020-10-13,1,0,None,233,28,18,214,206,Air Quality Alert: masks recommended; increase respiratory stock,PPE,48,"{""nurses"":27,""doctors"":11,""support"":10}",48,65,20,27,5,10,8,7,10,178
2020-10-14,2,0,None,267,28,16,194,208,Air Quality Alert: masks recommended; increase respiratory stock,PPE,44,"{""nurses"":25,""doctors"":10,""support"":9}",38,58,23,34,8,11,10,4,12,165
2020-10-15,3,0,None,287,28,24,227,225,Air Quality Alert: masks recommended; increase respiratory stock,PPE,51,"{""nurses"":29,""doctors"":12,""support"":10}",47,63,20,22,7,4,14,3,12,212
2020-10-16,4,0,None,240,28,18,172,204,Air Quality Alert: masks recommended; increase respiratory stock,PPE,40,"{""nurses"":22,""doctors"":9,""support"":9}",46,44,17,23,5,7,9,7,3,167
2020-10-17,5,1,None,247,28,19,200,208,Air Quality Alert: masks recommended; increase respiratory stock,PPE,44,"{""nurses"":25,""doctors"":10,""support"":9}",44,45,25,23,8,7,15,1,13,159
2020-10-18,6,1,None,193,27,18,209,210,Normal,PPE,48,"{""nurses"":27,""doctors"":11,""support"":10}",38,56,21,18,5,6,13,4,9,168
2020-10-19,0,0,None,280,27,16,285,253,Air Quality Alert: masks recommended; increase respiratory stock,PPE,62,"{""nurses"":36,""doctors"":15,""support"":11}",53,69,31,38,8,12,13,6,9,228
2020-10-20,1,0,None,138,27,24,210,243,Normal,PPE,48,"{""nurses"":27,""doctors"":11,""support"":10}",46,75,20,20,4,13,17,1,10,175
2020-10-21,2,0,None,306,27,16,218,248,High Demand: activate surge plan; postpone elective procedures; open triage tents; public advisory: wear masks,PPE,49,"{""nurses"":28,""doctors"":11,""support"":10}",56,62,26,21,5,9,14,4,11,170
2020-10-22,3,0,None,269,27,24,244,242,Air Quality Alert: masks recommended; increase respiratory stock,PPE,54,"{""nurses"":31,""doctors"":13,""support"":10}",44,65,21,31,6,8,8,6,10,193
2020-10-23,4,0,Diwali,373,27,47,362,296,High Demand: activate surge plan; postpone elective procedures; open triage tents; public advisory: wear masks,PPE,78,"{""nurses"":46,""doctors"":19,""support"":13}",75,129,38,70,12,17,16,7,17,322
2020-10-24,5,1,Diwali,286,27,36,349,342,High Demand: activate surge plan; postpone elective procedures; open triage tents; public advisory: wear masks,PPE,74,"{""nurses"":44,""doctors"":18,""support"":12}",80,94,38,54,11,21,21,13,21,312
2020-10-25,6,1,Diwali,253,27,41,301,359,High Demand: activate surge plan; postpone elective procedures; open triage tents; public advisory: wear masks,PPE,66,"{""nurses"":38,""doctors"":16,""support"":12}",76,126,43,37,8,9,17,4,19,260
2020-10-26,0,0,Diwali,496,28,41,297,333,High Demand: activate surge plan; postpone elective procedures; open triage tents; public advisory: wear masks,PPE,64,"{""nurses"":38,""doctors"":15,""support"":11}",81,87,30,60,5,9,11,6,15,270
2020-10-27,1,0,None,318,28,15,281,311,High Demand: activate surge plan; postpone elective procedures; open triage tents; public advisory: wear masks,PPE,62,"{""nurses"":36,""doctors"":15,""support"":11}",53,67,26,50,10,10,13,3,13,219
2020-10-28,2,0,None,378,27,25,231,292,High Demand: activate surge plan; postpone elective procedures; open triage tents; public advisory: wear masks,PPE,51,"{""nurses"":29,""doctors"":12,""support"":10}",48,65,28,41,8,11,19,6,12,176
2020-10-29,3,0,None,344,27,31,283,289,High Demand: activate surge plan; postpone elective procedures; open triage tents; public advisory: wear masks,PPE,62,"{""nurses"":36,""doctors"":15,""support"":11}",72,100,28,43,5,8,16,8,14,243
2020-10-30,4,0,None,50,27,15,228,270,Normal,PPE,51,"{""nurses"":29,""doctors"":12,""support"":10}",41,59,14,30,1,10,16,6,11,200
2020-10-31,5,1,None,250,26,23,260,278,Air Quality Alert: masks recommended; increase respiratory stock,PPE,57,"{""nurses"":33,""doctors"":13,""support"":11}",53,73,28,33,8,10,10,5,15,225
2020-11-01,6,1,None,182,27,14,182,237,Normal,PPE,42,"{""nurses"":23,""doctors"":10,""support"":9}",39,44,28,21,10,6,20,2,7,141
2020-11-02,0,0,None,129,28,15,252,253,Normal,PPE,56,"{""nurses"":32,""doctors"":13,""support"":11}",66,71,27,32,9,9,6,5,9,193
2020-11-03,1,0,None,291,28,27,236,244,Air Quality Alert: masks recommended; increase respiratory stock,PPE,52,"{""nurses"":30,""doctors"":12,""support"":10}",61,64,28,39,4,9,16,9,12,209
2020-11-04,2,0,None,217,27,25,210,251,Air Quality Alert: masks recommended; increase respiratory stock,PPE,48,"{""nurses"":27,""doctors"":11,""support"":10}",52,76,20,24,4,3,13,1,6,166
2020-11-05,3,0,None,178,27,12,274,255,Normal,PPE,60,"{""nurses"":35,""doctors"":14,""support"":11}",53,57,36,28,6,14,12,6,13,231
2020-11-06,4,0,None,205,27,17,178,234,Air Quality Alert: masks recommended; increase respiratory stock,PPE,41,"{""nurses"":23,""doctors"":9,""support"":9}",36,56,16,19,9,11,7,5,12,147
2020-11-07,5,1,None,199,27,35,287,255,Normal,PPE,62,"{""nurses"":36,""doctors"":15,""support"":11}",76,99,42,31,9,11,16,7,15,226
2020-11-08,6,1,None,289,28,19,254,253,Air Quality Alert: masks recommended; increase respiratory stock,PPE,56,"{""nurses"":32,""doctors"":13,""support"":11}",70,62,26,32,12,10,18,6,13,211
2020-11-09,0,0,None,181,27,16,231,281,Normal,PPE,51,"{""nurses"":29,""doctors"":12,""support"":10}",41,55,21,34,4,6,16,5,14,219
2020-11-10,1,0,None,183,26,16,193,234,Normal,PPE,44,"{""nurses"":25,""doctors"":10,""support"":9}",56,45,28,26,5,9,11,5,15,165
2020-11-11,2,0,None,186,25,26,211,230,Normal,PPE,48,"{""nurses"":27,""doctors"":11,""support"":10}",58,78,17,24,5,9,20,3,6,168
2020-11-12,3,0,None,217,25,17,219,225,Air Quality Alert: masks recommended; increase respiratory stock,PPE,49,"{""nurses"":28,""doctors"":11,""support"":10}",49,54,20,27,7,7,16,3,12,191
2020-11-13,4,0,None,191,26,21,231,237,Normal,PPE,51,"{""nurses"":29,""doctors"":12,""support"":10}",46,83,31,34,6,9,12,6,12,210
2020-11-14,5,1,None,247,28,19,191,235,Air Quality Alert: masks recommended; increase respiratory stock,PPE,43,"{""nurses"":24,""doctors"":10,""support"":9}",34,50,22,19,6,7,13,5,7,162
2020-11-15,6,1,None,213,28,19,191,211,Air Quality Alert: masks recommended; increase respiratory stock,PPE,43,"{""nurses"":24,""doctors"":10,""support"":9}",31,54,29,21,5,9,10,6,8,168
2020-11-16,0,0,None,210,28,19,245,229,Air Quality Alert: masks recommended; increase respiratory stock,PPE,54,"{""nurses"":31,""doctors"":13,""support"":10}",43,61,32,33,9,6,16,6,12,218
2020-11-17,1,0,None,366,29,17,265,244,High Demand: activate surge plan; postpone elective procedures; open triage tents; public advisory: wear masks,PPE,59,"{""nurses"":34,""doctors"":14,""support"":11}",57,69,23,29,8,8,17,1,11,210
2020-11-18,2,0,None,197,28,15,298,278,Normal,PPE,64,"{""nurses"":38,""doctors"":15,""support"":11}",56,67,25,43,8,6,15,6,20,241
2020-11-19,3,0,None,365,28,20,324,320,High Demand: activate surge plan; postpone elective procedures; open triage tents; public advisory: wear masks,PPE,70,"{""nurses"":41,""doctors"":17,""support"":12}",65,75,49,54,8,13,14,9,11,289
2020-11-20,4,0,None,296,27,19,319,329,Air Quality Alert: masks recommended; increase respiratory stock,PPE,68,"{""nurses"":40,""doctors"":16,""support"":12}",66,88,46,44,13,10,14,7,15,242
2020-11-21,5,1,None,345,27,16,352,349,High Demand: activate surge plan; postpone elective procedures; open triage tents; public advisory: wear masks,PPE,75,"{""nurses"":44,""doctors"":18,""support"":13}",71,89,38,54,16,18,17,8,16,282
2020-11-22,6,1,None,372,26,22,321,358,High Demand: activate surge plan; postpone elective procedures; open triage tents; public advisory: wear masks,PPE,70,"{""nurses"":41,""doctors"":17,""support"":12}",70,81,32,49,13,11,14,12,23,282
2020-11-23,0,0,None,243,26,18,258,329,Air Quality Alert: masks recommended; increase respiratory stock,PPE,57,"{""nurses"":33,""doctors"":13,""support"":11}",58,72,26,42,6,7,17,9,15,206
2020-11-24,1,0,None,237,26,15,189,273,Air Quality Alert: masks recommended; increase respiratory stock,PPE,43,"{""nurses"":24,""doctors"":10,""support"":9}",46,53,20,23,9,5,17,3,13,143
2020-11-25,2,0,None,171,26,25,286,259,Normal,PPE,62,"{""nurses"":36,""doctors"":15,""support"":11}",68,81,30,31,6,15,17,3,14,254
2020-11-26,3,0,None,131,26,18,262,254,Normal,PPE,58,"{""nurses"":33,""doctors"":14,""support"":11}",41,67,24,25,6,10,20,4,17,219
2020-11-27,4,0,None,162,28,21,221,265,Normal,PPE,50,"{""nurses"":28,""doctors"":12,""support"":10}",49,58,28,30,5,5,14,6,10,191
2020-11-28,5,1,None,177,27,24,259,256,Normal,PPE,57,"{""nurses"":33,""doctors"":13,""support"":11}",61,72,39,35,3,8,17,3,12,232
2020-11-29,6,1,None,252,27,18,209,243,Air Quality Alert: masks recommended; increase respiratory stock,PPE,48,"{""nurses"":27,""doctors"":11,""support"":10}",53,72,25,23,4,4,8,8,10,185
2020-11-30,0,0,None,262,27,23,245,248,Air Quality Alert: masks recommended; increase respiratory stock,PPE,54,"{""nurses"":31,""doctors"":13,""support"":10}",64,77,25,33,11,14,15,6,19,202
2020-12-01,1,0,None,60,28,13,223,241,Normal,PPE,50,"{""nurses"":28,""doctors"":12,""support"":10}",48,54,22,21,6,13,15,0,11,195
2020-12-02,2,0,None,114,28,20,187,229,Normal,PPE,43,"{""nurses"":24,""doctors"":10,""support"":9}",49,49,24,21,9,11,9,6,9,156
2020-12-03,3,0,None,137,26,20,280,248,Normal,PPE,60,"{""nurses"":35,""doctors"":14,""support"":11}",68,73,47,34,13,7,14,6,11,236
2020-12-04,4,0,None,143,26,25,301,270,Normal,PPE,66,"{""nurses"":38,""doctors"":16,""support"":12}",72,81,40,31,8,14,20,5,8,254
2020-12-05,5,1,None,189,26,22,252,302,Normal,PPE,56,"{""nurses"":32,""doctors"":13,""support"":11}",37,73,33,33,5,15,10,3,13,231
2020-12-06,6,1,None,60,26,27,257,281,Normal,PPE,57,"{""nurses"":33,""doctors"":13,""support"":11}",62,97,26,24,6,10,17,7,14,233
2020-12-07,0,0,None,176,26,16,277,286,Normal,PPE,60,"{""nurses"":35,""doctors"":14,""support"":11}",63,67,26,39,9,11,12,3,16,239
2020-12-08,1,0,None,140,26,21,230,272,Normal,PPE,51,"{""nurses"":29,""doctors"":12,""support"":10}",44,75,30,26,4,5,17,8,12,216
2020-12-09,2,0,None,150,27,24,232,255,Normal,PPE,51,"{""nurses"":29,""doctors"":12,""support"":10}",61,71,23,27,2,13,18,4,9,204
2020-12-10,3,0,None,142,27,24,272,264,Normal,PPE,59,"{""nurses"":34,""doctors"":14,""support"":11}",64,66,23,32,6,11,18,10,11,244
2020-12-11,4,0,None,227,26,28,401,318,High Demand: activate surge plan; postpone elective procedures; open triage tents; public advisory: wear masks,PPE,86,"{""nurses"":51,""doctors"":21,""support"":14}",88,115,45,42,12,22,15,5,30,340
2020-12-12,5,1,None,186,26,26,272,330,Normal,PPE,59,"{""nurses"":34,""doctors"":14,""support"":11}",57,84,33,27,5,6,21,2,15,240
2020-12-13,6,1,None,166,25,31,275,340,Normal,PPE,60,"{""nurses"":35,""doctors"":14,""support"":11}",50,81,42,29,9,8,15,1,12,205
2020-12-14,0,0,None,290,24,17,281,299,Air Quality Alert: masks recommended; increase respiratory stock,PPE,62,"{""nurses"":36,""doctors"":15,""support"":11}",71,81,26,46,7,4,21,2,15,246
2020-12-15,1,0,None,117,25,23,323,303,Normal,PPE,70,"{""nurses"":41,""doctors"":17,""support"":12}",76,83,44,33,6,18,23,9,15,277
2020-12-16,2,0,None,137,25,19,306,314,Normal,PPE,67,"{""nurses"":39,""doctors"":16,""support"":12}",76,74,43,42,9,11,20,7,15,268
2020-12-17,3,0,None,249,25,29,276,320,Air Quality Alert: masks recommended; increase respiratory stock,PPE,60,"{""nurses"":35,""doctors"":14,""support"":11}",59,86,27,51,15,12,12,8,14,247
2020-12-18,4,0,None,224,25,11,307,311,Air Quality Alert: masks recommended; increase respiratory stock,PPE,67,"{""nurses"":39,""doctors"":16,""support"":12}",64,60,43,34,8,8,21,7,12,262
2020-12-19,5,1,None,202,26,21,282,298,Air Quality Alert: masks recommended; increase respiratory stock,PPE,62,"{""nurses"":36,""doctors"":15,""support"":11}",44,61,37,37,13,9,15,2,16,200
2020-12-20,6,1,None,166,25,24,268,301,Normal,PPE,59,"{""nurses"":34,""doctors"":14,""support"":11}",51,65,31,40,7,12,13,9,8,267
2020-12-21,0,0,None,212,24,24,387,331,High Demand: activate surge plan; postpone elective procedures; open triage tents; public advisory: wear masks,PPE,82,"{""nurses"":49,""doctors"":20,""support"":13}",84,106,41,54,15,18,16,8,22,369
2020-12-22,1,0,None,113,23,19,269,329,Normal,PPE,59,"{""nurses"":34,""doctors"":14,""support"":11}",51,63,39,21,6,11,16,5,12,233
2020-12-23,2,0,None,259,23,17,292,327,Air Quality Alert: masks recommended; increase respiratory stock,PPE,63,"{""nurses"":37,""doctors"":15,""support"":11}",62,81,33,27,8,10,15,4,18,241
2020-12-24,3,0,None,142,24,19,266,294,Normal,PPE,59,"{""nurses"":34,""doctors"":14,""support"":11}",61,61,29,34,8,10,17,5,10,212
2020-12-25,4,0,Christmas,204,25,20,304,310,Air Quality Alert: masks recommended; increase respiratory stock,PPE,66,"{""nurses"":38,""doctors"":16,""support"":12}",63,75,28,41,10,8,16,9,23,247
2020-12-26,5,1,None,60,25,23,262,299,Normal,PPE,58,"{""nurses"":33,""doctors"":14,""support"":11}",52,84,34,24,11,8,22,3,15,258
2020-12-27,6,1,None,243,25,20,327,311,Air Quality Alert: masks recommended; increase respiratory stock,PPE,70,"{""nurses"":41,""doctors"":17,""support"":12}",64,102,40,42,10,6,20,7,22,297
2020-12-28,0,0,None,218,23,25,328,329,Air Quality Alert: masks recommended; increase respiratory stock,PPE,70,"{""nurses"":41,""doctors"":17,""support"":12}",64,85,51,37,4,20,27,5,16,265
2020-12-29,1,0,None,231,22,19,309,335,Air Quality Alert: masks recommended; increase respiratory stock,PPE,67,"{""nurses"":39,""doctors"":16,""support"":12}",58,95,50,32,11,11,15,7,16,257
2020-12-30,2,0,None,171,23,21,283,321,Normal,PPE,62,"{""nurses"":36,""doctors"":15,""support"":11}",54,62,34,32,2,15,13,4,15,226
2020-12-31,3,0,None,286,25,20,327,323,Air Quality Alert: masks recommended; increase respiratory stock,PPE,70,"{""nurses"":41,""doctors"":17,""support"":12}",68,83,46,36,11,14,23,2,18,250
2021-01-01,4,0,None,198,26,19,171,276,Normal,PPE,40,"{""nurses"":22,""doctors"":9,""support"":9}",35,67,28,26,2,16,7,5,15,129
2021-01-02,5,1,None,151,25,18,193,249,Normal,PPE,44,"{""nurses"":25,""doctors"":10,""support"":9}",38,48,22,22,3,10,7,1,16,200
2021-01-03,6,1,None,214,24,20,153,177,Air Quality Alert: masks recommended; increase respiratory stock,PPE,37,"{""nurses"":20,""doctors"":8,""support"":9}",34,43,13,20,4,4,7,1,12,122
2021-01-04,0,0,None,173,24,18,204,194,Normal,PPE,47,"{""nurses"":26,""doctors"":11,""support"":10}",43,58,27,21,6,9,8,2,9,172
2021-01-05,1,0,None,139,24,16,212,208,Normal,PPE,48,"{""nurses"":27,""doctors"":11,""support"":10}",61,64,24,23,8,8,10,6,14,178
2021-01-06,2,0,None,73,25,25,141,203,Normal,PPE,34,"{""nurses"":18,""doctors"":8,""support"":8}",36,53,13,17,4,4,11,4,7,131
2021-01-07,3,0,None,264,25,25,204,190,Air Quality Alert: masks recommended; increase respiratory stock,PPE,47,"{""nurses"":26,""doctors"":11,""support"":10}",48,81,27,28,12,11,13,3,17,171
2021-01-08,4,0,None,60,25,28,190,189,Normal,PPE,43,"{""nurses"":24,""doctors"":10,""support"":9}",48,57,28,25,6,7,8,5,10,164
2021-01-09,5,1,None,193,26,22,247,227,Normal,PPE,54,"{""nurses"":31,""doctors"":13,""support"":10}",49,68,28,31,6,12,21,3,17,230
2021-01-10,6,1,None,60,27,17,201,220,Normal,PPE,47,"{""nurses"":26,""doctors"":11,""support"":10}",43,63,23,14,5,10,8,4,9,163
2021-01-11,0,0,None,184,27,23,197,229,Normal,PPE,44,"{""nurses"":25,""doctors"":10,""support"":9}",56,56,26,30,8,3,11,6,10,157
2021-01-12,1,0,None,112,28,22,195,203,Normal,PPE,44,"{""nurses"":25,""doctors"":10,""support"":9}",41,53,21,25,8,7,11,5,7,194
2021-01-13,2,0,None,230,27,19,165,205,Air Quality Alert: masks recommended; increase respiratory stock,PPE,39,"{""nurses"":21,""doctors"":9,""support"":9}",36,48,18,20,2,5,9,0,12,128
2021-01-14,3,0,None,209,25,18,267,227,High Demand: activate surge plan; postpone elective procedures; open triage tents; public advisory: wear masks,PPE,59,"{""nurses"":34,""doctors"":14,""support"":11}",51,63,23,42,8,18,16,4,13,218
2021-01-15,4,0,None,159,24,19,193,219,Normal,PPE,44,"{""nurses"":25,""doctors"":10,""support"":9}",60,60,28,17,6,9,16,3,16,153
2021-01-16,5,1,None,141,23,20,242,241,Normal,PPE,54,"{""nurses"":31,""doctors"":13,""support"":10}",46,70,29,22,5,8,15,3,15,210
2021-01-17,6,1,None,202,24,17,182,213,Air Quality Alert: masks recommended; increase respiratory stock,PPE,42,"{""nurses"":23,""doctors"":10,""support"":9}",30,52,16,25,6,3,8,3,8,153
2021-01-18,0,0,None,73,24,20,209,227,Normal,PPE,48,"{""nurses"":27,""doctors"":11,""support"":10}",43,60,21,13,9,8,8,4,13,155
2021-01-19,1,0,None,195,25,22,223,215,Normal,PPE,50,"{""nurses"":28,""doctors"":12,""support"":10}",49,56,17,18,9,8,9,5,11,194
2021-01-20,2,0,None,194,25,22,210,222,Normal,PPE,48,"{""nurses"":27,""doctors"":11,""support"":10}",36,75,28,24,2,5,6,4,16,202
2021-01-21,3,0,None,234,23,20,267,247,High Demand: activate surge plan; postpone elective procedures; open triage tents; public advisory: wear masks,PPE,59,"{""nurses"":34,""doctors"":14,""support"":11}",62,64,30,28,7,9,20,6,8,211
2021-01-22,4,0,None,60,23,27,170,226,Normal,PPE,40,"{""nurses"":22,""doctors"":9,""support"":9}",53,45,21,23,4,7,8,5,6,165
2021-01-23,5,1,None,176,24,22,248,236,Normal,PPE,54,"{""nurses"":31,""doctors"":13,""support"":10}",63,62,30,36,9,5,16,3,8,220
2021-01-24,6,1,None,60,24,10,232,226,Normal,PPE,51,"{""nurses"":29,""doctors"":12,""support"":10}",48,55,35,24,8,10,13,4,6,180
2021-01-25,0,0,None,477,23,23,242,256,High Demand: activate surge plan; postpone elective procedures; open triage tents; public advisory: wear masks,PPE,54,"{""nurses"":31,""doctors"":13,""support"":10}",56,76,31,43,8,10,10,6,18,235
2021-01-26,1,0,RepublicDay,252,22,30,290,266,High Demand: activate surge plan; postpone elective procedures; open triage tents; public advisory: wear masks,PPE,63,"{""nurses"":37,""doctors"":15,""support"":11}",72,79,26,30,16,9,17,6,11,260
2021-01-27,2,0,None,130,22,21,193,258,Normal,PPE,44,"{""nurses"":25,""doctors"":10,""support"":9}",39,39,18,21,8,3,15,3,7,169
2021-01-28,3,0,None,382,22,29,226,253,High Demand: activate surge plan; postpone elective procedures; open triage tents; public advisory: wear masks,PPE,51,"{""nurses"":29,""doctors"":12,""support"":10}",64,72,33,32,6,15,15,1,6,192
2021-01-29,4,0,None,89,23,17,240,233,Normal,PPE,52,"{""nurses"":30,""doctors"":12,""support"":10}",48,63,21,27,9,5,16,4,10,200
2021-01-30,5,1,None,98,23,17,236,245,Normal,PPE,52,"{""nurses"":30,""doctors"":12,""support"":10}",40,71,26,27,8,11,19,5,14,194
2021-01-31,6,1,None,207,24,14,181,235,Air Quality Alert: masks recommended; increase respiratory stock,PPE,42,"{""nurses"":23,""doctors"":10,""support"":9}",39,56,30,30,7,5,15,2,13,143
2021-02-01,0,0,None,253,26,15,250,239,High Demand: activate surge plan; postpone elective procedures; open triage tents; public advisory: wear masks,PPE,55,"{""nurses"":32,""doctors"":13,""support"":10}",60,71,33,35,10,13,11,5,17,223
2021-02-02,1,0,None,214,26,28,218,238,Air Quality Alert: masks recommended; increase respiratory stock,PPE,49,"{""nurses"":28,""doctors"":11,""support"":10}",51,71,23,27,5,17,16,4,17,171
2021-02-03,2,0,None,60,25,17,184,233,Normal,PPE,42,"{""nurses"":23,""doctors"":10,""support"":9}",52,47,19,15,1,10,9,3,5,164
2021-02-04,3,0,None,60,24,17,185,213,Normal,PPE,43,"{""nurses"":24,""doctors"":10,""support"":9}",48,44,21,23,5,3,12,2,8,166
2021-02-05,4,0,None,213,24,18,206,209,Air Quality Alert: masks recommended; increase respiratory stock,PPE,47,"{""nurses"":26,""doctors"":11,""support"":10}",43,54,16,28,11,12,11,6,13,180
2021-02-06,5,1,None,173,25,18,177,207,Normal,PPE,41,"{""nurses"":23,""doctors"":9,""support"":9}",41,47,25,20,5,9,12,3,5,144
2021-02-07,6,1,None,172,26,20,141,193,Normal,PPE,34,"{""nurses"":18,""doctors"":8,""support"":8}",43,35,19,17,3,9,6,9,10,129
2021-02-08,0,0,None,60,25,18,211,181,Normal,PPE,48,"{""nurses"":27,""doctors"":11,""support"":10}",45,53,27,18,7,9,14,5,14,174
2021-02-09,1,0,None,93,24,21,224,212,Normal,PPE,50,"{""nurses"":28,""doctors"":12,""support"":10}",49,56,34,21,7,5,14,4,12,172
2021-02-10,2,0,None,137,24,14,172,214,Normal,PPE,40,"{""nurses"":22,""doctors"":9,""support"":9}",40,56,30,20,8,10,13,6,4,144
2021-02-11,3,0,None,99,25,22,151,202,Normal,PPE,36,"{""nurses"":19,""doctors"":8,""support"":9}",42,49,18,8,8,4,8,2,6,126
2021-02-12,4,0,None,173,25,23,156,165,Normal,PPE,37,"{""nurses"":20,""doctors"":8,""support"":9}",36,69,18,22,4,10,8,2,8,127
2021-02-13,5,1,None,87,24,19,203,183,Normal,PPE,47,"{""nurses"":26,""doctors"":11,""support"":10}",44,47,26,24,6,6,13,7,6,204
2021-02-14,6,1,None,77,24,24,209,209,Normal,PPE,48,"{""nurses"":27,""doctors"":11,""support"":10}",48,73,26,27,4,7,7,0,8,216
2021-02-15,0,0,None,248,24,19,260,238,High Demand: activate surge plan; postpone elective procedures; open triage tents; public advisory: wear masks,PPE,57,"{""nurses"":33,""doctors"":13,""support"":11}",41,67,21,44,5,9,17,4,13,214
2021-02-16,1,0,None,125,24,22,226,252,Normal,PPE,51,"{""nurses"":29,""doctors"":12,""support"":10}",60,72,27,23,3,10,9,3,11,201
2021-02-17,2,0,None,242,24,26,258,267,High Demand: activate surge plan; postpone elective procedures; open triage tents; public advisory: wear masks,PPE,57,"{""nurses"":33,""doctors"":13,""support"":11}",56,80,25,38,10,16,10,3,16,199
2021-02-18,3,0,None,339,26,19,243,252,High Demand: activate surge plan; postpone elective procedures; open triage tents; public advisory: wear masks,PPE,54,"{""nurses"":31,""doctors"":13,""support"":10}",57,70,32,30,8,8,10,6,7,210
2021-02-19,4,0,None,229,26,25,219,247,Air Quality Alert: masks recommended; increase respiratory stock,PPE,49,"{""nurses"":28,""doctors"":11,""support"":10}",64,75,25,23,8,4,13,2,15,195
2021-02-20,5,1,None,396,26,27,302,267,High Demand: activate surge plan; postpone elective procedures; open triage tents; public advisory: wear masks,PPE,66,"{""nurses"":38,""doctors"":16,""support"":12}",57,70,37,51,16,15,20,2,17,244
2021-02-21,6,1,None,113,27,26,160,235,Normal,PPE,37,"{""nurses"":20,""doctors"":8,""support"":9}",35,49,17,14,4,4,8,5,9,121
2021-02-22,0,0,None,243,27,18,198,236,Air Quality Alert: masks recommended; increase respiratory stock,PPE,44,"{""nurses"":25,""doctors"":10,""support"":9}",45,51,33,30,5,5,17,3,12,167
2021-02-23,1,0,None,296,27,22,224,202,Air Quality Alert: masks recommended; increase respiratory stock,PPE,50,"{""nurses"":28,""doctors"":12,""support"":10}",51,55,26,31,8,12,14,2,3,199
2021-02-24,2,0,None,64,27,24,214,233,Normal,PPE,48,"{""nurses"":27,""doctors"":11,""support"":10}",44,55,33,20,11,10,11,3,17,158
2021-02-25,3,0,None,106,28,22,239,232,Normal,PPE,52,"{""nurses"":30,""doctors"":12,""support"":10}",58,56,29,30,10,8,7,2,11,220
2021-02-26,4,0,None,199,26,25,225,248,Normal,PPE,51,"{""nurses"":29,""doctors"":12,""support"":10}",52,70,25,30,7,8,12,3,7,182
2021-02-27,5,1,None,120,26,22,234,248,Normal,PPE,52,"{""nurses"":30,""doctors"":12,""support"":10}",59,59,25,18,6,8,24,1,9,199
2021-02-28,6,1,None,150,28,18,175,222,Normal,PPE,40,"{""nurses"":22,""doctors"":9,""support"":9}",48,57,25,20,2,5,15,2,14,154
2021-03-01,0,0,None,76,28,21,276,242,Normal,PPE,60,"{""nurses"":35,""doctors"":14,""support"":11}",56,77,26,28,12,14,18,7,15,222
2021-03-02,1,0,None,180,28,32,219,240,Normal,PPE,49,"{""nurses"":28,""doctors"":11,""support"":10}",63,87,33,38,10,12,8,2,15,170
2021-03-03,2,0,None,139,28,21,222,249,Normal,PPE,50,"{""nurses"":28,""doctors"":12,""support"":10}",54,60,24,29,6,7,13,2,11,188
2021-03-04,3,0,None,46,29,28,203,229,Normal,PPE,47,"{""nurses"":26,""doctors"":11,""support"":10}",46,56,24,22,3,7,11,4,8,149
2021-03-05,4,0,None,152,28,17,255,234,Normal,PPE,56,"{""nurses"":32,""doctors"":13,""support"":11}",51,76,34,23,7,4,16,4,13,215
2021-03-06,5,1,None,160,26,26,217,240,Normal,PPE,49,"{""nurses"":28,""doctors"":11,""support"":10}",58,54,31,24,6,14,17,4,7,198
2021-03-07,6,1,None,148,27,19,235,254,Normal,PPE,52,"{""nurses"":30,""doctors"":12,""support"":10}",53,55,27,21,7,9,13,5,11,216
2021-03-08,0,0,None,85,26,22,183,222,Normal,PPE,42,"{""nurses"":23,""doctors"":10,""support"":9}",35,63,24,16,2,9,11,2,15,167
2021-03-09,1,0,None,118,28,23,244,239,Normal,PPE,54,"{""nurses"":31,""doctors"":13,""support"":10}",47,70,35,34,9,10,16,11,11,186
2021-03-10,2,0,None,163,28,18,228,230,Normal,PPE,51,"{""nurses"":29,""doctors"":12,""support"":10}",48,63,23,28,5,12,12,5,7,161
2021-03-11,3,0,None,141,26,13,211,237,Normal,PPE,48,"{""nurses"":27,""doctors"":11,""support"":10}",38,45,31,23,2,7,18,2,4,201
2021-03-12,4,0,Holi,174,27,22,322,265,High Demand: activate surge plan; postpone elective procedures; open triage tents; public advisory: wear masks,PPE,70,"{""nurses"":41,""doctors"":17,""support"":12}",83,66,47,35,11,15,20,5,18,263
2021-03-13,5,1,None,134,29,20,189,253,Normal,PPE,43,"{""nurses"":24,""doctors"":10,""support"":9}",37,49,25,24,5,9,7,3,15,148
2021-03-14,6,1,None,60,29,15,166,238,Normal,PPE,39,"{""nurses"":21,""doctors"":9,""support"":9}",43,41,29,12,6,2,13,2,2,142
2021-03-15,0,0,None,128,29,20,186,185,Normal,PPE,43,"{""nurses"":24,""doctors"":10,""support"":9}",46,45,21,28,7,8,12,9,6,164
2021-03-16,1,0,None,101,29,17,244,210,Normal,PPE,54,"{""nurses"":31,""doctors"":13,""support"":10}",57,60,31,15,4,7,20,7,11,241
2021-03-17,2,0,None,190,29,17,306,253,High Demand: activate surge plan; postpone elective procedures; open triage tents; public advisory: wear masks,PPE,67,"{""nurses"":39,""doctors"":16,""support"":12}",70,71,37,36,10,9,13,4,10,258
2021-03-18,3,0,None,84,28,21,224,270,Normal,PPE,50,"{""nurses"":28,""doctors"":12,""support"":10}",45,66,19,26,9,8,12,2,23,169
2021-03-19,4,0,None,181,27,26,296,290,Normal,PPE,63,"{""nurses"":37,""doctors"":15,""support"":11}",60,93,39,34,5,16,13,9,7,236
2021-03-20,5,1,None,167,26,17,306,297,High Demand: activate surge plan; postpone elective procedures; open triage tents; public advisory: wear masks,PPE,67,"{""nurses"":39,""doctors"":16,""support"":12}",61,56,40,37,8,12,14,6,16,253
2021-03-21,6,1,None,107,27,24,197,276,Normal,PPE,44,"{""nurses"":25,""doctors"":10,""support"":9}",53,53,23,15,8,2,11,7,7,180
2021-03-22,0,0,None,115,28,32,270,280,Normal,PPE,59,"{""nurses"":34,""doctors"":14,""support"":11}",81,74,31,30,8,9,16,6,12,214
2021-03-23,1,0,None,257,29,20,246,259,Air Quality Alert: masks recommended; increase respiratory stock,PPE,54,"{""nurses"":31,""doctors"":13,""support"":10}",51,63,31,36,12,13,16,6,11,232
2021-03-24,2,0,None,189,30,16,297,292,Normal,PPE,64,"{""nurses"":38,""doctors"":15,""support"":11}",73,76,33,33,12,12,26,7,22,228
2021-03-25,3,0,None,228,31,16,232,276,Air Quality Alert: masks recommended; increase respiratory stock,PPE,51,"{""nurses"":29,""doctors"":12,""support"":10}",53,69,24,29,1,6,9,1,11,185
2021-03-26,4,0,None,171,31,25,225,267,Normal,PPE,51,"{""nurses"":29,""doctors"":12,""support"":10}",55,75,31,24,7,7,10,4,11,164
2021-03-27,5,1,None,89,31,24,300,273,High Demand: activate surge plan; postpone elective procedures; open triage tents; public advisory: wear masks,PPE,64,"{""nurses"":38,""doctors"":15,""support"":11}",77,82,31,37,5,13,19,5,10,253
2021-03-28,6,1,None,159,28,23,249,275,Normal,PPE,55,"{""nurses"":32,""doctors"":13,""support"":10}",50,76,39,29,8,3,20,3,10,204
2021-03-29,0,0,None,111,28,24,191,259,Normal,PPE,43,"{""nurses"":24,""doctors"":10,""support"":9}",47,55,19,18,10,6,12,7,16,153
2021-03-30,1,0,None,191,27,19,212,230,Normal,PPE,48,"{""nurses"":27,""doctors"":11,""support"":10}",53,69,21,21,6,9,15,5,11,205
2021-03-31,2,0,None,30,27,29,180,213,Normal,PPE,41,"{""nurses"":23,""doctors"":9,""support"":9}",49,66,21,21,9,4,12,3,6,163
2021-04-01,3,0,None,140,28,33,264,239,Normal,PPE,58,"{""nurses"":33,""doctors"":14,""support"":11}",56,88,27,22,8,8,14,7,15,216
2021-04-02,4,0,None,120,27,20,275,256,Normal,PPE,60,"{""nurses"":35,""doctors"":14,""support"":11}",49,66,37,22,8,15,15,6,16,215
2021-04-03,5,1,None,30,27,21,255,287,Normal,PPE,56,"{""nurses"":32,""doctors"":13,""support"":11}",52,65,27,29,6,6,15,4,10,215
2021-04-04,6,1,None,119,28,20,264,280,Normal,PPE,58,"{""nurses"":33,""doctors"":14,""support"":11}",61,70,26,22,10,8,19,7,11,215
2021-04-05,0,0,None,229,28,29,200,257,Air Quality Alert: masks recommended; increase respiratory stock,PPE,44,"{""nurses"":25,""doctors"":10,""support"":9}",55,72,24,36,6,9,16,5,9,173
2021-04-06,1,0,None,252,29,21,220,249,Air Quality Alert: masks recommended; increase respiratory stock,PPE,49,"{""nurses"":28,""doctors"":11,""support"":10}",43,72,43,31,6,5,15,8,10,203
2021-04-07,2,0,None,88,28,18,222,232,Normal,PPE,50,"{""nurses"":28,""doctors"":12,""support"":10}",46,50,19,24,4,6,13,4,15,175
2021-04-08,3,0,None,87,28,11,202,230,Normal,PPE,47,"{""nurses"":26,""doctors"":11,""support"":10}",33,52,20,19,6,8,10,2,13,159
2021-04-09,4,0,None,179,28,21,238,242,Normal,PPE,52,"{""nurses"":30,""doctors"":12,""support"":10}",53,64,33,24,4,10,13,1,16,205
2021-04-10,5,1,None,139,28,14,328,264,High Demand: activate surge plan; postpone elective procedures; open triage tents; public advisory: wear masks,PPE,70,"{""nurses"":41,""doctors"":17,""support"":12}",67,72,37,42,13,11,11,7,23,260
2021-04-11,6,1,None,119,29,19,278,304,Normal,PPE,60,"{""nurses"":35,""doctors"":14,""support"":11}",55,78,42,44,9,11,20,5,17,245
2021-04-12,0,0,None,118,29,21,223,293,Normal,PPE,50,"{""nurses"":28,""doctors"":12,""support"":10}",50,47,29,36,7,12,22,6,9,186
2021-04-13,1,0,None,190,30,12,276,270,Normal,PPE,60,"{""nurses"":35,""doctors"":14,""support"":11}",54,82,29,28,4,7,13,2,13,245
2021-04-14,2,0,Eid,184,30,30,271,280,Normal,PPE,59,"{""nurses"":34,""doctors"":14,""support"":11}",71,73,38,29,7,10,13,5,16,261
2021-04-15,3,0,Eid,151,29,29,226,275,Normal,PPE,51,"{""nurses"":29,""doctors"":12,""support"":10}",37,62,15,16,9,12,10,7,9,172
2021-04-16,4,0,Eid,229,28,29,272,280,Air Quality Alert: masks recommended; increase respiratory stock,PPE,59,"{""nurses"":34,""doctors"":14,""support"":11}",51,93,40,43,5,16,20,4,17,215
2021-04-17,5,1,None,152,28,26,280,275,Normal,PPE,60,"{""nurses"":35,""doctors"":14,""support"":11}",64,80,42,31,12,12,15,7,14,273
2021-04-18,6,1,None,156,30,23,218,277,Normal,PPE,49,"{""nurses"":28,""doctors"":11,""support"":10}",47,55,29,20,7,8,14,3,13,184
2021-04-19,0,0,None,158,29,21,242,268,Normal,PPE,54,"{""nurses"":31,""doctors"":13,""support"":10}",52,77,36,22,4,15,16,9,14,183
2021-04-20,1,0,None,137,29,24,251,249,Normal,PPE,56,"{""nurses"":32,""doctors"":13,""support"":11}",44,77,23,28,6,11,20,5,18,212
2021-04-21,2,0,None,164,28,12,246,264,Normal,PPE,54,"{""nurses"":31,""doctors"":13,""support"":10}",35,51,25,31,13,9,20,7,11,203
2021-04-22,3,0,None,110,28,16,237,260,Normal,PPE,52,"{""nurses"":30,""doctors"":12,""support"":10}",59,65,28,23,8,8,13,1,8,196
2021-04-23,4,0,None,123,28,20,209,248,Normal,PPE,48,"{""nurses"":27,""doctors"":11,""support"":10}",54,45,21,22,6,9,7,0,17,177
2021-04-24,5,1,None,184,28,16,286,267,Normal,PPE,62,"{""nurses"":36,""doctors"":15,""support"":11}",58,65,25,29,6,9,13,5,15,223
2021-04-25,6,1,None,214,29,28,352,295,High Demand: activate surge plan; postpone elective procedures; open triage tents; public advisory: wear masks,PPE,75,"{""nurses"":44,""doctors"":18,""support"":13}",68,101,41,44,10,13,19,6,12,288
2021-04-26,0,0,None,138,30,22,223,298,Normal,PPE,50,"{""nurses"":28,""doctors"":12,""support"":10}",43,67,25,30,8,9,12,5,12,187
2021-04-27,1,0,None,107,30,15,210,283,Normal,PPE,48,"{""nurses"":27,""doctors"":11,""support"":10}",40,48,18,23,5,12,13,2,10,154
2021-04-28,2,0,None,132,30,16,183,212,Normal,PPE,42,"{""nurses"":23,""doctors"":10,""support"":9}",44,80,27,20,3,5,6,0,9,149
2021-04-29,3,0,None,178,30,12,204,208,Normal,PPE,47,"{""nurses"":26,""doctors"":11,""support"":10}",36,53,28,23,6,11,11,3,13,194
2021-04-30,4,0,None,187,29,19,278,237,Normal,PPE,60,"{""nurses"":35,""doctors"":14,""support"":11}",51,77,31,30,8,8,16,3,18,233
2021-05-01,5,1,None,111,30,20,249,259,Normal,PPE,55,"{""nurses"":32,""doctors"":13,""support"":10}",37,70,24,23,8,10,13,1,11,197
2021-05-02,6,1,None,206,30,19,265,284,High Demand: activate surge plan; postpone elective procedures; open triage tents; public advisory: wear masks,PPE,59,"{""nurses"":34,""doctors"":14,""support"":11}",75,82,26,32,6,9,15,6,11,218
2021-05-03,0,0,None,113,30,15,183,241,Normal,PPE,42,"{""nurses"":23,""doctors"":10,""support"":9}",43,39,17,17,8,5,10,4,13,161
2021-05-04,1,0,None,155,30,20,194,235,Normal,PPE,44,"{""nurses"":25,""doctors"":10,""support"":9}",30,59,14,22,4,7,12,4,5,179
2021-05-05,2,0,None,120,30,18,166,193,Normal,PPE,39,"{""nurses"":21,""doctors"":9,""support"":9}",38,45,17,21,3,12,13,2,13,171
2021-05-06,3,0,None,132,30,16,205,196,Normal,PPE,47,"{""nurses"":26,""doctors"":11,""support"":10}",46,57,33,10,9,5,6,1,11,170
2021-05-07,4,0,None,146,30,15,173,191,Normal,PPE,40,"{""nurses"":22,""doctors"":9,""support"":9}",45,47,20,19,4,5,10,3,8,157
2021-05-08,5,1,None,191,30,21,232,218,Normal,PPE,51,"{""nurses"":29,""doctors"":12,""support"":10}",47,62,30,23,7,11,11,5,12,178
2021-05-09,6,1,None,151,30,28,260,233,Normal,PPE,57,"{""nurses"":33,""doctors"":13,""support"":11}",50,84,34,25,5,13,11,4,16,238
2021-05-10,0,0,None,90,30,19,189,236,Normal,PPE,43,"{""nurses"":24,""doctors"":10,""support"":9}",47,66,25,19,5,2,13,6,9,173
2021-05-11,1,0,None,155,30,22,155,220,Normal,PPE,37,"{""nurses"":20,""doctors"":8,""support"":9}",30,51,21,19,4,4,10,3,11,122
2021-05-12,2,0,None,100,30,22,203,191,Normal,PPE,47,"{""nurses"":26,""doctors"":11,""support"":10}",50,66,19,20,3,14,13,3,14,195
2021-05-13,3,0,None,38,30,21,172,192,Normal,PPE,40,"{""nurses"":22,""doctors"":9,""support"":9}",57,50,17,23,9,6,8,2,9,134
2021-05-14,4,0,None,124,30,21,215,204,Normal,PPE,48,"{""nurses"":27,""doctors"":11,""support"":10}",44,57,30,14,2,8,12,3,9,180
2021-05-15,5,1,None,163,31,26,212,215,Normal,PPE,48,"{""nurses"":27,""doctors"":11,""support"":10}",49,54,33,19,6,6,14,7,13,196
2021-05-16,6,1,None,173,31,23,234,241,Normal,PPE,52,"{""nurses"":30,""doctors"":12,""support"":10}",54,65,27,28,7,6,12,6,16,206
2021-05-17,0,0,None,164,27,20,202,232,Normal,PPE,47,"{""nurses"":26,""doctors"":11,""support"":10}",43,58,27,19,4,11,15,3,10,173
2021-05-18,1,0,None,103,28,21,181,225,Normal,PPE,42,"{""nurses"":23,""doctors"":10,""support"":9}",48,65,18,24,4,8,16,9,5,151
2021-05-19,2,0,None,37,28,23,173,190,Normal,PPE,40,"{""nurses"":22,""doctors"":9,""support"":9}",39,56,16,19,2,10,9,2,9,143
2021-05-20,3,0,None,162,28,15,233,216,Normal,PPE,52,"{""nurses"":30,""doctors"":12,""support"":10}",47,57,28,28,7,8,10,7,15,192
2021-05-21,4,0,None,141,28,21,242,228,Normal,PPE,54,"{""nurses"":31,""doctors"":13,""support"":10}",57,78,31,26,6,8,15,5,15,192
2021-05-22,5,1,None,177,29,17,234,247,Normal,PPE,52,"{""nurses"":30,""doctors"":12,""support"":10}",43,61,28,37,6,7,18,2,10,187
2021-05-23,6,1,None,141,29,29,222,253,Normal,PPE,50,"{""nurses"":28,""doctors"":12,""support"":10}",47,81,19,24,2,6,16,5,9,194
2021-05-24,0,0,None,115,29,21,224,239,Normal,PPE,50,"{""nurses"":28,""doctors"":12,""support"":10}",38,48,39,17,4,8,8,6,12,203
2021-05-25,1,0,None,88,29,16,239,237,Normal,PPE,52,"{""nurses"":30,""doctors"":12,""support"":10}",46,54,42,19,8,22,22,1,11,166
2021-05-26,2,0,None,236,29,19,261,260,High Demand: activate surge plan; postpone elective procedures; open triage tents; public advisory: wear masks,PPE,58,"{""nurses"":33,""doctors"":14,""support"":11}",66,81,34,29,6,10,16,5,15,245
2021-05-27,3,0,None,133,30,16,219,261,Normal,PPE,49,"{""nurses"":28,""doctors"":11,""support"":10}",49,57,23,25,8,4,16,4,8,202
2021-05-28,4,0,None,191,29,22,227,257,Normal,PPE,51,"{""nurses"":29,""doctors"":12,""support"":10}",40,55,31,28,4,14,9,7,12,181
2021-05-29,5,1,None,245,29,24,245,247,Air Quality Alert: masks recommended; increase respiratory stock,PPE,54,"{""nurses"":31,""doctors"":13,""support"":10}",46,63,27,30,6,16,23,3,10,234
2021-05-30,6,1,None,81,29,28,264,257,High Demand: activate surge plan; postpone elective procedures; open triage tents; public advisory: wear masks,PPE,58,"{""nurses"":33,""doctors"":14,""support"":11}",57,61,30,26,7,10,12,5,13,247
2021-05-31,0,0,None,146,29,16,178,240,Normal,PPE,41,"{""nurses"":23,""doctors"":9,""support"":9}",47,48,20,15,7,6,8,2,18,166
2021-06-01,1,0,None,151,28,16,145,215,Normal,PPE,35,"{""nurses"":19,""doctors"":8,""support"":8}",42,41,12,17,4,5,6,3,6,123
2021-06-02,2,0,None,66,28,19,228,200,High Demand: activate surge plan; postpone elective procedures; open triage tents; public advisory: wear masks,PPE,51,"{""nurses"":29,""doctors"":12,""support"":10}",48,47,19,23,3,8,20,3,13,176
2021-06-03,3,0,None,91,29,29,178,189,Normal,PPE,41,"{""nurses"":23,""doctors"":9,""support"":9}",47,73,18,22,3,7,14,1,9,154
2021-06-04,4,0,None,110,29,18,175,209,Normal,PPE,40,"{""nurses"":22,""doctors"":9,""support"":9}",34,34,25,27,4,7,10,5,12,159
2021-06-05,5,1,None,125,28,23,172,188,Normal,PPE,40,"{""nurses"":22,""doctors"":9,""support"":9}",46,66,33,13,8,7,11,4,10,157
2021-06-06,6,1,None,30,28,21,184,192,Normal,PPE,42,"{""nurses"":23,""doctors"":10,""support"":9}",38,60,22,21,4,7,8,6,12,135
2021-06-07,0,0,Eid,64,28,26,270,216,High Demand: activate surge plan; postpone elective procedures; open triage tents; public advisory: wear masks,PPE,59,"{""nurses"":34,""doctors"":14,""support"":11}",60,82,29,34,6,13,23,5,16,226
2021-06-08,1,0,Eid,82,27,44,261,249,High Demand: activate surge plan; postpone elective procedures; open triage tents; public advisory: wear masks,PPE,58,"{""nurses"":33,""doctors"":14,""support"":11}",55,92,31,19,9,12,17,8,12,250
2021-06-09,2,0,None,75,27,20,212,270,Normal,PPE,48,"{""nurses"":27,""doctors"":11,""support"":10}",45,61,23,21,6,4,7,4,5,168
2021-06-10,3,0,None,65,27,17,201,234,Normal,PPE,47,"{""nurses"":26,""doctors"":11,""support"":10}",28,52,35,24,6,6,11,1,5,179
2021-06-11,4,0,None,102,27,14,157,198,Normal,PPE,37,"{""nurses"":20,""doctors"":8,""support"":9}",49,51,17,18,3,6,7,4,10,127
2021-06-12,5,1,None,94,27,20,228,206,High Demand: activate surge plan; postpone elective procedures; open triage tents; public advisory: wear masks,PPE,51,"{""nurses"":29,""doctors"":12,""support"":10}",49,69,37,15,10,9,9,8,13,204
2021-06-13,6,1,None,94,28,15,178,194,Normal,PPE,41,"{""nurses"":23,""doctors"":9,""support"":9}",41,58,15,14,8,7,10,8,9,148
2021-06-14,0,0,None,101,27,18,157,198,Normal,PPE,37,"{""nurses"":20,""doctors"":8,""support"":9}",44,67,20,14,6,6,8,4,7,136
2021-06-15,1,0,None,111,27,29,206,191,Normal,PPE,47,"{""nurses"":26,""doctors"":11,""support"":10}",50,70,19,13,4,5,12,3,4,201
2021-06-16,2,0,None,120,27,22,225,211,Normal,PPE,51,"{""nurses"":29,""doctors"":12,""support"":10}",46,66,29,23,3,5,13,6,10,178
2021-06-17,3,0,None,88,26,20,165,213,Normal,PPE,39,"{""nurses"":21,""doctors"":9,""support"":9}",39,43,20,17,6,10,10,6,9,144
2021-06-18,4,0,None,56,26,25,215,209,Normal,PPE,48,"{""nurses"":27,""doctors"":11,""support"":10}",48,73,24,22,10,7,14,6,16,192
2021-06-19,5,1,None,108,26,22,195,207,Normal,PPE,44,"{""nurses"":25,""doctors"":10,""support"":9}",44,50,20,23,7,13,8,0,9,155
2021-06-20,6,1,None,128,27,27,165,208,Normal,PPE,39,"{""nurses"":21,""doctors"":9,""support"":9}",47,69,19,10,5,8,5,3,8,140
2021-06-21,0,0,None,126,27,18,193,196,Normal,PPE,44,"{""nurses"":25,""doctors"":10,""support"":9}",45,60,18,18,7,9,12,1,8,166
2021-06-22,1,0,None,72,28,19,181,185,Normal,PPE,42,"{""nurses"":23,""doctors"":10,""support"":9}",34,52,18,20,6,6,10,8,2,136
2021-06-23,2,0,None,121,27,17,174,197,Normal,PPE,40,"{""nurses"":22,""doctors"":9,""support"":9}",25,44,14,22,5,6,16,4,8,158
2021-06-24,3,0,None,85,26,24,192,194,Normal,PPE,43,"{""nurses"":24,""doctors"":10,""support"":9}",31,70,20,23,7,10,7,4,10,183
2021-06-25,4,0,None,102,26,18,179,198,Normal,PPE,41,"{""nurses"":23,""doctors"":9,""support"":9}",44,56,25,13,4,9,9,2,14,158
2021-06-26,5,1,None,98,28,21,127,180,Normal,PPE,31,"{""nurses"":16,""doctors"":7,""support"":8}",26,51,16,9,7,6,8,3,8,113
2021-06-27,6,1,None,187,27,18,226,186,Normal,PPE,51,"{""nurses"":29,""doctors"":12,""support"":10}",48,68,20,31,5,5,19,6,17,187
2021-06-28,0,0,None,119,26,19,225,199,Normal,PPE,51,"{""nurses"":29,""doctors"":12,""support"":10}",43,56,22,21,4,12,13,9,6,207
2021-06-29,1,0,None,71,28,25,171,219,Normal,PPE,40,"{""nurses"":22,""doctors"":9,""support"":9}",51,51,26,12,4,8,13,1,13,133
2021-06-30,2,0,None,54,28,16,149,199,Normal,PPE,35,"{""nurses"":19,""doctors"":8,""support"":8}",37,42,21,19,5,9,9,1,3,124
2021-07-01,3,0,None,29,28,19,194,176,Normal,PPE,44,"{""nurses"":25,""doctors"":10,""support"":9}",43,50,28,25,7,12,9,6,17,171
2021-07-02,4,0,None,76,28,16,154,182,Normal,PPE,37,"{""nurses"":20,""doctors"":8,""support"":9}",26,45,12,24,5,3,7,3,11,139
2021-07-03,5,1,None,68,28,15,191,189,Normal,PPE,43,"{""nurses"":24,""doctors"":10,""support"":9}",44,59,23,11,6,7,12,6,9,176
2021-07-04,6,1,None,99,28,21,150,178,Normal,PPE,35,"{""nurses"":19,""doctors"":8,""support"":8}",41,36,13,12,2,6,10,5,5,131
2021-07-05,0,0,None,24,28,18,190,183,Normal,PPE,43,"{""nurses"":24,""doctors"":10,""support"":9}",39,66,19,25,4,5,8,1,6,156
2021-07-06,1,0,None,72,28,16,131,168,Normal,PPE,32,"{""nurses"":17,""doctors"":7,""support"":8}",29,45,16,24,7,2,8,3,2,113
2021-07-07,2,0,None,127,28,18,173,170,Normal,PPE,40,"{""nurses"":22,""doctors"":9,""support"":9}",40,49,14,21,4,12,7,4,9,141
2021-07-08,3,0,None,93,28,24,242,197,High Demand: activate surge plan; postpone elective procedures; open triage tents; public advisory: wear masks,PPE,54,"{""nurses"":31,""doctors"":13,""support"":10}",53,72,29,24,4,13,8,1,10,183
2021-07-09,4,0,None,96,28,26,180,218,Normal,PPE,41,"{""nurses"":23,""doctors"":9,""support"":9}",39,68,28,15,6,6,3,4,15,182
2021-07-10,5,1,None,60,26,18,182,218,Normal,PPE,42,"{""nurses"":23,""doctors"":10,""support"":9}",40,53,13,18,2,4,10,8,8,144
2021-07-11,6,1,None,120,27,18,191,200,Normal,PPE,43,"{""nurses"":24,""doctors"":10,""support"":9}",25,56,26,18,8,6,11,2,7,163
2021-07-12,0,0,None,36,27,19,166,186,Normal,PPE,39,"{""nurses"":21,""doctors"":9,""support"":9}",33,29,22,12,7,5,7,3,9,130
2021-07-13,1,0,None,27,27,11,154,178,Normal,PPE,37,"{""nurses"":20,""doctors"":8,""support"":9}",23,36,22,17,4,4,8,6,12,126
2021-07-14,2,0,None,58,26,15,111,152,Normal,PPE,28,"{""nurses"":14,""doctors"":6,""support"":8}",25,34,13,12,2,4,8,6,6,90
2021-07-15,3,0,None,99,27,14,129,146,Normal,PPE,32,"{""nurses"":17,""doctors"":7,""support"":8}",23,39,14,9,5,3,6,2,4,118
2021-07-16,4,0,None,95,27,15,168,145,Normal,PPE,39,"{""nurses"":21,""doctors"":9,""support"":9}",34,41,19,11,6,7,9,6,12,143
2021-07-17,5,1,None,90,27,29,172,171,Normal,PPE,40,"{""nurses"":22,""doctors"":9,""support"":9}",50,72,26,17,4,9,8,3,8,149
2021-07-18,6,1,None,85,27,19,167,183,Normal,PPE,39,"{""nurses"":21,""doctors"":9,""support"":9}",46,63,19,18,7,5,13,3,7,166
2021-07-19,0,0,None,48,26,21,148,172,Normal,PPE,35,"{""nurses"":19,""doctors"":8,""support"":8}",16,51,14,11,4,3,9,4,8,152
2021-07-20,1,0,None,63,26,17,181,177,Normal,PPE,42,"{""nurses"":23,""doctors"":10,""support"":9}",53,44,26,19,3,6,8,6,9,157
2021-07-21,2,0,None,109,27,22,192,182,Normal,PPE,43,"{""nurses"":24,""doctors"":10,""support"":9}",52,51,23,21,2,6,13,4,7,163
2021-07-22,3,0,None,64,27,18,164,192,Normal,PPE,39,"{""nurses"":21,""doctors"":9,""support"":9}",34,49,13,12,5,4,7,4,6,134
2021-07-23,4,0,None,78,26,15,128,175,Normal,PPE,31,"{""nurses"":16,""doctors"":7,""support"":8}",23,45,15,12,4,5,5,4,6,104
2021-07-24,5,1,None,78,27,26,186,177,Normal,PPE,43,"{""nurses"":24,""doctors"":10,""support"":9}",38,81,23,14,6,9,11,1,6,151
2021-07-25,6,1,None,54,26,24,167,166,Normal,PPE,39,"{""nurses"":21,""doctors"":9,""support"":9}",45,47,20,16,6,10,10,5,9,125
2021-07-26,0,0,None,83,27,17,153,188,Normal,PPE,37,"{""nurses"":20,""doctors"":8,""support"":9}",37,38,13,17,7,5,10,4,7,123
2021-07-27,1,0,None,60,27,21,196,181,Normal,PPE,44,"{""nurses"":25,""doctors"":10,""support"":9}",42,63,23,15,7,7,6,6,10,188
2021-07-28,2,0,None,60,27,15,142,171,Normal,PPE,34,"{""nurses"":18,""doctors"":8,""support"":8}",31,38,16,20,1,7,8,2,7,100
2021-07-29,3,0,None,119,27,21,145,176,Normal,PPE,35,"{""nurses"":19,""doctors"":8,""support"":8}",32,63,14,19,7,7,5,3,8,145
2021-07-30,4,0,None,122,27,16,170,158,Normal,PPE,40,"{""nurses"":22,""doctors"":9,""support"":9}",46,47,27,17,12,10,8,3,10,152
2021-07-31,5,1,None,74,28,20,222,194,Normal,PPE,50,"{""nurses"":28,""doctors"":12,""support"":10}",46,53,22,22,8,9,17,6,7,171
2021-08-01,6,1,None,79,27,23,165,205,Normal,PPE,39,"{""nurses"":21,""doctors"":9,""support"":9}",55,50,17,17,2,11,14,3,7,150
2021-08-02,0,0,None,68,27,14,188,198,Normal,PPE,43,"{""nurses"":24,""doctors"":10,""support"":9}",47,58,21,18,2,6,9,3,12,155
2021-08-03,1,0,None,89,26,14,189,191,Normal,PPE,43,"{""nurses"":24,""doctors"":10,""support"":9}",34,36,23,19,2,10,13,7,6,151
2021-08-04,2,0,None,99,27,26,235,222,Normal,PPE,52,"{""nurses"":30,""doctors"":12,""support"":10}",62,83,33,18,5,13,16,6,12,207
2021-08-05,3,0,None,48,27,18,160,204,Normal,PPE,37,"{""nurses"":20,""doctors"":8,""support"":9}",32,52,16,21,2,5,8,2,11,161
2021-08-06,4,0,None,67,27,30,238,220,Normal,PPE,52,"{""nurses"":30,""doctors"":12,""support"":10}",51,65,26,21,8,8,14,2,19,210
2021-08-07,5,1,None,118,27,11,190,212,Normal,PPE,43,"{""nurses"":24,""doctors"":10,""support"":9}",40,56,24,20,9,5,15,1,10,152
2021-08-08,6,1,None,44,26,21,159,214,Normal,PPE,37,"{""nurses"":20,""doctors"":8,""support"":9}",45,48,23,16,6,7,6,2,10,127
2021-08-09,0,0,None,88,27,20,180,188,Normal,PPE,41,"{""nurses"":23,""doctors"":9,""support"":9}",43,60,21,24,6,7,10,4,8,151
2021-08-10,1,0,None,94,27,18,209,195,Normal,PPE,48,"{""nurses"":27,""doctors"":11,""support"":10}",49,69,31,28,10,10,14,6,5,180
2021-08-11,2,0,None,78,27,22,232,221,Normal,PPE,51,"{""nurses"":29,""doctors"":12,""support"":10}",50,61,28,24,5,10,9,4,9,213
2021-08-12,3,0,None,102,27,19,211,226,Normal,PPE,48,"{""nurses"":27,""doctors"":11,""support"":10}",55,70,25,21,15,13,12,5,8,187
2021-08-13,4,0,None,140,27,19,177,214,Normal,PPE,41,"{""nurses"":23,""doctors"":9,""support"":9}",39,46,14,29,7,12,6,4,11,160
2021-08-14,5,1,None,129,26,17,138,184,Normal,PPE,33,"{""nurses"":18,""doctors"":7,""support"":8}",40,50,23,17,2,4,7,3,6,119
2021-08-15,6,1,None,47,26,19,182,173,Normal,PPE,42,"{""nurses"":23,""doctors"":10,""support"":9}",54,60,19,23,2,10,21,2,4,158
2021-08-16,0,0,None,45,26,31,195,185,Normal,PPE,44,"{""nurses"":25,""doctors"":10,""support"":9}",52,53,30,22,6,6,12,3,9,207
2021-08-17,1,0,None,118,26,20,164,186,Normal,PPE,39,"{""nurses"":21,""doctors"":9,""support"":9}",50,47,26,16,6,11,12,3,5,137
2021-08-18,2,0,None,79,26,14,184,186,Normal,PPE,42,"{""nurses"":23,""doctors"":10,""support"":9}",33,38,27,21,4,5,8,2,10,157
2021-08-19,3,0,None,118,25,21,144,175,Normal,PPE,34,"{""nurses"":18,""doctors"":8,""support"":8}",35,60,22,16,5,11,7,2,9,119
2021-08-20,4,0,None,110,26,23,175,174,Normal,PPE,40,"{""nurses"":22,""doctors"":9,""support"":9}",46,60,19,22,5,5,11,4,15,143
2021-08-21,5,1,None,91,25,20,150,160,Normal,PPE,35,"{""nurses"":19,""doctors"":8,""support"":8}",40,43,16,23,5,7,10,2,9,136
2021-08-22,6,1,None,79,26,27,171,184,Normal,PPE,40,"{""nurses"":22,""doctors"":9,""support"":9}",46,65,18,11,3,2,8,6,6,143
2021-08-23,0,0,None,72,27,25,145,159,Normal,PPE,35,"{""nurses"":19,""doctors"":8,""support"":8}",45,55,22,8,7,5,7,3,11,128
2021-08-24,1,0,None,106,27,15,184,180,Normal,PPE,42,"{""nurses"":23,""doctors"":10,""support"":9}",41,40,21,13,11,4,9,4,9,162
2021-08-25,2,0,None,105,27,20,186,190,Normal,PPE,43,"{""nurses"":24,""doctors"":10,""support"":9}",45,60,27,18,7,2,11,2,5,140
2021-08-26,3,0,None,72,27,9,197,195,Normal,PPE,44,"{""nurses"":25,""doctors"":10,""support"":9}",37,48,23,23,5,12,12,2,9,166
2021-08-27,4,0,None,123,27,22,186,200,Normal,PPE,43,"{""nurses"":24,""doctors"":10,""support"":9}",39,60,12,23,4,7,13,1,13,189
2021-08-28,5,1,None,91,27,18,219,211,Normal,PPE,49,"{""nurses"":28,""doctors"":11,""support"":10}",46,61,20,19,12,8,11,3,4,194
2021-08-29,6,1,GaneshChaturthi,165,27,38,233,232,Normal,PPE,52,"{""nurses"":30,""doctors"":12,""support"":10}",82,75,29,27,10,6,19,5,13,212
2021-08-30,0,0,GaneshChaturthi,149,27,44,300,261,High Demand: activate surge plan; postpone elective procedures; open triage tents; public advisory: wear masks,PPE,64,"{""nurses"":38,""doctors"":15,""support"":11}",83,111,30,29,3,8,22,3,10,254
2021-08-31,1,0,GaneshChaturthi,275,26,39,285,293,High Demand: activate surge plan; postpone elective procedures; open triage tents; public advisory: wear masks,PPE,62,"{""nurses"":36,""doctors"":15,""support"":11}",86,102,31,40,8,10,18,2,12,248
2021-09-01,2,0,GaneshChaturthi,229,26,53,213,278,Air Quality Alert: masks recommended; increase respiratory stock,PPE,48,"{""nurses"":27,""doctors"":11,""support"":10}",80,111,34,27,4,9,8,6,11,225
2021-09-02,3,0,GaneshChaturthi,109,27,40,306,288,High Demand: activate surge plan; postpone elective procedures; open triage tents; public advisory: wear masks,PPE,67,"{""nurses"":39,""doctors"":16,""support"":12}",93,102,31,32,10,13,17,10,23,287
2021-09-03,4,0,GaneshChaturthi,145,26,50,280,287,High Demand: activate surge plan; postpone elective procedures; open triage tents; public advisory: wear masks,PPE,60,"{""nurses"":35,""doctors"":14,""support"":11}",78,116,42,27,7,3,20,12,15,246
2021-09-04,5,1,None,75,26,17,169,261,Normal,PPE,40,"{""nurses"":22,""doctors"":9,""support"":9}",36,51,25,19,5,6,9,3,11,143
2021-09-05,6,1,None,60,26,9,139,202,Normal,PPE,33,"{""nurses"":18,""doctors"":7,""support"":8}",28,28,17,15,4,3,7,2,2,118
2021-09-06,0,0,None,87,27,25,145,168,Normal,PPE,35,"{""nurses"":19,""doctors"":8,""support"":8}",44,52,18,10,3,8,9,4,15,139
2021-09-07,1,0,None,74,26,19,200,171,Normal,PPE,44,"{""nurses"":25,""doctors"":10,""support"":9}",43,55,15,20,6,9,7,2,9,184
2021-09-08,2,0,None,34,26,17,178,191,Normal,PPE,41,"{""nurses"":23,""doctors"":9,""support"":9}",45,51,33,20,5,2,12,6,9,166
2021-09-09,3,0,None,66,27,21,174,189,Normal,PPE,40,"{""nurses"":22,""doctors"":9,""support"":9}",39,42,19,26,7,8,8,2,11,162
2021-09-10,4,0,None,115,27,19,181,197,Normal,PPE,42,"{""nurses"":23,""doctors"":10,""support"":9}",40,38,14,18,6,8,9,1,8,157
2021-09-11,5,1,None,65,26,12,167,184,Normal,PPE,39,"{""nurses"":21,""doctors"":9,""support"":9}",38,43,17,13,4,5,5,2,13,145
2021-09-12,6,1,None,96,26,23,213,205,Normal,PPE,48,"{""nurses"":27,""doctors"":11,""support"":10}",51,62,20,22,10,7,9,8,10,175
2021-09-13,0,0,None,117,27,21,159,195,Normal,PPE,37,"{""nurses"":20,""doctors"":8,""support"":9}",49,52,24,18,3,5,14,0,5,132
2021-09-14,1,0,None,86,27,21,218,215,Normal,PPE,49,"{""nurses"":28,""doctors"":11,""support"":10}",55,45,26,25,6,10,11,3,15,209
2021-09-15,2,0,None,103,27,21,221,216,Normal,PPE,50,"{""nurses"":28,""doctors"":12,""support"":10}",43,59,34,26,7,5,11,4,9,194
2021-09-16,3,0,None,133,27,19,205,234,Normal,PPE,47,"{""nurses"":26,""doctors"":11,""support"":10}",56,63,26,17,5,8,10,5,9,153
2021-09-17,4,0,None,112,27,22,220,222,Normal,PPE,49,"{""nurses"":28,""doctors"":11,""support"":10}",61,75,29,22,5,4,13,6,14,202
2021-09-18,5,1,None,60,26,29,208,232,Normal,PPE,47,"{""nurses"":26,""doctors"":11,""support"":10}",57,63,31,19,5,11,12,4,14,172
2021-09-19,6,1,None,54,26,17,230,239,Normal,PPE,51,"{""nurses"":29,""doctors"":12,""support"":10}",45,67,30,18,7,9,11,5,9,195
2021-09-20,0,0,None,43,27,22,220,231,Normal,PPE,49,"{""nurses"":28,""doctors"":11,""support"":10}",59,72,22,25,6,8,12,4,12,169
2021-09-21,1,0,None,79,26,16,130,200,Normal,PPE,32,"{""nurses"":17,""doctors"":7,""support"":8}",28,42,17,11,4,4,4,3,8,101
2021-09-22,2,0,None,109,26,19,142,175,Normal,PPE,34,"{""nurses"":18,""doctors"":8,""support"":8}",35,49,20,17,3,7,6,1,2,127
2021-09-23,3,0,None,129,26,26,207,168,Normal,PPE,47,"{""nurses"":26,""doctors"":11,""support"":10}",44,50,18,22,5,12,11,5,12,180
2021-09-24,4,0,None,115,27,18,199,197,Normal,PPE,44,"{""nurses"":25,""doctors"":10,""support"":9}",44,50,26,14,10,7,8,5,5,174
2021-09-25,5,1,None,57,26,31,188,204,Normal,PPE,43,"{""nurses"":24,""doctors"":10,""support"":9}",41,68,19,21,6,6,9,4,11,147
2021-09-26,6,1,Navratri,127,27,25,178,200,Normal,PPE,41,"{""nurses"":23,""doctors"":9,""support"":9}",41,63,34,22,5,11,13,7,6,133
2021-09-27,0,0,Navratri,44,26,22,141,177,Normal,PPE,34,"{""nurses"":18,""doctors"":8,""support"":8}",32,53,18,13,2,8,1,3,8,127
2021-09-28,1,0,Navratri,88,26,24,202,185,Normal,PPE,47,"{""nurses"":26,""doctors"":11,""support"":10}",49,78,22,22,6,5,14,10,8,163
2021-09-29,2,0,Navratri,83,26,30,177,184,Normal,PPE,41,"{""nurses"":23,""doctors"":9,""support"":9}",42,55,27,29,5,11,10,1,14,155
2021-09-30,3,0,Navratri,124,26,18,202,204,Normal,PPE,47,"{""nurses"":26,""doctors"":11,""support"":10}",45,57,29,13,6,10,12,4,8,165
2021-10-01,4,0,None,350,27,16,248,216,High Demand: activate surge plan; postpone elective procedures; open triage tents; public advisory: wear masks,PPE,54,"{""nurses"":31,""doctors"":13,""support"":10}",45,53,21,45,4,12,22,6,19,200
2021-10-02,5,1,Navratri,200,27,17,186,225,Normal,PPE,43,"{""nurses"":24,""doctors"":10,""support"":9}",50,46,21,21,7,8,19,4,8,175
2021-10-03,6,1,Navratri,171,28,23,195,230,Normal,PPE,44,"{""nurses"":25,""doctors"":10,""support"":9}",33,67,29,23,6,6,13,2,4,146
2021-10-04,0,0,None,244,28,22,232,224,Air Quality Alert: masks recommended; increase respiratory stock,PPE,51,"{""nurses"":29,""doctors"":12,""support"":10}",39,73,29,32,9,14,20,2,12,176
2021-10-05,1,0,None,161,28,20,246,241,Normal,PPE,54,"{""nurses"":31,""doctors"":13,""support"":10}",52,69,23,36,7,14,24,4,12,225
2021-10-06,2,0,None,305,28,20,319,279,High Demand: activate surge plan; postpone elective procedures; open triage tents; public advisory: wear masks,PPE,68,"{""nurses"":40,""doctors"":16,""support"":12}",56,88,33,37,14,17,16,5,14,270
2021-10-07,3,0,None,269,28,19,229,278,Air Quality Alert: masks recommended; increase respiratory stock,PPE,51,"{""nurses"":29,""doctors"":12,""support"":10}",51,60,23,24,7,8,14,3,9,202
2021-10-08,4,0,None,251,27,23,232,275,Air Quality Alert: masks recommended; increase respiratory stock,PPE,51,"{""nurses"":29,""doctors"":12,""support"":10}",43,57,32,26,4,10,14,6,13,201
2021-10-09,5,1,None,215,27,13,288,258,Air Quality Alert: masks recommended; increase respiratory stock,PPE,62,"{""nurses"":36,""doctors"":15,""support"":11}",65,83,38,45,9,10,22,3,19,257
2021-10-10,6,1,None,299,27,23,274,274,Air Quality Alert: masks recommended; increase respiratory stock,PPE,60,"{""nurses"":35,""doctors"":14,""support"":11}",60,78,26,39,13,15,14,10,17,252
2021-10-11,0,0,None,221,27,17,259,294,Air Quality Alert: masks recommended; increase respiratory stock,PPE,57,"{""nurses"":33,""doctors"":13,""support"":11}",52,68,37,32,10,13,11,5,11,209
2021-10-12,1,0,None,185,28,15,224,271,Normal,PPE,50,"{""nurses"":28,""doctors"":12,""support"":10}",57,62,30,28,7,8,20,4,14,183
2021-10-13,2,0,None,298,28,20,251,260,Air Quality Alert: masks recommended; increase respiratory stock,PPE,56,"{""nurses"":32,""doctors"":13,""support"":11}",44,67,29,42,6,11,12,6,11,225
2021-10-14,3,0,None,181,29,29,192,239,Normal,PPE,43,"{""nurses"":24,""doctors"":10,""support"":9}",41,62,22,29,4,7,9,2,7,166
2021-10-15,4,0,None,219,28,19,260,253,Air Quality Alert: masks recommended; increase respiratory stock,PPE,57,"{""nurses"":33,""doctors"":13,""support"":11}",54,55,29,32,13,12,18,6,2,193
2021-10-16,5,1,None,242,28,19,259,251,Air Quality Alert: masks recommended; increase respiratory stock,PPE,57,"{""nurses"":33,""doctors"":13,""support"":11}",45,66,29,28,9,8,16,5,14,209
2021-10-17,6,1,None,181,28,21,171,248,Normal,PPE,40,"{""nurses"":22,""doctors"":9,""support"":9}",37,65,18,16,4,8,15,4,13,139
2021-10-18,0,0,None,186,28,24,231,233,Normal,PPE,51,"{""nurses"":29,""doctors"":12,""support"":10}",44,82,25,27,7,10,8,6,8,217
2021-10-19,1,0,None,251,27,19,189,208,Air Quality Alert: masks recommended; increase respiratory stock,PPE,43,"{""nurses"":24,""doctors"":10,""support"":9}",38,52,25,34,5,7,18,3,4,173
2021-10-20,2,0,None,50,26,18,188,212,Normal,PPE,43,"{""nurses"":24,""doctors"":10,""support"":9}",36,36,22,13,1,8,5,3,6,143
2021-10-21,3,0,None,50,27,14,182,192,Normal,PPE,42,"{""nurses"":23,""doctors"":10,""support"":9}",38,38,30,22,5,9,11,4,12,166
2021-10-22,4,0,None,141,27,11,161,191,Normal,PPE,39,"{""nurses"":21,""doctors"":9,""support"":9}",26,35,17,14,3,8,9,1,6,132
2021-10-23,5,1,None,259,27,18,199,190,Air Quality Alert: masks recommended; increase respiratory stock,PPE,44,"{""nurses"":25,""doctors"":10,""support"":9}",35,65,30,34,9,7,9,3,9,173
2021-10-24,6,1,None,199,26,20,205,202,Normal,PPE,47,"{""nurses"":26,""doctors"":11,""support"":10}",42,54,21,22,4,8,17,3,11,178
2021-10-25,0,0,None,223,26,19,264,231,Air Quality Alert: masks recommended; increase respiratory stock,PPE,58,"{""nurses"":33,""doctors"":14,""support"":11}",57,59,36,30,8,7,15,6,10,228
2021-10-26,1,0,None,245,27,20,155,217,Air Quality Alert: masks recommended; increase respiratory stock,PPE,37,"{""nurses"":20,""doctors"":8,""support"":9}",33,39,27,17,3,8,13,2,5,128
2021-10-27,2,0,None,219,28,112,394,292,High Demand: activate surge plan; postpone elective procedures; open triage tents; public advisory: wear masks,PPE,83,"{""nurses"":50,""doctors"":20,""support"":13}",136,156,49,56,14,15,22,9,24,397
2021-10-28,3,0,None,369,28,21,299,301,High Demand: activate surge plan; postpone elective procedures; open triage tents; public advisory: wear masks,PPE,64,"{""nurses"":38,""doctors"":15,""support"":11}",56,66,37,50,12,10,12,6,13,251
2021-10-29,4,0,None,171,28,18,246,335,Normal,PPE,54,"{""nurses"":31,""doctors"":13,""support"":10}",46,80,24,28,11,8,14,2,10,202
2021-10-30,5,1,None,334,28,22,198,266,High Demand: activate surge plan; postpone elective procedures; open triage tents; public advisory: wear masks,PPE,44,"{""nurses"":25,""doctors"":10,""support"":9}",52,66,26,22,4,8,18,1,11,153
2021-10-31,6,1,None,72,28,27,207,224,Normal,PPE,47,"{""nurses"":26,""doctors"":11,""support"":10}",56,77,17,14,8,11,11,3,16,207
2021-11-01,0,0,None,222,27,17,244,236,Air Quality Alert: masks recommended; increase respiratory stock,PPE,54,"{""nurses"":31,""doctors"":13,""support"":10}",62,56,32,17,4,12,11,8,8,212
2021-11-02,1,0,None,233,28,21,338,273,High Demand: activate surge plan; postpone elective procedures; open triage tents; public advisory: wear masks,PPE,72,"{""nurses"":43,""doctors"":17,""support"":12}",58,69,48,32,8,14,20,8,21,288
2021-11-03,2,0,Diwali,272,28,52,323,323,Air Quality Alert: masks recommended; increase respiratory stock,PPE,70,"{""nurses"":41,""doctors"":17,""support"":12}",83,103,51,54,10,13,16,9,19,291
2021-11-04,3,0,Diwali,267,28,52,435,386,High Demand: activate surge plan; postpone elective procedures; open triage tents; public advisory: wear masks,PPE,91,"{""nurses"":55,""doctors"":22,""support"":14}",112,145,51,50,12,19,24,9,23,392
2021-11-05,4,0,Diwali,314,28,39,436,420,High Demand: activate surge plan; postpone elective procedures; open triage tents; public advisory: wear masks,PPE,91,"{""nurses"":55,""doctors"":22,""support"":14}",101,129,49,65,16,16,33,10,16,394
2021-11-06,5,1,None,178,27,20,197,378,Normal,PPE,44,"{""nurses"":25,""doctors"":10,""support"":9}",48,66,22,19,9,7,5,6,7,169
2021-11-07,6,1,None,211,27,17,266,315,Air Quality Alert: masks recommended; increase respiratory stock,PPE,59,"{""nurses"":34,""doctors"":14,""support"":11}",48,69,34,42,7,9,14,2,17,231
2021-11-08,0,0,None,249,27,19,323,283,Air Quality Alert: masks recommended; increase respiratory stock,PPE,70,"{""nurses"":41,""doctors"":17,""support"":12}",64,66,33,45,10,15,17,6,17,276
2021-11-09,1,0,None,297,26,21,206,278,Air Quality Alert: masks recommended; increase respiratory stock,PPE,47,"{""nurses"":26,""doctors"":11,""support"":10}",55,52,28,26,6,8,16,6,12,173
2021-11-10,2,0,None,234,26,21,326,302,High Demand: activate surge plan; postpone elective procedures; open triage tents; public advisory: wear masks,PPE,70,"{""nurses"":41,""doctors"":17,""support"":12}",62,86,41,50,4,15,27,4,11,259
2021-11-11,3,0,OtherFestival,185,26,34,375,316,High Demand: activate surge plan; postpone elective procedures; open triage tents; public advisory: wear masks,PPE,79,"{""nurses"":47,""doctors"":19,""support"":13}",100,110,37,38,16,24,23,10,19,330
2021-11-12,4,0,OtherFestival,97,26,33,254,340,Normal,PPE,56,"{""nurses"":32,""doctors"":13,""support"":11}",64,83,31,26,9,14,16,4,12,215
2021-11-13,5,1,None,110,27,25,260,310,Normal,PPE,57,"{""nurses"":33,""doctors"":13,""support"":11}",54,78,27,26,8,7,16,3,18,235
2021-11-14,6,1,None,92,28,27,210,253,Normal,PPE,48,"{""nurses"":27,""doctors"":11,""support"":10}",52,61,25,26,7,3,8,2,12,220
2021-11-15,0,0,None,182,28,17,293,263,Normal,PPE,63,"{""nurses"":37,""doctors"":15,""support"":11}",69,72,27,36,11,10,14,6,19,249
2021-11-16,1,0,None,250,28,25,267,265,Air Quality Alert: masks recommended; increase respiratory stock,PPE,59,"{""nurses"":34,""doctors"":14,""support"":11}",67,63,26,36,8,8,9,7,8,242
2021-11-17,2,0,None,310,28,18,281,291,High Demand: activate surge plan; postpone elective procedures; open triage tents; public advisory: wear masks,PPE,62,"{""nurses"":36,""doctors"":15,""support"":11}",66,79,45,40,10,16,16,7,20,252
2021-11-18,3,0,None,302,26,25,358,326,High Demand: activate surge plan; postpone elective procedures; open triage tents; public advisory: wear masks,PPE,76,"{""nurses"":45,""doctors"":18,""support"":13}",65,85,38,46,17,13,28,8,14,294
2021-11-19,4,0,None,187,27,16,311,335,Normal,PPE,67,"{""nurses"":39,""doctors"":16,""support"":12}",69,77,29,35,10,10,19,8,11,271
2021-11-20,5,1,None,235,28,16,261,327,Air Quality Alert: masks recommended; increase respiratory stock,PPE,58,"{""nurses"":33,""doctors"":14,""support"":11}",57,69,35,41,8,12,16,5,16,198
2021-11-21,6,1,None,260,28,22,282,308,Air Quality Alert: masks recommended; increase respiratory stock,PPE,62,"{""nurses"":36,""doctors"":15,""support"":11}",40,83,25,39,9,7,11,6,19,249
2021-11-22,0,0,None,235,27,21,285,299,Air Quality Alert: masks recommended; increase respiratory stock,PPE,62,"{""nurses"":36,""doctors"":15,""support"":11}",62,85,38,32,5,9,17,6,14,228
2021-11-23,1,0,None,222,27,16,291,305,Air Quality Alert: masks recommended; increase respiratory stock,PPE,63,"{""nurses"":37,""doctors"":15,""support"":11}",65,72,39,36,9,13,19,5,18,248
2021-11-24,2,0,None,302,28,20,221,282,High Demand: activate surge plan; postpone elective procedures; open triage tents; public advisory: wear masks,PPE,50,"{""nurses"":28,""doctors"":12,""support"":10}",45,82,21,31,5,8,14,9,14,188
2021-11-25,3,0,None,86,28,26,280,277,Normal,PPE,60,"{""nurses"":35,""doctors"":14,""support"":11}",80,85,39,33,13,8,9,3,15,251
2021-11-26,4,0,None,194,27,24,316,282,Normal,PPE,68,"{""nurses"":40,""doctors"":16,""support"":12}",80,87,39,32,3,6,23,3,19,280
2021-11-27,5,1,None,154,27,27,262,302,Normal,PPE,58,"{""nurses"":33,""doctors"":14,""support"":11}",55,74,24,31,7,5,19,6,11,239
2021-11-28,6,1,None,387,26,22,301,317,High Demand: activate surge plan; postpone elective procedures; open triage tents; public advisory: wear masks,PPE,66,"{""nurses"":38,""doctors"":16,""support"":12}",61,74,33,53,10,8,19,5,23,258
2021-11-29,0,0,None,237,26,19,256,289,Air Quality Alert: masks recommended; increase respiratory stock,PPE,56,"{""nurses"":32,""doctors"":13,""support"":11}",54,75,26,35,6,14,19,5,16,192
2021-11-30,1,0,None,230,27,15,235,284,Air Quality Alert: masks recommended; increase respiratory stock,PPE,52,"{""nurses"":30,""doctors"":12,""support"":10}",56,64,30,26,6,7,10,7,9,209
2021-12-01,2,0,None,322,23,13,286,273,High Demand: activate surge plan; postpone elective procedures; open triage tents; public advisory: wear masks,PPE,62,"{""nurses"":36,""doctors"":15,""support"":11}",43,64,33,46,9,13,18,6,18,229
2021-12-02,3,0,None,192,22,22,274,287,Normal,PPE,60,"{""nurses"":35,""doctors"":14,""support"":11}",52,72,31,24,15,13,25,9,24,229
2021-12-03,4,0,None,151,24,17,317,308,Normal,PPE,68,"{""nurses"":40,""doctors"":16,""support"":12}",74,79,39,35,4,12,24,6,11,250
2021-12-04,5,1,None,220,24,27,346,334,High Demand: activate surge plan; postpone elective procedures; open triage tents; public advisory: wear masks,PPE,74,"{""nurses"":44,""doctors"":18,""support"":12}",65,80,46,47,4,13,24,9,11,321
2021-12-05,6,1,None,142,24,19,258,332,Normal,PPE,57,"{""nurses"":33,""doctors"":13,""support"":11}",57,65,25,28,10,11,16,4,7,204
2021-12-06,0,0,None,112,25,28,249,307,Normal,PPE,55,"{""nurses"":32,""doctors"":13,""support"":10}",48,64,30,23,7,9,12,2,15,188
2021-12-07,1,0,None,245,26,35,280,275,Air Quality Alert: masks recommended; increase respiratory stock,PPE,60,"{""nurses"":35,""doctors"":14,""support"":11}",63,70,32,43,10,11,15,4,17,240
2021-12-08,2,0,None,255,26,22,229,262,Air Quality Alert: masks recommended; increase respiratory stock,PPE,51,"{""nurses"":29,""doctors"":12,""support"":10}",58,69,22,31,7,9,17,5,14,217
2021-12-09,3,0,None,239,26,9,305,285,Air Quality Alert: masks recommended; increase respiratory stock,PPE,67,"{""nurses"":39,""doctors"":16,""support"":12}",60,74,38,41,11,15,20,6,20,243
2021-12-10,4,0,None,599,26,19,276,282,High Demand: activate surge plan; postpone elective procedures; open triage tents; public advisory: wear masks,PPE,60,"{""nurses"":35,""doctors"":14,""support"":11}",65,77,29,60,10,8,7,6,19,261
2021-12-11,5,1,None,60,26,31,337,326,Normal,PPE,72,"{""nurses"":43,""doctors"":17,""support"":12}",84,100,47,27,9,21,20,6,16,279
2021-12-12,6,1,None,60,25,20,292,313,Normal,PPE,63,"{""nurses"":37,""doctors"":15,""support"":11}",69,68,23,26,9,8,13,7,16,231
2021-12-13,0,0,None,103,24,22,272,322,Normal,PPE,59,"{""nurses"":34,""doctors"":14,""support"":11}",57,72,45,23,10,12,18,6,16,231
2021-12-14,1,0,None,100,24,14,207,280,Normal,PPE,47,"{""nurses"":26,""doctors"":11,""support"":10}",38,66,27,18,1,4,15,4,7,193
2021-12-15,2,0,None,146,23,19,252,259,Normal,PPE,56,"{""nurses"":32,""doctors"":13,""support"":11}",49,69,29,31,7,10,6,11,13,186
2021-12-16,3,0,None,140,23,25,273,258,Normal,PPE,60,"{""nurses"":35,""doctors"":14,""support"":11}",58,72,29,32,12,10,18,10,22,220
2021-12-17,4,0,None,160,24,26,267,278,Normal,PPE,59,"{""nurses"":34,""doctors"":14,""support"":11}",58,77,36,25,6,7,11,4,12,266
2021-12-18,5,1,None,195,24,21,291,297,Normal,PPE,63,"{""nurses"":37,""doctors"":15,""support"":11}",66,81,35,36,5,8,21,2,15,245
2021-12-19,6,1,None,186,24,26,288,296,Normal,PPE,62,"{""nurses"":36,""doctors"":15,""support"":11}",63,83,32,43,5,13,13,1,8,275
2021-12-20,0,0,None,145,23,15,327,315,Normal,PPE,70,"{""nurses"":41,""doctors"":17,""support"":12}",80,70,39,40,10,12,21,7,15,314
2021-12-21,1,0,None,200,23,21,215,297,Normal,PPE,48,"{""nurses"":27,""doctors"":11,""support"":10}",37,59,30,27,4,7,14,2,14,200
2021-12-22,2,0,None,86,23,21,290,301,Normal,PPE,63,"{""nurses"":37,""doctors"":15,""support"":11}",58,76,36,30,4,16,31,4,11,255
2021-12-23,3,0,None,309,23,23,291,288,High Demand: activate surge plan; postpone elective procedures; open triage tents; public advisory: wear masks,PPE,63,"{""nurses"":37,""doctors"":15,""support"":11}",59,65,43,40,11,11,23,9,18,244
2021-12-24,4,0,None,99,22,14,255,297,Normal,PPE,56,"{""nurses"":32,""doctors"":13,""support"":11}",51,83,31,33,11,9,22,1,11,222
2021-12-25,5,1,Christmas,209,22,34,360,322,High Demand: activate surge plan; postpone elective procedures; open triage tents; public advisory: wear masks,PPE,76,"{""nurses"":45,""doctors"":18,""support"":13}",68,103,33,47,7,14,29,10,27,331
2021-12-26,6,1,None,422,23,24,382,347,High Demand: activate surge plan; postpone elective procedures; open triage tents; public advisory: wear masks,PPE,81,"{""nurses"":48,""doctors"":20,""support"":13}",77,84,55,66,12,13,24,6,24,304
2021-12-27,0,0,None,215,23,11,227,337,Air Quality Alert: masks recommended; increase respiratory stock,PPE,51,"{""nurses"":29,""doctors"":12,""support"":10}",43,53,25,36,8,11,13,3,8,194
2021-12-28,1,0,None,232,23,22,296,327,Air Quality Alert: masks recommended; increase respiratory stock,PPE,63,"{""nurses"":37,""doctors"":15,""support"":11}",65,71,39,54,9,5,20,9,16,250
2021-12-29,2,0,None,200,23,23,327,304,Normal,PPE,70,"{""nurses"":41,""doctors"":17,""support"":12}",64,93,39,34,10,14,23,11,14,293
2021-12-30,3,0,None,357,23,27,265,316,High Demand: activate surge plan; postpone elective procedures; open triage tents; public advisory: wear masks,PPE,59,"{""nurses"":34,""doctors"":14,""support"":11}",72,78,43,45,8,14,14,3,8,229
2021-12-31,4,0,None,139,25,20,294,313,Normal,PPE,63,"{""nurses"":37,""doctors"":15,""support"":11}",53,70,37,38,11,11,21,7,19,247
