tree
version=v4
num_class=1
num_tree_per_iteration=1
label_index=0
max_feature_idx=9
objective=regression
feature_names=Column_0 Column_1 Column_2 Column_3 Column_4 Column_5 Column_6 Column_7 Column_8 Column_9
feature_infos=[-1.4982700951458314:1.4982700951458314] [-0.63368320487849272:1.5780755940845042] [-7.3958776108082063:2.7448980266313372] [-0.26699649569399087:3.7453675090407055] [-1.6032069272708922:5.5710413494968991] [-3.721871126872335:3.2205456515597994] [-1.6870572562614465:1.7236227722790711] [-1.6387496882728867:1.5840524911428266] [-1.2456510737482795:1.2115858666267003] [-1.7289042541194837:1.6978546464523832]
tree_sizes=2204 2206 2478 2375 2213 2320 2381 2315 2405 2150 2304 2309 2231 2240 2320 2221 2318 2300 2302 2301 2227 2242 2148 2236 2393 2563 2565 2478 2401 2469 2561 2320 2493 2318 2321 2483 2405 2321 2342 2314 2506 2340 2428 2512 2488 2500 2422 2499 2333 2422 2175 2164 2251 2172 2325 2167 2161 2236 2166 2169 2430

Tree=0
num_leaves=26
num_cat=0
split_feature=2 9 9 8 7 6 6 7 9 9 9 0 6 9 6 9 9 8 6 5 8 6 9 5 6
split_gain=23198.2 16539.5 5243.72 2789.68 2039.08 1868.69 2101.21 1619.73 1600.61 1440.09 1237.79 1034.58 1106.68 768.683 648.502 526.91 439.397 422.065 225.883 180.413 177.84 176.432 77.6939 72.6425 53.6203
threshold=-2.9592882694284057 1.1267281630237389 -0.55305561176639195 -0.63134183865453442 -1.1992766638071075 0.52988476228989012 -0.15225124341821353 0.85159745036652823 -0.082716154825155472 -1.4265431746572599 0.051666547158054986 -1.0000000180025095e-35 0.87095276514394182 1.4626849179817649 -0.94807658341100087 -0.88901236672441819 0.18604924914126547 1.0000000180025095e-35 0.18881675943583826 -0.25066273765626779 1.0000000180025095e-35 -0.15225124341821353 1.5970676199649756 -0.25066273765626779 -0.37962991198758139
decision_type=2 2 2 2 2 2 2 2 2 2 2 2 2 2 2 2 2 2 2 2 2 2 2 2 2
left_child=-1 2 4 5 9 6 10 8 17 21 -4 15 14 20 -13 -6 -10 -5 -11 -18 23 -2 -15 -3 -21
right_child=1 13 3 7 11 -7 -8 -9 16 18 -12 12 -14 22 -16 -17 19 -19 -20 24 -22 -23 -24 -25 -26
leaf_value=51.245153188468933 50.255766647749773 50.38010269070746 50.323747128027598 49.930261418923514 50.528547143517997 49.930634094689388 50.538621200483959 50.143547139805477 49.68272896083748 49.844547134798688 49.950607744616192 50.137139726773157 49.987747133082074 50.695135366937265 50.381281828627586 50.305759254421353 49.904547139567057 50.119841254759812 50.009732322632971 49.749162527391924 50.553777903112461 50.136126081476952 50.608297137704412 50.473777906230247 49.824547138706102
leaf_weight=33 41 27 25 42 35 46 27 40 44 26 33 27 25 34 49 33 37 34 27 26 26 38 32 26 36
leaf_count=33 41 27 25 42 35 46 27 40 44 26 33 27 25 34 49 33 37 34 27 26 26 38 32 26 36
internal_value=50.2049 50.1639 50.0824 49.9856 50.2078 50.136 50.2471 49.9095 49.8667 50.09 50.1114 50.2998 50.2186 50.5523 50.2945 50.4204 49.7879 50.0151 49.9287 49.8346 50.4681 50.1982 50.653 50.4261 49.7929
internal_weight=869 836 691 390 301 131 85 259 219 132 58 169 101 145 76 68 143 76 53 99 79 79 66 53 62
internal_count=869 836 691 390 301 131 85 259 219 132 58 169 101 145 76 68 143 76 53 99 79 79 66 53 62
is_linear=0
shrinkage=1


Tree=1
num_leaves=25
num_cat=0
split_feature=2 9 4 9 7 4 0 0 4 4 5 9 0 9 5 9 5 6 9 5 4 4 6 4
split_gain=21379.4 15242.8 5520.31 1983.34 1587.43 1320.12 1161.3 1231.93 1011.81 794.422 641.675 800.243 592.961 547.307 512.447 474.331 428.623 913.185 484.503 390.193 359.426 334.369 162.368 149.38
threshold=-2.9592882694284057 1.1267281630237389 -0.18419177575400311 -0.55305561176639195 -1.1992766638071075 1.0216665933461864 0.74913504757291582 1.2485584126215263 0.75369806687947738 1.3505370576462379 -0.25066273765626779 -0.41867290978318161 -1.0000000180025095e-35 1.4626849179817649 1.1378206180301593 -1.493734525648865 -0.25066273765626779 0.30250609372052223 -0.082716154825155472 -0.25066273765626779 0.21167082016272562 -0.6714072784207461 -0.37962991198758139 -0.68358766598741461
decision_type=2 2 2 2 2 2 2 2 2 2 2 2 2 2 2 2 2 2 2 2 2 2 2 2
left_child=-1 2 3 4 -2 10 16 -8 13 -7 15 12 -12 -3 23 -4 17 -5 21 -10 -14 -18 -20 -6
right_child=1 8 5 6 14 9 7 -9 19 -11 11 -13 20 -15 -16 -17 18 -19 22 -21 -22 -23 -24 -25
leaf_value=1.0107999480854382 -0.2769468581049066 0.1624344893561469 0.00052051406482170369 -0.080427259690052752 0.032371903101603192 0.36051181891789802 0.043360736291659506 -0.27278156600347381 0.37481299833456677 0.081629030017012896 0.23231367382933113 -0.10935053697852201 0.12499919729573387 0.36320704888729821 -0.11902817056179046 -0.21685318229926956 -0.15084017754704865 -0.35296548250175663 -0.45712969530712477 0.58243530631065366 -0.07426937500635783 -0.34338175044905755 -0.34343883211548265 0.15757901799294258
leaf_weight=33 38 45 29 37 30 26 38 41 30 44 34 43 28 42 25 36 27 42 44 28 30 31 37 31
leaf_count=33 38 45 29 37 30 26 38 41 30 44 34 43 28 42 25 36 27 42 44 28 30 31 37 31
internal_value=0.0121937 -0.0272249 -0.105466 -0.196006 -0.0616418 0.0357106 -0.252105 -0.120713 0.345633 0.185214 -0.0166157 0.0330999 0.09968 0.259359 0.0334931 -0.119871 -0.299719 -0.225321 -0.342003 0.475044 0.0219292 -0.25375 -0.405197 0.0960017
internal_weight=869 836 691 421 124 270 297 79 145 70 200 135 92 87 86 65 218 79 139 58 58 58 81 61
internal_count=869 836 691 421 124 270 297 79 145 70 200 135 92 87 86 65 218 79 139 58 58 58 81 61
is_linear=0
shrinkage=0.04


Tree=2
num_leaves=28
num_cat=0
split_feature=9 3 4 8 9 4 4 9 9 4 9 9 7 9 5 0 9 9 9 4 4 4 4 4 8 0 4
split_gain=15100.9 9427.62 4760.11 2796.78 2190.54 1643.02 1499.27 1450.85 2950.24 1359.19 921.035 826.974 818.825 588.384 804.664 708.698 457.703 442.127 428.939 372.179 296.297 263.993 197.721 169.661 159.259 135.297 71.973
threshold=1.0595368120321338 1.0000000180025095e-35 -0.18419177575400311 -0.63134183865453442 -0.55305561176639195 1.8742937230129866 1.0216665933461864 0.45481465310768643 1.0000000180025095e-35 -0.56178379032072889 1.4626849179817649 -1.2921604726740494 -1.1992766638071075 -0.28429020779997111 -0.25066273765626779 -1.0000000180025095e-35 -0.082716154825155472 0.25324060013287075 -1.493734525648865 -0.6714072784207461 -0.98809735515412911 0.27866295177940287 0.75369806687947738 0.21167082016272562 1.0000000180025095e-35 1.0000000180025095e-35 -0.74448960382075746
decision_type=2 2 2 2 2 2 2 2 2 2 2 2 2 2 2 2 2 2 2 2 2 2 2 2 2 2 2
left_child=1 2 3 7 12 10 13 8 9 -1 22 -8 -5 14 18 -16 19 26 -4 -6 -19 -12 -2 -17 -14 -22 -18
right_child=5 -3 6 4 16 -7 11 -9 -10 -11 21 -13 24 -15 15 23 17 20 -20 -21 25 -23 -24 -25 -26 -27 -28
leaf_value=-0.26379822594589658 0.15963452061017355 0.50455909554001899 0.00071275336401803154 -0.26173532749925338 -0.12634531272649765 0.65370919045507903 0.07360996697098017 -0.29238121819496155 0.30695704717385142 0.091159034350088652 0.32695413527046813 0.37731942724149958 0.076795682540306678 -0.18844507472268468 0.21161429135422957 0.059789626859128475 -0.51594260110304913 -0.43711163806915282 -0.21697414485613503 -0.33694804927398414 -0.32669036223607906 0.49123537280980278 0.29053840072949727 -0.069473748803138738 -0.064601599931716921 -0.20675480429221083 -0.42182449597578781
leaf_weight=45 48 43 28 28 25 25 32 30 38 28 29 26 26 29 38 32 26 25 30 29 34 34 30 33 25 27 26
leaf_count=45 48 43 28 28 25 25 32 30 38 28 29 26 26 29 38 32 26 25 30 29 34 34 30 33 25 27 26
internal_value=0.011706 -0.0693208 -0.10671 -0.190054 -0.265228 0.354849 0.0317485 -0.0455712 0.0211342 -0.12765 0.30186 0.209756 -0.087936 -0.0225905 0.00728391 0.0743881 -0.338176 -0.376809 -0.111884 -0.239447 -0.321135 0.415614 0.209982 -0.00583639 0.00748329 -0.273604 -0.468884
internal_weight=869 703 660 412 271 166 248 141 111 73 141 58 79 190 161 103 192 138 58 54 86 63 78 65 51 61 52
internal_count=869 703 660 412 271 166 248 141 111 73 141 58 79 190 161 103 192 138 58 54 86 63 78 65 51 61 52
is_linear=0
shrinkage=0.04


Tree=3
num_leaves=27
num_cat=0
split_feature=2 7 4 8 7 4 6 6 7 5 7 7 4 5 7 7 6 6 7 7 4 7 4 6 4 6
split_gain=18913.3 12873.9 4799.14 2699.76 1867.34 1622.22 1438.06 1703.18 726.034 691.713 620.926 570.933 547.842 501.631 533.126 380.822 354.908 727.204 303.039 299.302 291.108 288.997 276.043 223.136 199.571 55.8559
threshold=-2.9592882694284057 1.1445794666770477 -0.18419177575400311 -0.63134183865453442 -0.61331263118606871 1.0216665933461864 0.52988476228989012 -0.15225124341821353 -1.1992766638071075 -0.25066273765626779 -1.1992766638071075 -0.90629464749658817 0.75369806687947738 -0.25066273765626779 -0.32033061487554942 1.0000000180025095e-35 0.52988476228989012 -0.15225124341821353 0.26563341774548938 -1.4922586801176267 -0.68358766598741461 1.4375614829875671 -0.96373658002079188 -0.37962991198758139 1.2470037633295548 -0.26594057770289742
decision_type=2 2 2 2 2 2 2 2 2 2 2 2 2 2 2 2 2 2 2 2 2 2 2 2 2 2
left_child=-1 2 3 6 8 13 7 9 -5 -2 -7 -10 21 19 16 20 17 -15 -17 -4 -6 -3 -20 -23 -14 -24
right_child=1 12 5 4 15 10 -8 -9 11 -11 -12 -13 24 14 -16 18 -18 -19 22 -21 -22 23 25 -25 -26 -27
leaf_value=0.95048447377753975 0.11323719868293175 0.17234527042933873 -0.025051473975181579 -0.2512659145253045 -0.14532995271271673 0.089084388384452234 -0.21735706236897684 0.3328913057088852 0.13830281791687013 -0.14591758921411302 0.32483711076505262 -0.13202926716804506 0.50298860705815829 0.014205753628800555 -0.12219681769609451 -0.43947376099038626 -0.036574458744790823 0.28463087384517377 -0.42255653913204483 -0.19430723060880389 -0.31562166863017616 0.23770857186317443 -0.30711140913182294 0.40670964627265932 0.35037099854699499 -0.23046613670885563
leaf_weight=33 26 35 32 28 29 39 49 25 25 45 33 25 26 41 32 47 36 26 26 35 36 25 29 25 29 32
leaf_count=33 26 35 32 28 29 39 49 25 25 45 33 25 26 41 32 47 36 26 26 35 36 25 29 25 29 32
internal_value=0.0112377 -0.0258378 -0.0962376 -0.180874 -0.254074 0.0341145 -0.0410368 0.04896 -0.0881873 -0.0510158 0.197138 0.00313678 0.32415 -0.0239928 0.0204138 -0.319095 0.06472 0.119147 -0.357633 -0.113469 -0.239645 0.2605 -0.313421 0.322209 0.422518 -0.266904
internal_weight=869 836 696 422 277 274 145 96 78 71 72 50 140 202 135 199 103 67 134 67 65 85 87 50 55 61
internal_count=869 836 696 422 277 274 145 96 78 71 72 50 140 202 135 199 103 67 134 67 65 85 87 50 55 61
is_linear=0
shrinkage=0.04


Tree=4
num_leaves=25
num_cat=0
split_feature=2 9 4 9 7 0 0 4 4 4 5 9 0 5 9 9 5 6 9 5 4 4 6 4
split_gain=17430.5 11975.2 4281.96 1605.33 1339.63 1022.41 1106.5 993.62 809.927 723.378 497.748 665.629 491.424 460.677 423.862 374.203 366.823 781.384 411.696 365.686 299.431 279.635 142.423 128.289
threshold=-2.9592882694284057 1.1267281630237389 -0.18419177575400311 -0.55305561176639195 -1.1992766638071075 0.74913504757291582 1.2485584126215263 1.0216665933461864 0.75369806687947738 1.3505370576462379 -0.25066273765626779 -0.41867290978318161 -1.0000000180025095e-35 1.1378206180301593 1.4626849179817649 -1.493734525648865 -0.25066273765626779 0.30250609372052223 -0.082716154825155472 -0.25066273765626779 0.21167082016272562 -0.6714072784207461 -0.37962991198758139 -0.68358766598741461
decision_type=2 2 2 2 2 2 2 2 2 2 2 2 2 2 2 2 2 2 2 2 2 2 2 2
left_child=-1 2 3 4 -2 16 -7 10 14 -9 15 12 -12 23 -3 -4 17 -5 21 -10 -14 -18 -20 -6
right_child=1 8 7 5 13 6 -8 9 19 -11 11 -13 20 -15 -16 -17 18 -19 22 -21 -22 -23 -24 -25
leaf_value=0.91246508598327636 -0.25079872586225205 0.14319699133767022 0.00077828604599525187 -0.066185145249237881 0.034683192906901243 0.054416417840280035 -0.24519954786068057 0.32716355479680576 0.32443226979176204 0.061042888652194628 0.21004074408727533 -0.10134448239969653 0.11258974628789085 -0.11022865678071975 0.31988250506775723 -0.19229411555661094 -0.13269535457646406 -0.31828951840599379 -0.41504941368644888 0.52542870381048756 -0.069289386908213291 -0.30877407366229642 -0.30857017948820781 0.15071519836302727
leaf_weight=33 38 45 29 37 30 38 41 26 30 44 34 43 28 25 42 36 27 42 44 28 30 31 37 31
leaf_count=33 38 45 29 37 30 38 41 26 30 44 34 43 28 25 42 36 27 42 44 28 30 31 37 31
internal_value=0.0107882 -0.0248043 -0.0941538 -0.173895 -0.0530113 -0.224365 -0.10108 0.0301834 0.305682 0.159888 -0.0152131 0.0285734 0.0892958 0.0343831 0.228493 -0.106154 -0.269042 -0.200215 -0.308159 0.421465 0.0185143 -0.226806 -0.366411 0.0936503
internal_weight=869 836 691 421 124 297 79 270 145 70 200 135 92 86 87 65 218 79 139 58 58 58 81 61
internal_count=869 836 691 421 124 297 79 270 145 70 200 135 92 86 87 65 218 79 139 58 58 58 81 61
is_linear=0
shrinkage=0.04


Tree=5
num_leaves=26
num_cat=0
split_feature=2 9 9 8 4 4 9 5 4 5 5 4 9 9 4 0 4 4 4 8 5 9 0 0 9
split_gain=13124.4 9638.49 4598.85 1944.68 1581.22 1262.73 1151.33 1070.23 1603.08 887.334 744.302 484.448 444.551 716.735 384.449 734.907 371.212 310.302 279.79 250.715 212.886 193.605 150.894 42.4579 33.9811
threshold=-2.9592882694284057 1.1267281630237389 -0.55305561176639195 -0.63134183865453442 -0.18419177575400311 1.0216665933461864 1.4626849179817649 -0.25066273765626779 -0.69576805355408322 -0.25066273765626779 1.1378206180301593 0.27866295177940287 -1.4265431746572599 -1.2249691216824441 -0.58614456545406601 -1.0000000180025095e-35 -0.80539154165410043 0.65625496634612879 -0.45216030222071174 1.0000000180025095e-35 1.0000000180025095e-35 0.25324060013287075 -1.0000000180025095e-35 1.0000000180025095e-35 -0.82182101573281285
decision_type=2 2 2 2 2 2 2 2 2 2 2 2 2 2 2 2 2 2 2 2 2 2 2 2 2
left_child=-1 2 5 7 10 9 17 8 -4 12 16 -8 23 -14 -11 -16 22 -3 -9 -18 -6 -21 -5 -2 -17
right_child=1 6 3 4 20 -7 11 18 -10 14 -12 -13 13 -15 15 24 19 -19 -20 21 -22 -23 -24 -25 -26
leaf_value=0.82399948383199761 0.015061146068572997 0.071513944434002039 -0.17034754572091282 -0.49514275798430812 -0.1786286654472351 0.20250836049516996 0.24414505533046194 -0.24795955475923176 0.2452513524980256 -0.069123496409091684 -0.1429618901525225 0.46343004755675793 -0.31461657770218387 -0.02983681238614596 0.21499432152727757 -0.027645034517560684 -0.36417463215688861 0.22907089018821716 -0.083578555266062421 -0.31299808736200685 -0.031201834990864707 -0.16006977906593911 -0.3707387579098726 -0.057946417881892281 0.029863966241959604
leaf_weight=29 25 40 27 26 25 48 27 37 33 36 35 40 31 26 41 35 48 40 30 27 42 26 39 26 31
leaf_count=29 25 40 27 26 25 48 27 37 33 36 35 40 31 26 41 35 48 40 30 27 42 26 39 26 31
internal_value=-0.0126425 -0.0414923 -0.103815 -0.193401 -0.254498 0.0145351 0.252738 -0.064472 0.0582318 -0.021412 -0.310594 0.375061 -0.107953 -0.184717 0.0439477 0.0819904 -0.345938 0.150292 -0.174356 -0.297952 -0.0862118 -0.237977 -0.4205 -0.0221584 -0.000633231
internal_weight=870 841 694 395 268 299 147 127 60 251 201 67 108 57 143 107 166 80 67 101 67 53 65 51 66
internal_count=870 841 694 395 268 299 147 127 60 251 201 67 108 57 143 107 166 80 67 101 67 53 65 51 66
is_linear=0
shrinkage=0.04


Tree=6
num_leaves=27
num_cat=0
split_feature=4 7 4 9 9 0 6 8 4 9 8 9 4 7 9 6 9 5 9 9 4 4 6 6 4 6
split_gain=10259.6 5631.45 1411.52 1298.74 1931.45 1782.58 935.816 1206.55 1410.53 912.628 941.845 893.805 650.039 600.676 537.329 522.879 506.992 468.548 423.792 423.697 372.991 350.792 244.854 242.488 53.8921 30.1289
threshold=-0.52524262762072316 1.1445794666770477 0.022874812879362678 0.99234546104052834 -1.2249691216824441 -0.7491350475729156 -1.4028339205497364 -0.63134183865453442 -0.25727410115401456 -0.82182101573281285 -0.63134183865453442 1.5298762689733703 -0.18419177575400311 0.26563341774548938 0.32043195112447598 -0.72069791484163315 -1.4265431746572599 1.1378206180301593 0.6563887060825021 -0.21709885680836591 0.66843535391279729 0.40046682744608858 -0.72069791484163315 0.52988476228989012 0.94858426794617456 -0.49331924627226525
decision_type=2 2 2 2 2 2 2 2 2 2 2 2 2 2 2 2 2 2 2 2 2 2 2 2 2 2
left_child=9 2 6 4 16 -6 -2 8 -8 25 14 15 19 21 -11 -3 24 18 22 -9 -17 -7 -12 -24 -4 -1
right_child=1 11 3 -5 5 13 7 12 -10 10 17 -13 -14 -15 -16 20 -18 -19 -20 -21 -22 -23 23 -25 -26 -27
leaf_value=-0.015967143285274505 0.14958498106948262 0.34507438978552818 0.013488867473602296 -0.16602453544222076 0.50374287822416852 -0.036535499959156434 0.25005771340995003 -0.14859439172242817 -0.14446074584434773 -0.20913460291028024 -0.46752543573026301 0.45161608500683564 -0.043204291244832486 0.27994876773126665 -0.0047865490487643651 0.0415760707616806 -0.14518886685371399 -0.14901455994575255 -0.204493833747175 -0.34009063469039069 0.25796629978487123 0.16020826179405739 -0.25740914518503766 -0.40685625076293946 0.096544232869148261 -0.077467834766094507
leaf_weight=25 29 40 25 29 28 29 29 38 29 50 27 47 41 31 35 25 34 31 36 36 26 29 38 32 25 26
leaf_count=25 29 40 25 29 28 29 29 38 29 50 27 47 41 31 35 25 34 31 36 36 26 29 38 32 25 26
internal_value=-0.0121368 0.0875157 0.0164548 0.0842149 0.120319 0.225382 -0.0606978 -0.0959475 0.0527985 -0.201477 -0.233051 0.309967 -0.170967 0.137808 -0.124991 0.236808 -0.026019 -0.289057 -0.321699 -0.241755 0.151893 0.0618364 -0.365197 -0.325728 0.0550166 -0.0473204
internal_weight=870 570 432 230 201 117 202 173 58 300 249 138 115 89 85 91 84 164 133 74 51 58 97 70 50 51
internal_count=870 570 432 230 201 117 202 173 58 300 249 138 115 89 85 91 84 164 133 74 51 58 97 70 50 51
is_linear=0
shrinkage=0.04


Tree=7
num_leaves=26
num_cat=0
split_feature=2 9 9 4 4 9 5 4 0 6 9 9 4 9 9 9 6 4 0 0 6 0 4 4 0
split_gain=11824.3 8200.02 3985.48 1269.93 1154.6 995.936 797.679 600.228 598.724 598.464 868.544 495.035 427.332 389.406 646.314 378.194 343.305 326.451 658.883 304.888 251.292 239.458 197.127 99.9138 40.0537
threshold=-2.9592882694284057 1.1267281630237389 -0.55305561176639195 0.035055200446031262 1.0216665933461864 1.4626849179817649 -0.25066273765626779 -0.84193270435410617 1.2485584126215263 0.52988476228989012 0.3876233021160812 0.92515411004892301 0.27866295177940287 -1.4265431746572599 -1.2249691216824441 0.051666547158054986 -0.49331924627226525 -0.58614456545406601 -1.0000000180025095e-35 0.74913504757291582 -0.15225124341821353 1.0000000180025095e-35 0.65625496634612879 -0.56178379032072889 1.0000000180025095e-35
decision_type=2 2 2 2 2 2 2 2 2 2 2 2 2 2 2 2 2 2 2 2 2 2 2 2 2
left_child=-1 2 4 7 6 19 13 15 9 10 16 -5 -7 24 -15 -4 -9 -8 -19 22 -20 -17 -3 -11 -2
right_child=1 5 3 11 -6 12 17 8 -10 23 -12 -13 -14 14 -16 21 -18 18 20 -21 -22 -23 -24 -25 -26
leaf_value=0.7824696238287564 0.013677578258514405 0.0044476465078500602 -0.17975590713096387 0.069460857831514802 0.19340135501076777 0.22316530658139122 -0.062941262374321627 -0.09384109229335319 -0.33858306087313161 -0.28755490541458129 0.066226421562401022 -0.14468713364293498 0.42911825799942016 -0.29796851181214856 -0.027540401862217831 -0.40147424640472645 -0.25750730831880825 0.20224504635101412 0.071530385860374995 0.25289485226869585 -0.084858613206494238 -0.25183851361274717 0.15612785068051568 -0.1910339897312224 -0.057232815577433663
leaf_weight=29 25 26 33 39 48 27 36 46 31 37 37 31 40 31 26 44 37 41 35 25 31 28 29 32 26
leaf_count=29 25 26 33 39 48 27 36 46 31 37 37 31 40 31 26 44 37 41 35 25 31 28 29 32 26
internal_value=-0.0116514 -0.0390348 -0.096519 -0.179917 0.0136561 0.232353 -0.0207175 -0.213203 -0.175649 -0.148924 -0.0949507 -0.0253761 0.346122 -0.10277 -0.174615 -0.291888 -0.166801 0.0412525 0.0763083 0.137071 -0.00192505 -0.343283 0.0844245 -0.242792 -0.0224728
internal_weight=870 841 694 395 299 147 251 325 220 189 120 70 67 108 57 105 83 143 107 80 66 72 55 69 51
internal_count=870 841 694 395 299 147 251 325 220 189 120 70 67 108 57 105 83 143 107 80 66 72 55 69 51
is_linear=0
shrinkage=0.04


Tree=8
num_leaves=27
num_cat=0
split_feature=2 7 9 8 4 4 9 4 7 9 9 9 4 4 4 4 0 4 8 4 4 8 0 9 0 7
split_gain=10897.3 8187.67 3602.9 1619.69 1209.27 1005.89 849.059 819.197 814.33 1082.59 712.195 535.081 392.599 354.996 268.518 323.345 382.477 246.752 226.839 246.31 149.795 87.547 84.8905 71.1531 16.4328 11.6759
threshold=-2.9592882694284057 1.1445794666770477 -0.55305561176639195 -0.63134183865453442 -0.18419177575400311 1.0216665933461864 1.5298762689733703 -0.72012882868742045 -1.1992766638071075 -1.4265431746572599 1.0000000180025095e-35 -0.21709885680836591 0.40046682744608858 0.51009031554610584 -0.050207512520648777 -0.58614456545406601 -1.0000000180025095e-35 -0.84193270435410617 1.0000000180025095e-35 -0.63486611572074036 -1.0855404556874777 1.0000000180025095e-35 -1.0000000180025095e-35 1.3283022159985547 1.0000000180025095e-35 0.26563341774548938
decision_type=2 2 2 2 2 2 2 2 2 2 2 2 2 2 2 2 2 2 2 2 2 2 2 2 2 2
left_child=-1 2 5 7 11 8 13 22 9 24 -9 -5 14 -3 15 -10 -17 20 25 -20 -13 -6 -4 -15 -2 -19
right_child=1 6 3 4 21 -7 -8 10 12 -11 -12 17 -14 23 -16 16 -18 18 19 -21 -22 -23 -24 -25 -26 -27
leaf_value=0.75117082735587815 0.020844493795324257 0.076076410491215565 -0.22810043328329921 -0.13446122823442733 -0.037795390294808329 0.18174249508913526 0.37724226172237346 -0.13343217085908962 -0.051630886177576725 -0.2820976459013449 0.12336335589488348 -0.31313344036319085 0.16487925402323406 0.18700612102563566 -0.10793542994393242 0.19780194220871761 -0.0027623364236205815 -0.3496564972842181 -0.13126634246536664 -0.2975924397748092 -0.44200589912909044 -0.12631871040050802 -0.12669098607131413 0.27813424480372462 -0.023287056463736074 -0.31172019461393358
leaf_weight=29 27 38 25 35 33 47 48 27 42 37 48 31 30 26 27 29 32 27 28 29 27 39 28 29 27 25
leaf_count=29 27 38 25 35 33 47 48 27 42 37 48 31 30 26 27 29 32 27 28 29 27 39 28 29 27 25
internal_value=-0.0111853 -0.0374734 -0.0934882 -0.171621 -0.226498 0.0119121 0.240614 -0.0541491 -0.0198888 -0.115424 0.030917 -0.276667 0.0344468 0.170096 0.00434698 0.0337802 0.0925879 -0.306471 -0.271003 -0.215888 -0.373126 -0.0857455 -0.174526 0.235055 -0.00122128 -0.331418
internal_weight=870 841 700 402 274 298 141 128 251 91 75 202 160 93 130 103 61 167 109 57 58 72 53 55 54 52
internal_count=870 841 700 402 274 298 141 128 251 91 75 202 160 93 130 103 61 167 109 57 58 72 53 55 54 52
is_linear=0
shrinkage=0.04


Tree=9
num_leaves=24
num_cat=0
split_feature=2 7 7 8 6 9 7 9 6 0 8 6 6 7 6 9 0 8 6 6 6 6 0
split_gain=10042.9 7545.75 3324.86 1780.18 1206.54 782.493 716.061 667.239 641.542 911.19 392.433 672.587 454.513 395.479 381.832 269.864 253.267 134.905 122.297 237.227 77.7364 52.474 21.9785
threshold=-2.9592882694284057 1.1445794666770477 -0.32033061487554942 -0.63134183865453442 0.52988476228989012 1.5298762689733703 0.85159745036652823 0.3876233021160812 -0.83438724912631701 -0.7491350475729156 1.0000000180025095e-35 0.41619542800520609 0.87095276514394182 -1.1992766638071075 0.075127425151154323 -0.082716154825155472 1.0000000180025095e-35 1.0000000180025095e-35 0.75726343085925796 -0.26594057770289742 -0.49331924627226525 -1.4028339205497364 -1.0000000180025095e-35
decision_type=2 2 2 2 2 2 2 2 2 2 2 2 2 2 2 2 2 2 2 2 2 2 2
left_child=-1 2 8 4 7 17 15 -4 9 -2 12 -12 13 -10 -15 -5 -14 20 19 22 -3 -11 -17
right_child=1 5 3 6 -6 -7 -8 -9 10 21 11 -13 16 14 -16 18 -18 -19 -20 -21 -22 -23 -24
leaf_value=0.72112399528766502 0.28179993835864248 0.088580978302394642 -0.061401897959592867 -0.17701779322077829 -0.23867623700414384 0.36215257563938702 -0.099422560204630306 0.18023742133920845 -0.11518156238356415 0.050202084126380775 -0.08712072236277163 0.1360385814626166 -0.084506370363564329 -0.053691308498382571 0.12970309390741236 -0.35496241369247439 -0.25643370428910622 0.231423763863502 -0.35083495721829183 -0.20377332877029072 0.17858242044491426 -0.022791983217000961 -0.30555691417525799
leaf_weight=29 27 34 41 36 35 48 46 33 49 26 40 47 29 39 34 25 26 31 49 44 28 40 34
leaf_count=29 27 34 41 36 35 48 46 33 49 26 40 47 29 39 34 25 26 31 49 44 28 40 34
internal_value=-0.0107379 -0.0359745 -0.0897487 -0.178686 -0.045168 0.23099 -0.24088 0.0463562 -0.00429904 0.0860449 -0.0361247 0.0334366 -0.0703159 -0.0272783 0.0317253 -0.275492 -0.165781 0.163292 -0.298815 -0.274068 0.129227 0.00596326 -0.326491
internal_weight=870 841 700 343 109 141 234 74 357 93 264 87 177 122 73 188 55 93 152 103 62 66 59
internal_count=870 841 700 343 109 141 234 74 357 93 264 87 177 122 73 188 55 93 152 103 62 66 59
is_linear=0
shrinkage=0.04


Tree=10
num_leaves=26
num_cat=0
split_feature=4 2 9 4 4 9 8 4 4 4 9 4 9 9 0 7 8 9 7 9 4 4 4 4 4
split_gain=8728.42 4279.41 2354.07 1741.56 1248.49 1211.26 1150.04 969.008 804.989 1260.97 602.81 545.151 541.103 503.331 414.612 650.681 388.697 493.13 787.22 300.983 190.027 185.036 127.084 61.2575 14.2383
threshold=-0.18419177575400311 -1.6916913147484629 1.3283022159985547 1.0216665933461864 -0.69576805355408322 -0.6874383137496024 -0.63134183865453442 -0.48870146492071748 1.2652743446795578 1.7524898473463006 0.79077140806571256 0.75369806687947738 0.45481465310768643 -0.48586426077478684 0.74913504757291582 1.0000000180025095e-35 -0.63134183865453442 -0.35148155879157633 -0.90629464749658817 0.52200600409929165 0.32738450204607711 -0.46434068978738036 0.10813752584604273 -0.97591696758746049 0.30302372691273999
decision_type=2 2 2 2 2 2 2 2 2 2 2 2 2 2 2 2 2 2 2 2 2 2 2 2 2
left_child=4 -2 3 16 5 -1 7 -6 -5 -10 14 -4 13 -8 15 -7 22 18 20 23 -18 -15 -3 -17 -19
right_child=1 2 11 8 6 10 12 -9 9 -11 -12 -13 -14 21 -16 19 17 24 -20 -21 -22 -23 -24 -25 -26
leaf_value=-0.0048764089428420575 0.61767520235134998 -0.028576618957519534 0.1891303523423824 0.3689168749536787 0.20317034231649864 -0.18062319831150334 -0.088026133268437501 -0.0692325176174442 -0.074843975521367179 0.31280623614788056 -0.063683235966242271 0.39764769714219228 0.021510083675384522 -0.19166714429855347 -0.16471322214880654 -0.38991240406036376 0.041910694064320742 -0.1098270385503769 0.20613557953100936 -0.26945639840982583 -0.092347336969067981 -0.34117266584325717 -0.14198774166578471 -0.47760606527328492 -0.067548682643817026
leaf_weight=42 26 25 47 28 37 41 47 48 29 25 26 35 26 26 43 25 37 25 39 27 31 27 43 26 26
leaf_count=42 26 25 47 28 37 41 47 48 29 25 26 35 26 26 43 25 37 25 39 27 31 27 43 26 26
internal_value=-0.0106388 0.120796 0.0876706 0.0369634 -0.134622 -0.199086 -0.0643547 0.0493428 0.19487 0.104624 -0.242473 0.278132 -0.141055 -0.183322 -0.271167 -0.309634 -0.0203302 0.014084 0.0628712 -0.377447 -0.0192952 -0.26783 -0.100292 -0.434619 -0.0882734
internal_weight=857 416 390 308 441 230 211 85 82 54 188 82 126 100 162 119 226 158 107 78 68 53 68 51 51
internal_count=857 416 390 308 441 230 211 85 82 54 188 82 126 100 162 119 226 158 107 78 68 53 68 51 51
is_linear=0
shrinkage=0.04


Tree=11
num_leaves=26
num_cat=0
split_feature=2 9 9 8 6 6 7 7 9 9 5 9 9 8 1 6 9 6 6 6 6 9 9 6 6
split_gain=6797.12 5936.3 3331.82 1780.11 1205.49 2013.95 774.166 610.394 1185.89 802.692 577.895 527.45 439.331 374.015 336.573 298.21 263.972 245.753 219.271 203.934 300.292 76.4348 72.3535 71.8002 17.2846
threshold=-2.9592882694284057 1.1267281630237389 -0.35148155879157633 -0.63134183865453442 0.52988476228989012 -0.15225124341821353 0.85159745036652823 -1.1992766638071075 -1.0905864196992339 -1.4265431746572599 1.1378206180301593 -0.082716154825155472 1.4626849179817649 1.0000000180025095e-35 1.0000000180025095e-35 1.0000000180025095e-35 0.52200600409929165 0.075127425151154323 0.075127425151154323 0.75726343085925796 -0.26594057770289742 0.32043195112447598 1.5970676199649756 -0.15225124341821353 0.41619542800520609
decision_type=2 2 2 2 2 2 2 2 2 2 2 2 2 2 2 2 2 2 2 2 2 2 2 2 2
left_child=-1 2 7 4 5 21 11 9 -9 23 19 -5 15 18 16 -3 24 -11 -12 20 -10 -4 -14 -2 -13
right_child=1 12 3 6 -6 -7 -8 8 10 17 13 14 22 -15 -16 -17 -18 -19 -20 -21 -22 -23 -24 -25 -26
leaf_value=0.59171970893596781 0.069204523665248416 0.062771588698029512 -0.14386306480125144 -0.13961853320534165 -0.22938892572354047 0.33138414181195769 -0.077261430254349353 0.2815225319266319 0.051193565497031579 -0.25976143785885403 -0.19103202695808105 -0.41193902213399008 0.32949888515061349 0.058378128368279027 -0.21600892549337342 0.21136585649974801 -0.25596205979585646 -0.092172354055302483 -0.041764571107923983 -0.010520344575246175 0.22878395671844484 -0.049538228618247172 0.2408942868709564 -0.0095414520935578791 -0.36974031105041505
leaf_weight=29 32 40 27 37 39 26 39 30 39 28 31 41 29 29 43 47 32 28 32 27 25 28 30 44 25
leaf_count=29 32 40 27 37 39 26 39 30 39 28 31 41 29 29 43 47 32 28 32 27 25 28 30 44 25
internal_value=-0.0102132 -0.0312954 -0.0808504 -0.170305 -0.0466796 0.0412915 -0.238669 0.00653002 0.0484145 -0.0610563 0.0102 -0.274034 0.200187 -0.0604945 -0.309306 0.143047 -0.350243 -0.175967 -0.115214 0.0816714 0.120565 -0.0958431 0.284446 0.0236147 -0.395955
internal_weight=857 828 682 337 120 81 217 345 213 132 183 178 146 92 141 87 98 56 63 91 64 55 59 76 66
internal_count=857 828 682 337 120 81 217 345 213 132 183 178 146 92 141 87 98 56 63 91 64 55 59 76 66
is_linear=0
shrinkage=0.04


Tree=12
num_leaves=25
num_cat=0
split_feature=2 9 9 8 7 9 7 7 9 9 5 9 9 8 0 8 9 9 0 0 9 0 0 0
split_gain=6264.22 5470.9 3070.61 1640.55 1066.65 2052.96 713.472 562.539 1092.92 739.761 532.588 486.098 404.887 344.692 310.186 246.228 243.277 125.307 93.1013 91.7066 66.681 27.8779 20.5517 4.10192
threshold=-2.9592882694284057 1.1267281630237389 -0.35148155879157633 -0.63134183865453442 1.0000000180025095e-35 0.45481465310768643 0.85159745036652823 -1.1992766638071075 -1.0905864196992339 -1.4265431746572599 1.1378206180301593 -0.082716154825155472 1.4626849179817649 1.0000000180025095e-35 0.74913504757291582 -0.63134183865453442 0.52200600409929165 -0.88901236672441819 1.0000000180025095e-35 1.0000000180025095e-35 1.5970676199649756 -0.7491350475729156 -1.0000000180025095e-35 -1.0000000180025095e-35
decision_type=2 2 2 2 2 2 2 2 2 2 2 2 2 2 2 2 2 2 2 2 2 2 2 2
left_child=-1 2 7 4 -4 -6 11 9 -9 19 17 -5 15 22 16 -3 21 -10 -17 -2 -14 -13 -12 -11
right_child=1 12 3 6 5 -7 -8 8 10 23 13 14 20 -15 -16 18 -18 -19 -20 -21 -22 -23 -24 -25
leaf_value=0.56805092745813834 -0.016863607444933482 0.039642351354871479 -0.27156772434711457 -0.1340337904723915 0.22148783151493515 -0.15373937187241574 -0.074170969969187026 0.27026164980232714 0.031979304940804192 -0.156873126745224 -0.086643831849098199 -0.34682449455261227 0.31631892654402505 0.056043001187258759 -0.20736856796020686 0.13908184985319774 -0.24572357296943664 0.12586149014366999 0.24029113090955295 0.071505986224202553 0.23125851941108702 -0.40041646812020276 -0.13238804938215198 -0.1786500651653736
leaf_weight=29 42 28 26 37 43 51 39 30 46 25 30 25 29 29 43 33 32 45 26 34 30 41 33 31
leaf_count=29 42 28 26 37 43 51 39 30 46 25 30 25 29 29 43 33 32 45 26 34 30 41 33 31
internal_value=-0.00980469 -0.0300436 -0.0776164 -0.163493 -0.0448124 0.0179071 -0.229123 0.00626882 0.0464779 -0.058614 0.00979203 -0.263073 0.19218 -0.0580747 -0.296934 0.137325 -0.336233 0.0784046 0.183683 0.0226702 0.273068 -0.380116 -0.110605 -0.168928
internal_weight=857 828 682 337 120 94 217 345 213 132 183 178 146 92 141 87 98 91 59 76 59 66 63 56
internal_count=857 828 682 337 120 94 217 345 213 132 183 178 146 92 141 87 98 91 59 76 59 66 63 56
is_linear=0
shrinkage=0.04


Tree=13
num_leaves=25
num_cat=0
split_feature=4 4 3 7 4 4 4 8 7 7 4 5 7 7 7 8 4 5 0 7 8 7 0 7
split_gain=7208.24 2740.55 2116.79 1584.82 1102.23 1297.5 1061.18 1153.34 863.322 1679.97 601.665 432.752 347.321 315.901 531.754 314.474 276.494 246.72 210.54 207.244 284.451 203.507 272.526 50.6012
threshold=-0.18419177575400311 2.3127876754130554 1.0000000180025095e-35 1.4375614829875671 1.0216665933461864 1.2652743446795578 -0.82975231678743755 -0.63134183865453442 0.55861543405600889 1.0000000180025095e-35 0.047235588012699836 0.67499283280135014 -0.61331263118606871 0.55861543405600889 -0.32033061487554942 1.0000000180025095e-35 -0.45216030222071174 1.1378206180301593 0.74913504757291582 1.1445794666770477 1.0000000180025095e-35 0.55861543405600889 -1.0000000180025095e-35 -0.90629464749658817
decision_type=2 2 2 2 2 2 2 2 2 2 2 2 2 2 2 2 2 2 2 2 2 2 2 2
left_child=6 2 3 4 10 -6 12 8 9 16 11 -2 -1 14 17 -16 -8 -9 19 20 23 22 -14 -12
right_child=1 -3 -4 -5 5 -7 7 13 -10 -11 18 -13 21 -15 15 -17 -18 -19 -20 -21 -22 -23 -24 -25
leaf_value=-0.075491610279789678 -0.0052023019693618602 0.51605210509300237 0.3719485514067315 0.26513385563480613 0.36440017091816873 0.012993659436702729 -0.14613101358413697 -0.029731212637641211 -0.18131120872497558 0.32079231208370579 -0.14055410438113744 0.19474364786312501 -0.34098276183718723 -0.026364438980817795 -0.31100199914255805 -0.13874837228230066 0.035391687648049716 -0.18161911938871658 0.010323214676645067 0.0017450313321475325 -0.034118273920483062 -0.15831571570038797 -0.20077062462238554 -0.21799554895471646
leaf_weight=27 43 25 37 49 29 40 25 44 25 31 27 29 42 32 43 28 29 28 45 29 36 40 47 27
leaf_count=27 43 25 37 49 29 40 25 44 25 31 27 29 42 32 43 28 29 28 45 29 36 40 47 27
internal_value=-0.0094125 0.110029 0.0840689 0.0539797 0.0200566 0.160686 -0.122083 -0.0761767 0.025317 0.0860899 -0.0210597 0.0753315 -0.205951 -0.139973 -0.165395 -0.243071 -0.0486466 -0.0887987 -0.0633777 -0.0912478 -0.121212 -0.233257 -0.266938 -0.179275
internal_weight=857 416 391 354 305 69 441 285 110 85 236 72 156 175 143 71 54 72 164 119 90 129 89 54
internal_count=857 416 391 354 305 69 441 285 110 85 236 72 156 175 143 71 54 72 164 119 90 129 89 54
is_linear=0
shrinkage=0.04


Tree=14
num_leaves=26
num_cat=0
split_feature=4 2 4 7 5 4 9 4 6 6 4 4 5 9 4 5 6 4 0 6 9 6 9 4 4
split_gain=6643.11 3174.46 1906.71 1485.14 1036.49 987.561 908.883 773.431 748.753 1295.01 803.356 686.951 616.507 479.055 427.054 433.087 380.145 590.868 625.144 250.026 264.718 226.589 211.059 201.185 156.763
threshold=-0.18419177575400311 -1.6916913147484629 1.0216665933461864 1.4375614829875671 1.0000000180025095e-35 -0.69576805355408322 -0.6874383137496024 2.0082779862463411 0.41619542800520609 -0.26594057770289742 -0.29381526385402029 -0.46434068978738036 1.0000000180025095e-35 0.79077140806571256 0.047235588012699836 0.67499283280135014 -0.72069791484163315 -0.96373658002079188 -1.0000000180025095e-35 0.75726343085925796 -1.0905864196992339 -0.15225124341821353 0.85796275905731789 -1.2195247189208318 -0.93937580488745476
decision_type=2 2 2 2 2 2 2 2 2 2 2 2 2 2 2 2 2 2 2 2 2 2 2 2 2
left_child=5 -2 3 14 7 6 -1 22 9 10 11 -7 -10 16 15 -3 24 23 -19 20 -16 -22 -4 -18 -8
right_child=1 2 4 -5 -6 8 13 -9 12 -11 -12 -13 -14 -15 19 -17 17 18 -20 -21 21 -23 -24 -25 -26
leaf_value=-0.0063020371219941551 0.53357880872029528 -0.011270940277311537 -0.020113236379623412 0.25816215018968325 0.43406329115231834 -0.12594103262538003 -0.25463946249336006 0.33382081451416012 -0.28246609255245753 0.1728773610856798 -0.26707392045429773 0.11400285658666066 -0.025323918415949893 -0.052731794027181769 -0.10588510183911576 0.18695390545088672 -0.20134630715405499 -0.23317872157463662 0.046963373613357541 -0.12604672819375992 -0.035546439910928408 0.097207319868935479 0.13500197960296645 -0.34960716173052786 -0.39364465554555261
leaf_weight=42 26 45 25 37 27 42 25 25 35 45 28 35 26 26 38 29 27 26 25 48 48 36 32 32 27
leaf_count=42 26 45 25 37 27 42 25 25 35 45 28 35 26 26 38 29 27 26 25 48 48 36 32 32 27
internal_value=-0.009036 0.105628 0.0770982 0.0220136 0.219105 -0.1172 -0.174532 0.148326 -0.054705 -0.00665341 -0.0835952 -0.0168756 -0.172865 -0.212116 -0.0137958 0.0664118 -0.237696 -0.195567 -0.0958542 -0.0487097 -0.018282 0.021348 0.066969 -0.281759 -0.326815
internal_weight=857 416 390 281 109 441 230 82 211 150 105 77 61 188 244 74 162 110 51 170 122 84 57 59 52
internal_count=857 416 390 281 109 441 230 82 211 150 105 77 61 188 244 74 162 110 51 170 122 84 57 59 52
is_linear=0
shrinkage=0.04


Tree=15
num_leaves=25
num_cat=0
split_feature=2 7 7 4 4 8 6 6 7 4 7 5 7 6 4 6 4 1 7 7 4 4 4 6
split_gain=7450.96 5701.31 2791.54 1205.37 963.824 935.584 1514.42 1315 863.725 921.309 668.211 805.544 628.812 539.518 504.414 378.809 289.069 187.814 303.803 183.529 130.24 110.953 102.312 54.4175
threshold=-2.9592882694284057 1.1445794666770477 -0.32033061487554942 0.21167082016272562 1.0216665933461864 -0.63134183865453442 0.52988476228989012 -0.37962991198758139 1.4375614829875671 0.27866295177940287 -1.1992766638071075 1.1378206180301593 -1.4922586801176267 1.0000000180025095e-35 -0.31817603898735741 0.30250609372052223 -0.24509371358734597 1.0000000180025095e-35 0.55861543405600889 1.0000000180025095e-35 -0.82975231678743755 0.047235588012699836 0.75369806687947738 -0.26594057770289742
decision_type=2 2 2 2 2 2 2 2 2 2 2 2 2 2 2 2 2 2 2 2 2 2 2 2
left_child=-1 2 4 5 10 6 7 -4 22 -10 12 15 -2 -5 -13 16 -12 18 19 -7 -21 -16 -3 -19
right_child=1 8 3 13 -6 17 -8 -9 9 -11 11 14 -14 -15 21 -17 -18 23 -20 20 -22 -23 -24 -25
leaf_value=0.63578427873808763 0.012016749509224078 0.070212713999625961 -0.10705685505270958 0.17052987347841264 0.1973991091336523 -0.20804318196633284 -0.30990450628872579 0.25835159265078028 0.16625092771318223 0.45048233496176232 0.12848190769553186 -0.15253439895311993 -0.20453993422455261 -0.092259659194946289 0.091648435211181656 0.19766134216671899 -0.02969156077033595 -0.20698356535434723 -0.15877682911025154 -0.38224481090422602 -0.27039439200527138 -0.027523753356933595 0.16846755282084147 -0.13016378389464486
leaf_weight=29 41 39 40 25 42 34 29 26 36 37 36 45 45 25 25 42 38 25 45 31 36 25 30 36
leaf_count=29 41 39 40 25 42 34 29 26 36 37 36 45 45 25 25 42 38 25 45 31 36 25 30 36
internal_value=0.00550082 -0.0164418 -0.0638802 -0.142779 0.0180444 -0.172898 -0.0689722 0.0368919 0.214403 0.310313 -0.00731884 0.0309854 -0.101298 0.0391351 -0.0553782 0.101714 0.0472577 -0.220593 -0.245221 -0.283735 -0.322146 0.0320623 0.112932 -0.161647
internal_weight=862 833 691 352 339 302 95 66 142 73 297 211 86 50 95 116 74 207 146 101 67 50 69 61
internal_count=862 833 691 352 339 302 95 66 142 73 297 211 86 50 95 116 74 207 146 101 67 50 69 61
is_linear=0
shrinkage=0.04


Tree=16
num_leaves=26
num_cat=0
split_feature=4 9 3 7 4 9 5 9 9 6 6 5 5 4 7 6 6 6 6 9 6 6 6 4 4
split_gain=4977.39 2523.19 2078.15 2393.16 1130.9 917.527 910.829 1767.97 727.961 567.029 853.771 917.373 412.452 346.944 337.79 518.37 261.011 445.941 239.019 181.088 161.571 142.343 133.774 131.034 21.7324
threshold=0.010694425312694102 1.2611108650069494 1.0000000180025095e-35 1.4375614829875671 1.7524898473463006 -0.55305561176639195 1.0000000180025095e-35 -0.6874383137496024 -1.157777770690839 0.075127425151154323 -0.26594057770289742 -0.25066273765626779 1.1378206180301593 0.66843535391279729 0.55861543405600889 -0.72069791484163315 1.0983314337133099 0.52988476228989012 -0.37962991198758139 -0.82182101573281285 -0.15225124341821353 0.41619542800520609 1.0000000180025095e-35 -0.6714072784207461 -0.52524262762072316
decision_type=2 2 2 2 2 2 2 2 2 2 2 2 2 2 2 2 2 2 2 2 2 2 2 2 2
left_child=1 5 3 4 6 8 13 -8 20 10 11 -7 16 21 15 23 17 -11 -9 24 -1 -2 -15 -13 -10
right_child=2 -3 -4 -5 -6 9 7 18 19 12 -12 14 -14 22 -16 -17 -18 -19 -20 -21 -22 -23 -24 -25 -26
leaf_value=-0.059629624909881891 0.075036236139444212 0.25292521072758567 0.42845768458915479 0.35909414919498178 0.2494470349638849 0.043373837226476419 0.32726265103476387 -0.12238156307935714 0.13450774674232188 -0.15184549490610758 0.086490418393360941 -0.36458805872843819 -0.0407920935520759 -0.064349248365119655 -0.069452749006450182 -0.10023405381642719 -0.13899863057810327 -0.33892993904174645 0.035282582700252536 -0.0053740970905010524 -0.19695064260409428 -0.05732347855201135 -0.18285142549553088 -0.23759512604429173 0.082789687709166448
leaf_weight=29 26 36 33 46 37 39 35 25 26 36 38 26 26 27 32 34 46 47 40 39 26 26 35 26 26
leaf_count=29 26 36 33 46 37 39 35 25 26 36 38 26 26 27 32 34 46 47 40 39 26 26 35 26 26
internal_value=0.00528079 -0.0704214 0.127322 0.0938624 0.0452542 -0.0938901 0.00994981 0.0980596 -0.00965639 -0.129028 -0.0836359 -0.124813 -0.186133 -0.0673395 -0.1804 -0.221683 -0.215427 -0.257785 -0.0253575 0.0597818 -0.124545 0.00885638 -0.131246 -0.301092 0.108649
internal_weight=862 532 330 297 251 496 214 100 146 350 195 157 155 114 118 86 129 83 65 91 55 52 62 52 52
internal_count=862 532 330 297 251 496 214 100 146 350 195 157 155 114 118 86 129 83 65 91 55 52 62 52 52
is_linear=0
shrinkage=0.04


Tree=17
num_leaves=26
num_cat=0
split_feature=2 7 7 4 4 5 8 6 6 7 4 7 7 5 6 4 4 6 7 0 7 7 0 4 4
split_gain=6624.59 4922.7 2413.55 999.743 869.878 1443.63 851.278 1337.85 1196.4 698.087 829.372 459.189 733.132 652.102 453.485 400.058 358.48 421.123 212.174 176.116 266.266 168.999 133.097 119.744 94.8558
threshold=-2.9592882694284057 1.1445794666770477 -0.32033061487554942 0.21167082016272562 0.75369806687947738 -0.71349052288507664 -0.63134183865453442 0.52988476228989012 -0.37962991198758139 1.4375614829875671 0.27866295177940287 -1.1992766638071075 -1.4922586801176267 1.1378206180301593 1.0000000180025095e-35 -0.31817603898735741 -0.24509371358734597 -0.26594057770289742 -0.90629464749658817 0.74913504757291582 0.55861543405600889 1.0000000180025095e-35 1.2485584126215263 -0.82975231678743755 0.75369806687947738
decision_type=2 2 2 2 2 2 2 2 2 2 2 2 2 2 2 2 2 2 2 2 2 2 2 2 2
left_child=-1 2 4 6 11 -6 7 8 -4 24 -11 12 -2 16 -5 -15 18 -18 -13 20 21 -8 -21 -23 -3
right_child=1 9 3 14 5 -7 19 -9 -10 10 -12 13 -14 15 -16 -17 17 -19 -20 22 -22 23 -24 -25 -26
leaf_value=0.5993745845761792 0.033849092572927474 0.066525547947639069 -0.099163258016109479 0.15307269754409789 -0.011178382481847491 0.38680054235458372 -0.19326020731645471 -0.28781187308245693 0.24937727524684025 0.14842219392458597 0.41809927258137108 0.082505139907201139 -0.21496602725982666 -0.14549219424857035 -0.087854732131958005 0.020518429378668466 -0.10537545891908499 0.11818547402109418 0.23862297701219526 -0.09078395956946958 -0.14890985472334756 -0.36037914972151475 -0.20897030580043793 -0.25313043599327406 0.16113262383143107
leaf_weight=29 36 39 40 25 35 25 34 29 26 36 37 30 40 45 25 48 26 28 26 31 45 31 30 36 30
leaf_count=29 36 39 40 25 35 25 34 29 26 36 37 30 40 45 25 48 26 28 26 31 45 31 30 36 30
internal_value=0.00506956 -0.0156205 -0.0597008 -0.133064 0.0164756 0.154646 -0.160493 -0.0613607 0.0381406 0.198883 0.285108 -0.0132385 -0.0971062 0.0181602 0.032609 -0.0598093 0.0840798 0.010545 0.154988 -0.205989 -0.229837 -0.265894 -0.148908 -0.302753 0.107659
internal_weight=862 833 691 352 339 60 302 95 66 142 73 279 76 203 50 93 110 54 56 207 146 101 61 67 69
internal_count=862 833 691 352 339 60 302 95 66 142 73 279 76 203 50 93 110 54 56 207 146 101 61 67 69
is_linear=0
shrinkage=0.04


Tree=18
num_leaves=26
num_cat=0
split_feature=2 9 9 4 4 6 6 4 5 9 4 4 5 5 9 4 6 6 6 5 4 4 4 6 6
split_gain=6105.22 4713.78 2527.66 764.719 1179.75 721.132 1132.72 1112.05 792.614 653.181 560.076 465.327 462.078 683.767 558.885 416.371 316.042 352.156 267.158 414.481 258.719 145.328 69.2671 49.5238 41.233
threshold=-2.9592882694284057 1.1267281630237389 -0.35148155879157633 0.75369806687947738 1.125199887662869 0.075127425151154323 -0.26594057770289742 0.083776750712705572 -0.25066273765626779 1.4626849179817649 0.27866295177940287 1.0338469809128548 -0.25066273765626779 1.1378206180301593 -1.4265431746572599 -0.31817603898735741 1.0983314337133099 0.52988476228989012 -0.72069791484163315 1.0000000180025095e-35 -0.24509371358734597 -0.68358766598741461 -0.63486611572074036 1.4393994365673617 1.0000000180025095e-35
decision_type=2 2 2 2 2 2 2 2 2 2 2 2 2 2 2 2 2 2 2 2 2 2 2 2 2
left_child=-1 2 3 12 -5 6 7 8 -4 11 -11 24 14 20 -2 -15 17 -7 19 -10 21 -14 -19 -18 -3
right_child=1 9 5 4 -6 16 -8 -9 18 10 -12 -13 13 15 -16 -17 23 22 -20 -21 -22 -23 -24 -25 -26
leaf_value=0.5753995978421178 0.027431091248989105 0.015375153422355653 -0.012757050786699569 0.33945782901985305 -0.018738508993579494 -0.15675916428151337 0.11845283538908571 0.11108742413612513 -0.38640451062110159 0.16662148082628847 0.40148091301773536 0.25120570430049188 0.091879236143827439 -0.15091653940005181 -0.17501615648468336 0.026747074800988903 -0.093320991183217197 -0.26423336357905947 -0.13423552562450541 -0.18555561263220649 0.031881480267707339 0.22571896600502508 -0.35414566553555998 -0.16576876252889633 0.085473929119110115
leaf_weight=29 40 29 35 28 31 46 37 26 31 32 33 27 25 39 48 46 36 29 29 35 47 27 26 26 25
leaf_count=29 40 29 35 28 31 46 37 26 31 32 33 27 25 39 48 46 36 29 29 35 47 27 26 26 25
internal_value=0.00486677 -0.0149957 -0.0588609 0.0207095 0.151253 -0.132844 -0.0805248 -0.127718 -0.175479 0.191411 0.285858 0.115621 -0.00760694 0.0284481 -0.0829947 -0.0547692 -0.194792 -0.23843 -0.23543 -0.279894 0.0998972 0.161373 -0.306737 -0.123702 0.0478283
internal_weight=862 833 687 331 59 356 193 156 130 146 65 81 272 184 88 85 163 101 95 66 99 52 55 62 54
internal_count=862 833 687 331 59 356 193 156 130 146 65 81 272 184 88 85 163 101 95 66 99 52 55 62 54
is_linear=0
shrinkage=0.04


Tree=19
num_leaves=26
num_cat=0
split_feature=2 9 9 9 4 9 6 6 4 5 9 5 4 4 4 4 9 6 0 6 5 4 0 6 6
split_gain=5626.57 4344.22 2329.49 724.708 1586.69 1185.8 664.595 1043.92 1024.86 730.473 601.972 533.608 516.166 454.245 429.278 428.845 361.314 291.265 351.455 246.213 381.986 150.833 127.462 45.6412 38.0003
threshold=-2.9592882694284057 1.1267281630237389 -0.35148155879157633 -1.157777770690839 0.49790992797943717 -1.4265431746572599 0.075127425151154323 -0.26594057770289742 0.083776750712705572 -0.25066273765626779 1.4626849179817649 1.1378206180301593 0.27866295177940287 -0.23291332602067741 -0.31817603898735741 1.0338469809128548 -1.2921604726740494 1.0983314337133099 -1.0000000180025095e-35 -0.72069791484163315 1.0000000180025095e-35 -0.58614456545406601 1.0000000180025095e-35 1.4393994365673617 1.0000000180025095e-35
decision_type=2 2 2 2 2 2 2 2 2 2 2 2 2 2 2 2 2 2 2 2 2 2 2 2 2
left_child=-1 2 3 5 11 22 7 8 9 -4 15 13 -12 -5 -13 24 -7 18 -8 20 -11 -20 -2 -19 -3
right_child=1 10 6 4 -6 16 17 -9 -10 19 12 14 -14 -15 -16 -17 -18 23 21 -21 -22 -23 -24 -25 -26
leaf_value=0.55238361841645733 0.016584314640079225 0.014760147661998355 -0.012246767452784949 0.1763236345661183 0.36665171699523924 -0.26841586172580717 -0.31733060314541772 0.11371472278156797 0.10664392858743668 -0.37094832651076781 0.15995661790017038 -0.14487988161735046 0.38542167561523843 -0.0026838110214055973 0.040494732100789139 0.2411574755774604 -0.078240335910551004 -0.089588152195016535 -0.11109584527857164 -0.12886610787490319 -0.1781333829845701 -0.24052292881011963 0.12561666677738059 -0.15913801748018999 0.082054969024658198
leaf_weight=29 42 29 35 48 25 33 42 37 26 31 32 39 33 43 41 27 31 36 34 29 35 25 29 26 25
leaf_count=29 42 29 35 48 25 33 42 37 26 31 32 39 33 43 41 27 31 36 34 29 35 25 29 26 25
internal_value=0.0046721 -0.0143959 -0.0565065 0.0198811 0.069002 -0.0514352 -0.12753 -0.0773038 -0.122609 -0.16846 0.183755 0.025486 0.274423 0.0917377 -0.0498754 0.110996 -0.1763 -0.187 -0.228893 -0.226012 -0.268698 -0.165938 0.0611187 -0.118754 0.0459152
internal_weight=862 833 687 331 196 135 356 193 156 130 146 171 65 91 80 81 64 163 101 95 66 59 71 62 54
internal_count=862 833 687 331 196 135 356 193 156 130 146 171 65 91 80 81 64 163 101 95 66 59 71 62 54
is_linear=0
shrinkage=0.04


Tree=20
num_leaves=25
num_cat=0
split_feature=2 9 9 6 9 6 6 4 5 9 6 9 9 6 5 9 4 4 9 4 4 4 4 6
split_gain=6674.32 3096.02 1117.63 1028.96 1068.67 693.418 773.569 879.347 750.144 642.732 630.571 537.201 476.228 455.521 404.769 324.389 288.273 597.102 316.41 214.387 319.939 184.184 171.03 60.14
threshold=-2.9592882694284057 1.1267281630237389 -0.6874383137496024 -0.83438724912631701 -1.157777770690839 -1.4028339205497364 0.52988476228989012 -1.1342620059541517 -0.25066273765626779 -0.88901236672441819 1.0000000180025095e-35 -1.5609258766404703 -0.14990750581676068 0.98464209942862591 -0.25066273765626779 0.3876233021160812 0.095957138279374146 0.65625496634612879 1.3954935669901598 -0.15983100062066594 0.48572954041276867 0.18121985124605419 -0.73230921625408896 -0.72069791484163315
decision_type=2 2 2 2 2 2 2 2 2 2 2 2 2 2 2 2 2 2 2 2 2 2 2 2
left_child=-1 2 3 4 -2 -4 7 -7 15 11 21 -5 -8 -14 -15 -9 -3 -18 -19 -13 -21 22 -10 -24
right_child=1 16 5 9 -6 6 12 8 10 -11 -12 19 13 14 -16 -17 17 18 -20 20 -22 -23 23 -25
leaf_value=0.60565040818576155 0.019577051550149917 0.24627976377095498 -0.26341895241628993 0.080431704521179204 0.34870570566919112 -0.25253143663406374 -0.038682799846568007 0.036869020303090416 -0.043921392612597518 0.1372405194467114 0.1043740257535662 -0.176015717459888 -0.29568003439321749 -0.018530480066935223 -0.22463476412959638 0.23196288582980631 -0.017708737091584638 0.10040219485759735 0.27564609680105656 0.014211607764406902 -0.14689882852529226 -0.0031628962486020978 -0.19902411852564134 -0.11875228263437748
leaf_weight=29 38 42 33 33 27 25 47 30 34 31 35 41 41 30 31 25 33 32 34 41 38 31 28 32
leaf_count=29 38 42 33 33 27 25 47 30 34 31 35 41 41 30 31 25 33 32 34 41 38 31 28 32
internal_value=0.00937818 -0.0119173 -0.0477213 0.0194842 0.156292 -0.0873758 -0.0724415 -0.0279966 -0.00188787 -0.0288447 -0.045694 -0.0624959 -0.144031 -0.192573 -0.123272 0.125548 0.158469 0.121217 0.190679 -0.101801 -0.0632846 -0.087713 -0.115597 -0.156212
internal_weight=841 812 671 249 65 422 389 240 215 184 160 153 149 102 61 55 141 99 66 120 79 125 94 60
internal_count=841 812 671 249 65 422 389 240 215 184 160 153 149 102 61 55 141 99 66 120 79 125 94 60
is_linear=0
shrinkage=0.04


Tree=21
num_leaves=25
num_cat=0
split_feature=2 7 9 4 9 9 9 7 0 4 4 4 5 5 4 0 4 5 4 9 0 9 0 4
split_gain=6151.05 3438.48 1042.76 753.212 800.65 635.913 813.599 436.329 395.741 437.509 386.067 521.722 359.261 680.803 257.846 240.615 201.888 134.466 125.126 114.535 398.181 201.564 75.0014 44.4299
threshold=-2.9592882694284057 1.1445794666770477 0.11885789814966023 1.0216665933461864 1.0000000180025095e-35 0.32043195112447598 0.45481465310768643 -0.32033061487554942 -0.7491350475729156 0.12031791341271131 0.30302372691273999 -0.45216030222071174 -0.25066273765626779 1.1378206180301593 -0.79321115408743181 1.0000000180025095e-35 0.69279612904613452 -0.25066273765626779 0.64407457877946017 -0.82182101573281285 1.0000000180025095e-35 -1.4265431746572599 1.0000000180025095e-35 -0.098929062787323066
decision_type=2 2 2 2 2 2 2 2 2 2 2 2 2 2 2 2 2 2 2 2 2 2 2 2
left_child=-1 2 3 4 7 -4 -7 10 -3 -10 11 12 -2 -14 -9 -11 17 -8 -12 21 -21 -13 -19 -23
right_child=1 8 5 -5 -6 6 16 14 9 15 18 19 13 -15 -16 -17 -18 22 -20 20 -22 23 -24 -25
leaf_value=0.58142438888549808 -0.19609715512820652 0.28164991698767011 -0.25318873364395567 0.15242889454960823 0.15955405011321561 0.091151024173287784 -0.10152370978956637 -0.044060110729187731 0.25096187081187965 -0.018238947029624666 -0.16262667376654488 0.098708824700322634 0.12204247747148786 -0.14612093278855989 -0.1925868522591061 0.13629461068856089 -0.045378872494439823 -0.15489406733094035 -0.049180010344300959 0.1685864474585182 -0.030206758933407917 -0.068314166598849826 -0.24354377728242141 0.0042514006738309509
leaf_weight=29 28 38 45 40 33 34 46 32 32 28 35 29 28 33 45 38 37 37 28 38 28 27 26 27
leaf_count=29 28 38 45 40 33 34 46 32 32 28 35 29 28 33 45 38 37 37 28 38 28 27 26 27
internal_value=0.00900306 -0.0114406 -0.0483605 -0.0132706 -0.029397 -0.118696 -0.0850733 -0.0458928 0.172073 0.129585 -0.0241566 -0.000849432 -0.0774778 -0.0230295 -0.130861 0.0707349 -0.126112 -0.153517 -0.112206 0.0449219 0.0842499 0.0136489 -0.19148 -0.0320314
internal_weight=841 812 676 451 411 225 180 378 136 98 301 238 89 61 77 66 146 109 63 149 66 83 63 54
internal_count=841 812 676 451 411 225 180 378 136 98 301 238 89 61 77 66 146 109 63 149 66 83 63 54
is_linear=0
shrinkage=0.04


Tree=22
num_leaves=24
num_cat=0
split_feature=2 7 9 4 9 9 9 7 0 4 7 9 4 4 9 4 0 4 6 0 9 4 6
split_gain=5668.81 3168.9 961.012 694.16 737.879 586.057 749.813 402.12 364.715 403.209 359.205 592.119 444.947 477.91 742.649 237.631 221.751 186.06 145.679 101.069 58.1659 54.0246 37.2262
threshold=-2.9592882694284057 1.1445794666770477 0.11885789814966023 1.0216665933461864 1.0000000180025095e-35 0.32043195112447598 0.45481465310768643 -0.32033061487554942 -0.7491350475729156 0.12031791341271131 -1.1992766638071075 -1.4265431746572599 0.19340023881272278 -0.18419177575400311 -0.6874383137496024 -0.79321115408743181 1.0000000180025095e-35 0.69279612904613452 1.0983314337133099 1.0000000180025095e-35 -0.9562037177160233 -0.59832495302073463 0.18881675943583826
decision_type=2 2 2 2 2 2 2 2 2 2 2 2 2 2 2 2 2 2 2 2 2 2 2
left_child=-1 2 3 4 7 -4 -7 10 -3 -10 11 22 13 14 20 -9 -11 18 21 -15 -12 -8 -2
right_child=1 8 5 -5 -6 6 17 15 9 16 12 -13 -14 19 -16 -17 -18 -19 -20 -21 -22 -23 -24
leaf_value=0.55816741910474055 0.026924190432937058 0.2703839251242186 -0.24306118837992352 0.14633172971010208 0.15317188743389015 0.087504987015443694 -0.14431492892296419 -0.042297707181423901 0.24092339389026166 -0.017509388838495527 0.043871271610260013 -0.21263970192219758 -0.10194744399253358 0.19343437103124764 -0.12502690599889171 -0.18488337818781536 0.13084282780948439 -0.043563718183620558 -0.064753675094017624 0.081903089697544382 0.12340664421358417 -0.20924039769817043 -0.03781682260831197
leaf_weight=29 27 38 45 40 33 34 46 32 32 28 28 37 47 26 49 45 38 37 26 26 31 37 30
leaf_count=29 27 38 45 40 33 34 46 32 32 28 28 37 47 26 49 45 38 37 26 26 31 37 30
internal_value=0.00864294 -0.0109829 -0.0464261 -0.0127398 -0.0282212 -0.113949 -0.0816704 -0.0440571 0.16519 0.124401 -0.0231903 -0.0880343 0.00625569 0.0380404 -0.00992886 -0.125627 0.0679055 -0.121067 -0.147376 0.137669 0.085661 -0.173258 -0.00715003
internal_weight=841 812 676 451 411 225 180 378 136 98 301 94 207 160 108 77 66 146 109 52 59 83 57
internal_count=841 812 676 451 411 225 180 378 136 98 301 94 207 160 108 77 66 146 109 52 59 83 57
is_linear=0
shrinkage=0.04


Tree=23
num_leaves=25
num_cat=0
split_feature=2 9 9 4 9 9 9 9 5 9 4 4 4 4 4 9 4 4 6 4 5 6 5 4
split_gain=5224.38 2409.79 903.352 660.303 664.954 547.611 683.055 362.745 357.924 399.731 344.388 281.399 279.674 226.414 542.007 282.321 226.354 192.071 142.821 135.671 130.049 114.768 77.3363 10.8551
threshold=-2.9592882694284057 1.1267281630237389 0.11885789814966023 1.0216665933461864 1.0000000180025095e-35 0.32043195112447598 0.45481465310768643 -0.35148155879157633 -0.25066273765626779 -0.6874383137496024 -0.18419177575400311 -0.45216030222071174 -0.24509371358734597 0.095957138279374146 0.65625496634612879 1.3954935669901598 0.32738450204607711 0.69279612904613452 0.075127425151154323 -0.79321115408743181 -0.25066273765626779 0.075127425151154323 0.67499283280135014 -0.038027124953980203
decision_type=2 2 2 2 2 2 2 2 2 2 2 2 2 2 2 2 2 2 2 2 2 2 2 2
left_child=-1 2 3 4 7 -4 -7 8 11 12 -11 -2 -10 -3 -15 -16 23 20 -14 -9 -8 -22 -21 -13
right_child=1 13 5 -5 -6 6 17 19 9 10 -12 16 18 14 15 -17 -18 -19 -20 22 21 -23 -24 -25
leaf_value=0.53584072228135737 -0.18621169494731085 0.21759936055257206 -0.23333874204423694 0.14315220219333 0.14704501014767271 0.084004787697511574 -0.092070916811625172 -0.048725852243828048 0.13970928476211872 -0.13081935815158344 0.030220899692801541 -0.0065607257989736701 -0.056420721496854516 -0.02559708761446404 0.087668815851211543 0.25320345817681622 -0.13001307947295052 -0.034958381363323757 0.073772035195277294 -0.2012783769460825 -0.13283293014222924 -0.2452037369287931 -0.10462409928992943 0.03035452308654785
leaf_weight=29 28 42 45 41 33 34 45 33 47 42 43 26 28 33 32 34 28 35 26 26 33 26 27 25
leaf_count=29 28 42 45 41 33 34 45 33 47 42 43 26 28 33 32 34 28 35 26 26 33 26 27 25
internal_value=0.00829722 -0.0105436 -0.0421315 -0.00993512 -0.0251695 -0.109035 -0.0767015 -0.0401645 -0.0189635 0.0145684 -0.0493519 -0.0772524 0.0683627 0.139779 0.106764 0.172944 -0.0386339 -0.116011 0.00626468 -0.112396 -0.143288 -0.182352 -0.152039 0.011535
internal_weight=841 812 671 453 412 218 173 379 293 186 85 107 101 141 99 66 79 139 54 86 104 59 53 51
internal_count=841 812 671 453 412 218 173 379 293 186 85 107 101 141 99 66 79 139 54 86 104 59 53 51
is_linear=0
shrinkage=0.04


Tree=24
num_leaves=27
num_cat=0
split_feature=3 7 9 6 6 6 6 9 9 8 0 9 7 0 0 6 5 6 0 0 5 5 9 5 6 5
split_gain=2993.34 2633.8 931.719 595.025 808.599 1651.5 791.55 567.958 546.789 479.777 460.928 620.004 1245.54 405.405 832.949 337.652 294.388 320.807 285.213 226.8 147.388 114.159 97.4116 56.1028 145.598 37.1573
threshold=1.0000000180025095e-35 1.1445794666770477 0.11885789814966023 0.87095276514394182 -1.2891445862650526 -0.83438724912631701 -1.0617659176956848 0.79077140806571256 -0.62024696275799729 1.0000000180025095e-35 1.2485584126215263 0.3876233021160812 0.55861543405600889 0.74913504757291582 1.2485584126215263 0.30250609372052223 0.67499283280135014 -0.37962991198758139 -0.7491350475729156 1.0000000180025095e-35 1.0000000180025095e-35 1.0000000180025095e-35 1.3954935669901598 -0.25066273765626779 0.18881675943583826 -0.25066273765626779
decision_type=2 2 2 2 2 2 2 2 2 2 2 2 2 2 2 2 2 2 2 2 2 2 2 2 2 2
left_child=1 2 3 4 8 6 -6 -2 -1 21 11 25 -13 15 -15 16 17 -7 -3 -20 -17 -5 -21 -14 -25 -4
right_child=7 18 10 9 5 13 -8 -9 -10 -11 -12 12 23 14 -16 20 -18 -19 19 22 -22 -23 -24 24 -26 -27
leaf_value=-0.0036865888792892982 0.42734099736580483 0.24558688706821866 -0.23956291565528282 -0.20879117316669887 0.089592578862164471 -0.044818284050110846 0.36607981352011365 0.17191514115532239 -0.25150248276335851 0.02414642754723044 -0.26068814261754353 0.19823562957622387 -0.069807686010996503 0.21963935132949583 -0.076020685275395711 -0.030087100598547193 -0.00091034290118095209 -0.22036270823743606 0.040658948788419365 0.1126289826631546 0.10334486502867479 -0.10407342891058613 0.21630572721875946 -0.080308369125106513 -0.20669736652374268 -0.17256648611139369
leaf_weight=29 26 36 26 36 37 31 30 30 28 34 30 27 36 31 30 27 39 36 40 29 26 31 29 35 25 27
leaf_count=29 26 36 26 36 37 31 30 30 28 34 30 27 36 31 30 27 39 36 40 29 26 31 29 35 25 27
internal_value=0.00796533 -0.0121904 -0.0454318 -0.0128732 0.0121896 0.0395199 0.213393 0.290506 -0.125421 -0.0982354 -0.115765 -0.0910618 -0.04178 -0.0134323 0.0742328 -0.0470649 -0.0882823 -0.139141 0.149303 0.113933 0.0353701 -0.16034 0.164467 -0.109284 -0.13297 -0.205433
internal_weight=841 785 651 445 344 287 67 56 57 101 206 176 123 220 61 159 106 67 134 98 53 67 58 96 60 53
internal_count=841 785 651 445 344 287 67 56 57 101 206 176 123 220 61 159 106 67 134 98 53 67 58 96 60 53
is_linear=0
shrinkage=0.04


Tree=25
num_leaves=29
num_cat=0
split_feature=2 9 9 9 6 8 7 9 9 7 7 7 0 9 6 6 6 6 0 9 9 6 6 0 6 8 9 6
split_gain=5149.95 2798.16 969.03 846.042 790.151 743.721 777.058 2035.38 717.833 229.735 216.825 209.27 859.145 268.553 193.311 174.704 170.923 230.772 159.895 159.335 151.933 123.579 108.778 105.378 86.0972 65.728 54.7448 9.99033
threshold=-2.9592882694284057 1.1267281630237389 -0.6874383137496024 -1.157777770690839 -0.83438724912631701 -0.63134183865453442 1.0000000180025095e-35 0.45481465310768643 -1.4265431746572599 -0.32033061487554942 -0.90629464749658817 -0.32033061487554942 -1.0000000180025095e-35 0.45481465310768643 0.75726343085925796 0.52988476228989012 -0.49331924627226525 0.18881675943583826 0.74913504757291582 -1.2921604726740494 0.92515411004892301 0.18881675943583826 0.98464209942862591 1.0000000180025095e-35 1.0000000180025095e-35 1.0000000180025095e-35 -1.5609258766404703 -0.60700858055694906
decision_type=2 2 2 2 2 2 2 2 2 2 2 2 2 2 2 2 2 2 2 2 2 2 2 2 2 2 2 2
left_child=-1 2 3 8 -5 6 9 -8 25 -4 15 12 -7 18 20 -6 23 -18 21 -10 -15 27 -19 -3 -9 26 -2 -13
right_child=1 16 5 4 10 11 7 24 19 -11 -12 13 -14 14 -16 -17 17 22 -20 -21 -22 -23 -24 -25 -26 -27 -28 -29
leaf_value=0.47433373385005523 0.045737946102252368 0.14194932636287477 -0.055207420110702517 0.26742495729077248 0.053812406239686195 0.10435970434120723 0.28322293262732656 -0.050499580717086795 -0.19911717631750636 -0.21050086922115749 0.12181145341308028 -0.23517322100125829 -0.19484645114225502 -0.1054648756980896 -0.18518114236684943 -0.091459012581751903 0.26078087808098643 0.080149075353846841 -0.11586338845583109 -0.081684806989996056 0.016734019429595383 -0.15126486139912759 0.18375062188794539 0.032137916416957457 -0.15446355507924009 0.078954571062518714 -0.03716307601928711 -0.2705874938964844
leaf_weight=36 26 27 35 31 27 28 38 25 36 27 27 26 34 41 26 26 32 34 39 38 27 31 31 29 26 31 25 25
leaf_count=36 26 27 35 31 27 28 38 25 36 27 27 26 34 41 26 26 32 34 39 38 27 31 31 29 26 31 25 25
internal_value=0.00575558 -0.0141369 -0.0482288 0.0115713 0.0959827 -0.0855341 -0.0141182 0.0616172 -0.0484906 -0.122835 0.0295489 -0.124465 -0.0597211 -0.143135 -0.0924144 -0.0174528 0.140725 0.172849 -0.182538 -0.138814 -0.0569447 -0.214249 0.129559 0.0850827 -0.103501 0.0330207 0.00510019 -0.252533
internal_weight=884 848 695 267 111 428 151 89 156 62 80 277 62 215 94 53 153 97 121 74 68 82 65 56 51 82 51 51
internal_count=884 848 695 267 111 428 151 89 156 62 80 277 62 215 94 53 153 97 121 74 68 82 65 56 51 82 51 51
is_linear=0
shrinkage=0.04


Tree=26
num_leaves=29
num_cat=0
split_feature=3 4 5 7 6 5 9 4 1 6 7 9 4 9 5 9 4 9 9 4 4 5 4 9 4 5 4 4
split_gain=3183.77 2651.93 1217.67 1097.73 1060.49 844.376 604.708 485.276 470.285 597.129 397.71 436.754 706.578 655.049 368.664 884.059 365.238 341.55 477.151 234.843 239.062 815.906 147.47 119.784 134.581 110.529 79.4626 40.4025
threshold=1.0000000180025095e-35 0.51009031554610584 1.0000000180025095e-35 1.1445794666770477 -0.60700858055694906 1.0000000180025095e-35 1.2611108650069494 1.7281290722129634 1.0000000180025095e-35 0.87095276514394182 -0.32033061487554942 0.3876233021160812 -0.73230921625408896 0.72358005707410744 1.0000000180025095e-35 0.11885789814966023 -0.93937580488745476 -1.157777770690839 -1.4265431746572599 0.10813752584604273 -0.31817603898735741 1.1378206180301593 -0.45216030222071174 -0.082716154825155472 -0.59832495302073463 -0.71349052288507664 1.0825685311795292 -0.086748675220654506
decision_type=2 2 2 2 2 2 2 2 2 2 2 2 2 2 2 2 2 2 2 2 2 2 2 2 2 2 2 2
left_child=1 6 3 7 -4 -2 8 25 10 14 17 16 -13 -14 15 -10 -12 18 -1 20 21 -19 -16 -18 -25 -3 -5 -8
right_child=5 2 4 26 -6 -7 27 -9 9 -11 11 12 13 -15 22 -17 23 19 -20 -21 -22 -23 -24 24 -26 -27 -28 -29
leaf_value=-0.011149253845214844 0.40837274144093194 -0.065350414654787845 0.45342725138664242 0.22228357970714568 0.12581214599831161 0.10577084197998048 0.11181386365890504 0.096931906437873847 0.22613281461838131 -0.14705595640035776 -0.069101171963142624 -0.19459973916029319 0.1785404253959656 -0.10315899376358305 -0.10577578709043305 -0.068833641594853903 -0.15860213283715505 0.13094403655440717 -0.24293285115559898 -0.11323461970975322 0.087471106866510911 -0.15824867245313284 0.026792305302619935 -0.31561529405655397 -0.19087841396331787 -0.17490921350625846 0.12932114419437224 0.039900617599487306
leaf_weight=27 36 34 25 28 43 25 25 25 37 39 33 39 25 28 29 29 28 27 30 31 41 37 25 31 25 26 31 25
leaf_count=27 36 34 25 28 43 25 25 25 37 39 33 39 25 28 29 29 28 27 30 31 41 37 25 31 25 26 31 25
internal_value=0.00552535 -0.0151413 0.106756 0.0408794 0.246259 0.284356 -0.0574362 -0.0511324 -0.0693162 -0.0110826 -0.0923489 -0.130582 -0.0653732 0.0297181 0.0331087 0.0965263 -0.181857 -0.0509466 -0.133141 -0.0164976 0.0120629 -0.0362455 -0.0444017 -0.226154 -0.259929 -0.112826 0.173439 0.0758572
internal_weight=884 823 212 144 68 61 611 85 561 159 402 209 92 53 120 66 117 193 57 136 105 64 54 84 56 60 59 50
internal_count=884 823 212 144 68 61 611 85 561 159 402 209 92 53 120 66 117 193 57 136 105 64 54 84 56 60 59 50
is_linear=0
shrinkage=0.04


Tree=27
num_leaves=28
num_cat=0
split_feature=3 4 5 7 6 5 9 4 1 6 7 9 4 9 6 5 9 9 9 4 4 5 4 6 5 4 4
split_gain=2934.16 2444.02 1122.2 1011.67 977.349 778.177 557.299 447.23 433.415 550.314 366.53 402.512 651.183 603.694 340.252 339.761 814.748 314.772 439.742 216.431 220.32 751.939 135.908 104.727 101.863 73.2327 37.2349
threshold=1.0000000180025095e-35 0.51009031554610584 1.0000000180025095e-35 1.1445794666770477 -0.60700858055694906 1.0000000180025095e-35 1.2611108650069494 1.7281290722129634 1.0000000180025095e-35 0.87095276514394182 -0.32033061487554942 0.3876233021160812 -0.73230921625408896 0.72358005707410744 -0.49331924627226525 1.0000000180025095e-35 0.11885789814966023 -1.157777770690839 -1.4265431746572599 0.10813752584604273 -0.31817603898735741 1.1378206180301593 -0.45216030222071174 0.30250609372052223 -0.71349052288507664 1.0825685311795292 -0.086748675220654506
decision_type=2 2 2 2 2 2 2 2 2 2 2 2 2 2 2 2 2 2 2 2 2 2 2 2 2 2 2
left_child=1 6 3 7 -4 -2 8 24 10 15 17 14 -13 -14 -12 16 -10 18 -1 20 21 -19 -17 -16 -3 -5 -8
right_child=5 2 4 25 -6 -7 26 -9 9 -11 11 12 13 -15 23 22 -18 19 -20 -21 -22 -23 -24 -25 -26 -27 -28
leaf_value=-0.010703284961205942 0.39203783614767923 -0.062736396999920119 0.43529015178680419 0.21339224423680986 0.12077966041343156 0.10154000511169434 0.10734130835533141 0.093054632174968718 0.21708750489595777 -0.14117371702805545 -0.092797807492315768 -0.18681575237176357 0.17139881267547608 -0.099032633943217138 -0.29685242156982422 -0.10154475639606345 -0.066080297190567544 0.12570627450942992 -0.233215540488561 -0.10870523752704743 0.083972262841899209 -0.15191872435647089 0.025720618700981142 -0.19433041019873187 -0.16791284529062417 0.12414829527178119 0.03830459041595459
leaf_weight=27 36 34 25 28 43 25 25 25 37 39 48 39 25 28 25 29 29 27 30 31 41 37 25 44 26 31 25
leaf_count=27 36 34 25 28 43 25 25 25 37 39 48 39 25 28 25 29 29 27 30 31 41 37 25 44 26 31 25
internal_value=0.00530434 -0.0145356 0.102486 0.0392443 0.236409 0.272981 -0.0551388 -0.0490871 -0.0665435 -0.0106393 -0.0886549 -0.125358 -0.0627582 0.0285294 -0.174582 0.0317844 0.0926653 -0.0489087 -0.127815 -0.0158377 0.0115804 -0.0347957 -0.0426256 -0.231476 -0.108313 0.166501 0.0728229
internal_weight=884 823 212 144 68 61 611 85 561 159 402 209 92 53 117 120 66 193 57 136 105 64 54 69 60 59 50
internal_count=884 823 212 144 68 61 611 85 561 159 402 209 92 53 117 120 66 193 57 136 105 64 54 69 60 59 50
is_linear=0
shrinkage=0.04


Tree=28
num_leaves=27
num_cat=0
split_feature=2 9 9 5 7 5 6 9 6 9 5 9 6 6 9 6 6 6 6 6 6 9 6 5 0 9
split_gain=4286.14 2205.63 789.483 974.665 574.623 444.224 852.291 1406.6 595.062 373.664 318.654 266.971 228.628 224.044 270.675 389.184 429.819 243.605 258.594 202.06 141.06 111.5 106.161 96.1094 70.2479 40.6293
threshold=-2.9592882694284057 1.1267281630237389 -0.6874383137496024 0.67499283280135014 -0.90629464749658817 -0.25066273765626779 -0.49331924627226525 0.18604924914126547 0.52988476228989012 -1.4265431746572599 -0.25066273765626779 -1.2921604726740494 -0.49331924627226525 -1.4028339205497364 0.11885789814966023 1.0000000180025095e-35 -0.83438724912631701 1.0000000180025095e-35 0.52988476228989012 -0.83438724912631701 0.87095276514394182 0.79077140806571256 1.0983314337133099 1.0000000180025095e-35 1.0000000180025095e-35 1.3283022159985547
decision_type=2 2 2 2 2 2 2 2 2 2 2 2 2 2 2 2 2 2 2 2 2 2 2 2 2 2
left_child=-1 2 3 4 9 6 -4 -8 -9 24 12 -11 -3 -7 17 16 -16 19 -19 -15 -14 -17 -20 -13 -2 -12
right_child=1 10 5 -5 -6 13 7 8 -10 11 25 23 20 14 15 21 -18 18 22 -21 -22 -23 -24 -25 -26 -27
leaf_value=0.43256995656941499 -0.014370326201121013 -0.027301835922094495 0.19127347148381749 0.18040034018622503 0.14919104425995439 -0.21222989464247669 -0.29862063564103225 0.18958520259857178 -0.061689873729881488 -0.18416693614588844 0.15578496721812657 -0.084533871549826389 0.17748744294561189 -0.031565932631492613 -0.18240934848785401 -0.16117556045452755 0.02785225091661726 0.09566229972839356 -0.11093128617604574 -0.17166835165023805 0.050437110220944437 -0.26988185414901145 -0.0083887093716434064 0.0084853831043949831 0.061187846994825774 0.2163084053993225
leaf_weight=36 45 26 26 45 27 27 29 25 38 36 35 52 29 28 28 36 35 25 30 40 27 26 35 27 35 36
leaf_count=36 45 26 26 45 27 27 29 25 38 36 35 52 29 28 28 36 35 25 30 40 27 26 35 27 35 36
internal_value=0.00509217 -0.0130555 -0.0433233 0.0106533 -0.0237549 -0.0769956 -0.0109447 -0.0680933 0.0380225 -0.0477013 0.124436 -0.093884 0.0707206 -0.102138 -0.0916341 -0.135615 -0.0655973 -0.056839 -0.0136665 -0.113979 0.116231 -0.206762 -0.0557161 -0.0527425 0.0186864 0.186473
internal_weight=884 848 695 267 222 428 118 92 63 195 153 115 82 310 283 125 63 158 90 68 56 62 65 79 80 71
internal_count=884 848 695 267 222 428 118 92 63 195 153 115 82 310 283 125 63 158 90 68 56 62 65 79 80 71
is_linear=0
shrinkage=0.04


Tree=29
num_leaves=28
num_cat=0
split_feature=2 4 7 9 9 9 0 0 7 9 7 9 4 9 4 4 9 9 0 0 9 4 4 9 4 4 4
split_gain=3950.1 2188.26 884.232 732.535 819.251 585.802 392.893 459.672 732.064 367.2 340.207 319.523 481.596 661.628 320.78 305.42 278.862 388.394 320.939 326.359 253.03 115.068 112.126 109.81 119.761 81.7432 157.649
threshold=-2.9592882694284057 0.51009031554610584 -1.1992766638071075 0.85796275905731789 1.1267281630237389 1.2611108650069494 0.74913504757291582 1.2485584126215263 1.0000000180025095e-35 -0.082716154825155472 -0.32033061487554942 0.3876233021160812 -0.73230921625408896 0.72358005707410744 -0.93937580488745476 1.4236193830462491 -1.157777770690839 -1.4265431746572599 -1.0000000180025095e-35 -1.2485584126215259 -0.6874383137496024 -0.42779952708737462 -0.11110945035399165 -0.082716154825155472 -0.59832495302073463 1.3505370576462379 0.79023922957948312
decision_type=2 2 2 2 2 2 2 2 2 2 2 2 2 2 2 2 2 2 2 2 2 2 2 2 2 2 2
left_child=-1 5 15 -4 -5 6 10 8 -8 -9 16 14 -13 -14 -12 -3 17 -2 19 -18 -20 -21 -7 -16 -25 26 -6
right_child=1 2 3 4 25 22 7 9 -10 -11 11 12 13 -15 23 -17 18 -19 20 21 -22 -23 -24 24 -26 -27 -28
leaf_value=0.41526716265413499 -0.010148092729073983 -0.088277884477918803 0.34554134578704832 -0.031399402510036124 0.14186685983476968 0.13611934496806219 -0.046607050214494974 -0.009586127108997769 0.19096463792026044 -0.19025160600741703 -0.057306244445569587 -0.16895699794699506 0.16457293243408203 -0.11200034260749817 -0.13981215170451575 0.086802146089076992 -0.083739109420776364 -0.21926587267716727 -0.0126933605743177 0.026226363372802736 -0.17954429369706376 0.14156652062169967 0.018645508197637706 -0.28935960989805959 -0.17169106845632195 0.12556396019869837 0.27375973759026362
leaf_weight=36 27 44 25 44 29 26 49 45 36 30 33 41 25 31 28 25 25 30 33 25 26 31 26 31 25 29 29
leaf_count=36 27 44 25 44 29 26 49 45 36 30 33 41 25 31 28 25 25 30 33 25 26 31 26 31 25 29 29
internal_value=0.00488848 -0.0125333 0.0943881 0.147125 0.109259 -0.0511485 -0.0628536 -0.00967464 0.0540115 -0.0818523 -0.0835559 -0.118473 -0.064793 0.0114699 -0.162977 -0.0248431 -0.0456257 -0.12021 -0.0152592 0.0364289 -0.0862209 0.0900754 0.0773824 -0.20449 -0.236829 0.180397 0.207813
internal_weight=884 848 225 156 131 623 571 160 85 75 411 214 97 56 117 69 197 57 140 81 59 56 52 84 56 87 58
internal_count=884 848 225 156 131 623 571 160 85 75 411 214 97 56 117 69 197 57 140 81 59 56 52 84 56 87 58
is_linear=0
shrinkage=0.04


Tree=30
num_leaves=29
num_cat=0
split_feature=2 9 4 7 9 9 9 6 4 9 4 4 8 4 8 6 6 4 4 8 4 4 6 4 4 4 4 4
split_gain=2697.16 1688.25 841.612 630.527 1230.39 431.984 732.165 352.466 278.039 274.185 355.756 496.6 374.864 257.013 256.233 349.424 400.163 767.704 343.98 283.53 252.924 201 154.099 142.329 123.741 117.21 97.7469 7.33903
threshold=-2.9592882694284057 1.1267281630237389 0.69279612904613452 -1.1992766638071075 0.92515411004892301 0.11885789814966023 1.0000000180025095e-35 -0.49331924627226525 1.3139958949462318 0.25324060013287075 -1.012458130287466 -0.59832495302073463 1.0000000180025095e-35 1.3139958949462318 -0.63134183865453442 0.075127425151154323 -0.83438724912631701 -0.33035642655402603 -0.18419177575400311 1.0000000180025095e-35 -0.36689758925403171 -0.70794844112075184 0.52988476228989012 -0.73230921625408896 -0.40343875195403744 0.12031791341271131 -0.29381526385402029 0.66843535391279729
decision_type=2 2 2 2 2 2 2 2 2 2 2 2 2 2 2 2 2 2 2 2 2 2 2 2 2 2 2 2
left_child=-1 2 5 13 -5 6 14 -3 25 -7 -11 12 -12 -4 20 16 17 -16 21 -20 23 -17 -22 -2 -18 -9 -13 -27
right_child=1 7 3 4 -6 9 -8 8 -10 10 11 26 -14 -15 15 18 24 -19 19 -21 22 -23 -24 -25 -26 27 -28 -29
leaf_value=0.3555081072449684 -0.10855160323778788 0.014404050841623424 -0.13025659468438891 0.31907023306815857 -0.050275687464961305 -0.21216641619801521 0.14365441927686334 0.17725619268417359 0.25784366442606999 -0.2143069551785787 0.087253493098985585 -0.086808688129697525 -0.10600573319655199 0.047730182456970215 0.11388535046577454 0.032236635679999986 -0.21709046870470047 -0.16711969520364486 -0.0026069194536942702 0.18245992324970389 0.013285365941063051 -0.10708990051939682 -0.1174254474374983 -0.23777994251251222 -0.10017006429036458 0.056052958178520206 -0.18707816832406182 0.086406390621111953
leaf_weight=32 30 49 27 31 27 36 32 25 26 30 42 28 26 25 35 30 28 28 26 27 31 37 27 25 30 25 35 26
leaf_count=32 30 49 27 31 27 36 32 25 26 30 42 28 26 25 35 30 28 28 26 27 31 37 27 25 30 25 35 26
internal_value=-0.00495213 -0.0186189 -0.0450265 0.0564551 0.147133 -0.064174 -0.039576 0.102576 0.144934 -0.112371 -0.0900565 -0.0616021 0.0133603 -0.044686 -0.0561392 -0.0328365 -0.0808016 -0.0110058 0.0155284 0.0916724 -0.105838 -0.0447049 -0.0475628 -0.167292 -0.156614 0.106307 -0.142514 0.0715273
internal_weight=876 844 693 110 58 583 386 151 102 197 161 131 68 52 354 241 121 63 120 53 113 67 58 55 58 76 63 51
internal_count=876 844 693 110 58 583 386 151 102 197 161 131 68 52 354 241 121 63 120 53 113 67 58 55 58 76 63 51
is_linear=0
shrinkage=0.04


Tree=31
num_leaves=26
num_cat=0
split_feature=2 9 4 0 5 9 9 9 4 9 5 9 8 0 0 4 4 0 9 9 4 4 4 4 4
split_gain=2485.7 1555.89 775.629 1141.56 413.514 398.117 674.764 280.29 273.237 252.689 361.847 278.292 236.145 241.668 385.626 184.706 194.977 180.984 437.033 405.628 381.514 325.511 143.131 192.387 142.241
threshold=-2.9592882694284057 1.1267281630237389 0.69279612904613452 -0.7491350475729156 -0.25066273765626779 0.11885789814966023 1.0000000180025095e-35 1.5298762689733703 0.765878454446146 0.25324060013287075 -0.25066273765626779 0.6563887060825021 -0.63134183865453442 -1.0000000180025095e-35 0.74913504757291582 -0.85411309192077478 -0.29381526385402029 -1.0000000180025095e-35 -1.0233950687076285 -0.6874383137496024 -0.14765061305399738 -0.26945448872068306 1.502791902229595 1.0460273684795232 -0.47652107735404886
decision_type=2 2 2 2 2 2 2 2 2 2 2 2 2 2 2 2 2 2 2 2 2 2 2 2 2
left_child=-1 2 5 -4 7 6 12 -3 -6 -7 11 -11 13 -2 -15 -12 -17 18 -14 20 -19 -20 23 -5 -21
right_child=1 4 3 22 8 9 -8 -9 -10 10 15 -13 17 14 -16 16 -18 19 21 24 -22 -23 -24 -25 -26
leaf_value=0.34128777354955675 -0.17351263316472373 -0.047063952022128638 0.28581192997785715 0.017912316417694092 0.096131690706198022 -0.20367976447360384 0.13790823928546161 0.10421963456758233 0.25252088936892425 0.08904110633409941 -0.20463556764899074 -0.082697774171829219 -0.11532934205606581 0.050047788427722069 -0.14120846036318185 -0.03339503106233236 -0.17799771881103518 -0.083961550974183619 -0.00086600658741403137 -0.069277842967740949 0.10433033437439888 0.17552190010364238 0.045825397231999569 -0.13901295094490052 -0.18616792758305867
leaf_weight=32 45 36 26 25 39 36 32 43 33 26 37 36 32 31 37 37 25 36 47 31 33 26 34 25 36
leaf_count=32 45 36 26 25 39 36 32 43 33 26 37 36 32 31 37 37 25 36 47 31 33 26 34 25 36
internal_value=-0.00475405 -0.0178741 -0.0432254 0.0541969 0.0984733 -0.061607 -0.037993 0.0352803 0.16781 -0.107876 -0.0864542 -0.0106782 -0.0538936 -0.101604 -0.0540181 -0.13391 -0.0917026 -0.031523 0.00792693 -0.0619807 0.00609109 0.0619571 -0.0174935 -0.0605503 -0.132084
internal_weight=876 844 693 110 151 583 386 79 72 197 161 62 354 113 68 99 62 241 105 136 69 73 84 50 67
internal_count=876 844 693 110 151 583 386 79 72 197 161 62 354 113 68 99 62 241 105 136 69 73 84 50 67
is_linear=0
shrinkage=0.04


Tree=32
num_leaves=28
num_cat=0
split_feature=4 2 7 4 7 4 6 6 8 7 4 6 4 7 6 4 6 8 5 6 8 4 7 4 4 4 5
split_gain=2338.48 1353.21 919.498 680.987 1059.66 452.178 326.726 829.385 746.831 1026.68 1171.86 460.967 512.936 360.018 331.346 301.828 279.604 268.21 233.839 412.545 190.957 186.151 173.445 231.729 86.6996 71.1798 54.7101
threshold=2.44677193864641 -2.9592882694284057 1.1445794666770477 1.0216665933461864 -1.1992766638071075 1.2165527944128833 0.52988476228989012 0.30250609372052223 -0.63134183865453442 1.0000000180025095e-35 -0.59832495302073463 -1.0617659176956848 -0.11110945035399165 -0.32033061487554942 0.87095276514394182 -0.33035642655402603 -0.49331924627226525 -0.63134183865453442 1.0000000180025095e-35 -0.26594057770289742 1.0000000180025095e-35 -0.36689758925403171 1.0000000180025095e-35 -0.72012882868742045 0.53445109067944296 -0.78103076652076331 1.1378206180301593
decision_type=2 2 2 2 2 2 2 2 2 2 2 2 2 2 2 2 2 2 2 2 2 2 2 2 2 2 2
left_child=1 -1 3 6 -5 18 7 8 9 21 -11 15 22 17 -15 -10 -14 -8 19 -4 -16 -3 23 -13 -21 -24 -19
right_child=-2 2 5 4 -6 -7 13 -9 11 10 -12 12 16 14 20 -17 -18 26 -20 24 -22 -23 25 -25 -26 -27 -28
leaf_value=0.25723375397069115 0.36191339139585138 -0.14598008990287781 -0.061241001119980452 -0.080270752631353609 0.24277774337679148 -0.084228027725219728 -0.12741486590962078 0.13002347818640775 0.046008424497380553 0.35839251909255981 -0.028903365898132326 -0.043198061092541769 -0.12517354497909547 -0.25584617528048431 -0.046749422870031213 -0.11048345789764867 0.060470625780246874 0.024269384830556018 0.20647650193836953 0.084867657270402685 -0.18226264670491218 -0.0072877839605013529 -0.27732785052723358 -0.20396700583398342 0.18291138207470931 -0.1870769833593533 -0.048969420719146728
leaf_weight=28 27 32 26 33 32 25 43 43 49 25 25 26 25 33 41 33 27 47 27 31 28 30 27 32 27 29 25
leaf_count=28 27 32 26 33 32 25 43 43 49 25 25 26 25 33 41 33 27 47 27 31 28 30 27 32 27 29 25
internal_value=-0.00456389 -0.0162186 -0.0255447 -0.0444067 0.0787685 0.0694588 -0.0573202 -0.0360127 -0.0558448 0.029886 0.164745 -0.0945619 -0.13289 -0.0968913 -0.151598 -0.01697 -0.0287814 -0.0483688 0.104073 0.0711576 -0.10174 -0.0788709 -0.180379 -0.131898 0.130509 -0.230591 -0.00116076
internal_weight=876 849 821 685 65 136 620 403 360 112 50 248 166 217 102 82 52 115 111 84 69 62 114 58 58 56 72
internal_count=876 849 821 685 65 136 620 403 360 112 50 248 166 217 102 82 52 115 111 84 69 62 114 58 58 56 72
is_linear=0
shrinkage=0.04


Tree=33
num_leaves=26
num_cat=0
split_feature=2 9 9 7 6 6 6 6 5 8 6 8 9 9 9 6 6 6 8 9 9 6 9 6 9
split_gain=2141.69 1330.17 500.481 560.294 377.53 734.99 542.834 505.541 367.685 306.544 291.922 312.766 553.689 260.226 254.342 233.216 217.871 189.209 180.115 243.312 158.578 181.917 134.039 76.1935 19.6419
threshold=-2.9592882694284057 1.1267281630237389 0.11885789814966023 1.0000000180025095e-35 -0.83438724912631701 -1.1754552519803687 0.075127425151154323 0.87095276514394182 -0.25066273765626779 1.0000000180025095e-35 -1.2891445862650526 -0.63134183865453442 0.45481465310768643 1.3283022159985547 1.5298762689733703 -0.15225124341821353 1.3257101022826776 -0.37962991198758139 -0.63134183865453442 -1.0233950687076285 0.52200600409929165 0.52988476228989012 -1.157777770690839 0.52988476228989012 -0.82182101573281285
decision_type=2 2 2 2 2 2 2 2 2 2 2 2 2 2 2 2 2 2 2 2 2 2 2 2 2
left_child=-1 2 3 4 5 22 15 18 14 16 -4 12 -12 -10 -3 17 -9 24 -8 -20 23 -22 -2 -13 -6
right_child=1 8 10 -5 6 -7 7 9 13 -11 11 20 -14 -15 -16 -17 -18 -19 19 -21 21 -23 -24 -25 -26
leaf_value=0.31682352118194101 -0.11464038354379159 -0.047011056240234106 0.042124253416061401 0.13156197129111541 -0.1079901888370514 0.17169789488613607 -0.026518372467585972 -0.05790602061309312 0.080354448755582175 0.024345891114437218 0.11773385891914367 -0.22193906863530477 -0.11704865013228523 0.23244402996367877 0.0970998553446559 -0.22415927686861584 -0.19839430837920219 0.0010274171829223633 -0.016089049762487411 0.13894334210001905 -0.049980049232641863 -0.17429094933694408 0.0025743680386929903 -0.13304843286673226 -0.15764718202444225
leaf_weight=32 27 36 25 38 25 40 35 38 36 33 25 36 45 36 43 28 33 25 25 46 48 31 37 27 26
leaf_count=32 27 36 25 38 25 40 35 38 36 33 25 36 45 36 43 28 33 25 25 46 48 31 37 27 26
internal_value=-0.00438133 -0.0165597 -0.0400001 -0.0154937 -0.0288624 0.0371911 -0.05074 -0.0137286 0.0910175 -0.0763849 -0.0871515 -0.102396 -0.0331978 0.156399 0.0314291 -0.125475 -0.123203 -0.0891171 0.0477455 0.0843545 -0.136508 -0.0987603 -0.0468756 -0.183843 -0.133306
internal_weight=876 844 693 456 418 104 314 210 151 104 237 212 70 72 79 104 71 76 106 71 142 79 64 63 51
internal_count=876 844 693 456 418 104 314 210 151 104 237 212 70 72 79 104 71 76 106 71 142 79 64 63 51
is_linear=0
shrinkage=0.04


Tree=34
num_leaves=26
num_cat=0
split_feature=4 2 9 8 6 7 9 4 9 6 8 9 4 6 6 4 6 9 6 4 4 6 8 4 4
split_gain=2117.01 1127.13 844.84 515.847 1122.54 997.946 2537.09 1097.88 807.009 556.468 364.551 346.06 320.155 297.627 277.48 646.574 262.38 255.016 238.943 710.611 178.098 144.941 142.751 142.504 138.994
threshold=2.44677193864641 -2.9592882694284057 1.1267281630237389 -0.63134183865453442 0.52988476228989012 0.55861543405600889 1.0000000180025095e-35 1.0000000180025095e-35 -0.082716154825155472 0.30250609372052223 1.0000000180025095e-35 0.18604924914126547 -0.086748675220654506 0.98464209942862591 0.75726343085925796 0.81460000471282024 -1.0617659176956848 -0.62024696275799729 -0.83438724912631701 -0.33035642655402603 -0.69576805355408322 1.0983314337133099 1.0000000180025095e-35 -0.18419177575400311 0.27866295177940287
decision_type=2 2 2 2 2 2 2 2 2 2 2 2 2 2 2 2 2 2 2 2 2 2 2 2 2
left_child=1 -1 3 4 5 6 7 17 9 18 13 -10 -12 -11 15 24 -13 -3 19 -5 -18 -6 -22 -20 -4
right_child=-2 2 14 8 21 -7 -8 -9 11 10 12 16 -14 -15 -16 -17 20 -19 23 -21 22 -23 -24 -25 -26
leaf_value=0.23427145534328053 0.34448564706025303 0.0021244307394538606 0.048505073923331039 0.12183438994667746 -0.16934216875779001 -0.12199785843491555 0.4457716889381409 0.23556301507949828 -0.22819709311832082 0.061236829076494484 0.013889635388667767 0.017779676055908203 0.20422097490679833 -0.12864587453603746 0.1582106031869587 -0.12067445026770715 -0.18533561017285002 -0.16859377367155895 -0.16395245918962689 -0.12620748383658273 -0.14001183638701567 -0.060903281994709159 -0.027323050822530472 -0.061504905883754998 0.16197852088559059
leaf_weight=28 27 28 39 33 38 32 30 25 44 28 26 25 31 25 38 31 47 28 45 42 37 41 35 42 31
leaf_count=28 27 28 39 33 38 32 30 25 44 28 26 25 31 25 38 31 47 28 45 42 37 41 35 42 31
internal_value=-0.00420608 -0.0152952 -0.0238066 -0.0421252 0.00795097 0.0748053 0.131541 0.0151597 -0.0662923 -0.0222455 0.047186 -0.13002 0.117403 -0.0283305 0.0660729 0.0314072 -0.100021 -0.0832347 -0.0693904 -0.0170691 -0.124769 -0.113064 -0.0852326 -0.114495 0.0987576
internal_weight=876 849 821 682 222 143 111 81 460 272 110 188 57 53 139 101 144 56 162 75 119 79 72 87 70
internal_count=876 849 821 682 222 143 111 81 460 272 110 188 57 53 139 101 144 56 162 75 119 79 72 87 70
is_linear=0
shrinkage=0.04


Tree=35
num_leaves=28
num_cat=0
split_feature=2 7 4 4 4 9 7 6 6 8 4 9 7 4 4 4 4 4 9 4 4 9 4 4 6 4 7
split_gain=2318.42 774.456 736.362 704.878 717.503 402.872 516.264 464.209 812.965 1143.03 379.196 284.884 271.011 215.288 212.716 240.67 231.595 186.272 468.292 254.786 121.896 109.203 98.8326 94.6172 85.0849 83.9155 68.1354
threshold=-2.9592882694284057 1.4375614829875671 1.0216665933461864 1.2652743446795578 1.7524898473463006 -0.55305561176639195 -1.1992766638071075 -0.15225124341821353 0.52988476228989012 -0.63134183865453442 -0.45216030222071174 -1.4265431746572599 0.85159745036652823 -1.0855404556874777 -0.75666999138742608 -0.33035642655402603 -0.52524262762072316 -0.23291332602067741 -0.75462966474120774 -0.46434068978738036 0.40046682744608858 -0.082716154825155472 -0.95155619245412326 0.27866295177940287 0.075127425151154323 -0.19637216332067167 0.26563341774548938
decision_type=2 2 2 2 2 2 2 2 2 2 2 2 2 2 2 2 2 2 2 2 2 2 2 2 2 2 2
left_child=-1 2 5 -4 -5 6 11 12 9 -9 -11 24 14 -10 22 16 -16 19 20 -8 -19 -15 -7 -3 -2 26 -23
right_child=1 23 3 4 -6 7 17 8 13 10 -12 -13 -14 21 15 -17 -18 18 -20 -21 -22 25 -24 -25 -26 -27 -28
leaf_value=0.33198563519368568 0.021789059197461165 0.048660303672839855 0.2352098442294768 -0.13663758126172154 0.12518846494310043 -0.16263479565129135 0.024432066970401341 0.24599743187427522 0.0064466974258422854 -0.13243336684174006 0.068036731544595497 -0.17217334249333757 -0.026074991159968905 -0.048921539402008059 -0.13035353290124072 -0.20884204885749907 0.028124352562427523 -0.12254153791815042 0.13402317496446464 0.18369698524475098 -0.0059392662002490113 -0.15909695390392753 -0.26807277994155881 0.14406466352633943 -0.075337387208015694 -0.20572022466659548 -0.077775711978320033
leaf_weight=30 27 29 28 33 34 33 45 32 25 36 26 37 36 25 36 27 25 32 26 25 26 34 25 39 31 25 32
leaf_count=30 27 29 28 33 34 33 45 32 25 36 26 37 36 25 36 27 25 32 26 25 26 34 25 39 31 25 32
internal_value=-0.0134574 -0.0259584 -0.0375153 0.0666657 -0.00377063 -0.052376 -0.0121159 -0.0764162 -0.0392754 0.0518433 -0.0483653 -0.0854481 -0.124373 -0.100021 -0.14861 -0.109413 -0.0654036 0.0331216 -0.00703747 0.0813124 -0.0702716 -0.122967 -0.208082 0.103378 -0.0301234 -0.143309 -0.119668
internal_weight=859 829 761 95 67 666 249 417 235 94 62 95 182 141 146 88 61 154 84 70 58 116 58 68 58 91 66
internal_count=859 829 761 95 67 666 249 417 235 94 62 95 182 141 146 88 61 154 84 70 58 116 58 68 58 91 66
is_linear=0
shrinkage=0.04


Tree=36
num_leaves=27
num_cat=0
split_feature=3 7 4 5 7 6 6 8 7 7 5 5 4 4 4 4 4 4 0 8 4 4 0 4 6 5
split_gain=1510.79 735.825 691.887 955.892 381.58 548.996 1020.59 675.26 355.298 286.52 278.004 242.854 343.505 284.88 307.157 254.403 241.17 422.381 279.679 175.771 157.992 228.939 152.701 120.225 243.621 42.3524
threshold=1.0000000180025095e-35 1.4375614829875671 1.0216665933461864 1.0000000180025095e-35 -0.32033061487554942 -0.26594057770289742 0.52988476228989012 -0.63134183865453442 -1.1992766638071075 0.55861543405600889 -0.71349052288507664 1.1378206180301593 -0.23291332602067741 -0.40343875195403744 0.047235588012699836 0.40046682744608858 -0.52524262762072316 -0.25727410115401456 -1.0000000180025095e-35 -0.63134183865453442 -0.15983100062066594 0.38828643987942002 -1.0000000180025095e-35 -0.64704650328740898 1.0983314337133099 -0.25066273765626779
decision_type=2 2 2 2 2 2 2 2 2 2 2 2 2 2 2 2 2 2 2 2 2 2 2 2 2 2
left_child=1 2 4 19 8 16 7 -7 20 -9 -3 12 -10 -13 -15 -14 18 -18 -6 -4 -1 -22 -2 24 -8 -25
right_child=22 10 3 -5 5 6 23 9 11 -11 -12 13 15 14 -16 -17 17 -19 -20 -21 21 -23 -24 25 -26 -27
leaf_value=-0.14078325099888303 0.26434367728233338 0.0025745742235864909 -0.10033068294525146 0.27055460436986045 -0.27204580777032034 0.19968993299147664 -0.17209595636679578 -0.097801006088731809 0.13113083387414615 0.073869088121822898 0.16690988895297051 -0.13152679515607429 -0.076661013176566678 0.1062240160128166 -0.085099351024627692 0.083923611442248025 0.04487646416425705 -0.16795575979593641 -0.12128286397457123 0.03696564094440357 0.047083355440543255 -0.12244731371402741 0.12944463251993574 -0.12339754692780285 -0.0094410593457081738 -0.19262345671653747
leaf_weight=42 25 28 25 26 35 34 26 35 48 28 40 33 38 29 25 27 25 37 45 37 26 25 29 26 34 31
leaf_count=42 25 28 25 26 35 34 26 35 48 28 40 33 38 29 25 27 25 37 45 37 26 25 29 26 34 31
internal_value=-0.0129191 -0.0266584 -0.0382747 0.0669759 -0.052546 -0.0803713 -0.0399084 0.0560284 -0.0187378 -0.0215032 0.0992424 0.0112986 0.0499743 -0.0389353 0.0176484 -0.00995663 -0.141351 -0.0821363 -0.187242 -0.0183958 -0.0833324 -0.0360199 0.191898 -0.119446 -0.0799248 -0.161047
internal_weight=859 805 737 88 649 356 214 97 293 63 68 200 113 87 54 65 142 62 80 62 93 51 54 117 60 57
internal_count=859 805 737 88 649 356 214 97 293 63 68 200 113 87 54 65 142 62 80 62 93 51 54 117 60 57
is_linear=0
shrinkage=0.04


Tree=37
num_leaves=26
num_cat=0
split_feature=2 7 4 4 4 6 7 7 6 6 9 7 4 0 9 4 4 6 4 0 4 6 4 4 7
split_gain=2029.88 659.729 621.764 647.907 673.753 366.167 327.332 671.005 526.736 529.812 266.859 215.736 219.876 348.242 356.645 147.838 183.514 201.063 113.738 208.847 354.79 97.7796 90.1545 87.909 41.0213
threshold=-2.9592882694284057 1.4375614829875671 1.0216665933461864 1.2652743446795578 1.7524898473463006 1.5530887708520456 -0.61331263118606871 -1.1992766638071075 -0.15225124341821353 0.18881675943583826 -1.4265431746572599 0.85159745036652823 -0.75666999138742608 0.74913504757291582 -0.21709885680836591 0.1324983009793799 -0.45216030222071174 0.075127425151154323 -0.95155619245412326 1.0000000180025095e-35 -0.56178379032072889 0.075127425151154323 -0.95155619245412326 0.27866295177940287 0.26563341774548938
decision_type=2 2 2 2 2 2 2 2 2 2 2 2 2 2 2 2 2 2 2 2 2 2 2 2 2
left_child=-1 2 5 -4 -5 6 7 10 11 -10 21 12 22 14 -14 16 -9 -18 -11 20 -20 -2 -8 -3 -21
right_child=1 23 3 4 -6 -7 8 15 9 18 -12 -13 13 -15 -16 -17 17 -19 19 24 -22 -23 -24 -25 -26
leaf_value=0.31083044375975927 0.024743076209668761 0.042530860448705736 0.22255495548248291 -0.13531675028078483 0.11840118774596382 -0.17832106858491897 -0.14837024688720704 0.020039918025334679 0.097174276454995073 0.0092055419252978429 -0.16744087336879027 -0.022684368292490639 -0.024903146425882976 0.030955501015369712 -0.20879224778546226 -0.0092166696670578762 0.055068630621983451 0.21394308978319168 -0.11701767914825016 -0.16489774420305534 0.058216436975880671 -0.082907736566331658 -0.2479649178339885 0.13449101345279277 -0.096383962137945769
leaf_weight=30 27 29 28 33 34 33 33 42 48 36 38 36 27 26 45 41 26 25 36 27 38 27 26 39 29
leaf_count=30 27 29 28 33 34 33 33 42 48 36 38 36 27 26 45 41 26 25 36 27 38 27 26 39 29
internal_value=-0.0124023 -0.0240995 -0.0347662 0.0609655 -0.00656436 -0.0484216 -0.0416496 -0.00304887 -0.0630839 -0.0198693 -0.0862304 -0.111001 -0.131252 -0.0945224 -0.139834 0.0540609 0.0819574 0.132948 -0.0537132 -0.0711368 -0.0270326 -0.0290823 -0.192259 0.0952727 -0.129417
internal_weight=859 829 761 95 67 666 633 226 407 214 92 193 157 98 72 134 93 51 166 130 74 54 59 68 56
internal_count=859 829 761 95 67 666 633 226 407 214 92 193 157 98 72 134 93 51 166 130 74 54 59 68 56
is_linear=0
shrinkage=0.04


Tree=38
num_leaves=26
num_cat=0
split_feature=2 7 7 5 0 9 5 0 9 9 9 9 0 5 9 5 9 8 5 0 0 5 0 9 9
split_gain=1870.74 608.006 515.631 982.13 841.62 315.066 351.224 339.675 641.397 627.937 310.248 292.875 285.064 256.892 217.326 173.263 155.539 103.544 99.0379 69.1873 68.6311 58.504 88.7717 57.3642 6.16836
threshold=-2.9592882694284057 1.4375614829875671 -0.61331263118606871 -0.25066273765626779 -0.7491350475729156 0.3876233021160812 -0.25066273765626779 0.74913504757291582 -0.21709885680836591 1.0000000180025095e-35 1.1267281630237389 0.72358005707410744 -1.0000000180025095e-35 -0.71349052288507664 -0.41867290978318161 -2.1019738785715032 -0.82182101573281285 1.0000000180025095e-35 1.0000000180025095e-35 1.0000000180025095e-35 1.0000000180025095e-35 -0.25066273765626779 -1.0000000180025095e-35 -1.0233950687076285 -1.3593518236656548
decision_type=2 2 2 2 2 2 2 2 2 2 2 2 2 2 2 2 2 2 2 2 2 2 2 2 2
left_child=-1 2 3 15 -5 7 11 8 14 -9 18 -7 -13 -3 -4 -2 23 19 20 -17 -8 -10 -23 -6 -19
right_child=1 13 5 4 16 6 10 9 21 -11 -12 12 -14 -15 -16 17 -18 24 -20 -21 -22 22 -24 -25 -26
leaf_value=0.2983972286085288 0.018886780403554439 -0.0014629576887403215 -0.093901353211238464 0.25525719574519568 0.027694985803804899 0.14234437917840892 -0.096431314223691042 -0.11771181624382734 -0.20862234446530539 0.12675151006928806 0.025736430775035513 0.068126149523642751 -0.11147158714441152 0.1565091377273202 0.057282817221712322 -0.083681803435990312 0.099806039080475306 -0.032913428417273932 -0.04909825947639105 -0.17002137822133523 -0.17983851070757265 -0.18690358310228303 -0.09285754858874358 -0.044993018135428428 -0.0602493453502655
leaf_weight=30 32 28 29 35 38 29 38 40 48 29 44 31 26 40 32 33 33 28 37 27 27 42 26 32 25
leaf_count=30 32 28 29 35 38 29 38 40 48 29 44 31 26 40 32 33 33 28 37 27 27 42 26 32 25
internal_value=-0.0119063 -0.0231356 -0.0333755 0.00941599 0.0857988 -0.0587103 -0.0252699 -0.0902475 -0.119594 -0.0149664 -0.0630429 0.0388562 -0.0137956 0.0914618 -0.0145916 -0.0632794 0.0282158 -0.0865477 -0.10134 -0.122535 -0.131077 -0.174811 -0.150945 -0.00553382 -0.0458077
internal_weight=859 829 761 283 138 478 232 246 177 69 146 86 57 68 61 145 103 113 102 60 65 116 68 70 53
internal_count=859 829 761 283 138 478 232 246 177 69 146 86 57 68 61 145 103 113 102 60 65 116 68 70 53
is_linear=0
shrinkage=0.04


Tree=39
num_leaves=26
num_cat=0
split_feature=2 9 4 4 4 9 5 6 6 7 9 5 9 4 5 4 4 1 4 5 4 4 9 6 5
split_gain=1724.07 560.978 551.735 601.855 546.791 318.495 413.86 368.854 653.102 608.358 438.349 284.862 273.671 266.386 210.421 244.805 184.604 169.412 165.763 165.533 143.359 118.258 100.853 263.05 73.5283
threshold=-2.9592882694284057 1.4626849179817649 1.0216665933461864 1.2652743446795578 1.7524898473463006 -0.55305561176639195 -0.25066273765626779 -0.15225124341821353 0.52988476228989012 1.0000000180025095e-35 0.45481465310768643 1.0000000180025095e-35 0.58919735509089699 -0.50088185248738604 1.1378206180301593 -0.24509371358734597 -1.0855404556874777 1.0000000180025095e-35 0.40046682744608858 -0.71349052288507664 -0.12328983792066023 -0.50088185248738604 0.79077140806571256 0.98464209942862591 -0.25066273765626779
decision_type=2 2 2 2 2 2 2 2 2 2 2 2 2 2 2 2 2 2 2 2 2 2 2 2 2
left_child=-1 2 5 -4 -5 6 17 11 9 -9 -11 13 21 24 15 -8 -10 20 -17 -3 -2 -13 23 -18 -7
right_child=1 19 3 4 -6 7 14 8 16 10 -12 12 -14 -15 -16 18 22 -19 -20 -21 -22 -23 -24 -25 -26
leaf_value=0.28646134068568546 -0.15363249194927706 0.01910819927851359 0.21400685184768267 -0.12012030846932355 0.10510733652114869 -0.24690722640355428 0.13621247945891488 -0.1031688089206301 0.011650971126556399 0.23655667454004289 0.026784938090556376 -0.050921103938510924 0.053651310274234185 -0.061469113880937752 -0.043926731191183392 -0.049069144055247309 -0.16607528719035064 0.0084154889168161339 0.086904761607830339 0.15092852870055606 -0.043720125765413849 -0.16379965179496342 -0.15959687098860742 -0.015935829423887785 -0.16211672499775887
leaf_weight=30 39 27 28 34 35 30 45 29 25 28 37 33 26 33 38 32 33 33 26 35 37 27 40 43 36
leaf_count=30 39 27 28 34 35 30 45 29 25 28 37 33 26 33 38 32 33 33 26 35 37 27 40 43 36
internal_value=-0.01143 -0.0222101 -0.0315654 0.0575965 -0.0058744 -0.0444739 -0.00872777 -0.0657513 -0.0324919 0.049178 0.117148 -0.108 -0.0547448 -0.154262 0.0365224 0.0662026 -0.0869385 -0.0672624 0.0118847 0.0935229 -0.100123 -0.101716 -0.108186 -0.081128 -0.200658
internal_weight=859 829 767 97 69 670 250 420 235 94 65 185 86 99 141 103 141 109 58 62 76 60 116 76 66
internal_count=859 829 767 97 69 670 250 420 235 94 65 185 86 99 141 103 141 109 58 62 76 60 116 76 66
is_linear=0
shrinkage=0.04


Tree=40
num_leaves=28
num_cat=0
split_feature=2 8 9 9 9 9 4 9 4 0 9 9 4 0 9 4 4 8 5 4 9 4 5 5 4 0 9
split_gain=3449.04 694.32 1038.44 932.796 1156.27 1899.52 790.181 583.568 464.089 387.322 268.595 547.556 255.088 224.096 194.019 181.432 268.451 238.378 171.248 246.459 137.029 181.885 186.277 120.573 97.3279 90.8186 3.9342
threshold=-2.9592882694284057 -0.63134183865453442 1.1267281630237389 -1.2921604726740494 0.45481465310768643 1.0000000180025095e-35 0.083776750712705572 -0.75462966474120774 -0.18419177575400311 0.74913504757291582 -0.82182101573281285 -1.157777770690839 -0.42779952708737462 -1.0000000180025095e-35 0.18604924914126547 0.30302372691273999 1.5515134524962693 1.0000000180025095e-35 0.67499283280135014 0.035055200446031262 1.0000000180025095e-35 -0.47652107735404886 1.1378206180301593 -0.25066273765626779 0.30302372691273999 1.0000000180025095e-35 -1.0233950687076285
decision_type=2 2 2 2 2 2 2 2 2 2 2 2 2 2 2 2 2 2 2 2 2 2 2 2 2 2 2
left_child=-1 3 8 -2 5 7 -6 -5 10 24 11 -3 -9 -8 20 18 17 -17 19 -10 21 22 -12 -16 -4 -25 -19
right_child=1 2 9 4 6 -7 13 12 15 -11 14 -13 -14 -15 23 16 -18 26 -20 -21 -22 -23 -24 25 -26 -27 -28
leaf_value=0.4603551137447357 -0.17018618057514057 -0.15086546444892884 0.091488743252281485 0.16156932213767008 -0.16159318149089813 0.36882593972342359 0.14724481176446985 -0.10742099076509476 -0.080611470937728885 0.20680929997871661 -0.019039534851908683 0.10260363000631334 0.056372305935826796 -0.0092307087779045106 -0.012442851497067347 -0.15409569991262337 0.069953495407104493 -0.032406008994579315 0.10649452778600878 0.081262008967222993 -0.22597609510576283 -0.21425170168876648 -0.15661906596153014 -0.065088790922592857 -0.0024812726047303939 -0.16160163409434833 -0.0099654731750488286
leaf_weight=26 29 25 29 44 44 42 27 32 34 29 32 30 29 32 36 38 25 25 31 27 27 25 31 39 45 26 25
leaf_count=26 29 25 29 44 44 42 27 32 34 29 32 30 29 32 36 38 25 25 31 27 27 25 31 39 45 26 25
internal_value=0.00647609 -0.00727782 -0.0322559 0.0445584 0.0694688 0.141477 -0.0332997 0.0505369 -0.0571747 0.0829028 -0.0915265 -0.0126096 -0.029552 0.0623767 -0.111621 -0.0117633 -0.0457176 -0.0785787 0.0299415 -0.00896255 -0.147149 -0.122963 -0.0867374 -0.0711688 0.0343448 -0.103694 -0.0211857
internal_weight=884 858 579 279 250 147 103 105 476 103 271 55 61 59 216 205 113 88 92 61 115 88 63 101 74 65 50
internal_count=884 858 579 279 250 147 103 105 476 103 271 55 61 59 216 205 113 88 92 61 115 88 63 101 74 65 50
is_linear=0
shrinkage=0.04


Tree=41
num_leaves=26
num_cat=0
split_feature=2 8 7 6 6 0 0 0 5 5 7 6 0 7 0 8 6 6 5 6 5 0 0 0 8
split_gain=3178.64 639.885 752.612 709.692 1898.5 550.099 529.837 634.48 342 386.868 331.788 399.163 322.206 271.921 179.767 324.314 175.002 112.205 155.197 136.656 107.162 191.045 93.5739 67.1774 61.5333
threshold=-2.9592882694284057 -0.63134183865453442 1.1445794666770477 -1.1754552519803687 -0.60700858055694906 0.74913504757291582 1.2485584126215263 0.74913504757291582 1.0000000180025095e-35 -0.71349052288507664 -0.61331263118606871 1.0983314337133099 -1.0000000180025095e-35 0.55861543405600889 1.0000000180025095e-35 1.0000000180025095e-35 0.075127425151154323 0.41619542800520609 1.0000000180025095e-35 -0.15225124341821353 -0.25066273765626779 -1.0000000180025095e-35 -1.0000000180025095e-35 -0.7491350475729156 1.0000000180025095e-35
decision_type=2 2 2 2 2 2 2 2 2 2 2 2 2 2 2 2 2 2 2 2 2 2 2 2 2
left_child=-1 3 10 -2 -5 23 7 8 9 -6 17 13 -11 14 16 -16 24 19 -19 20 21 -3 -15 -4 -12
right_child=1 2 5 4 6 -7 -8 -9 -10 12 11 -13 -14 22 15 -17 -18 18 -20 -21 -22 -23 -24 -25 -26
leaf_value=0.44194090338853692 -0.11092948663525466 -0.12893962173461915 0.063017215347290045 0.29113026853118623 0.075197734688267556 0.21959747476237163 -0.15595864681097177 0.22389452793598175 0.10174611220272577 -0.011714857101440431 -0.094375920538549068 0.022326889672875404 -0.19200992354031268 -0.089517365864345014 -0.26233104907804067 -0.090064511825056648 -0.024791274716456733 -0.016411991613976499 0.10538259863853455 -0.10530895432739547 0.039053051590919499 0.019678217230304596 0.0068519130506013576 -0.018444207064483478 -0.17828872832758674
leaf_weight=26 41 25 25 49 33 28 26 25 41 35 27 50 29 28 36 34 36 47 26 33 40 31 38 46 29
leaf_count=26 41 25 25 49 33 28 26 25 41 35 27 50 29 28 36 34 36 47 26 33 40 31 38 46 29
internal_value=0.00621704 -0.00698671 -0.0309657 0.0427761 0.0692547 0.0694518 0.0117315 0.0384796 0.00488991 -0.0360493 -0.0516768 -0.0800248 -0.0934111 -0.10247 -0.130353 -0.178659 -0.0935979 -0.0126631 0.0269669 -0.0350895 -0.0109515 -0.046669 -0.034032 0.0102394 -0.137831
internal_weight=884 858 579 279 238 99 189 163 138 97 480 278 64 228 162 70 92 202 73 129 96 56 66 71 56
internal_count=884 858 579 279 238 99 189 163 138 97 480 278 64 228 162 70 92 202 73 129 96 56 66 71 56
is_linear=0
shrinkage=0.04


Tree=42
num_leaves=27
num_cat=0
split_feature=2 8 9 9 9 9 9 9 0 6 0 0 6 9 0 6 8 9 8 9 0 5 0 5 9 9
split_gain=2929.43 589.718 890.251 871.359 1049.22 1769.86 542.563 408.107 322.879 306.939 352.848 198.966 165.208 539.336 264.687 159.93 140.91 120.169 101.869 110.343 122.44 107.375 107.156 89.4435 73.3701 34.3145
threshold=-2.9592882694284057 -0.63134183865453442 1.1267281630237389 -1.2921604726740494 0.45481465310768643 1.0000000180025095e-35 -0.9562037177160233 -0.55305561176639195 0.74913504757291582 0.64357409657457409 -1.0000000180025095e-35 -0.7491350475729156 1.0983314337133099 0.72358005707410744 1.0000000180025095e-35 0.075127425151154323 1.0000000180025095e-35 -0.75462966474120774 1.0000000180025095e-35 -1.4265431746572599 1.0000000180025095e-35 -0.25066273765626779 -1.0000000180025095e-35 -0.25066273765626779 -0.48586426077478684 0.25324060013287075
decision_type=2 2 2 2 2 2 2 2 2 2 2 2 2 2 2 2 2 2 2 2 2 2 2 2 2 2
left_child=-1 3 7 -2 5 6 -5 17 23 10 -6 -8 13 14 15 25 -16 18 19 -3 -21 22 -20 -4 -13 -9
right_child=1 2 8 4 9 -7 11 12 -10 -11 -12 24 -14 -15 16 -17 -18 -19 21 20 -22 -23 -24 -25 -26 -27
leaf_value=0.4242632694026599 -0.16648723881820154 0.0087352886994679774 -0.016453922756693579 0.20444913025085742 0.025007603086274248 0.35318741554305666 -0.096842775925134239 -0.15597222394602639 0.19002877967110998 0.065613162447424503 -0.15824465751647951 -0.0062186415067740849 -0.017104922105436741 0.017878832380908233 -0.24630832685207998 -0.023799619442886777 -0.1351503255052699 0.058670497121232928 -0.086183963481050271 -0.034461021142847395 -0.14855563321599255 0.066200595978767651 0.023928781363271895 0.072017161962462634 0.088058967208862318 -0.095306589328325711
leaf_weight=26 29 30 33 26 29 42 26 35 29 34 40 28 46 48 37 36 36 33 26 34 27 31 31 41 25 26
leaf_count=26 29 30 33 26 29 42 26 35 29 34 40 28 46 48 37 36 36 33 26 34 27 31 31 41 25 26
internal_value=0.00596836 -0.00670724 -0.029727 0.041065 0.0651411 0.133735 0.0459535 -0.0527994 0.0768986 -0.0327545 -0.0812256 -0.00620962 -0.0859896 -0.100525 -0.133957 -0.0906576 -0.191491 -0.0114682 -0.0243988 -0.0540727 -0.0849619 0.00628668 -0.0262981 0.0325638 0.0382519 -0.130115
internal_weight=884 858 579 279 250 147 105 476 103 103 69 79 264 218 170 97 73 212 179 91 61 88 57 74 53 61
internal_count=884 858 579 279 250 147 105 476 103 103 69 79 264 218 170 97 73 212 179 91 61 88 57 74 53 61
is_linear=0
shrinkage=0.04


Tree=43
num_leaves=28
num_cat=0
split_feature=2 8 4 7 0 7 7 7 4 7 7 0 5 4 4 0 8 5 0 4 5 4 0 4 4 0 8
split_gain=2699.76 543.484 936.233 628.849 623.816 623.064 823.181 1146.7 697.444 430.553 335.751 364.942 382.21 602.755 320.861 221.599 368.312 356.967 186.298 142.827 123.892 114.388 211.455 231.629 73.5953 209.109 11.1703
threshold=-2.9592882694284057 -0.63134183865453442 1.8438427540963152 1.1445794666770477 0.74913504757291582 -1.1992766638071075 0.55861543405600889 1.0000000180025095e-35 0.083776750712705572 -0.90629464749658817 -0.32033061487554942 -1.0000000180025095e-35 -0.25066273765626779 -0.37907797682070027 0.30302372691273999 0.74913504757291582 1.0000000180025095e-35 0.67499283280135014 -1.0000000180025095e-35 -0.42779952708737462 0.67499283280135014 -0.63486611572074036 -1.0000000180025095e-35 -0.86629347948744329 0.071596363146036998 1.0000000180025095e-35 1.0000000180025095e-35
decision_type=2 2 2 2 2 2 2 2 2 2 2 2 2 2 2 2 2 2 2 2 2 2 2 2 2 2 2
left_child=-1 5 3 10 14 -2 7 9 -8 -7 11 12 26 -14 -5 17 -17 -13 -10 -11 21 22 -12 -24 25 -23 -3
right_child=1 2 -4 4 -6 6 8 -9 18 19 20 15 13 -15 -16 16 -18 -19 -20 -21 -22 24 23 -25 -26 -27 -28
leaf_value=0.40729273912998343 -0.12103799690218534 -0.03404703826904297 0.21090254850387574 0.091187546527279284 0.21776771986926044 0.18540739498138428 -0.15629088509082795 0.27979037338373614 0.13744920147789849 -0.066826109228765265 -0.1180465415219466 -0.042485205264467939 -0.037160634313310896 0.21887274053788955 -0.088283793990676471 -0.11426584989735573 0.073323767921503857 -0.23070930591651373 -0.0052208518981933594 0.04602355613520271 -0.16824165599961435 -0.067896156813949352 -0.078551608820756277 0.082940470344490466 -0.057725717449188238 -0.21489268596967062 -0.071859763360023504
leaf_weight=26 34 25 25 28 27 25 40 49 27 34 45 38 28 31 37 33 34 28 32 38 31 32 30 27 25 30 25
leaf_count=26 34 25 25 28 27 25 40 49 27 34 45 38 28 31 37 33 34 28 32 38 31 32 30 27 25 30 25
internal_value=0.00572963 -0.00643895 -0.028538 -0.039343 0.0561574 0.0394224 0.0616904 0.122067 -0.0273492 0.0423917 -0.0583604 -0.0258478 0.0284118 0.0973654 -0.0109731 -0.0703163 -0.0190711 -0.122338 0.0600688 -0.00726656 -0.0941243 -0.0819675 -0.0532279 -0.00205536 -0.115662 -0.139024 -0.0529534
internal_weight=884 858 579 554 92 279 245 146 99 97 462 242 109 59 65 133 67 66 59 72 220 189 102 57 87 62 50
internal_count=884 858 579 554 92 279 245 146 99 97 462 242 109 59 65 133 67 66 59 72 220 189 102 57 87 62 50
is_linear=0
shrinkage=0.04


Tree=44
num_leaves=28
num_cat=0
split_feature=2 8 4 9 9 6 6 7 4 9 4 4 9 6 9 0 0 5 4 6 6 4 4 6 9 4 6
split_gain=2488.1 500.875 862.833 752.141 907.442 1656.78 3301.31 3472.08 675.99 594.211 282.416 279.804 430.197 354.973 363.095 314.485 279.991 368.023 232.559 182.111 140.173 222.156 467.948 251.899 130.033 128.599 120.683
threshold=-2.9592882694284057 -0.63134183865453442 1.8438427540963152 -1.2921604726740494 0.45481465310768643 0.52988476228989012 -1.1754552519803687 1.0000000180025095e-35 0.083776750712705572 1.3283022159985547 1.2774547322462262 -0.18419177575400311 0.72358005707410744 1.0983314337133099 -0.82182101573281285 1.2485584126215263 -0.7491350475729156 1.0000000180025095e-35 0.25430217664606569 -0.15225124341821353 -1.0617659176956848 -0.70794844112075184 -0.86629347948744329 0.41619542800520609 -0.6874383137496024 0.12031791341271131 1.0983314337133099
decision_type=2 2 2 2 2 2 2 2 2 2 2 2 2 2 2 2 2 2 2 2 2 2 2 2 2 2 2
left_child=-1 3 9 -2 5 6 -5 -8 -6 10 11 12 13 14 -3 16 17 -13 -18 -10 -16 22 -22 -23 -20 -11 -7
right_child=1 2 -4 4 8 26 7 -9 19 25 -12 15 -14 -15 20 -17 18 -19 24 -21 21 23 -24 -25 -26 -27 -28
leaf_value=0.39100103580034701 -0.15498622853180458 -0.0089689156542653633 0.20246645007133485 -0.15532002166465478 -0.1494893593679775 -0.12517887697219848 0.15536885118484497 0.74330135660171504 0.13683826033885663 0.14605542082052966 -0.17836787082530833 -0.054583949672764746 0.084214060168999905 0.017982792424601178 -0.06259955052963713 0.10678508333861828 -0.0045677157005538111 0.1548395643234253 -0.067145815108503606 -0.0047119990623358523 -0.19162193006939357 -0.26350604118302812 0.033647544813156127 -0.1057897817171537 -0.19137337391193096 0.02997423819593481 -0.00089142518043518074
leaf_weight=26 29 46 25 27 44 25 45 25 26 26 27 29 26 43 33 32 46 25 28 33 36 43 25 26 26 37 25
leaf_count=26 29 46 25 27 44 25 45 25 26 26 27 29 26 43 33 32 46 25 28 33 36 43 25 26 26 37 25
internal_value=0.00550044 -0.00618139 -0.0273964 0.0378455 0.060214 0.124005 0.220417 0.365345 -0.0308275 -0.0377693 -0.0526083 -0.0452904 -0.0706979 -0.0866809 -0.108215 -0.00731574 -0.031025 0.0423714 -0.0706591 0.0576661 -0.136223 -0.154911 -0.0992984 -0.204077 -0.126959 0.0778808 -0.0630352
internal_weight=884 858 579 279 250 147 97 70 103 554 491 464 278 252 209 186 154 54 100 59 163 130 61 69 54 63 50
internal_count=884 858 579 279 250 147 97 70 103 554 491 464 278 252 209 186 154 54 100 59 163 130 61 69 54 63 50
is_linear=0
shrinkage=0.04


Tree=45
num_leaves=28
num_cat=0
split_feature=4 9 4 8 2 8 6 9 6 6 8 4 6 9 4 9 0 6 9 0 4 4 0 9 9 9 4
split_gain=795.335 467.073 402.134 551.911 498.226 245.73 682.246 459.073 676.583 1091.67 428.289 355.641 343.204 339.552 282.505 215.847 378.545 208.145 159.946 113.655 108.257 341.217 147.831 96.6008 79.7937 78.2294 35.1854
threshold=2.3127876754130554 1.4626849179817649 -0.75666999138742608 1.0000000180025095e-35 -1.6916913147484629 -0.63134183865453442 0.41619542800520609 0.52200600409929165 0.52988476228989012 -1.0617659176956848 1.0000000180025095e-35 -0.18419177575400311 0.98464209942862591 -0.62024696275799729 1.2652743446795578 1.0000000180025095e-35 -1.0000000180025095e-35 -1.1754552519803687 -0.28429020779997111 1.0000000180025095e-35 0.32738450204607711 0.035055200446031262 0.74913504757291582 1.0000000180025095e-35 -0.28429020779997111 1.193919514015344 -1.012458130287466
decision_type=2 2 2 2 2 2 2 2 2 2 2 2 2 2 2 2 2 2 2 2 2 2 2 2 2 2 2
left_child=1 2 3 15 -4 7 14 8 9 -6 12 -12 -8 -11 17 26 -17 18 -7 -3 21 22 24 -5 -19 -9 -1
right_child=-2 19 4 23 5 6 10 25 -10 13 11 -13 -14 -15 -16 16 -18 20 -20 -21 -22 -23 -24 -25 -26 -27 -28
leaf_value=-0.046299274253845217 0.20001770553917719 0.044792712195353072 0.15691745800704793 -0.10412153659264246 -0.075287616585309691 -0.053896058082580564 0.05943795162088731 -0.11173538234926039 -0.05908107923906903 0.14706001553042181 -0.010687027141965668 0.16604525221853841 -0.11341721349582078 0.34821969977617268 -0.19821524445827191 -0.079027520033621027 0.10719715822115541 -0.18959330078959466 0.083096592807769765 0.15545262071821425 -0.13796688617729561 0.068244958853721616 -0.023736198289053784 -0.19810065146846076 -0.095456180853002212 -0.016633707046508791 -0.11158675193786621
leaf_weight=25 29 33 29 30 26 30 34 31 43 29 29 49 40 25 26 31 40 25 25 27 41 25 28 42 34 25 28
leaf_count=25 29 33 29 30 26 30 34 31 43 29 29 49 40 25 26 31 40 25 25 27 41 25 28 42 34 25 28
internal_value=-0.00597459 -0.0130026 -0.0211741 -0.0708559 -0.00478082 -0.0130804 -0.0310442 0.0256571 0.0688802 0.137659 0.0349375 0.100337 -0.0339973 0.240189 -0.073904 -0.0197087 0.0258878 -0.0583651 0.00837333 0.0945897 -0.082356 -0.0619985 -0.0994248 -0.158943 -0.135345 -0.0692793 -0.0807908
internal_weight=879 850 790 196 594 565 386 179 123 80 152 78 74 54 234 124 71 208 55 60 153 112 87 72 59 56 53
internal_count=879 850 790 196 594 565 386 179 123 80 152 78 74 54 234 124 71 208 55 60 153 112 87 72 59 56 53
is_linear=0
shrinkage=0.04


Tree=46
num_leaves=27
num_cat=0
split_feature=4 9 4 8 4 4 3 4 9 9 8 0 4 6 6 6 6 0 9 0 0 9 0 7 4 4
split_gain=732.98 430.455 370.606 508.641 461.724 1010.86 1140.37 370.212 245.32 344.079 265.521 521.087 581.444 319.795 417.932 370.091 225.552 204.34 198.925 348.867 198.524 105.519 104.744 89.0273 62.3437 32.4268
threshold=2.3127876754130554 1.4626849179817649 -0.75666999138742608 1.0000000180025095e-35 1.289635119812895 1.0216665933461864 1.0000000180025095e-35 0.30302372691273999 -1.4265431746572599 -1.157777770690839 -0.63134183865453442 0.74913504757291582 -0.47652107735404886 1.0000000180025095e-35 -0.83438724912631701 0.87095276514394182 -0.49331924627226525 1.0000000180025095e-35 1.0000000180025095e-35 -1.0000000180025095e-35 1.0000000180025095e-35 -0.48586426077478684 1.0000000180025095e-35 1.0000000180025095e-35 1.7037682970796266 -1.012458130287466
decision_type=2 2 2 2 2 2 2 2 2 2 2 2 2 2 2 2 2 2 2 2 2 2 2 2 2 2
left_child=1 2 3 18 5 6 7 8 -4 -10 11 12 -11 14 -12 17 -9 -15 25 -20 -17 -18 -3 -5 -6 -1
right_child=-2 22 4 23 24 -7 -8 16 9 10 13 -13 -14 15 -16 20 21 -19 19 -21 -22 -23 -24 -25 -26 -27
leaf_value=-0.044447305011749275 0.19201699224011651 0.043001005888888333 0.112530693742964 -0.099956674814224253 -0.15386635528008144 0.22117656333315552 0.22379774264991284 -0.1676755716994002 -0.14704628207853862 0.25512361111464321 7.0797667211415818e-06 -0.1038170334815979 0.02128583205782849 0.018985503496545736 -0.16883170587486693 0.011642831073653312 -0.003957601116924751 0.16590041918413981 -0.075866422283072624 0.10290926973521711 -0.13985615448951721 -0.10087894175201655 0.14923451918142813 -0.19017662482602254 -0.068338605976104735 -0.10712327548435756
leaf_weight=25 29 33 27 30 30 33 32 37 28 27 49 25 46 33 45 31 41 28 31 40 25 32 27 42 25 28
leaf_count=25 29 33 27 30 30 33 32 37 28 27 49 25 46 33 45 31 41 28 31 40 25 32 27 42 25 28
internal_value=-0.00573561 -0.0124825 -0.0203272 -0.0680216 -0.00458959 0.00667577 -0.00731341 -0.0229159 -0.00348277 -0.0127776 -0.000610882 0.0537965 0.107774 -0.0258807 -0.08082 0.0182586 -0.0872217 0.0864219 -0.0189203 0.0248523 -0.0559906 -0.0464437 0.0908061 -0.152585 -0.11499 -0.0775591
internal_weight=879 850 790 196 594 539 506 474 364 337 309 98 73 211 94 117 110 61 124 71 56 73 60 72 55 53
internal_count=879 850 790 196 594 539 506 474 364 337 309 98 73 211 94 117 110 61 124 71 56 73 60 72 55 53
is_linear=0
shrinkage=0.04


Tree=47
num_leaves=28
num_cat=0
split_feature=9 5 2 9 7 9 9 6 6 0 0 9 6 9 0 6 6 9 9 6 5 9 9 0 6 0 6
split_gain=603.893 360.964 339.898 355.2 790.596 575.259 502.117 235.635 314.745 232.194 315.505 1001.79 300.245 586.203 498.6 466.771 427.784 198.461 355.703 128.76 124.13 109.916 85.8805 155.258 201.869 81.0997 31.9575
threshold=1.3283022159985547 -0.25066273765626779 -2.9592882694284057 0.051666547158054986 1.0000000180025095e-35 0.32043195112447598 0.45481465310768643 1.0983314337133099 -1.1754552519803687 -1.2485584126215259 -0.7491350475729156 -0.82182101573281285 1.0000000180025095e-35 -1.4265431746572599 -1.0000000180025095e-35 0.87095276514394182 0.41619542800520609 -1.157777770690839 -0.55305561176639195 -0.94807658341100087 1.0000000180025095e-35 -0.6874383137496024 0.72358005707410744 0.74913504757291582 0.075127425151154323 1.0000000180025095e-35 0.64357409657457409
decision_type=2 2 2 2 2 2 2 2 2 2 2 2 2 2 2 2 2 2 2 2 2 2 2 2 2 2 2
left_child=2 25 -1 4 9 26 -7 8 -8 20 11 -11 13 -12 -14 16 -16 -15 19 -19 -4 -17 -10 24 -24 -2 -5
right_child=1 -3 3 5 -6 6 7 -9 22 10 12 -13 14 17 15 21 -18 18 -20 -21 -22 -23 23 -25 -26 -27 -28
leaf_value=0.11233290760747848 -0.0061511039411699456 0.19506189697873638 -0.1472171231678554 -0.18244798677723584 0.21391613050149036 0.1150886930437649 0.05105055480167784 0.05238209438323975 -0.13921753480699325 0.22694983589298584 0.10301305279667888 -0.096142438777855457 0.16966495156288147 -0.2009420356273651 -0.041931142657995225 -0.14577228205819284 0.16489824492484331 -0.071608905968842687 -0.17653219129099992 0.0519243048986903 -0.033486737652736555 -0.039253965577771589 -0.045100066084892323 0.005193522716390675 -0.18311521176497142 0.081557558736493507 -0.12506854505538942
leaf_weight=31 37 33 28 41 26 34 29 30 45 34 28 28 29 25 32 31 32 27 33 27 34 31 39 29 30 31 25
leaf_count=31 37 33 28 41 26 34 29 30 45 34 28 28 29 25 32 31 32 27 33 27 34 31 39 29 30 31 25
internal_value=-0.00550618 0.0865122 -0.017452 -0.022838 -0.000115321 -0.0563201 -0.0271254 -0.0510624 -0.0691051 -0.0133965 -0.000987419 0.0810372 -0.0182265 -0.0606874 0.0201253 -0.0142926 0.0614836 -0.101612 -0.0730695 -0.0098423 -0.0848488 -0.0925131 -0.0934723 -0.0724668 -0.105107 0.0338337 -0.160713
internal_weight=879 101 778 747 445 302 236 202 172 419 357 62 295 140 155 126 64 112 87 54 62 62 143 98 69 68 66
internal_count=879 101 778 747 445 302 236 202 172 419 357 62 295 140 155 126 64 112 87 54 62 62 143 98 69 68 66
is_linear=0
shrinkage=0.04


Tree=48
num_leaves=26
num_cat=0
split_feature=4 4 4 4 4 7 3 9 4 6 9 9 9 0 9 0 0 6 4 6 0 6 0 6 4
split_gain=661.844 372.923 520.356 878.306 500.044 545.053 580.311 442.061 359.794 346.501 331.084 455.085 434.666 565.718 367.755 319.263 224.275 182.553 201.319 197.538 157.897 145.916 130.7 109.809 107.484
threshold=2.3127876754130554 -0.52524262762072316 1.2470037633295548 1.0216665933461864 -0.43997991465404318 1.4375614829875671 1.0000000180025095e-35 -0.28429020779997111 0.30302372691273999 0.30250609372052223 0.3876233021160812 0.58919735509089699 0.051666547158054986 -1.0000000180025095e-35 -0.14990750581676068 0.74913504757291582 -0.7491350475729156 0.18881675943583826 -0.025846737387311625 0.87095276514394182 1.0000000180025095e-35 -0.37962991198758139 1.0000000180025095e-35 -0.49331924627226525 0.22994140151272849
decision_type=2 2 2 2 2 2 2 2 2 2 2 2 2 2 2 2 2 2 2 2 2 2 2 2 2
left_child=1 10 3 4 -3 6 7 8 17 -4 12 -12 14 -14 20 16 -9 18 -6 -19 23 -10 -13 -1 -18
right_child=-2 2 9 -5 5 -7 -8 15 21 -11 11 22 13 -15 -16 -17 24 19 -20 -21 -22 -23 -24 -25 -26
leaf_value=0.025988447523117065 0.18262572535153093 0.147033276499102 -0.17523578450868005 0.22236166733683962 -0.063756348767945933 0.12973497734513395 0.15380420863628388 -0.062659894075149145 -0.15114144755670658 0.0066145976384480798 0.13761376533657313 0.00782003864645958 -0.30680475675142727 -0.057320951078877302 0.056580300503306917 0.012234422378242016 -0.133143174969233 0.15699458891345608 0.074065650148051124 0.021718302978537021 -0.13785098355940797 -0.029420291781425478 -0.102388042753393 -0.082530285836877049 -0.24930398998260497
leaf_weight=25 29 38 38 33 43 43 28 39 26 30 32 36 26 33 45 32 26 31 28 39 44 40 33 37 25
leaf_count=25 29 38 38 33 43 43 28 39 26 30 32 36 26 33 45 32 26 31 28 39 44 40 33 37 25
internal_value=-0.00528593 -0.011697 0.00842841 0.0233619 0.00836873 -0.00480441 -0.0210094 -0.0358872 -0.00029144 -0.0950077 -0.0465768 0.0129342 -0.0751988 -0.167263 -0.0392267 -0.0962833 -0.134867 0.0357884 -0.00940401 0.0816264 -0.0798996 -0.0773711 -0.0448882 -0.0387727 -0.190085
internal_weight=879 850 539 471 438 400 357 329 207 68 311 101 210 59 151 122 90 141 71 70 106 66 69 62 51
internal_count=879 850 539 471 438 400 357 329 207 68 311 101 210 59 151 122 90 141 71 70 106 66 69 62 51
is_linear=0
shrinkage=0.04


Tree=49
num_leaves=27
num_cat=0
split_feature=4 4 4 4 4 7 3 9 4 6 9 9 9 0 9 0 9 4 5 5 6 4 6 5 0 4
split_gain=609.955 343.685 479.561 809.447 460.841 502.321 534.815 407.404 331.586 319.335 305.127 419.406 400.588 521.366 340.409 294.233 219.158 251.504 174.213 315.447 168.241 185.536 182.051 139.629 120.453 20.1636
threshold=2.3127876754130554 -0.52524262762072316 1.2470037633295548 1.0216665933461864 -0.43997991465404318 1.4375614829875671 1.0000000180025095e-35 -0.28429020779997111 0.30302372691273999 0.30250609372052223 0.3876233021160812 0.58919735509089699 0.051666547158054986 -1.0000000180025095e-35 -0.082716154825155472 0.74913504757291582 0.3876233021160812 0.18121985124605419 1.1378206180301593 -0.25066273765626779 0.18881675943583826 -0.025846737387311625 0.87095276514394182 0.67499283280135014 1.0000000180025095e-35 -0.84193270435410617
decision_type=2 2 2 2 2 2 2 2 2 2 2 2 2 2 2 2 2 2 2 2 2 2 2 2 2 2
left_child=1 10 3 4 -3 6 7 8 20 -4 12 -12 14 -14 18 16 -9 -18 19 -1 21 -6 -22 -10 -13 -21
right_child=-2 2 9 -5 5 -7 -8 15 23 -11 11 24 13 -15 -16 -17 17 -19 -20 25 22 -23 -24 -25 -26 -27
leaf_value=-0.14159374394764504 0.17532070110584128 0.14115194684580754 -0.16822635313030332 0.21346721504673813 -0.061206093458242197 0.12454558264377505 0.14765204182692937 -0.22481931183073259 -0.024334555315343957 0.0063500119845072431 0.13210921362042427 0.0075072372787528567 -0.29453257028873153 -0.055028115619312638 0.085525869932667961 0.01174504354596138 0.0036752562611191359 -0.15782351013686921 -0.13058059234510769 0.0018412289142608644 0.15071480531846324 0.071103026909487582 0.020849571812611361 -0.14205416457993644 -0.098292522285923806 0.052153331683232232
leaf_weight=27 29 38 38 33 43 43 28 27 38 30 32 36 26 33 29 32 27 36 44 25 31 28 39 28 33 26
leaf_count=27 29 38 38 33 43 43 28 27 38 30 32 36 26 33 29 32 27 36 44 25 31 28 39 28 33 26
internal_value=-0.0050745 -0.0112292 0.00809128 0.0224274 0.00803398 -0.00461223 -0.0201691 -0.0344517 -0.000279781 -0.0912074 -0.0447138 0.0124169 -0.0721909 -0.160572 -0.0376577 -0.0924319 -0.129473 -0.0886098 -0.066939 -0.0310386 0.0343568 -0.00902785 0.0783613 -0.0742762 -0.0430926 0.0274905
internal_weight=879 850 539 471 438 400 357 329 207 68 311 101 210 59 151 122 90 63 122 78 141 71 70 66 69 51
internal_count=879 850 539 471 438 400 357 329 207 68 311 101 210 59 151 122 90 63 122 78 141 71 70 66 69 51
is_linear=0
shrinkage=0.04


Tree=50
num_leaves=24
num_cat=0
split_feature=4 4 4 4 5 0 0 7 7 4 0 4 7 4 8 8 4 4 4 4 7 0 0
split_gain=1302.39 335.276 255.135 230.362 361.094 288.525 392.768 259.295 260.141 268.455 196.772 390.078 317.444 221.2 211.541 173.604 384.502 168.283 183.393 153.588 509.852 149.279 133.866
threshold=2.44677193864641 -0.52524262762072316 -0.95155619245412326 0.16903946367938563 0.67499283280135014 -1.2485584126215259 -0.7491350475729156 1.4375614829875671 1.1445794666770477 0.51009031554610584 -1.0000000180025095e-35 -0.098929062787323066 -0.90629464749658817 -0.17201138818733452 -0.63134183865453442 -0.63134183865453442 -1.1099012308208147 -0.84193270435410617 -0.63486611572074036 -0.69576805355408322 1.0000000180025095e-35 0.74913504757291582 1.0000000180025095e-35
decision_type=2 2 2 2 2 2 2 2 2 2 2 2 2 2 2 2 2 2 2 2 2 2 2
left_child=1 2 15 10 5 -5 -7 8 9 -8 12 14 -3 -14 -12 -1 -17 -4 19 20 -19 -16 -11
right_child=-2 3 17 4 -6 6 7 -9 -10 22 11 -13 13 -15 21 16 -18 18 -20 -21 -22 -23 -24
leaf_value=0.071663364069802421 0.26061411653246203 -0.050452974195833562 -0.16021161491220651 -0.12909576902389527 -0.12149640543120248 0.12689295992255212 0.1007340381695674 0.093614461339753249 -0.15170731074534929 0.014709962556759517 0.035834947607733987 0.093526682841016895 0.16384352855384351 0.034665380386929762 -0.14125112272597648 0.035566211615999543 -0.14516005195256684 0.036971867460953559 -0.1284211088522621 0.031858246216648504 -0.17023550879014168 -0.018835508993693763 -0.096481584048852695
leaf_weight=35 28 27 33 25 49 40 26 29 26 30 33 47 48 38 37 48 31 38 46 38 38 28 41
leaf_count=35 28 27 33 25 49 40 26 29 26 30 33 47 48 38 37 48 31 38 46 38 38 28 41
internal_value=-0.00770768 -0.0167486 -0.0499424 0.00269892 -0.0234208 -0.00127469 0.0153687 -0.0139798 -0.0393476 -0.00923053 0.0296285 -0.00120951 0.0691995 0.106765 -0.0466442 -0.00249619 -0.0353517 -0.0779677 -0.0610049 -0.0338018 -0.0666318 -0.0885182 -0.0494992
internal_weight=859 831 307 524 266 217 192 152 123 97 258 145 113 86 98 114 79 193 160 114 76 65 71
internal_count=859 831 307 524 266 217 192 152 123 97 258 145 113 86 98 114 79 193 160 114 76 65 71
is_linear=0
shrinkage=0.04


Tree=51
num_leaves=24
num_cat=0
split_feature=4 4 6 4 9 8 5 4 4 6 7 9 9 5 6 6 5 4 6 6 9 7 8
split_gain=1200.29 308.99 402.952 284.923 290.919 243.47 240.83 266.893 235.132 324.537 444.912 390.976 244.44 215.49 214.827 207.384 274.295 205.985 378.697 297.745 262.247 194.844 40.3195
threshold=2.44677193864641 -0.52524262762072316 1.2120207679979937 0.25430217664606569 1.3283022159985547 1.0000000180025095e-35 0.67499283280135014 0.93640388037950606 -0.95155619245412326 -0.37962991198758139 0.26563341774548938 -0.082716154825155472 0.051666547158054986 -0.25066273765626779 -0.83438724912631701 -0.72069791484163315 1.0000000180025095e-35 -0.086748675220654506 0.30250609372052223 0.075127425151154323 -0.41867290978318161 -0.90629464749658817 1.0000000180025095e-35
decision_type=2 2 2 2 2 2 2 2 2 2 2 2 2 2 2 2 2 2 2 2 2 2 2
left_child=1 8 3 15 6 -4 7 21 14 12 11 -11 -10 -9 -1 16 -3 19 -19 -17 -21 -5 -16
right_child=-2 2 5 4 -6 -7 -8 13 9 10 -12 -13 -14 -15 22 17 -18 18 -20 20 -22 -23 -24
leaf_value=0.087452116550937778 0.25018954975264412 0.13913217627724936 0.035444723259895408 -0.045195318220123168 0.04544376830993728 0.18799346579955173 -0.15573266285657883 -0.030934886803498141 -0.076362811881442408 -0.01006697970887889 0.081651964090965895 -0.18894689202308657 -0.22109380866542008 -0.17390539703830596 -0.012147910377631585 0.034856990147859625 -0.0013920327632323556 -0.045171432354870963 0.15158894310737478 -0.017998005437850954 -0.19778770401521964 0.1048928237915039 -0.068602825931140365
leaf_weight=31 28 43 47 31 44 26 40 37 43 46 37 34 33 31 48 39 46 34 29 25 27 25 35
leaf_count=31 28 43 47 31 44 26 40 37 43 46 37 34 33 31 48 39 46 34 29 25 27 25 35
internal_value=-0.00739937 -0.0160787 0.00259096 -0.0115212 -0.0458854 0.0897772 -0.0703884 -0.042858 -0.0479447 -0.074849 -0.033044 -0.0860909 -0.139207 -0.0961126 -0.00239634 0.0178934 0.0665017 -0.0101983 0.0454008 -0.0486901 -0.11135 0.0218083 -0.0359542
internal_weight=859 831 524 451 208 73 164 124 307 193 117 80 76 68 114 243 89 154 63 91 52 56 83
internal_count=859 831 524 451 208 73 164 124 307 193 117 80 76 68 114 243 89 154 63 91 52 56 83
is_linear=0
shrinkage=0.04


Tree=52
num_leaves=25
num_cat=0
split_feature=9 9 9 9 5 6 9 6 5 8 6 6 6 9 0 6 5 6 6 9 5 0 0 6
split_gain=458.395 319.057 257.757 302.503 316.34 953.517 1204.72 743.304 213.621 159.179 155.655 403.472 130.245 225.219 123.494 191.223 135.163 112.219 101.92 236.805 187.276 66.9812 124.821 0.0908292
threshold=1.1267281630237389 -1.5609258766404703 -1.157777770690839 -0.62024696275799729 -0.25066273765626779 -0.72069791484163315 0.3876233021160812 0.52988476228989012 -0.25066273765626779 1.0000000180025095e-35 -0.60700858055694906 0.75726343085925796 -0.37962991198758139 0.79077140806571256 -1.0000000180025095e-35 1.0000000180025095e-35 0.67499283280135014 0.64357409657457409 -1.0617659176956848 0.52200600409929165 1.0000000180025095e-35 -0.7491350475729156 1.0000000180025095e-35 0.64357409657457409
decision_type=2 2 2 2 2 2 2 2 2 2 2 2 2 2 2 2 2 2 2 2 2 2 2 2
left_child=1 -1 10 14 5 -5 -7 -8 17 -10 -3 -12 18 21 15 -4 -16 -2 19 -6 -20 -14 -23 -24
right_child=8 2 3 4 12 6 7 -9 9 -11 11 -13 13 -15 16 -17 -18 -19 20 -21 -22 22 23 -25
leaf_value=0.084822826829067499 -0.028610624227117985 -0.019577967885768776 0.0080340393384297701 0.22571411758661269 -0.10385614325170933 -0.19252363793055216 0.23659574226096827 -0.052697338104248051 0.054785977214574809 0.1766742479801178 -0.23497799437621544 -0.027408946598729781 -0.051445759255916643 -0.12031535372965867 0.050521035805726665 0.15207845621260591 -0.0603991611301899 0.064517812793319293 -0.19815017072749988 0.049088975811004645 -0.064599505295710902 0.064348749697208399 -0.027563963492329303 -0.030876358173511646
leaf_weight=43 47 33 30 28 46 45 27 30 40 30 29 31 39 36 39 29 32 37 28 25 42 40 26 27
leaf_count=43 47 33 30 28 46 45 27 30 40 30 29 31 39 36 39 29 32 37 28 25 42 40 26 27
internal_value=-0.0071034 -0.0207602 -0.0276183 -0.0175276 -0.0333988 0.0189507 -0.0378078 0.0843362 0.0554164 0.107024 -0.089356 -0.127734 -0.0554228 -0.0316316 0.036068 0.0788355 0.000528834 0.0124102 -0.0837698 -0.0500022 -0.11802 -0.00744515 0.0110067 -0.0292514
internal_weight=859 705 662 569 439 130 102 57 154 70 93 60 309 168 130 59 71 84 141 71 70 132 93 53
internal_count=859 705 662 569 439 130 102 57 154 70 93 60 309 168 130 59 71 84 141 71 70 132 93 53
is_linear=0
shrinkage=0.04


Tree=53
num_leaves=24
num_cat=0
split_feature=4 4 6 4 9 4 5 4 4 6 7 9 9 5 6 5 0 4 6 8 7 6 8
split_gain=1102.76 270.171 367.339 261.277 257.542 236.487 220.24 247.105 209.39 302.103 392.686 341.788 227.668 195.214 194.24 242.194 213.946 376.206 194.209 191.038 176.587 175.278 37.6482
threshold=2.44677193864641 -0.52524262762072316 1.2120207679979937 0.25430217664606569 1.3283022159985547 0.64407457877946017 0.67499283280135014 0.93640388037950606 -0.95155619245412326 -0.37962991198758139 0.26563341774548938 -0.082716154825155472 0.051666547158054986 -0.25066273765626779 -0.72069791484163315 1.0000000180025095e-35 1.0000000180025095e-35 -0.14765061305399738 -0.83438724912631701 1.0000000180025095e-35 -0.90629464749658817 0.18881675943583826 1.0000000180025095e-35
decision_type=2 2 2 2 2 2 2 2 2 2 2 2 2 2 2 2 2 2 2 2 2 2 2
left_child=1 8 3 14 6 -4 7 20 18 12 11 -11 -10 -9 15 -3 19 -18 -1 21 -5 -16 -20
right_child=-2 2 5 4 -6 -7 -8 13 9 10 -12 -13 -14 -15 16 -17 17 -19 22 -21 -22 -23 -24
leaf_value=0.083475122874782939 0.24008296574865068 0.13230343868566113 0.033605477667103208 -0.042354326709624267 0.041868156702681028 0.18532263641357422 -0.14873159906268119 -0.02999658553986936 -0.071768325567245481 -0.0087456157208298854 0.077763675193528878 -0.17599506756838629 -0.21144585654591069 -0.16607476658398107 0.13793457292741346 0.00025800062262493629 -0.15414746849877495 0.04457757826204653 -0.010855474394435684 -0.045028466854776655 0.10052941589355469 -0.0028949551628186156 -0.06540822533198766
leaf_weight=31 28 43 48 31 44 25 40 37 43 46 37 34 33 31 31 46 35 27 48 35 25 26 35
leaf_count=31 28 43 48 31 44 25 40 37 43 46 37 34 33 31 31 46 35 27 48 35 25 26 35
internal_value=-0.00681926 -0.0151385 0.00231904 -0.0111551 -0.0440625 0.0855634 -0.0671171 -0.0407898 -0.0449357 -0.0703245 -0.0299904 -0.0798266 -0.132418 -0.0920322 0.0170126 0.0640552 -0.0101744 -0.0676059 -0.00195282 0.0285294 0.0214331 0.0736965 -0.0338596
internal_weight=859 831 524 451 208 73 164 124 307 193 117 80 76 68 243 89 154 62 114 92 56 57 83
internal_count=859 831 524 451 208 73 164 124 307 193 117 80 76 68 243 89 154 62 114 92 56 57 83
is_linear=0
shrinkage=0.04


Tree=54
num_leaves=26
num_cat=0
split_feature=4 4 6 4 8 4 6 6 4 6 4 6 6 0 4 6 6 6 7 7 0 6 8 6 4
split_gain=1016.3 248.99 338.54 240.793 220.034 192.974 278.418 385.205 190.841 264.084 406.328 372.425 179.012 197.173 346.711 194.092 581.146 178.983 175.429 172.05 135.834 92.1861 34.6966 19.7527 15.9659
threshold=2.44677193864641 -0.52524262762072316 1.2120207679979937 0.25430217664606569 1.0000000180025095e-35 -0.95155619245412326 -0.37962991198758139 0.75726343085925796 0.49790992797943717 0.41619542800520609 0.81460000471282024 -0.72069791484163315 -0.72069791484163315 1.0000000180025095e-35 -0.14765061305399738 1.0000000180025095e-35 0.52988476228989012 -0.83438724912631701 0.26563341774548938 0.55861543405600889 1.0000000180025095e-35 -1.2891445862650526 1.0000000180025095e-35 0.75726343085925796 -0.75666999138742608
decision_type=2 2 2 2 2 2 2 2 2 2 2 2 2 2 2 2 2 2 2 2 2 2 2 2 2
left_child=1 5 3 12 -4 17 18 20 -5 10 -10 -12 19 15 -15 -14 -17 -1 -7 21 -8 -3 -19 -11 -9
right_child=-2 2 4 8 -6 6 7 24 9 23 11 -13 13 14 -16 16 -18 22 -20 -21 -22 -23 -24 -25 -26
leaf_value=0.080136115858631757 0.23047964470727103 -0.01856844520568848 0.03048953724985427 -0.12082146671414375 0.17551059264403121 -0.079384244883314095 -0.0092353887630528524 -0.1297564892585461 0.037860387387600815 0.074231758912404383 -0.021272396918605354 -0.20465919855478651 -0.041870495237802202 -0.14798157119750976 0.042794475732026278 0.21745596385002139 -0.045710401781674091 -0.01042125511604051 -0.20448764821578716 0.14358064749411173 0.11081752128601075 0.080866026694958015 -0.0627918985911778 0.025384271076092355 -0.086226586273738332
leaf_weight=31 28 35 47 40 26 47 38 26 44 27 34 37 38 35 27 25 29 48 29 28 25 26 35 26 28
leaf_count=31 28 35 47 40 26 47 38 26 44 27 34 37 38 35 27 25 29 48 29 28 25 26 35 26 28
internal_value=-0.00654649 -0.0145329 0.00222628 -0.0107089 0.0821409 -0.0431382 -0.0675115 -0.0287908 -0.0423 -0.0236044 -0.0576504 -0.11684 0.0163321 -0.00976744 -0.0649017 0.0273882 0.0761259 -0.00187471 -0.127121 0.061493 0.0384047 0.0238135 -0.0325053 0.0502688 -0.107185
internal_weight=859 831 524 451 73 307 193 117 208 168 115 71 243 154 62 92 54 114 76 89 63 61 83 53 54
internal_count=859 831 524 451 73 307 193 117 208 168 115 71 243 154 62 92 54 114 76 89 63 61 83 53 54
is_linear=0
shrinkage=0.04


Tree=55
num_leaves=24
num_cat=0
split_feature=4 4 4 4 4 0 7 4 8 4 0 9 0 4 4 4 9 9 8 4 4 7 9
split_gain=709.134 347.131 597.684 513.734 319.302 274.392 366.859 252.685 265.889 237.077 296.51 804.783 245.748 566.553 552.34 295.344 291.164 275.244 232.286 190.542 183.704 166.365 131.668
threshold=2.3127876754130554 -0.14765061305399738 1.3505370576462379 1.0216665933461864 -0.24509371358734597 0.74913504757291582 1.4375614829875671 0.095957138279374146 1.0000000180025095e-35 -1.1342620059541517 0.74913504757291582 1.0000000180025095e-35 1.0000000180025095e-35 -0.58614456545406601 -0.63486611572074036 -1.0002777427207976 -0.21709885680836591 0.3876233021160812 1.0000000180025095e-35 0.38828643987942002 -0.48870146492071748 1.0000000180025095e-35 -0.62024696275799729
decision_type=2 2 2 2 2 2 2 2 2 2 2 2 2 2 2 2 2 2 2 2 2 2 2
left_child=1 4 3 5 9 6 7 -3 19 21 12 22 13 15 -14 -11 -17 -18 -7 -9 -15 -1 -12
right_child=-2 2 -4 -5 -6 18 -8 8 -10 10 11 -13 14 20 -16 16 17 -19 -20 -21 -22 -23 -24
leaf_value=-0.0099086926460266109 0.21153920765276307 0.059691449533338131 -0.098281363373001418 0.17835359067387052 -0.12094664949840971 0.035948880116144818 0.14638040781021119 -0.18042339407971927 0.029574758663773536 0.064749515467676627 0.016424244527633376 0.18414042134647784 0.033480379398052512 0.17192984263102215 -0.22725001172377515 0.017520437310723697 -0.18196485481363664 -0.019767029010332549 0.17260151708827298 -0.044372830733656887 0.041508735405902074 -0.14962306928634644 -0.1121426332473755
leaf_weight=25 27 46 48 45 45 48 25 28 40 29 26 46 26 27 26 34 47 26 34 40 48 30 25
leaf_count=25 27 46 48 45 45 48 25 28 40 29 26 46 26 27 26 34 47 26 34 40 48 30 25
internal_value=0.00986215 0.00317262 0.032949 0.0535341 -0.0197422 0.0320136 0.00425441 -0.018818 -0.0522572 -0.00876827 0.00304883 0.062824 -0.0189975 0.000197464 -0.0968848 -0.0484769 -0.0791644 -0.124196 0.0926097 -0.100394 0.0884603 -0.0861165 -0.0465987
internal_weight=841 814 354 306 460 261 179 154 108 415 360 97 263 211 52 136 107 73 82 68 75 55 51
internal_count=841 814 354 306 460 261 179 154 108 415 360 97 263 211 52 136 107 73 82 68 75 55 51
is_linear=0
shrinkage=0.04


Tree=56
num_leaves=24
num_cat=0
split_feature=4 4 4 4 4 0 7 4 0 9 4 4 4 0 9 7 7 6 9 6 7 7 4
split_gain=653.538 319.916 550.826 473.457 294.268 252.88 338.097 232.874 256.545 462.735 218.49 273.777 514.825 403.279 556.118 246.6 253.195 469.002 314.31 368.095 198.98 153.322 52.1932
threshold=2.3127876754130554 -0.14765061305399738 1.3505370576462379 1.0216665933461864 -0.24509371358734597 0.74913504757291582 1.4375614829875671 0.095957138279374146 -0.7491350475729156 -0.75462966474120774 -1.1342620059541517 -1.0855404556874777 -0.97591696758746049 0.74913504757291582 1.0000000180025095e-35 0.55861543405600889 0.26563341774548938 -0.83438724912631701 -0.14990750581676068 0.41619542800520609 0.26563341774548938 1.0000000180025095e-35 0.25430217664606569
decision_type=2 2 2 2 2 2 2 2 2 2 2 2 2 2 2 2 2 2 2 2 2 2 2
left_child=1 4 3 5 10 6 7 -3 -9 -10 21 -12 -13 15 -15 16 17 -14 19 -19 22 -1 -7
right_child=-2 2 -4 -5 -6 20 -8 8 9 -11 11 12 13 14 -16 -17 -18 18 -20 -21 -22 -23 -24
leaf_value=-0.0095123443603515618 0.20307764247611718 0.057303792064118647 -0.094350108976165456 0.17121945268577998 -0.11610878407955171 0.080321755409240719 0.14052519235610963 0.021405675466293874 0.021148595787860731 -0.1992485740184784 0.13061778497695922 -0.17079632631370001 0.094734914709882045 -0.019850310342652458 0.18599159277620772 -0.11257480207242465 0.10566658139228821 -0.088638615302550489 -0.143768535029629 0.099536786879701855 0.17314106809681859 -0.14363814374804496 0.00080551300048828129
leaf_weight=25 27 46 48 45 45 28 25 46 27 35 25 28 41 42 42 38 30 39 46 29 29 30 25
leaf_count=25 27 46 48 45 45 28 25 46 27 35 25 28 41 42 42 38 30 39 46 29 29 30 25
internal_value=0.00946767 0.00304572 0.031631 0.0513928 -0.0189525 0.030733 0.00408423 -0.0180653 -0.0501669 -0.103269 -0.00841753 0.00292688 -0.00660229 0.00837306 0.0830706 -0.0197641 -0.00070034 -0.0212875 -0.0630148 -0.00838734 0.0889053 -0.0826719 0.0428141
internal_weight=841 814 354 306 460 261 179 154 108 62 415 360 335 307 84 223 185 155 114 68 82 55 53
internal_count=841 814 354 306 460 261 179 154 108 62 415 360 335 307 84 223 185 155 114 68 82 55 53
is_linear=0
shrinkage=0.04


Tree=57
num_leaves=25
num_cat=0
split_feature=9 0 0 9 7 6 9 0 7 9 9 9 6 6 0 6 8 6 9 9 7 6 9 6
split_gain=385.737 199.768 418.344 423.729 707.274 467.466 411.504 343.343 385.665 351.567 292.947 261.343 257.964 201.381 200.045 354.26 197.174 175.973 175.918 166.968 83.743 49.4637 47.2091 24.6026
threshold=1.4626849179817649 0.74913504757291582 1.0000000180025095e-35 -0.21709885680836591 -1.1992766638071075 0.98464209942862591 -0.9562037177160233 1.2485584126215263 1.0000000180025095e-35 -1.0233950687076285 0.11885789814966023 0.3876233021160812 0.075127425151154323 -1.0617659176956848 -1.2485584126215259 -0.15225124341821353 1.0000000180025095e-35 0.075127425151154323 0.051666547158054986 -1.4265431746572599 0.55861543405600889 0.075127425151154323 -0.14990750581676068 -0.83438724912631701
decision_type=2 2 2 2 2 2 2 2 2 2 2 2 2 2 2 2 2 2 2 2 2 2 2 2
left_child=1 2 3 4 19 11 -6 8 9 -3 17 18 23 -9 -13 -16 22 -4 -5 -1 -7 -2 -15 -8
right_child=21 7 10 5 6 20 12 13 -10 -11 -12 14 -14 16 15 -17 -18 -19 -20 -21 -22 -23 -24 -25
leaf_value=0.0010464667019091155 0.13651138344231772 0.12288790000336511 0.031590807695646546 -0.049907288633543871 0.2262212833017111 0.02066454189164298 0.029725254535675049 0.081208620071411136 0.16686847516468592 -0.06727293906893049 -0.15911625089910295 -0.1183756443389036 0.13477059404551983 -0.12639259408260214 -0.068595274890011007 0.10060012333095074 0.034842719533030066 -0.095459173917770382 -0.17999544119223573 -0.12296408741734922 0.11849413841962815 0.066043192664782202 -0.05216449856758118 -0.022229117932915689
leaf_weight=38 34 28 37 29 32 28 35 26 49 35 45 27 45 29 44 36 31 33 39 32 28 30 26 25
leaf_count=38 34 28 37 29 32 28 35 26 49 35 45 27 45 29 44 36 31 33 39 32 28 30 26 25
internal_value=0.00908896 0.0013142 -0.0115942 0.00623267 0.0477939 -0.0310105 0.100645 0.0331819 0.0827041 0.017243 -0.0794915 -0.0631992 0.0623746 -0.0163403 -0.0242311 0.00754265 -0.0458318 -0.0283042 -0.124517 -0.0556441 0.0695793 0.103479 -0.0913029 0.0080776
internal_weight=841 777 553 438 207 231 137 224 112 63 115 175 105 112 107 80 86 70 68 70 56 64 55 60
internal_count=841 777 553 438 207 231 137 224 112 63 115 175 105 112 107 80 86 70 68 70 56 64 55 60
is_linear=0
shrinkage=0.04


Tree=58
num_leaves=24
num_cat=0
split_feature=4 4 4 4 4 0 8 4 4 4 0 9 9 9 6 9 6 4 0 0 9 9 6
split_gain=594.173 287.362 496.628 439.841 270.673 229.626 206.447 201.305 244.176 467.964 357.096 496.459 224.075 201.607 415.158 279.131 327.133 139.253 322.072 311.2 275.786 138.418 39.5014
threshold=2.3127876754130554 -0.14765061305399738 1.3505370576462379 1.0216665933461864 -0.24509371358734597 0.74913504757291582 1.0000000180025095e-35 -1.1342620059541517 -1.0855404556874777 -0.97591696758746049 0.74913504757291582 1.0000000180025095e-35 0.58919735509089699 0.25324060013287075 -0.83438724912631701 -0.14990750581676068 0.41619542800520609 0.095957138279374146 -0.7491350475729156 -1.2485584126215259 -0.75462966474120774 1.0000000180025095e-35 0.18881675943583826
decision_type=2 2 2 2 2 2 2 2 2 2 2 2 2 2 2 2 2 2 2 2 2 2 2
left_child=1 4 3 5 7 17 -7 21 -9 -10 12 -12 13 14 -11 16 -16 22 19 -19 -20 -1 -3
right_child=-2 2 -4 -5 -6 6 -8 8 9 10 11 -13 -14 -15 15 -17 -18 18 20 -21 -22 -23 -24
leaf_value=-0.0099044651031494138 0.19333264419326074 0.023424762487411498 -0.089928892130653054 0.16395288181304932 -0.11142656384315341 0.030562163740396501 0.15939029525308049 0.12333651261329651 -0.16279640231813705 0.089034441447839507 -0.018929158250490824 0.175558484771422 -0.10692318856716156 0.089336656946124457 -0.085127291325957352 -0.13968055415985198 0.092269306408947913 -0.044474835950752779 0.0205080908536911 0.1392831871509552 -0.14412876458066268 -0.13734504201511544 0.093150700468283429
leaf_weight=25 27 26 48 45 45 48 34 25 28 41 42 42 38 33 39 43 29 29 27 30 41 30 26
leaf_count=25 27 26 48 45 45 48 34 25 28 41 42 42 38 33 39 43 29 29 27 30 41 30 26
internal_value=0.0087254 0.00260207 0.029694 0.0484584 -0.0182469 0.0285455 0.0839787 -0.00814312 0.00274602 -0.00625327 0.00802428 0.0783147 -0.0184528 -0.000280522 -0.0197369 -0.0599137 -0.00947286 0.00315154 -0.0194239 0.0489614 -0.0787582 -0.0794175 0.0582877
internal_weight=841 814 354 306 460 261 82 415 360 335 307 84 223 185 152 111 68 179 127 59 68 55 52
internal_count=841 814 354 306 460 261 82 415 360 335 307 84 223 185 152 111 68 179 127 59 68 55 52
is_linear=0
shrinkage=0.04


Tree=59
num_leaves=24
num_cat=0
split_feature=4 4 4 4 4 0 7 4 8 8 4 4 4 0 4 7 7 6 7 6 4 7 6
split_gain=547.59 264.833 457.693 405.358 249.452 211.623 296.237 197.011 235.995 190.261 185.523 225.033 431.276 329.099 488.676 206.507 230.86 387.058 219.813 308.128 180.968 127.566 91.5823
threshold=2.3127876754130554 -0.14765061305399738 1.3505370576462379 1.0216665933461864 -0.24509371358734597 0.74913504757291582 1.4375614829875671 0.095957138279374146 1.0000000180025095e-35 1.0000000180025095e-35 -1.1342620059541517 -1.0855404556874777 -0.97591696758746049 0.74913504757291582 -0.59832495302073463 0.55861543405600889 0.26563341774548938 -0.83438724912631701 -0.32033061487554942 0.41619542800520609 0.38828643987942002 1.0000000180025095e-35 0.41619542800520609
decision_type=2 2 2 2 2 2 2 2 2 2 2 2 2 2 2 2 2 2 2 2 2 2 2
left_child=1 4 3 5 10 6 7 -3 20 -7 21 -12 -13 15 -15 16 17 -14 19 -19 -9 -1 -20
right_child=-2 2 -4 -5 -6 9 -8 8 -10 -11 11 12 13 14 -16 -17 -18 18 22 -21 -22 -23 -24
leaf_value=-0.0095082875251770015 0.18559933812529952 0.051615470427533852 -0.086331732658048485 0.15739476823806764 -0.10696950453519823 0.029339674264192581 0.13074092841148377 -0.17057706015450613 0.029860627382993696 0.15301468400394216 0.11840305714607238 -0.15628454505332878 0.085473070319105934 0.15873500391840936 -0.036221822367774117 -0.10264625935178055 0.10129791434605917 -0.092814841443492516 -0.062324657119237466 0.088578535143671366 -0.037988521397113797 -0.13185124018788338 -0.16657965094815672
leaf_weight=25 27 46 48 45 45 48 25 28 40 34 25 28 41 48 36 38 30 31 26 29 40 30 28
leaf_count=25 27 46 48 45 45 48 25 28 40 34 25 28 41 48 36 38 30 31 26 29 40 30 28
internal_value=0.00837639 0.00249798 0.0285062 0.04652 -0.0175171 0.0274037 0.00302548 -0.0177075 -0.047234 0.0806196 -0.0078174 0.00263618 -0.00600314 0.00770331 0.0751821 -0.0177147 -0.0002693 -0.0199275 -0.0578347 -0.00514138 -0.0925838 -0.0762408 -0.116383
internal_weight=841 814 354 306 460 261 179 154 108 82 415 360 335 307 84 223 185 155 114 60 68 55 54
internal_count=841 814 354 306 460 261 179 154 108 82 415 360 335 307 84 223 185 155 114 60 68 55 54
is_linear=0
shrinkage=0.04


Tree=60
num_leaves=27
num_cat=0
split_feature=2 0 4 9 8 9 5 4 4 9 5 4 0 0 9 4 4 4 4 4 4 5 4 4 4 9
split_gain=675.214 347.429 500.988 278.012 240.742 462.044 519.374 712.842 322.286 287.72 256.162 226.518 195.004 152.795 233.259 224.457 377.21 189.024 330.309 146.301 418.905 230.876 221.866 143.947 76.6749 61.383
threshold=-2.9592882694284057 1.2485584126215263 1.8438427540963152 -0.082716154825155472 1.0000000180025095e-35 0.3876233021160812 -0.25066273765626779 -0.46434068978738036 0.93640388037950606 0.051666547158054986 1.0000000180025095e-35 0.047235588012699836 -1.0000000180025095e-35 0.74913504757291582 1.0000000180025095e-35 0.14467868854604846 -0.72012882868742045 -0.78103076652076331 -0.17201138818733452 -0.45216030222071174 -0.25727410115401456 0.67499283280135014 -0.72012882868742045 0.010694425312694102 -0.97591696758746049 -0.9562037177160233
decision_type=2 2 2 2 2 2 2 2 2 2 2 2 2 2 2 2 2 2 2 2 2 2 2 2 2 2
left_child=-1 2 4 25 5 9 7 -7 13 19 -8 -5 -9 14 15 16 -6 -16 -19 22 -21 23 24 -22 -2 -3
right_child=1 3 -4 11 8 6 10 12 -10 -11 -12 -13 -14 -15 17 -17 -18 18 -20 20 21 -23 -24 -25 -26 -27
leaf_value=0.16435859952654158 -0.044659842848777768 -0.057246212826834786 0.1451475994267008 -0.20741196864229794 0.080345387172698984 0.29698066676104512 -0.082692364500392052 0.12675919793270252 -0.17237571537494659 -0.11351887674964203 0.067529569827020172 -0.048802812385559086 -0.020279999702207504 0.049743099458077381 -0.18420726709365845 0.094840438472373154 -0.11869414129509377 0.037928754280010864 -0.15893719503879547 0.15774871768695969 -0.12956982868689079 0.067539558857679372 -0.11251900258712297 -0.013679604936153332 0.048833115987945347 0.028047498861948648
leaf_weight=35 25 27 34 34 25 27 42 27 28 49 32 25 31 34 25 28 39 30 25 28 27 36 43 47 32 27
leaf_count=35 25 27 34 34 25 27 42 27 28 49 32 25 31 34 25 28 39 30 25 28 27 36 43 47 32 27
internal_value=-0.00772753 -0.0150105 -0.00469642 -0.0801809 -0.0121886 0.00505078 0.0597495 0.127203 -0.0450466 -0.0252527 -0.0177315 -0.140205 0.0481693 -0.0277397 -0.0430561 0.000381472 -0.0409443 -0.0930094 -0.0515558 -0.00708022 0.0196164 -0.0155446 -0.0439215 -0.0559639 0.00782743 -0.0145994
internal_weight=862 827 714 113 680 446 159 85 234 287 74 59 58 206 172 92 64 80 55 238 138 110 100 74 57 54
internal_count=862 827 714 113 680 446 159 85 234 287 74 59 58 206 172 92 64 80 55 238 138 110 100 74 57 54
is_linear=0
shrinkage=0.04


end of trees

feature_importances:
Column_4=413
Column_9=331
Column_6=250
Column_0=148
Column_7=140
Column_5=118
Column_8=81
Column_2=40
Column_3=10
Column_1=5

parameters:
[boosting: gbdt]
[objective: regression]
[metric: rmse]
[tree_learner: serial]
[device_type: cpu]
[data_sample_strategy: bagging]
[data: ]
[valid: ]
[num_iterations: 61]
[learning_rate: 0.04]
[num_leaves: 45]
[num_threads: 0]
[seed: 0]
[deterministic: 0]
[force_col_wise: 0]
[force_row_wise: 0]
[histogram_pool_size: -1]
[max_depth: -1]
[min_data_in_leaf: 25]
[min_sum_hessian_in_leaf: 0.001]
[bagging_fraction: 0.8]
[pos_bagging_fraction: 1]
[neg_bagging_fraction: 1]
[bagging_freq: 5]
[bagging_seed: 3]
[bagging_by_query: 0]
[feature_fraction: 0.8]
[feature_fraction_bynode: 1]
[feature_fraction_seed: 2]
[extra_trees: 0]
[extra_seed: 6]
[early_stopping_round: 0]
[early_stopping_min_delta: 0]
[first_metric_only: 0]
[max_delta_step: 0]
[lambda_l1: 0]
[lambda_l2: 0]
[linear_lambda: 0]
[min_gain_to_split: 0]
[drop_rate: 0.1]
[max_drop: 50]
[skip_drop: 0.5]
[xgboost_dart_mode: 0]
[uniform_drop: 0]
[drop_seed: 4]
[top_rate: 0.2]
[other_rate: 0.1]
[min_data_per_group: 100]
[max_cat_threshold: 32]
[cat_l2: 10]
[cat_smooth: 10]
[max_cat_to_onehot: 4]
[top_k: 20]
[monotone_constraints: ]
[monotone_constraints_method: basic]
[monotone_penalty: 0]
[feature_contri: ]
[forcedsplits_filename: ]
[refit_decay_rate: 0.9]
[cegb_tradeoff: 1]
[cegb_penalty_split: 0]
[cegb_penalty_feature_lazy: ]
[cegb_penalty_feature_coupled: ]
[path_smooth: 0]
[interaction_constraints: ]
[verbosity: -1]
[saved_feature_importance_type: 0]
[use_quantized_grad: 0]
[num_grad_quant_bins: 4]
[quant_train_renew_leaf: 0]
[stochastic_rounding: 1]
[linear_tree: 0]
[max_bin: 255]
[max_bin_by_feature: ]
[min_data_in_bin: 3]
[bin_construct_sample_cnt: 200000]
[data_random_seed: 1]
[is_enable_sparse: 1]
[enable_bundle: 1]
[use_missing: 1]
[zero_as_missing: 0]
[feature_pre_filter: 1]
[pre_partition: 0]
[two_round: 0]
[header: 0]
[label_column: ]
[weight_column: ]
[group_column: ]
[ignore_column: ]
[categorical_feature: ]
[forcedbins_filename: ]
[precise_float_parser: 0]
[parser_config_file: ]
[objective_seed: 5]
[num_class: 1]
[is_unbalance: 0]
[scale_pos_weight: 1]
[sigmoid: 1]
[boost_from_average: 1]
[reg_sqrt: 0]
[alpha: 0.9]
[fair_c: 1]
[poisson_max_delta_step: 0.7]
[tweedie_variance_power: 1.5]
[lambdarank_truncation_level: 30]
[lambdarank_norm: 1]
[label_gain: ]
[lambdarank_position_bias_regularization: 0]
[eval_at: ]
[multi_error_top_k: 1]
[auc_mu_weights: ]
[num_machines: 1]
[local_listen_port: 12400]
[time_out: 120]
[machine_list_filename: ]
[machines: ]
[gpu_platform_id: -1]
[gpu_device_id: -1]
[gpu_use_dp: 0]
[num_gpu: 1]

end of parameters

pandas_categorical:null
