tree
version=v4
num_class=1
num_tree_per_iteration=1
label_index=0
max_feature_idx=9
objective=regression
feature_names=Column_0 Column_1 Column_2 Column_3 Column_4 Column_5 Column_6 Column_7 Column_8 Column_9
feature_infos=[-1.4982700951458314:1.4982700951458314] [-0.63368320487849272:1.5780755940845042] [-7.3958776108082063:2.7448980266313372] [-0.26699649569399087:3.7453675090407055] [-1.6032069272708922:5.5710413494968991] [-3.721871126872335:3.2205456515597994] [-1.6870572562614465:1.7236227722790711] [-1.6387496882728867:1.5840524911428266] [-1.2456510737482795:1.2115858666267003] [-1.7289042541194837:1.6978546464523832]
tree_sizes=2210 2426 2252 2596 2425 2426 2352 2337 2521 2264 2356 2436 2365 2526 2437 2265 2277 2441 2191 2193 2264 2175 2268 2271 2179 2623 2458 2543 2522 2439 2440 2520 2276 2276 2444 2437 2270 2443 2441 2518 2451 2535 2440 2455 2531 2355 2520 2365

Tree=0
num_leaves=26
num_cat=0
split_feature=9 2 7 8 5 9 9 9 5 9 0 0 5 5 5 8 6 0 6 5 0 8 0 6 0
split_gain=958.615 187.834 231.64 151.19 139.539 129.288 124.37 101.798 84.6217 78.6746 37.7291 64.8581 31.8755 29.9183 58.5967 32.1884 28.541 25.8727 25.4616 25.0175 21.0986 20.8678 41.4782 15.019 13.527
threshold=0.99234546104052834 1.0000000180025095e-35 -0.32033061487554942 -0.63134183865453442 1.0000000180025095e-35 1.0000000180025095e-35 -0.6874383137496024 1.4626849179817649 -0.25066273765626779 -0.82182101573281285 -0.7491350475729156 0.74913504757291582 -0.71349052288507664 -1.1763183081138855 -1.6391460933426945 1.0000000180025095e-35 -0.72069791484163315 0.74913504757291582 0.87095276514394182 1.0000000180025095e-35 1.0000000180025095e-35 1.0000000180025095e-35 1.0000000180025095e-35 -0.26594057770289742 -1.0000000180025095e-35
decision_type=2 2 2 2 2 2 2 2 2 2 2 2 2 2 2 2 2 2 2 2 2 2 2 2 2
left_child=1 -1 4 5 13 -4 9 10 -7 16 -2 -12 -9 14 -3 20 -6 18 -8 21 -15 22 -5 -23 -21
right_child=7 2 3 19 6 8 17 12 -10 -11 11 -13 -14 15 -16 -17 -18 -19 -20 24 -22 23 -24 -25 -26
leaf_value=9.0803606680724158 9.1124410123690875 8.97499481425033 8.926370424238014 8.8917598975125998 9.0744319623905252 9.0634704239363888 8.9989704240841597 9.1059704246783433 8.9759704241355145 9.1202128483162532 9.0321406366560453 9.1059704242033686 9.1613362776304363 8.9685630167266286 9.047220424217338 8.9464466147704744 9.0183946668864063 8.9731132815338199 9.0498165781591311 8.9436627318763335 9.0190473472982013 8.9304531827241824 8.9552807688668494 8.9699098179838721 8.9815259795881808
leaf_weight=41 34 41 25 38 26 48 40 28 28 33 47 32 41 27 32 42 33 28 26 26 26 29 29 33 36
leaf_count=41 34 41 25 38 26 48 40 28 28 33 47 32 41 27 32 42 33 28 26 26 26 29 29 33 36
internal_value=9.01896 8.99734 8.99207 8.9657 9.01382 9.00528 9.03769 9.10059 9.03123 9.07075 9.07721 9.06205 9.13887 8.9874 9.00666 8.9726 9.04309 9.00533 9.019 8.94477 8.99333 8.93473 8.91925 8.95145 8.96565
internal_weight=869 687 646 292 354 101 186 182 76 92 113 79 69 168 73 95 59 94 66 191 53 129 67 62 62
internal_count=869 687 646 292 354 101 186 182 76 92 113 79 69 168 73 95 59 94 66 191 53 129 67 62 62
is_linear=0
shrinkage=1


Tree=1
num_leaves=27
num_cat=0
split_feature=9 4 2 5 9 9 4 4 4 4 4 4 4 0 0 6 6 6 5 4 5 4 6 0 9 4
split_gain=883.46 317.913 137.588 98.1362 182.212 93.8167 100.821 53.3585 65.352 53.0364 48.3731 41.4953 34.2576 43.3072 32.8506 32.6957 44.0924 32.4536 29.3764 27.7776 25.8907 25.655 23.765 22.2397 14.2232 8.43866
threshold=0.99234546104052834 -0.37907797682070027 1.0000000180025095e-35 1.0000000180025095e-35 -0.6874383137496024 1.4626849179817649 1.4236193830462491 -0.52524262762072316 -1.0002777427207976 0.25430217664606569 -0.89065425462078041 -0.81757192922076893 -0.68358766598741461 -1.0000000180025095e-35 1.0000000180025095e-35 0.64357409657457409 -0.37962991198758139 -0.60700858055694906 -0.71349052288507664 0.047235588012699836 1.0000000180025095e-35 0.70497651661280314 -0.15225124341821353 -1.2485584126215259 -1.2921604726740494 0.49790992797943717
decision_type=2 2 2 2 2 2 2 2 2 2 2 2 2 2 2 2 2 2 2 2 2 2 2 2 2 2
left_child=1 7 -3 14 9 6 17 8 15 -5 -10 -12 22 -14 23 16 -1 -2 -7 -6 -9 -19 -13 -4 -25 -16
right_child=5 2 3 4 19 18 -8 20 10 -11 11 12 13 -15 25 -17 -18 21 -20 -21 -22 -23 -24 24 -26 -27
leaf_value=-0.053376866380373644 0.072690714310716706 0.091452238063017527 -0.0055792031924311938 0.11420675133024492 -0.034411926980980716 0.085761183649301534 0.12398102830563273 -0.10975422084618072 0.011395461728627033 0.040215383220103477 -0.082176604397021805 -0.030606170146810739 -0.085161874704062945 -0.02232089136350662 -0.011017654396073764 -0.032782575592398645 -0.12302737992830003 -0.0043780548684298993 0.13891240125749169 0.013267797415199525 -0.055218808134396877 0.049115124402137902 0.017044613961787785 -0.067551471493912468 -0.0287911791993039 0.017199471329471895
leaf_weight=33 27 30 26 31 46 28 28 26 44 31 26 33 28 47 43 30 26 32 41 34 30 26 34 33 28 28
leaf_count=33 27 30 26 31 46 28 28 26 44 31 26 33 28 47 43 30 26 32 41 34 30 26 34 33 28 28
internal_value=0.00223345 -0.0185253 0.00977644 0.00160886 0.0257411 0.080592 0.0581506 -0.0446865 -0.0380163 0.0772111 -0.0259401 -0.0357184 -0.027212 -0.0457815 -0.0200797 -0.0667823 -0.0840703 0.0364652 0.117344 -0.014148 -0.0805388 0.0196016 -0.00642518 -0.0365564 -0.0497599 0.000110226
internal_weight=869 687 330 300 142 182 113 357 301 62 212 168 142 75 158 89 59 85 69 80 56 58 67 87 61 71
internal_count=869 687 330 300 142 182 113 357 301 62 212 168 142 75 158 89 59 85 69 80 56 58 67 87 61 71
is_linear=0
shrinkage=0.04


Tree=2
num_leaves=25
num_cat=0
split_feature=9 4 3 8 5 9 9 4 9 5 4 9 4 9 0 4 4 5 4 4 4 4 5 4
split_gain=814.196 292.988 114.315 102.969 88.6877 167.927 86.4615 92.9167 83.8205 62.2513 61.6464 55.9656 48.8783 35.3632 31.4342 31.3392 37.306 27.0733 25.5998 24.0407 20.2584 18.9024 15.0492 11.546
threshold=0.99234546104052834 -0.37907797682070027 1.0000000180025095e-35 -0.63134183865453442 1.0000000180025095e-35 -0.6874383137496024 1.4626849179817649 1.4236193830462491 -0.082716154825155472 -0.25066273765626779 -0.76885037895409469 -0.35148155879157633 0.25430217664606569 0.52200600409929165 -0.7491350475729156 -0.22073293845400885 1.0216665933461864 -0.71349052288507664 0.047235588012699836 -0.89065425462078041 0.19340023881272278 -0.73230921625408896 1.1378206180301593 0.74151767931280876
decision_type=2 2 2 2 2 2 2 2 2 2 2 2 2 2 2 2 2 2 2 2 2 2 2 2
left_child=1 3 4 9 15 12 7 14 10 21 -5 -11 -6 19 -2 -3 20 -8 -7 -10 -17 -1 -12 -16
right_child=6 2 -4 8 5 18 17 -9 13 11 22 -13 -14 -15 23 16 -18 -19 -20 -21 -22 -23 -24 -25
leaf_value=0.042420411115246158 0.072690628099441532 0.019445980239127362 0.082500861364026221 0.0022292698697840914 0.10963847971731618 -0.033035450809351774 0.082330736390181958 0.11902179051722798 -0.070936380177736277 0.0083879808783531191 -0.075207364831326742 -0.067903738939668987 0.038606769923240906 -0.051499207609229616 0.0044751201825482508 -0.022659943468522195 0.0037198863728415401 0.13335590798680375 0.012737085311947501 -0.11437468129111097 -0.061266562133519491 -0.0054323376893997194 -0.036107429792173205 0.040066724228858951
leaf_weight=28 25 28 31 47 31 46 28 28 36 25 36 40 31 45 35 43 42 41 34 47 44 25 28 25
leaf_count=28 25 28 31 47 31 46 28 28 36 25 36 40 31 45 35 43 42 41 34 47 44 25 28 25
internal_value=0.00214411 -0.0177843 0.00938538 -0.0428991 0.00180485 0.0247115 0.0773683 0.0558245 -0.0579936 -0.0123262 -0.0325558 -0.0385608 0.0741226 -0.080053 0.0350066 -0.0189133 -0.0272393 0.11265 -0.0135821 -0.095534 -0.0421851 0.0198484 -0.0581011 0.019305
internal_weight=869 687 330 357 299 142 182 113 239 118 111 65 62 128 85 157 129 69 80 83 87 53 64 60
internal_count=869 687 330 357 299 142 182 113 239 118 111 65 62 128 85 157 129 69 80 83 87 53 64 60
is_linear=0
shrinkage=0.04


Tree=3
num_leaves=29
num_cat=0
split_feature=7 4 7 8 4 5 7 5 5 6 6 6 7 8 7 5 6 4 4 6 1 7 6 6 4 6 5 6
split_gain=675.895 264.104 99.1198 92.0913 84.3193 81.9046 87.9012 79.9089 60.6089 60.3134 71.8769 58.6655 42.4124 39.1241 36.387 34.7276 42.4187 30.7665 29.9194 28.2145 48.9302 26.6931 25.7689 17.2446 33.4051 14.5561 13.4845 1.9831
threshold=0.85159745036652823 -0.37907797682070027 1.4375614829875671 -0.63134183865453442 1.8438427540963152 -0.25066273765626779 -0.61331263118606871 1.1378206180301593 -0.25066273765626779 0.64357409657457409 -0.26594057770289742 0.30250609372052223 -0.32033061487554942 1.0000000180025095e-35 -0.32033061487554942 0.67499283280135014 0.30250609372052223 -0.18419177575400311 -0.76885037895409469 -1.0617659176956848 1.0000000180025095e-35 0.55861543405600889 -0.60700858055694906 0.075127425151154323 -0.85411309192077478 0.30250609372052223 -1.1763183081138855 1.0000000180025095e-35
decision_type=2 2 2 2 2 2 2 2 2 2 2 2 2 2 2 2 2 2 2 2 2 2 2 2 2 2 2 2
left_child=1 3 4 8 19 17 9 14 11 10 -7 -1 -10 27 18 -8 -17 -3 -5 -2 25 23 -19 24 -16 -21 -24 -4
right_child=2 5 13 7 -6 6 15 -9 12 -11 -12 -13 -14 -15 21 16 -18 22 -20 20 -22 -23 26 -25 -26 -27 -28 -29
leaf_value=0.058819744608231951 0.065430485995916221 0.025330827361345291 0.071115907382965096 -0.0089693989853064215 0.10971792998313903 0.040375571113985938 0.032967739038910995 -0.0065778316626715107 0.00016322323336051062 0.005634263091321502 0.12715909667886222 -0.025482733032107352 -0.066500410598677562 0.13945124928767866 -0.039046235537528992 -0.060170973289012906 0.013514816737174988 -0.054643963133135152 -0.069697024142742162 0.016822454051838982 0.065681316530704498 -0.050439158564522149 0.0045004613264463846 -0.10575085261215766 -0.1026606058222907 -0.021256859240860772 -0.030041853593605939 0.086894222773038432
leaf_weight=28 26 25 25 27 25 37 27 43 26 28 26 25 37 26 25 25 25 31 25 36 25 42 40 48 28 29 33 26
leaf_count=28 26 25 25 27 25 37 27 43 26 28 26 25 37 26 25 25 25 31 25 36 25 42 40 48 28 29 33 26
internal_value=0.00205835 -0.0183556 0.0630193 -0.041692 0.0430875 0.00945947 0.0278662 -0.0559352 -0.0124689 0.0544812 0.076191 0.0190544 -0.0389884 0.0995179 -0.0668192 -0.00358799 -0.0233281 -0.0145121 -0.0381654 0.0287275 0.0181244 -0.0772387 -0.0240897 -0.0883831 -0.0726538 -0.000166778 -0.0111146 0.0791598
internal_weight=869 651 218 354 141 297 168 238 116 91 63 53 63 77 195 77 50 129 52 116 90 143 104 101 53 65 73 51
internal_count=869 651 218 354 141 297 168 238 116 91 63 53 63 77 195 77 50 129 52 116 90 143 104 101 53 65 73 51
is_linear=0
shrinkage=0.04


Tree=4
num_leaves=27
num_cat=0
split_feature=9 4 2 5 9 9 4 4 4 4 4 9 9 0 0 6 6 0 6 5 4 0 9 6 0 4
split_gain=700.84 246.31 113.066 79.6308 145.922 72.9874 80.9192 47.3999 62.3171 44.1922 41.1666 40.0019 78.8313 92.6689 30.305 29.4962 39.3884 28.8084 26.779 23.6467 22.6321 20.9426 12.5215 11.0681 9.21478 8.30469
threshold=0.99234546104052834 -0.37907797682070027 1.0000000180025095e-35 1.0000000180025095e-35 -0.6874383137496024 1.4626849179817649 1.4236193830462491 -0.52524262762072316 -1.0002777427207976 0.25430217664606569 -0.89065425462078041 0.3876233021160812 -0.21709885680836591 -1.0000000180025095e-35 -0.7491350475729156 0.64357409657457409 -0.37962991198758139 1.0000000180025095e-35 0.41619542800520609 1.0000000180025095e-35 0.047235588012699836 -1.2485584126215259 -1.2921604726740494 0.075127425151154323 -1.0000000180025095e-35 0.49790992797943717
decision_type=2 2 2 2 2 2 2 2 2 2 2 2 2 2 2 2 2 2 2 2 2 2 2 2 2 2
left_child=1 7 -3 17 9 6 14 8 15 -5 -10 12 24 -14 -2 16 -1 21 -7 -9 -6 -4 -23 -16 -12 -19
right_child=5 2 3 4 20 18 -8 19 10 -11 11 -13 13 -15 23 -17 -18 25 -20 -21 -22 22 -24 -25 -26 -27
leaf_value=-0.048754274176828788 0.069546984219551092 0.082438770651817317 -0.0039120166634137813 0.10256313864261873 -0.031255041270962229 0.12416349107310887 0.11094970013414111 -0.10125239273676506 0.012981056377969005 0.035022244799521658 0.008996911163407343 0.0022845870120958849 -0.13270498757362367 -0.03499541303006614 -0.00063355883647655631 -0.029050574898719789 -0.11458467478935536 -0.010674819533908092 0.073104117446475561 -0.049133914748827612 0.011782629253233182 -0.063478375041123594 -0.027110639863780567 0.03374542419468203 -0.02296654381098286 0.017317413095526198
leaf_weight=33 25 30 26 31 46 42 28 26 44 31 27 44 25 41 29 30 26 43 27 30 34 33 28 31 31 28
leaf_count=33 25 30 26 31 46 42 28 26 44 31 27 44 25 41 29 30 26 43 27 30 34 33 28 31 31 28
internal_value=0.00197601 -0.0165131 0.00839837 0.000994327 0.0227326 0.0717675 0.0519735 -0.0395406 -0.0332538 0.0687927 -0.0214613 -0.0304819 -0.0421087 -0.0720066 0.032546 -0.0613439 -0.0777643 -0.0185426 0.104184 -0.0733318 -0.012964 -0.0339724 -0.046785 0.0171289 -0.008087 0.000364371
internal_weight=869 687 330 300 142 182 113 357 301 62 212 168 124 66 85 89 59 158 69 56 80 87 61 60 58 71
internal_count=869 687 330 300 142 182 113 357 301 62 212 168 124 66 85 89 59 158 69 56 80 87 61 60 58 71
is_linear=0
shrinkage=0.04


Tree=5
num_leaves=27
num_cat=0
split_feature=9 4 9 9 9 0 9 9 4 8 5 4 9 8 4 4 4 0 4 4 5 0 9 4 9 4
split_gain=510.632 138.08 108.918 192.236 101.068 79.3803 91.8792 61.5812 54.8282 52.3965 81.9041 65.9683 48.863 41.0475 45.4537 24.2747 21.6174 40.5125 21.3311 22.4638 18.754 18.7351 17.734 8.80487 2.77915 0.0980227
threshold=1.193919514015344 1.0216665933461864 -0.55305561176639195 -0.88901236672441819 -1.2249691216824441 -0.7491350475729156 1.4626849179817649 -0.6874383137496024 0.22994140151272849 -0.63134183865453442 -0.25066273765626779 1.0000000180025095e-35 0.45481465310768643 1.0000000180025095e-35 -0.78103076652076331 -0.12328983792066023 -0.80539154165410043 -0.7491350475729156 -0.76885037895409469 -0.39125836438736888 0.67499283280135014 1.0000000180025095e-35 0.18604924914126547 -0.72012882868742045 1.3283022159985547 -0.18419177575400311
decision_type=2 2 2 2 2 2 2 2 2 2 2 2 2 2 2 2 2 2 2 2 2 2 2 2 2 2
left_child=1 2 3 8 -3 -2 24 25 15 10 12 13 -4 14 -11 18 -15 -18 -1 -20 -16 -10 -19 -12 -7 -5
right_child=5 4 9 7 -6 6 -8 -9 21 11 23 -13 -14 16 20 -17 17 22 19 -21 -22 -23 -24 -25 -26 -27
leaf_value=0.0117750022904231 0.12070204036800485 -0.0094266354625362377 0.057563570699384135 0.081134693336486818 0.076330073873202009 0.0051151711940765378 0.09161872676440648 0.008962212200417664 -0.076078841926590091 -0.033865855351472511 -0.024721409855065525 0.0037448951282671524 -0.014046397358179093 -0.058900271065925297 -0.10318392801284791 0.023233252282464697 -0.06151339113229403 -0.024531298637390137 -0.058414525219963653 -0.008122749522328377 -0.059974403655529022 -0.029538353949785236 0.023112676072120669 -0.054596179817852218 0.023975995683670048 0.077592531347274785
leaf_weight=26 38 43 31 25 45 25 49 33 31 39 27 42 30 38 45 31 27 25 27 30 25 25 25 38 25 25
leaf_count=26 38 43 31 25 45 25 49 33 31 39 27 42 30 38 45 31 27 25 27 30 25 25 25 38 25 25
internal_value=0.000673113 -0.0125753 -0.0189879 0.00147248 0.0344262 0.0715567 0.0526929 0.0513727 -0.0228906 -0.0321931 -0.0109449 -0.0422581 0.0223456 -0.0508837 -0.0684716 -0.00696924 -0.0342134 -0.0220302 -0.0182497 -0.0319452 -0.087752 -0.0553018 -0.000709311 -0.0421867 0.0145456 0.0793636
internal_weight=870 733 645 253 88 137 99 83 170 392 126 266 61 224 109 114 115 77 83 57 70 56 50 65 50 50
internal_count=870 733 645 253 88 137 99 83 170 392 126 266 61 224 109 114 115 77 83 57 70 56 50 65 50 50
is_linear=0
shrinkage=0.04


Tree=6
num_leaves=26
num_cat=0
split_feature=7 4 8 9 9 9 4 7 9 0 5 9 4 5 4 4 4 0 4 6 0 0 6 8 7
split_gain=483.565 128.826 78.0236 74.8767 72.5369 63.9164 83.808 67.6285 162.308 59.7109 54.5947 64.751 50.519 49.1356 44.7915 41.7414 45.6372 40.8114 33.2271 24.3084 19.203 41.1414 13.2687 10.3908 1.80529
threshold=1.1445794666770477 -0.37907797682070027 -0.63134183865453442 -0.28429020779997111 1.4626849179817649 -1.2921604726740494 0.96076465551284318 -0.61331263118606871 -0.82182101573281285 0.74913504757291582 0.67499283280135014 0.6563887060825021 -0.65922689085407749 -0.71349052288507664 -0.76885037895409469 -0.89065425462078041 -0.68358766598741461 1.0000000180025095e-35 0.24212178907939708 -0.15225124341821353 0.74913504757291582 -1.0000000180025095e-35 -0.15225124341821353 1.0000000180025095e-35 1.0000000180025095e-35
decision_type=2 2 2 2 2 2 2 2 2 2 2 2 2 2 2 2 2 2 2 2 2 2 2 2 2
left_child=1 2 15 14 9 17 7 8 18 22 11 -9 20 -6 -4 24 -17 19 -7 -3 21 -5 -2 -14 -1
right_child=4 5 3 12 13 6 -8 10 -10 -11 -12 -13 23 -15 -16 16 -18 -19 -20 -21 -22 -23 -24 -25 -26
leaf_value=-0.023825939360260961 0.035050363739331562 -0.020269284307956697 0.028400140116954672 -0.058777292648027113 0.057014123036943636 0.017397688063415323 0.060619793523635182 0.033845756429557998 0.10040965409441428 0.089848848627163816 -0.050405483933839389 -0.037120349754889807 -0.10999826803207398 0.12539798274636269 -0.035348098321093459 0.058366659942727828 -0.0090648376657849264 0.0050510334884747866 -0.039249960472186408 -0.075007148594767967 -0.070503208200136822 0.00010319348643807805 -0.0053908218502998354 -0.074210571712917756 -0.039027149534225467
leaf_weight=25 27 25 29 43 29 37 49 48 33 26 47 36 25 40 45 26 42 40 30 27 30 34 25 27 25
leaf_count=25 27 25 29 43 29 37 49 48 33 26 47 36 25 40 45 26 42 40 30 27 30 34 25 27 25
internal_value=0.000646188 -0.0128006 -0.030183 -0.0436039 0.0667822 0.00360061 0.0131047 0.00302572 0.0277973 0.0403546 -0.0158839 0.00343171 -0.0590733 0.0966569 -0.0103657 -0.00368235 0.0167178 -0.0253248 -0.00796693 -0.0486909 -0.0433552 -0.0327781 0.0156075 -0.0914162 -0.0314265
internal_weight=870 723 351 233 147 372 280 231 100 78 131 84 159 69 74 118 68 92 67 52 107 77 52 52 50
internal_count=870 723 351 233 147 372 280 231 100 78 131 84 159 69 74 118 68 92 67 52 107 77 52 52 50
is_linear=0
shrinkage=0.04


Tree=7
num_leaves=26
num_cat=0
split_feature=9 4 9 9 6 9 0 9 4 4 5 9 4 9 6 6 4 4 4 9 6 9 0 4 6
split_gain=434.141 118.526 92.522 168.785 88.2571 86.9567 74.3278 79.871 47.7002 44.5591 33.0973 53.964 92.013 63.0307 28.1343 45.3932 22.8856 20.7421 24.8136 25.7017 20.6289 29.6041 16.396 13.8735 9.3012
threshold=1.193919514015344 1.0216665933461864 -0.55305561176639195 -0.88901236672441819 -0.37962991198758139 -1.2249691216824441 -0.7491350475729156 1.4626849179817649 0.22994140151272849 0.21167082016272562 -0.25066273765626779 0.3876233021160812 -0.64704650328740898 0.11885789814966023 -1.2891445862650526 -0.60700858055694906 -0.12328983792066023 -0.34253681412069453 -0.68358766598741461 0.3876233021160812 -1.0617659176956848 -1.0905864196992339 1.0000000180025095e-35 -0.73230921625408896 0.075127425151154323
decision_type=2 2 2 2 2 2 2 2 2 2 2 2 2 2 2 2 2 2 2 2 2 2 2 2 2
left_child=1 2 3 8 -5 -3 -2 24 16 10 11 13 -13 -4 -12 23 20 18 19 -17 -1 -22 -10 -16 -8
right_child=6 5 9 4 -6 -7 7 -9 22 -11 14 12 -14 -15 15 17 -18 -19 -20 -21 21 -23 -24 -25 -26
leaf_value=0.011915881828619884 0.11353517439804579 -0.0087253132228587958 0.00041125851041027189 0.007325015131916318 0.089825641149427829 0.070819591336780119 -0.0050934183835983273 0.084019104473444878 -0.071175744418174994 0.012701520711287028 -0.0064367881615956628 0.063029831562723432 -0.038628736867986881 -0.080419367624051649 -0.060006995010375985 -0.013771636337041855 0.022668102474943285 -0.015071808685885464 -0.071463679293306867 -0.064560537672042853 -0.05747861465379115 0.00039831348336659948 -0.027637400352954866 -0.10214738874435425 0.029410976982116699
leaf_weight=26 38 43 29 42 41 45 25 49 31 36 30 28 29 33 25 44 31 47 41 25 31 26 25 25 25
leaf_count=26 38 43 29 42 41 45 25 49 31 36 30 28 29 33 25 44 31 47 41 25 31 26 25 25 25
internal_value=0.000620341 -0.0115955 -0.0175368 0.0013208 0.0480783 0.0319511 0.0659796 0.047726 -0.0215079 -0.0297076 -0.0339961 -0.0167841 0.0113088 -0.0426115 -0.0426385 -0.0478851 -0.00665752 -0.0373143 -0.046818 -0.0321734 -0.0176105 -0.0310786 -0.051739 -0.0810772 0.0121588
internal_weight=870 733 645 253 83 88 137 99 170 392 356 119 57 62 237 207 114 157 110 69 83 57 56 50 50
internal_count=870 733 645 253 83 88 137 99 170 392 356 119 57 62 237 207 114 157 110 69 83 57 56 50 50
is_linear=0
shrinkage=0.04


Tree=8
num_leaves=28
num_cat=0
split_feature=7 4 2 8 9 9 0 4 4 4 4 4 4 4 9 7 9 4 9 0 4 0 0 4 8 4 7
split_gain=411.382 111.337 89.2391 69.3942 65.2949 61.3497 56.7628 52.021 44.1424 41.3748 38.9891 41.8758 37.5009 53.4644 29.2099 46.9088 56.6228 51.7751 26.2276 24.8704 18.4363 17.5596 36.5013 14.9415 9.56503 2.61563 1.65836
threshold=1.1445794666770477 -0.37907797682070027 1.0000000180025095e-35 -0.63134183865453442 -0.28429020779997111 1.4626849179817649 0.74913504757291582 -0.25727410115401456 -0.65922689085407749 -0.76885037895409469 -0.89065425462078041 -0.68358766598741461 1.0216665933461864 1.4784311270962578 -1.2921604726740494 -0.61331263118606871 -0.88901236672441819 0.22994140151272849 -0.35148155879157633 1.0000000180025095e-35 0.32738450204607711 0.74913504757291582 -1.0000000180025095e-35 0.48572954041276867 1.0000000180025095e-35 0.70497651661280314 1.0000000180025095e-35
decision_type=2 2 2 2 2 2 2 2 2 2 2 2 2 2 2 2 2 2 2 2 2 2 2 2 2 2 2
left_child=1 3 -3 10 9 6 25 -4 21 -5 26 -12 14 -14 20 16 19 18 -17 -16 -9 22 -6 -7 -10 -2 -1
right_child=5 2 7 4 8 23 -8 12 24 -11 11 -13 13 -15 15 17 -18 -19 -20 -21 -22 -23 -24 -25 -26 -27 -28
leaf_value=-0.022503509224392475 0.0041920685768127445 0.065211258916293882 0.039462008439913029 0.027673168110436408 -0.054751399478247004 0.070724729129113262 0.08554855924386244 -0.019204618275165557 -0.10313063335418701 -0.033595537625253205 0.05663739508161178 -0.0079555126244113556 0.05508604696951807 -0.015087660273635074 -0.040128611853489517 -0.079503812462091455 0.055833043821396366 0.018543665613289233 -0.027757160245396553 0.015197430075361179 -0.067782875370979309 -0.066337013443311055 0.00070935031946967628 0.10795600067604991 -0.068794370359844634 0.022134305353348073 -0.03707300788164139
leaf_weight=25 26 34 41 29 43 35 26 25 25 45 26 42 32 38 26 25 31 27 42 26 25 30 34 34 27 26 25
leaf_count=25 26 34 41 29 43 35 26 25 25 45 26 42 32 38 26 25 31 27 42 26 25 30 34 34 27 26 25
internal_value=0.000595527 -0.0118071 0.00344021 -0.0279666 -0.0406236 0.061596 0.0372916 -0.00277345 -0.0550693 -0.00958483 -0.00297434 0.0167418 -0.00860393 0.0169917 -0.0164969 -0.00887064 0.0130435 -0.0282204 -0.0470656 -0.0124656 -0.0434937 -0.0403767 -0.0302622 0.0890706 -0.0853022 0.0131632 -0.0297883
internal_weight=870 723 372 351 233 147 78 338 159 74 118 68 297 70 227 177 83 94 67 52 50 107 77 69 52 52 50
internal_count=870 723 372 351 233 147 78 338 159 74 118 68 297 70 227 177 83 94 67 52 50 107 77 69 52 52 50
is_linear=0
shrinkage=0.04


Tree=9
num_leaves=25
num_cat=0
split_feature=7 2 9 9 6 9 0 8 9 6 9 9 9 8 0 6 0 7 6 9 8 0 6 7
split_gain=379.13 101.224 98.3162 130.749 82.6258 56.5399 52.3126 48.6147 47.1379 35.6886 31.8816 81.4025 28.4114 26.8945 31.5463 24.1429 16.191 15.4881 12.6365 10.3916 39.8291 24.4841 8.65045 8.50019
threshold=1.1445794666770477 1.0000000180025095e-35 -0.55305561176639195 -0.88901236672441819 -0.37962991198758139 1.4626849179817649 0.74913504757291582 -0.63134183865453442 0.92515411004892301 0.52988476228989012 1.0000000180025095e-35 0.58919735509089699 -0.28429020779997111 1.0000000180025095e-35 -0.7491350475729156 -0.72069791484163315 1.0000000180025095e-35 -1.1992766638071075 -0.15225124341821353 -1.2921604726740494 1.0000000180025095e-35 1.0000000180025095e-35 0.75726343085925796 0.26563341774548938
decision_type=2 2 2 2 2 2 2 2 2 2 2 2 2 2 2 2 2 2 2 2 2 2 2 2
left_child=1 -1 3 15 -5 6 18 10 12 -7 -4 -12 -9 22 -15 17 -16 -3 -2 21 -21 -17 23 -14
right_child=5 2 7 4 -6 9 -8 8 -10 -11 11 -13 13 14 16 19 -18 -19 -20 20 -22 -23 -24 -25
leaf_value=0.047460364509712569 0.031610677882477088 -0.010894800164840289 -0.035477948291010634 0.0063118743419993753 0.086183514701202515 0.10719196171827867 0.082126616514646089 -0.015271355502662206 0.0043259408738878036 0.047343538898229599 0.04372662158005617 -0.03737814529074563 -0.074160332791507244 -0.071599262700017013 0.0028435100118319196 -0.055736563671857885 -0.038132939885059995 0.029182328366571003 -0.0078552819013595586 -0.034585872908433277 0.028384059691429139 -0.010915208784923055 -0.086442961050913883 -0.045636843185339657
leaf_weight=44 27 36 43 43 40 44 26 42 36 25 44 36 32 28 27 39 36 27 25 45 25 39 26 35
leaf_count=44 27 36 43 43 40 44 26 42 36 25 44 36 32 28 27 39 36 27 25 45 25 39 26 35
internal_value=0.000571706 -0.0113348 -0.0151448 0.00227306 0.0448042 0.0591322 0.0358 -0.0284457 -0.0381847 0.0855078 -0.00770076 0.00722948 -0.0449563 -0.0517322 -0.0362724 -0.0144572 -0.0205716 0.00628111 0.0126367 -0.023285 -0.0120966 -0.0333259 -0.0668595 -0.05926
internal_weight=870 723 679 294 83 147 78 385 262 69 123 80 226 184 91 211 63 63 52 148 70 78 93 67
internal_count=870 723 679 294 83 147 78 385 262 69 123 80 226 184 91 211 63 63 52 148 70 78 93 67
is_linear=0
shrinkage=0.04


Tree=10
num_leaves=26
num_cat=0
split_feature=9 7 8 7 4 4 9 4 4 0 0 4 4 8 8 4 4 4 0 4 4 0 9 7 4
split_gain=336.097 138.742 99.7776 99.4047 54.7859 81.655 50.2911 65.5682 42.7721 66.5686 50.5343 37.6335 34.1339 24.7394 18.6398 16.0012 14.5648 11.9558 45.6854 44.7329 20.8085 15.4805 10.2511 5.51764 0.457056
threshold=0.85796275905731789 -0.32033061487554942 -0.63134183865453442 1.4375614829875671 -0.91501502975411764 -0.48870146492071748 -1.2921604726740494 0.69279612904613452 1.7037682970796266 0.74913504757291582 -1.0000000180025095e-35 -0.20855255088734023 0.095957138279374146 1.0000000180025095e-35 1.0000000180025095e-35 -0.74448960382075746 0.74151767931280876 -0.37907797682070027 0.74913504757291582 -0.038027124953980203 -0.79321115408743181 -1.0000000180025095e-35 0.11885789814966023 1.1445794666770477 -0.97591696758746049
decision_type=2 2 2 2 2 2 2 2 2 2 2 2 2 2 2 2 2 2 2 2 2 2 2 2 2
left_child=1 6 4 8 -3 -6 14 17 9 10 23 13 -5 22 16 24 -1 20 19 -19 -8 -22 -4 -2 -15
right_child=3 2 11 12 5 -7 7 -9 -10 -11 -12 -13 -14 15 -16 -17 -18 18 -20 -21 21 -23 -24 -25 -26
leaf_value=-0.025274783425587925 0.032235180693013329 -0.049314880262721669 -0.062769564032554626 0.043127076768875117 0.046412913433530115 -0.042997335229928678 0.017712277672414123 0.069324937620415139 0.069292864990234376 0.061741767991334198 -0.039839647213617962 -0.010175105476379395 0.1021601633541286 -0.056704624478633586 -0.04636370093435855 -0.023686998671498795 0.011168324843581235 0.054078054069118066 -0.027060648245050719 -0.0023362756941629494 -0.043533519327640539 -0.000914518928527832 -0.09177629665894943 0.0066453151576794109 -0.064069680598165299
leaf_weight=47 28 33 35 25 44 26 29 26 25 32 39 25 42 26 37 29 28 44 38 46 30 25 44 26 28
leaf_count=47 28 33 35 25 44 26 29 26 25 32 39 25 42 26 37 29 28 44 38 46 30 25 44 26 28
internal_value=-0.0033944 -0.0179806 -0.0384407 0.0396248 -0.00682673 0.0132034 -0.00102789 0.00937352 0.0215312 0.0119788 -0.0051439 -0.0558538 0.0801329 -0.062903 -0.0231309 -0.0476529 -0.0116694 0.00202098 0.0097161 0.0252441 -0.00970491 -0.0241612 -0.0789252 0.0199141 -0.0605235
internal_weight=857 640 290 217 103 70 350 238 150 125 93 187 67 162 112 83 75 212 128 90 84 55 79 54 54
internal_count=857 640 290 217 103 70 350 238 150 125 93 187 67 162 112 83 75 212 128 90 84 55 79 54 54
is_linear=0
shrinkage=0.04


Tree=11
num_leaves=27
num_cat=0
split_feature=9 7 8 7 5 5 9 1 9 6 6 1 8 6 6 6 5 5 9 9 6 6 5 5 5 6
split_gain=309.747 127.865 91.955 91.6114 72.5521 72.3287 77.0523 57.3058 49.743 40.7635 35.3553 28.9457 27.2546 20.2004 18.3813 17.2427 16.4881 39.3094 16.1802 29.33 11.9368 10.3732 9.41542 7.23554 16.4286 9.46903
threshold=0.85796275905731789 -0.32033061487554942 -0.63134183865453442 1.4375614829875671 -0.71349052288507664 1.0000000180025095e-35 -0.6874383137496024 1.0000000180025095e-35 0.3876233021160812 0.87095276514394182 -1.0617659176956848 1.0000000180025095e-35 1.0000000180025095e-35 -0.83438724912631701 0.30250609372052223 -1.2891445862650526 1.0000000180025095e-35 -0.25066273765626779 0.52200600409929165 0.051666547158054986 -0.37962991198758139 -0.49331924627226525 -0.25066273765626779 -2.1019738785715032 -1.1763183081138855 -0.15225124341821353
decision_type=2 2 2 2 2 2 2 2 2 2 2 2 2 2 2 2 2 2 2 2 2 2 2 2 2 2
left_child=1 5 8 10 -5 15 7 20 22 21 -2 16 13 -4 -15 -1 17 -12 19 -14 -7 -8 -3 -17 -25 -26
right_child=3 2 12 4 -6 6 9 -9 -10 -11 11 -13 18 14 -16 23 -18 -19 -20 -21 -22 -23 -24 24 25 -27
leaf_value=0.0092460183744077339 0.063079661291379194 -0.047603841810314747 -0.038226655578613281 0.029280032371652536 0.11329017786603225 0.0043080724126869632 -0.013663085140953107 0.092495695270168099 0.02628222240958103 0.024149942467255249 0.018639614021983639 0.045251101313098785 -0.018627868763038093 -0.10299605555111363 -0.061239880483496829 -0.043078792843967671 0.020882253176287602 -0.049093906157291853 -0.013585001199409879 -0.07288951680466936 0.038392903232148716 -0.048094230326158664 -0.015753310133110394 0.0012459010294535095 -0.013359234811505303 -0.042862536864274221
leaf_weight=27 26 27 25 29 38 31 28 26 43 35 29 31 28 31 37 30 38 26 29 37 35 28 33 36 28 46
leaf_count=27 26 27 25 29 38 31 28 26 43 35 29 31 28 31 37 30 38 26 29 37 35 28 33 36 28 46
internal_value=-0.00325862 -0.0172614 -0.0369031 0.0380398 0.0769276 -0.000986774 0.0163838 0.0421977 -0.00655366 -0.00971381 0.0206699 0.0117776 -0.0536197 -0.0689723 -0.0802758 -0.0200216 0.000619708 -0.0133799 -0.0384304 -0.0495153 0.0223834 -0.0308787 -0.030086 -0.025666 -0.0209171 -0.0316991
internal_weight=857 640 290 217 67 350 183 92 103 91 150 124 187 93 68 167 93 55 94 65 66 56 60 140 110 74
internal_count=857 640 290 217 67 350 183 92 103 91 150 124 187 93 68 167 93 55 94 65 66 56 60 140 110 74
is_linear=0
shrinkage=0.04


Tree=12
num_leaves=26
num_cat=0
split_feature=9 7 8 7 5 5 9 0 0 9 8 0 9 8 0 0 0 8 9 9 0 0 0 7 9
split_gain=285.463 117.84 84.7457 84.4291 66.8641 66.6581 71.0114 52.813 46.7294 45.8431 25.1179 25.0879 24.5916 26.8337 37.4903 16.3099 10.3434 12.9403 8.2119 9.66127 7.22542 7.11417 17.3558 3.95646 1.85024
threshold=0.85796275905731789 -0.32033061487554942 -0.63134183865453442 1.4375614829875671 -0.71349052288507664 1.0000000180025095e-35 -0.6874383137496024 0.74913504757291582 -1.0000000180025095e-35 0.3876233021160812 1.0000000180025095e-35 -1.0000000180025095e-35 1.3283022159985547 1.0000000180025095e-35 -1.0000000180025095e-35 -1.0000000180025095e-35 1.0000000180025095e-35 1.0000000180025095e-35 0.11885789814966023 0.52200600409929165 -0.7491350475729156 -0.7491350475729156 1.0000000180025095e-35 -1.4922586801176267 0.32043195112447598
decision_type=2 2 2 2 2 2 2 2 2 2 2 2 2 2 2 2 2 2 2 2 2 2 2 2 2
left_child=1 5 9 12 -5 16 7 8 -7 11 18 -3 13 14 -2 -12 17 20 -4 -20 -1 -8 -23 -18 -17
right_child=3 2 10 4 -6 6 21 -9 -10 -11 15 -13 -14 -15 -16 24 23 -19 19 -21 -22 22 -24 -25 -26
leaf_value=-0.005649214778627668 0.074158621303962932 -0.057477688364408634 -0.051913570197005016 0.028108832445637933 0.10875856929703764 0.053164002963474816 -0.02527323840310176 0.088795865854391684 -0.014275172170131439 0.025230933400087578 -0.057119857339482563 -0.0054866326577735674 -0.011889095562097106 0.0014157013718504457 0.018286259342794833 -0.030438695549964905 -0.020807566808966491 -0.049252540175953222 -0.092555834140096382 -0.05902088549402025 -0.033487061628928554 0.023273147023641149 -0.019871522488338608 -0.0015030275942871766 -0.015897185717310226
leaf_weight=35 33 27 38 29 38 35 30 26 31 43 38 33 31 40 46 28 26 31 28 27 26 26 35 49 28
leaf_count=35 33 27 38 29 38 35 30 26 31 43 38 33 31 40 46 28 26 31 28 27 26 26 35 49 28
internal_value=-0.00312828 -0.0165709 -0.035427 0.0365182 0.0738505 -0.000947304 0.0157284 0.0405098 0.021488 -0.00629152 -0.0514749 -0.0288826 0.0198431 0.0281095 0.0416253 -0.0368932 -0.0192207 -0.0282089 -0.0662134 -0.0760932 -0.0175145 -0.00932526 -0.00148199 -0.00819527 -0.0231679
internal_weight=857 640 290 217 67 350 183 92 66 103 187 60 150 119 79 94 167 92 93 55 61 91 61 75 56
internal_count=857 640 290 217 67 350 183 92 66 103 187 60 150 119 79 94 167 92 93 55 61 91 61 75 56
is_linear=0
shrinkage=0.04


Tree=13
num_leaves=28
num_cat=0
split_feature=4 4 7 6 6 4 5 7 4 5 4 7 8 6 6 6 0 0 4 6 6 6 4 4 0 6 7
split_gain=260.747 166.242 136.972 56.6423 62.4534 47.3193 46.5056 58.0188 89.5681 41.7909 45.8053 39.0902 36.9152 47.1775 36.1104 23.6075 34.7674 20.1591 25.2388 19.7329 15.4504 14.692 14.2113 12.4165 11.9787 3.61445 0.0616156
threshold=-0.31817603898735741 2.3127876754130554 1.4375614829875671 0.075127425151154323 -0.15225124341821353 -0.52524262762072316 1.0000000180025095e-35 -0.61331263118606871 0.49790992797943717 1.0000000180025095e-35 -0.80539154165410043 -0.32033061487554942 -0.63134183865453442 0.64357409657457409 -0.94807658341100087 -1.1754552519803687 0.74913504757291582 -0.7491350475729156 0.7780588420128145 0.64357409657457409 1.2120207679979937 0.41619542800520609 0.61971380364612305 0.43700799014609432 -1.0000000180025095e-35 0.98464209942862591 1.0000000180025095e-35
decision_type=2 2 2 2 2 2 2 2 2 2 2 2 2 2 2 2 2 2 2 2 2 2 2 2 2 2 2
left_child=3 2 6 4 9 12 15 23 11 10 -1 -9 25 -14 -11 -2 17 19 26 -17 -15 -18 -4 -8 -12 -5 -19
right_child=1 -3 22 5 -6 -7 7 8 -10 14 24 -13 13 20 -16 16 21 18 -20 -21 -22 -23 -24 -25 -26 -27 -28
leaf_value=-0.070651998697292231 0.023799704287666829 0.11767461367994547 0.091483751870691785 -0.017603667842017279 0.040301823318004609 -0.086975392897923789 0.034356153294062004 0.0036425747770147451 -0.04659935216605663 0.026341623736590877 -0.037957557152818747 0.066253739551261626 -0.08659996960092993 -0.0073071440358956656 -0.027784367799758913 0.017154332489839622 -0.0076853919878602031 -0.056623435431718827 -0.0092814170352874259 -0.031738435125350947 -0.049435738519980357 0.035680236327648163 0.049991649623215201 0.070042116584686134 -0.0034757213331758977 0.0032917181044243848 -0.053815091463923458
leaf_weight=42 30 25 28 27 30 33 39 39 40 41 27 27 34 30 38 28 25 25 31 25 26 25 25 26 40 26 25
leaf_count=42 30 25 28 27 30 33 39 39 40 41 27 27 34 30 38 28 25 25 31 25 26 25 25 26 40 26 25
internal_value=-0.00300315 0.0173502 0.011624 -0.026921 -0.0132936 -0.0438003 0.00332457 0.0188767 0.000631484 -0.0218461 -0.0379015 0.0292562 -0.0338368 -0.0494327 0.000306337 -0.00910264 -0.0144671 -0.0250883 -0.0376381 -0.00590829 -0.0268668 0.0139974 0.071912 0.0486305 -0.0173714 -0.0073531 -0.0552193
internal_weight=857 463 438 394 218 176 385 171 106 188 109 66 143 90 79 214 184 134 81 53 56 50 53 65 67 53 50
internal_count=857 463 438 394 218 176 385 171 106 188 109 66 143 90 79 214 184 134 81 53 56 50 53 65 67 53 50
is_linear=0
shrinkage=0.04


Tree=14
num_leaves=27
num_cat=0
split_feature=9 7 7 5 5 9 0 4 0 6 4 0 6 0 4 4 6 6 6 9 6 4 4 4 0 9
split_gain=251.194 103.255 70.5154 60.8206 58.8586 61.8936 47.9861 44.6941 42.0015 38.2834 36.2079 58.0959 59.4774 39.0799 35.2259 51.5218 26.33 19.5258 36.3359 25.0394 15.1792 12.553 29.5819 27.5144 9.83619 5.12597
threshold=0.85796275905731789 -0.32033061487554942 1.4375614829875671 -0.71349052288507664 1.0000000180025095e-35 -0.6874383137496024 0.74913504757291582 -0.086748675220654506 -1.0000000180025095e-35 0.87095276514394182 1.7037682970796266 0.74913504757291582 0.30250609372052223 -1.0000000180025095e-35 -0.48870146492071748 -0.74448960382075746 0.30250609372052223 0.64357409657457409 0.075127425151154323 0.051666547158054986 -1.2891445862650526 -0.20855255088734023 0.24212178907939708 1.0216665933461864 -1.0000000180025095e-35 0.32043195112447598
decision_type=2 2 2 2 2 2 2 2 2 2 2 2 2 2 2 2 2 2 2 2 2 2 2 2 2 2
left_child=1 4 10 -4 20 6 8 14 -6 24 11 12 13 -2 15 17 -17 18 19 -3 -1 -22 -23 -24 -7 -16
right_child=2 7 3 -5 5 9 -8 -9 -10 -11 -12 -13 -14 -15 25 16 -18 -19 -20 -21 21 22 23 -25 -26 -27
leaf_value=0.0094212539107711227 0.04771116663109172 -0.0079514695360110351 0.024799880100221466 0.1017185848637631 0.049836522306714745 -0.046473160827601404 0.083964011394060581 0.016894530585178962 -0.014100084319230049 0.024229058710592135 0.063012579277157782 0.056767936416435988 -0.046895297399588996 -0.018590407276153565 -0.055018053827462374 0.021021234344791723 -0.03039047202893666 -0.022369173859529523 -0.09453618684640297 -0.056690890354414776 -0.04261042704949012 0.016637383526972225 -0.053311424349483688 -0.0029703636327758432 -0.012923615852306629 -0.079901900004882079
leaf_weight=27 33 26 29 38 35 27 26 26 31 35 25 32 35 25 27 37 28 46 26 48 39 31 38 32 29 26
leaf_count=27 33 26 29 38 35 27 26 26 31 35 25 32 35 25 27 37 28 46 26 48 39 31 38 32 29 26
internal_value=-0.00288302 -0.015493 0.0343077 0.0684254 -0.00086818 0.0148016 0.0379374 -0.0331436 0.0198057 -0.00858839 0.0190684 0.0102796 -0.00571642 0.0191329 -0.0380716 -0.0307487 -0.00112535 -0.0439371 -0.0538584 -0.0395662 -0.0180393 -0.0233352 -0.0158923 -0.0302984 -0.0290993 -0.0672252
internal_weight=857 640 217 67 350 183 92 290 66 91 150 125 93 58 264 211 65 146 100 74 167 140 101 70 56 53
internal_count=857 640 217 67 350 183 92 290 66 91 150 125 93 58 264 211 65 146 100 74 167 140 101 70 56 53
is_linear=0
shrinkage=0.04


Tree=15
num_leaves=25
num_cat=0
split_feature=7 2 4 8 4 4 4 4 4 5 4 5 4 7 5 7 4 4 4 8 8 4 6 5
split_gain=200.7 135.702 88.6164 50.6054 49.3906 43.7891 41.768 72.7575 38.6755 49.5694 49.5799 35.4844 31.212 30.9771 30.9129 28.761 24.8084 23.5677 22.671 20.9568 18.1603 15.1101 13.0274 10.3091
threshold=1.4375614829875671 1.0000000180025095e-35 -0.34253681412069453 -0.63134183865453442 -1.2073443313541634 -0.68358766598741461 1.3505370576462379 1.0216665933461864 0.32738450204607711 1.0000000180025095e-35 0.047235588012699836 -0.71349052288507664 2.02045837381301 0.26563341774548938 1.1378206180301593 1.0000000180025095e-35 -0.8784738670541119 -0.76885037895409469 -0.85411309192077478 1.0000000180025095e-35 -0.63134183865453442 -0.14765061305399738 -0.37962991198758139 1.0000000180025095e-35
decision_type=2 2 2 2 2 2 2 2 2 2 2 2 2 2 2 2 2 2 2 2 2 2 2 2
left_child=1 -1 3 5 -5 16 7 8 9 13 14 -2 -8 21 -11 17 -3 -6 -17 -20 -10 -4 -19 -22
right_child=11 2 6 4 15 -7 12 -9 20 10 -12 -13 -14 -15 -16 18 -18 22 19 -21 23 -23 -24 -25
leaf_value=0.057428000301730883 0.026796263444943933 -0.003549351529641585 -0.014880386692285539 0.016307054723684603 -0.00029575512292129654 -0.033502120853078611 -0.057249396649499733 0.063305840286261891 0.0051224083584897667 0.04066487350884606 0.078449853741460379 0.083294019647266557 0.0032667853832244876 -0.040448178425431254 -0.014110795743763447 -0.03355082605813825 0.044104193989829774 -0.020177629748980203 -0.092220991526331217 -0.047790014924425063 -0.047156973265518903 0.026346447779373689 -0.054689557680061889 -0.015524927412762362
leaf_weight=49 29 44 25 26 35 49 30 34 34 34 27 46 25 32 32 43 29 30 35 33 32 33 42 34
leaf_count=49 29 44 25 26 35 49 30 34 34 34 27 46 25 32 32 43 29 30 35 33 32 33 42 34
internal_value=-0.00107442 -0.00703274 -0.0113127 -0.0252866 -0.0358039 -0.00425208 0.00243593 0.00801886 0.0013766 0.0123076 0.0327872 0.0614482 -0.029742 -0.00885465 0.014107 -0.042019 0.0153815 -0.027221 -0.0562837 -0.0706589 -0.0186271 0.00857626 -0.0403096 -0.0308617
internal_weight=862 787 738 366 244 122 372 317 283 183 93 75 55 90 66 218 73 107 111 68 100 58 72 66
internal_count=862 787 738 366 244 122 372 317 283 183 93 75 55 90 66 218 73 107 111 68 100 58 72 66
is_linear=0
shrinkage=0.04


Tree=16
num_leaves=25
num_cat=0
split_feature=9 3 4 0 8 4 7 4 4 5 5 4 5 0 0 9 0 5 9 0 4 0 6 6
split_gain=219.765 119.505 91.304 50.9096 50.8984 40.6225 36.9779 41.2033 31.8338 29.8231 28.3985 70.2272 60.0842 25.2309 23.5002 22.7705 18.5753 17.1511 13.7048 28.4586 11.1567 10.7151 8.91486 8.12804
threshold=1.4626849179817649 1.0000000180025095e-35 -0.34253681412069453 1.2485584126215263 -0.63134183865453442 -0.68358766598741461 1.0000000180025095e-35 -0.76885037895409469 -0.85411309192077478 -0.71349052288507664 1.0000000180025095e-35 0.49790992797943717 1.1378206180301593 -0.7491350475729156 -1.0000000180025095e-35 0.79077140806571256 -0.7491350475729156 -0.25066273765626779 -0.88901236672441819 1.0000000180025095e-35 0.48572954041276867 1.0000000180025095e-35 -0.15225124341821353 0.075127425151154323
decision_type=2 2 2 2 2 2 2 2 2 2 2 2 2 2 2 2 2 2 2 2 2 2 2 2
left_child=1 2 4 10 5 14 7 -6 23 -2 16 12 -12 -9 -1 -3 20 -10 19 -18 -4 -20 -7 -8
right_child=9 15 3 -5 6 22 8 13 17 -11 11 -13 -14 -15 -16 -17 18 -19 21 -21 -22 -23 -24 -25
leaf_value=-0.01022035436648311 0.036057853560756754 0.024414843871043278 -0.012759115898183413 0.040856460314624164 0.0097670900724504302 -0.015362102251786452 -0.014647190382083258 -0.06926645464367337 -0.04755916428181433 0.090465789169073108 0.060586806648969649 -0.028952428642660379 -0.003123667359352112 -0.020355653736326432 0.035380194579716771 0.076861212054888411 -0.059231745183467861 -0.087893882409946347 0.0076769776921719315 -0.0066028558583028849 0.022348622575402263 -0.026538844743260629 -0.0488159193277359 -0.044898749694780068
leaf_weight=33 27 26 28 49 46 26 30 27 31 40 50 48 45 45 40 27 35 37 32 31 30 27 25 27
leaf_count=33 27 26 28 49 46 26 30 27 31 40 50 48 45 45 40 27 35 37 32 31 30 27 25 27
internal_value=-0.00103144 -0.00689471 -0.0110395 0.00284145 -0.0252231 -0.00436997 -0.0358642 -0.0198043 -0.0510247 0.0685402 -0.00287246 0.0104829 0.0304082 -0.0386972 0.0147662 0.0511328 -0.0133086 -0.069506 -0.0219895 -0.0345121 0.00540006 -0.00798111 -0.031761 -0.0289769
internal_weight=862 795 742 375 367 124 243 118 125 67 326 143 95 72 73 53 183 68 125 66 58 59 51 57
internal_count=862 795 742 375 367 124 243 118 125 67 326 143 95 72 73 53 183 68 125 66 58 59 51 57
is_linear=0
shrinkage=0.04


Tree=17
num_leaves=27
num_cat=0
split_feature=7 2 4 8 4 6 4 4 4 5 4 5 7 4 5 7 6 4 6 4 7 0 0 0 4 4
split_gain=169.956 115.841 75.0663 42.9328 43.5662 40.5199 37.1734 67.5293 34.3424 41.851 45.6217 30.2712 29.1619 28.2445 26.2237 24.2742 21.7564 28.6229 23.9676 19.1372 19.2495 17.8705 55.0492 17.4163 13.8985 7.20185
threshold=1.4375614829875671 1.0000000180025095e-35 -0.34253681412069453 -0.63134183865453442 -1.2073443313541634 0.075127425151154323 1.3505370576462379 1.0216665933461864 0.32738450204607711 1.0000000180025095e-35 0.047235588012699836 -0.71349052288507664 0.26563341774548938 2.02045837381301 1.1378206180301593 1.0000000180025095e-35 -0.94807658341100087 -0.76885037895409469 0.30250609372052223 -0.85411309192077478 0.55861543405600889 1.0000000180025095e-35 -0.7491350475729156 -1.0000000180025095e-35 -0.14765061305399738 -0.74448960382075746
decision_type=2 2 2 2 2 2 2 2 2 2 2 2 2 2 2 2 2 2 2 2 2 2 2 2 2 2
left_child=1 -1 3 5 -5 23 7 8 9 12 14 -2 24 -8 -11 16 -6 -18 -19 -17 -21 22 -10 -3 -4 -7
right_child=11 2 6 4 15 25 13 -9 21 10 -12 -13 -14 -15 -16 19 17 18 -20 20 -22 -23 -24 -25 -26 -27
leaf_value=0.053083953784816729 0.024539279223516067 -0.0086597654120675448 -0.013634525996446609 0.015965958673220416 0.006617573704570532 -0.016396279546618462 -0.054297305221358942 0.06075684879632557 0.0067520223458607991 0.036754078492522241 0.074014322724607257 0.076722101996774261 -0.038704322820995 0.0032702110052108763 -0.013696292378008366 -0.031031945438752342 0.00015029816627502442 -0.076574575078898463 -0.024204213530929001 -0.081352954825689619 -0.037214258813858037 0.0029539648890495301 -0.069876399472355841 0.031451951459396714 0.025904983738155078 -0.046758047151565556
leaf_weight=49 29 29 25 26 26 25 30 34 30 34 27 46 32 25 32 43 25 29 27 43 25 40 30 43 33 25
leaf_count=49 29 29 25 26 26 25 30 34 30 34 27 46 32 25 32 43 25 29 27 43 25 40 30 43 33 25
internal_value=-0.000990184 -0.00647318 -0.0104275 -0.0232888 -0.032976 -0.00391441 0.00222635 0.00749327 0.00109411 0.0113946 0.0302123 0.0565447 -0.00805041 -0.0281303 0.0122933 -0.0388132 -0.0252183 -0.0354373 -0.0513246 -0.0519181 -0.0651255 -0.0177557 -0.0315622 0.0152958 0.00886209 -0.0315772
internal_weight=862 787 738 366 244 122 372 317 283 183 93 75 90 55 66 218 107 81 56 111 68 100 60 72 58 50
internal_count=862 787 738 366 244 122 372 317 283 183 93 75 90 55 66 218 107 81 56 111 68 100 60 72 58 50
is_linear=0
shrinkage=0.04


Tree=18
num_leaves=24
num_cat=0
split_feature=9 2 4 0 5 4 9 0 4 4 9 9 6 4 9 0 0 6 6 5 4 4 9
split_gain=189.093 107.342 70.8805 58.005 53.9016 37.9497 42.5961 38.8576 37.5618 62.4074 36.6547 36.3786 35.4943 34.887 46.6307 35.5586 38.2095 32.5094 30.9258 25.2999 22.7922 12.9275 8.12698
threshold=1.4626849179817649 1.0000000180025095e-35 -0.15983100062066594 1.2485584126215263 1.0000000180025095e-35 0.19340023881272278 -1.2921604726740494 -0.7491350475729156 0.71715690417947164 1.3139958949462318 -0.62024696275799729 -0.6874383137496024 -1.0617659176956848 -0.65922689085407749 0.45481465310768643 -1.0000000180025095e-35 0.74913504757291582 0.30250609372052223 0.075127425151154323 -0.71349052288507664 -0.68358766598741461 -0.90283464218744902 -1.5609258766404703
decision_type=2 2 2 2 2 2 2 2 2 2 2 2 2 2 2 2 2 2 2 2 2 2 2
left_child=1 -1 4 5 13 10 22 -8 -9 -10 -4 -6 -13 15 18 21 -17 20 -15 -2 -14 -3 -7
right_child=19 2 3 -5 11 6 7 8 9 -11 -12 12 17 14 -16 16 -18 -19 -20 -21 -22 -23 -24
leaf_value=0.050960594418705728 0.033665947290482341 -0.053896642507508745 0.055332565221094317 0.048320884399470833 0.030658741883933544 -0.027165303182601932 0.031925894703183855 -0.040483228622571289 0.048630249006994843 -0.037609182071685787 -0.0026161008439958095 0.026846775327410019 -0.016982049002097203 -0.011695430409543368 -0.087485489805831623 0.02671609049849212 -0.026738616285602684 0.0012653045389387344 -0.062253453265875579 0.083778272964060305 -0.068150213976701096 -0.018971965914326056 -0.059418263542652137
leaf_weight=49 27 43 31 42 40 25 42 46 29 25 40 28 26 49 34 40 46 45 32 40 30 28 25
leaf_count=49 27 43 31 42 40 25 42 46 29 25 40 28 26 49 34 40 46 45 32 40 30 28 25
internal_value=-0.000950577 -0.00638932 -0.0101563 0.00466971 -0.0204101 -0.00230121 -0.0115411 -0.00036122 -0.0139218 0.00870459 0.0226854 -0.00266889 -0.013003 -0.0314331 -0.0481712 -0.0191726 -0.00187596 -0.0240505 -0.031669 0.0635838 -0.0443936 -0.0401235 -0.0432918
internal_weight=862 795 746 305 441 263 192 142 100 54 71 169 129 272 115 157 86 101 81 67 56 71 50
internal_count=862 795 746 305 441 263 192 142 100 54 71 169 129 272 115 157 86 101 81 67 56 71 50
is_linear=0
shrinkage=0.04


Tree=19
num_leaves=24
num_cat=0
split_feature=9 2 4 0 5 4 9 0 4 4 9 9 6 4 9 0 0 9 6 5 4 4 4
split_gain=174.269 98.9264 65.3235 53.4574 49.6757 34.9744 39.2566 35.8112 34.617 57.5147 33.781 33.5265 32.7116 32.1518 42.9748 32.7708 35.2139 30.4771 29.9607 23.3163 21.0053 11.9139 7.61131
threshold=1.4626849179817649 1.0000000180025095e-35 -0.15983100062066594 1.2485584126215263 1.0000000180025095e-35 0.19340023881272278 -1.2921604726740494 -0.7491350475729156 0.71715690417947164 1.3139958949462318 -0.62024696275799729 -0.6874383137496024 -1.0617659176956848 -0.65922689085407749 0.45481465310768643 -1.0000000180025095e-35 0.74913504757291582 1.0000000180025095e-35 0.30250609372052223 -0.71349052288507664 -0.68358766598741461 -0.90283464218744902 1.0338469809128548
decision_type=2 2 2 2 2 2 2 2 2 2 2 2 2 2 2 2 2 2 2 2 2 2 2
left_child=1 -1 4 5 13 10 22 -8 -9 -10 -4 -6 -13 15 17 21 -17 -15 20 -2 -14 -3 -7
right_child=19 2 3 -5 11 6 7 8 9 -11 -12 12 18 14 -16 16 -18 -19 -20 -21 -22 -23 -24
leaf_value=0.048922171554699238 0.032319308574552889 -0.051740777152915335 0.053119262348740329 0.046388048387709116 0.029432392165064814 -0.057166582316160203 0.030648860548223768 -0.03886389878457007 0.046685038578921353 -0.03610481481552124 -0.0025114569254219531 0.025772904583386016 -0.016302766410204082 -0.054637190317962228 -0.083986070401528307 0.025647446595132354 -0.025669071650861401 -0.0055613567829132082 0.0012146924601660835 0.080427141695516194 -0.06542420514424642 -0.018213087111445411 -0.025953641118109227
leaf_weight=49 27 43 31 42 40 25 42 46 29 25 40 28 26 41 34 40 46 40 45 40 30 28 25
leaf_count=49 27 43 31 42 40 25 42 46 29 25 40 28 26 41 34 40 46 40 45 40 30 28 25
internal_value=-0.000912554 -0.00613375 -0.00975002 0.00448292 -0.0195937 -0.00220916 -0.0110794 -0.000346771 -0.0133649 0.0083564 0.021778 -0.00256213 -0.0124829 -0.0301758 -0.0462444 -0.0184057 -0.00180092 -0.0304022 -0.0230885 0.0610404 -0.0426178 -0.0385186 -0.0415601
internal_weight=862 795 746 305 441 263 192 142 100 54 71 169 129 272 115 157 86 81 101 67 56 71 50
internal_count=862 795 746 305 441 263 192 142 100 54 71 169 129 272 115 157 86 81 101 67 56 71 50
is_linear=0
shrinkage=0.04


Tree=20
num_leaves=25
num_cat=0
split_feature=9 4 4 5 4 4 9 4 4 6 4 4 9 4 4 6 5 6 9 9 4 4 5 4
split_gain=170.124 61.8904 129.587 46.2622 40.9907 50.3388 35.5304 46.4008 34.0061 32.4134 29.6429 64.7884 27.0873 50.9005 42.7872 33.0165 45.9442 80.8064 54.7046 39.4103 42.0822 24.3803 17.9771 8.16322
threshold=1.0595368120321338 -0.37907797682070027 -0.24509371358734597 1.0000000180025095e-35 0.74151767931280876 0.30302372691273999 1.5970676199649756 1.1678312441462091 -0.11110945035399165 -0.37962991198758139 0.58317264094611732 1.0216665933461864 -0.55305561176639195 -0.48870146492071748 -0.92719541732078625 -1.1754552519803687 -0.25066273765626779 0.075127425151154323 0.3876233021160812 0.3876233021160812 -0.76885037895409469 0.19340023881272278 -0.71349052288507664 -1.1342620059541517
decision_type=2 2 2 2 2 2 2 2 2 2 2 2 2 2 2 2 2 2 2 2 2 2 2 2
left_child=1 12 -3 8 5 9 7 21 -4 -5 22 -12 14 15 -1 -14 17 -17 -19 20 23 -2 -10 -18
right_child=6 2 3 4 -6 -7 -8 -9 10 -11 11 -13 13 -15 -16 16 19 18 -20 -21 -22 -23 -24 -25
leaf_value=-0.043344211016709988 0.030880437680544 0.065575588830681736 -0.064918450334897404 -0.018634608634586991 0.055044101500511172 -0.047875902264245922 0.070427924626890348 0.058390495181083683 -0.017021557984332886 0.034926274418830873 -0.084657144069671619 -0.0052463827158013973 -0.060958258807659149 -0.083703866672515878 0.020368419202665487 0.062255017288305146 -0.009518591952323914 -0.064174730388017798 0.017116083116443068 -0.065044963439790215 -0.048791543138332852 -0.011900205675591814 0.025398598149644607 0.022806199944019317
leaf_weight=26 39 43 26 29 25 28 34 43 31 48 25 48 33 25 48 27 25 26 27 41 39 47 33 25
leaf_count=26 39 43 26 29 25 28 34 43 31 48 25 48 33 25 48 27 25 26 27 41 39 47 33 25
internal_value=-0.00264022 -0.0114614 0.000731357 -0.00878503 0.00901258 -0.00194731 0.0340513 0.0244637 -0.0229794 0.014754 -0.0150202 -0.0324418 -0.0234402 -0.0293555 -0.0020171 -0.0237641 -0.0179193 0.00593096 -0.0227624 -0.0325963 -0.0176481 0.00750032 0.00485134 0.0066438
internal_weight=841 678 336 293 130 105 163 129 163 77 137 73 342 268 74 243 210 80 53 130 89 86 64 50
internal_count=841 678 336 293 130 105 163 129 163 77 137 73 342 268 74 243 210 80 53 130 89 86 64 50
is_linear=0
shrinkage=0.04


Tree=21
num_leaves=24
num_cat=0
split_feature=9 4 4 5 4 4 9 4 4 4 4 9 4 4 5 9 9 4 5 4 4 5 9
split_gain=156.787 57.0382 119.428 42.6353 37.777 46.3922 32.7449 42.8485 31.34 27.3189 59.709 24.9637 46.9099 39.4327 26.84 32.6405 52.2605 27.7185 29.0526 32.6247 20.271 16.5677 11.8976
threshold=1.0595368120321338 -0.37907797682070027 -0.24509371358734597 1.0000000180025095e-35 0.74151767931280876 0.30302372691273999 1.5970676199649756 1.2287331819795522 -0.11110945035399165 0.58317264094611732 1.0216665933461864 -0.55305561176639195 -0.48870146492071748 -0.92719541732078625 -0.25066273765626779 0.3876233021160812 0.11885789814966023 -0.6714072784207461 1.1378206180301593 -0.96373658002079188 0.19340023881272278 -0.71349052288507664 -0.48586426077478684
decision_type=2 2 2 2 2 2 2 2 2 2 2 2 2 2 2 2 2 2 2 2 2 2 2
left_child=1 11 -3 8 5 22 7 20 -4 21 -11 13 14 -1 15 16 -13 18 19 -16 -2 -10 -5
right_child=6 2 3 4 -6 -7 -8 -9 9 10 -12 12 -14 -15 17 -17 -18 -19 -20 -21 -22 -23 -24
leaf_value=-0.041610440715001182 0.02964521992091949 0.062952565301296323 -0.06232171129721862 0.028897261474190691 0.052842337918281558 -0.045960865494396 0.067610807544825707 0.057872434884309765 -0.016340695350400863 -0.081270858097076432 -0.0050365275532628095 0.012826242722846843 -0.080355711078643796 0.019553682344655196 -0.06292104285624292 0.023390766422490814 -0.067433249628543857 -0.060631667872269944 0.013619357921459057 -0.012768431442732714 -0.0088295008540153503 0.024382653739303352 -0.0026159020513296127
leaf_weight=26 39 43 26 41 25 28 34 40 31 25 48 27 25 48 36 37 25 42 27 49 50 33 36
leaf_count=26 39 43 26 41 25 28 34 40 31 25 48 27 25 48 36 37 25 42 27 49 50 33 36
internal_value=-0.00253461 -0.0110029 0.000702103 -0.00843363 0.00865207 -0.00186942 0.0326893 0.0234852 -0.0220603 -0.0144194 -0.0311442 -0.0225025 -0.0281813 -0.00193641 -0.0228135 -0.00532657 -0.0257601 -0.0329196 -0.0225276 -0.0340095 0.00803021 0.00465728 0.0141638
internal_weight=841 678 336 293 130 105 163 129 163 137 73 342 268 74 243 89 52 154 112 85 89 64 77
internal_count=841 678 336 293 130 105 163 129 163 137 73 342 268 74 243 89 52 154 112 85 89 64 77
is_linear=0
shrinkage=0.04


Tree=22
num_leaves=25
num_cat=0
split_feature=9 4 4 9 4 6 6 6 6 4 4 6 9 4 9 4 4 6 0 6 7 9 9 4
split_gain=144.494 52.5664 110.065 30.1777 40.1524 40.4075 27.9766 24.6106 31.4228 27.3168 64.1663 27.9367 26.6594 23.9991 23.0065 43.2322 36.3412 30.3874 40.9181 51.9341 92.6581 30.4338 15.9139 6.69915
threshold=1.0595368120321338 -0.37907797682070027 -0.24509371358734597 1.5970676199649756 1.7646702349129695 -0.83438724912631701 -0.94807658341100087 0.52988476228989012 0.87095276514394182 0.96076465551284318 0.36392566474608284 0.075127425151154323 -0.75462966474120774 0.18121985124605419 -0.55305561176639195 -0.48870146492071748 -0.92719541732078625 -1.1754552519803687 -1.2485584126215259 0.075127425151154323 0.26563341774548938 0.18604924914126547 1.3283022159985547 -0.79321115408743181
decision_type=2 2 2 2 2 2 2 2 2 2 2 2 2 2 2 2 2 2 2 2 2 2 2 2
left_child=1 14 -3 4 5 -2 13 9 -9 10 11 -8 -10 -4 16 17 -1 -16 -19 20 -20 -21 -7 -23
right_child=3 2 6 -5 -6 22 7 8 12 -11 -12 -13 -14 -15 15 -17 -18 18 19 21 -22 23 -24 -25
leaf_value=-0.039946024624200972 0.054448879842574779 0.060434462161258209 -0.060936666085169872 0.064906374873483885 0.066963123083114626 0.013814936131238938 0.00085461261660553696 -0.049897975760602183 -0.02428314708173275 0.043421966485679156 -0.049041974122325582 0.052768163642397628 0.026772637079159417 -0.011572385516017676 -0.057583573176102201 -0.07714148302078247 0.018771534791837137 0.028722053106342044 0.040879209284172505 -0.065644320625190933 -0.043702486611902715 -0.035483806642990272 -0.022631166627009713 -0.0064837948560714717
leaf_weight=26 26 43 26 34 26 41 43 31 36 30 30 27 30 40 33 25 48 28 43 48 40 26 36 25
leaf_count=26 26 43 26 34 26 41 43 31 36 30 30 27 30 40 33 25 48 28 43 48 40 26 36 25
internal_value=-0.00243323 -0.0105628 0.000674019 0.0313817 0.0225458 0.0113336 -0.00809629 -0.00143155 -0.0166789 0.0099453 -9.77046e-05 0.0208784 -0.00107597 -0.0310189 -0.0216024 -0.027054 -0.00185896 -0.021901 -0.0162937 -0.0232192 0.000116946 -0.0427839 -0.0032248 -0.0212681
internal_weight=841 678 336 163 129 103 293 227 97 130 100 70 66 66 342 268 74 243 210 182 83 99 77 51
internal_count=841 678 336 163 129 103 293 227 97 130 100 70 66 66 342 268 74 243 210 182 83 99 77 51
is_linear=0
shrinkage=0.04


Tree=23
num_leaves=25
num_cat=0
split_feature=9 2 9 6 9 0 6 9 4 4 4 4 4 0 4 6 4 4 6 4 9 9 6 4
split_gain=133.166 49.1779 49.4013 79.1851 50.8651 44.5843 34.7643 27.8117 37.1496 25.2935 62.1076 49.9309 40.3919 46.0705 37.1536 26.0465 35.6342 25.6118 21.8102 16.994 13.8718 8.30257 7.90863 3.57599
threshold=1.0595368120321338 1.0000000180025095e-35 0.11885789814966023 -0.60700858055694906 1.0000000180025095e-35 -0.7491350475729156 0.52988476228989012 1.5970676199649756 1.1678312441462091 -0.46434068978738036 -0.78103076652076331 -0.98809735515412911 0.30302372691273999 0.74913504757291582 0.75369806687947738 -0.60700858055694906 -0.086748675220654506 1.2470037633295548 0.30250609372052223 0.19340023881272278 -0.48586426077478684 -0.9562037177160233 1.0000000180025095e-35 -0.6714072784207461
decision_type=2 2 2 2 2 2 2 2 2 2 2 2 2 2 2 2 2 2 2 2 2 2 2 2
left_child=1 -1 4 -4 9 -5 23 8 18 10 11 22 13 15 -14 -11 -17 -16 19 -2 -12 -15 -3 -7
right_child=7 2 3 5 -6 6 -8 -9 -10 12 20 -13 14 21 17 16 -18 -19 -20 -21 -22 -23 -24 -25
leaf_value=0.03178097268300397 0.043422382282359263 -0.038716119694709776 -0.075780025229829809 0.019787812363810657 0.042063715909466594 -0.01990200630747355 -0.056865038047003193 0.062310120936702282 0.052000796739445181 -0.0037180488109588624 -0.030675166335798081 0.043166484298377203 -0.047517469512919588 -0.0037415629863739013 0.025683038589855035 0.064661940947557103 0.0098636578305347552 -0.028017055902768068 -0.020365798588721985 -0.0010538828814471209 -0.066731213608168458 -0.035455859564244747 -0.0068993784904479985 0.00036570676664511364
leaf_weight=42 28 25 46 41 33 26 43 34 43 35 31 29 48 25 30 39 37 27 31 27 38 28 25 30
leaf_count=42 28 25 46 41 33 26 43 34 43 35 31 29 48 25 30 39 37 27 31 27 38 28 25 30
internal_value=-0.0023359 -0.0101403 -0.0129087 -0.0302487 -0.00574143 -0.0152884 -0.0298149 0.0301264 0.0216439 -0.00952457 -0.0228059 0.00141064 -0.00221737 0.010185 -0.0215886 0.0248346 0.0379838 0.000246152 0.00646549 0.0215886 -0.0505321 -0.0204963 -0.0228077 -0.0090443
internal_weight=841 678 636 186 450 140 99 163 129 417 148 79 269 164 105 111 76 57 86 55 69 53 50 56
internal_count=841 678 636 186 450 140 99 163 129 417 148 79 269 164 105 111 76 57 86 55 69 53 50 56
is_linear=0
shrinkage=0.04


Tree=24
num_leaves=24
num_cat=0
split_feature=9 0 9 9 6 6 6 7 8 6 9 9 6 0 0 5 8 6 5 6 5 9 6
split_gain=122.726 36.0553 34.9258 25.6313 30.3861 21.6212 74.9767 71.0128 60.9359 87.1788 35.7566 33.2603 22.9861 34.5068 28.7047 42.852 47.2171 21.9601 21.7733 18.9201 6.87985 5.67895 4.52032
threshold=1.0595368120321338 1.2485584126215263 -0.41867290978318161 1.5970676199649756 -0.83438724912631701 0.075127425151154323 -0.26594057770289742 0.26563341774548938 -0.63134183865453442 -0.94807658341100087 0.85796275905731789 -0.82182101573281285 0.30250609372052223 -1.2485584126215259 -0.7491350475729156 1.1378206180301593 1.0000000180025095e-35 -1.0617659176956848 -0.25066273765626779 0.075127425151154323 0.67499283280135014 1.3283022159985547 -0.94807658341100087
decision_type=2 2 2 2 2 2 2 2 2 2 2 2 2 2 2 2 2 2 2 2 2 2 2
left_child=1 5 -3 4 -2 6 7 8 9 -1 22 17 -7 -14 -15 16 18 -10 -16 -6 -13 -21 -9
right_child=3 2 -4 -5 19 12 -8 10 11 -11 -12 20 13 14 15 -17 -18 -19 -20 21 -22 -23 -24
leaf_value=-0.0064443651040395102 0.054577894434332849 -0.0083200064778793607 -0.056573334702601036 0.059817715480047114 -0.011460612361319362 -0.041819870653675831 0.04556434932584856 -0.046538797208556429 0.03693345600161059 0.092629785391467601 3.1166768074035647e-05 -0.014669743073838098 0.025521051471954898 -0.045882239639759063 -0.018892974871275729 0.033791680905607441 0.014136519912968984 -0.01149188878457813 -0.061727505652781796 0.036404416412115101 -0.041106569270292923 0.011117893943080196 -0.069906395765451296
leaf_weight=30 32 48 48 34 40 41 51 27 29 27 25 28 38 41 43 31 44 31 34 30 36 27 26
leaf_count=30 32 48 48 34 40 41 51 27 29 27 25 28 38 41 43 31 44 31 34 30 36 27 26
internal_value=-0.00224246 -0.00973466 -0.0324467 0.0289214 0.0207782 -0.00598835 0.0012334 -0.00749586 0.00625362 0.0404855 -0.0394017 -0.009482 -0.014219 -0.00932016 -0.0161801 -0.00816832 -0.0189184 0.0119137 -0.0378069 0.00962774 -0.0295405 0.0244266 -0.0580021
internal_weight=841 678 96 163 129 582 310 259 181 57 78 124 272 231 193 152 121 60 77 97 64 57 53
internal_count=841 678 96 163 129 582 310 259 181 57 78 124 272 231 193 152 121 60 77 97 64 57 53
is_linear=0
shrinkage=0.04


Tree=25
num_leaves=29
num_cat=0
split_feature=9 6 2 9 9 8 6 0 6 6 9 9 6 6 6 0 0 9 9 7 8 0 8 0 0 0 6 9
split_gain=144.399 55.3068 50.0755 30.6814 63.4397 40.1075 40.7863 62.4314 35.0164 33.9755 37.4078 30.3953 28.229 26.4669 26.087 25.8792 40.5074 26.387 48.3381 25.4611 15.3059 14.9246 14.2291 13.4155 13.3885 11.8042 23.8052 5.33287
threshold=0.99234546104052834 -0.83438724912631701 1.0000000180025095e-35 -0.55305561176639195 -0.75462966474120774 -0.63134183865453442 0.18881675943583826 -1.0000000180025095e-35 -1.0617659176956848 0.30250609372052223 -0.082716154825155472 0.051666547158054986 1.0000000180025095e-35 0.87095276514394182 0.41619542800520609 0.74913504757291582 1.0000000180025095e-35 -1.0233950687076285 -1.2921604726740494 -1.1992766638071075 1.0000000180025095e-35 1.0000000180025095e-35 1.0000000180025095e-35 -0.7491350475729156 -1.0000000180025095e-35 0.74913504757291582 0.98464209942862591 -1.2921604726740494
decision_type=2 2 2 2 2 2 2 2 2 2 2 2 2 2 2 2 2 2 2 2 2 2 2 2 2 2 2 2
left_child=2 -2 -1 4 8 6 7 -5 19 11 -11 22 -3 -8 -14 16 17 18 23 -4 -12 -6 -7 -10 -13 26 -16 -17
right_child=1 12 3 5 21 9 13 -9 15 10 20 24 14 -15 25 27 -18 -19 -20 -21 -22 -23 -24 -25 -26 -27 -28 -29
leaf_value=0.033512366739186374 0.071265507908754563 -0.0094586627548321704 -0.010655543423656906 -0.022113030930500356 0.057563617640528184 -0.087140555477142334 -0.054404798717134537 0.054378525206917216 -0.010161016031547829 0.026330539072553318 -0.046176183521747592 -0.04422684230348644 0.061268364719806186 0.0016024666362338597 -0.020083572635283837 -0.0068298088312149056 -0.072322685913397716 -0.052020946053358219 0.032772686714306477 0.041966146951721559 -0.0069768357376257589 0.015390161418914795 -0.045961471271925965 -0.050825374597311027 -0.010277952987973283 0.041109514093399052 0.03181624716328036 0.01929693739414215
leaf_weight=44 43 39 28 31 29 25 27 38 27 30 34 34 31 27 26 25 26 26 32 31 30 25 29 25 41 25 31 25
leaf_count=44 43 39 28 31 29 25 27 38 27 30 34 34 31 27 26 25 26 26 32 31 30 25 29 25 41 25 31 25
internal_value=0.000825538 0.0312139 -0.00777495 -0.0105914 -0.00120675 -0.0187014 -0.000364089 0.0200128 -0.0098568 -0.0288156 -0.0105253 -0.0421435 0.0198836 -0.0264012 0.0300105 -0.0183737 -0.0274205 -0.0168073 -0.00590781 0.0169931 -0.0278015 0.0380389 -0.0650259 -0.0297112 -0.0256681 0.0181935 0.00814265 0.00623356
internal_weight=884 195 689 645 299 346 123 69 245 223 94 129 152 54 113 186 136 110 84 59 64 54 54 52 75 82 57 50
internal_count=884 195 689 645 299 346 123 69 245 223 94 129 152 54 113 186 136 110 84 59 64 54 54 52 75 82 57 50
is_linear=0
shrinkage=0.04


Tree=26
num_leaves=27
num_cat=0
split_feature=4 9 6 4 4 3 9 5 6 5 6 4 6 6 1 4 6 6 4 9 7 4 5 6 6 6
split_gain=136.688 83.8807 59.4894 40.1879 38.6187 46.8548 39.6671 82.747 49.8656 32.2353 31.5829 31.1265 30.2869 48.7278 23.2119 22.3104 22.1972 18.5018 14.2387 18.5312 21.8081 38.3198 10.9745 16.9244 16.6941 9.59785
threshold=2.5563954267464273 0.99234546104052834 -0.83438724912631701 -1.0002777427207976 -0.85411309192077478 1.0000000180025095e-35 -0.55305561176639195 1.0000000180025095e-35 -0.60700858055694906 0.67499283280135014 0.64357409657457409 -0.45216030222071174 -0.15225124341821353 0.30250609372052223 1.0000000180025095e-35 -0.050207512520648777 -0.49331924627226525 0.98464209942862591 -0.68358766598741461 0.45481465310768643 1.0000000180025095e-35 -0.31817603898735741 -0.71349052288507664 -0.60700858055694906 -0.37962991198758139 0.98464209942862591
decision_type=2 2 2 2 2 2 2 2 2 2 2 2 2 2 2 2 2 2 2 2 2 2 2 2 2 2
left_child=1 3 -3 10 -5 6 7 17 11 -9 16 -8 -4 -14 25 -11 -1 22 -10 20 21 -20 23 -6 -24 -15
right_child=-2 2 12 4 5 -7 8 9 18 15 -12 -13 13 14 -16 -17 -18 -19 19 -21 -22 -23 24 -25 -26 -27
leaf_value=-0.02867428417863517 0.092991397929191588 0.06472689278242065 -0.026467395640652758 0.029324776226160476 -0.047550799046401623 0.032851771811644233 -0.080838989248877627 0.053815348772115489 0.0088282333205385918 0.034341264603466821 -0.00073334891734452086 -0.02504787509329617 0.063977496027946473 -0.028093615642615727 0.033014257890837534 -0.01374861727609779 -0.080106648254394536 -0.048338573777249885 -0.052706795836036859 -0.040622477836725193 0.01796322569702611 0.0069676148022214572 0.022646869995764325 -0.0073219239339232444 -0.022323956163227559 0.0060049360245466232
leaf_weight=29 25 41 29 49 27 42 32 43 41 29 29 32 29 28 28 33 25 28 33 41 33 36 28 44 25 25
leaf_count=29 25 41 29 49 27 42 32 43 41 29 29 32 29 28 28 33 25 28 33 41 33 36 28 44 25 25
internal_value=0.000792517 -0.0018908 0.0223861 -0.00832651 -0.00469498 -0.00774246 -0.0111186 -0.000106033 -0.0225308 0.0272024 -0.0344035 -0.0529434 0.00989708 0.0194841 0.00355434 0.00874504 -0.0524856 -0.0189704 -0.0119525 -0.0179107 -0.00878141 -0.0215723 -0.0123389 -0.0226202 0.00143422 -0.0120094
internal_weight=884 859 180 679 596 547 505 257 248 105 83 64 139 110 81 62 54 152 184 143 102 69 124 71 53 53
internal_count=884 859 180 679 596 547 505 257 248 105 83 64 139 110 81 62 54 152 184 143 102 69 124 71 53 53
is_linear=0
shrinkage=0.04


Tree=27
num_leaves=28
num_cat=0
split_feature=4 9 6 4 4 3 9 5 6 5 6 4 6 6 1 4 6 6 8 6 8 6 5 6 6 6 4
split_gain=125.972 77.3045 54.8254 37.0372 35.591 43.1814 36.5572 76.2597 45.9561 29.7081 29.1068 28.6862 27.9124 44.9076 21.3921 20.5613 20.4569 17.0512 13.7597 29.2043 45.6126 45.3679 10.1141 15.5975 15.3853 8.84538 6.03099
threshold=2.5563954267464273 0.99234546104052834 -0.83438724912631701 -1.0002777427207976 -0.85411309192077478 1.0000000180025095e-35 -0.55305561176639195 1.0000000180025095e-35 -0.60700858055694906 0.67499283280135014 0.64357409657457409 -0.45216030222071174 -0.15225124341821353 0.30250609372052223 1.0000000180025095e-35 -0.050207512520648777 -0.49331924627226525 0.98464209942862591 1.0000000180025095e-35 0.30250609372052223 -0.63134183865453442 0.87095276514394182 -0.71349052288507664 -0.60700858055694906 -0.37962991198758139 0.98464209942862591 -0.45216030222071174
decision_type=2 2 2 2 2 2 2 2 2 2 2 2 2 2 2 2 2 2 2 2 2 2 2 2 2 2 2
left_child=1 3 -3 10 -5 6 7 17 11 -9 16 -8 -4 -14 25 -11 -1 22 19 20 -10 -21 23 -6 -24 -15 -20
right_child=-2 2 12 4 5 -7 8 9 18 15 -12 -13 13 14 -16 -17 -18 -19 26 21 -22 -23 24 -25 -26 -27 -28
leaf_value=-0.027527311218195946 0.089271742570400242 0.062137816621036068 -0.025408698767423632 0.028151786789602166 -0.045648768202022273 0.031537700252873557 -0.077605430399999023 0.051662734649902169 0.033175474974242121 0.032967613678554011 -0.00070401491789982243 -0.024045961089432241 0.061418395083526089 -0.026969870839800153 0.031693688050976825 -0.013198669923074318 -0.07690238093733788 -0.046405029045417906 0.018667261332825379 -0.073494527821739514 -0.036235997676849367 -0.0073018290303848892 0.021740995539086209 -0.0070290473543784841 -0.021430998653173449 0.0057647389173507693 -0.0076031826693436205
leaf_weight=29 25 41 29 49 27 42 32 43 33 29 29 32 29 28 28 33 25 28 27 30 28 37 28 44 25 25 29
leaf_count=29 25 41 29 49 27 42 32 43 33 29 29 32 29 28 28 33 25 28 27 30 28 37 28 44 25 25 29
internal_value=0.000760816 -0.00181517 0.0214907 -0.00799344 -0.00450718 -0.00743276 -0.0106739 -0.000101792 -0.0216296 0.0261143 -0.0330273 -0.0508257 0.0095012 0.0187047 0.00341216 0.00839524 -0.0503861 -0.0182116 -0.0114744 -0.0187095 0.00131447 -0.0369404 -0.0118453 -0.0217154 0.00137685 -0.011529 0.00506292
internal_weight=884 859 180 679 596 547 505 257 248 105 83 64 139 110 81 62 54 152 184 128 61 67 124 71 53 53 56
internal_count=884 859 180 679 596 547 505 257 248 105 83 64 139 110 81 62 54 152 184 128 61 67 124 71 53 53 56
is_linear=0
shrinkage=0.04


Tree=28
num_leaves=28
num_cat=0
split_feature=9 6 2 6 6 5 9 9 0 9 6 6 9 0 0 9 9 5 0 0 9 9 7 6 6 0 9
split_gain=114.45 43.335 39.8821 23.5702 23.3664 26.654 22.8193 53.9134 37.488 60.3665 49.7989 31.1497 30.3766 58.7374 47.6027 26.7141 26.6944 44.6215 23.9845 38.356 26.3817 42.9193 21.0688 15.7429 13.6109 12.5486 4.81743
threshold=0.99234546104052834 -0.83438724912631701 1.0000000180025095e-35 1.0000000180025095e-35 1.2120207679979937 -0.25066273765626779 -0.55305561176639195 -0.75462966474120774 -0.7491350475729156 0.051666547158054986 -0.15225124341821353 -1.0617659176956848 0.45481465310768643 1.0000000180025095e-35 1.2485584126215263 0.25324060013287075 0.051666547158054986 0.67499283280135014 0.74913504757291582 1.0000000180025095e-35 -1.0233950687076285 -1.2921604726740494 -1.1992766638071075 0.075127425151154323 0.52988476228989012 -0.7491350475729156 -1.2921604726740494
decision_type=2 2 2 2 2 2 2 2 2 2 2 2 2 2 2 2 2 2 2 2 2 2 2 2 2 2 2
left_child=2 -2 -1 -3 5 -5 7 11 9 -8 -11 22 14 -14 15 16 17 -10 19 20 21 25 -4 -19 -9 -13 -20
right_child=1 3 6 4 -6 -7 8 24 12 10 -12 18 13 -15 -16 -17 -18 23 26 -21 -22 -23 -24 -25 -26 -27 -28
leaf_value=0.029919762080535293 0.063237232163895013 -0.0090567481785248493 -0.0091476075776985716 0.064619700321129389 -0.0025742936350645557 0.018512841317247838 -0.074395136337999893 0.054914634360207451 0.046774204619642767 -0.050163851220298698 0.024715933044751486 -0.0083585808895252373 -0.072790486117204026 0.0012511011213064195 -0.044423099237103615 0.04451722645040216 -0.032441773345427853 -0.031529474726745062 -0.0060803122222423556 -0.069756444228383216 -0.050945587639625256 0.031610979870893063 0.038720421848758575 0.011695435826595013 0.01475068834092882 -0.047687135827541346 0.018751736330986021
leaf_weight=44 43 39 28 35 31 47 41 27 36 27 30 27 30 40 31 29 28 28 25 26 26 32 31 26 27 25 25
leaf_count=44 43 39 28 35 31 47 41 27 36 27 30 27 30 40 31 29 28 28 25 26 26 32 31 26 27 25 25
internal_value=0.000730384 0.0277845 -0.00692644 0.0177551 0.0270088 0.0381926 -0.00943998 -0.00134653 -0.016434 -0.037379 -0.0107534 -0.00932072 -0.00815738 -0.030481 0.00062158 0.0101208 0.00166744 0.0122792 -0.0173536 -0.026063 -0.0157354 -0.00483701 0.0160034 -0.0107175 0.0348327 -0.0272665 0.00633571
internal_weight=884 195 689 152 113 82 645 299 346 98 57 245 248 70 178 147 118 90 186 136 110 84 59 54 54 52 50
internal_count=884 195 689 152 113 82 645 299 346 98 57 245 248 70 178 147 118 90 186 136 110 84 59 54 54 52 50
is_linear=0
shrinkage=0.04


Tree=29
num_leaves=27
num_cat=0
split_feature=4 4 9 4 4 7 0 0 4 8 4 4 4 4 8 7 9 0 4 4 0 9 4 0 4 0
split_gain=116.031 65.1462 63.4714 53.7054 38.1224 43.034 31.5605 48.8855 37.69 30.357 25.5228 49.6815 29.2897 26.4156 35.0278 29.8702 29.023 41.4989 29.9897 28.6842 28.3103 17.6479 15.4483 13.5229 11.742 5.81072
threshold=2.5563954267464273 1.0000000180025095e-35 -1.2249691216824441 1.3505370576462379 -0.086748675220654506 1.1445794666770477 0.74913504757291582 -1.0000000180025095e-35 0.48572954041276867 1.0000000180025095e-35 -0.97591696758746049 -0.85411309192077478 -1.0855404556874777 -0.37907797682070027 1.0000000180025095e-35 -0.32033061487554942 0.3876233021160812 -0.7491350475729156 -0.52524262762072316 -0.56178379032072889 0.74913504757291582 -0.14990750581676068 0.52227070311277446 1.0000000180025095e-35 0.58317264094611732 -1.0000000180025095e-35
decision_type=2 2 2 2 2 2 2 2 2 2 2 2 2 2 2 2 2 2 2 2 2 2 2 2 2 2
left_child=1 4 24 6 5 10 7 9 -8 22 12 -12 21 16 15 -15 17 19 20 -13 -19 -1 -4 -9 -3 -26
right_child=-2 2 3 -5 -6 -7 8 23 -10 -11 11 13 -14 14 -16 -17 -18 18 -20 -21 -22 -23 -24 -25 25 -27
leaf_value=-0.041100027119671853 0.085648228514194485 0.0023051361819463119 0.042931617473562556 -0.021097043498260217 -0.057177290072043738 0.035050333593698108 0.019174957701138088 -0.028762135284562267 0.075688694148528871 0.072762335905661946 0.034645590796703249 -0.087768324796970082 -0.066365768726055444 0.0093597689337200588 0.039045940209180119 -0.042698463616443097 0.0071995335230801974 0.017518429470558962 -0.048806298479437828 -0.0277602068901062 -0.031053079734556378 0.0009691437849631676 0.0040664383769035339 0.0099587908387184145 -0.042304508260318209 -0.016534703586782728
leaf_weight=27 25 28 30 41 27 34 35 31 41 26 41 26 26 45 32 29 47 48 30 25 32 39 36 27 28 28
leaf_count=27 25 28 30 41 27 34 35 31 41 26 41 26 26 45 32 29 47 48 30 25 32 39 36 27 28 28
internal_value=0.000701168 -0.0017711 0.0114811 0.0210217 -0.0109276 -0.00833147 0.0286628 0.0180228 0.0496626 0.0361539 -0.0116312 -0.00676544 -0.0304067 -0.0121726 0.00407929 -0.0110414 -0.0204548 -0.0285279 -0.0147 -0.0583526 -0.00191017 -0.016241 0.0217324 -0.0107369 -0.0188447 -0.0294196
internal_weight=884 859 351 267 508 481 226 150 76 92 447 355 92 314 106 74 208 161 110 51 80 66 66 58 84 56
internal_count=884 859 351 267 508 481 226 150 76 92 447 355 92 314 106 74 208 161 110 51 80 66 66 58 84 56
is_linear=0
shrinkage=0.04


Tree=30
num_leaves=27
num_cat=0
split_feature=4 9 3 4 4 8 9 1 4 6 6 6 6 4 9 9 4 6 9 9 4 4 9 9 4 8
split_gain=97.7666 61.576 38.4713 40.1079 69.0007 61.6445 26.0331 24.8721 23.0316 34.2613 31.5377 21.2557 20.6901 20.5288 20.4359 77.9133 41.1508 16.8957 19.2582 46.2503 29.0897 49.9003 15.1764 13.425 10.4173 5.12213
threshold=2.5015836826964182 1.5970676199649756 1.0000000180025095e-35 1.2470037633295548 0.4126472150127572 -0.63134183865453442 0.58919735509089699 1.0000000180025095e-35 -1.0002777427207976 0.98464209942862591 0.64357409657457409 -0.49331924627226525 1.2120207679979937 0.71715690417947164 -0.6874383137496024 -0.88901236672441819 -0.24509371358734597 -1.0617659176956848 -0.21709885680836591 0.051666547158054986 -0.59832495302073463 -0.19637216332067167 0.99234546104052834 0.3876233021160812 -0.56178379032072889 -0.63134183865453442
decision_type=2 2 2 2 2 2 2 2 2 2 2 2 2 2 2 2 2 2 2 2 2 2 2 2 2 2
left_child=1 2 3 4 8 -6 -4 13 10 14 11 -1 -11 -7 15 16 -10 24 -19 -20 23 -22 -5 -21 -16 -14
right_child=-2 -3 6 22 5 7 -8 -9 9 12 -12 -13 25 -15 17 -17 -18 18 19 20 21 -23 -24 -25 -26 -27
leaf_value=-0.021771853943665823 0.075822349534584929 0.049031357092516763 -0.0019100532795374209 -0.061920567675045238 0.059497355861081326 0.013555026694580362 0.053211128506167181 0.030771083496510983 0.019997651831079752 -0.058081358877409783 0.0068376028881623196 -0.069002181791490133 -0.030599285325518363 -0.032866780545030325 -0.045566654595044949 0.063630137588038593 -0.037396776174626702 -0.024528556688099494 0.046280428889122878 -0.0050951271475507664 -0.051607646989148284 0.016613197110850235 -0.019509685392732973 0.03517526374922858 -0.013200157590028716 -0.0080511356070637717
leaf_weight=30 26 35 26 27 44 27 29 32 39 28 26 31 27 35 26 33 41 49 33 26 42 29 27 27 41 40
leaf_count=30 26 35 26 27 44 27 29 32 39 28 26 31 27 35 26 33 41 49 33 26 42 29 27 27 41 40
internal_value=-0.000583389 -0.00292051 -0.00515157 -0.00748946 -0.00494812 0.0204218 0.0271538 0.0021311 -0.0111119 -0.00768635 -0.0300511 -0.0457742 -0.0292053 -0.0126508 -0.00239023 0.0119154 -0.00941699 -0.00831159 -0.00263653 0.00419602 -0.00700387 -0.0237428 -0.0407151 0.01542 -0.0257603 -0.0171377
internal_weight=876 850 815 760 706 138 55 94 568 481 87 61 95 62 386 113 80 273 206 157 124 71 54 53 67 67
internal_count=876 850 815 760 706 138 55 94 568 481 87 61 95 62 386 113 80 273 206 157 124 71 54 53 67 67
is_linear=0
shrinkage=0.04


Tree=31
num_leaves=28
num_cat=0
split_feature=4 9 3 4 4 8 0 0 4 0 9 5 5 5 4 9 4 9 4 9 4 9 9 4 4 4 4
split_gain=90.1017 56.7485 35.4552 36.9635 63.591 56.8116 34.9218 22.9221 21.2259 33.7902 34.7609 25.196 41.2409 35.2306 18.9194 15.5756 15.1546 38.8535 28.545 17.8874 34.4795 37.1026 13.9866 12.7005 8.45418 6.63595 2.15734
threshold=2.5015836826964182 1.5970676199649756 1.0000000180025095e-35 1.2470037633295548 0.4126472150127572 -0.63134183865453442 -1.0000000180025095e-35 0.74913504757291582 -1.0002777427207976 1.0000000180025095e-35 0.11885789814966023 1.0000000180025095e-35 1.1378206180301593 -1.1763183081138855 0.71715690417947164 -0.55305561176639195 -0.65922689085407749 0.3876233021160812 -0.80539154165410043 0.58919735509089699 -0.34253681412069453 -0.88901236672441819 0.99234546104052834 -0.33035642655402603 -0.19637216332067167 -0.43997991465404318 -0.64704650328740898
decision_type=2 2 2 2 2 2 2 2 2 2 2 2 2 2 2 2 2 2 2 2 2 2 2 2 2 2 2
left_child=1 2 3 4 8 -6 -4 14 9 10 -1 13 23 -10 -7 -14 17 18 -15 20 -18 -22 -5 26 -21 -17 -13
right_child=-2 -3 6 22 5 7 -8 -9 11 -11 -12 12 15 16 -16 25 19 -19 -20 24 21 -23 -24 -25 -26 -27 -28
leaf_value=0.024306812985585284 0.072789454574768361 0.047070102981158664 0.060983141088485723 -0.05944374380288301 0.057117461629889225 0.013012825581762526 -0.0030285210758447647 0.029540241099894046 0.025285317455568623 -0.059234343477657866 -0.041101648923582756 0.016740999388694763 0.0097970718344052628 -0.051235005593661107 -0.031552110007831029 -0.010007790957119893 -0.044173990137047245 0.028638148382306099 0.0022186043954664663 -0.06087280026797591 -0.02488759713137851 0.039304111826419831 -0.018729297275896426 0.037555649162310627 -0.029131580662727356 -0.035009495390624534 0.0001235645890235901
leaf_weight=26 26 35 25 27 44 27 30 32 31 35 26 25 30 33 35 29 45 32 31 29 34 25 27 46 25 41 25
leaf_count=26 26 35 25 27 44 27 30 32 31 35 26 25 30 33 35 29 45 32 31 29 34 25 27 46 25 41 25
internal_value=-0.000560053 -0.00280369 -0.0049455 -0.00718988 -0.00475019 0.0196049 0.0260677 0.00204585 -0.0106675 -0.0288491 -0.00839742 -0.00737889 0.00366057 -0.0149709 -0.0121448 -0.014317 -0.0198841 -0.00734956 -0.0253434 -0.0275 -0.017802 0.00231228 -0.0390865 0.0223872 -0.0461778 -0.0246516 0.00843228
internal_weight=876 850 815 760 706 138 55 94 568 87 52 481 196 285 62 100 254 96 64 158 104 59 54 96 54 70 50
internal_count=876 850 815 760 706 138 55 94 568 87 52 481 196 285 62 100 254 96 64 158 104 59 54 96 54 70 50
is_linear=0
shrinkage=0.04


Tree=32
num_leaves=25
num_cat=0
split_feature=4 4 4 1 7 4 6 6 6 4 4 6 6 6 4 4 8 5 6 5 4 6 4 4
split_gain=83.0377 50.3312 51.0303 43.0673 34.2497 56.2221 31.5046 47.9649 30.593 27.6084 163.979 45.3678 25.9425 24.3123 20.0139 31.0327 22.5583 32.3329 15.0578 10.5314 10.2849 9.23567 6.18473 5.63862
threshold=2.5015836826964182 1.0000000180025095e-35 1.6124153903296121 1.0000000180025095e-35 -0.90629464749658817 0.5588118658127802 0.075127425151154323 -0.15225124341821353 -0.60700858055694906 -0.24509371358734597 -0.37907797682070027 -0.94807658341100087 -1.2891445862650526 0.30250609372052223 -0.23291332602067741 -0.52524262762072316 -0.63134183865453442 1.0000000180025095e-35 -0.60700858055694906 1.0000000180025095e-35 0.7780588420128145 1.0983314337133099 -0.35471720168736315 -0.74448960382075746
decision_type=2 2 2 2 2 2 2 2 2 2 2 2 2 2 2 2 2 2 2 2 2 2 2 2
left_child=1 6 3 4 20 19 7 9 -7 10 11 12 -1 -5 15 16 -8 21 -13 -6 -3 -18 -17 -20
right_child=-2 2 -4 13 5 8 14 -9 -10 -11 -12 18 -14 -15 -16 22 17 -19 23 -21 -22 -23 -24 -25
leaf_value=-0.014595221254560682 0.069877877854383916 -0.03100152133218944 -0.034192034460996328 0.018095444518586863 0.024995793137285442 -0.042216955102407021 0.0053222745532790815 0.041802611040831029 0.012067004047010258 -0.037599885300165274 0.094220407152175917 -0.054628384403280307 0.030290369250272453 0.05993192321339319 0.0030391133626302088 -0.067593739986419682 -0.03130174709778083 0.0048485781438648698 -0.0080804946445501777 0.057851483396984434 -1.8875720600287121e-05 -0.061577519795724324 -0.039729395141968361 -0.034178999044277049
leaf_weight=45 26 40 38 46 27 26 48 36 46 41 25 37 38 43 45 25 38 32 26 37 30 28 26 27
leaf_count=45 26 40 38 46 27 26 48 36 46 41 25 37 38 43 45 25 38 32 26 37 30 28 26 27
internal_value=-0.000537652 -0.00269154 0.00943655 0.0150565 0.00501071 0.016712 -0.0105032 -0.00124043 -0.00753554 -0.0077239 -0.00153746 -0.0153753 0.00595481 0.0383086 -0.0210292 -0.026527 -0.0171439 -0.0281478 -0.0350464 0.0439905 -0.0177232 -0.044146 -0.0533884 -0.021376
internal_weight=876 850 333 295 206 136 517 275 72 239 198 173 83 89 242 197 146 98 90 64 70 66 51 53
internal_count=876 850 333 295 206 136 517 275 72 239 198 173 83 89 242 197 146 98 90 64 70 66 51 53
is_linear=0
shrinkage=0.04


Tree=33
num_leaves=25
num_cat=0
split_feature=3 9 9 8 6 9 9 1 6 6 9 6 5 6 6 7 6 1 7 9 7 6 9 6
split_gain=55.2975 58.0018 54.7576 29.3832 90.1693 29.87 56.0163 26.1276 23.4488 40.7361 31.9393 28.1404 23.5913 49.9403 20.1664 27.3925 20.0361 27.694 16.7465 15.0287 12.5405 4.93763 3.82827 0.183166
threshold=1.0000000180025095e-35 0.85796275905731789 1.5970676199649756 -0.63134183865453442 1.3257101022826776 -0.88901236672441819 -0.48586426077478684 1.0000000180025095e-35 -1.1754552519803687 -0.60700858055694906 -0.28429020779997111 -0.94807658341100087 1.1378206180301593 0.30250609372052223 -0.37962991198758139 0.26563341774548938 0.75726343085925796 1.0000000180025095e-35 0.26563341774548938 -0.9562037177160233 -0.90629464749658817 0.075127425151154323 0.051666547158054986 1.0000000180025095e-35
decision_type=2 2 2 2 2 2 2 2 2 2 2 2 2 2 2 2 2 2 2 2 2 2 2 2
left_child=2 -2 3 4 5 23 -7 14 10 11 -5 -10 16 -14 -8 -16 17 20 19 -18 -11 -22 -13 -1
right_child=1 -3 -4 8 -6 6 7 -9 9 12 -12 22 13 -15 15 -17 18 -19 -20 -21 21 -23 -24 -25
leaf_value=-0.0098433754994319035 -0.00091287932358682152 0.077190806331305664 0.046426740989965555 0.031468651771545411 -0.063308388270713667 0.073878553637436464 -0.021886270015667647 0.036989646916804106 -0.012318812043238909 -0.014726925517831531 -0.019079803033835357 -0.046535491667411943 -0.027164213833985509 0.04480099129594034 -0.016917877423763276 0.0379032198701586 -0.038627063402762778 -0.029889695353197809 -0.045295940786600111 -0.00086734091242154432 0.022859552807278104 0.0041213409039709305 -0.068040046944068039 -0.014547206149609001
leaf_weight=26 32 29 34 45 27 28 39 46 39 35 36 27 27 36 25 35 26 49 44 48 45 45 26 27
leaf_count=26 32 29 34 45 27 28 39 46 39 35 36 27 27 36 25 35 26 49 44 48 45 45 26 27
internal_value=-0.000516145 0.0362184 -0.0032656 -0.0054289 0.00577943 0.0140333 0.0220822 0.0120802 -0.0107996 -0.0143879 0.00900267 -0.038108 -0.00824071 0.0139588 0.000506073 0.0150611 -0.0130303 -0.00440171 -0.0257539 -0.0141343 0.00558958 0.0134904 -0.0570849 -0.0122397
internal_weight=876 61 815 781 253 226 173 145 528 447 81 92 355 63 99 60 292 174 118 74 125 90 53 53
internal_count=876 61 815 781 253 226 173 145 528 447 81 92 355 63 99 60 292 174 118 74 125 90 53 53
is_linear=0
shrinkage=0.04


Tree=34
num_leaves=27
num_cat=0
split_feature=4 9 4 4 6 3 4 4 9 9 7 4 4 4 4 4 6 9 9 4 9 4 4 6 6 6
split_gain=75.8965 46.7538 30.5055 47.9951 34.504 53.7827 48.7807 36.7517 26.0946 20.6405 69.1199 38.6569 36.2604 18.515 32.2325 18.0655 56.4174 30.0003 19.1898 20.5295 26.9683 15.1881 11.6968 11.1162 5.70207 1.23697
threshold=2.5015836826964182 1.5970676199649756 -0.96373658002079188 -1.0611796805541405 0.75726343085925796 1.0000000180025095e-35 1.2287331819795522 0.82678039227948885 -0.14990750581676068 -0.88901236672441819 -0.61331263118606871 0.24212178907939708 -0.24509371358734597 1.0000000180025095e-35 0.92422349281283744 -0.57396417788739751 -0.15225124341821353 0.051666547158054986 -0.21709885680836591 -0.34253681412069453 0.72358005707410744 -0.65922689085407749 0.4126472150127572 1.2120207679979937 1.0000000180025095e-35 -0.49331924627226525
decision_type=2 2 2 2 2 2 2 2 2 2 2 2 2 2 2 2 2 2 2 2 2 2 2 2 2 2
left_child=1 2 3 8 5 6 7 9 -1 12 -11 15 -4 21 22 16 17 -12 -17 -20 -21 -6 -15 -23 -14 -13
right_child=-2 -3 4 -5 13 -7 -8 -9 -10 10 11 25 24 14 -16 18 -18 -19 19 20 -22 23 -24 -25 -26 -27
leaf_value=-0.040485669771830247 0.06682410929065484 0.042714633822441103 0.016838859232033002 -0.071870620227777043 -0.0077692800978334947 0.05408841447904706 -0.041763341963291171 0.043098612899581598 0.0084879363982044917 0.057140045649296527 0.015074320632219314 0.024553625917434693 -0.046941405976972272 -0.0044494913039462907 -0.036929256666837065 -0.041172103958252153 0.044018080983612984 -0.041963960445589484 -0.029858488387022264 0.037561935174923677 -0.019012234870876586 -0.055718616694211964 0.03095148140564561 -0.023099891339029583 -0.021540668219901048 0.03713662328720093
leaf_weight=27 26 35 34 26 41 32 40 36 49 37 25 25 31 28 29 39 37 36 39 26 28 32 32 35 26 25
leaf_count=27 26 35 34 26 41 32 40 36 49 37 25 25 31 28 29 39 37 36 39 26 28 32 32 35 26 25
internal_value=-0.0004955 -0.00255469 -0.00449877 -0.0249592 -0.00157175 0.00386524 0.000544698 0.00435623 -0.00891058 0.000937787 0.00575816 -0.00103159 -0.0158541 -0.0158128 -0.00230435 -0.00796131 0.00504923 -0.0185876 -0.0176206 -0.00774423 0.00822718 -0.0269447 0.014431 -0.038679 -0.0353551 0.0308451
internal_weight=876 850 815 102 713 516 484 444 76 408 317 280 91 197 89 230 98 61 132 93 54 108 60 67 57 50
internal_count=876 850 815 102 713 516 484 444 76 408 317 280 91 197 89 230 98 61 132 93 54 108 60 67 57 50
is_linear=0
shrinkage=0.04


Tree=35
num_leaves=27
num_cat=0
split_feature=4 7 4 6 4 4 4 4 9 9 4 4 4 0 0 9 6 8 0 9 9 4 9 4 9 9
split_gain=110.898 48.2241 40.4892 32.9661 30.2309 29.899 26.4012 47.3447 28.5457 48.5997 24.8384 28.8265 35.6105 33.5054 86.5953 70.3456 41.7177 32.0569 21.3417 18.5887 14.4334 17.9719 13.952 24.4506 12.3355 4.74338
threshold=-0.34253681412069453 1.4375614829875671 -0.25727410115401456 -1.5165232548344203 -0.68358766598741461 0.61971380364612305 -0.96373658002079188 -1.0611796805541405 -0.14990750581676068 0.32043195112447598 1.9656466297630009 1.3505370576462379 1.0216665933461864 1.0000000180025095e-35 -0.7491350475729156 -1.2249691216824441 0.075127425151154323 -0.63134183865453442 1.0000000180025095e-35 -0.55305561176639195 -0.6874383137496024 -0.45216030222071174 -0.82182101573281285 0.15685907611271704 0.051666547158054986 0.11885789814966023
decision_type=2 2 2 2 2 2 2 2 2 2 2 2 2 2 2 2 2 2 2 2 2 2 2 2 2 2
left_child=3 2 -2 -1 6 -3 7 18 -8 -10 11 12 13 14 17 -15 -16 -4 25 -19 -6 24 -17 -24 -22 -5
right_child=1 5 10 4 20 -7 8 -9 9 -11 -12 -13 -14 15 16 22 -18 19 -20 -21 21 -23 23 -25 -26 -27
leaf_value=0.029117666435241701 0.050795072010334799 0.078765701033450944 -0.018008251065208064 0.018769308394855924 -0.0066729523585392879 0.020273046986810091 0.032965571606481399 -0.067243771285846313 -0.043697937089535926 0.019993179098861974 0.042253521978855131 -0.030470364421213928 0.042196527398549594 -0.042474693924188615 -0.075954445569830775 0.057875874317609349 -0.013742875662765332 0.055887192083256584 -0.036119265375392777 0.011259269858710468 -0.048973309572253911 -0.069601167231798183 -0.002954596627143122 0.044638120470902862 -0.017746891931941112 -0.0049409857061174182
leaf_weight=25 34 27 31 27 26 29 37 29 36 41 27 38 39 25 34 26 35 28 28 32 35 25 31 39 48 27
leaf_count=25 34 27 31 27 26 29 37 29 36 41 27 38 39 25 34 26 35 28 28 32 35 25 31 39 48 27
internal_value=0.000689949 0.0136124 0.00895298 -0.0152949 -0.0183876 0.0484749 -0.00942988 -0.0233157 0.00409053 -0.00978449 0.00525783 0.00246766 0.00637905 0.00140794 -0.0106036 0.0172909 -0.0443979 0.0150207 -0.00778018 0.0320856 -0.0334287 -0.0398699 0.0328549 0.0235613 -0.0309147 0.00691416
internal_weight=859 475 419 384 359 56 225 111 114 77 385 358 320 281 160 121 69 91 82 60 134 108 96 70 83 54
internal_count=859 475 419 384 359 56 225 111 114 77 385 358 320 281 160 121 69 91 82 60 134 108 96 70 83 54
is_linear=0
shrinkage=0.04


Tree=36
num_leaves=25
num_cat=0
split_feature=4 7 4 0 7 4 4 4 0 0 7 7 5 4 0 6 8 0 0 4 6 7 4 5
split_gain=102.204 44.4433 37.3148 32.5919 32.7162 39.7449 27.5549 22.8911 27.5871 34.2633 52.5188 43.1531 33.6118 24.5106 36.4268 37.4896 22.5852 19.8841 33.5283 17.2234 17.3417 14.7326 7.18543 6.02887
threshold=-0.34253681412069453 1.4375614829875671 -0.25727410115401456 -1.2485584126215259 -0.61331263118606871 -0.52524262762072316 0.61971380364612305 1.9656466297630009 -1.2485584126215259 1.0000000180025095e-35 -1.1992766638071075 0.85159745036652823 0.67499283280135014 0.9851254306461803 -0.7491350475729156 0.075127425151154323 1.0000000180025095e-35 -1.0000000180025095e-35 1.0000000180025095e-35 -0.96373658002079188 -0.26594057770289742 -1.1992766638071075 -0.86629347948744329 -0.25066273765626779
decision_type=2 2 2 2 2 2 2 2 2 2 2 2 2 2 2 2 2 2 2 2 2 2 2 2
left_child=3 2 -2 16 21 17 -3 8 23 13 -11 12 -12 14 -10 -16 -1 22 -19 -20 -21 -5 -6 -4
right_child=1 6 7 4 5 -7 -8 -9 9 10 11 -13 -14 -15 15 -17 -18 18 19 20 -22 -23 -24 -25
leaf_value=0.035483725005760788 0.048763267801088452 0.07561507374600128 0.043283238458633425 -0.017101321739179116 -0.02203254227702682 -0.060575214722617114 0.019462126534560632 0.040563381152848403 0.0025286233226458235 -0.031403471421864303 0.068336865484135409 -0.0060778227638691035 0.013486113548278809 0.011871124098175451 -0.074372774349017581 -0.014523883272400673 -0.015257914400100707 0.019585075683371967 -0.046883015660569072 -0.036720650315284729 0.0061750524059722301 0.021336422088818675 -0.046207986965420701 0.016258174319352423
leaf_weight=32 34 27 25 27 37 44 29 27 45 36 39 47 33 38 33 34 25 43 32 25 38 39 42 28
leaf_count=32 34 27 25 27 37 44 29 27 45 36 39 47 33 38 33 34 25 43 32 25 38 39 42 28
internal_value=0.000662351 0.0130679 0.00859486 -0.0146831 -0.0195484 -0.0259108 0.0465359 0.00504752 0.00236895 -0.00225976 0.010929 0.0237355 0.0431969 -0.0158882 -0.0253065 -0.0440017 0.0132286 -0.018882 -0.00972074 -0.0229855 -0.0108471 0.00561189 -0.0348853 0.0290058
internal_weight=859 475 419 384 327 261 56 385 358 305 155 119 72 150 112 67 57 217 138 95 63 66 79 53
internal_count=859 475 419 384 327 261 56 385 358 305 155 119 72 150 112 67 57 217 138 95 63 66 79 53
is_linear=0
shrinkage=0.04


Tree=37
num_leaves=27
num_cat=0
split_feature=4 7 4 6 4 4 2 4 4 6 7 6 0 4 6 6 7 7 9 4 4 0 6 8 9 4
split_gain=94.1912 40.9589 34.3893 30.5093 27.0113 25.3946 23.628 20.7839 42.998 24.3161 30.66 18.4442 18.444 17.2131 16.7367 29.8445 32.4125 46.7494 29.4105 27.6703 23.7109 20.1026 13.496 4.76274 4.42289 3.8621
threshold=-0.34253681412069453 1.4375614829875671 -0.25727410115401456 -1.5165232548344203 -0.65922689085407749 0.61971380364612305 1.0000000180025095e-35 -0.96373658002079188 -1.0611796805541405 -0.15225124341821353 0.26563341774548938 0.52988476228989012 1.0000000180025095e-35 -0.78103076652076331 0.075127425151154323 0.98464209942862591 -0.90629464749658817 0.85159745036652823 -0.48586426077478684 0.82678039227948885 0.32738450204607711 1.0000000180025095e-35 -0.26594057770289742 1.0000000180025095e-35 0.11885789814966023 0.42482760257942576
decision_type=2 2 2 2 2 2 2 2 2 2 2 2 2 2 2 2 2 2 2 2 2 2 2 2 2 2
left_child=3 2 -2 -1 7 -3 -4 8 12 13 -11 22 24 -9 18 16 -16 -18 19 20 -8 -20 -6 25 -5 -17
right_child=1 5 6 4 11 -7 14 9 -10 10 -12 -13 -14 -15 15 23 17 -19 21 -21 -22 -23 -24 -25 -26 -27
leaf_value=0.028629819011688231 0.046812737119548462 0.072590470987337605 0.036684472678667486 0.018093884962576409 -0.034175643416432047 0.018683640823282045 0.013798496903557528 0.0064671764850616452 -0.063682366260166823 -0.0025952120092180044 0.051965804959719003 -0.053444525266802594 -0.033359180332294534 -0.038473570277293527 -0.00395210709331966 -0.02724972870349884 0.078105887790520981 0.010058714619704657 -0.044037337812573414 0.039780771393200451 -0.034227994772894628 -0.00094309071014667372 -0.00031655939355973271 0.0047153718603981862 -0.0048014108560703421 -0.0050157640159130103
leaf_weight=25 34 27 34 27 48 29 38 25 29 45 26 43 28 30 41 25 30 35 43 29 29 29 31 27 27 25
leaf_count=25 34 27 34 27 48 29 38 25 29 45 26 43 28 30 41 25 30 35 43 29 29 29 31 27 27 25
internal_value=0.000635857 0.0125452 0.00825107 -0.0140957 -0.0170711 0.0446744 0.00484562 -0.00919895 -0.0218194 0.00191904 0.0173849 -0.0323636 -0.00701415 -0.018046 0.00176151 0.0101305 0.0238981 0.0414651 -0.00735465 0.00713931 -0.00698909 -0.0266799 -0.0208892 -0.00882237 0.00664624 -0.0161327
internal_weight=859 475 419 384 359 56 385 237 111 126 71 122 82 55 351 183 106 65 168 96 67 72 79 77 54 50
internal_count=859 475 419 384 359 56 385 237 111 126 71 122 82 55 351 183 106 65 168 96 67 72 79 77 54 50
is_linear=0
shrinkage=0.04


Tree=38
num_leaves=27
num_cat=0
split_feature=9 5 2 7 7 5 8 9 0 0 9 8 9 9 0 0 5 5 9 0 0 9 0 9 5 7
split_gain=64.8849 50.9868 46.4364 44.3303 38.8286 37.3489 36.1755 35.2894 63.8226 37.5222 22.3754 21.474 16.5551 14.6931 12.4044 24.7125 11.9733 16.4172 16.0293 10.0157 5.84023 16.5526 22.8258 10.948 9.93146 6.71041
threshold=1.4626849179817649 -0.71349052288507664 -2.9592882694284057 -0.32033061487554942 -1.1992766638071075 1.1378206180301593 -0.63134183865453442 0.3876233021160812 -1.0000000180025095e-35 -1.0000000180025095e-35 1.2611108650069494 1.0000000180025095e-35 -0.55305561176639195 -0.82182101573281285 0.74913504757291582 -1.0000000180025095e-35 -1.1763183081138855 -2.1019738785715032 -1.3593518236656548 1.2485584126215263 -1.0000000180025095e-35 0.051666547158054986 -0.7491350475729156 0.11885789814966023 1.0000000180025095e-35 0.55861543405600889
decision_type=2 2 2 2 2 2 2 2 2 2 2 2 2 2 2 2 2 2 2 2 2 2 2 2 2 2
left_child=2 -2 -1 4 16 13 7 9 -9 -5 19 12 -7 14 15 -6 17 -4 -18 20 21 -8 -23 -22 25 -25
right_child=1 -3 3 6 5 11 10 8 -10 -11 -12 -13 -14 -15 -16 -17 18 -19 -20 -21 23 22 -24 24 -26 -27
leaf_value=0.049022818527839795 0.00076788242161273963 0.071832079878875188 -0.021675437458099855 -0.053910661405987208 0.035320486654253566 -0.04124450469017029 -0.054547843316505695 0.066265333640959961 -0.0086672340739857075 0.008849498970167978 0.011511500070492427 0.025029997023443384 0.0016342506864491632 0.05393331936177085 0.045949500615780174 -0.016484046142834882 -0.003623298060774687 0.016511053370181904 -0.04432168879111608 -0.045936026741401292 0.0032948790556367709 -0.002960341364145279 -0.048068654494626183 -0.027778402898046704 -0.043033842103821891 0.00042280952135721842
leaf_weight=27 30 35 31 27 34 25 29 31 44 35 30 30 34 34 26 26 32 43 30 32 34 50 28 27 28 27
leaf_count=27 30 35 31 27 34 25 29 31 44 35 30 30 34 34 26 26 32 43 30 32 34 50 28 27 28 27
internal_value=0.000610423 0.0390332 -0.00253502 -0.00434996 0.00628558 0.0171104 -0.0130449 0.0038468 0.0223049 -0.0184815 -0.0211648 -0.00252414 -0.0165347 0.0316728 0.0228721 0.0128719 -0.0103497 0.00051401 -0.0233161 -0.025009 -0.0220061 -0.028746 -0.0191531 -0.015789 -0.0237018 -0.0136778
internal_weight=859 65 794 767 345 209 422 137 75 62 285 89 59 120 86 60 136 74 62 255 223 107 78 116 82 54
internal_count=859 65 794 767 345 209 422 137 75 62 285 89 59 120 86 60 136 74 62 255 223 107 78 116 82 54
is_linear=0
shrinkage=0.04


Tree=39
num_leaves=28
num_cat=0
split_feature=4 5 9 4 6 4 9 4 9 4 4 4 6 6 6 6 4 4 5 9 4 6 9 4 9 9 4
split_gain=83.4139 42.1844 66.2862 40.0908 27.8987 25.2788 22.3764 35.9282 26.0868 25.86 22.2744 39.4825 26.364 36.3372 21.5031 20.8417 33.3475 30.9652 29.4658 18.2966 17.9358 14.9313 11.8455 15.7197 11.4265 8.82603 3.96107
threshold=-0.34253681412069453 -0.71349052288507664 1.3954935669901598 -0.25727410115401456 -1.5165232548344203 -0.68358766598741461 -0.48586426077478684 0.80241961714615162 -0.75462966474120774 0.24212178907939708 -0.96373658002079188 -1.0611796805541405 -0.83438724912631701 0.075127425151154323 -0.60700858055694906 0.075127425151154323 0.51009031554610584 0.1324983009793799 1.0000000180025095e-35 0.3876233021160812 -0.80539154165410043 0.98464209942862591 -0.6874383137496024 -0.45216030222071174 0.051666547158054986 -1.3593518236656548 -1.2073443313541634
decision_type=2 2 2 2 2 2 2 2 2 2 2 2 2 2 2 2 2 2 2 2 2 2 2 2 2 2 2
left_child=4 14 3 -3 -1 10 7 8 9 -5 11 19 -12 -14 -2 17 -17 -8 -19 26 -15 25 -7 24 -24 -16 -6
right_child=1 2 -4 6 5 22 15 -9 -10 -11 12 -13 13 20 21 16 -18 18 -20 -21 -22 -23 23 -25 -26 -27 -28
leaf_value=0.027579525423049929 -0.041298905496413893 0.058653148263692854 0.070833792767354423 0.019778030225208826 -0.0091958337064300261 -0.0056377263711049012 -0.047526957035064703 0.064399258208274843 0.039771117712512162 -0.030390536679375555 -0.029224162644573618 -0.060800742918047414 0.049239737633615735 -0.028474750220775606 -0.0044294567291553203 0.038703408467006824 -0.010594637157476468 0.033913924831610459 -0.024728891520664611 0.020468783599359022 0.017662505528756551 -0.021291412440213292 -0.044716897282217234 -0.063517740571498879 -0.014662992730736733 0.027411733840902647 -0.030668544570949897
leaf_weight=25 26 28 35 35 28 26 30 25 33 31 28 29 32 26 26 42 46 26 29 27 28 33 35 25 48 30 27
leaf_count=25 26 28 35 35 28 26 30 25 33 31 28 29 32 26 26 42 46 26 29 27 28 33 35 25 48 30 27
internal_value=0.000586006 0.0117933 0.0185306 0.012898 -0.0132772 -0.0161224 0.00858437 0.0215528 0.010733 -0.00378599 -0.0079311 -0.0206856 0.00448773 0.0154637 -0.00929741 -0.000710952 0.012934 -0.0148375 0.00299317 -0.0064985 -0.00455173 5.1343e-05 -0.0298764 -0.0357117 -0.0273363 0.0126283 -0.019737
internal_weight=859 475 360 325 384 359 297 124 99 66 225 111 114 86 115 173 88 85 55 82 54 89 134 108 83 56 55
internal_count=859 475 360 325 384 359 297 124 99 66 225 111 114 86 115 173 88 85 55 82 54 89 134 108 83 56 55
is_linear=0
shrinkage=0.04


Tree=40
num_leaves=27
num_cat=0
split_feature=4 9 5 4 0 0 7 7 4 4 8 9 9 0 5 9 9 4 9 4 0 4 7 9 4 4
split_gain=57.8492 38.3051 23.4693 29.7334 54.9429 38.8268 46.8548 30.2514 26.9229 19.3666 19.7572 59.2241 105.076 38.8068 29.8257 22.8331 16.6318 16.2433 14.7312 26.6168 19.2493 25.8341 13.6128 12.9841 9.52739 10.953
threshold=2.5015836826964182 1.5970676199649756 -2.1019738785715032 1.0000000180025095e-35 0.74913504757291582 -1.2485584126215259 0.26563341774548938 -1.1992766638071075 0.7780588420128145 -0.14765061305399738 -0.63134183865453442 1.0000000180025095e-35 0.58919735509089699 0.74913504757291582 -0.25066273765626779 -0.48586426077478684 0.99234546104052834 -0.37907797682070027 -0.082716154825155472 -0.76885037895409469 -1.0000000180025095e-35 -0.86629347948744329 -0.90629464749658817 -0.82182101573281285 1.2774547322462262 0.68061574147946591
decision_type=2 2 2 2 2 2 2 2 2 2 2 2 2 2 2 2 2 2 2 2 2 2 2 2 2 2
left_child=1 2 -1 7 5 -5 8 -4 23 10 11 15 -13 17 -15 -9 22 18 19 -12 21 -20 -6 -7 25 -8
right_child=-2 -3 3 4 16 6 24 9 -10 -11 13 12 -14 14 -16 -17 -18 -19 20 -21 -22 -23 -24 -25 -26 -27
leaf_value=-0.040797901021109688 0.059345946943759921 0.038604608689035688 -0.044076473406619493 0.03303283353915086 0.040136319725744184 -0.026420822916207492 -0.040398240779836975 -0.00067000492622977807 0.04146262636142118 -0.032652684628963466 0.039122041738950293 0.069019754802187278 -0.022889260456842534 -0.068115015841192672 -0.015362831300243419 -0.049316789410435241 0.059311690138919015 0.019792831406948416 -0.00078175597190856933 -0.01237485880697412 0.0054715644386974542 -0.054688565019856805 0.001659447933946337 0.013584261319041254 -0.051786966494151522 -0.0059242080132766023
leaf_weight=27 25 35 36 37 31 27 30 38 28 40 26 48 34 27 47 26 28 47 25 42 37 33 28 25 28 29
leaf_count=27 25 35 36 37 31 27 30 38 28 40 26 48 34 27 47 26 28 47 25 42 37 33 28 25 28 29
internal_value=-0.000634407 -0.00238005 -0.00412091 -0.0028784 0.00730944 -0.00404104 -0.012255 -0.00873741 0.00983997 -0.00603059 -0.00355411 0.00840422 0.0309111 -0.00970171 -0.0346102 -0.0204328 0.0339243 -0.000924412 -0.0068981 0.00731513 -0.0170718 -0.0314529 0.0218761 -0.00718761 -0.0325722 -0.0234534
internal_weight=884 859 824 797 291 204 167 506 80 470 430 146 82 284 74 64 87 210 163 68 95 58 59 52 87 59
internal_count=884 859 824 797 291 204 167 506 80 470 430 146 82 284 74 64 87 210 163 68 95 58 59 52 87 59
is_linear=0
shrinkage=0.04


Tree=41
num_leaves=28
num_cat=0
split_feature=3 7 8 6 5 5 6 7 7 7 5 6 6 8 0 6 6 6 6 6 0 6 6 6 6 6 6
split_gain=34.8232 24.0625 22.1573 51.503 35.6692 59.0418 22.9433 22.5883 22.2251 20.4053 44.2896 43.1637 16.4223 21.2099 35.0857 20.7461 17.5363 17.3854 16.351 14.2537 19.3154 11.3153 10.9204 9.47723 7.32619 5.75368 4.26209
threshold=1.0000000180025095e-35 0.85159745036652823 -0.63134183865453442 1.3257101022826776 -0.25066273765626779 -0.71349052288507664 0.30250609372052223 1.4375614829875671 -0.32033061487554942 -0.61331263118606871 1.0000000180025095e-35 0.30250609372052223 -0.26594057770289742 1.0000000180025095e-35 -0.7491350475729156 -0.94807658341100087 0.41619542800520609 0.75726343085925796 -0.49331924627226525 -0.15225124341821353 1.0000000180025095e-35 -0.94807658341100087 -0.60700858055694906 0.075127425151154323 1.0000000180025095e-35 -1.2891445862650526 0.30250609372052223
decision_type=2 2 2 2 2 2 2 2 2 2 2 2 2 2 2 2 2 2 2 2 2 2 2 2 2 2 2
left_child=2 -2 3 4 5 26 -7 9 23 10 19 -12 15 17 -15 25 -16 -14 -10 21 -21 -4 -17 -6 -9 -11 -1
right_child=1 -3 7 -5 8 6 -8 24 18 12 11 -13 13 14 16 22 -18 -19 -20 20 -22 -23 -24 -25 -26 -27 -28
leaf_value=-0.0149107542519386 0.0057244230286571489 0.05927427577972412 -0.012682637893236601 -0.042597226599852246 0.00098572327075777838 0.07257535518705846 0.024853877094056873 0.003188374662399292 -0.043063555293613012 -0.022403916313367734 -0.0015409529890332905 0.065090114447687364 -0.0071964229077100747 -0.033037820067898981 0.046142897462844855 -0.061744975735401289 0.004522236520829408 -0.042827625118004968 -0.00015662898744146027 -0.042739954474495682 -8.4932179286562165e-05 0.021384066177102236 -0.027855144646018744 0.032498261666355222 0.033811113560199738 0.0018490293827550163 0.0079926367333302134
leaf_weight=26 29 25 39 30 37 40 27 25 27 34 35 28 50 29 25 29 46 39 30 41 29 26 32 26 25 29 26
leaf_count=26 29 25 39 30 37 40 27 25 27 34 35 28 50 29 25 29 46 39 30 41 29 26 32 26 25 29 26
internal_value=-0.000609031 0.030516 -0.00263403 0.00680406 0.0130051 0.0285227 0.0533443 -0.00715961 -0.00238324 -0.00967031 0.000379553 0.0280729 -0.0160277 -0.00860635 0.00403499 -0.0273394 0.0191774 -0.0228101 -0.020481 -0.012544 -0.0250686 0.000944044 -0.0439667 0.0139909 0.0184997 -0.0112399 -0.00345906
internal_weight=884 54 830 269 239 119 67 561 120 511 198 63 313 189 100 124 71 89 57 135 70 65 61 63 50 63 52
internal_count=884 54 830 269 239 119 67 561 120 511 198 63 313 189 100 124 71 89 57 135 70 65 61 63 50 63 52
is_linear=0
shrinkage=0.04


Tree=42
num_leaves=27
num_cat=0
split_feature=3 9 9 8 6 9 9 6 5 9 5 9 9 6 6 0 5 0 0 0 9 9 9 8 5 9
split_gain=32.093 44.0458 22.0816 18.7215 54.6215 28.5676 84.0944 42.7112 28.0653 25.7447 18.3451 47.4412 30.3189 24.3662 23.0511 31.1148 19.0099 13.5931 33.6597 26.9967 24.9544 16.0961 14.1456 15.2848 10.1203 9.18636
threshold=1.0000000180025095e-35 1.5970676199649756 0.85796275905731789 -0.63134183865453442 1.3257101022826776 1.0000000180025095e-35 0.58919735509089699 -0.94807658341100087 -0.25066273765626779 -0.6874383137496024 1.0000000180025095e-35 -0.6874383137496024 1.193919514015344 0.30250609372052223 -0.94807658341100087 1.0000000180025095e-35 1.1378206180301593 -1.0000000180025095e-35 0.74913504757291582 1.0000000180025095e-35 0.58919735509089699 0.58919735509089699 -1.157777770690839 1.0000000180025095e-35 -0.25066273765626779 -1.0905864196992339
decision_type=2 2 2 2 2 2 2 2 2 2 2 2 2 2 2 2 2 2 2 2 2 2 2 2 2 2
left_child=1 3 -2 4 5 7 -7 -1 -8 24 17 -12 13 14 -13 -16 -15 20 19 -19 22 25 -5 -24 -9 -20
right_child=2 -3 -4 10 -6 6 8 9 -10 -11 11 12 -14 16 15 -17 -18 18 21 -21 -22 -23 23 -25 -26 -27
leaf_value=-0.042750895796343683 0.0046471408368753539 0.042056458697599525 0.055839641140057489 -0.031512449605667847 -0.049446064785674766 0.067477764553493927 0.018281705192355221 0.010506944203376769 -0.03263702684435351 -0.017207657805373592 0.034799140085447204 -0.0041485010525759529 0.02939244290192922 -0.019526080207959297 -0.018580762788653372 -0.07900264430046082 0.024771911867203251 -0.010714540818463202 -0.01911384985844294 0.034217425576411185 -0.056787080168724059 0.001882779374718666 -0.0226490922352033 0.019146020604031425 0.045825816701959683 -0.049278178440673018
leaf_weight=32 28 34 26 47 27 45 43 25 29 31 49 34 27 31 30 25 31 46 30 40 30 26 28 28 27 35
leaf_count=32 28 34 26 47 27 45 43 25 29 31 49 34 27 31 30 25 31 46 30 40 30 26 28 28 27 35
internal_value=-0.00058467 -0.00252867 0.0292954 -0.00443306 0.0044 0.0106666 0.0245824 -0.00349126 -0.00222723 0.011645 -0.00869333 -5.35834e-05 -0.00964787 -0.0166286 -0.0300398 -0.0460453 0.00262292 -0.0150199 -0.00775916 0.010184 -0.0246826 -0.0247165 -0.0153318 -0.00175154 0.0288456 -0.0353562
internal_weight=884 830 54 796 259 232 117 115 72 83 537 227 178 151 89 55 62 310 177 86 133 91 103 56 52 65
internal_count=884 830 54 796 259 232 117 115 72 83 537 227 178 151 89 55 62 310 177 86 133 91 103 56 52 65
is_linear=0
shrinkage=0.04


Tree=43
num_leaves=27
num_cat=0
split_feature=4 4 4 0 7 4 5 4 4 7 0 4 8 7 0 5 0 0 5 8 4 0 5 4 7 0
split_gain=52.2081 30.6253 42.5718 25.5099 51.3161 33.9523 29.7415 25.1423 47.2026 52.8037 68.4556 23.7909 20.091 24.0884 15.8549 20.463 13.0973 19.8324 23.1852 16.8003 9.00117 7.58964 25.2447 4.91203 4.34224 3.5928
threshold=2.5015836826964182 -1.0002777427207976 -1.1220816183874833 -1.2485584126215259 0.26563341774548938 -0.91501502975411764 -0.71349052288507664 0.047235588012699836 0.19340023881272278 -0.90629464749658817 0.74913504757291582 -0.45216030222071174 -0.63134183865453442 1.0000000180025095e-35 1.0000000180025095e-35 -1.1763183081138855 -0.7491350475729156 0.74913504757291582 1.0000000180025095e-35 1.0000000180025095e-35 -0.48870146492071748 1.0000000180025095e-35 1.0000000180025095e-35 0.7780588420128145 1.0000000180025095e-35 1.0000000180025095e-35
decision_type=2 2 2 2 2 2 2 2 2 2 2 2 2 2 2 2 2 2 2 2 2 2 2 2 2 2
left_child=1 2 25 4 11 -5 14 12 -9 -10 21 -3 13 -8 23 -16 -14 19 -19 24 -21 22 -11 -7 -18 -1
right_child=-2 3 -4 5 -6 6 7 8 9 10 -12 -13 16 -15 15 -17 17 18 -20 20 -22 -23 -24 -25 -26 -27
leaf_value=0.0065778521936515275 0.05641962521076202 -0.034171645185351374 -0.060473217720335183 0.042262248007150796 0.053607998127344902 -0.046003952705197866 -0.011780031238283431 0.061248003983726866 0.047159654779093611 -0.0106581508938004 0.03368978810171748 0.015814857788575002 -0.033214274181730369 0.027882547798205395 0.017985965013504027 -0.030404250704008959 -0.0030828635755813481 -0.04443955675477073 0.001166380432344252 0.035769822347164151 0.0021544577639836531 -0.0091423944928325142 -0.060157852657139306 -0.023187483365719137 -0.024940301179885865 -0.013698480592833625
leaf_weight=29 25 25 33 26 41 36 49 26 35 34 43 39 44 49 27 29 33 42 31 25 26 26 32 26 26 27
leaf_count=29 25 25 33 26 41 36 49 26 35 34 43 39 44 49 27 29 33 42 31 25 26 26 32 26 26 27
internal_value=-0.000561283 -0.00221963 -0.024435 0.00034812 0.0186706 -0.00254491 -0.00436805 -0.000261157 0.0110539 0.00337717 -0.00797385 -0.00371112 -0.00708501 0.00805126 -0.022501 -0.00707325 -0.0136196 -0.00890833 -0.0250727 0.0018189 0.0186326 -0.0274471 -0.034658 -0.0364358 -0.012715 -0.00319824
internal_weight=884 859 89 770 105 665 639 521 196 170 135 64 325 98 118 56 227 183 73 110 51 92 66 62 59 56
internal_count=884 859 89 770 105 665 639 521 196 170 135 64 325 98 118 56 227 183 73 110 51 92 66 62 59 56
is_linear=0
shrinkage=0.04


Tree=44
num_leaves=28
num_cat=0
split_feature=4 9 4 4 4 4 0 9 5 9 5 6 9 0 5 4 4 6 0 4 6 4 4 4 6 4 6
split_gain=48.115 30.7672 21.0036 36.2405 18.4194 24.6866 32.8047 59.0281 29.9101 43.6758 30.3384 33.166 22.197 35.0787 47.7367 39.2771 34.6999 21.3001 18.8115 17.5732 13.019 20.7117 18.6825 12.1049 11.1222 10.4702 10.3398
threshold=2.5015836826964182 1.5970676199649756 -1.0002777427207976 -1.1220816183874833 -0.91501502975411764 -0.82975231678743755 -1.2485584126215259 0.051666547158054986 -0.71349052288507664 -0.6874383137496024 1.0000000180025095e-35 0.30250609372052223 1.0000000180025095e-35 0.74913504757291582 -0.25066273765626779 0.047235588012699836 -0.415619139520706 0.52988476228989012 -1.0000000180025095e-35 0.36392566474608284 0.30250609372052223 -0.40343875195403744 -0.31817603898735741 -0.038027124953980203 0.30250609372052223 -0.14765061305399738 -0.15225124341821353
decision_type=2 2 2 2 2 2 2 2 2 2 2 2 2 2 2 2 2 2 2 2 2 2 2 2 2 2 2
left_child=1 2 3 24 -4 -6 7 23 18 10 25 -12 20 14 16 -15 -14 19 -8 -16 21 -11 -22 -7 -1 -10 -20
right_child=-2 -3 4 -5 5 6 8 -9 9 12 11 -13 13 15 17 -17 -18 -19 26 -21 22 -23 -24 -25 -26 -27 -28
leaf_value=-0.019665693680445354 0.054162839007377624 0.034600527712277007 0.027710563558520696 -0.05697690746476574 -0.039670281239918302 -0.024015927745236292 -0.046821069176259798 0.061746112734079359 -0.020468263087364345 -0.01112885711590449 0.016465517781501592 0.074402594292163851 0.050911402674736803 -0.0034015666804415113 0.001864328573389751 0.052568242141178674 -0.011594214210907618 -0.055248895892122341 -0.030951013374328613 -0.036724869285311018 -0.028859303656124297 -0.057750929228721132 0.017615846121311188 0.014611081054806709 0.016078214067965745 0.013705295091494919 0.002348691112286336
leaf_weight=30 25 35 33 31 28 27 38 35 26 30 43 25 27 47 41 35 30 31 25 35 31 31 25 25 26 32 37
leaf_count=30 25 35 33 31 28 27 38 35 26 30 43 25 27 47 41 35 30 31 25 35 31 31 25 25 26 32 37
internal_value=-0.000538832 -0.00213085 -0.00369104 -0.0222784 -0.00149687 -0.00286597 -0.00134153 0.0215858 -0.00472808 -0.000651866 0.0196387 0.0377659 -0.00769487 -0.000873384 -0.0115541 0.020488 0.0180137 -0.0273051 -0.0246607 -0.015907 -0.0220375 -0.034822 -0.00811147 -0.00544525 -0.00307031 -0.00161389 -0.0110786
internal_weight=884 859 824 87 737 704 676 87 589 489 126 68 363 246 164 82 57 107 100 76 117 61 56 52 56 58 62
internal_count=884 859 824 87 737 704 676 87 589 489 126 68 363 246 164 82 57 107 100 76 117 61 56 52 56 58 62
is_linear=0
shrinkage=0.04


Tree=45
num_leaves=26
num_cat=0
split_feature=9 9 8 6 4 4 9 4 6 9 6 4 9 9 5 5 6 4 9 6 5 0 4 4 4
split_gain=52.6401 40.9008 49.7291 51.2527 77.4998 61.447 36.1639 33.4555 38.3792 55.2173 43.3193 17.3645 25.959 27.3931 16.097 18.418 19.7202 9.77338 18.0684 9.28798 9.09456 8.3532 13.8489 10.6219 7.19746
threshold=1.5970676199649756 -0.88901236672441819 -0.63134183865453442 0.075127425151154323 -0.19637216332067167 -0.56178379032072889 0.79077140806571256 -0.19637216332067167 -0.26594057770289742 0.52200600409929165 -0.94807658341100087 -0.39125836438736888 -0.28429020779997111 0.72358005707410744 -1.6391460933426945 -1.1763183081138855 -1.0617659176956848 -0.20855255088734023 -1.2921604726740494 0.52988476228989012 1.0000000180025095e-35 -1.0000000180025095e-35 -0.78103076652076331 -0.86629347948744329 0.27866295177940287
decision_type=2 2 2 2 2 2 2 2 2 2 2 2 2 2 2 2 2 2 2 2 2 2 2 2 2
left_child=1 14 3 4 5 -3 20 11 10 -10 -9 12 -4 21 -1 -16 -17 -18 -19 -11 -5 23 -23 -14 -20
right_child=-2 2 7 6 -6 -7 -8 8 9 19 -12 -13 13 -15 15 16 17 18 24 -21 -22 22 -24 -25 -26
leaf_value=-0.039713411056078396 0.05087095655035228 0.034293367347934027 0.020594037253605691 -0.030064336169601941 -0.0036538626750310262 0.11094671901729372 0.03451409196853638 0.012882222238373249 0.067719004081957274 0.02238295339875751 -0.046909347158489809 -0.037730679010472647 -0.015849107670783999 0.017625953266697546 0.017235213796297708 0.013686497145228916 -0.040288294270634656 -0.044136228869110346 0.012722860109806061 -0.0081366214232567024 0.0001775958904853234 -0.032661266972621283 0.0024245287891891268 -0.050415008727348214 -0.016564311739699595
leaf_weight=39 32 44 38 41 45 27 30 47 33 27 33 41 25 31 30 27 40 25 25 39 26 36 36 33 29
leaf_count=39 32 44 38 41 45 27 30 47 33 27 33 41 25 31 30 27 40 25 25 39 26 36 36 33 29
internal_value=0.000510382 -0.00139226 0.00373452 0.0194716 0.0374142 0.0634432 -0.00198554 -0.00426547 0.00882232 0.0254721 -0.0117818 -0.0140268 -0.00914305 -0.0161617 -0.0164626 -0.0113104 -0.017176 -0.0241784 -0.0160215 0.00434866 -0.0183287 -0.0242188 -0.0151184 -0.0355159 -0.00300544
internal_weight=879 847 632 213 116 71 97 419 179 99 80 240 199 161 215 176 146 119 79 66 67 130 72 58 54
internal_count=879 847 632 213 116 71 97 419 179 99 80 240 199 161 215 176 146 119 79 66 67 130 72 58 54
is_linear=0
shrinkage=0.04


Tree=46
num_leaves=28
num_cat=0
split_feature=9 9 8 6 4 4 9 4 6 9 9 6 6 0 6 4 6 4 9 7 0 4 4 6 9 4 7
split_gain=48.5131 37.6942 45.8303 47.2345 71.4238 56.6295 33.3286 30.8326 35.3703 50.8882 41.4207 16.0696 23.954 26.2024 12.9033 26.0553 34.6607 30.0235 13.0583 10.5668 23.9718 18.7483 8.94943 8.55981 8.38568 5.90292 4.92912
threshold=1.5970676199649756 -0.88901236672441819 -0.63134183865453442 0.075127425151154323 -0.19637216332067167 -0.56178379032072889 0.79077140806571256 -0.19637216332067167 -0.26594057770289742 0.52200600409929165 1.193919514015344 -0.94807658341100087 -0.60700858055694906 0.74913504757291582 -0.94807658341100087 -0.20855255088734023 -0.15225124341821353 0.25430217664606569 -1.2921604726740494 0.55861543405600889 -0.7491350475729156 -0.6714072784207461 -0.415619139520706 0.52988476228989012 -1.0905864196992339 0.46136876527943149 0.26563341774548938
decision_type=2 2 2 2 2 2 2 2 2 2 2 2 2 2 2 2 2 2 2 2 2 2 2 2 2 2 2
left_child=1 14 3 4 5 -3 22 11 10 -10 25 26 -13 19 -1 24 -17 -18 -19 20 -14 -22 -5 -11 -16 -9 -4
right_child=-2 2 7 6 -6 -7 -8 8 9 23 -12 12 13 -15 15 16 17 18 -20 -21 21 -23 -24 -25 -26 -27 -28
leaf_value=-0.034082101524497074 0.048836118349281608 0.032921631458130748 0.015852507583556635 -0.0063166429102420804 -0.0035077086091041564 0.10650885011862826 0.033133528282245001 -0.019462677690166016 0.065010243726499162 0.021487636654465288 0.027912981765610828 -0.055623912596702574 -0.03430120266369871 -0.039298452728324468 -0.050109743040341596 0.035440439861267804 0.017596685439348222 -0.052181451842188836 -0.012091833055019379 0.019168847168867405 -0.016324788904190063 0.032662741708755494 -0.036544016265869138 -0.0078111565839021633 -0.017983673283687007 -0.046436538171768189 -0.0077639364049984861
leaf_weight=48 32 44 31 42 45 27 30 27 33 27 28 25 37 45 26 32 31 26 26 26 25 25 25 39 26 25 26
leaf_count=48 32 44 31 42 45 27 30 27 33 27 28 25 37 45 26 32 31 26 26 26 25 25 25 39 26 25 26
internal_value=0.000489967 -0.00133657 0.00358514 0.0186927 0.0359176 0.0609055 -0.00190612 -0.00409485 0.00846942 0.0244532 -0.0113105 -0.0134657 -0.0192423 -0.0134857 -0.0158041 -0.0105506 7.37906e-05 -0.0135615 -0.0321366 -0.00320624 -0.00989305 0.00816898 -0.0175955 0.00417471 -0.0340467 -0.0324309 0.00508009
internal_weight=879 847 632 213 116 71 97 419 179 99 80 240 183 158 215 167 115 83 52 113 87 50 67 66 52 52 57
internal_count=879 847 632 213 116 71 97 419 179 99 80 240 183 158 215 167 115 83 52 113 87 50 67 66 52 52 57
is_linear=0
shrinkage=0.04


Tree=47
num_leaves=26
num_cat=0
split_feature=9 9 9 6 8 6 9 6 9 9 8 6 9 5 5 6 6 6 6 6 9 9 0 9 0
split_gain=44.7097 34.7389 42.4131 52.9779 30.4032 39.2728 51.2688 91.3342 40.1437 17.449 36.3858 25.1109 36.5879 14.1745 17.0413 19.2365 12.0632 17.3859 41.4318 23.0674 11.7966 16.6889 7.78062 7.76569 2.73559
threshold=1.5970676199649756 -0.88901236672441819 -0.6874383137496024 -0.37962991198758139 -0.63134183865453442 0.075127425151154323 0.58919735509089699 -0.94807658341100087 0.79077140806571256 1.193919514015344 1.0000000180025095e-35 0.30250609372052223 -0.082716154825155472 -1.6391460933426945 -1.1763183081138855 -1.0617659176956848 1.0000000180025095e-35 -0.60700858055694906 -0.94807658341100087 -1.4028339205497364 0.25324060013287075 0.79077140806571256 -1.0000000180025095e-35 -1.2249691216824441 1.0000000180025095e-35
decision_type=2 2 2 2 2 2 2 2 2 2 2 2 2 2 2 2 2 2 2 2 2 2 2 2 2
left_child=1 13 3 -3 5 6 7 -4 22 11 -11 16 -13 -1 -15 -16 17 18 19 -6 -14 -22 -7 -17 -25
right_child=-2 2 4 -5 9 8 -8 -9 -10 10 -12 12 20 14 15 23 -18 -19 -20 -21 21 -23 -24 24 -26
leaf_value=-0.036990139194023913 0.04688267250079662 -0.00080153615386397749 0.0084155770738919573 0.080007007551193235 -0.03279717564582825 -0.04073779934258373 -5.4001458445373847e-05 0.11084466974322613 0.031808187010387581 -0.019219398824498059 0.039027766617568765 0.031603087096110635 -0.033635181082146512 0.01712089377641678 0.014502321901144807 -0.035322854965925216 -0.043963427709351327 0.0063431072089730244 -0.064980570612282587 0.012015987269580364 0.015352239415452287 -0.024435243375839723 -0.011976350138292593 -0.020644115924157876 -0.0044705325972150874
leaf_weight=39 32 27 30 25 34 27 49 26 30 32 37 46 28 30 27 48 29 41 29 40 37 31 34 44 27
leaf_count=39 32 27 30 25 34 27 49 26 30 32 37 46 28 30 27 48 29 41 29 40 37 31 34 44 27
internal_value=0.000470368 -0.00128311 0.00344173 0.0380487 0.000339039 0.0131577 0.0298265 0.0559719 -0.0060755 -0.00620383 0.0120146 -0.0101945 0.00227111 -0.0151719 -0.0103372 -0.0159793 -0.0204264 -0.0156863 -0.0244553 -0.00857384 -0.0117838 -0.00278617 -0.0247068 -0.0228953 -0.0144936
internal_weight=879 847 632 52 580 196 105 56 91 384 69 315 142 215 176 146 173 144 103 74 96 68 61 119 71
internal_count=879 847 632 52 580 196 105 56 91 384 69 315 142 215 176 146 173 144 103 74 96 68 61 119 71
is_linear=0
shrinkage=0.04


end of trees

feature_importances:
Column_4=346
Column_9=245
Column_6=214
Column_0=141
Column_5=107
Column_7=76
Column_8=60
Column_2=14
Column_3=10
Column_1=9

parameters:
[boosting: gbdt]
[objective: regression]
[metric: rmse]
[tree_learner: serial]
[device_type: cpu]
[data_sample_strategy: bagging]
[data: ]
[valid: ]
[num_iterations: 48]
[learning_rate: 0.04]
[num_leaves: 45]
[num_threads: 0]
[seed: 0]
[deterministic: 0]
[force_col_wise: 0]
[force_row_wise: 0]
[histogram_pool_size: -1]
[max_depth: -1]
[min_data_in_leaf: 25]
[min_sum_hessian_in_leaf: 0.001]
[bagging_fraction: 0.8]
[pos_bagging_fraction: 1]
[neg_bagging_fraction: 1]
[bagging_freq: 5]
[bagging_seed: 3]
[bagging_by_query: 0]
[feature_fraction: 0.8]
[feature_fraction_bynode: 1]
[feature_fraction_seed: 2]
[extra_trees: 0]
[extra_seed: 6]
[early_stopping_round: 0]
[early_stopping_min_delta: 0]
[first_metric_only: 0]
[max_delta_step: 0]
[lambda_l1: 0]
[lambda_l2: 0]
[linear_lambda: 0]
[min_gain_to_split: 0]
[drop_rate: 0.1]
[max_drop: 50]
[skip_drop: 0.5]
[xgboost_dart_mode: 0]
[uniform_drop: 0]
[drop_seed: 4]
[top_rate: 0.2]
[other_rate: 0.1]
[min_data_per_group: 100]
[max_cat_threshold: 32]
[cat_l2: 10]
[cat_smooth: 10]
[max_cat_to_onehot: 4]
[top_k: 20]
[monotone_constraints: ]
[monotone_constraints_method: basic]
[monotone_penalty: 0]
[feature_contri: ]
[forcedsplits_filename: ]
[refit_decay_rate: 0.9]
[cegb_tradeoff: 1]
[cegb_penalty_split: 0]
[cegb_penalty_feature_lazy: ]
[cegb_penalty_feature_coupled: ]
[path_smooth: 0]
[interaction_constraints: ]
[verbosity: -1]
[saved_feature_importance_type: 0]
[use_quantized_grad: 0]
[num_grad_quant_bins: 4]
[quant_train_renew_leaf: 0]
[stochastic_rounding: 1]
[linear_tree: 0]
[max_bin: 255]
[max_bin_by_feature: ]
[min_data_in_bin: 3]
[bin_construct_sample_cnt: 200000]
[data_random_seed: 1]
[is_enable_sparse: 1]
[enable_bundle: 1]
[use_missing: 1]
[zero_as_missing: 0]
[feature_pre_filter: 1]
[pre_partition: 0]
[two_round: 0]
[header: 0]
[label_column: ]
[weight_column: ]
[group_column: ]
[ignore_column: ]
[categorical_feature: ]
[forcedbins_filename: ]
[precise_float_parser: 0]
[parser_config_file: ]
[objective_seed: 5]
[num_class: 1]
[is_unbalance: 0]
[scale_pos_weight: 1]
[sigmoid: 1]
[boost_from_average: 1]
[reg_sqrt: 0]
[alpha: 0.9]
[fair_c: 1]
[poisson_max_delta_step: 0.7]
[tweedie_variance_power: 1.5]
[lambdarank_truncation_level: 30]
[lambdarank_norm: 1]
[label_gain: ]
[lambdarank_position_bias_regularization: 0]
[eval_at: ]
[multi_error_top_k: 1]
[auc_mu_weights: ]
[num_machines: 1]
[local_listen_port: 12400]
[time_out: 120]
[machine_list_filename: ]
[machines: ]
[gpu_platform_id: -1]
[gpu_device_id: -1]
[gpu_use_dp: 0]
[num_gpu: 1]

end of parameters

pandas_categorical:null
