tree
version=v4
num_class=1
num_tree_per_iteration=1
label_index=0
max_feature_idx=9
objective=regression
feature_names=Column_0 Column_1 Column_2 Column_3 Column_4 Column_5 Column_6 Column_7 Column_8 Column_9
feature_infos=[-1.4982700951458314:1.4982700951458314] [-0.63368320487849272:1.5780755940845042] [-7.3958776108082063:2.7448980266313372] [-0.26699649569399087:3.7453675090407055] [-1.6032069272708922:5.5710413494968991] [-3.721871126872335:3.2205456515597994] [-1.6870572562614465:1.7236227722790711] [-1.6387496882728867:1.5840524911428266] [-1.2456510737482795:1.2115858666267003] [-1.7289042541194837:1.6978546464523832]
tree_sizes=2119 2279 2298 2541 2216 2228 2634 2389 2396 2380 2290 2319 2150 2406 2230 2307 2384 2560 2396 2398 2314 2150 2249 2317 2402 2310 2318 2314 2233 2467 2308 2318 2410 2320 2387 2237 2335 2401 2155 2161 2240 2248 2484 2336 2490 2405 2492 2324 2491 2567 2333 2407 2329 2234 2580 2335 2241

Tree=0
num_leaves=25
num_cat=0
split_feature=2 9 9 0 0 7 9 9 8 6 9 5 6 8 9 9 0 6 0 6 6 5 7 6
split_gain=62873.4 17304.4 8684.63 3300.66 2573.52 1866.9 1771.34 1736.58 1620.83 2976.33 1737.58 1268.24 1143.75 1079.5 929.734 794.319 369.206 363.154 352.83 304.734 245.771 219.644 149.167 5.62968
threshold=-2.9592882694284057 1.1267281630237389 -0.62024696275799729 0.74913504757291582 -1.2485584126215259 0.85159745036652823 0.11885789814966023 -1.2249691216824441 -0.63134183865453442 0.41619542800520609 -0.082716154825155472 1.1378206180301593 -0.83438724912631701 1.0000000180025095e-35 -1.4265431746572599 1.5298762689733703 -0.7491350475729156 -0.60700858055694906 1.0000000180025095e-35 0.52988476228989012 -0.26594057770289742 -1.6391460933426945 0.26563341774548938 0.52988476228989012
decision_type=2 2 2 2 2 2 2 2 2 2 2 2 2 2 2 2 2 2 2 2 2 2 2 2
left_child=-1 2 4 5 -2 8 11 14 9 -4 16 -5 -9 15 21 17 -10 -3 -14 -8 -12 -6 -22 -20
right_child=1 13 3 6 7 -7 19 12 10 -11 20 -13 18 -15 -16 -17 -18 -19 23 -21 22 -23 -24 -25
leaf_value=66.909332881740099 64.941743962228585 65.459787440832031 65.153987438095427 65.479402819147367 65.158013242688909 65.108787437743757 65.041454104576246 65.57353744319758 64.798491145797499 64.6689050889416 64.573048312089014 65.080387440002781 65.222134376681666 65.679277237704909 64.989524279216894 65.60751470687579 64.99535886792026 65.267690663889567 65.385987440789563 64.866639292532795 64.628120774720699 65.302355008477619 64.756722927510779 65.359402827904674
leaf_weight=33 46 32 50 26 31 40 39 32 27 34 46 25 49 49 38 33 35 31 25 27 27 37 31 26
leaf_count=33 46 32 50 26 31 40 39 32 27 34 46 25 49 49 38 33 35 31 25 27 27 37 31 26
internal_value=65.1968 65.1292 65.0459 64.9274 65.2156 64.8551 65.1068 65.2686 64.8145 64.9576 64.742 65.2838 65.3654 65.5265 65.148 65.4485 64.9096 65.3653 65.2988 64.9699 64.6421 65.2366 64.6969 65.3724
internal_weight=869 836 691 407 284 290 117 238 250 84 166 51 132 145 106 96 62 63 100 66 104 68 58 51
internal_count=869 836 691 407 284 290 117 238 250 84 166 51 132 145 106 96 62 63 100 66 104 68 58 51
is_linear=0
shrinkage=1


Tree=1
num_leaves=26
num_cat=0
split_feature=2 4 9 9 9 0 9 7 9 0 0 4 4 7 9 6 6 0 0 4 9 6 0 6 7
split_gain=57944.2 18803.5 6107.05 4405.12 3197.53 1898.26 1850.7 1936.95 1729.42 1629.32 1575.31 1472.2 1281.69 936.472 1726.72 819.274 1659.31 1095.49 774.503 608.309 557.621 341.859 487.497 316.457 273.456
threshold=-2.9592882694284057 0.40046682744608858 1.193919514015344 -0.35148155879157633 1.1267281630237389 0.74913504757291582 0.92515411004892301 -1.1992766638071075 0.45481465310768643 0.74913504757291582 1.2485584126215263 0.65625496634612879 1.1921920192795461 -1.1992766638071075 -0.62024696275799729 0.30250609372052223 -0.26594057770289742 -0.7491350475729156 -1.0000000180025095e-35 -0.50088185248738604 -1.0905864196992339 1.3257101022826776 -0.7491350475729156 -0.15225124341821353 0.26563341774548938
decision_type=2 2 2 2 2 2 2 2 2 2 2 2 2 2 2 2 2 2 2 2 2 2 2 2 2
left_child=-1 2 3 9 6 15 7 18 10 13 -7 -9 -6 -2 19 16 17 -5 -3 -15 -11 22 -17 -4 -19
right_child=1 4 23 5 12 8 -8 11 -10 20 -12 -13 -14 14 -16 21 -18 24 -20 -21 -22 -23 -24 -25 -26
leaf_value=1.6581721594839385 -0.29595978819594093 -0.092225520089268681 0.14781983458078826 -0.551071801592664 0.31849796681404113 0.20302929984198678 -0.13236497648300663 0.17825000765231941 -0.4050960327077795 -0.063585247905166065 -0.22906277484363979 0.59995832369283397 0.63151203794611821 -0.10605629117865312 -0.29457445762374185 -0.38172670688629157 -0.075694325566291812 -0.18787490067658602 0.19379720803463099 0.1081632518519958 0.16732894339344717 -0.3442038989984072 -0.61165357503626083 0.34517374937350936 -0.3619973334477794
leaf_weight=33 49 28 26 41 50 27 31 26 27 27 27 27 36 38 44 25 36 27 33 48 44 26 36 26 31
leaf_count=33 49 28 26 41 50 27 31 26 27 27 27 27 36 38 44 25 36 27 33 48 44 26 36 26 31
internal_value=0.0141749 -0.0507197 -0.167941 -0.206911 0.256287 -0.309459 0.141676 0.216196 -0.14371 -0.0826237 -0.0130167 0.393083 0.449527 -0.146936 -0.090766 -0.369935 -0.308248 -0.392813 0.0625081 0.0135081 0.0795165 -0.465655 -0.517421 0.246497 -0.28094
internal_weight=869 836 605 553 231 303 145 114 81 250 54 53 86 179 130 222 135 99 61 86 71 87 61 52 58
internal_count=869 836 605 553 231 303 145 114 81 250 54 53 86 179 130 222 135 99 61 86 71 87 61 52 58
is_linear=0
shrinkage=0.04


Tree=2
num_leaves=26
num_cat=0
split_feature=3 4 9 4 9 9 8 9 9 8 9 7 0 0 7 9 0 4 9 4 5 8 7 4 4
split_gain=39610.8 16743 5065.16 4241.54 3756.87 3302.92 3129.63 3222.11 5073.58 2269 1992.84 1770.32 1568.55 713.782 701.313 1362.42 553.725 651.034 499.788 468.825 302.152 241.929 190.584 19.567 12.1909
threshold=1.0000000180025095e-35 0.40046682744608858 1.193919514015344 0.44918837771276293 -0.35148155879157633 1.1267281630237389 -0.63134183865453442 1.0000000180025095e-35 0.45481465310768643 1.0000000180025095e-35 0.85796275905731789 -1.1992766638071075 0.74913504757291582 -1.0000000180025095e-35 -1.1992766638071075 -0.62024696275799729 1.0000000180025095e-35 -0.63486611572074036 -0.9562037177160233 -0.50088185248738604 1.0000000180025095e-35 -0.63134183865453442 0.55861543405600889 -0.82975231678743755 -0.11110945035399165
decision_type=2 2 2 2 2 2 2 2 2 2 2 2 2 2 2 2 2 2 2 2 2 2 2 2 2
left_child=1 2 4 -2 12 10 7 -6 -9 21 11 13 14 -3 -1 19 20 -18 -14 -16 22 -7 23 -8 -4
right_child=3 5 24 -5 6 9 16 8 -10 -11 -12 -13 18 -15 15 -17 17 -19 -20 -21 -22 -23 -24 -25 -26
leaf_value=-0.28348888824383417 0.72791220426559444 -0.088536505230835505 0.2351769250869751 1.4232791096687316 -0.49643612455438685 0.37493937377271985 -0.42900638222694398 0.32923674938006281 -0.32927640153302085 0.73526502360900237 -0.16106659762561321 0.39288882800123909 -0.035996396882193429 0.18604531627712828 -0.11387909095320436 -0.28279147744178773 -0.21914017875143824 -0.45093349384539055 0.17776719243185862 0.079785613324907093 -0.3580929161084665 0.2129186823964119 -0.58793642234802246 -0.47808022975921632 0.19567459006309509
leaf_weight=48 32 28 25 25 27 29 26 39 36 27 32 44 35 33 36 44 47 33 35 45 37 30 25 26 25
leaf_count=48 32 28 25 25 27 29 26 39 36 27 32 44 35 33 36 44 47 33 35 45 37 30 25 26 25
internal_value=0.0136079 -0.0579432 -0.169705 1.0329 -0.205432 0.237248 -0.301115 -0.12174 0.0131504 0.431546 0.115281 0.199501 -0.088879 0.0600078 -0.153524 -0.103617 -0.395425 -0.314755 0.0708854 -0.00628759 -0.452036 0.292556 -0.497177 -0.453543 0.215426
internal_weight=869 812 589 57 539 223 296 102 75 86 137 105 243 61 173 125 194 80 70 81 114 59 77 52 50
internal_count=869 812 589 57 539 223 296 102 75 86 137 105 243 61 173 125 194 80 70 81 114 59 77 52 50
is_linear=0
shrinkage=0.04


Tree=3
num_leaves=29
num_cat=0
split_feature=2 4 7 7 8 6 6 7 1 6 6 7 7 5 4 6 8 6 5 4 4 4 4 4 6 4 4 6
split_gain=50537.6 15929 4061.21 3977.06 2715.67 6379.4 2167.59 1841.22 1548.03 1082.9 1893.24 900.79 1516.72 854.69 665.704 568.954 503.183 489.443 791.396 587.617 441.272 293.495 277.523 205.594 125.402 94.5516 93.9499 66.7282
threshold=-2.9592882694284057 0.48572954041276867 1.1445794666770477 -0.32033061487554942 -0.63134183865453442 0.52988476228989012 -0.94807658341100087 1.4375614829875671 1.0000000180025095e-35 -0.83438724912631701 1.0983314337133099 -1.1992766638071075 -0.61331263118606871 -1.1763183081138855 -0.50088185248738604 -0.15225124341821353 1.0000000180025095e-35 -0.26594057770289742 -0.25066273765626779 -0.86629347948744329 -0.50088185248738604 -0.80539154165410043 1.1678312441462091 0.93640388037950606 1.0000000180025095e-35 -0.086748675220654506 -0.26945448872068306 0.18881675943583826
decision_type=2 2 2 2 2 2 2 2 2 2 2 2 2 2 2 2 2 2 2 2 2 2 2 2 2 2 2 2
left_child=-1 2 3 8 5 6 -5 9 11 22 13 24 14 -11 -13 -4 27 19 -19 -6 -21 -20 -3 -15 -2 -16 -14 -10
right_child=1 7 15 4 17 -7 -8 -9 16 10 -12 12 26 23 25 -17 -18 18 21 20 -22 -23 -24 -25 -26 -27 -28 -29
leaf_value=1.5483999951680503 -0.2148184244155884 0.44783255755901336 0.052198670525704663 -0.17409011936187746 -0.29058804944709499 -0.55810338129015524 0.30070413547754288 0.50344587200566349 0.055632723712921141 0.24201065406799316 0.39871974013745787 -0.11005194040492942 -0.30449173018888193 0.034069902863767418 0.15975425099885024 0.30335840982419476 0.22803835706710815 -0.44029676521712163 -0.32640176773930973 -0.62647817763788949 -0.40385393104382922 -0.15103656659255157 0.25935725733041765 -0.10527573232538999 -0.34151279373168947 0.053895318154935479 -0.19796035583202656 -0.035892986059188843
leaf_weight=33 25 25 31 25 27 34 40 38 25 25 32 39 27 36 27 27 25 47 26 29 28 37 25 32 25 27 26 26
leaf_count=33 25 25 31 25 27 34 40 38 25 25 32 39 27 36 27 27 25 47 26 29 28 37 25 32 25 27 26 26
internal_value=0.0130636 -0.0475418 -0.149635 -0.182357 -0.284608 -0.114137 0.118091 0.251069 -0.0722112 0.196267 0.133336 -0.131633 -0.0814502 0.0420211 0.0158765 0.169118 0.0810337 -0.3716 -0.31608 -0.444305 -0.517119 -0.22341 0.353595 -0.0315045 -0.278166 0.106825 -0.252231 0.00897256
internal_weight=869 836 623 565 293 99 65 213 272 175 125 196 146 93 93 58 76 194 110 84 57 63 50 68 50 54 53 51
internal_count=869 836 623 565 293 99 65 213 272 175 125 196 146 93 93 58 76 194 110 84 57 63 50 68 50 54 53 51
is_linear=0
shrinkage=0.04


Tree=4
num_leaves=25
num_cat=0
split_feature=2 4 9 9 9 6 0 9 0 4 7 9 9 4 0 4 6 9 4 0 9 9 0 6
split_gain=46575.4 14680.2 4406.55 3742.44 2699.18 1590.87 1444.95 2005.87 1342.07 974.289 903.046 1389 752.141 1301.85 688.023 541.999 540.372 521.012 409.343 364.636 349.983 303.946 213.146 115.571
threshold=-2.9592882694284057 0.48572954041276867 1.2611108650069494 -0.35148155879157633 1.1267281630237389 -0.83438724912631701 1.0000000180025095e-35 0.11885789814966023 0.74913504757291582 1.1921920192795461 -1.1992766638071075 -0.62024696275799729 0.25324060013287075 -0.69576805355408322 0.74913504757291582 -0.50088185248738604 0.41619542800520609 -1.0905864196992339 -0.61050534058740313 -1.0000000180025095e-35 0.45481465310768643 0.051666547158054986 -0.7491350475729156 1.0000000180025095e-35
decision_type=2 2 2 2 2 2 2 2 2 2 2 2 2 2 2 2 2 2 2 2 2 2 2 2
left_child=-1 2 3 8 5 -3 12 -8 10 -6 23 15 21 -14 16 -12 -7 -10 20 -17 -9 22 -5 -2
right_child=1 4 -4 6 9 14 7 18 17 -11 11 -13 13 -15 -16 19 -18 -19 -20 -21 -22 -23 -24 -25
leaf_value=1.4864639726552096 -0.20622568626403809 0.34349940315673222 0.22045266190353704 -0.45208088969362192 0.29950795317689577 -0.16556570816040039 0.044729692028916405 -0.10948329723798311 -0.063296699700532144 0.57478608071907533 -0.094628989751401701 -0.24809434294700622 -0.41695507653381514 -0.11916876496436694 0.18116428162112383 0.21041796491696285 0.078766596232141758 0.15553526708057949 -0.39337273937283146 0.0023903473040887287 -0.31702820310225854 -0.53701127384390146 -0.29735681746687209 -0.32785228440761566
leaf_weight=33 25 38 49 29 48 30 46 26 27 36 38 46 46 48 33 26 28 49 33 28 26 28 28 25
leaf_count=33 25 38 49 29 48 30 46 26 27 36 38 46 46 48 33 26 28 49 33 28 26 28 28 25
internal_value=0.012541 -0.0456401 -0.14365 -0.174732 0.241026 0.126123 -0.268986 -0.168038 -0.0640537 0.417484 -0.121396 -0.0686264 -0.342864 -0.264894 0.0353507 0.0211076 -0.0476122 0.0777923 -0.283184 0.102552 -0.213256 -0.42909 -0.376076 -0.267039
internal_weight=869 836 623 574 213 129 310 131 264 84 188 138 179 94 91 92 58 76 85 54 52 85 57 50
internal_count=869 836 623 574 213 129 310 131 264 84 188 138 179 94 91 92 58 76 85 54 52 85 57 50
is_linear=0
shrinkage=0.04


Tree=5
num_leaves=25
num_cat=0
split_feature=2 4 9 4 9 9 9 0 8 9 9 4 9 5 4 4 4 5 9 0 8 0 4 4
split_gain=31211.4 12210.1 5548.18 2642.34 1787.44 1645.19 1316.7 1193.3 957.166 2671.42 2875.08 783.888 662.557 653.154 860.237 595.646 558.08 529.224 350.664 368.508 519.014 159.343 26.8403 18.343
threshold=-2.9592882694284057 -0.31817603898735741 1.2611108650069494 0.75369806687947738 -0.35148155879157633 -0.75462966474120774 -1.2249691216824441 -0.7491350475729156 -0.63134183865453442 1.0000000180025095e-35 0.45481465310768643 -0.050207512520648777 0.85796275905731789 -0.71349052288507664 0.60144322229612024 0.40046682744608858 0.15685907611271704 -0.25066273765626779 -0.082716154825155472 0.74913504757291582 1.0000000180025095e-35 -1.0000000180025095e-35 -0.74448960382075746 -0.75666999138742608
decision_type=2 2 2 2 2 2 2 2 2 2 2 2 2 2 2 2 2 2 2 2 2 2 2 2
left_child=-1 5 3 4 6 17 -3 -5 9 -7 -11 -8 -9 -4 -15 -13 -6 -2 21 20 23 -10 -22 -20
right_child=1 2 13 7 16 8 11 12 18 10 -12 15 -14 14 -16 -17 -18 -19 19 -21 22 -23 -24 -25
leaf_value=1.2722511279171911 -0.17746408382844592 -0.1717197523355484 0.18812111816098614 0.4009507012825746 -0.32575867896609839 -0.44800317962964381 0.2044047917260064 0.19394825104703295 -0.29744344624606045 0.246740636103081 -0.27015336301591658 -0.10771122792871987 -0.027540756344795227 0.25138747692108154 0.53368359192823756 0.12915998763051525 -0.090047160100936899 0.029334259398958902 -0.32342675171516561 -0.247675448179245 -0.45154002270528248 -0.16892469025891402 -0.50856205668449406 -0.27587733654975893
leaf_weight=29 36 50 31 26 45 36 45 47 33 33 36 41 40 31 39 29 25 44 27 40 28 29 25 25
leaf_count=29 36 50 31 26 45 36 45 47 33 33 36 41 40 31 39 29 25 44 27 40 28 29 25 25
internal_value=-0.0179466 -0.0624362 0.0799743 0.00422426 -0.0722069 -0.225554 -0.000353289 0.163174 -0.267049 -0.168678 -0.0229432 0.0741539 0.0921142 0.340975 0.408667 -0.00957887 -0.241576 -0.063725 -0.316947 -0.350991 -0.390349 -0.23733 -0.478437 -0.300566
internal_weight=870 841 449 348 235 392 165 113 312 105 69 115 87 101 70 70 70 80 207 145 105 62 53 52
internal_count=870 841 449 348 235 392 165 113 312 105 69 115 87 101 70 70 70 80 207 145 105 62 53 52
is_linear=0
shrinkage=0.04


Tree=6
num_leaves=30
num_cat=0
split_feature=4 4 4 6 5 6 0 8 9 9 9 9 7 9 9 6 9 8 5 0 9 8 4 4 4 4 4 6 4
split_gain=15598.1 3485.27 1896.77 1859.03 2949.04 2076.78 1527.29 1371.98 1644.49 1386.66 1355.43 1226.98 934.972 1993.1 1019.55 714.548 549.912 763.668 319.027 317.359 306.531 233.119 216.678 191.941 169.275 115.352 38.3102 24.8937 11.6913
threshold=-0.14765061305399738 2.5563954267464273 -0.53742301518739166 0.98464209942862591 -0.71349052288507664 -0.83438724912631701 -0.7491350475729156 -0.63134183865453442 0.45481465310768643 -0.14990750581676068 -0.75462966474120774 1.2611108650069494 0.26563341774548938 0.45481465310768643 0.11885789814966023 -1.2891445862650526 -0.48586426077478684 1.0000000180025095e-35 -0.25066273765626779 1.0000000180025095e-35 -0.21709885680836591 -0.63134183865453442 0.58317264094611732 0.60144322229612024 -0.36689758925403171 -0.96373658002079188 -0.70794844112075184 0.18881675943583826 0.53445109067944296
decision_type=2 2 2 2 2 2 2 2 2 2 2 2 2 2 2 2 2 2 2 2 2 2 2 2 2 2 2 2 2
left_child=2 3 10 5 -5 6 -2 18 9 24 19 16 14 -14 20 -8 17 21 -4 -1 -12 -7 -18 -6 -9 -15 -27 -22 -13
right_child=1 -3 7 4 23 11 15 8 -10 -11 12 28 13 25 -16 -17 22 -19 -20 -21 27 -23 -24 -25 -26 26 -28 -29 -30
leaf_value=-0.16141692867279051 0.49052695510652045 0.62327002387046815 0.18256578759900458 -0.024344998512949263 0.40496209688186646 0.019772863107569077 0.29630955295562744 -0.04821010286418291 0.13699211363792421 -0.46943110934010257 -0.36397023521529309 0.20709258577823642 0.081790274804638283 -0.36421222386536778 -0.54848059661926762 0.012803333672610195 -0.20533131987817826 0.18637404253405909 -0.0034886643886566163 0.031551558415095014 -0.19893932461738587 -0.12946865110686331 -0.050335900518629288 0.55877542350027298 -0.18215137839317322 -0.29595982478215144 -0.22660994262695311 -0.25241439814750966 0.16945855804852078
leaf_weight=25 29 25 29 28 25 34 25 26 25 27 45 25 31 27 31 33 31 31 30 30 30 33 27 27 36 26 25 26 28
leaf_count=25 29 25 29 28 25 34 25 26 25 27 45 25 31 27 31 33 31 31 30 30 30 33 27 27 36 26 25 26 28
internal_value=-0.0172287 0.16594 -0.17384 0.135532 0.306617 0.0892931 0.253512 -0.0686185 -0.149656 -0.230175 -0.235337 0.0209341 -0.276228 -0.189527 -0.347822 0.135004 -0.0355573 0.0222184 0.0879618 -0.0561614 -0.286234 -0.0537342 -0.133178 0.484827 -0.125982 -0.297358 -0.261965 -0.223767 0.18721
internal_weight=870 401 469 376 80 296 87 173 114 89 296 209 241 109 132 58 156 98 59 55 101 67 58 52 62 78 51 56 53
internal_count=870 401 469 376 80 296 87 173 114 89 296 209 241 109 132 58 156 98 59 55 101 67 58 52 62 78 51 56 53
is_linear=0
shrinkage=0.04


Tree=7
num_leaves=27
num_cat=0
split_feature=2 4 9 4 6 9 9 9 4 5 9 9 4 6 6 5 4 6 0 9 6 5 6 4 6 4
split_gain=28223.2 10335.6 4910.07 2300.78 1746.53 1402.41 1324.42 1202.59 1021.9 1210.95 1792.73 1119.34 936.843 664.617 573.486 565.665 759.855 483.404 450.541 419.76 554.992 412.947 249.292 185.679 104.049 87.8785
threshold=-2.9592882694284057 -0.31817603898735741 1.2611108650069494 0.99730581821284892 0.52988476228989012 -0.35148155879157633 -1.2249691216824441 0.85796275905731789 -1.1220816183874833 -0.25066273765626779 -0.75462966474120774 0.25324060013287075 0.18121985124605419 0.30250609372052223 -0.15225124341821353 -0.71349052288507664 0.60144322229612024 -0.72069791484163315 1.0000000180025095e-35 -0.082716154825155472 1.3257101022826776 -1.1763183081138855 -0.60700858055694906 -0.79321115408743181 -0.15225124341821353 -0.76885037895409469
decision_type=2 2 2 2 2 2 2 2 2 2 2 2 2 2 2 2 2 2 2 2 2 2 2 2 2 2
left_child=-1 4 3 5 8 6 21 14 -2 11 -11 17 -7 18 -5 -4 -17 -10 -8 -6 23 -3 25 -21 -24 -12
right_child=1 2 15 7 19 12 13 -9 9 10 22 -13 -14 -15 -16 16 -18 -19 -20 20 -22 -23 24 -25 -26 -27
leaf_value=1.2103422477327543 -0.36003637064248323 -0.063145201069968085 0.17546261714350792 0.43932897739410404 -0.2321810418367386 -0.31745690812235294 -0.096271398131911823 0.0095681052803993222 0.025314719009399415 0.07649355244455916 -0.25068456773757936 0.2245165938597459 -0.035627125743776564 0.19164130264399004 0.17101087992007916 0.23288852507068264 0.49820313661526416 -0.22343349546045066 0.10701962485457912 -0.53480490036010742 -0.23811228554824304 -0.27599764802455901 -0.13331695836260915 -0.38828892659756448 -0.24558776164693491 -0.34628460869193078
leaf_weight=29 32 35 31 25 48 46 37 40 25 33 25 26 32 49 26 31 39 25 33 25 29 25 25 31 28 40
leaf_count=29 32 35 31 25 48 46 37 40 25 33 25 26 32 49 26 31 39 25 33 25 29 25 25 31 28 40
internal_value=-0.0165396 -0.0588459 0.0721781 0.000917104 -0.208922 -0.0602844 0.00139668 0.173761 -0.148418 -0.118586 -0.18413 0.0116377 -0.201834 0.0786557 0.302539 0.317711 0.380707 -0.0990594 -0.000434202 -0.326745 -0.380145 -0.151834 -0.257016 -0.453698 -0.19263 -0.309515
internal_weight=870 841 449 348 392 257 179 91 259 227 151 76 78 119 51 101 70 50 70 133 85 60 118 56 53 65
internal_count=870 841 449 348 392 257 179 91 259 227 151 76 78 119 51 101 70 50 70 133 85 60 118 56 53 65
is_linear=0
shrinkage=0.04


Tree=8
num_leaves=27
num_cat=0
split_feature=2 4 9 4 9 9 4 7 8 9 9 4 0 4 0 4 7 0 9 0 8 4 0 4 4 4
split_gain=26010.5 9525.33 4525.12 2134.01 1497.19 1294.58 1206.19 1120.35 828.868 2384.51 2573.41 748.011 582.657 523.242 442.348 442.225 429.306 378.935 317.22 340.681 473.655 230.868 144.893 29.2317 23.7706 14.4789
threshold=-2.9592882694284057 -0.31817603898735741 1.2611108650069494 0.75369806687947738 -0.35148155879157633 -0.75462966474120774 1.0338469809128548 -1.1992766638071075 -0.63134183865453442 1.0000000180025095e-35 0.45481465310768643 -0.050207512520648777 0.74913504757291582 0.40046682744608858 1.0000000180025095e-35 0.15685907611271704 -1.1992766638071075 -0.7491350475729156 -0.082716154825155472 0.74913504757291582 1.0000000180025095e-35 1.4114389954795807 -1.0000000180025095e-35 -0.74448960382075746 -0.73230921625408896 -0.75666999138742608
decision_type=2 2 2 2 2 2 2 2 2 2 2 2 2 2 2 2 2 2 2 2 2 2 2 2 2 2
left_child=-1 5 3 4 7 16 -5 -3 9 -7 -11 -9 21 -13 17 -6 -2 -4 22 20 25 -8 -10 -22 -18 -20
right_child=1 2 14 6 15 8 12 11 18 10 -12 13 -14 -15 -16 -17 24 -19 19 -21 23 -23 -24 -25 -26 -27
leaf_value=1.1619285520757068 -0.17663672679662704 -0.16011874965429307 0.32786080269977969 0.37696122094436929 -0.29775250911712647 -0.40973171055316926 -0.08907576799392701 0.19391789277394611 -0.26540471702588325 0.246997669321118 -0.24202719275529189 -0.10708643384096099 0.22440763650117099 0.11492187278024081 0.39653682169706927 -0.087928919720649715 0.042343766212463378 0.11756146430969239 -0.28857028378380667 -0.21684881554543972 -0.41011079743504525 0.07030073917273319 -0.14285198908427668 -0.4696189054489136 -0.012816303250193598 -0.24632503776550294
leaf_weight=29 30 50 29 27 45 36 26 45 33 33 36 41 27 29 46 25 25 26 27 40 28 33 29 25 25 25
leaf_count=29 30 50 29 27 45 36 26 45 33 33 36 41 27 29 46 25 25 26 27 40 28 33 29 25 25 25
internal_value=-0.015878 -0.056492 0.069291 0.000880419 -0.0678065 -0.200565 0.143725 -0.0020451 -0.237373 -0.145832 -0.00814574 0.0666826 0.0704995 -0.0151116 0.305003 -0.222816 -0.0570114 0.228447 -0.283807 -0.316187 -0.35403 6.70242e-05 -0.208082 -0.438181 0.0147637 -0.26826
internal_weight=870 841 449 348 235 392 113 165 312 105 69 115 86 70 101 70 80 55 207 145 105 59 62 53 50 52
internal_count=870 841 449 348 235 392 113 165 312 105 69 115 86 70 101 70 80 55 207 145 105 59 62 53 50 52
is_linear=0
shrinkage=0.04


Tree=9
num_leaves=27
num_cat=0
split_feature=2 9 7 7 0 9 8 7 0 9 7 0 6 9 0 6 9 9 9 6 6 9 9 6 6 6
split_gain=23971.3 8829.99 5260.55 1265.94 712.155 778.866 2023.79 1356.28 687.366 523.152 470.927 363.171 350.556 495.26 346.195 344.54 292.93 259.725 259.245 233.035 185.806 172.842 140.595 128.615 107.189 76.0114
threshold=-2.9592882694284057 1.193919514015344 -0.61331263118606871 -1.1992766638071075 0.74913504757291582 0.3876233021160812 -0.63134183865453442 0.85159745036652823 0.74913504757291582 -1.0905864196992339 -0.32033061487554942 1.0000000180025095e-35 -1.1754552519803687 0.11885789814966023 -0.7491350475729156 -0.26594057770289742 -1.4265431746572599 0.18604924914126547 0.6563887060825021 0.87095276514394182 0.64357409657457409 -0.21709885680836591 -1.5609258766404703 0.41619542800520609 0.18881675943583826 0.18881675943583826
decision_type=2 2 2 2 2 2 2 2 2 2 2 2 2 2 2 2 2 2 2 2 2 2 2 2 2 2
left_child=-1 2 3 8 5 12 -7 25 16 -5 -6 23 -4 19 -3 -16 22 -12 -19 21 -17 -14 -2 -11 -13 -8
right_child=1 14 4 9 10 6 7 -9 -10 11 17 24 13 -15 15 20 -18 18 -20 -21 -22 -23 -24 -25 -26 -27
leaf_value=1.1154514138811622 -0.12441727839983427 0.35399406947408402 -0.40030380048070635 0.25110342280999309 0.036276601123809815 0.074247464014262687 -0.44625598614032458 -0.072220023239360137 0.072144477192948503 -0.04706867800818549 -0.24027590143053157 0.086888312149047867 -0.23689938482116252 -0.37540038004154114 0.11530689720542003 0.3513136408805847 -0.20103095573048257 -0.0077059984207153319 -0.17271317708186615 -0.30985559957998771 0.20674394809838498 -0.11196750982387647 0.0084363696575164796 0.066122242623362054 0.20288994963352497 -0.34857099437713623
leaf_weight=29 26 35 35 31 25 41 26 34 41 36 38 25 34 41 39 25 43 25 39 27 33 37 25 29 26 25
leaf_count=29 26 35 35 31 25 41 26 34 41 36 38 25 34 41 39 25 43 25 39 27 33 37 25 29 26 25
internal_value=-0.0152429 -0.0542323 -0.110157 0.0239159 -0.198702 -0.232313 -0.156574 -0.267911 -0.0645211 0.105134 -0.119307 0.0661243 -0.287158 -0.258668 0.246153 0.207241 -0.124131 -0.157441 -0.108257 -0.209831 0.269058 -0.171794 -0.0592929 0.00343189 0.146026 -0.398371
internal_weight=870 841 709 282 427 300 126 85 135 147 127 116 174 139 132 97 94 102 64 98 58 71 51 65 51 51
internal_count=870 841 709 282 427 300 126 85 135 147 127 116 174 139 132 97 94 102 64 98 58 71 51 65 51 51
is_linear=0
shrinkage=0.04


Tree=10
num_leaves=26
num_cat=0
split_feature=2 4 4 9 9 9 7 0 8 4 7 9 4 4 7 9 4 4 8 4 9 7 8 4 4
split_gain=20230.8 8627.39 3896.48 1928.25 1728.93 1525.59 2394.85 1314.13 1179 3056.54 2167.58 1756.1 1139.35 1050.85 1033.3 943.295 1454.63 857.94 618.034 559.94 484.812 816.149 289.692 74.7853 21.5795
threshold=-2.9592882694284057 0.60144322229612024 -0.69576805355408322 1.1267281630237389 1.2611108650069494 0.92515411004892301 -1.1992766638071075 1.0000000180025095e-35 -0.63134183865453442 -0.48870146492071748 -0.32033061487554942 -0.41867290978318161 1.2287331819795522 -0.050207512520648777 0.55861543405600889 -1.0905864196992339 -0.22073293845400885 1.3139958949462318 1.0000000180025095e-35 -0.84193270435410617 -0.14990750581676068 0.26563341774548938 1.0000000180025095e-35 -0.95155619245412326 -0.40343875195403744
decision_type=2 2 2 2 2 2 2 2 2 2 2 2 2 2 2 2 2 2 2 2 2 2 2 2 2
left_child=-1 2 7 5 8 6 17 20 9 -4 15 13 -5 -11 24 -10 -17 -3 -18 22 -2 -22 -9 -23 -12
right_child=1 3 4 12 -6 -7 -8 19 10 11 14 -13 -14 -15 -16 16 18 -19 -20 -21 21 23 -24 -25 -26
leaf_value=1.022937851938708 -0.21733335818999852 -0.11969047000913909 0.33173402070999147 0.2029746878216433 0.18478212441338432 -0.16602180314064025 0.45442728487650558 -0.27904738357976866 -0.17668982658535243 0.17435145858456108 -0.37185928336505236 -0.33132399523959444 0.515441039981264 -0.16727217864990235 -0.1230807164781972 -0.14755137719606098 0.035047338467377884 0.19096253514289857 0.30587762611252922 -0.0018195869076636532 -0.53492161260710824 -0.2546315524157356 -0.10372514822483062 -0.34576645298004155 -0.4225709889411926
leaf_weight=29 39 33 36 43 45 30 30 38 48 34 29 34 33 25 38 38 26 25 28 31 36 34 25 25 25
leaf_count=29 39 33 36 43 45 30 30 38 48 34 29 34 33 25 38 38 26 25 28 31 36 34 25 25 25
internal_value=-0.0155284 -0.0518998 -0.123323 0.181515 -0.0490118 0.0803088 0.164285 -0.25565 -0.078155 0.0187872 -0.132058 -0.102353 0.338651 0.0295957 -0.282883 -0.0329447 0.0420527 0.0142117 0.175478 -0.140993 -0.336081 -0.38483 -0.209475 -0.293248 -0.395337
internal_weight=857 828 634 194 406 118 88 228 361 129 232 93 76 59 92 140 92 58 54 94 134 95 63 59 54
internal_count=857 828 634 194 406 118 88 228 361 129 232 93 76 59 92 140 92 58 54 94 134 95 63 59 54
is_linear=0
shrinkage=0.04


Tree=11
num_leaves=26
num_cat=0
split_feature=2 9 9 8 9 6 7 7 5 6 8 9 1 6 6 6 5 9 1 6 6 8 6 6 9
split_gain=18644.7 6713.06 4459.72 2085.8 2637.74 3995.59 4691.97 1671.09 1438.17 1218.22 1074.58 859.239 1032.81 846.108 594.446 560.25 516.085 375.843 594.628 273.913 293.5 222.883 164.908 161.815 61.2622
threshold=-2.9592882694284057 1.1267281630237389 -0.55305561176639195 -0.63134183865453442 1.0000000180025095e-35 0.52988476228989012 0.55861543405600889 -1.1992766638071075 1.0000000180025095e-35 -0.49331924627226525 1.0000000180025095e-35 -1.0905864196992339 1.0000000180025095e-35 0.75726343085925796 -0.94807658341100087 1.0000000180025095e-35 -1.1763183081138855 0.79077140806571256 1.0000000180025095e-35 -0.26594057770289742 0.64357409657457409 1.0000000180025095e-35 -0.37962991198758139 0.52988476228989012 -0.21709885680836591
decision_type=2 2 2 2 2 2 2 2 2 2 2 2 2 2 2 2 2 2 2 2 2 2 2 2 2
left_child=-1 2 7 4 -4 6 -6 14 17 -3 13 -9 19 -11 -2 24 23 18 22 -13 -21 -17 -5 -16 -10
right_child=1 9 3 8 5 -7 -8 11 15 10 -12 12 -14 -15 16 21 -18 -19 -20 20 -22 -23 -24 -25 -26
leaf_value=0.98202033207334327 0.076237264915748879 0.028645337477643442 -0.30509149843332717 -0.37019409768509143 0.58634703359296247 -0.33865103039624439 -0.10413462556898594 0.29367761067052683 -0.28312729077679771 0.30676004727681477 0.45415422766549252 -0.10279142737388611 0.22665446937084199 0.013581140892846245 0.011113606303930284 -0.14302254649309012 -0.23083882975935313 -0.20636265449523927 -0.24037050138201033 0.14083441896438598 -0.042083606366068123 0.021061938802401224 -0.48737541820691982 -0.12386481257500473 -0.19868174844317968
leaf_weight=29 27 47 49 33 31 28 32 30 28 36 35 36 40 28 30 26 48 25 35 25 32 27 46 27 27
leaf_count=29 27 47 49 33 31 28 32 30 28 36 35 36 40 28 30 26 48 25 35 25 32 27 46 27 27
internal_value=-0.0149072 -0.0498238 -0.102521 -0.191827 -0.0684804 0.0589255 0.235626 0.0146353 -0.261739 0.196338 0.27595 0.100308 0.0566908 0.178494 -0.0911576 -0.15224 -0.134202 -0.346818 -0.37762 -0.0164119 0.0381436 -0.0594323 -0.438426 -0.0528235 -0.241672
internal_weight=857 828 682 387 140 91 63 295 247 146 99 163 133 64 132 108 105 139 114 93 57 53 79 57 55
internal_count=857 828 682 387 140 91 63 295 247 146 99 163 133 64 132 108 105 139 114 93 57 53 79 57 55
is_linear=0
shrinkage=0.04


Tree=12
num_leaves=24
num_cat=0
split_feature=2 9 9 8 9 9 0 5 9 9 0 8 9 9 0 0 5 8 0 7 5 8 9
split_gain=17183 6186.75 4110.08 1922.27 2430.95 3320.18 1592.09 1325.42 1225.31 908.186 767.457 542.642 689.974 523.594 482.103 214.182 180.687 173.811 109.936 92.6828 63.1816 56.5712 11.5221
threshold=-2.9592882694284057 1.1267281630237389 -0.55305561176639195 -0.63134183865453442 1.0000000180025095e-35 0.45481465310768643 -1.2485584126215259 1.0000000180025095e-35 -1.2249691216824441 -1.0905864196992339 0.74913504757291582 1.0000000180025095e-35 1.5298762689733703 -1.4265431746572599 -0.7491350475729156 0.74913504757291582 -1.6391460933426945 1.0000000180025095e-35 -1.0000000180025095e-35 0.55861543405600889 0.67499283280135014 -0.63134183865453442 0.32043195112447598
decision_type=2 2 2 2 2 2 2 2 2 2 2 2 2 2 2 2 2 2 2 2 2 2 2
left_child=-1 2 6 4 -4 -6 -2 14 13 -10 18 12 21 16 -5 20 -8 22 -11 -19 -9 -3 -16
right_child=1 11 3 7 5 -7 8 15 9 10 -12 -13 -14 -15 17 -17 -18 19 -20 -21 -22 -23 -24
leaf_value=0.94273951925080401 -0.22057472795248032 0.02235365454107523 -0.29288783744889862 -0.46916486203670504 0.32938770735263823 -0.15740738625619927 -0.046781786158680914 -0.22850741082224355 0.32322197914123535 0.053810877239002901 0.2175882894396782 0.29373337582045911 0.29460763701077169 -0.15669875810430808 -0.32507000007629394 -0.057372325927980486 0.085646433269276331 -0.18779673531651497 -0.043470310139946823 -0.2918020060966755 -0.15372818534572921 0.096453146936700623 -0.36275560546804358
leaf_weight=29 40 32 49 32 40 51 32 29 30 34 40 51 29 44 25 31 34 26 41 29 48 34 27
leaf_count=29 40 32 49 32 40 51 32 29 30 34 40 51 29 44 25 31 34 26 41 29 48 34 27
internal_value=-0.0143109 -0.0478308 -0.0984203 -0.184153 -0.0657412 0.0565685 0.0140498 -0.25127 0.0508537 0.127224 0.0760941 0.188485 0.131983 -0.0498162 -0.332945 -0.14615 0.0214388 -0.292207 0.000630495 -0.242636 -0.181892 0.0605261 -0.344638
internal_weight=857 828 682 387 140 91 295 247 255 145 115 146 95 110 139 108 66 107 75 55 77 66 52
internal_count=857 828 682 387 140 91 295 247 255 145 115 146 95 110 139 108 66 107 75 55 77 66 52
is_linear=0
shrinkage=0.04


Tree=13
num_leaves=27
num_cat=0
split_feature=3 4 4 5 7 0 5 0 6 4 6 5 6 4 4 6 7 6 4 6 7 7 0 6 5 4
split_gain=11780.6 8234.83 4341.28 2994.77 2277.85 1296.18 1377.96 1287.54 1220.35 904.594 796.011 2064.32 1200.52 784.18 768.352 758.079 650.665 460.465 444.596 340.132 315.847 301.713 246.527 91.2541 37.1006 32.2962
threshold=1.0000000180025095e-35 0.99730581821284892 -0.69576805355408322 1.0000000180025095e-35 1.1445794666770477 0.74913504757291582 -0.25066273765626779 1.0000000180025095e-35 -0.26594057770289742 1.338356670079569 0.41619542800520609 1.0000000180025095e-35 -0.15225124341821353 0.14467868854604846 -0.15983100062066594 -0.26594057770289742 -0.61331263118606871 0.075127425151154323 -0.82975231678743755 0.075127425151154323 0.26563341774548938 1.0000000180025095e-35 -1.0000000180025095e-35 0.64357409657457409 1.0000000180025095e-35 -0.12328983792066023
decision_type=2 2 2 2 2 2 2 2 2 2 2 2 2 2 2 2 2 2 2 2 2 2 2 2 2 2
left_child=1 2 7 9 5 10 -7 17 -8 -3 12 25 16 -2 -14 -6 24 21 19 -9 -19 -1 -18 -17 -4 -12
right_child=13 3 4 -5 15 6 8 18 -10 -11 11 -13 14 -15 -16 23 22 20 -20 -21 -22 -23 -24 -25 -26 -27
leaf_value=-0.14756911568641662 0.3740031352996826 -0.033948539539619731 -0.0084108297064386557 0.64238279625221539 0.00086872540201459608 -0.13449104659100797 -0.049141171216964728 -0.28061357790275532 0.28657938794391913 0.25439726119138756 -0.42396760368347169 -0.015242002329594174 0.24585048980712892 0.67299566954374312 -0.061893642655125369 0.28778935333778122 -0.28156936543908989 -0.48335662913584226 -0.0083649423917134605 -0.090450126738459979 -0.30143632677885202 -0.32387515341363304 -0.12427237129211426 0.18458882441887489 -0.074904192543029796 -0.36029335122842054
leaf_weight=25 25 27 29 27 35 47 30 34 41 49 25 43 25 32 27 29 44 37 30 27 26 41 25 26 25 26
leaf_count=25 25 27 29 27 35 47 30 34 41 49 25 43 25 32 27 29 44 37 30 27 26 41 25 26 25 26
internal_value=-0.0137385 -0.0533248 -0.102659 0.280516 -0.0348625 -0.0770156 0.0335122 -0.249653 0.144726 0.151959 -0.1255 -0.219385 -0.07507 0.541859 0.0860603 0.146396 -0.14319 -0.330928 -0.134439 -0.196443 -0.408278 -0.257093 -0.224578 0.239004 -0.0391948 -0.391506
internal_weight=857 800 697 103 477 387 118 220 71 76 269 94 175 57 52 90 123 129 91 61 63 66 69 55 54 51
internal_count=857 800 697 103 477 387 118 220 71 76 269 94 175 57 52 90 123 129 91 61 63 66 69 55 54 51
is_linear=0
shrinkage=0.04


Tree=14
num_leaves=25
num_cat=0
split_feature=2 4 9 5 9 6 6 4 7 4 4 5 4 0 5 9 0 6 7 4 6 9 0 0
split_gain=15041.3 7042.45 3740.92 2594.27 2420.69 1438.21 3805.28 4007.18 1010.7 987.053 790.792 1165.14 1071.98 589.354 462.081 427.803 445.263 507.728 376.004 324.626 244.11 201.994 149.292 92.6692
threshold=-2.9592882694284057 0.75369806687947738 1.2611108650069494 1.0000000180025095e-35 -0.35148155879157633 0.30250609372052223 -0.26594057770289742 -0.69576805355408322 -1.1992766638071075 1.2287331819795522 -0.23291332602067741 1.1378206180301593 0.10813752584604273 1.0000000180025095e-35 -1.1763183081138855 1.0000000180025095e-35 -0.7491350475729156 -1.0617659176956848 0.26563341774548938 -0.68358766598741461 -0.15225124341821353 1.0595368120321338 1.0000000180025095e-35 1.0000000180025095e-35
decision_type=2 2 2 2 2 2 2 2 2 2 2 2 2 2 2 2 2 2 2 2 2 2 2 2
left_child=-1 2 4 9 8 6 15 -8 14 -3 11 23 22 18 -2 -6 -17 -18 -7 -15 -4 -11 -12 -10
right_child=1 3 20 -5 5 13 7 -9 10 21 12 -13 -14 19 -16 16 17 -19 -20 -21 -22 -23 -24 -25
leaf_value=0.88223414322425586 -0.08123146688684503 -0.052968256880597371 0.072921498107910154 0.47222749657574159 -0.37800914809107783 -0.47156761332562097 -0.22287298303384048 0.45559015234311423 -0.00064219880104064947 0.13771447687535673 0.13921290468286585 -0.22604791144799927 -0.054456065917501642 -0.11552388736179897 -0.27167141209046047 -0.3313130412382238 -0.28695612956737654 -0.072328207929929098 -0.29117063870032628 -0.31383199005126955 0.22762492278154858 0.28160638459302761 0.27350401419859666 0.10363238382339479
leaf_weight=29 47 41 25 42 32 38 26 30 30 37 27 46 49 28 36 34 29 45 36 25 47 27 26 25
leaf_count=29 47 41 25 42 32 38 26 30 30 37 27 46 49 28 36 34 29 45 36 25 47 27 26 25
internal_value=-0.013189 -0.0445504 -0.0987495 0.206535 -0.130985 -0.206027 -0.138084 0.140589 -0.046235 0.100258 0.00184653 -0.0774917 0.0804069 -0.310883 -0.163832 -0.249553 -0.211492 -0.156439 -0.383807 -0.209065 0.173908 0.198419 0.205092 0.0467553
internal_weight=857 828 681 147 609 323 196 56 286 105 203 101 102 127 83 140 108 74 74 53 72 64 53 55
internal_count=857 828 681 147 609 323 196 56 286 105 203 101 102 127 83 140 108 74 74 53 72 64 53 55
is_linear=0
shrinkage=0.04


Tree=15
num_leaves=26
num_cat=0
split_feature=2 4 7 5 7 6 8 6 8 7 7 8 4 4 5 6 4 5 7 6 6 4 7 6 6
split_gain=20977.2 6567.74 4450.7 1535.72 1084.15 894.038 2623.21 1881.52 816.638 606.574 545.847 476.438 449.919 336.413 636.445 599.913 451.102 333.941 291.499 170.911 157.826 291.802 73.9279 42.9192 0.0220539
threshold=-2.9592882694284057 0.75369806687947738 1.1445794666770477 1.0000000180025095e-35 -0.32033061487554942 0.52988476228989012 -0.63134183865453442 -0.37962991198758139 -0.63134183865453442 1.4375614829875671 -1.1992766638071075 -0.63134183865453442 1.4784311270962578 -0.31817603898735741 1.1378206180301593 -0.37962991198758139 -0.050207512520648777 -0.71349052288507664 0.26563341774548938 -0.72069791484163315 -0.94807658341100087 -0.68358766598741461 0.55861543405600889 -0.15225124341821353 0.18881675943583826
decision_type=2 2 2 2 2 2 2 2 2 2 2 2 2 2 2 2 2 2 2 2 2 2 2 2 2
left_child=-1 2 4 11 10 6 7 -6 -7 -4 17 -3 -13 14 -12 -15 -17 24 19 -8 -20 -22 -10 -11 -2
right_child=1 3 9 -5 5 8 18 -9 22 23 13 12 -14 15 -16 16 -18 -19 20 -21 21 -23 -24 -25 -26
leaf_value=1.0603951613656406 -0.10051343808174133 0.018176196217536928 0.056980723883861155 0.40189250400331283 -0.097392267853021616 -0.45004338455200199 -0.3603341951863519 0.33476291047202217 -0.17104125961013464 0.22911836910247804 0.0098307724874846791 0.094877054060206703 0.31140021664755685 -0.12309406573431833 -0.19852229513062372 0.2081940195295546 0.0030387827690611497 -0.27641144734162554 -0.090815548896789555 -0.23064120995031823 -0.30299617358616421 -0.1203797173500061 -0.25649763593673708 0.30252140356944157 -0.098833290338516233
leaf_weight=29 25 42 39 45 40 30 29 27 46 25 49 34 28 35 45 27 47 26 25 37 28 28 25 26 25
leaf_count=29 25 42 39 45 40 30 29 27 46 25 49 34 28 35 45 27 47 26 25 37 28 28 25 26 25
internal_value=0.00283916 -0.0339785 -0.0864001 0.206668 -0.126117 -0.176975 -0.13068 0.0767598 -0.275066 0.175731 -0.0686967 0.122196 0.192662 -0.0344632 -0.0899127 0.0133557 0.0778927 -0.160136 -0.225227 -0.287628 -0.174382 -0.211688 -0.201132 0.26654 -0.0996734
internal_weight=862 833 684 149 594 315 214 67 101 90 279 104 62 203 94 109 74 76 147 66 81 56 71 51 50
internal_count=862 833 684 149 594 315 214 67 101 90 279 104 62 203 94 109 74 76 147 66 81 56 71 51 50
is_linear=0
shrinkage=0.04


Tree=16
num_leaves=27
num_cat=0
split_feature=3 4 9 9 5 9 8 8 6 6 7 9 9 4 6 9 5 5 6 6 4 4 9 5 4 6
split_gain=12824 5997.42 4388.16 1785.68 1621.82 1223.43 821.178 782.63 3335.77 1755.5 524.946 473.2 430.898 397.026 446.568 400.457 381.338 374.497 354.956 276.245 382.481 363.646 335.767 246.543 193.969 261.191
threshold=1.0000000180025095e-35 0.75369806687947738 1.193919514015344 0.79077140806571256 1.0000000180025095e-35 -0.35148155879157633 -0.63134183865453442 -0.63134183865453442 0.52988476228989012 -0.37962991198758139 -1.1992766638071075 -1.4265431746572599 1.5298762689733703 -0.50088185248738604 -0.37962991198758139 -0.48586426077478684 1.1378206180301593 -0.71349052288507664 -0.60700858055694906 -0.72069791484163315 -0.18419177575400311 -0.58614456545406601 -0.082716154825155472 0.67499283280135014 -0.91501502975411764 0.75726343085925796
decision_type=2 2 2 2 2 2 2 2 2 2 2 2 2 2 2 2 2 2 2 2 2 2 2 2 2 2
left_child=1 2 5 -2 6 10 -3 8 9 -7 11 -1 18 16 -15 23 -12 -8 -4 21 22 -9 -21 -16 -24 -26
right_child=3 4 12 -5 -6 7 17 19 -10 -11 13 -13 -14 14 15 -17 -18 -19 -20 20 -22 -23 24 -25 25 -27
leaf_value=-0.062796997179587685 0.8344147563897647 -0.035889516480871152 0.2228709419965744 0.37789760688255575 0.40985667431638356 -0.092035297854315662 0.10540193382898966 -0.21004601015363419 -0.42978713777757466 0.32137239957297292 -0.020204553902149199 -0.26520682154279768 0.30610639587525401 -0.0868280935784181 0.036252137956948115 -0.069361865615844731 -0.22432398628305505 0.30698344345750483 0.0097174917221069333 -0.10369896504186815 -0.048914300537109379 -0.40978877162933353 -0.18596875232894244 0.19727849710732698 -0.22947914767909694 -0.39491198548903833
leaf_weight=42 26 37 25 29 42 42 30 35 31 27 32 33 31 48 29 25 27 29 25 31 25 25 41 32 37 26
leaf_count=42 26 37 25 29 42 42 30 35 31 27 32 33 31 48 29 25 27 29 25 31 25 25 41 32 37 26
internal_value=0.0027256 -0.0375519 -0.0870777 0.593706 0.202541 -0.1251 0.11184 -0.177903 -0.0851183 0.0697329 -0.0620528 -0.151857 0.188938 -0.0271547 0.0109136 0.0654672 -0.113615 0.204484 0.116294 -0.220077 -0.192629 -0.293272 -0.219243 0.120725 -0.253684 -0.297753
internal_weight=862 807 669 55 138 588 96 320 100 69 268 75 81 193 134 86 59 59 50 220 160 60 135 61 104 63
internal_count=862 807 669 55 138 588 96 320 100 69 268 75 81 193 134 86 59 59 50 220 160 60 135 61 104 63
is_linear=0
shrinkage=0.04


Tree=17
num_leaves=29
num_cat=0
split_feature=2 4 7 5 7 6 6 4 7 7 0 0 0 5 8 5 7 4 6 5 4 6 4 4 4 4 6 6
split_gain=18272.4 5559.44 3796.6 1303.34 915.936 792.138 2661.83 695.519 508.265 463.887 466.693 446.774 481.726 444.37 300.04 293.796 235.834 453.071 236.384 219.138 213.319 147.277 300.136 287.964 110.264 103.434 36.8449 0.0162421
threshold=-2.9592882694284057 0.75369806687947738 1.1445794666770477 1.0000000180025095e-35 -0.32033061487554942 0.075127425151154323 -0.26594057770289742 -0.86629347948744329 1.4375614829875671 -1.1992766638071075 -0.7491350475729156 0.74913504757291582 -0.7491350475729156 1.0000000180025095e-35 -0.63134183865453442 -0.71349052288507664 0.26563341774548938 -0.64704650328740898 0.98464209942862591 1.1378206180301593 -0.51306224005405465 -0.37962991198758139 -0.31817603898735741 0.071596363146036998 -0.33035642655402603 1.4784311270962578 -0.15225124341821353 0.18881675943583826
decision_type=2 2 2 2 2 2 2 2 2 2 2 2 2 2 2 2 2 2 2 2 2 2 2 2 2 2 2 2
left_child=-1 2 4 11 9 6 7 -6 -4 15 19 12 -3 16 -9 27 18 -18 -7 -11 -16 24 -23 -24 -12 -14 -10 -2
right_child=1 3 8 -5 5 13 -8 14 26 10 21 -13 25 -15 20 -17 17 -19 -20 -21 -22 22 23 -25 -26 -27 -28 -29
leaf_value=0.98964019781556634 -0.090742468148469924 0.20622781437176926 0.053426227019383356 0.36950775771670868 -0.053111137678456863 -0.41938370971679689 0.20014459905938972 -0.13474857835857956 0.21058077287673949 -0.053287263855789649 0.01356974687576294 0.2592180321931839 -0.063117526912689209 -0.087383735268204296 -0.36960380169653123 -0.25723791525914119 -0.12276598009798262 -0.33952660322189332 -0.24868964664362098 -0.20400292429430733 -0.22645735616430304 -0.05733150966239698 0.18259288097250051 0.0027519083874566214 -0.10408387981928313 0.048821369750159126 0.27859145430418158 -0.092184335851669311
leaf_weight=29 25 26 39 45 43 25 36 27 25 33 25 25 25 27 31 26 36 27 27 29 36 33 29 28 26 28 26 25
leaf_count=29 25 26 39 45 43 25 36 27 25 33 25 25 25 27 31 26 36 27 27 29 36 33 29 28 26 28 26 25
internal_value=0.00261657 -0.0317456 -0.0799757 0.18966 -0.116658 -0.163404 -0.105936 -0.186366 0.162128 -0.0638801 -0.0323212 0.111841 0.0652023 -0.233418 -0.247323 -0.148176 -0.267704 -0.215663 -0.330754 -0.123783 -0.292689 0.00789624 0.0386701 0.0942499 -0.0464105 -0.00398 0.245253 -0.0914634
internal_weight=862 833 684 149 594 315 173 137 90 279 203 104 79 142 94 76 115 63 52 62 67 141 90 57 51 53 51 50
internal_count=862 833 684 149 594 315 173 137 90 279 203 104 79 142 94 76 115 63 52 62 67 141 90 57 51 53 51 50
is_linear=0
shrinkage=0.04


Tree=18
num_leaves=27
num_cat=0
split_feature=2 9 4 4 4 9 6 6 9 0 9 9 0 4 5 9 4 4 4 9 0 9 5 0 0 9
split_gain=16839.8 5286.78 3004.55 2410.52 1270.73 894.532 688.23 2453.14 678.55 701.166 591.33 576.881 452.687 426.41 341.904 630.468 319.116 316.162 333.016 230.436 460.514 321.979 365.138 209.787 189.886 175.944
threshold=-2.9592882694284057 1.1267281630237389 0.75369806687947738 1.0703881436128604 1.3627174452129063 -0.35148155879157633 0.075127425151154323 -0.26594057770289742 1.0000000180025095e-35 -0.7491350475729156 0.52200600409929165 1.4626849179817649 -1.2485584126215259 0.36392566474608284 1.0000000180025095e-35 0.18604924914126547 1.4784311270962578 -0.74448960382075746 -0.52524262762072316 -1.157777770690839 0.74913504757291582 -0.62024696275799729 0.67499283280135014 1.0000000180025095e-35 1.0000000180025095e-35 0.6563887060825021
decision_type=2 2 2 2 2 2 2 2 2 2 2 2 2 2 2 2 2 2 2 2 2 2 2 2 2 2
left_child=-1 2 5 -4 11 12 7 8 -7 -10 -11 13 -2 -3 15 -8 -5 -14 -19 23 21 22 -21 -20 -13 -17
right_child=1 4 3 16 -6 6 14 -9 9 10 -12 24 17 -15 -16 25 -18 18 19 20 -22 -23 -24 -25 -26 -27
leaf_value=0.95005459382616242 -0.17786583096498537 -0.057864375948905949 0.42139783720816332 -0.11290225600754773 0.44773306500911714 -0.32526059927167117 -0.39960734658169023 0.19213880959484314 -0.27233408282784854 0.047788688898086545 -0.19724741220474243 0.1577627272605896 0.072052575188714107 0.14903719923075509 -0.10602733308618718 -0.1339607944866506 0.067957448057226227 -0.1805413137633225 -0.023156900030374527 -0.10788731749241169 0.11624314473734963 -0.17504267520904543 0.10213125696888677 -0.18702485160827637 0.30398090079978662 -0.25187538406252863
leaf_weight=29 42 30 31 27 25 37 33 36 34 40 26 30 37 34 33 41 37 29 25 26 36 25 27 25 27 40
leaf_count=29 42 30 31 27 25 37 33 36 34 40 26 30 37 34 33 41 37 29 25 26 36 25 27 25 27 40
internal_value=0.00251191 -0.0304758 -0.0769306 0.131888 0.188117 -0.11044 -0.155773 -0.101699 -0.178912 -0.124762 -0.0487407 0.134477 -0.0571085 0.0520521 -0.219411 -0.252232 -0.00834274 -0.0350571 -0.0555911 -0.0334962 -0.00209509 -0.0567127 -0.000896723 -0.105091 0.227024 -0.19219
internal_weight=862 833 687 95 146 592 320 173 137 100 66 121 272 64 147 114 64 230 193 164 114 78 53 50 57 81
internal_count=862 833 687 95 146 592 320 173 137 100 66 121 272 64 147 114 64 230 193 164 114 78 53 50 57 81
is_linear=0
shrinkage=0.04


Tree=19
num_leaves=27
num_cat=0
split_feature=2 9 4 4 4 9 6 6 4 9 0 4 9 9 9 4 4 4 9 0 4 4 6 0 0 4
split_gain=15519.6 4872.3 2768.99 2221.54 1171.1 824.401 634.272 2260.82 636.701 531.653 417.196 392.98 331.202 327.999 1017.1 294.098 291.375 306.908 212.37 424.41 323.079 202.976 194.922 174.999 104.167 98.1069
threshold=-2.9592882694284057 1.1267281630237389 0.75369806687947738 1.0703881436128604 1.3627174452129063 -0.35148155879157633 0.075127425151154323 -0.26594057770289742 -0.86629347948744329 1.4626849179817649 -1.2485584126215259 0.36392566474608284 1.0000000180025095e-35 -0.082716154825155472 0.18604924914126547 1.4784311270962578 -0.74448960382075746 -0.52524262762072316 -1.157777770690839 0.74913504757291582 -0.086748675220654506 0.022874812879362678 0.75726343085925796 1.0000000180025095e-35 -1.0000000180025095e-35 -0.70794844112075184
decision_type=2 2 2 2 2 2 2 2 2 2 2 2 2 2 2 2 2 2 2 2 2 2 2 2 2 2
left_child=-1 2 5 -4 9 10 7 8 -7 11 -2 -3 -10 -8 -15 -5 -12 -18 21 20 -20 -19 -16 -11 -14 -24
right_child=1 4 3 15 -6 6 13 -9 12 23 16 -13 24 14 22 -17 17 18 19 -21 -22 -23 25 -25 -26 -27
leaf_value=0.91205241807575888 -0.17075119810444966 -0.055549797813097643 0.40454191911605092 -0.10838616557971195 0.42982375683784485 -0.044258962342905439 -0.084670114517211917 0.18445325884554123 -0.34835426754421661 0.1514522142012914 0.069170472170855549 0.14307571074541878 -0.23950676169888727 -0.45006533082042427 -0.1021143499099546 0.065239154325949178 -0.17331966021965289 -0.18148030584156513 0.029078567592721236 0.11159341904852126 -0.13379087615013124 -0.020294169807434082 -0.17212585179011025 0.29182166532233911 -0.13884352721666035 -0.27828476199736962
leaf_weight=29 42 30 31 27 25 43 27 36 27 30 37 34 29 28 36 37 29 25 38 36 40 25 30 27 38 26
leaf_count=29 42 30 31 27 25 43 27 36 27 30 37 34 29 28 36 37 29 25 38 36 40 25 30 27 38 26
internal_value=0.00241143 -0.0292567 -0.0738534 0.126613 0.180592 -0.106023 -0.149542 -0.0976308 -0.171755 0.129098 -0.0548241 0.04997 -0.230078 -0.210634 -0.238976 -0.00800903 -0.0336548 -0.0533675 -0.0321564 -0.00201128 -0.0544442 -0.100887 -0.174731 0.217943 -0.182414 -0.221414
internal_weight=862 833 687 95 146 592 320 173 137 121 272 64 94 147 120 64 230 193 164 114 78 50 92 57 67 56
internal_count=862 833 687 95 146 592 320 173 137 121 272 64 94 147 120 64 230 193 164 114 78 50 92 57 67 56
is_linear=0
shrinkage=0.04


Tree=20
num_leaves=26
num_cat=0
split_feature=2 9 9 4 6 6 5 5 0 9 9 5 9 4 4 0 6 4 6 9 4 9 6 9 0
split_gain=14576.8 2832.55 2333.17 2226.71 775.852 1845 1146.69 1018.3 595.31 483.931 430.946 412.426 404.96 391.881 391.778 347.196 298.033 344.922 259.253 210.046 188.93 336.441 180.125 178.662 130.573
threshold=-2.9592882694284057 1.2611108650069494 -0.55305561176639195 1.0216665933461864 0.18881675943583826 1.0000000180025095e-35 -0.25066273765626779 1.1378206180301593 -1.2485584126215259 -1.2249691216824441 0.18604924914126547 0.67499283280135014 0.32043195112447598 -0.61050534058740313 0.083776750712705572 1.0000000180025095e-35 0.87095276514394182 0.083776750712705572 -0.60700858055694906 -0.28429020779997111 0.071596363146036998 0.3876233021160812 -0.26594057770289742 0.72358005707410744 -1.0000000180025095e-35
decision_type=2 2 2 2 2 2 2 2 2 2 2 2 2 2 2 2 2 2 2 2 2 2 2 2 2
left_child=-1 2 3 8 5 6 12 10 -2 14 -6 20 -4 23 -10 22 17 -3 -17 -13 21 -8 -11 -12 -19
right_child=1 16 4 -5 7 -7 11 -9 9 15 13 19 -14 -15 -16 18 -18 24 -20 -21 -22 -23 -24 -25 -26
leaf_value=0.88208373234189796 -0.17547497279716262 0.32065013408958914 0.16257172850462107 0.30131880062382399 -0.34005640883778421 0.23819863107469347 -0.085789249593561351 -0.0057787360940128561 -0.1455226404381835 -0.086014648470385313 -0.040274632160480203 -0.18193215707252766 -0.060679859931652369 -0.27869696750970824 0.033540709439445947 0.20826801628902039 0.053019068315625195 0.076369682550430293 0.050345221421657468 -0.34014603004455568 -0.043424394539424357 -0.25950673683484399 0.054967053183193865 -0.18718278894269907 0.19981706451303488
leaf_weight=29 33 25 26 41 43 27 44 40 46 29 26 29 26 42 34 29 32 26 39 25 35 30 29 27 29
leaf_count=29 33 25 26 41 43 27 44 40 46 29 26 29 26 42 34 29 32 26 39 25 35 30 29 27 29
internal_value=0.000888651 -0.0305826 -0.0604661 0.0289736 -0.120092 -0.0734666 -0.112606 -0.183483 -0.0177468 0.00752038 -0.234991 -0.164782 0.0509459 -0.187435 -0.0694207 0.0563719 0.156189 0.197457 0.117695 -0.255179 -0.119998 -0.156215 -0.0155238 -0.115115 0.14146
internal_weight=841 812 700 280 420 242 215 178 239 206 138 163 52 95 80 126 112 80 68 54 109 74 58 53 55
internal_count=841 812 700 280 420 242 215 178 239 206 138 163 52 95 80 126 112 80 68 54 109 74 58 53 55
is_linear=0
shrinkage=0.04


Tree=21
num_leaves=24
num_cat=0
split_feature=2 9 9 4 9 0 4 9 4 0 4 7 9 0 5 4 4 0 4 0 4 4 5
split_gain=13434 2610.48 2150.25 2052.14 645.403 690.494 1299.49 890.578 558.662 548.638 517.523 491.689 428.133 295.002 261.809 251.018 220.264 265.862 175.804 148.06 142.764 121.206 116.942
threshold=-2.9592882694284057 1.2611108650069494 -0.55305561176639195 1.0216665933461864 0.6563887060825021 0.74913504757291582 -0.62268572815407175 0.3876233021160812 -0.90283464218744902 -1.2485584126215259 0.071596363146036998 -1.1992766638071075 -0.082716154825155472 1.0000000180025095e-35 -0.25066273765626779 0.083776750712705572 0.15685907611271704 1.0000000180025095e-35 -0.59832495302073463 1.0000000180025095e-35 -0.22073293845400885 -0.31817603898735741 0.67499283280135014
decision_type=2 2 2 2 2 2 2 2 2 2 2 2 2 2 2 2 2 2 2 2 2 2 2
left_child=-1 2 3 9 5 7 -7 8 -4 -2 14 15 21 22 -6 -11 -3 -18 -14 -12 -15 -10 -13
right_child=1 16 4 -5 10 6 -8 -9 12 11 19 13 18 20 -16 -17 17 -19 -20 -21 -22 -23 -24
leaf_value=0.84680037909540629 -0.16845597415259392 0.23144534395800698 -0.035560066852163764 0.28926605353995066 -0.18396842396093738 -0.13654008087358976 0.2012775628566742 0.073040636561133646 -0.17279924047705919 -0.12970701560061029 -0.047198248943861792 0.046987262594288794 -0.34880445315920072 0.047757088502248135 -0.33651978201336336 0.014223146872086959 0.050916829186937081 0.20397455486655236 -0.20556244850158692 -0.16613613959514734 0.16448405450896214 -0.066035805278354232 -0.066608314267520244
leaf_weight=29 33 36 47 41 36 38 35 33 46 47 34 29 29 30 36 33 46 30 26 33 38 27 29
leaf_count=29 33 36 47 41 36 38 35 33 46 47 34 29 29 30 36 33 46 30 26 33 38 27 29
internal_value=0.000853106 -0.0293593 -0.0580474 0.0278146 -0.115289 -0.0804145 0.0254273 -0.117561 -0.153503 -0.0170369 -0.18579 0.00721956 -0.19681 0.0564611 -0.260244 -0.0703358 0.149941 0.111334 -0.28109 -0.10578 0.112987 -0.133311 -0.00981053
internal_weight=841 812 700 280 420 281 73 208 175 239 139 206 128 126 72 80 112 76 55 67 68 73 58
internal_count=841 812 700 280 420 281 73 208 175 239 139 206 128 126 72 80 112 76 55 67 68 73 58
is_linear=0
shrinkage=0.04


Tree=22
num_leaves=25
num_cat=0
split_feature=2 9 9 4 6 6 9 9 0 7 6 6 6 7 0 0 6 4 0 6 4 4 6 0
split_gain=12380.8 2405.82 1981.67 1891.25 716.995 1710.22 669.095 520.813 505.625 453.141 323.446 356.027 321.918 275.206 539.817 425.993 272.266 301.503 271.874 240.883 231.339 228.967 193.999 112.101
threshold=-2.9592882694284057 1.2611108650069494 -0.55305561176639195 1.0216665933461864 0.18881675943583826 1.0000000180025095e-35 -0.35148155879157633 1.0000000180025095e-35 -1.2485584126215259 -1.1992766638071075 0.98464209942862591 0.64357409657457409 -0.72069791484163315 0.55861543405600889 1.0000000180025095e-35 1.0000000180025095e-35 0.87095276514394182 0.083776750712705572 1.0000000180025095e-35 -0.60700858055694906 0.083776750712705572 -0.73230921625408896 -0.26594057770289742 -1.0000000180025095e-35
decision_type=2 2 2 2 2 2 2 2 2 2 2 2 2 2 2 2 2 2 2 2 2 2 2 2
left_child=-1 2 3 8 5 7 -6 12 -2 20 11 -8 -4 14 -9 -15 17 -3 22 -20 -10 -12 -11 -19
right_child=1 16 4 -5 6 -7 10 13 9 18 21 -13 -14 15 -16 -17 -18 23 19 -21 -22 -23 -24 -25
leaf_value=0.8129283518626772 -0.16171773065220227 0.29856631231307984 -0.28434193940723645 0.27769540048227082 0.0078827253196920664 0.23421077262472223 -0.1961959855971129 -0.098513596668839465 -0.12451873345577971 -0.082573357614977611 -0.067909299496448403 -0.37710472609315604 -0.099340036268587464 -0.026927337169647219 0.13048275743212018 -0.20517017579660185 0.045334453135728835 0.070722749072771804 0.19577297424447948 0.043547851428007468 0.013654221549178615 -0.20798474438661754 0.063737147183253851 0.18510530342315806
leaf_weight=29 33 25 34 41 28 27 46 40 47 29 33 28 27 45 28 41 32 26 29 39 33 43 29 29
leaf_count=29 33 25 34 41 28 27 46 40 47 29 33 28 27 45 28 41 32 26 29 39 33 43 29 29
internal_value=0.000818981 -0.0281849 -0.0557255 0.026702 -0.110677 -0.0658548 -0.171616 -0.103537 -0.0163554 0.00693078 -0.205122 -0.264648 -0.202456 -0.0643554 -0.00422098 -0.111904 0.143944 0.183388 0.0542026 0.108467 -0.0675224 -0.147163 -0.00941811 0.131034
internal_weight=841 812 700 280 420 242 178 215 239 206 150 74 61 154 68 86 112 80 126 68 80 76 58 55
internal_count=841 812 700 280 420 242 178 215 239 206 150 74 61 154 68 86 112 80 126 68 80 76 58 55
is_linear=0
shrinkage=0.04


Tree=23
num_leaves=26
num_cat=0
split_feature=2 9 9 4 6 6 5 5 0 9 9 9 4 5 4 0 6 4 6 9 4 9 6 9 0
split_gain=11410.1 2217.2 1826.31 1742.97 660.783 1576.14 1035.71 850.888 465.984 393.419 377.611 370.258 365.028 349.953 314.833 272.451 250.921 277.866 221.998 185.714 178.672 296.068 154.992 152.042 103.312
threshold=-2.9592882694284057 1.2611108650069494 -0.55305561176639195 1.0216665933461864 0.18881675943583826 1.0000000180025095e-35 -0.25066273765626779 1.1378206180301593 -1.2485584126215259 0.18604924914126547 -1.2249691216824441 0.32043195112447598 -0.61050534058740313 0.67499283280135014 0.083776750712705572 1.0000000180025095e-35 0.87095276514394182 0.083776750712705572 -0.60700858055694906 -0.28429020779997111 0.071596363146036998 0.3876233021160812 -0.26594057770289742 0.72358005707410744 -1.0000000180025095e-35
decision_type=2 2 2 2 2 2 2 2 2 2 2 2 2 2 2 2 2 2 2 2 2 2 2 2 2
left_child=-1 2 3 8 5 6 11 9 -2 -6 14 -4 23 20 -10 22 17 -3 -17 -15 21 -8 -12 -11 -19
right_child=1 16 4 -5 7 -7 13 -9 10 12 15 -13 -14 19 -16 18 -18 24 -20 -21 -22 -23 -24 -25 -26
leaf_value=0.78041122429201315 -0.15524902443091074 0.28662366027832031 0.1627760735841898 0.26658759012454897 -0.31222193970236667 0.22484231724783224 -0.076884832720864896 -0.0023100177496671675 -0.12953270440516265 -0.027558748355278603 -0.079270416621504164 -0.050695678637577936 -0.25447659943696288 -0.16337847051949336 0.030986517247031716 0.18794205349067164 0.043521071374416354 0.067893839833828115 0.041805936923393842 -0.31214660797119143 -0.033264212233679633 -0.23984628761544205 0.051506397395298401 -0.1630811204733672 0.17770109161734582
leaf_weight=29 33 25 26 41 43 27 44 40 46 26 29 26 42 29 34 29 32 26 39 25 35 30 29 27 29
leaf_count=29 33 25 26 41 43 27 44 40 46 26 29 26 42 29 34 29 32 26 39 25 35 30 29 27 29
internal_value=0.000786221 -0.0270575 -0.0534965 0.0256339 -0.10625 -0.0632206 -0.0993959 -0.164751 -0.0157012 -0.211835 0.00665355 0.0560402 -0.166397 -0.148983 -0.061312 0.0498063 0.138186 0.176052 0.104129 -0.232253 -0.10773 -0.14295 -0.013882 -0.0965984 0.125792
internal_weight=841 812 700 280 420 242 215 178 239 138 206 52 95 163 80 126 112 80 68 54 109 74 58 53 55
internal_count=841 812 700 280 420 242 215 178 239 138 206 52 95 163 80 126 112 80 68 54 109 74 58 53 55
is_linear=0
shrinkage=0.04


Tree=24
num_leaves=27
num_cat=0
split_feature=3 7 7 8 6 9 7 9 7 9 9 5 7 6 6 9 6 0 7 6 9 9 7 0 6 6
split_gain=6646.04 2092.15 1670.46 809.602 2209.77 3141.84 6545.15 1009.18 835.473 794.638 1143.35 588.775 237.467 228.464 221.543 220.547 179.65 159.28 218.877 154.519 129.554 109.631 91.3475 81.6988 73.6498 0.230044
threshold=1.0000000180025095e-35 1.4375614829875671 -0.61331263118606871 -0.63134183865453442 0.52988476228989012 1.0000000180025095e-35 0.55861543405600889 1.2611108650069494 1.0000000180025095e-35 -1.2249691216824441 -1.0905864196992339 -0.71349052288507664 -0.90629464749658817 -0.83438724912631701 -0.60700858055694906 0.79077140806571256 0.30250609372052223 -1.0000000180025095e-35 0.55861543405600889 -0.72069791484163315 0.3876233021160812 -0.35148155879157633 0.26563341774548938 -1.0000000180025095e-35 -0.26594057770289742 0.30250609372052223
decision_type=2 2 2 2 2 2 2 2 2 2 2 2 2 2 2 2 2 2 2 2 2 2 2 2 2 2
left_child=1 2 9 4 5 -4 -7 8 19 11 -11 14 -12 -10 -1 -2 -16 18 -15 -5 -19 -21 -6 -3 -14 -22
right_child=15 23 3 7 22 6 -8 -9 13 10 12 -13 24 17 16 -17 -18 20 -20 21 25 -23 -24 -25 -26 -27
leaf_value=-0.085965780946943501 0.50702562433022724 0.13192097511784784 -0.21848207119438384 -0.14126268271742196 -0.28392418781916301 0.68667424011230471 -0.099197151706768918 0.086481289943059286 -0.12790750217510433 0.32219852585217046 -0.041485152419068312 -0.18835885807871819 0.041780672362356476 -0.10834246791642288 0.13455889143943786 0.34785711097717281 -0.0014863425347863175 -0.34840943565368654 -0.26513300623212543 0.027912729382514954 -0.23451274909973144 -0.07478242287269006 -0.17887865657989796 0.22057347465784122 0.12628985444704691 -0.23988670129042405
leaf_weight=27 26 29 36 29 27 30 39 30 41 29 38 32 33 29 25 30 41 25 28 29 25 39 26 39 33 26
leaf_count=27 26 29 36 29 27 30 39 30 41 29 38 32 33 29 25 30 41 25 28 29 25 39 26 39 33 26
internal_value=0.000754773 -0.0292785 -0.0493887 -0.095163 -0.0218393 0.0844398 0.242486 -0.133652 -0.158021 0.032047 0.100103 -0.0403642 0.038172 -0.21046 0.0105587 0.421757 0.0500459 -0.235908 -0.185362 -0.0639553 -0.273817 -0.030986 -0.232392 0.182766 0.0840353 -0.237252
internal_weight=841 785 717 459 158 105 69 301 271 258 133 125 104 174 93 56 66 133 57 97 76 68 53 68 66 51
internal_count=841 785 717 459 158 105 69 301 271 258 133 125 104 174 93 56 66 133 57 97 76 68 53 68 66 51
is_linear=0
shrinkage=0.04


Tree=25
num_leaves=26
num_cat=0
split_feature=2 9 0 8 9 0 8 9 9 6 9 6 0 9 6 8 9 0 6 0 6 8 7 6 6
split_gain=12626.4 3486.22 1299.77 1239.63 1141.84 1355.83 1000.32 850.337 675.634 654.331 1572.09 620.597 940.288 595.348 591.788 499.643 459.306 616.568 380.663 384.023 303.219 295.069 121 77.349 64.9505
threshold=-2.9592882694284057 1.1267281630237389 0.74913504757291582 1.0000000180025095e-35 0.45481465310768643 1.2485584126215263 -0.63134183865453442 -0.6874383137496024 -0.55305561176639195 -0.83438724912631701 -1.157777770690839 0.87095276514394182 0.74913504757291582 0.32043195112447598 0.52988476228989012 -0.63134183865453442 0.051666547158054986 1.0000000180025095e-35 0.75726343085925796 -0.7491350475729156 -0.37962991198758139 1.0000000180025095e-35 0.85159745036652823 0.18881675943583826 0.52988476228989012
decision_type=2 2 2 2 2 2 2 2 2 2 2 2 2 2 2 2 2 2 2 2 2 2 2 2 2
left_child=-1 2 7 11 5 6 -4 9 -8 10 -2 12 20 16 -7 -15 17 18 19 -9 -3 24 23 -17 -11
right_child=1 3 4 -5 -6 14 8 13 -10 21 -12 -13 -14 15 -16 22 -18 -19 -20 -21 -22 -23 -24 -25 -26
leaf_value=0.74274027943611143 -0.08952903125021193 0.31031968800723553 0.39812792129516605 0.3271320479247305 -0.15927611380088622 -0.1529185597896576 0.21636958180051863 -0.34226671229709277 -0.056275791021493771 -0.14921087643679451 0.32336912307739257 -0.088828038462886102 -0.071362548971176151 0.044038463547116234 0.086847968867846903 -0.21216705971360206 -0.28649034466062273 0.023547521041972296 -0.086574984349702538 -0.15071791024769055 0.12368816828498475 0.0068828530778939079 -0.058139234610966276 -0.11615732932912894 -0.081125049605965616
leaf_weight=36 36 30 25 45 41 40 33 33 26 51 25 27 25 42 28 25 49 28 38 34 26 44 28 29 40
leaf_count=36 36 30 25 45 41 40 33 33 26 51 25 27 25 42 28 25 49 28 38 34 26 44 28 29 40
internal_value=0.00903626 -0.0221116 -0.0601649 0.150745 0.0280565 0.078587 0.186074 -0.0940827 0.0962208 -0.0290343 0.0796915 0.0772506 0.13261 -0.135748 -0.0541912 -0.0681534 -0.181801 -0.143231 -0.187705 -0.245063 0.223669 -0.0781623 -0.125618 -0.160606 -0.119283
internal_weight=884 848 695 153 193 152 84 502 59 196 61 108 81 306 68 124 182 133 105 67 56 135 82 54 91
internal_count=884 848 695 153 193 152 84 502 59 196 61 108 81 306 68 124 182 133 105 67 56 135 82 54 91
is_linear=0
shrinkage=0.04


Tree=26
num_leaves=26
num_cat=0
split_feature=3 4 9 5 4 9 1 7 9 9 8 6 4 6 7 4 4 5 4 6 4 5 9 4 6
split_gain=7855.58 4028.29 2332.04 1771.79 1166.7 1088.61 1631.79 1024.63 853.015 784.564 615.239 500.751 395.106 547.643 314.941 734.675 332.209 323.038 297.553 307.966 246.757 236.573 184.206 234.175 128.18
threshold=1.0000000180025095e-35 1.0216665933461864 1.193919514015344 1.0000000180025095e-35 0.1324983009793799 0.45481465310768643 1.0000000180025095e-35 0.26563341774548938 1.0000000180025095e-35 0.051666547158054986 -0.63134183865453442 0.41619542800520609 1.904744691929658 0.18881675943583826 -0.61331263118606871 -0.73230921625408896 -0.45216030222071174 0.67499283280135014 0.64407457877946017 0.075127425151154323 -0.40343875195403744 -0.71349052288507664 0.85796275905731789 -0.74448960382075746 -0.26594057770289742
decision_type=2 2 2 2 2 2 2 2 2 2 2 2 2 2 2 2 2 2 2 2 2 2 2 2 2
left_child=1 2 5 12 -2 6 7 9 10 14 -8 -12 13 -3 16 -16 24 21 19 -4 -17 -18 23 -7 -1
right_child=4 3 18 -5 -6 22 8 -9 -10 -11 11 -13 -14 -15 15 20 17 -19 -20 -21 -22 -23 -24 -25 -26
leaf_value=-0.08791302690505981 0.2367378074645996 -0.090745160682448034 0.14996867407497486 0.43357861056047325 0.59243687550226842 -0.23791701146534511 -0.13525769769339949 0.10936008672560416 0.23232774168252945 -0.29959774274092454 -0.019020399325423772 0.19412762937874628 0.2085193210647952 0.15726416949714933 -0.0076100232866075307 -0.30482174961907521 0.0077215430140495306 0.094577175140380859 0.23679630958371692 -0.024869718838621071 -0.16388488306299501 -0.12854264270752036 -0.26779956555948026 -0.096240769058465972 -0.21252480374915259
leaf_weight=25 25 29 40 34 36 35 37 31 32 39 45 29 31 28 36 35 36 25 27 27 46 47 41 40 28
leaf_count=25 25 29 40 34 36 35 37 31 32 39 45 29 31 28 36 35 36 25 27 27 46 47 41 40 28
internal_value=0.00867481 -0.0237881 -0.0607064 0.188341 0.446659 -0.0894168 -0.0633798 -0.110124 0.0503758 -0.131588 -0.00207884 0.0645106 0.0935896 0.031084 -0.108018 -0.157961 -0.0717243 -0.0314731 0.124689 0.0795114 -0.224784 -0.0694401 -0.199625 -0.162356 -0.153746
internal_weight=884 823 701 122 61 607 491 348 143 317 111 74 88 57 278 117 161 108 94 67 81 83 116 75 53
internal_count=884 823 701 122 61 607 491 348 143 317 111 74 88 57 278 117 161 108 94 67 81 83 116 75 53
is_linear=0
shrinkage=0.04


Tree=27
num_leaves=26
num_cat=0
split_feature=3 4 9 5 4 9 1 7 9 9 8 6 4 6 7 4 4 5 4 6 4 5 1 4 6
split_gain=7239.7 3712.47 2149.2 1632.88 1075.23 1003.27 1503.85 944.302 786.138 723.055 567.004 461.492 364.13 504.707 290.25 677.077 306.164 297.712 274.225 283.821 227.412 218.026 182.576 129.002 118.131
threshold=1.0000000180025095e-35 1.0216665933461864 1.193919514015344 1.0000000180025095e-35 0.1324983009793799 0.45481465310768643 1.0000000180025095e-35 0.26563341774548938 1.0000000180025095e-35 0.051666547158054986 -0.63134183865453442 0.41619542800520609 1.904744691929658 0.18881675943583826 -0.61331263118606871 -0.73230921625408896 -0.45216030222071174 0.67499283280135014 0.64407457877946017 0.075127425151154323 -0.40343875195403744 -0.71349052288507664 1.0000000180025095e-35 -0.43997991465404318 -0.26594057770289742
decision_type=2 2 2 2 2 2 2 2 2 2 2 2 2 2 2 2 2 2 2 2 2 2 2 2 2
left_child=1 2 5 12 -2 6 7 9 10 14 -8 -12 13 -3 16 -16 24 21 19 -4 -17 -18 23 -7 -1
right_child=4 3 18 -5 -6 22 8 -9 -10 -11 11 -13 -14 -15 15 20 17 -19 -20 -21 -22 -23 -24 -25 -26
leaf_value=-0.084396510839462272 0.22726830711364746 -0.087115355442310208 0.14396992745995524 0.4162354664241566 0.5687394052081638 -0.11841160411636034 -0.12984739010398452 0.10498568386800829 0.22303464614786209 -0.287613834081552 -0.018259583665264978 0.18636252304603315 0.20017854857829309 0.15097360530069895 -0.0073056224319669938 -0.29262887982811248 0.0074126796921094263 0.090794087028503431 0.22732445893464268 -0.023874928730505483 -0.15732948573387187 -0.1234009381938488 -0.27660539303223292 -0.21706128917242354 -0.20402381198746816
leaf_weight=25 25 29 40 34 36 48 37 31 32 39 45 29 31 28 36 35 36 25 27 27 46 47 30 38 28
leaf_count=25 25 29 40 34 36 48 37 31 32 39 45 29 31 28 36 35 36 25 27 27 46 47 30 38 28
internal_value=0.00832782 -0.0228366 -0.0582782 0.180807 0.428792 -0.0858401 -0.0608446 -0.105719 0.0483607 -0.126324 -0.00199569 0.0619302 0.089846 0.0298406 -0.103697 -0.151642 -0.0688554 -0.0302142 0.119701 0.076331 -0.215792 -0.0666625 -0.19164 -0.162001 -0.147596
internal_weight=884 823 701 122 61 607 491 348 143 317 111 74 88 57 278 117 161 108 94 67 81 83 116 86 53
internal_count=884 823 701 122 61 607 491 348 143 317 111 74 88 57 278 117 161 108 94 67 81 83 116 86 53
is_linear=0
shrinkage=0.04


Tree=28
num_leaves=25
num_cat=0
split_feature=2 9 9 0 0 9 9 9 5 0 6 5 5 0 6 9 0 5 0 6 6 0 9 5
split_gain=10486.9 2805.47 1042.06 601.634 494.662 611.513 1047.69 546.527 929.176 486.446 415.572 905.884 354.937 648.942 595.637 302.082 389.302 324.002 264.562 241.47 180.839 139.812 98.0287 87.1762
threshold=-2.9592882694284057 1.1267281630237389 -0.55305561176639195 0.74913504757291582 0.74913504757291582 0.45481465310768643 1.0000000180025095e-35 0.32043195112447598 -0.25066273765626779 1.2485584126215263 -0.83438724912631701 -0.25066273765626779 -0.25066273765626779 1.0000000180025095e-35 0.87095276514394182 0.051666547158054986 -0.7491350475729156 1.1378206180301593 -1.0000000180025095e-35 0.64357409657457409 -0.49331924627226525 -0.7491350475729156 -1.2921604726740494 1.0000000180025095e-35
decision_type=2 2 2 2 2 2 2 2 2 2 2 2 2 2 2 2 2 2 2 2 2 2 2 2
left_child=-1 2 3 10 7 6 -6 15 -9 -5 11 -2 14 -14 20 16 -4 -18 -10 21 -3 -12 -23 -21
right_child=1 12 4 9 5 -7 -8 8 18 -11 19 -13 13 -15 -16 -17 17 -19 -20 23 -22 22 -24 -25
leaf_value=0.676653868092431 -0.11704215864981375 0.076914663956715507 -0.2349682807631609 0.18438387437300249 -0.094702302041726236 -0.14953976777291333 0.21411325832828879 0.084317213879390188 -0.0803800833904081 -0.012401421408395509 -0.047375281095504762 0.16950081174693454 0.31283988836956655 0.070378085862506518 -0.075884420518521914 -0.25808559408905557 0.025217180741684778 -0.15410528741384807 -0.2270119857788086 -0.055378639424169387 0.22219331664001121 -0.20684025811297552 -0.097865618646144875 0.036377454280853268
leaf_weight=36 31 26 41 44 39 41 32 44 45 37 30 41 38 33 27 49 28 38 35 37 29 28 25 30
leaf_count=36 31 26 41 44 39 41 32 44 45 37 30 41 38 33 27 49 28 38 35 37 29 28 25 30
internal_value=0.0079947 -0.0203918 -0.0545282 0.00118202 -0.09759 -0.0265437 0.0444822 -0.126008 -0.0633271 0.0944943 -0.0328644 0.0461281 0.134673 0.200146 0.0779818 -0.175832 -0.138165 -0.0780291 -0.144532 -0.0707807 0.153516 -0.116379 -0.155437 -0.0142938
internal_weight=884 848 695 303 392 112 71 280 124 81 222 72 153 71 82 156 107 66 80 150 55 83 53 67
internal_count=884 848 695 303 392 112 71 280 124 81 222 72 153 71 82 156 107 66 80 150 55 83 53 67
is_linear=0
shrinkage=0.04


Tree=29
num_leaves=28
num_cat=0
split_feature=2 4 9 4 4 9 0 8 9 0 0 9 0 7 9 4 9 4 9 9 9 7 4 0 4 9 4
split_gain=9664.76 2970.02 1490.01 770.57 865.593 734.178 1299.05 909.368 1326.18 520.765 461.641 1461.11 722.3 413.314 406.957 353.116 302.95 1211.24 930.703 178.509 286.036 377.262 399.091 159.586 137.679 37.504 4.36527
threshold=-2.9592882694284057 0.765878454446146 1.193919514015344 -0.97591696758746049 -0.90283464218744902 -1.2249691216824441 -0.7491350475729156 -0.63134183865453442 1.1267281630237389 -0.7491350475729156 0.74913504757291582 0.11885789814966023 1.2485584126215263 -0.61331263118606871 -0.28429020779997111 1.3931684141295777 0.32043195112447598 -0.52524262762072316 -0.082716154825155472 -1.3593518236656548 -1.0233950687076285 -0.61331263118606871 -0.18419177575400311 -0.7491350475729156 -0.025846737387311625 0.32043195112447598 -0.62268572815407175
decision_type=2 2 2 2 2 2 2 2 2 2 2 2 2 2 2 2 2 2 2 2 2 2 2 2 2 2 2
left_child=-1 2 3 14 -5 15 -7 -8 -9 -4 16 12 13 -12 -2 -3 18 -18 19 -6 -21 22 -22 -23 -11 -16 -20
right_child=1 5 9 4 10 6 7 8 -10 24 11 -13 -14 -15 25 -17 17 -19 26 20 21 23 -24 -25 -26 -27 -28
leaf_value=0.64958770169152158 -0.061000204004090411 -0.086810441613197328 0.25439977769851685 0.16563312049095447 0.002626924514770508 0.43899877408376109 -0.061252756389478843 0.0050841987133026121 0.39850528018227943 0.1054058829580362 0.066105704307556148 -0.21156237555713189 -0.04929893387312239 0.28400037270325884 -0.21357253712766311 0.1179045699422176 0.17101783593495687 -0.15859551424329932 -0.28156917934234327 -0.19197719352749679 -0.095301794496274767 -0.19774359676145739 0.10935177123546601 -0.081779384771171873 -0.017671016057332355 -0.27549249770312473 -0.25815957679748536
leaf_weight=36 29 28 25 26 35 26 30 26 29 26 30 41 44 26 34 26 30 44 26 39 31 31 30 49 33 29 25
leaf_count=36 29 28 25 26 35 26 30 26 29 26 30 41 44 26 34 26 30 44 26 39 31 31 30 49 33 29 25
internal_value=0.00767491 -0.0195761 -0.0563698 -0.0784941 -0.0591681 0.132728 0.191579 0.115897 0.212524 0.101398 -0.0713195 -0.0104683 0.0719803 0.167271 -0.184997 0.011756 -0.0965549 -0.0249685 -0.11647 -0.0800289 -0.0961009 -0.0695819 0.0053475 -0.126716 0.0365663 -0.242075 -0.270094
internal_weight=884 848 683 599 507 165 111 85 55 84 481 141 100 56 92 54 340 74 266 215 180 141 61 80 59 63 51
internal_count=884 848 683 599 507 165 111 85 55 84 481 141 100 56 92 54 340 74 266 215 180 141 61 80 59 63 51
is_linear=0
shrinkage=0.04


Tree=30
num_leaves=26
num_cat=0
split_feature=2 4 6 9 6 4 9 4 8 6 4 7 4 6 8 4 4 4 9 4 7 8 4 6 4
split_gain=6776.93 2534.33 1256.87 920.59 670.876 1222.45 782.507 626.999 877.862 1245.22 1605 871.856 835.682 436.583 478.056 423.514 422.826 346.561 366.41 299.216 222.776 130.843 118.814 105.515 70.9533
threshold=-2.9592882694284057 0.60144322229612024 1.3257101022826776 1.193919514015344 -0.83438724912631701 1.106929306312866 1.3283022159985547 -0.96373658002079188 -0.63134183865453442 0.87095276514394182 -0.57396417788739751 -0.32033061487554942 -0.15983100062066594 -0.15225124341821353 1.0000000180025095e-35 -1.0733600681208089 1.0216665933461864 -0.26945448872068306 -0.62024696275799729 -0.63486611572074036 0.26563341774548938 1.0000000180025095e-35 -0.086748675220654506 -0.37962991198758139 1.4784311270962578
decision_type=2 2 2 2 2 2 2 2 2 2 2 2 2 2 2 2 2 2 2 2 2 2 2 2 2
left_child=-1 3 4 7 5 -3 16 15 9 10 -9 -12 17 -14 -15 23 -6 18 -10 20 -20 -21 -5 -2 -18
right_child=1 2 -4 22 6 -7 -8 8 12 -11 11 -13 13 14 -16 -17 24 -19 19 21 -22 -23 -24 -25 -26
leaf_value=0.57754760399460792 -0.044919347763061522 0.39126818141937258 0.36302222128267647 0.14634080939491589 -0.16487786494195461 0.012540616353352865 0.17693185224252589 0.29529387130969909 -0.020095392100665035 -0.16201804469271405 0.10466906937157236 -0.17392820192500949 -0.091815047714445333 -0.042854196707407637 0.17940492972731589 -0.29718543723777491 -0.027502764284610751 -0.26754559870119449 -0.16043070704509052 -0.26738993406295775 -0.024343939329448498 -0.1546980171694475 0.03855699350436529 -0.14701248368491299 0.066876077629052677
leaf_weight=32 25 25 27 30 32 30 34 41 49 41 41 32 45 30 32 27 25 27 39 32 38 34 36 46 26
leaf_count=32 25 25 27 30 32 30 34 41 49 41 41 32 45 30 32 27 25 27 39 32 38 34 36 46 26
internal_value=0.00617325 -0.0154902 0.109298 -0.0539908 0.0694693 0.18469 0.015306 -0.070125 -0.0513364 0.0270325 0.0950244 -0.0174558 -0.0885976 0.00302481 0.0718602 -0.162342 -0.0509022 -0.133363 -0.114493 -0.14684 -0.093271 -0.209337 0.0875496 -0.111064 0.0206119
internal_weight=876 844 199 645 172 55 117 579 481 155 114 73 326 107 62 98 83 219 192 143 77 66 66 71 51
internal_count=876 844 199 645 172 55 117 579 481 155 114 73 326 107 62 98 83 219 192 143 77 66 66 71 51
is_linear=0
shrinkage=0.04


Tree=31
num_leaves=26
num_cat=0
split_feature=2 4 9 5 0 0 9 9 4 9 9 9 8 9 4 4 4 0 0 4 9 4 4 9 0
split_gain=6245.62 2382.64 2020.68 725.225 697.762 610.062 812.511 2255.45 908.193 565.943 367.463 995.807 397.001 369.431 656.188 301.934 282.149 632.42 242.709 335.084 211.759 189.918 188.102 148.162 115.52
threshold=-2.9592882694284057 1.0216665933461864 1.193919514015344 1.0000000180025095e-35 0.74913504757291582 0.74913504757291582 0.52200600409929165 1.0000000180025095e-35 -0.40343875195403744 -1.0905864196992339 -1.157777770690839 -0.62024696275799729 1.0000000180025095e-35 0.3876233021160812 -0.58614456545406601 -0.31817603898735741 -0.50088185248738604 -1.0000000180025095e-35 -0.7491350475729156 0.5709922533794487 -1.4265431746572599 1.338356670079569 -0.75666999138742608 -0.082716154825155472 -1.0000000180025095e-35
decision_type=2 2 2 2 2 2 2 2 2 2 2 2 2 2 2 2 2 2 2 2 2 2 2 2 2
left_child=-1 2 5 4 21 10 7 8 -7 -10 20 16 13 15 -15 22 -12 -18 -4 -20 -2 -3 -13 -14 -25
right_child=1 3 18 -5 -6 6 -8 -9 9 -11 11 12 23 14 -16 -17 17 -19 19 -21 -22 -23 -24 24 -26
leaf_value=0.55444569885730743 -0.11407145873705547 -0.067543233621578949 0.22843895218990468 0.30238463572093421 0.26516170878410339 -0.19511686059561645 -0.19250941026595331 0.31847336958436406 -0.11453268508911134 0.12379501353610646 -0.066473836129711514 -0.10079925534573007 -0.10887236605672275 0.11685359835624695 -0.14215008258819581 -0.011140718450148902 0.19500662258693152 -0.057585554492884675 0.023479324799516928 0.20541462669372559 -0.26702339768409727 0.074330170220798908 -0.21458049442457117 -0.16793555470400079 -0.27020726633071901
leaf_weight=32 30 26 27 35 25 44 31 34 25 44 31 47 34 34 29 30 35 29 46 25 28 36 46 43 30
leaf_count=32 30 26 27 35 25 44 31 34 25 44 31 47 34 34 29 30 35 29 46 25 28 36 46 43 30
internal_value=0.00592632 -0.0148706 -0.0424973 0.148625 0.0867679 -0.0690166 -0.0064111 0.0328341 -0.0531104 0.0374444 -0.0940026 -0.0799649 -0.116454 -0.0811388 -0.00237032 -0.121484 0.0325743 0.0805508 0.12636 0.0875411 -0.18791 0.0148349 -0.157078 -0.177842 -0.209965
internal_weight=876 844 722 122 87 624 178 147 113 69 446 388 293 186 63 123 95 64 98 71 58 62 93 107 73
internal_count=876 844 722 122 87 624 178 147 113 69 446 388 293 186 63 123 95 64 98 71 58 62 93 107 73
is_linear=0
shrinkage=0.04


Tree=32
num_leaves=27
num_cat=0
split_feature=2 4 7 6 7 1 7 7 4 7 7 8 4 7 6 4 6 4 4 4 7 6 6 6 4 8
split_gain=5755.96 2195.84 1732.31 815.555 723.116 617.665 638.529 1460.22 692.919 513.925 838.016 373.518 345.332 294.987 280.907 279.592 517.848 276.131 178.811 359.409 464.98 174.744 267.126 154.015 129.961 118.049
threshold=-2.9592882694284057 1.0216665933461864 1.1445794666770477 0.98464209942862591 -0.90629464749658817 1.0000000180025095e-35 0.55861543405600889 1.0000000180025095e-35 -0.22073293845400885 -1.1992766638071075 -0.61331263118606871 1.0000000180025095e-35 1.6672271343796206 -0.61331263118606871 0.18881675943583826 -0.50088185248738604 -0.15225124341821353 0.60144322229612024 -0.062387900087317351 -0.45216030222071174 0.26563341774548938 -0.26594057770289742 0.75726343085925796 -0.49331924627226525 0.15685907611271704 -0.63134183865453442
decision_type=2 2 2 2 2 2 2 2 2 2 2 2 2 2 2 2 2 2 2 2 2 2 2 2 2 2
left_child=-1 2 5 4 -3 9 7 8 13 14 15 18 -6 -7 -2 -11 -17 23 19 20 25 -13 -23 -4 -10 -12
right_child=1 3 17 -5 12 6 -8 -9 24 10 11 21 -14 -15 -16 16 -18 -19 -20 -21 -22 22 -24 -25 -26 -27
leaf_value=0.53226786330342291 -0.11984414833563346 0.22925251058630042 -0.0080902299064177056 0.34639487954676151 -0.076690592629568913 -0.051553832718304229 -0.1743972347214304 0.24848432210148186 0.12052008999718559 -0.067614814349583219 -0.18135858684778214 -0.23102712270888415 0.11795729751586914 -0.23685665441883935 -0.30592060279846189 -0.066733740270137787 0.16257275936007498 0.207125968282873 0.017307998676385199 -0.20337405237886644 0.035642179494001426 -0.046758193224668503 -0.21437178348672803 0.1143599242397717 -0.0014295023885266534 -0.078283951699733734
leaf_weight=32 27 37 27 25 35 28 29 37 27 35 32 44 25 27 25 26 40 33 28 36 49 32 29 42 29 40
leaf_count=32 27 37 27 25 35 28 29 37 27 35 32 44 25 27 25 26 40 33 28 36 49 32 29 42 29 40
internal_value=0.00568927 -0.0142758 -0.0407974 0.14268 0.0901763 -0.0659284 -0.00276638 0.030864 -0.0416761 -0.0911646 -0.075453 -0.110012 0.00441269 -0.142521 -0.209304 0.0237754 0.0722399 0.111959 -0.0758119 -0.0924193 -0.059408 -0.170269 -0.126443 0.0664446 0.0573676 -0.124095
internal_weight=876 844 722 122 97 620 177 148 111 443 391 290 60 55 52 101 66 102 185 157 121 105 61 69 56 72
internal_count=876 844 722 122 97 620 177 148 111 443 391 290 60 55 52 101 66 102 185 157 121 105 61 69 56 72
is_linear=0
shrinkage=0.04


Tree=33
num_leaves=26
num_cat=0
split_feature=2 9 8 6 8 6 6 9 9 1 5 6 7 6 5 9 6 6 9 6 6 8 8 9 8
split_gain=5304.7 1928.85 836.284 1251.52 776.252 1769.1 1365.29 1039.89 524.278 490.623 640.922 474.108 694.362 375.89 357.177 591.59 698.494 319.23 271.332 281.35 268.376 406.472 232.65 210.501 157.003
threshold=-2.9592882694284057 1.1267281630237389 1.0000000180025095e-35 0.18881675943583826 -0.63134183865453442 0.18881675943583826 -0.15225124341821353 -0.082716154825155472 1.5298762689733703 1.0000000180025095e-35 -0.25066273765626779 1.3257101022826776 -0.32033061487554942 1.3257101022826776 1.1378206180301593 -1.157777770690839 -0.15225124341821353 1.0000000180025095e-35 0.25324060013287075 -0.94807658341100087 -0.26594057770289742 1.0000000180025095e-35 1.0000000180025095e-35 1.3283022159985547 1.0000000180025095e-35
decision_type=2 2 2 2 2 2 2 2 2 2 2 2 2 2 2 2 2 2 2 2 2 2 2 2 2
left_child=-1 4 8 -4 5 6 9 13 23 10 -2 12 -7 14 15 16 -6 -16 24 -20 -21 -22 -17 -3 -9
right_child=1 2 3 -5 7 11 -8 18 -10 -11 -12 -13 -14 -15 17 22 -18 -19 19 20 21 -23 -24 -25 -26
leaf_value=0.51097715079784389 -0.16155757867372952 0.054676480943506418 0.049507621014118194 0.4497504884719849 0.027667053161665449 0.059910264116961785 0.37374458260006377 -0.14789420931427569 0.17475247662408014 0.19881652226814858 0.091142708715938381 -0.25019908964633941 -0.18083363173736466 0.11428322931815839 -0.1797295106278563 0.13511617456873259 -0.20770663688057348 -0.020315251865902464 -0.0045469546020030982 -0.24945560693740845 -0.20471226378849575 -0.019121529532641898 0.0049047709547955058 -0.088194990374825227 -0.28193187532753777
leaf_weight=32 26 33 25 25 43 41 27 27 35 26 42 26 36 29 44 42 38 37 30 28 35 41 46 33 29
leaf_count=32 26 33 25 25 43 41 27 27 35 26 42 26 36 29 44 42 38 37 30 28 35 41 46 33 29
internal_value=0.0054617 -0.0137048 0.115839 0.249629 -0.0419315 0.0193257 0.12304 -0.0711886 0.0496062 0.051029 -0.00547799 -0.102513 -0.0526453 -0.0220366 -0.0378497 -0.00474953 -0.0827552 -0.106911 -0.143364 -0.112463 -0.143593 -0.104591 0.0670511 -0.0167593 -0.217307
internal_weight=876 844 151 50 693 224 121 469 101 94 68 103 77 279 250 169 81 81 190 134 104 76 88 66 56
internal_count=876 844 151 50 693 224 121 469 101 94 68 103 77 279 250 169 81 81 190 134 104 76 88 66 56
is_linear=0
shrinkage=0.04


Tree=34
num_leaves=27
num_cat=0
split_feature=2 4 9 6 9 9 7 4 8 9 6 9 4 6 4 4 4 7 4 6 4 9 4 4 4 7
split_gain=4888.81 2006.03 1610.57 737.924 758.836 550.23 656.177 809.554 881.387 1665.37 3330.47 1176.2 935.704 493.217 446.235 472.858 341.817 257.186 213.886 201.732 190.578 150.065 125.39 122.365 121.666 62.2278
threshold=-2.9592882694284057 1.0216665933461864 1.193919514015344 0.98464209942862591 0.85796275905731789 0.92515411004892301 -1.1992766638071075 -0.96373658002079188 -0.63134183865453442 1.0000000180025095e-35 0.18881675943583826 -0.62024696275799729 -0.35471720168736315 -0.26594057770289742 -0.18419177575400311 -0.63486611572074036 -1.1099012308208147 0.26563341774548938 -0.050207512520648777 -0.26594057770289742 0.60144322229612024 0.11885789814966023 1.502791902229595 -0.086748675220654506 -0.39125836438736888 -1.4922586801176267
decision_type=2 2 2 2 2 2 2 2 2 2 2 2 2 2 2 2 2 2 2 2 2 2 2 2 2 2
left_child=-1 2 5 4 -3 6 19 16 9 12 -11 13 -9 -10 15 17 21 -13 -15 -2 23 -8 -6 -4 -17 -21
right_child=1 3 20 -5 22 -7 7 8 11 10 -12 14 -14 18 -16 24 -18 -19 -20 25 -22 -23 -24 -25 -26 -27
leaf_value=0.49053807049989701 -0.066354705047607418 0.21767259615223583 0.13306752606232961 0.33063928267844023 -0.066563349674487932 -0.21626779835139001 -0.038833447558539257 -0.21088549700650303 -0.041001461255244724 0.50556529343128209 -0.11061143227219582 -0.14044991506980015 0.067001599847002227 0.067639435438009404 0.0065282353687854044 -0.17131623042126495 -0.26172114048685347 0.0078124241034189862 0.2315018575668335 -0.16392065418177637 0.19235384605824948 -0.16569909737660335 0.053222408471284094 0.023684986167483858 -0.27508579393913007 -0.2500358815193176
leaf_weight=32 25 41 30 25 29 35 35 33 39 32 25 39 47 26 42 48 28 36 25 29 32 26 27 36 29 25
leaf_count=32 25 41 30 25 29 35 35 33 39 32 25 39 47 26 42 48 28 36 25 29 32 26 27 36 29 25
internal_value=0.00524323 -0.0131566 -0.0385061 0.136863 0.08692 -0.0621817 -0.0530255 -0.0364089 -0.0132375 0.0700924 0.235312 -0.0534354 -0.0476268 0.0660791 -0.10888 -0.14077 -0.146017 -0.069284 0.147964 -0.160297 0.112245 -0.0929073 -0.0088095 0.0734043 -0.210398 -0.203789
internal_weight=876 844 722 122 97 624 589 510 421 137 57 284 80 90 194 152 89 75 51 79 98 61 56 66 77 54
internal_count=876 844 722 122 97 624 589 510 421 137 57 284 80 90 194 152 89 75 51 79 98 61 56 66 77 54
is_linear=0
shrinkage=0.04


Tree=35
num_leaves=25
num_cat=0
split_feature=2 4 7 4 9 7 0 9 9 6 6 8 4 9 9 8 4 0 6 7 0 0 4 6
split_gain=3311.88 1749.32 960.759 723.143 576.261 1000.45 771.974 568.571 471.698 845.702 1439.25 1923.35 682.326 389.848 297.906 268.693 243.134 261.84 227.776 221.243 199.933 147.184 120.685 57.5788
threshold=-1.6916913147484629 -0.34253681412069453 1.4375614829875671 1.6672271343796206 -0.48586426077478684 -1.1992766638071075 -0.7491350475729156 -0.82182101573281285 -0.75462966474120774 -0.60700858055694906 0.30250609372052223 -0.63134183865453442 -0.73230921625408896 -1.157777770690839 1.193919514015344 -0.63134183865453442 0.32738450204607711 -0.7491350475729156 -0.15225124341821353 0.26563341774548938 1.0000000180025095e-35 -1.0000000180025095e-35 -0.57396417788739751 1.0000000180025095e-35
decision_type=2 2 2 2 2 2 2 2 2 2 2 2 2 2 2 2 2 2 2 2 2 2 2 2
left_child=-1 8 3 4 5 21 -7 -8 13 15 11 -11 20 -2 16 -10 17 -6 -13 -17 -12 -3 -14 -4
right_child=1 2 23 -5 14 6 7 -9 9 10 12 18 22 -15 -16 19 -18 -19 -20 -21 -22 -23 -24 -25
leaf_value=0.36182419851848063 -0.09713824761048373 -0.1351034199885833 0.22197548189163208 0.15999919396180373 -0.16196488207784193 0.28579444443540913 -0.05064513357437176 0.16159587186243798 -0.32526904222688507 0.32329033336469104 -0.13244243697627731 -0.0040312748721667699 -0.31785036948419387 0.091733071733923519 0.0081647332336591636 -0.10462302865404072 -0.19037716813203764 -0.0071495321901007139 -0.1668611200650533 -0.25343807220458986 0.0016655788750484072 -0.029989867920571185 -0.19972849950790406 0.13845743798783847
leaf_weight=35 36 39 25 39 29 28 46 36 28 28 46 28 31 34 46 33 41 44 27 31 29 47 25 28
leaf_count=35 36 39 25 39 29 28 46 36 28 28 46 28 31 34 46 33 41 44 27 31 29 47 25 28
internal_value=-0.0192681 -0.0354553 0.0179379 -0.00351903 -0.0214325 0.0245483 0.104455 0.0425338 -0.0990727 -0.120501 -0.0769001 0.0534217 -0.15947 -0.00540075 -0.077759 -0.22192 -0.11243 -0.0686515 -0.0839659 -0.176705 -0.0805873 -0.0776576 -0.265117 0.177853
internal_weight=859 824 448 395 356 196 110 82 376 306 214 83 131 70 160 92 114 73 55 64 75 86 56 53
internal_count=859 824 448 395 356 196 110 82 376 306 214 83 131 70 160 92 114 73 55 64 75 86 56 53
is_linear=0
shrinkage=0.04


Tree=36
num_leaves=26
num_cat=0
split_feature=4 3 4 5 0 4 8 7 0 6 7 5 6 4 6 5 7 6 5 4 4 7 8 6 0
split_gain=2411.6 1488.49 777.548 1726.68 1246.25 571.39 775.08 446.717 293.815 762.097 788.964 428.809 398.747 414.509 370.176 303.291 722.89 345.019 291.881 283.592 261.226 426.512 236.907 229.793 89.5835
threshold=-0.14765061305399738 1.0000000180025095e-35 0.99730581821284892 1.0000000180025095e-35 -1.0000000180025095e-35 -0.050207512520648777 1.0000000180025095e-35 1.1445794666770477 0.74913504757291582 0.64357409657457409 1.0000000180025095e-35 -0.25066273765626779 -0.60700858055694906 -0.47652107735404886 1.0000000180025095e-35 1.0000000180025095e-35 0.26563341774548938 0.75726343085925796 1.0000000180025095e-35 -0.6714072784207461 0.5588118658127802 -0.61331263118606871 -0.63134183865453442 0.87095276514394182 -0.7491350475729156
decision_type=2 2 2 2 2 2 2 2 2 2 2 2 2 2 2 2 2 2 2 2 2 2 2 2 2
left_child=8 2 5 4 -4 -2 7 22 12 10 -10 -12 13 18 19 16 23 -18 -1 -14 21 -8 -7 -16 -17
right_child=1 -3 3 -5 -6 6 20 -9 9 -11 11 -13 14 -15 15 24 17 -19 -20 -21 -22 -23 -24 -25 -26
leaf_value=-0.28134973100640559 0.15013983849556214 0.28915668071844641 -0.16250806990791769 0.37619153086344403 0.16155886844147083 -0.21058088482103565 0.23599793445616959 0.015068862845258015 -0.098962236464023579 -0.19127060268864488 0.022236041867733005 0.25651707016825676 0.096718201115727431 -0.048686267069407874 -0.32417226612567901 0.03061938247680664 0.072299942282529978 -0.13185074358074755 -0.11954468647638956 -0.071683836728334435 -0.026400900754061613 0.0046029644975295438 -0.080753978801810219 -0.16516733285152552 -0.069125478548162131
leaf_weight=44 31 39 34 30 43 44 25 41 40 33 25 25 32 35 26 25 26 27 30 32 33 26 46 33 34
leaf_count=44 31 39 34 30 43 44 25 41 40 33 25 25 32 35 26 25 26 27 30 32 33 26 46 33 34
internal_value=-0.0184974 0.0546554 0.0287474 0.118762 0.0184644 -0.0104052 -0.0335536 -0.0943696 -0.0799019 -0.0268422 0.0334482 0.139377 -0.0988738 -0.162108 -0.0695441 -0.100257 -0.138921 -0.0317014 -0.215753 0.0125172 0.0612904 0.118032 -0.144225 -0.235237 -0.0268607
internal_weight=859 392 353 107 77 246 215 131 467 123 90 50 344 109 235 171 112 53 74 64 84 51 90 59 59
internal_count=859 392 353 107 77 246 215 131 467 123 90 50 344 109 235 171 112 53 74 64 84 51 90 59 59
is_linear=0
shrinkage=0.04


Tree=37
num_leaves=27
num_cat=0
split_feature=2 4 9 0 7 0 9 9 8 6 9 9 9 9 8 9 8 9 4 4 6 4 6 0 9 4
split_gain=2897.71 1524.83 958.389 856.704 1310.78 971.231 1064.82 599.74 514.712 1085.12 380.46 378.97 598.812 813.911 329.363 268.718 508.28 298.495 295.619 422.824 265.055 343.924 261.293 256.212 90.6148 45.7137
threshold=-1.6916913147484629 1.0216665933461864 1.193919514015344 0.74913504757291582 0.55861543405600889 1.2485584126215263 -0.21709885680836591 -1.2921604726740494 1.0000000180025095e-35 0.075127425151154323 -0.62024696275799729 -0.082716154825155472 0.3876233021160812 0.52200600409929165 -0.63134183865453442 -0.9562037177160233 -0.63134183865453442 -0.48586426077478684 -0.18419177575400311 -0.73230921625408896 -0.83438724912631701 0.16903946367938563 0.075127425151154323 -1.0000000180025095e-35 0.79077140806571256 0.010694425312694102
decision_type=2 2 2 2 2 2 2 2 2 2 2 2 2 2 2 2 2 2 2 2 2 2 2 2 2 2
left_child=-1 2 3 11 5 6 25 -3 9 -9 -7 15 14 -14 -13 20 17 -17 19 -18 -2 -22 -4 -16 -15 -5
right_child=1 7 22 4 -6 10 -8 8 -10 -11 -12 12 13 24 23 16 18 -19 -20 -21 21 -23 -24 -25 -26 -27
leaf_value=0.33871044598306932 -0.0071022066116333002 -0.039887834390004477 0.13220923657112935 -0.00019733832432673528 -0.26681772493124006 0.03719903441837856 0.34692698107825387 0.27845280940716083 0.30899730306405288 -0.080411736587328572 -0.1444630459524118 -0.33398077964782713 0.11983336610794068 -0.18855706539418962 -0.099956323305765787 -0.044258826300501826 0.094808750702784619 -0.23441816439628599 0.12207288734374508 -0.11567683197356558 -0.22743342735659744 -0.052587809880574543 -0.0034250316227024255 -0.26664380226135254 -0.10341493198606702 0.074811307295010648
leaf_weight=35 25 33 47 26 25 35 27 26 26 28 39 28 25 36 36 28 26 25 31 37 45 30 44 25 45 26
leaf_count=35 25 33 47 26 25 35 27 26 26 28 39 28 25 36 36 28 26 25 31 37 45 30 44 25 45 26
internal_value=-0.0177575 -0.0328987 -0.0545913 -0.0723832 0.00171043 0.0455876 0.143126 0.103592 0.162777 0.0923749 -0.0585418 -0.102222 -0.143907 -0.0796782 -0.220404 -0.0693124 -0.0349011 -0.133957 0.0209494 -0.0288098 -0.119897 -0.157495 0.0666278 -0.168271 -0.141256 0.037307
internal_weight=859 824 711 620 178 153 79 113 80 54 74 442 195 106 89 247 147 53 94 63 100 75 91 61 81 52
internal_count=859 824 711 620 178 153 79 113 80 54 74 442 195 106 89 247 147 53 94 63 100 75 91 61 81 52
is_linear=0
shrinkage=0.04


Tree=38
num_leaves=24
num_cat=0
split_feature=2 9 9 8 5 0 5 0 0 9 0 8 9 5 5 8 5 5 8 9 9 9 0
split_gain=2670.53 1244 1144.86 961.514 860.966 406.261 374.981 636.828 445.827 281.258 262.145 716.599 240.925 1325.1 582.249 228.097 226.761 159.674 134.058 244.66 115.067 47.6271 44.2378
threshold=-1.6916913147484629 1.1267281630237389 -0.55305561176639195 1.0000000180025095e-35 -0.25066273765626779 1.0000000180025095e-35 1.1378206180301593 -0.7491350475729156 0.74913504757291582 1.5298762689733703 0.74913504757291582 -0.63134183865453442 0.3876233021160812 -0.25066273765626779 -0.25066273765626779 1.0000000180025095e-35 -1.1763183081138855 -1.1763183081138855 -0.63134183865453442 -0.082716154825155472 1.3283022159985547 -0.28429020779997111 -1.0000000180025095e-35
decision_type=2 2 2 2 2 2 2 2 2 2 2 2 2 2 2 2 2 2 2 2 2 2 2
left_child=-1 2 4 9 5 16 7 -6 -9 20 12 -12 14 -14 -4 -13 -2 -7 -16 21 -3 -20 -15
right_child=1 3 10 -5 6 17 -8 8 -10 -11 11 15 13 22 18 -17 -18 -19 19 -21 -22 -23 -24
leaf_value=0.32516203158242363 -0.06420732200145722 0.0091580629348754893 -0.26655851125717162 0.22237622174744803 0.276712919612016 0.081090263744195298 -0.033653531701941242 -0.030632463084025816 0.15775779128074646 0.10659886653934207 0.10373478505441121 -0.18615736710058678 0.1056818186385291 -0.14632237960130742 -0.16444795917523536 -0.04473133299085829 -0.19809137225151063 -0.048359122007123889 -0.056896078861676733 -0.15877024614449706 -0.098973041139543055 0.020428092384338382 -0.20826736749921526
leaf_weight=35 48 31 48 48 28 30 38 44 37 28 35 37 42 39 38 36 35 31 26 33 32 25 35
leaf_count=35 48 31 48 48 28 30 38 44 37 28 35 37 42 39 38 36 35 31 26 33 32 25 35
internal_value=-0.0170472 -0.0315828 -0.0537223 0.0775222 0.00644936 -0.0630665 0.0745465 0.112268 0.0554223 0.00111572 -0.0981639 -0.0450688 -0.118214 -0.0737698 -0.14854 -0.116413 -0.120664 0.0153045 -0.102107 -0.0739049 -0.0457657 -0.0189921 -0.175621
internal_weight=859 824 685 139 291 144 147 109 81 91 394 108 286 116 170 73 83 61 122 84 63 51 74
internal_count=859 824 685 139 291 144 147 109 81 91 394 108 286 116 170 73 83 61 122 84 63 51 74
is_linear=0
shrinkage=0.04


Tree=39
num_leaves=24
num_cat=0
split_feature=2 4 5 9 1 7 9 9 5 6 4 5 9 4 4 9 4 4 9 6 6 6 9
split_gain=2461.16 1390.24 1317.47 813.569 738.053 1190.89 791.874 882.078 536.772 442.416 327.69 378.728 882.885 945.462 269.221 427.331 444.842 314.217 254.179 246.491 208.371 291.762 163.264
threshold=-1.6916913147484629 1.0216665933461864 1.0000000180025095e-35 1.193919514015344 1.0000000180025095e-35 0.55861543405600889 1.0000000180025095e-35 -0.55305561176639195 1.0000000180025095e-35 0.52988476228989012 -0.96373658002079188 -0.71349052288507664 0.3876233021160812 -0.52524262762072316 0.4126472150127572 -0.6874383137496024 -0.33035642655402603 -0.74448960382075746 -1.0905864196992339 0.075127425151154323 -0.94807658341100087 0.87095276514394182 0.85796275905731789
decision_type=2 2 2 2 2 2 2 2 2 2 2 2 2 2 2 2 2 2 2 2 2 2 2
left_child=-1 3 9 4 8 6 7 18 10 22 -2 -12 20 -14 15 -10 17 -17 -6 -5 -13 -22 -3
right_child=1 2 -4 19 5 -7 -8 -9 14 -11 11 12 13 -15 -16 16 -18 -19 -20 -21 21 -23 -24
leaf_value=0.31215553511892047 -0.22584155291927105 0.013660215448450159 0.32214286638844397 0.12434992521367175 -0.0033403212115878152 -0.25460705814361573 0.19875195737068471 -0.17722003596169608 0.085020486393145148 0.13835361459346798 -0.012352971906463306 -0.11757181410606091 0.12382077968481815 -0.19534680869844223 -0.16582050402164458 -0.026932009037803201 0.043677932652758392 -0.18804958407084146 0.14044616789431186 -0.0073866185681386431 -0.31773526288214188 -0.15440916280945144 -0.12819822273254394
leaf_weight=35 49 27 31 47 42 25 39 35 42 30 48 26 33 27 25 34 41 45 37 44 42 30 25
leaf_count=35 49 27 31 47 42 25 39 35 42 30 48 26 33 27 25 34 41 45 37 44 42 30 25
internal_value=-0.0163653 -0.0303195 0.100008 -0.0510326 -0.0674252 0.00134642 0.0431689 -0.0100569 -0.0951205 0.0160302 -0.132869 -0.110754 -0.140647 -0.0198046 -0.0436459 -0.0247918 -0.063226 -0.118708 0.0640027 0.0606531 -0.214633 -0.249683 -0.054541
internal_weight=859 824 113 711 620 178 153 114 442 82 255 206 158 60 187 162 120 79 79 91 98 72 52
internal_count=859 824 113 711 620 178 153 114 442 82 255 206 158 60 187 162 120 79 79 91 98 72 52
is_linear=0
shrinkage=0.04


Tree=40
num_leaves=25
num_cat=0
split_feature=2 4 4 4 8 7 9 9 4 9 0 9 9 7 4 4 9 7 7 4 8 0 4 8
split_gain=5309 819.941 764.465 756.838 829.12 744.252 4678.84 1166.02 690.253 574.838 498.067 350.79 350.337 365.827 613.965 338.697 263.332 429.428 446.538 537.236 247.907 217.195 169.053 234.661
threshold=-2.9592882694284057 -1.0002777427207976 -0.91501502975411764 1.8742937230129866 -0.63134183865453442 0.55861543405600889 1.0000000180025095e-35 -0.9562037177160233 -0.22073293845400885 1.193919514015344 0.74913504757291582 -0.82182101573281285 0.6563887060825021 1.0000000180025095e-35 -0.54960340275406028 -0.34253681412069453 -1.2249691216824441 -0.61331263118606871 0.85159745036652823 0.49790992797943717 1.0000000180025095e-35 -1.0000000180025095e-35 -1.2682462691875063 1.0000000180025095e-35
decision_type=2 2 2 2 2 2 2 2 2 2 2 2 2 2 2 2 2 2 2 2 2 2 2 2
left_child=-1 22 -3 4 5 6 7 -4 11 -7 16 -6 13 14 -13 -9 -10 -18 -19 -20 -12 -15 -2 -24
right_child=1 2 3 -5 8 9 -8 15 10 -11 20 12 -14 21 -16 -17 17 18 19 -21 -22 -23 23 -25
leaf_value=0.58474584029271048 -0.026835644744612554 0.20329907605314959 0.14464824619392555 0.1807620999140617 0.029099736588341849 -0.14361643017866674 0.55300524963486586 -0.23168730716705324 -0.10565996897717318 0.073561350137759482 0.015852090559507672 0.036982630580613338 0.008823848776519299 -0.11570335369843703 -0.20228312589228153 -0.041101440813493088 0.11379254454374314 -0.18772711257934571 0.13908886981010438 -0.077570973197196399 0.15324778067304734 -0.26420793333649634 -0.082788074113227222 -0.24142558383941651
leaf_weight=26 27 34 48 39 35 39 31 25 48 39 38 37 32 26 32 37 40 25 30 47 47 40 37 25
leaf_count=26 27 34 48 39 35 39 31 25 48 39 38 37 32 26 32 37 40 25 30 47 47 40 37 25
internal_value=0.0216305 0.0045664 0.0178691 0.00929138 -0.000316894 0.064115 0.11896 -0.003362 -0.0298989 -0.0350275 0.0113407 -0.0860418 -0.110173 -0.13838 -0.0739812 -0.117951 -0.0246649 0.00271376 -0.0408465 0.00684195 0.0918238 -0.205706 -0.110375 -0.146755
internal_weight=884 858 769 735 696 219 141 110 477 78 275 202 167 135 69 62 190 142 102 77 85 66 89 62
internal_count=884 858 769 735 696 219 141 110 477 78 275 202 167 135 69 62 190 142 102 77 85 66 89 62
is_linear=0
shrinkage=0.04


Tree=41
num_leaves=25
num_cat=0
split_feature=2 0 0 8 5 8 7 8 0 6 8 6 6 7 7 6 7 7 6 5 6 6 5 6
split_gain=4892.78 589.157 774.156 943.346 602.454 562.5 514.334 435.191 967.775 954.385 420.915 1239.96 1766.84 313.074 247.79 374.365 243.526 212.175 241.682 173.3 168.968 91.4325 360.822 71.0409
threshold=-2.9592882694284057 0.74913504757291582 1.2485584126215263 -0.63134183865453442 -0.25066273765626779 1.0000000180025095e-35 0.85159745036652823 1.0000000180025095e-35 -0.7491350475729156 0.18881675943583826 -0.63134183865453442 0.18881675943583826 -0.94807658341100087 1.0000000180025095e-35 -1.1992766638071075 -0.60700858055694906 -0.32033061487554942 -0.61331263118606871 -0.37962991198758139 1.0000000180025095e-35 0.18881675943583826 -0.60700858055694906 -0.25066273765626779 0.075127425151154323
decision_type=2 2 2 2 2 2 2 2 2 2 2 2 2 2 2 2 2 2 2 2 2 2 2 2
left_child=-1 6 3 -3 -5 21 10 8 -8 -9 11 12 -2 14 15 -12 -13 19 -19 -16 -15 -4 -23 -10
right_child=1 2 5 4 -6 -7 7 9 23 -11 13 16 -14 20 17 -17 -18 18 -20 -21 -22 22 -24 -25
leaf_value=0.56135600768602811 -0.092446420120470454 0.29737759023099336 -0.016325325625283379 0.18389539911466485 -0.03524548423533537 0.10703606495043128 0.16268145692975897 -0.031232112026214599 -0.049834602408938944 0.31828376390933988 0.020924701690673828 -0.037289850460604214 0.29474003307860008 -0.1779232328129001 -0.042569379221934538 -0.16596817946814477 -0.18748941152326523 -0.15699609785079957 -0.0036217205226421359 0.086132492461103077 -0.069403238343921578 -0.21613688437342646 -0.0070650575842176166 -0.13108593776709204
leaf_weight=26 33 37 28 34 49 41 38 25 36 25 27 39 44 48 26 47 31 25 48 47 44 25 28 33
leaf_count=26 33 37 28 34 49 41 38 25 36 25 27 39 44 48 26 47 31 25 48 47 44 25 28 33
internal_value=0.0207653 0.00438375 0.0572666 0.129403 0.0545231 -0.0136875 -0.0163917 0.0461039 0.000579568 0.143526 -0.0377681 0.0180364 0.128803 -0.0640606 -0.0381494 -0.0977775 -0.103807 -0.00792686 -0.0561472 0.0402935 -0.126022 -0.0747945 -0.105684 -0.0886939
internal_weight=884 858 242 120 83 122 616 157 107 50 459 147 77 312 220 74 70 146 73 73 92 81 53 69
internal_count=884 858 242 120 83 122 616 157 107 50 459 147 77 312 220 74 70 146 73 73 92 81 53 69
is_linear=0
shrinkage=0.04


Tree=42
num_leaves=28
num_cat=0
split_feature=2 9 0 9 0 8 9 9 8 5 6 6 5 8 6 9 6 5 9 5 5 9 9 6 5 0 6
split_gain=4509.18 694.553 440.332 786.951 589.692 1041.32 766.462 543.167 1079.72 371.489 335.71 813.994 353.246 303.676 292.109 291.165 211.354 285.285 482.698 1176.4 550.847 297.9 515.419 151.716 86.4833 77.582 39.5795
threshold=-2.9592882694284057 1.5298762689733703 0.74913504757291582 0.85796275905731789 1.2485584126215263 -0.63134183865453442 -0.6874383137496024 1.0595368120321338 1.0000000180025095e-35 -0.71349052288507664 -0.83438724912631701 -1.0617659176956848 1.0000000180025095e-35 1.0000000180025095e-35 -0.15225124341821353 -0.48586426077478684 -0.60700858055694906 0.67499283280135014 0.25324060013287075 -0.25066273765626779 -0.71349052288507664 -1.0233950687076285 -0.14990750581676068 0.87095276514394182 -0.25066273765626779 -1.0000000180025095e-35 0.41619542800520609
decision_type=2 2 2 2 2 2 2 2 2 2 2 2 2 2 2 2 2 2 2 2 2 2 2 2 2 2 2
left_child=-1 2 7 4 5 -4 -7 10 14 -3 11 12 24 15 -9 -6 -12 18 20 -20 -18 -22 -23 -24 -2 26 -19
right_child=1 9 3 -5 13 6 -8 8 -10 -11 16 -13 -14 -15 -16 -17 17 25 19 -21 21 22 23 -25 -26 -27 -28
leaf_value=0.5389017624121446 -0.027510590441524985 0.043019750206558793 0.36153263710163258 -0.10012225912541758 -0.12512283340096475 0.22767719488877519 -0.059037160737173897 0.065848939323425296 0.27910350274156642 0.25700445470809935 -0.15711912218481303 0.18091902620451791 -0.13722432066232731 0.11181983578589655 -0.12390112190334886 0.049870190579315708 0.00031084853534897166 0.0081723457116347105 0.16997281821150531 -0.13228542729218801 -0.2834054814338684 -0.0054338197322452778 -0.27404291964494265 -0.13739447813767652 0.068749812186828685 -0.032121610390512569 0.077967232465744024
leaf_weight=26 32 27 27 49 32 26 35 25 27 25 32 35 39 31 27 29 48 26 38 45 25 34 26 26 28 38 26
leaf_count=26 32 27 27 49 32 26 35 25 27 25 32 35 39 31 27 29 48 26 38 45 25 34 26 26 28 38 26
internal_value=0.0199347 0.00420839 -0.00493281 0.0419975 0.0806856 0.154712 0.063169 -0.0235585 0.0738821 0.145897 -0.039016 0.0151125 -0.043506 0.00987739 -0.0326751 -0.0419294 -0.0589424 -0.0494795 -0.0720918 0.00609787 -0.112908 -0.161867 -0.126536 -0.205719 0.0174109 0.0113223 0.0430698
internal_weight=884 858 806 229 180 88 61 577 79 52 498 134 99 92 52 61 364 332 242 83 159 111 86 52 60 90 52
internal_count=884 858 806 229 180 88 61 577 79 52 498 134 99 92 52 61 364 332 242 83 159 111 86 52 60 90 52
is_linear=0
shrinkage=0.04


Tree=43
num_leaves=26
num_cat=0
split_feature=2 4 4 4 8 7 7 4 5 4 4 0 7 5 7 0 0 8 4 0 4 4 8 5 4
split_gain=4155.66 760.843 709.786 687.405 716.531 676.987 3713.06 977.348 768.634 583.527 484.172 436.586 264.925 576.928 481.943 300.838 237.105 203.842 176.01 170.448 155.263 153.588 224.537 75.6817 177.479
threshold=-2.9592882694284057 -1.0002777427207976 -0.91501502975411764 1.8742937230129866 -0.63134183865453442 0.55861543405600889 1.0000000180025095e-35 -0.35471720168736315 0.67499283280135014 -0.22073293845400885 0.083776750712705572 0.74913504757291582 1.0000000180025095e-35 1.1378206180301593 0.55861543405600889 1.0000000180025095e-35 -1.2485584126215259 1.0000000180025095e-35 1.0000000180025095e-35 -1.0000000180025095e-35 0.26648256421273425 -1.2682462691875063 1.0000000180025095e-35 -0.71349052288507664 0.75369806687947738
decision_type=2 2 2 2 2 2 2 2 2 2 2 2 2 2 2 2 2 2 2 2 2 2 2 2 2
left_child=-1 21 -3 4 5 6 7 -4 -9 12 -7 16 13 19 15 -14 -11 -13 -18 -6 -20 -2 -23 -22 -25
right_child=1 2 3 -5 9 10 -8 8 -10 11 -12 17 14 -15 -16 -17 18 -19 20 -21 23 22 -24 24 -26
leaf_value=0.51734569329481861 -0.027054923242992825 0.19552976344438161 -0.17199922131167519 0.1720052791558779 -0.020381376577748193 -0.15471228983253241 0.48297734036590118 -0.040364922073326613 0.2214260996089262 0.07185366518357221 0.047894235201503925 0.016311971451106824 -0.1113988957926631 -0.15684759714664556 -0.012982293069362641 -0.28927490234375003 -0.12520483199287863 0.14089981885666544 0.058516685829080387 0.10992408098845646 -0.10390612664046112 -0.078785979038960216 -0.23396340208053587 -0.10576938225672794 0.028472710609436038
leaf_weight=26 27 34 36 39 36 32 33 38 34 34 46 38 32 39 37 29 34 47 29 29 27 37 25 26 40
leaf_count=26 27 34 36 39 36 32 33 38 34 34 46 38 32 39 37 29 34 47 29 29 27 37 25 26 40
internal_value=0.0191373 0.00404006 0.0168544 0.00858913 -0.000567812 0.0593299 0.111638 -0.00182733 0.0832586 -0.028068 -0.0352264 0.00984956 -0.0796885 -0.035221 -0.126878 -0.195963 -0.0238606 0.0852017 -0.0447214 0.0377549 -0.0222916 -0.106681 -0.141358 -0.0474899 -0.0244105
internal_weight=884 858 769 735 696 219 141 108 72 477 78 275 202 104 98 61 190 85 156 65 122 89 62 93 66
internal_count=884 858 769 735 696 219 141 108 72 477 78 275 202 104 98 61 190 85 156 65 122 89 62 93 66
is_linear=0
shrinkage=0.04


Tree=44
num_leaves=28
num_cat=0
split_feature=2 4 4 4 8 6 7 9 9 7 6 9 9 9 7 6 5 6 6 8 4 4 6 0 6 8 4
split_gain=3829.86 701.193 654.139 633.512 660.355 1467.36 974.444 4103.26 871.124 762.572 565.497 386.489 511.056 532.568 336.755 592.957 337.776 312.526 249.674 194.177 174.388 168.702 165.597 165.53 139.58 93.5594 52.1207
threshold=-2.9592882694284057 -1.0002777427207976 -0.91501502975411764 1.8742937230129866 -0.63134183865453442 1.3257101022826776 0.55861543405600889 1.0000000180025095e-35 1.193919514015344 -0.90629464749658817 1.3257101022826776 1.2611108650069494 -0.35148155879157633 0.6563887060825021 -1.1992766638071075 -0.37962991198758139 1.1378206180301593 0.18881675943583826 -0.15225124341821353 1.0000000180025095e-35 0.022874812879362678 1.0000000180025095e-35 -0.37962991198758139 -1.0000000180025095e-35 -0.37962991198758139 1.0000000180025095e-35 -0.14765061305399738
decision_type=2 2 2 2 2 2 2 2 2 2 2 2 2 2 2 2 2 2 2 2 2 2 2 2 2 2 2
left_child=-1 22 -3 4 5 6 7 9 -8 -4 11 12 14 17 15 -6 18 25 -16 -13 -12 -15 -2 -24 -11 -14 -18
right_child=1 2 3 -5 10 -7 8 -9 -10 24 20 19 13 21 16 -17 26 -19 -20 -21 -22 -23 23 -25 -26 -27 -28
leaf_value=0.49665185965024505 -0.027782350009487523 0.18770857863566456 0.15430591703729427 0.16512505916448739 0.047033451531421057 -0.21914901839362252 -0.16939646376406445 0.58831407266003743 0.1191002462126992 -0.13694162006378174 0.027079768710666231 -0.019416660687019086 -0.26925523714585736 0.055279955047148242 0.025208120789638785 -0.17954601012525104 -0.089924707229320819 -0.079754567667841919 0.18040377148875483 0.12696101961464717 0.17369117445945739 -0.072291393557260206 -0.21727098107337953 -0.081392648108303545 -0.0032769704937934876 -0.16984467299921172 -0.0090349603652954101
leaf_weight=26 31 34 47 39 33 27 34 28 33 25 27 29 33 27 43 42 26 40 27 29 25 43 26 32 25 28 25
leaf_count=26 31 34 47 39 33 27 34 28 33 25 27 29 33 27 43 42 26 40 27 29 25 43 26 32 25 28 25
internal_value=0.0183718 0.00387846 0.0161802 0.00824556 -0.0005451 0.0569567 0.095784 0.161758 -0.0273011 0.038628 -0.0269453 -0.0421796 -0.0573437 -0.107879 -0.0132546 -0.079851 0.0280243 -0.166646 0.0850693 0.0537722 0.097566 -0.0230853 -0.102414 -0.142304 -0.0701093 -0.223624 -0.0502729
internal_weight=884 858 769 735 696 219 192 125 67 97 477 425 367 171 196 75 121 101 70 58 52 70 89 58 50 61 51
internal_count=884 858 769 735 696 219 192 125 67 97 477 425 367 171 196 75 121 101 70 58 52 70 89 58 50 61 51
is_linear=0
shrinkage=0.04


Tree=45
num_leaves=27
num_cat=0
split_feature=4 2 9 9 5 6 6 6 0 9 9 9 9 4 4 5 6 6 5 5 5 9 6 9 5 9
split_gain=1611.72 886.566 701.999 487.437 857.872 956.391 572.706 398.728 359.966 516.553 621.907 1059.49 472.168 358.272 534.087 513.013 260.096 254.714 229.529 200.636 216.457 179.259 174.518 174.303 119.311 104.447
threshold=1.8742937230129866 1.0000000180025095e-35 1.5970676199649756 -0.62024696275799729 -0.25066273765626779 -0.83438724912631701 -1.2891445862650526 0.18881675943583826 1.2485584126215263 1.3283022159985547 0.6563887060825021 0.3876233021160812 0.99234546104052834 -0.58614456545406601 -0.86629347948744329 1.1378206180301593 1.0000000180025095e-35 0.075127425151154323 0.67499283280135014 -0.71349052288507664 -1.6391460933426945 0.25324060013287075 0.075127425151154323 1.0000000180025095e-35 -1.1763183081138855 0.18604924914126547
decision_type=2 2 2 2 2 2 2 2 2 2 2 2 2 2 2 2 2 2 2 2 2 2 2 2 2 2
left_child=1 16 3 4 19 -6 21 -7 9 10 11 13 22 14 -8 -15 -1 -14 -9 20 -3 -5 -12 -16 -22 -10
right_child=-2 2 -4 6 5 7 8 18 25 -11 12 -13 17 15 23 -17 -18 -19 -20 -21 24 -23 -24 -25 -26 -27
leaf_value=0.22992193112006554 0.22891210600479761 -0.11100377210761821 0.16302609780739094 -0.24794647962882602 0.2555644181455885 -0.087280450249329594 0.00133971183072953 0.15083141513168813 -0.073277274549007412 0.10564259952306747 -0.28266610392817743 0.1649370418124729 0.037472043201841158 0.11888494092064936 -0.11570901687328633 -0.084273038354030869 0.051003401646247275 -0.13494572346027081 0.00048154238498572148 -0.14192929972054028 0.078163250317940344 -0.11064001359045506 -0.13600007095336913 -0.26081396173547816 -0.044221778011322023 -0.18032562610081265
leaf_weight=26 44 35 29 29 35 39 42 32 25 40 27 45 29 37 26 43 26 26 33 41 26 32 25 27 25 35
leaf_count=26 44 35 29 29 35 39 42 32 25 40 27 45 29 37 26 43 26 26 33 41 26 32 25 27 25 35
internal_value=-0.00704174 -0.0194752 -0.0300969 -0.0375247 0.00603677 0.0747001 -0.0612693 0.0138323 -0.0448911 -0.0300413 -0.0466387 -0.00816807 -0.125737 -0.0526808 -0.105202 0.00968753 0.140463 -0.0440345 0.0744999 -0.0691144 -0.0344004 -0.175917 -0.212154 -0.18963 0.0181706 -0.135722
internal_weight=879 835 783 754 266 139 488 104 427 367 327 220 107 175 95 80 52 55 65 127 86 61 52 53 51 60
internal_count=879 835 783 754 266 139 488 104 427 367 327 220 107 175 95 80 52 55 65 127 86 61 52 53 51 60
is_linear=0
shrinkage=0.04


Tree=46
num_leaves=28
num_cat=0
split_feature=4 3 9 9 4 6 0 6 0 9 9 9 6 9 8 0 9 4 6 6 9 0 6 4 4 9 7
split_gain=1485.36 957.954 655.321 499.658 735.879 436.555 368.852 367.743 360.036 436.947 662.791 1080.88 498.797 469.544 365.04 370.699 333.817 231.542 162.561 160.174 129.096 208.362 264.224 126.892 273.934 105.605 73.3277
threshold=1.8742937230129866 1.0000000180025095e-35 1.5970676199649756 -0.55305561176639195 1.0216665933461864 -1.1754552519803687 -1.2485584126215259 1.0000000180025095e-35 1.2485584126215263 1.3283022159985547 0.6563887060825021 0.3876233021160812 -0.26594057770289742 0.051666547158054986 -0.63134183865453442 -1.0000000180025095e-35 0.99234546104052834 -0.42779952708737462 0.075127425151154323 0.075127425151154323 -1.0905864196992339 0.74913504757291582 -0.37962991198758139 0.22994140151272849 -0.35471720168736315 0.3876233021160812 -0.90629464749658817
decision_type=2 2 2 2 2 2 2 2 2 2 2 2 2 2 2 2 2 2 2 2 2 2 2 2 2 2 2
left_child=1 2 3 4 6 17 -1 -3 9 10 11 12 13 -7 -14 -16 19 -5 -18 -12 23 22 -22 24 -8 -10 -24
right_child=-2 7 -4 5 -6 8 20 -9 25 -11 16 -13 14 -15 15 -17 18 -19 -20 -21 21 -23 26 -25 -26 -27 -28
leaf_value=-0.13278571700187106 0.21975562270392071 0.24421593751226151 0.15650505567419118 -0.21825503034889701 0.18858259647123277 0.14699486194118377 0.020942013021558525 0.037319556960353148 -0.08192915962292599 0.096362817373714965 -0.27236269831657411 0.17249797276286191 -0.21529178724144443 -0.083503688711386456 0.02851232241361569 -0.15518077120184898 0.011899935190494244 -0.066654578712251458 -0.12954789500970107 -0.13056006050109864 -0.11341381308436393 0.10791762038281089 -0.0026724580159554114 0.0330080752706889 -0.14211527305490831 -0.19207038116455077 0.092327278393965498
leaf_weight=38 44 28 29 40 31 31 32 27 26 38 26 43 33 26 39 32 26 27 26 25 25 38 26 33 34 30 26
leaf_count=38 44 28 29 40 31 31 32 27 26 38 26 43 33 26 39 32 26 27 26 25 25 38 26 33 34 30 26
internal_value=-0.00676007 -0.0186962 -0.0300731 -0.0372779 0.00467931 -0.0626494 -0.0179437 0.142649 -0.0468579 -0.0315877 -0.0474253 -0.00566311 -0.0532465 0.0418552 -0.10537 -0.0542789 -0.130139 -0.157162 -0.058824 -0.202852 0.00244879 0.0312743 -0.00654961 -0.0310354 -0.0630572 -0.140933 0.0448274
internal_weight=879 835 780 751 283 468 252 55 401 345 307 204 161 57 104 71 103 67 52 51 214 115 77 99 66 56 52
internal_count=879 835 780 751 283 468 252 55 401 345 307 204 161 57 104 71 103 67 52 51 214 115 77 99 66 56 52
is_linear=0
shrinkage=0.04


Tree=47
num_leaves=26
num_cat=0
split_feature=2 9 8 6 6 8 9 9 9 9 9 9 7 9 6 6 5 8 5 6 8 0 9 5 6
split_gain=1072.5 1043.36 339.83 1405.57 1365.12 1088.69 998.575 2571.19 1103.72 1246.39 413.61 359.024 287.438 340.426 329.414 307.586 402.347 359.13 221.45 201.802 191.788 147.479 139.419 112.754 82.7866
threshold=-1.6916913147484629 1.5298762689733703 -0.63134183865453442 1.3257101022826776 0.87095276514394182 1.0000000180025095e-35 0.45481465310768643 1.0000000180025095e-35 -0.75462966474120774 -1.157777770690839 1.193919514015344 1.2611108650069494 -0.61331263118606871 -0.9562037177160233 -0.15225124341821353 0.075127425151154323 1.0000000180025095e-35 1.0000000180025095e-35 -0.25066273765626779 -0.94807658341100087 1.0000000180025095e-35 0.74913504757291582 0.45481465310768643 1.0000000180025095e-35 0.52988476228989012
decision_type=2 2 2 2 2 2 2 2 2 2 2 2 2 2 2 2 2 2 2 2 2 2 2 2 2
left_child=-1 2 4 11 6 -5 7 8 9 -2 -8 12 13 14 20 17 22 21 -6 -19 -4 23 -17 -14 -16
right_child=1 -3 3 5 18 -7 10 -9 -10 -11 -12 -13 15 -15 24 16 -18 19 -20 -21 -22 -23 -24 -25 -26
leaf_value=0.20137019646795171 -0.044036231807300021 0.16724060606449206 0.061191191915422681 -0.044362889145101815 -0.22392675493702743 0.297170492336154 -0.15411893566717974 0.43119053099868881 -0.12583136730573394 0.3368611963369228 0.056491820716857911 0.047142515458166605 -0.11175651123890511 0.055426515418550246 -0.092667901217937471 -0.18883114490509034 0.043115207095478864 -0.1300986199126099 -0.070984801820346291 -0.26298788349802904 -0.077296265708282588 -0.16310590840302983 -0.067824495511177266 -0.0011006080403047449 -0.18515909022434304
leaf_weight=38 28 47 32 28 33 32 37 33 44 27 25 40 26 46 32 25 43 33 28 41 32 26 39 34 30
leaf_count=38 28 47 32 28 33 32 37 33 44 27 25 40 26 46 32 25 43 33 28 41 32 26 39 34 30
internal_value=-0.00648966 -0.0158817 -0.0267214 -0.0447207 0.0113242 0.137788 0.0632208 0.125416 0.0234915 0.14295 -0.0691952 -0.067582 -0.0780352 -0.0377087 -0.0717104 -0.104013 -0.0515138 -0.139123 -0.153724 -0.203726 -0.00805254 -0.0835331 -0.115093 -0.0490515 -0.137422
internal_weight=879 841 794 539 255 60 194 132 99 55 62 479 439 172 126 267 107 160 61 74 64 86 64 60 62
internal_count=879 841 794 539 255 60 194 132 99 55 62 479 439 172 126 267 107 160 61 74 64 86 64 60 62
is_linear=0
shrinkage=0.04


Tree=48
num_leaves=28
num_cat=0
split_feature=4 3 9 9 4 6 6 0 0 9 9 9 6 4 4 7 9 4 6 0 9 4 4 4 9 9 6
split_gain=1348.41 830.286 555.295 437.504 678.863 405.395 357.764 342.315 328.432 376.734 605.488 1697.88 850.368 375.975 485.563 215.733 156.179 435.692 148.105 119.443 301.62 325.03 469.807 250.605 119.541 96.3228 64.3203
threshold=1.8742937230129866 1.0000000180025095e-35 1.5970676199649756 -0.55305561176639195 1.0216665933461864 -1.1754552519803687 1.0000000180025095e-35 -1.2485584126215259 1.2485584126215263 1.3283022159985547 0.45481465310768643 0.25324060013287075 -0.49331924627226525 -0.24509371358734597 -0.73230921625408896 0.26563341774548938 0.99234546104052834 -0.59832495302073463 0.075127425151154323 -0.7491350475729156 -1.0905864196992339 -0.56178379032072889 -0.050207512520648777 -0.37907797682070027 -1.3593518236656548 0.3876233021160812 0.52988476228989012
decision_type=2 2 2 2 2 2 2 2 2 2 2 2 2 2 2 2 2 2 2 2 2 2 2 2 2 2 2
left_child=1 2 3 4 7 15 -3 -1 9 10 11 12 -7 14 -14 -5 17 26 -18 -9 23 -22 -23 -21 -25 -10 -12
right_child=-2 6 -4 5 -6 8 -8 19 25 -11 16 -13 13 -15 -16 -17 18 -19 -20 20 21 22 -24 24 -26 -27 -28
leaf_value=-0.12792825673755848 0.20959118799729781 0.23278621511799949 0.14355522747697502 -0.24267779617309573 0.18106962157833961 0.12235059886267692 0.028716437860771462 0.071109931729733941 -0.076850448938516475 0.090042309541451301 -0.11943976593017577 0.25874212321113138 -0.057386233267329986 0.01738866093967642 -0.25211719416081907 -0.094268461792241964 0.012183059637363141 -0.27114742515342577 -0.12282907421772297 0.037199958316408675 -0.086237502932548532 0.19188644871567234 -0.014413937894921553 -0.056771133023003739 -0.1716902992900993 -0.18203966840108238 -0.028703879165649412
leaf_weight=38 44 28 29 25 31 33 27 34 26 38 25 34 42 28 40 42 26 28 26 26 25 33 38 30 28 30 25
leaf_count=38 44 28 29 25 31 33 27 34 26 38 25 34 42 28 40 42 26 28 26 26 25 33 38 30 28 30 25
internal_value=-0.00623008 -0.0176027 -0.0281944 -0.0348265 0.00443443 -0.0585676 0.132607 -0.0172945 -0.0433502 -0.0287656 -0.0434715 0.00467104 -0.0557375 -0.109164 -0.152377 -0.149645 -0.109019 -0.144817 -0.055323 0.00235075 -0.0106371 0.0377978 0.0814722 -0.0659912 -0.112249 -0.133202 -0.0740718
internal_weight=879 835 780 751 283 468 55 252 401 345 307 177 143 110 82 67 130 78 52 214 180 96 71 84 58 56 50
internal_count=879 835 780 751 283 468 55 252 401 345 307 177 143 110 82 67 130 78 52 214 180 96 71 84 58 56 50
is_linear=0
shrinkage=0.04


Tree=49
num_leaves=29
num_cat=0
split_feature=4 3 9 8 6 9 9 4 6 5 9 4 6 5 9 4 4 8 4 4 4 6 6 6 4 9 8 0
split_gain=1242.7 765.192 511.76 421.18 1137.96 1467.2 2187.89 1431.6 864.599 860.302 473.135 334.686 395.047 745.465 361.398 333.828 291.621 254.47 239.492 299.621 249.529 231.433 209.276 188.084 373.063 160.893 120.659 31.7103
threshold=1.8742937230129866 1.0000000180025095e-35 1.5970676199649756 -0.63134183865453442 0.87095276514394182 0.45481465310768643 1.0000000180025095e-35 -0.40343875195403744 1.3257101022826776 0.67499283280135014 1.193919514015344 0.24212178907939708 0.18881675943583826 1.0000000180025095e-35 -0.82182101573281285 0.1324983009793799 -0.61050534058740313 1.0000000180025095e-35 -0.24509371358734597 -0.69576805355408322 -0.86629347948744329 0.52988476228989012 -0.72069791484163315 -0.94807658341100087 0.52227070311277446 -0.82182101573281285 1.0000000180025095e-35 1.0000000180025095e-35
decision_type=2 2 2 2 2 2 2 2 2 2 2 2 2 2 2 2 2 2 2 2 2 2 2 2 2 2 2 2
left_child=1 2 3 4 5 6 7 -1 11 -9 -7 12 14 21 26 -3 -6 -10 19 20 -16 -14 -21 -13 -25 -26 -5 -23
right_child=-2 15 -4 8 16 10 -8 9 17 -11 -12 23 13 -15 18 -17 -18 -19 -20 22 -22 27 -24 24 25 -27 -28 -29
leaf_value=-0.13610256597053172 0.20120754084803844 0.02322581043610206 0.1378130121786019 0.023045391890291988 -0.24468015478207517 -0.2134424289315939 0.4131559362014135 0.0075461365855657141 0.011732512334218393 0.32707982616765158 0.018801710510253908 0.061075876918103962 -0.016797848101015447 0.086515313287576043 -0.12288655161443685 0.22061216062512892 -0.064327924624085431 0.18870535392027635 -0.24831577661875134 -0.14005226242542268 -0.28738598899841306 -0.13176669747665012 0.02361598834991455 0.079724929126409383 -0.17661112466683754 -0.046027992284960212 -0.097683172888225978 -0.19324018373489382
leaf_weight=43 44 26 29 26 26 32 33 26 26 28 25 36 27 48 36 29 32 26 37 25 25 29 25 26 26 36 27 25
leaf_count=43 44 26 29 26 26 32 33 26 26 28 25 36 27 48 36 29 32 26 37 25 25 29 25 26 26 36 27 25
internal_value=-0.00598088 -0.0168986 -0.0270666 -0.0334335 0.00961583 0.057626 0.131817 0.0361033 -0.0542775 0.17323 -0.111581 -0.0719731 -0.0930257 -0.0383957 -0.128087 0.127302 -0.145175 0.100219 -0.160183 -0.130806 -0.190304 -0.112417 -0.0582181 -0.0159461 -0.0474551 -0.100789 -0.0384578 -0.160227
internal_weight=879 835 780 751 245 187 130 97 506 54 57 454 330 129 201 55 58 52 148 111 61 81 50 124 88 62 53 54
internal_count=879 835 780 751 245 187 130 97 506 54 57 454 330 129 201 55 58 52 148 111 61 81 50 124 88 62 53 54
is_linear=0
shrinkage=0.04


Tree=50
num_leaves=26
num_cat=0
split_feature=4 5 3 4 0 4 4 7 4 4 4 4 4 7 7 0 7 4 5 4 4 4 0 4 4
split_gain=1740.45 454.081 416.222 649.555 465.801 414.304 690.236 604.182 682.406 433.272 435.113 423.756 312.39 652.622 738.693 368.507 237.431 300.35 227.978 240.004 186.539 175.209 120.403 37.4805 1.49254
threshold=2.3127876754130554 -2.1019738785715032 1.0000000180025095e-35 1.502791902229595 1.0000000180025095e-35 -0.69576805355408322 0.035055200446031262 1.0000000180025095e-35 -0.48870146492071748 -0.89065425462078041 -1.1220816183874833 -0.42779952708737462 -0.95155619245412326 -0.32033061487554942 1.4375614829875671 0.74913504757291582 0.26563341774548938 -0.57396417788739751 0.67499283280135014 0.72933729174614026 0.095957138279374146 -0.76885037895409469 -0.7491350475729156 0.10813752584604273 -0.23291332602067741
decision_type=2 2 2 2 2 2 2 2 2 2 2 2 2 2 2 2 2 2 2 2 2 2 2 2 2
left_child=1 -1 3 4 5 9 7 11 -9 10 -3 -7 -6 15 16 -14 -15 -18 19 22 -17 -11 -8 -19 -13
right_child=-2 2 -4 -5 12 6 18 8 -10 21 -12 24 13 14 -16 20 17 23 -20 -21 -22 -23 -24 -25 -26
leaf_value=-0.17890070571963276 0.2800804328918457 -0.16913302011787892 0.097928571661516112 0.16321235391600378 0.10381885874206605 -0.12535568406846789 0.038408923065289854 0.27006644293665888 -0.0023589200550510037 -0.28433994941711427 0.025664057773213057 0.034452195310592654 -0.044185661428114947 -0.17338232862452668 0.13460900859832764 0.16898852481398471 0.053827511215209956 -0.15039109075069429 -0.18541375132969448 -0.13814547572025032 0.041442576609551911 -0.13458413500785826 -0.078748997497558593 -0.081796279962246227 0.047898788984332773
leaf_weight=28 32 32 49 29 46 45 32 28 31 25 43 25 34 48 25 43 25 25 35 43 32 25 25 26 28
leaf_count=28 32 32 49 29 46 45 32 28 31 25 43 25 34 48 25 43 25 25 35 43 32 25 25 26 28
internal_value=-0.00936888 -0.0205688 -0.0150203 -0.0223996 -0.0298653 -0.0573165 -0.0312301 0.0257974 0.126928 -0.118254 -0.0574494 -0.0350871 0.00778982 -0.00933164 -0.0637444 0.0650491 -0.103735 -0.0597473 -0.0975509 -0.0667989 0.114569 -0.209462 -0.0129761 -0.115421 0.0415561
internal_weight=859 827 799 750 721 417 292 157 59 125 75 98 304 258 149 109 124 76 135 100 75 50 57 51 53
internal_count=859 827 799 750 721 417 292 157 59 125 75 98 304 258 149 109 124 76 135 100 75 50 57 51 53
is_linear=0
shrinkage=0.04


Tree=51
num_leaves=27
num_cat=0
split_feature=4 6 5 6 5 6 6 8 4 7 5 7 5 4 7 9 4 5 4 7 9 6 6 4 7 4
split_gain=1604 478.217 871.776 607.473 648.878 349.048 407.552 358.014 319.247 844.534 1022.09 721.854 644.822 549.625 399.761 375.913 235.704 366.132 518.274 501.373 248.089 232.242 171.477 117.898 90.8128 86.9517
threshold=2.3127876754130554 1.4393994365673617 1.0000000180025095e-35 -0.83438724912631701 1.1378206180301593 -0.60700858055694906 0.87095276514394182 1.0000000180025095e-35 0.10813752584604273 0.26563341774548938 0.67499283280135014 0.55861543405600889 -0.71349052288507664 -0.47652107735404886 1.0000000180025095e-35 -0.48586426077478684 0.88768233011283171 -0.25066273765626779 0.035055200446031262 1.0000000180025095e-35 1.0000000180025095e-35 1.0983314337133099 0.18881675943583826 -0.34253681412069453 0.85159745036652823 -0.46434068978738036
decision_type=2 2 2 2 2 2 2 2 2 2 2 2 2 2 2 2 2 2 2 2 2 2 2 2 2 2
left_child=1 3 -3 4 16 23 8 21 9 10 14 -11 -10 -12 25 -14 17 20 19 -19 -1 -8 -17 -5 -13 -7
right_child=-2 2 -4 5 -6 6 7 -9 12 11 13 24 15 -15 -16 22 -18 18 -20 -21 -22 -23 -24 -25 -26 -27
leaf_value=0.071066548824310308 0.26887720804661513 -0.037971626619497933 0.26950076303482057 -0.21005017929077149 -0.13239256971022662 -0.026732703124483427 -0.2335744660550898 -0.013078202795475087 0.069546581538099991 0.27645454714340822 -0.031883498770850047 -0.017798614665385216 -0.013532888004856724 0.22351868372697098 -0.23932274225986366 -0.2624025573180272 -0.042764961950240599 0.11282727102438608 0.18491073736777672 -0.10520395070976682 0.2412273000437638 -0.096302499138579079 -0.12594014596413164 -0.093300311959558915 0.083569966096144449 -0.12272955365335712
leaf_weight=26 32 36 25 25 34 36 33 47 38 28 28 31 31 26 33 26 31 27 26 45 29 49 34 31 26 26
leaf_count=26 32 36 25 25 34 36 33 47 38 28 28 31 31 26 33 26 31 27 26 45 29 49 34 31 26 26
internal_value=-0.00899412 -0.0197461 0.0880416 -0.0283297 0.0281472 -0.0507968 -0.0400266 -0.101097 -0.0183241 0.00952795 -0.0478674 0.110139 -0.0688464 0.0910879 -0.126853 -0.126637 0.0578122 0.0781906 0.0318351 -0.0234422 0.160788 -0.151546 -0.185074 -0.145421 0.0284397 -0.0669894
internal_weight=859 827 61 766 218 548 492 129 363 234 149 85 129 54 95 91 184 153 98 72 55 82 60 56 57 62
internal_count=859 827 61 766 218 548 492 129 363 234 149 85 129 54 95 91 184 153 98 72 55 82 60 56 57 62
is_linear=0
shrinkage=0.04


Tree=52
num_leaves=26
num_cat=0
split_feature=2 9 0 9 6 9 9 6 6 9 6 9 5 6 9 9 9 8 5 8 9 0 8 0 9
split_gain=800.422 639.041 343.36 727.15 445.619 350.151 574.751 343.551 688.318 354.93 311.194 288.265 415.373 351.67 305.29 708.332 743.633 541.232 255.465 235.844 181.26 120.704 196.617 118.655 105.836
threshold=1.0000000180025095e-35 1.5298762689733703 0.74913504757291582 -0.35148155879157633 1.4393994365673617 0.18604924914126547 0.85796275905731789 -0.83438724912631701 -1.1754552519803687 1.0000000180025095e-35 -0.83438724912631701 -1.0905864196992339 -0.71349052288507664 -0.60700858055694906 0.72358005707410744 0.32043195112447598 -0.082716154825155472 1.0000000180025095e-35 -0.71349052288507664 -0.63134183865453442 -0.62024696275799729 -0.7491350475729156 1.0000000180025095e-35 1.2485584126215263 0.25324060013287075
decision_type=2 2 2 2 2 2 2 2 2 2 2 2 2 2 2 2 2 2 2 2 2 2 2 2 2
left_child=10 2 4 19 7 -5 -7 8 20 -10 -1 12 -9 -13 15 16 21 -16 -3 -4 -2 -15 -23 -21 -22
right_child=1 18 3 5 -6 6 -8 11 9 -11 -12 13 -14 14 17 -17 -18 -19 -20 23 24 22 -24 -25 -26
leaf_value=0.24516748523712159 0.0023945344263507475 0.028528230019978118 0.0028768125602177215 -0.15397392978270849 0.086942862107565536 0.098015640890875527 -0.10879877178474914 -0.072053168274107432 -0.0030129874467849731 0.20105825547377268 0.049316712893821578 -0.19328919180801937 -0.27548657896427009 -0.049429631296624532 -0.19821588536967402 0.1453757344016007 -0.19756482944602061 0.020167128960291544 0.20097143491109212 0.19009669793976677 -0.17471593538920085 -0.019464407868501617 0.12286046695709228 0.080306525528430941 -0.060500316119194028
leaf_weight=25 31 28 28 36 38 43 43 42 25 30 27 28 26 47 46 35 42 30 27 36 27 41 25 28 25
leaf_count=25 31 28 28 36 38 43 43 42 25 30 27 28 26 47 46 35 42 30 27 36 27 41 25 28 25
internal_value=-0.00863436 -0.0184358 -0.0280621 0.0147938 -0.0451088 -0.0492355 -0.00539157 -0.0551448 -0.00144337 0.108299 0.143476 -0.0756166 -0.149837 -0.05845 -0.0442564 -0.0171542 -0.0538545 -0.112012 0.113182 0.0997023 -0.0741639 -0.000440015 0.0344465 0.142063 -0.119805
internal_weight=859 807 752 214 538 122 86 500 138 55 52 362 68 294 266 190 155 76 55 92 83 113 66 64 52
internal_count=859 807 752 214 538 122 86 500 138 55 52 362 68 294 266 190 155 76 55 92 83 113 66 64 52
is_linear=0
shrinkage=0.04


Tree=53
num_leaves=25
num_cat=0
split_feature=4 5 3 9 9 0 0 6 6 9 4 5 6 4 9 6 6 4 7 9 4 6 4 4
split_gain=1487.7 438.379 408.98 358.942 446.79 413.574 223.249 331.196 483.597 225.89 198.959 160.052 1015.8 501.43 551.791 364.156 337.826 333.946 163.831 541.821 155.323 225.029 152.78 146.197
threshold=1.8742937230129866 -2.1019738785715032 1.0000000180025095e-35 1.5970676199649756 -0.55305561176639195 0.74913504757291582 -1.2485584126215259 0.64357409657457409 -0.83438724912631701 -1.0905864196992339 -0.23291332602067741 -0.25066273765626779 0.52988476228989012 -0.18419177575400311 0.3876233021160812 0.41619542800520609 0.87095276514394182 -0.34253681412069453 1.1445794666770477 0.6563887060825021 -0.24509371358734597 -0.37962991198758139 -0.6714072784207461 -0.75666999138742608
decision_type=2 2 2 2 2 2 2 2 2 2 2 2 2 2 2 2 2 2 2 2 2 2 2 2
left_child=1 -1 3 4 5 6 -3 8 -8 -10 -7 12 13 14 -6 18 -17 -18 19 20 21 23 -14 -13
right_child=-2 2 -4 -5 11 10 7 -9 9 -11 -12 15 22 -15 -16 16 17 -19 -20 -21 -22 -23 -24 -25
leaf_value=-0.17928840184653247 0.21301412689297095 -0.10956773396800547 0.097771114472610263 0.10421272330424365 0.0066463058422773311 0.01354013036798548 0.07027940047950279 0.10521232228530082 -0.18803896920434363 -0.027262803007055216 0.15271469195683798 -0.1530197976856697 -0.2246885438689164 -0.077371861067685219 0.22542091683830534 0.083996410757303241 -0.1481862640731475 0.044395345744490625 -0.024201652752725702 -0.27675280060086932 -0.1720353275995988 0.022439942175851151 -0.091332265006171337 -0.044111818608484774
leaf_weight=27 46 34 48 34 39 27 41 38 29 27 42 41 28 33 35 40 34 25 38 28 26 34 27 38
leaf_count=27 46 34 48 34 39 27 41 38 29 27 42 41 28 33 35 40 34 25 38 28 26 34 27 38
internal_value=-0.00828898 -0.0208104 -0.0153665 -0.0227251 -0.0288556 0.0157336 -0.0179586 0.00511332 -0.0341007 -0.110522 0.0982551 -0.0516286 -0.0195159 0.0522959 0.110121 -0.0687413 -0.00574336 -0.0665839 -0.0991647 -0.116222 -0.083885 -0.0636027 -0.159223 -0.100634
internal_weight=859 813 786 738 704 238 169 135 97 56 69 466 162 107 74 304 99 59 205 167 139 113 55 79
internal_count=859 813 786 738 704 238 169 135 97 56 69 466 162 107 74 304 99 59 205 167 139 113 55 79
is_linear=0
shrinkage=0.04


Tree=54
num_leaves=29
num_cat=0
split_feature=4 6 4 6 4 4 6 6 8 6 6 7 8 8 7 0 6 4 4 4 4 4 8 7 7 0 6 4
split_gain=1376.73 408.912 711.805 514.51 361.719 296.284 368.373 466.924 492.823 832.879 548.966 344.836 586.285 522.989 488.702 287.888 268.992 222.696 218.051 415.448 397.745 280.47 212.949 186.795 121.613 87.9905 87.7302 72.5694
threshold=2.3127876754130554 1.4393994365673617 -0.33035642655402603 -0.83438724912631701 -0.97591696758746049 1.4784311270962578 0.87095276514394182 -0.15225124341821353 1.0000000180025095e-35 -0.49331924627226525 -0.37962991198758139 0.26563341774548938 -0.63134183865453442 1.0000000180025095e-35 -0.32033061487554942 0.74913504757291582 0.98464209942862591 -0.15983100062066594 -0.76885037895409469 -0.37907797682070027 0.30302372691273999 -0.57396417788739751 -0.63134183865453442 -1.1992766638071075 0.26563341774548938 -1.0000000180025095e-35 -1.1754552519803687 -0.18419177575400311
decision_type=2 2 2 2 2 2 2 2 2 2 2 2 2 2 2 2 2 2 2 2 2 2 2 2 2 2 2 2
left_child=1 3 -3 4 -1 6 7 8 10 -10 22 14 -13 -14 15 23 -8 25 -6 21 24 -20 -5 -9 -21 -18 -22 -25
right_child=-2 2 -4 5 18 -7 16 11 9 -11 -12 12 13 -15 -16 -17 17 -19 19 20 26 -23 -24 27 -26 -27 -28 -29
leaf_value=-0.11389689211661999 0.24947633241303266 -0.076781189674939715 0.19952126400811332 -0.033870079342056728 0.15525440349578859 -0.17831944402307273 -0.21780719890594483 -0.10632592304394795 -0.30940700038786856 -0.0024194440474876993 -0.17439895815319484 0.20534103624960956 -0.13824827414292556 0.095844981622051545 -0.13916711114217031 0.13073454541819435 -0.1651048627207356 0.0065207424034943451 0.031306715044379235 0.094241807180292472 0.041264339447021479 -0.15462470337196632 0.10572060634692511 -0.024122193336486814 0.21045798177719119 -0.068171409738474881 -0.059123563766479495 0.070455013726044582
leaf_weight=26 32 26 35 34 25 26 25 26 31 26 27 34 26 37 43 28 31 37 25 34 30 27 36 25 25 29 26 27
leaf_count=26 32 26 35 34 25 26 25 26 31 26 27 34 26 37 43 28 31 37 25 34 30 27 36 25 25 29 26 27
internal_value=-0.00795742 -0.0179186 0.081753 -0.0258559 0.0261203 -0.0465325 -0.0399684 -0.021411 -0.076032 -0.169378 -0.0211795 0.0127827 0.0714784 -0.000764933 -0.0254286 0.0207106 -0.100813 -0.0706593 0.045081 0.028588 0.0710121 -0.0652346 0.0379194 -0.0187852 0.143486 -0.118254 -0.00534433 0.0249852
internal_weight=859 827 61 766 218 548 522 400 154 57 97 246 97 63 149 106 122 97 192 167 115 52 70 78 59 60 56 52
internal_count=859 827 61 766 218 548 522 400 154 57 97 246 97 63 149 106 122 97 192 167 115 52 70 78 59 60 56 52
is_linear=0
shrinkage=0.04


Tree=55
num_leaves=26
num_cat=0
split_feature=4 4 0 5 4 8 4 7 5 4 5 4 5 4 5 4 4 9 9 4 9 9 5 9 9
split_gain=1049.52 622.422 999.013 797.408 627.715 534.805 1007.66 1084.28 380.915 597.13 373.878 342.529 511.202 428.065 321.224 303.014 410.715 287.469 292.94 326.671 233.559 117.705 114.537 90.2225 70.1122
threshold=1.8742937230129866 -0.68358766598741461 1.0000000180025095e-35 1.0000000180025095e-35 -0.97591696758746049 -0.63134183865453442 -0.48870146492071748 -0.90629464749658817 1.0000000180025095e-35 -1.0246385178541348 -0.25066273765626779 0.010694425312694102 -0.71349052288507664 1.2652743446795578 0.67499283280135014 -0.086748675220654506 -0.17201138818733452 0.45481465310768643 0.051666547158054986 -0.35471720168736315 0.85796275905731789 1.2611108650069494 1.0000000180025095e-35 -0.41867290978318161 0.25324060013287075
decision_type=2 2 2 2 2 2 2 2 2 2 2 2 2 2 2 2 2 2 2 2 2 2 2 2 2
left_child=1 2 8 4 -4 6 -3 -8 9 -1 -9 15 -13 20 -12 16 17 18 19 23 22 -22 -14 -7 -11
right_child=-2 5 3 -5 -6 11 7 10 -10 24 14 12 13 -15 -16 -17 -18 -19 -20 -21 21 -23 -24 -25 -26
leaf_value=-0.042792871660656394 0.20544195570596835 0.27343086985980763 -0.0099410006403923036 -0.11718827107921242 0.24755472616715865 0.068622228326620877 0.21615654236391973 0.060366553068161015 -0.030284643399974574 -0.20769790887832643 -0.18514683523485737 -0.083834068827885896 0.21745524320602416 -0.079769511727186354 -0.0094881531265046861 -0.17123952517142663 0.12157568917824672 0.06269306033849717 -0.19256939553788729 -0.1478298023144404 -0.017045555772452519 0.09901135833175094 0.10882714445634585 -0.036832783448696137 -0.29570775133424571
leaf_weight=36 41 34 28 32 33 27 38 43 46 30 31 47 25 26 36 26 26 28 28 30 29 27 41 25 28
leaf_count=36 41 34 28 32 33 27 38 43 46 30 31 47 25 26 36 26 26 28 28 30 29 27 41 25 28
internal_value=0.00805857 -0.00205733 -0.0570964 0.0445262 0.12936 0.0205601 0.0770617 0.0319499 -0.124603 -0.170758 -0.0316851 -0.00614971 0.0310927 0.0675897 -0.0907631 -0.0443722 -0.024259 -0.0517352 -0.0808623 -0.0427185 0.0989941 0.0389105 0.149974 0.0179227 -0.250185
internal_weight=841 800 233 93 61 567 182 148 140 94 110 385 195 148 67 190 164 138 110 82 122 56 66 52 58
internal_count=841 800 233 93 61 567 182 148 140 94 110 385 195 148 67 190 164 138 110 82 122 56 66 52 58
is_linear=0
shrinkage=0.04


Tree=56
num_leaves=25
num_cat=0
split_feature=4 4 0 4 4 4 6 0 4 6 0 0 4 7 9 4 9 9 4 0 6 4 9 4
split_gain=967.239 573.624 920.69 517.39 472.644 321.847 610.171 1367.14 767.907 458.817 543.974 375.741 298.801 412.835 286.3 324.774 445.46 259.925 279.715 123.904 80.6679 31.2438 13.8917 4.0776
threshold=1.8742937230129866 -0.68358766598741461 1.0000000180025095e-35 -0.97591696758746049 -0.59832495302073463 0.18121985124605419 -0.72069791484163315 -1.0000000180025095e-35 0.72933729174614026 0.98464209942862591 1.0000000180025095e-35 1.0000000180025095e-35 -1.0611796805541405 1.0000000180025095e-35 -0.35148155879157633 -0.46434068978738036 1.2611108650069494 -1.0905864196992339 -0.22073293845400885 0.74913504757291582 -0.15225124341821353 -0.29381526385402029 -0.6874383137496024 -0.14765061305399738
decision_type=2 2 2 2 2 2 2 2 2 2 2 2 2 2 2 2 2 2 2 2 2 2 2 2
left_child=1 2 12 -4 -3 14 7 -7 9 10 -8 -10 -1 -14 17 -16 19 23 -19 21 -15 -17 -20 -6
right_child=-2 4 3 -5 5 6 8 -9 11 -11 -12 -13 13 20 15 16 -18 18 22 -21 -22 -23 -24 -25
leaf_value=-0.039982697202310881 0.19722428798675537 0.14412179459465876 -0.052621724485703139 0.13608287827765689 -0.043443739080429075 0.3468538120587667 0.12753650331497193 -0.0066938833395640057 -0.16724805481054567 0.20319549240171911 -0.12510212616920471 0.0097977265189675717 -0.064121819092677196 -0.28610350608825685 0.050678747324272994 -0.14800377807617188 0.038895344528658636 -0.014116361970486848 0.10144422659507164 -0.071863890206813816 -0.18646235851141121 -0.21006088089059902 0.14320481643676758 -0.066289582157135013
leaf_weight=49 41 45 46 47 25 30 30 42 44 32 25 34 39 26 32 25 29 46 26 25 26 27 25 25
leaf_count=49 41 45 46 47 25 30 30 42 44 32 25 34 39 26 32 25 29 46 26 25 26 27 25 25
internal_value=0.00773623 -0.00197503 -0.0548125 0.0427451 0.0197377 0.00901496 0.0434577 0.140618 0.00106064 0.0827678 0.0127008 -0.0900743 -0.119619 -0.1625 -0.0196269 -0.0610047 -0.0947205 0.0192176 0.0574053 -0.145043 -0.236283 -0.180226 0.121915 -0.0548667
internal_weight=841 800 233 93 567 522 237 72 165 87 55 78 140 91 285 138 106 147 97 77 52 52 51 50
internal_count=841 800 233 93 567 522 237 72 165 87 55 78 140 91 285 138 106 147 97 77 52 52 51 50
is_linear=0
shrinkage=0.04


end of trees

feature_importances:
Column_4=333
Column_9=324
Column_6=245
Column_0=152
Column_7=121
Column_5=114
Column_8=95
Column_2=40
Column_3=12
Column_1=9

parameters:
[boosting: gbdt]
[objective: regression]
[metric: rmse]
[tree_learner: serial]
[device_type: cpu]
[data_sample_strategy: bagging]
[data: ]
[valid: ]
[num_iterations: 57]
[learning_rate: 0.04]
[num_leaves: 45]
[num_threads: 0]
[seed: 0]
[deterministic: 0]
[force_col_wise: 0]
[force_row_wise: 0]
[histogram_pool_size: -1]
[max_depth: -1]
[min_data_in_leaf: 25]
[min_sum_hessian_in_leaf: 0.001]
[bagging_fraction: 0.8]
[pos_bagging_fraction: 1]
[neg_bagging_fraction: 1]
[bagging_freq: 5]
[bagging_seed: 3]
[bagging_by_query: 0]
[feature_fraction: 0.8]
[feature_fraction_bynode: 1]
[feature_fraction_seed: 2]
[extra_trees: 0]
[extra_seed: 6]
[early_stopping_round: 0]
[early_stopping_min_delta: 0]
[first_metric_only: 0]
[max_delta_step: 0]
[lambda_l1: 0]
[lambda_l2: 0]
[linear_lambda: 0]
[min_gain_to_split: 0]
[drop_rate: 0.1]
[max_drop: 50]
[skip_drop: 0.5]
[xgboost_dart_mode: 0]
[uniform_drop: 0]
[drop_seed: 4]
[top_rate: 0.2]
[other_rate: 0.1]
[min_data_per_group: 100]
[max_cat_threshold: 32]
[cat_l2: 10]
[cat_smooth: 10]
[max_cat_to_onehot: 4]
[top_k: 20]
[monotone_constraints: ]
[monotone_constraints_method: basic]
[monotone_penalty: 0]
[feature_contri: ]
[forcedsplits_filename: ]
[refit_decay_rate: 0.9]
[cegb_tradeoff: 1]
[cegb_penalty_split: 0]
[cegb_penalty_feature_lazy: ]
[cegb_penalty_feature_coupled: ]
[path_smooth: 0]
[interaction_constraints: ]
[verbosity: -1]
[saved_feature_importance_type: 0]
[use_quantized_grad: 0]
[num_grad_quant_bins: 4]
[quant_train_renew_leaf: 0]
[stochastic_rounding: 1]
[linear_tree: 0]
[max_bin: 255]
[max_bin_by_feature: ]
[min_data_in_bin: 3]
[bin_construct_sample_cnt: 200000]
[data_random_seed: 1]
[is_enable_sparse: 1]
[enable_bundle: 1]
[use_missing: 1]
[zero_as_missing: 0]
[feature_pre_filter: 1]
[pre_partition: 0]
[two_round: 0]
[header: 0]
[label_column: ]
[weight_column: ]
[group_column: ]
[ignore_column: ]
[categorical_feature: ]
[forcedbins_filename: ]
[precise_float_parser: 0]
[parser_config_file: ]
[objective_seed: 5]
[num_class: 1]
[is_unbalance: 0]
[scale_pos_weight: 1]
[sigmoid: 1]
[boost_from_average: 1]
[reg_sqrt: 0]
[alpha: 0.9]
[fair_c: 1]
[poisson_max_delta_step: 0.7]
[tweedie_variance_power: 1.5]
[lambdarank_truncation_level: 30]
[lambdarank_norm: 1]
[label_gain: ]
[lambdarank_position_bias_regularization: 0]
[eval_at: ]
[multi_error_top_k: 1]
[auc_mu_weights: ]
[num_machines: 1]
[local_listen_port: 12400]
[time_out: 120]
[machine_list_filename: ]
[machines: ]
[gpu_platform_id: -1]
[gpu_device_id: -1]
[gpu_use_dp: 0]
[num_gpu: 1]

end of parameters

pandas_categorical:null
