tree
version=v4
num_class=1
num_tree_per_iteration=1
label_index=0
max_feature_idx=9
objective=regression
feature_names=Column_0 Column_1 Column_2 Column_3 Column_4 Column_5 Column_6 Column_7 Column_8 Column_9
feature_infos=[-1.4982700951458314:1.4982700951458314] [-0.63368320487849272:1.5780755940845042] [-7.3958776108082063:2.7448980266313372] [-0.26699649569399087:3.7453675090407055] [-1.6032069272708922:5.5710413494968991] [-3.721871126872335:3.2205456515597994] [-1.6870572562614465:1.7236227722790711] [-1.6387496882728867:1.5840524911428266] [-1.2456510737482795:1.2115858666267003] [-1.7289042541194837:1.6978546464523832]
tree_sizes=2447 2463 2392 2469 2388 2380 2295 2382 2389 2229 2388 2398 2421 2407 2316 2342 2319 2251 2242 2234 2493 2408 2405 2410 2331 2499 2486 2414 2579 2420 2571 2419 2408 2342 2578 2331 2409 2414 2164 2412 2330 2419 2523 2337 2417 2431 2358 2426 2511 2423 2442 2353 2186 2264 2436 2506 2417 2258 2173 2337 2258 2332 2414 2357 2498 2520 2440 2432 2431 2528 2277 2354 2346 2346 2432 2431 2359 2425 2520 2599 2270 2430 2433 2345 2436 2418 2510 2337

Tree=0
num_leaves=29
num_cat=0
split_feature=7 7 2 9 8 9 6 5 5 0 9 7 5 7 5 0 6 5 6 9 6 0 9 8 8 0 8 9
split_gain=17310.4 4549.62 4373.47 1432.16 1224.93 867.967 697.833 675.853 413.953 277.084 265.744 231.908 551.555 180.563 248.601 164.651 167.55 163.499 137.123 124.237 118.627 116.264 101.961 72.2867 64.8582 83.7692 32.7642 3.54899
threshold=0.85159745036652823 -0.32033061487554942 1.0000000180025095e-35 1.3283022159985547 -0.63134183865453442 -1.6281172276320757 0.30250609372052223 -0.25066273765626779 -0.71349052288507664 0.74913504757291582 1.5298762689733703 -0.61331263118606871 0.67499283280135014 -0.90629464749658817 -1.1763183081138855 0.74913504757291582 -0.37962991198758139 1.1378206180301593 0.75726343085925796 0.32043195112447598 0.30250609372052223 -1.0000000180025095e-35 0.051666547158054986 1.0000000180025095e-35 -0.63134183865453442 -1.0000000180025095e-35 1.0000000180025095e-35 -1.0233950687076285
decision_type=2 2 2 2 2 2 2 2 2 2 2 2 2 2 2 2 2 2 2 2 2 2 2 2 2 2 2 2
left_child=1 5 -2 15 6 -1 7 -3 -5 18 -10 12 13 14 21 16 -4 -14 22 -11 23 -7 -6 -16 -13 -26 -24 -22
right_child=2 4 3 8 9 11 -8 -9 10 19 -12 24 17 -15 20 -17 -18 -19 -20 -21 27 -23 26 -25 25 -27 -28 -29
leaf_value=25.959362608552457 26.564879837050587 25.886361328275441 25.922121234462658 25.994291617764173 25.480031370651364 25.704879854783819 25.522879855486302 25.612621790801935 26.103416440601382 25.494535027853853 26.26887985250011 25.723279854216724 25.91326694886207 25.811033701399438 25.66334139375298 25.964879855318063 25.790334400557033 25.790879855039268 25.515468090946964 25.613768744513166 25.713679855408817 25.818213188551415 25.364879855486304 25.568079854645877 25.695649085510475 25.594110624659759 25.420879855558681 25.69257216307545
leaf_weight=29 25 27 29 34 33 28 40 31 41 29 25 25 31 26 26 31 33 40 34 27 25 30 32 25 26 26 35 26
leaf_count=29 25 27 29 34 33 28 40 31 41 29 25 25 31 26 26 31 33 40 34 27 25 30 32 25 26 26 35 26
internal_value=25.7586 25.6553 26.0671 26.0026 25.5365 25.7495 25.6514 25.7401 26.1077 25.4773 26.1661 25.7312 25.7495 25.7133 25.6974 25.8896 25.852 25.8443 25.4461 25.552 25.6598 25.7635 25.4225 25.6166 25.6703 25.6449 25.3941 25.7029
internal_weight=869 651 218 193 288 363 98 58 100 190 66 334 257 186 160 93 62 71 134 56 102 58 100 51 77 52 67 51
internal_count=869 651 218 193 288 363 98 58 100 190 66 334 257 186 160 93 62 71 134 56 102 58 100 51 77 52 67 51
is_linear=0
shrinkage=1


Tree=1
num_leaves=28
num_cat=0
split_feature=4 4 4 7 9 4 7 6 6 7 9 6 9 4 7 4 9 5 4 0 4 6 9 7 4 7 0
split_gain=27301.4 5977.15 5705.49 1046.67 1027.83 718.05 518.652 593.82 636.957 393.515 303.026 464.291 297.551 256.122 247.895 363.648 233.823 202.276 166.228 165.887 144.1 139.216 132.753 121.513 100.463 93.3113 85.0921
threshold=0.7780588420128145 -0.17201138818733452 2.3127876754130554 1.1445794666770477 1.193919514015344 -0.64704650328740898 -1.1992766638071075 0.52988476228989012 -0.83438724912631701 -0.32033061487554942 0.051666547158054986 -0.60700858055694906 0.3876233021160812 0.42482760257942576 0.26563341774548938 -0.82975231678743755 -1.0233950687076285 -0.25066273765626779 -0.34253681412069453 -1.0000000180025095e-35 0.4126472150127572 0.64357409657457409 0.051666547158054986 -0.61331263118606871 0.047235588012699836 -0.90629464749658817 1.0000000180025095e-35
decision_type=2 2 2 2 2 2 2 2 2 2 2 2 2 2 2 2 2 2 2 2 2 2 2 2 2 2 2
left_child=1 3 6 5 13 10 -2 8 -8 16 11 26 22 17 -12 19 -7 -3 -18 -16 -6 -13 -11 -19 -25 -15 -1
right_child=2 4 -4 -5 20 9 7 -9 -10 12 14 21 -14 25 15 -17 18 23 -20 -21 -22 -23 -24 24 -26 -27 -28
leaf_value=-0.15977359447479247 0.22843004894256591 -0.094582731886988597 0.94534136267269364 0.065457384169101712 0.13745508248424707 -0.17737993602399474 0.46476882402713487 0.54391626883749711 0.18199219940900804 -0.19504794705298639 -0.37812629917689733 -0.31318001077669422 -0.10614791416459614 0.029743305842081704 -0.38030537196568082 -0.13850711568196614 -0.096819797790411749 0.064913720618455836 0.035687873288989071 -0.25049016634623211 0.2577320440510909 -0.20185337357223035 -0.31520474970340728 -0.081988094471119072 0.02929067816734314 0.13127494146781307 -0.05641823475177471
leaf_weight=25 35 42 34 25 34 27 26 33 25 31 35 41 36 30 28 30 33 39 28 36 30 32 28 27 25 28 26
leaf_count=25 35 42 34 25 34 27 26 33 25 31 35 41 36 30 28 30 33 39 28 36 30 32 28 27 25 28 26
internal_value=0.00335095 -0.10029 0.488364 -0.186245 0.0551027 -0.200677 0.357799 0.411703 0.326153 -0.14032 -0.244335 -0.199685 -0.196774 0.00861647 -0.287254 -0.253419 -0.0793756 -0.0219718 -0.0359966 -0.307284 0.193835 -0.264379 -0.252072 0.0115409 -0.0284887 0.0787586 -0.107083
internal_weight=869 716 153 461 255 436 119 84 51 183 253 124 95 191 129 94 88 133 61 64 64 73 59 91 52 58 51
internal_count=869 716 153 461 255 436 119 84 51 183 253 124 95 191 129 94 88 133 61 64 64 73 59 91 52 58 51
is_linear=0
shrinkage=0.04


Tree=2
num_leaves=27
num_cat=0
split_feature=4 4 4 8 9 4 7 4 0 4 5 9 8 9 4 9 9 8 4 5 7 4 4 0 5 9
split_gain=25161 5508.54 5258.18 985.965 947.249 503.985 477.99 296.346 424.085 236.982 234.163 210.294 199.866 173.631 132.803 131.578 306.444 117.945 133.307 93.1214 279.265 138.546 91.6869 89.9912 74.6832 35.3546
threshold=0.7780588420128145 -0.17201138818733452 2.3127876754130554 -0.63134183865453442 1.193919514015344 -0.46434068978738036 -1.1992766638071075 -0.82975231678743755 0.74913504757291582 0.5588118658127802 1.0000000180025095e-35 1.3283022159985547 1.0000000180025095e-35 0.11885789814966023 0.4126472150127572 -0.55305561176639195 0.25324060013287075 1.0000000180025095e-35 -0.89065425462078041 -0.25066273765626779 -0.61331263118606871 0.15685907611271704 -0.95155619245412326 1.0000000180025095e-35 -0.25066273765626779 0.99234546104052834
decision_type=2 2 2 2 2 2 2 2 2 2 2 2 2 2 2 2 2 2 2 2 2 2 2 2 2 2
left_child=1 3 6 7 9 10 -2 13 24 19 17 25 -12 -1 -6 -7 -17 18 -5 21 -21 -3 -19 -22 -9 -8
right_child=2 4 -4 5 14 15 11 8 -10 -11 12 -13 -14 -15 -16 16 -18 22 -20 20 23 -23 -24 -25 -26 -27
leaf_value=-0.10321131596198449 0.21929285111171859 -0.1244145627975464 0.90752772583680996 -0.17656959508146561 0.13195687786621207 -0.059190870706851667 0.38750626457425263 -0.065038062440681041 0.058028171062469484 0.10233708918094635 -0.26442177985843862 0.48976288226934578 -0.13983532876438565 -0.25085060577392582 0.24742275736729305 -0.2665014957006161 -0.072294951456670586 -0.37722333541283243 -0.28821649716659026 0.079761659568175672 -0.0041718010748586351 0.0087540073394775392 -0.28360961944498914 -0.10405931653799835 -0.14891246658999746 0.32470974564552307
leaf_weight=26 35 25 34 28 34 26 26 29 34 35 38 26 45 25 30 26 26 26 44 48 31 25 47 27 41 32
leaf_count=26 35 25 34 28 34 26 26 29 34 35 38 26 45 25 30 26 26 26 44 48 31 25 47 27 41 32
internal_value=0.00321691 -0.0962785 0.468829 -0.178795 0.0528986 -0.220429 0.343487 -0.096602 -0.0578707 0.00827181 -0.250454 0.395235 -0.196875 -0.175584 0.186082 -0.132662 -0.169398 -0.281124 -0.244798 -0.0128326 0.00839276 -0.0578303 -0.316951 -0.0506712 -0.114164 0.35286
internal_weight=869 716 153 461 255 306 119 155 104 191 228 84 83 51 64 78 52 145 72 156 106 50 73 58 70 58
internal_count=869 716 153 461 255 306 119 155 104 191 228 84 83 51 64 78 52 145 72 156 106 50 73 58 70 58
is_linear=0
shrinkage=0.04


Tree=3
num_leaves=28
num_cat=0
split_feature=4 4 4 7 8 7 7 6 7 7 6 6 5 6 4 4 1 4 5 7 7 4 7 4 7 6 4
split_gain=23188.4 5076.67 4845.94 943.056 1077.74 853.263 628.248 526.166 510.651 440.515 539.011 587.77 378.607 297.559 237.526 182.175 174.943 169.605 153.906 105.227 99.914 92.0026 79.4788 104.382 69.4471 16.1856 1.92618
threshold=0.7780588420128145 -0.17201138818733452 2.3127876754130554 1.1445794666770477 -0.63134183865453442 1.1445794666770477 -0.32033061487554942 0.30250609372052223 -1.1992766638071075 -1.1992766638071075 0.52988476228989012 -0.83438724912631701 -0.25066273765626779 0.98464209942862591 -0.58614456545406601 0.42482760257942576 1.0000000180025095e-35 0.4126472150127572 -0.25066273765626779 -0.32033061487554942 -0.61331263118606871 0.047235588012699836 1.0000000180025095e-35 -0.6714072784207461 -0.90629464749658817 0.075127425151154323 -0.73230921625408896
decision_type=2 2 2 2 2 2 2 2 2 2 2 2 2 2 2 2 2 2 2 2 2 2 2 2 2 2 2
left_child=1 3 9 4 7 15 8 12 -6 -2 11 -11 -1 -9 -10 18 22 -7 -3 -14 -20 -22 -8 25 -17 -24 -18
right_child=2 5 -4 -5 6 17 16 13 14 10 -12 -13 19 -15 -16 24 26 -19 20 -21 21 -23 23 -25 -26 -27 -28
leaf_value=0.063048690358797718 0.21052113631793432 -0.082609489022231683 0.87122660805197327 0.067276203382015232 -0.2932739572450519 0.11425564616067069 -0.24271686685582 -0.29630828323364261 -0.17370841960940098 0.43107535087145293 0.50538955132166541 0.15943629398345949 -0.04319919519424438 -0.11083135997095417 -0.032903583863886393 0.0254194598197937 -0.20493983736405008 0.24273605296688697 0.05912670618830583 -0.15431444525718691 -0.076765918290173568 0.029724300813674928 -0.33145074773479155 -0.26450608171914752 0.11384587344472054 -0.37263268544123729 -0.22049008617401125
leaf_weight=36 35 41 34 25 30 35 30 25 36 26 33 25 25 31 41 30 26 31 39 30 27 25 37 38 27 26 25
leaf_count=36 35 41 34 25 30 35 30 25 36 26 33 25 25 31 41 30 26 31 39 30 27 25 37 38 27 26 25
internal_value=0.00308824 -0.0924274 0.450076 -0.171643 -0.185343 0.0507826 -0.230195 -0.0971642 -0.153278 0.329748 0.379425 0.297919 -0.0377985 -0.193634 -0.0987344 0.00754393 -0.275415 0.174603 -0.0182623 -0.103808 0.0107293 -0.0255687 -0.299884 -0.316865 0.0673057 -0.348446 -0.212563
internal_weight=869 716 153 461 436 255 289 147 107 119 84 51 91 56 77 189 182 66 132 55 91 52 131 101 57 63 51
internal_count=869 716 153 461 436 255 289 147 107 119 84 51 91 56 77 189 182 66 132 55 91 52 131 101 57 63 51
is_linear=0
shrinkage=0.04


Tree=4
num_leaves=27
num_cat=0
split_feature=4 4 4 7 9 4 7 6 6 7 6 9 9 9 4 4 9 4 0 6 6 4 4 5 0 5
split_gain=21370.4 4678.66 4466.02 869.121 806.724 586.839 405.979 496.753 541.689 332.599 260.446 347.974 256.878 211.015 205.961 141.278 123.424 111.305 93.1371 238.488 155.83 117.949 87.3487 66.2339 71.6022 138.664
threshold=0.7780588420128145 -0.17201138818733452 2.3127876754130554 1.1445794666770477 1.193919514015344 -0.64704650328740898 -1.1992766638071075 0.52988476228989012 -0.83438724912631701 -0.32033061487554942 -0.83438724912631701 0.051666547158054986 0.3876233021160812 -1.0233950687076285 0.5588118658127802 -0.34253681412069453 0.051666547158054986 0.4126472150127572 1.0000000180025095e-35 0.64357409657457409 1.0000000180025095e-35 -0.96373658002079188 -0.025846737387311625 1.1378206180301593 0.74913504757291582 -0.25066273765626779
decision_type=2 2 2 2 2 2 2 2 2 2 2 2 2 2 2 2 2 2 2 2 2 2 2 2 2 2
left_child=1 3 6 5 14 10 -2 8 -8 13 11 -1 16 -7 22 -15 -11 -6 19 20 -12 -20 -3 24 25 -24
right_child=2 4 -4 -5 17 9 7 -9 -10 12 18 -13 -14 15 -16 -17 -18 -19 21 -21 -22 -23 23 -25 -26 -27
leaf_value=-0.081107395485390074 0.20210028447423664 -0.061419235780125571 0.83637754776898543 0.064585152439773086 0.12210837749873892 -0.16043697321856462 0.4138323386357381 0.48517396601763635 0.15305883607864382 -0.1716609841873569 -0.25880822830115047 -0.2643246382695657 -0.091060648930983423 -0.08219927961176092 0.095260467478207184 0.039959982250417983 -0.28751898348331451 0.22781640736262002 -0.27856396633982661 -0.19544891040854986 -0.38419218507306324 -0.17179260514220412 -0.068173242321720826 -0.047373521285397673 0.075987827650138312 0.055818598520371222
leaf_weight=43 35 42 34 25 34 27 26 33 25 31 35 27 36 33 35 28 28 30 25 45 29 49 27 28 28 31
leaf_count=43 35 42 34 25 34 27 26 33 25 31 35 27 36 33 35 28 28 30 25 45 29 49 27 28 28 31
internal_value=0.00296471 -0.0887303 0.432073 -0.164778 0.0487513 -0.177929 0.316558 0.364248 0.286002 -0.123364 -0.217397 -0.151777 -0.175265 -0.0673352 0.00756758 -0.0261262 -0.226644 0.171659 -0.242497 -0.26601 -0.315623 -0.207864 -0.0121071 0.00606052 0.0234577 -0.00190174
internal_weight=869 716 153 461 255 436 119 84 51 183 253 70 95 88 191 61 59 64 183 109 64 74 156 114 86 58
internal_count=869 716 153 461 255 436 119 84 51 183 253 70 95 88 191 61 59 64 183 109 64 74 156 114 86 58
is_linear=0
shrinkage=0.04


Tree=5
num_leaves=27
num_cat=0
split_feature=4 4 9 4 4 9 5 4 8 9 8 9 9 9 8 4 8 4 9 9 9 8 9 9 4 9
split_gain=16461.7 5446.4 2399.6 1310.03 992.612 484.723 450.746 374.149 438.934 464.221 296.599 256.689 244.927 229.007 194.708 109.481 106.178 89.3271 85.2989 81.1661 78.2911 63.5243 61.2136 23.2442 33.285 17.1499
threshold=0.42482760257942576 2.44677193864641 1.193919514015344 -0.6714072784207461 1.0216665933461864 -1.157777770690839 -0.25066273765626779 -0.15983100062066594 -0.63134183865453442 -0.082716154825155472 -0.63134183865453442 0.32043195112447598 -1.157777770690839 -0.21709885680836591 -0.63134183865453442 0.69279612904613452 -0.63134183865453442 -0.8784738670541119 0.18604924914126547 -0.82182101573281285 -0.75462966474120774 1.0000000180025095e-35 1.5298762689733703 0.45481465310768643 -0.90283464218744902 1.0000000180025095e-35
decision_type=2 2 2 2 2 2 2 2 2 2 2 2 2 2 2 2 2 2 2 2 2 2 2 2 2 2
left_child=2 4 3 10 5 -2 -7 8 18 20 17 -11 -6 -12 -14 -8 -9 25 -5 -18 -10 -21 -4 24 -15 -1
right_child=1 -3 22 7 12 6 15 16 9 11 13 -13 14 23 -16 -17 19 -19 -20 21 -22 -23 -24 -25 -26 -27
leaf_value=-0.16392538520006036 -0.030973048416467815 0.78403094871290802 0.094760053600034408 -0.013994519598782063 0.20644625439363368 0.28871404063317085 0.051999255021413164 -0.096497682304801172 -0.14625603538570983 -0.32423738993704321 -0.18014805598224098 -0.16853632758888934 0.42373066058525671 -0.24766016081401279 0.28241513435657206 0.16060811784532333 -0.060748134490690733 -0.096693435774909131 -0.10511216163635254 0.062198353195190431 -0.065515110583409017 -0.025525722759110584 0.17888543374538421 -0.31510589361190794 -0.30617169312068393 -0.21032551436424257
leaf_weight=26 26 29 31 48 34 31 33 37 33 32 47 36 26 35 39 27 38 27 25 25 46 28 25 33 28 25
leaf_count=26 26 29 31 48 34 31 33 37 33 32 47 36 26 35 39 27 38 27 25 25 46 28 25 33 28 25
internal_value=-0.00857965 0.269324 -0.117518 -0.142106 0.20022 0.121344 0.164863 -0.0937391 -0.125375 -0.165191 -0.218268 -0.241807 0.293438 -0.252492 0.338941 0.100873 -0.0393641 -0.155525 -0.0451992 -0.016134 -0.0992423 0.0158536 0.132316 -0.28791 -0.273665 -0.186671
internal_weight=870 245 625 569 216 117 91 348 220 147 221 68 99 143 65 60 128 78 73 91 79 53 56 96 63 51
internal_count=870 245 625 569 216 117 91 348 220 147 221 68 99 143 65 60 128 78 73 91 79 53 56 96 63 51
is_linear=0
shrinkage=0.04


Tree=6
num_leaves=26
num_cat=0
split_feature=4 4 9 4 4 9 5 4 8 9 8 7 9 9 6 6 6 4 6 9 6 6 6 6 0
split_gain=15171.1 5019.4 2211.47 1207.32 914.791 446.721 415.407 344.816 404.522 427.826 273.346 269.668 236.564 211.052 175.565 149.928 114.051 100.897 100.72 78.6114 72.8319 63.6605 44.5239 33.0745 44.7381
threshold=0.42482760257942576 2.44677193864641 1.193919514015344 -0.6714072784207461 1.0216665933461864 -1.157777770690839 -0.25066273765626779 -0.15983100062066594 -0.63134183865453442 -0.082716154825155472 -0.63134183865453442 -1.1992766638071075 0.32043195112447598 -0.21709885680836591 0.52988476228989012 0.075127425151154323 0.18881675943583826 0.69279612904613452 0.52988476228989012 0.18604924914126547 0.41619542800520609 -0.83438724912631701 1.0000000180025095e-35 0.75726343085925796 -1.0000000180025095e-35
decision_type=2 2 2 2 2 2 2 2 2 2 2 2 2 2 2 2 2 2 2 2 2 2 2 2 2
left_child=2 4 3 10 5 -2 -7 8 19 20 16 -6 -11 -12 -13 -4 -1 -8 21 -5 -10 -9 -23 24 -15
right_child=1 -3 15 7 11 6 17 18 9 12 13 14 -14 23 -16 -17 -18 -19 -20 -21 -22 22 -24 -25 -26
leaf_value=-0.10566595853241378 -0.029734126902543585 0.75266971077513078 0.06387096463606276 -0.013434739690274001 0.18833807186646895 0.27716548289022142 0.049919281222603536 -0.061943166639123651 -0.12532440111345175 -0.31126789443194869 -0.1729421342941041 0.27743855902334541 -0.1617948704544041 -0.30073154837720922 0.41192833642959592 0.19485376746566208 -0.20291564580372401 0.15418379156677811 -0.087676505293957027 -0.10090767011642456 -0.046188096861044567 0.047687592442546577 -0.023028096001723716 -0.31208104413131188 -0.23409322592616083
leaf_weight=43 26 29 29 48 33 31 33 28 49 32 47 41 36 27 25 27 35 27 43 25 30 28 29 29 40
leaf_count=43 26 29 29 48 33 31 33 28 49 32 47 41 36 27 25 27 35 27 43 25 30 28 29 29 40
internal_value=-0.00823646 0.258551 -0.112817 -0.136422 0.192212 0.11649 0.158268 -0.0899895 -0.12036 -0.158583 -0.209538 0.2817 -0.232135 -0.242392 0.328382 0.127023 -0.149304 0.0968383 -0.0377895 -0.0433912 -0.0952726 -0.0125526 0.0117094 -0.276394 -0.260947
internal_weight=870 245 625 569 216 117 91 348 220 147 221 99 68 143 66 56 78 60 128 73 79 85 57 96 67
internal_count=870 245 625 569 216 117 91 348 220 147 221 99 68 143 66 56 78 60 128 73 79 85 57 96 67
is_linear=0
shrinkage=0.04


Tree=7
num_leaves=27
num_cat=0
split_feature=4 4 9 4 4 9 5 4 9 4 9 0 4 4 0 9 9 9 6 0 9 6 0 9 4 0
split_gain=13981.7 4625.88 2038.09 1112.67 843.071 411.698 382.839 317.782 224.394 348.972 312.989 252.047 234.476 209.2 218.166 143.599 141.618 190.143 138.174 135.726 93.2035 92.8231 85.7667 71.0714 67.1725 60.1961
threshold=0.42482760257942576 2.44677193864641 1.193919514015344 -0.6714072784207461 1.0216665933461864 -1.157777770690839 -0.25066273765626779 -0.15983100062066594 0.051666547158054986 -0.33035642655402603 -1.157777770690839 1.0000000180025095e-35 -0.37907797682070027 1.7037682970796266 -1.0000000180025095e-35 0.45481465310768643 0.25324060013287075 0.051666547158054986 0.075127425151154323 0.74913504757291582 0.99234546104052834 0.52988476228989012 -0.7491350475729156 -0.21709885680836591 -0.91501502975411764 1.0000000180025095e-35
decision_type=2 2 2 2 2 2 2 2 2 2 2 2 2 2 2 2 2 2 2 2 2 2 2 2 2 2
left_child=2 4 3 15 5 -2 -7 8 10 11 -5 -10 22 14 -6 16 17 19 -4 23 -8 25 -12 -1 -17 -9
right_child=1 -3 18 7 13 6 20 21 9 -11 12 -13 -14 -15 -16 24 -18 -19 -20 -21 -22 -23 -24 -25 -26 -27
leaf_value=-0.11750814554642658 -0.028544759681591619 0.72256294160053647 0.061316127299234788 -0.21083122630119325 0.14651953211852484 0.26607886222101029 0.135099132674081 -0.041604399743179483 -0.039492970596660272 -0.29183627878427504 -0.15560471317597799 -0.20265883569206511 0.016059191962083181 0.36077104700022733 0.29066439364637647 -0.30652954769134522 -0.10445305623610814 -0.29343014146600449 0.18705961695423834 -0.23933730099652267 0.033976680374145508 -0.084169443596241095 -0.062262304777072536 -0.20038917741775514 -0.21553704429555823 0.026289703958743329
leaf_weight=49 26 29 29 25 28 31 35 48 33 25 28 28 45 29 42 25 30 28 27 37 25 43 36 25 27 37
leaf_count=49 26 29 29 25 28 31 35 48 33 25 28 28 45 29 42 25 30 28 27 37 25 43 36 25 27 37
internal_value=-0.007907 0.248209 -0.108305 -0.130965 0.184523 0.11183 0.151938 -0.0863899 -0.115546 -0.165972 -0.0831828 -0.114389 -0.0539056 0.270432 0.233006 -0.201156 -0.183271 -0.200282 0.121942 -0.176785 0.0929648 -0.036278 -0.1031 -0.145508 -0.259283 -0.0120505
internal_weight=870 245 625 569 216 117 91 348 220 86 134 61 109 99 70 221 169 139 56 111 60 128 64 74 52 85
internal_count=870 245 625 569 216 117 91 348 220 86 134 61 109 99 70 221 169 139 56 111 60 128 64 74 52 85
is_linear=0
shrinkage=0.04


Tree=8
num_leaves=27
num_cat=0
split_feature=4 4 9 4 7 4 4 8 4 7 4 4 9 7 4 0 0 4 0 4 8 9 4 9 9 4
split_gain=12885.5 4263.21 1878.31 1025.62 836.192 839.35 278.678 275.358 239.368 238.448 325.924 517.528 202.847 160.062 158.79 148.526 137.677 120.344 97.1273 80.5443 67.5564 67.2571 54.0247 37.4479 28.5732 15.005
threshold=0.42482760257942576 2.44677193864641 1.193919514015344 -0.54960340275406028 1.4375614829875671 0.80241961714615162 1.7037682970796266 -0.63134183865453442 1.2774547322462262 -0.32033061487554942 -0.086748675220654506 -0.28163487628735168 -0.082716154825155472 -1.1992766638071075 0.15685907611271704 0.74913504757291582 1.0000000180025095e-35 -0.70794844112075184 1.0000000180025095e-35 -0.6714072784207461 1.0000000180025095e-35 -0.82182101573281285 1.0000000180025095e-35 0.32043195112447598 0.11885789814966023 1.0460273684795232
decision_type=2 2 2 2 2 2 2 2 2 2 2 2 2 2 2 2 2 2 2 2 2 2 2 2 2 2
left_child=2 4 3 7 5 16 8 17 25 13 11 18 20 -5 15 21 -2 24 -11 23 -9 -15 -4 -14 -1 -7
right_child=1 -3 22 9 -6 6 -8 12 -10 10 -12 -13 19 14 -16 -17 -18 -19 -20 -21 -22 -23 -24 -25 -26 -27
leaf_value=-0.12682202416497307 -0.0047455712251884994 0.69366042202916645 0.080489410420258839 -0.10600247722119094 0.359230538817013 0.20887114953994751 0.32744628447073476 -0.20261660610475848 0.084708594041211269 -0.042097717802971606 0.0079384313106536861 -0.30084152795650343 -0.29058002986406023 -0.08425392854213716 -0.10877165922751793 0.070282280827694402 0.10296610348364887 -0.04946576404571533 -0.1473237070798874 -0.17934644222259521 -0.1255232798917727 -0.0020945246754722163 0.15926707075192378 -0.23742911310866477 -0.17723826471396856 0.25269620718955993
leaf_weight=37 43 29 30 48 34 25 27 31 28 32 25 27 38 25 26 34 34 25 25 25 44 44 26 48 35 25
leaf_count=37 43 29 30 48 34 25 27 31 28 32 25 27 38 25 26 34 34 25 25 25 44 44 26 48 35 25
internal_value=-0.00759072 0.238281 -0.103972 -0.125727 0.177142 0.143126 0.216686 -0.179713 0.178346 -0.0723062 -0.118848 -0.156583 -0.208207 -0.0436446 -0.0204417 0.00185525 0.0428154 -0.125076 -0.0882495 -0.242543 -0.157389 -0.0318624 0.117065 -0.260914 -0.15133 0.230784
internal_weight=870 245 625 569 216 182 105 283 78 286 109 84 186 177 129 103 77 97 57 111 75 69 56 86 72 50
internal_count=870 245 625 569 216 182 105 283 78 286 109 84 186 177 129 103 77 97 57 111 75 69 56 86 72 50
is_linear=0
shrinkage=0.04


Tree=9
num_leaves=25
num_cat=0
split_feature=7 9 8 7 8 9 9 9 9 7 6 0 7 6 6 9 9 8 6 0 6 6 0 8
split_gain=7908.65 2006.66 710.62 653.435 600.066 469.256 250.008 400.057 312.745 246.094 223.648 259.629 212.792 197.204 189.603 183.679 181.269 176.707 124.017 123.666 69.9468 109.062 43.5189 36.3206
threshold=0.85159745036652823 -0.55305561176639195 -0.63134183865453442 1.4375614829875671 -0.63134183865453442 -1.5609258766404703 -0.082716154825155472 0.32043195112447598 0.58919735509089699 0.55861543405600889 -0.72069791484163315 0.74913504757291582 0.26563341774548938 -0.26594057770289742 -0.15225124341821353 -1.157777770690839 1.2611108650069494 -0.63134183865453442 -0.37962991198758139 0.74913504757291582 0.30250609372052223 -0.94807658341100087 -1.0000000180025095e-35 1.0000000180025095e-35
decision_type=2 2 2 2 2 2 2 2 2 2 2 2 2 2 2 2 2 2 2 2 2 2 2 2
left_child=1 5 9 10 -5 -1 14 22 -9 12 -2 16 13 -3 -4 17 -12 -7 -19 20 21 -17 -8 -6
right_child=3 2 6 4 23 15 7 8 -10 -11 11 -13 -14 -15 -16 19 -18 18 -20 -21 -22 -23 -24 -25
leaf_value=0.12758455965667964 0.22642372139475561 0.019198413062095642 -0.18904002969605582 0.45391755672601558 0.1829095781326294 -0.13048864815686201 -0.24242631893004141 -0.073652520969856625 -0.22218481825043757 -0.16749880579801704 0.014643741040616423 0.21668043753196453 0.066164266135957508 -0.125454169401997 -0.062982282290856048 -0.048764287932165744 0.14953942784241267 0.042794833577104979 -0.065884227915888743 0.061721921122322485 -0.058251304412499455 0.054837724775881384 -0.30523102923137385 0.25109343128204342
leaf_weight=40 44 25 35 26 25 37 31 43 48 26 37 29 27 38 42 29 28 28 42 48 39 37 41 25
leaf_count=40 44 25 35 26 25 37 31 43 48 26 37 29 27 38 42 29 28 28 42 48 39 37 41 25
internal_value=-0.0072871 -0.0761692 -0.140391 0.203866 0.298052 4.03433e-05 -0.17968 -0.20774 -0.151999 -0.059102 0.151995 0.117156 -0.0277874 -0.0680524 -0.120281 -0.0195818 0.0727527 -0.0597847 -0.0224126 0.00853387 -0.0157807 0.00931563 -0.27819 0.217002
internal_weight=870 656 356 214 76 300 240 163 91 116 138 94 90 63 77 260 65 107 70 153 105 66 72 50
internal_count=870 656 356 214 76 300 240 163 91 116 138 94 90 63 77 260 65 107 70 153 105 66 72 50
is_linear=0
shrinkage=0.04


Tree=10
num_leaves=27
num_cat=0
split_feature=4 4 4 7 4 4 9 8 4 9 8 7 9 9 7 7 7 9 0 9 4 4 8 9 0 4
split_gain=13153.9 3872.86 2917.59 1026.23 780.399 615.162 422.247 345.992 441.262 353.167 219.612 206.421 199.866 193.486 156.406 154.168 142.788 142.721 131.096 112.825 86.6936 110.761 75.0992 55.3038 19.7305 3.57658
threshold=0.79023922957948312 2.3127876754130554 -0.12328983792066023 1.1445794666770477 -0.6714072784207461 1.7037682970796266 1.193919514015344 -0.63134183865453442 -0.48870146492071748 -0.082716154825155472 -0.63134183865453442 -0.90629464749658817 -0.55305561176639195 0.58919735509089699 -1.1992766638071075 -1.1992766638071075 0.26563341774548938 1.0595368120321338 1.0000000180025095e-35 -0.082716154825155472 0.4126472150127572 0.083776750712705572 1.0000000180025095e-35 0.25324060013287075 1.0000000180025095e-35 -0.91501502975411764
decision_type=2 2 2 2 2 2 2 2 2 2 2 2 2 2 2 2 2 2 2 2 2 2 2 2 2 2
left_child=2 5 3 4 10 15 13 8 -6 11 16 -9 -13 14 -4 -2 25 -17 -8 22 21 -16 -12 -21 -25 -1
right_child=1 -3 6 -5 7 -7 18 9 -10 -11 19 12 -14 -15 20 17 -18 -19 -20 23 -22 -23 -24 24 -26 -27
leaf_value=-0.16604512405395508 0.12683647293065275 0.79874621009826652 -0.027662409404102639 0.11695273214521316 0.1087902366050652 0.42187124649683633 0.083257432596103575 -0.17026368231773376 -0.090266359606567689 -0.21104831795220283 -0.22545022881948032 0.046549079053931769 -0.10346231330434481 -0.082204094590811891 0.08117025783738574 0.30181509902400355 -0.065373212993144997 0.18616227821299905 0.19917840701562387 -0.28929676894098522 0.11515370184375394 -0.021330129946431808 -0.13326792692585337 -0.2426753187332398 -0.19715383620262145 -0.18686042689851351
leaf_weight=25 28 25 49 26 28 27 37 25 49 48 26 27 30 29 37 31 28 38 27 32 31 31 31 39 25 28
leaf_count=25 28 25 49 26 28 27 37 25 49 48 26 27 30 29 37 31 28 38 27 32 31 31 31 39 25 28
internal_value=0.00296891 0.344571 -0.0689219 -0.127254 -0.141651 0.253003 0.0441112 -0.0850767 -0.0178821 -0.124877 -0.191698 -0.0744346 -0.0324043 0.0122737 0.0307863 0.205999 -0.13844 0.238122 0.132162 -0.219893 0.0597155 0.0344421 -0.175316 -0.246361 -0.224893 -0.177042
internal_weight=857 149 708 467 441 124 241 207 77 130 234 82 57 177 148 97 81 69 64 153 99 68 57 96 64 53
internal_count=857 149 708 467 441 124 241 207 77 130 234 82 57 177 148 97 81 69 64 153 99 68 57 96 64 53
is_linear=0
shrinkage=0.04


Tree=11
num_leaves=27
num_cat=0
split_feature=7 2 7 9 8 8 6 6 9 1 6 5 9 6 6 6 6 9 9 6 5 6 9 9 5 8
split_gain=7172.49 2969.93 1961.83 1623.32 841.436 772.269 422.978 486.217 261.846 250.033 183.356 147.228 202.052 246.454 190.998 171.555 161.3 125.183 167.377 92.8275 87.022 78.313 77.3502 41.1266 30.9124 22.2898
threshold=0.85159745036652823 1.0000000180025095e-35 -0.32033061487554942 1.3283022159985547 -0.63134183865453442 -0.63134183865453442 0.30250609372052223 -0.72069791484163315 -1.5609258766404703 1.0000000180025095e-35 0.52988476228989012 1.0000000180025095e-35 -0.55305561176639195 -1.0617659176956848 -0.94807658341100087 0.87095276514394182 0.30250609372052223 0.52200600409929165 -0.082716154825155472 0.18881675943583826 1.0000000180025095e-35 0.41619542800520609 0.32043195112447598 -1.2921604726740494 1.1378206180301593 1.0000000180025095e-35
decision_type=2 2 2 2 2 2 2 2 2 2 2 2 2 2 2 2 2 2 2 2 2 2 2 2 2 2
left_child=2 -2 8 9 6 -5 7 -4 -1 20 -7 14 13 -13 -10 24 -16 18 -6 -14 -3 -19 25 -18 -15 -20
right_child=1 3 4 5 17 10 -8 -9 11 -11 -12 12 19 15 16 -17 23 21 22 -21 -22 -23 -24 -25 -26 -27
leaf_value=0.092853471611331159 0.60025749995158273 -0.052322866851715624 -0.1001147089259965 0.43103906666239106 -0.13978868154699312 0.11960434584906608 -0.14578662553498911 0.1316511267622312 0.034670033278790389 0.12468666464090347 0.25294602791468301 -0.068209149198872707 -0.1100484469303718 0.1239880651308269 -0.14214927090180887 -0.011452105276046261 -0.071342996828114749 -0.18744992742935818 -0.2447698812186718 -0.0075615588767874633 0.038531797509039602 -0.091592075634002693 -0.19373485398563473 -0.0026095597147941592 0.068232869918529809 -0.29276234943419693
leaf_weight=41 26 37 28 30 34 33 43 30 33 32 33 28 26 41 37 31 26 30 30 31 31 25 33 30 26 32
leaf_count=41 26 37 28 30 34 33 43 30 33 32 33 28 26 41 37 31 26 30 30 31 31 25 33 30 26 32
internal_value=0.00285016 0.198561 -0.0655716 0.145275 -0.143485 0.262764 -0.0507179 0.0197642 -0.00212742 0.0324851 0.186275 -0.0147301 0.00818047 0.03645 -0.0480049 0.0663526 -0.0773412 -0.194407 -0.21595 -0.05431 -0.0109038 -0.143878 -0.243208 -0.0345215 0.102352 -0.26954
internal_weight=857 222 635 196 285 96 101 58 350 100 66 309 183 126 126 98 93 184 129 57 68 55 95 56 67 62
internal_count=857 222 635 196 285 96 101 58 350 100 66 309 183 126 126 98 93 184 129 57 68 55 95 56 67 62
is_linear=0
shrinkage=0.04


Tree=12
num_leaves=27
num_cat=0
split_feature=7 2 7 9 8 8 9 9 0 5 9 0 9 9 8 0 5 0 9 9 9 0 0 0 0 8
split_gain=6610.17 2737.09 1808.02 1496.05 775.468 711.723 294.509 241.317 230.43 135.685 186.211 134.701 115.369 154.254 84.052 83.263 80.1995 77.3697 71.286 64.212 69.1234 52.0023 71.6339 40.8082 25.6836 20.5423
threshold=0.85159745036652823 1.0000000180025095e-35 -0.32033061487554942 1.3283022159985547 -0.63134183865453442 -0.63134183865453442 0.32043195112447598 -1.5609258766404703 0.74913504757291582 1.0000000180025095e-35 -0.55305561176639195 0.74913504757291582 0.52200600409929165 -0.082716154825155472 -0.63134183865453442 1.0000000180025095e-35 1.0000000180025095e-35 -1.0000000180025095e-35 0.32043195112447598 -1.0233950687076285 -0.75462966474120774 -0.7491350475729156 0.74913504757291582 -1.0000000180025095e-35 1.0000000180025095e-35 1.0000000180025095e-35
decision_type=2 2 2 2 2 2 2 2 2 2 2 2 2 2 2 2 2 2 2 2 2 2 2 2 2 2
left_child=2 -2 7 8 6 -5 23 -1 16 14 11 19 13 -6 -9 -7 -3 -12 25 -11 -21 -16 -23 -4 -14 -15
right_child=1 3 4 5 12 15 -8 9 -10 10 17 -13 24 18 21 -17 -18 -19 -20 20 -22 22 -24 -25 -26 -27
leaf_value=0.089139333294659132 0.57624720738484303 -0.050229950204894347 -0.14986400430202484 0.41379750621318823 -0.13419713342891021 0.1437415430022449 0.024525289205794637 -0.095800939343477554 0.11969919726252556 0.061843870491362536 -0.0047102989895003184 0.10038477156725195 -0.1630756539007028 -0.23497909142325324 0.022866791715988745 0.23635970497131348 0.036990523415227093 -0.097929408298484205 -0.18598545742757391 -0.055590347513075802 0.027590742535663373 -0.081067777859667928 0.0060641203935329737 -0.080127287280970613 -0.10817992029190064 -0.28105185681022704
leaf_weight=41 26 37 25 30 34 41 47 38 32 26 28 36 30 30 26 25 31 29 33 31 33 36 26 29 25 32
leaf_count=41 26 37 25 30 34 41 47 38 32 26 28 36 30 30 26 25 31 29 33 31 33 36 26 29 25 32
internal_value=0.00273615 0.190619 -0.0629487 0.139464 -0.137746 0.252253 -0.0486891 -0.00204233 0.0311857 -0.0141409 0.00785325 0.034992 -0.186631 -0.207312 -0.0460847 0.178824 -0.0104677 -0.0521376 -0.233479 0.00883483 -0.0127001 -0.0246163 -0.0445286 -0.112413 -0.138123 -0.258759
internal_weight=857 222 635 196 285 96 101 350 100 309 183 126 184 129 126 66 68 57 95 90 64 88 62 54 55 62
internal_count=857 222 635 196 285 96 101 350 100 309 183 126 184 129 126 66 68 57 95 90 64 88 62 54 55 62
is_linear=0
shrinkage=0.04


Tree=13
num_leaves=27
num_cat=0
split_feature=4 4 4 4 4 7 6 6 8 4 5 4 6 7 6 0 4 0 5 6 8 6 6 4 0 4
split_gain=11303.1 3498.89 2377.92 697.112 529.455 396.118 361.637 557.752 194.158 304.879 202.017 156.883 196.923 138.325 128.555 146.352 125.369 191.651 120.66 246.423 117.731 147.092 114.521 101.818 76.3335 1.73542
threshold=0.79023922957948312 2.3127876754130554 -0.098929062787323066 -0.70794844112075184 1.7037682970796266 1.4375614829875671 -0.83438724912631701 0.41619542800520609 -0.63134183865453442 -0.48870146492071748 0.67499283280135014 -0.415619139520706 -0.15225124341821353 -0.32033061487554942 -0.72069791484163315 0.74913504757291582 0.095957138279374146 -0.7491350475729156 1.0000000180025095e-35 -0.83438724912631701 1.0000000180025095e-35 -0.72069791484163315 1.0000000180025095e-35 -0.95155619245412326 -1.0000000180025095e-35 0.24212178907939708
decision_type=2 2 2 2 2 2 2 2 2 2 2 2 2 2 2 2 2 2 2 2 2 2 2 2 2 2
left_child=2 4 3 18 6 14 -2 -8 9 -5 11 -10 -13 -11 -4 16 -16 -18 20 -20 21 -1 -12 -22 -23 -17
right_child=1 -3 5 8 -6 -7 7 -9 10 13 22 12 -14 -15 15 25 17 -19 19 -21 23 24 -24 -25 -26 -27
leaf_value=-0.239645516368059 0.30691115823028414 0.75097575473785394 0.079689766154624517 0.059806956902146338 0.38891416806313728 0.18325911381414958 0.016698421686887743 0.24621219462818569 -0.18411287013603292 -0.029176001166924835 -0.095117477163672443 -0.018142057014629245 -0.16339662869061744 -0.15475075058937074 0.054947240138053896 0.053208540439605712 0.026686066640540958 -0.10136380496289996 -0.030846032968589236 -0.17960018176927556 -0.29088696179481655 -0.16846361743834087 0.022667726131954363 -0.18273901494344078 -0.081676754163157561 0.068112713646888742
leaf_weight=26 29 25 48 40 27 28 32 36 46 32 25 32 28 25 25 25 32 45 28 49 26 34 28 30 31 25
leaf_count=26 29 25 48 40 27 28 32 36 46 32 25 32 28 25 25 25 32 45 28 49 26 34 28 30 31 25
internal_value=0.0026267 0.319285 -0.0640147 -0.114538 0.232251 0.0423494 0.188643 0.138206 -0.0694461 -0.0248466 -0.0966546 -0.128536 -0.0859275 -0.0842526 0.022622 0.00460063 -0.0228798 -0.0481483 -0.166071 -0.125508 -0.187318 -0.159237 -0.0328913 -0.232951 -0.127073 0.0606606
internal_weight=857 149 708 480 124 228 97 68 256 97 159 106 60 57 200 152 102 77 224 77 147 91 53 56 65 50
internal_count=857 149 708 480 124 228 97 68 256 97 159 106 60 57 200 152 102 77 224 77 147 91 53 56 65 50
is_linear=0
shrinkage=0.04


Tree=14
num_leaves=26
num_cat=0
split_feature=4 4 4 7 4 4 7 6 6 9 9 9 4 9 6 0 4 0 4 5 6 0 6 7 9
split_gain=10416.9 3224.57 2191.49 684.098 660.976 487.945 365.063 339.535 638.066 311.206 213.033 137.416 358.853 256.832 118.476 134.878 115.54 176.625 107.55 157.638 125.922 85.2166 84.777 34.0125 16.304
threshold=0.79023922957948312 2.3127876754130554 -0.098929062787323066 1.1445794666770477 -0.6714072784207461 1.7037682970796266 1.4375614829875671 -0.72069791484163315 0.41619542800520609 0.58919735509089699 -1.157777770690839 -0.55305561176639195 -0.34253681412069453 1.0000000180025095e-35 -0.72069791484163315 0.74913504757291582 0.095957138279374146 -0.7491350475729156 -0.82975231678743755 1.0000000180025095e-35 1.0000000180025095e-35 -0.7491350475729156 -0.26594057770289742 0.26563341774548938 -0.75462966474120774
decision_type=2 2 2 2 2 2 2 2 2 2 2 2 2 2 2 2 2 2 2 2 2 2 2 2 2
left_child=2 5 3 4 18 7 14 -2 -9 10 -6 22 13 -13 -4 16 -16 -18 19 21 -20 -1 -12 -23 -17
right_child=1 -3 6 -5 9 -7 -8 8 -10 -11 11 12 -14 -15 15 24 17 -19 20 -21 -22 23 -24 -25 -26
leaf_value=-0.27623408231241953 0.28296787107692045 0.72093672609329218 0.076502176433180774 0.074989546626806264 -0.15300102841751329 0.37335759988537542 0.17592875233718328 -0.0208713165918986 0.23636370579401653 -0.19623867424471036 -0.035688432543366046 -0.090727092659834668 -0.16889511057559184 0.063763184348742175 0.052749348115921024 0.035392850971221926 0.025618623294867575 -0.097309253401226481 -0.088152802081211748 -0.13085534623691014 -0.18519271238101645 -0.22596405112454968 0.062806113317351919 -0.16983143638341855 0.081075552678108218
leaf_weight=29 34 25 48 30 29 27 28 27 36 28 27 33 34 36 25 25 32 45 46 49 40 31 29 39 25
leaf_count=29 34 25 48 30 29 27 28 27 36 28 27 33 34 36 25 25 32 45 46 49 40 31 29 39 25
internal_value=0.00252164 0.306514 -0.0614541 -0.109956 -0.122286 0.222961 0.0406554 0.181098 0.12612 -0.0718281 -0.0532989 -0.0351142 -0.0625335 -0.0101235 0.0217171 0.0044166 -0.0219646 -0.0462223 -0.168862 -0.189534 -0.133288 -0.218577 0.0153177 -0.19469 0.0582342
internal_weight=857 149 708 480 450 124 228 97 63 216 188 159 103 69 200 152 102 77 234 148 86 99 56 70 50
internal_count=857 149 708 480 450 124 228 97 63 216 188 159 103 69 200 152 102 77 234 148 86 99 56 70 50
is_linear=0
shrinkage=0.04


Tree=15
num_leaves=26
num_cat=0
split_feature=4 4 2 7 4 6 4 1 5 6 7 5 7 4 7 4 1 1 8 5 4 6 7 6 4
split_gain=8040.7 1716.14 1184.63 800.264 732.217 254.206 222.187 209.159 176.49 146.373 179.944 147.934 135.665 179.924 253.134 93.9785 87.0415 84.5251 79.4008 99.2936 74.3648 72.6748 72.5604 63.7283 26.0805
threshold=0.60144322229612024 1.8742937230129866 1.0000000180025095e-35 1.4375614829875671 -0.62268572815407175 -0.83438724912631701 1.0000000180025095e-35 1.0000000180025095e-35 0.67499283280135014 -0.83438724912631701 0.26563341774548938 1.0000000180025095e-35 1.1445794666770477 -0.48870146492071748 -0.32033061487554942 0.85114116741282597 1.0000000180025095e-35 1.0000000180025095e-35 -0.63134183865453442 1.0000000180025095e-35 -0.31817603898735741 1.0000000180025095e-35 0.26563341774548938 0.87095276514394182 -0.79321115408743181
decision_type=2 2 2 2 2 2 2 2 2 2 2 2 2 2 2 2 2 2 2 2 2 2 2 2 2
left_child=2 3 -1 5 9 -2 8 15 12 22 11 23 13 -6 -15 -7 -12 18 -8 -20 -10 -16 -4 -11 -13
right_child=1 -3 4 -5 6 7 17 -9 20 10 16 24 -14 14 21 -17 -18 -19 19 -21 -22 -23 -24 -25 -26
leaf_value=0.16815962837588402 0.20531728785288964 0.45530028856717619 -0.054036799336588663 0.3573067721614131 -0.03261708804079004 -0.015041516105142923 0.027201739171785966 0.17631736154909486 -0.054236733494578186 -0.25301923734385789 -0.13573734790410685 -0.10236291068792344 -0.013824177425483178 -0.069255397522449497 -0.14971871173878509 0.082643839031457902 -0.043010967636108399 0.041118908829805331 -0.10757549832723554 -0.0046041352133597098 0.030509354400758946 -0.24017666847617539 -0.13677873130355564 -0.17630023864905039 -0.15906090917410676
leaf_weight=31 38 39 43 27 37 26 28 27 37 41 46 25 29 50 30 40 25 41 29 31 30 27 28 30 27
leaf_count=31 38 39 43 27 37 26 28 27 37 41 46 25 29 50 30 40 25 41 29 31 30 27 28 30 27
internal_value=-0.00678429 0.217672 -0.0732772 0.159016 -0.0850825 0.118147 -0.0486537 0.0825295 -0.0714096 -0.135808 -0.153792 -0.183061 -0.0927563 -0.108652 -0.134945 0.0441617 -0.103087 -0.00631701 -0.0284178 -0.0543736 -0.0162907 -0.192567 -0.0866674 -0.220603 -0.131802
internal_weight=862 197 665 158 634 131 369 93 240 265 194 123 173 144 107 66 71 129 88 60 67 57 71 71 52
internal_count=862 197 665 158 634 131 369 93 240 265 194 123 173 144 107 66 71 129 88 60 67 57 71 71 52
is_linear=0
shrinkage=0.04


Tree=16
num_leaves=26
num_cat=0
split_feature=4 4 3 9 7 4 9 6 6 6 4 6 5 6 8 5 4 8 9 4 9 0 9 7 5
split_gain=7410.31 1581.59 1018.91 754.874 737.523 575.012 278.322 280.163 400.63 234.276 196.01 181.941 142.501 150.73 114.735 108.437 117.927 188.943 94.8598 91.2417 85.4778 78.7986 59.722 55.5335 37.7381
threshold=0.60144322229612024 1.8742937230129866 1.0000000180025095e-35 1.193919514015344 1.4375614829875671 -0.62268572815407175 -0.082716154825155472 0.41619542800520609 -0.60700858055694906 -0.83438724912631701 1.0216665933461864 -0.83438724912631701 -0.71349052288507664 0.18881675943583826 1.0000000180025095e-35 1.0000000180025095e-35 -0.73230921625408896 1.0000000180025095e-35 -0.55305561176639195 -0.18419177575400311 0.051666547158054986 1.0000000180025095e-35 1.5298762689733703 0.26563341774548938 1.1378206180301593
decision_type=2 2 2 2 2 2 2 2 2 2 2 2 2 2 2 2 2 2 2 2 2 2 2 2 2
left_child=2 4 3 5 9 11 12 8 -8 -2 -11 20 -7 18 24 16 17 23 19 -14 -1 -17 -5 -13 -15
right_child=1 -3 -4 22 -6 6 7 -9 -10 10 -12 15 13 14 -16 21 -18 -19 -20 -21 -22 -23 -24 -25 -26
leaf_value=-0.049916253629184906 0.19710459409575712 0.43708827557854163 0.14295465283534106 0.014508370833519177 0.34301450508612169 -0.10734989672899246 -0.17309021603316069 -0.22066790794504101 0.024101781038676991 0.021778587905016352 0.13792694682660309 -0.15550004890509722 0.032748755895747592 0.01871931783358256 0.088670526009339556 -0.15603615054062434 -0.24760000308354696 -0.23333793856416432 -0.10475980869418866 -0.068858913615826634 -0.14113930003786529 -0.063055868554115296 0.091898412205692795 -0.077874676287174233 -0.045849740824529105
leaf_weight=42 38 39 34 39 27 36 32 29 34 47 46 29 26 30 26 35 33 35 37 31 27 25 27 30 28
leaf_count=42 38 39 34 39 27 36 32 29 34 47 46 29 26 30 26 35 33 35 37 31 27 25 27 30 28
internal_value=-0.00651292 0.208965 -0.0703461 -0.0818394 0.152656 -0.0967924 -0.0600629 -0.11704 -0.0715065 0.113421 0.0792283 -0.141126 -0.0347694 -0.0200902 0.0188479 -0.16161 -0.182546 -0.159708 -0.0548859 -0.0225116 -0.0856122 -0.117294 0.0461679 -0.11603 -0.012452
internal_weight=862 197 665 631 158 565 309 95 66 131 93 256 214 178 84 187 127 94 94 57 69 60 66 59 58
internal_count=862 197 665 631 158 565 309 95 66 131 93 256 214 178 84 187 127 94 94 57 69 60 66 59 58
is_linear=0
shrinkage=0.04


Tree=17
num_leaves=25
num_cat=0
split_feature=4 4 2 7 4 6 4 0 5 0 6 7 0 5 7 4 7 6 0 0 8 6 6 4
split_gain=6829.34 1457.59 1012.85 679.701 617.517 215.909 198.946 192.286 158.646 164.173 123.524 157.365 146.21 125.837 113.806 167.142 217.821 82.5128 78.7778 87.2126 69.3897 64.0554 57.5656 24.0699
threshold=0.60144322229612024 1.8742937230129866 1.0000000180025095e-35 1.4375614829875671 -0.62268572815407175 -0.83438724912631701 1.0000000180025095e-35 0.74913504757291582 0.67499283280135014 -1.0000000180025095e-35 -0.83438724912631701 0.26563341774548938 -1.0000000180025095e-35 1.0000000180025095e-35 1.1445794666770477 -0.48870146492071748 -0.32033061487554942 0.41619542800520609 0.74913504757291582 -0.7491350475729156 -0.63134183865453442 1.0000000180025095e-35 0.87095276514394182 -0.79321115408743181
decision_type=2 2 2 2 2 2 2 2 2 2 2 2 2 2 2 2 2 2 2 2 2 2 2 2
left_child=2 3 -1 5 10 -2 8 17 14 -10 20 13 -13 22 15 -6 -17 -7 19 -8 -4 -18 -12 -15
right_child=1 -3 4 -5 6 7 18 -9 9 -11 11 12 -14 23 -16 16 21 -19 -20 -21 -22 -23 -24 -25
leaf_value=0.15571505725383758 0.18922041409109766 0.41960474888483684 -0.029408646027247111 0.3292939197575605 -0.028040412310007454 -0.014481020945089835 0.018365848736885265 0.16598451949931955 0.051214882866479461 -0.074139455859150202 -0.23435736064503832 -0.16123987082454064 -0.045034608855480107 -0.093365864157676698 -0.01447190558088237 -0.065730774545669557 -0.13989111481110256 0.076484858047885768 0.040862073752938245 -0.061794684231281281 -0.11086565071886235 -0.22481557333910906 -0.16144214290380479 -0.14783451655396709
leaf_weight=31 38 39 27 27 37 27 39 27 32 35 41 30 41 25 29 50 30 39 41 49 44 27 30 27
leaf_count=31 38 39 27 27 37 27 39 27 32 35 41 30 41 25 29 50 30 39 41 49 44 27 30 27
internal_value=-0.0062524 0.200606 -0.0675323 0.146549 -0.0784482 0.108885 -0.044994 0.0760592 -0.066527 -0.0142687 -0.125031 -0.141553 -0.0941354 -0.168924 -0.0867657 -0.101325 -0.126666 0.0392715 -0.00493276 -0.026269 -0.079889 -0.180118 -0.203548 -0.121648
internal_weight=862 197 665 158 634 131 369 93 240 67 265 194 71 123 173 144 107 66 129 88 71 57 71 52
internal_count=862 197 665 158 634 131 369 93 240 67 265 194 71 123 173 144 107 66 129 88 71 57 71 52
is_linear=0
shrinkage=0.04


Tree=18
num_leaves=25
num_cat=0
split_feature=4 4 2 9 4 9 9 9 6 4 5 0 6 6 4 0 4 5 4 4 9 0 4 4
split_gain=6299.03 1194.95 1038.93 816.639 509.687 337.162 276.155 232.888 156.166 249.863 238.258 160.266 156.061 152.203 155.799 106.597 100.377 94.7441 107.139 112.975 78.5748 71.3154 41.4318 27.0256
threshold=0.69279612904613452 1.8742937230129866 1.0000000180025095e-35 1.193919514015344 -0.62268572815407175 1.3283022159985547 -0.55305561176639195 -1.0233950687076285 -1.0617659176956848 -0.48870146492071748 -0.25066273765626779 -1.0000000180025095e-35 -0.83438724912631701 -0.83438724912631701 1.0216665933461864 0.74913504757291582 0.083776750712705572 1.0000000180025095e-35 -0.73230921625408896 -1.0002777427207976 0.051666547158054986 1.0000000180025095e-35 -0.14765061305399738 0.12031791341271131
decision_type=2 2 2 2 2 2 2 2 2 2 2 2 2 2 2 2 2 2 2 2 2 2 2 2
left_child=2 5 -1 4 12 13 7 16 -8 -10 -11 -12 20 -2 -15 23 -6 18 19 -14 -4 -19 -9 -5
right_child=1 -3 3 15 6 -7 8 22 9 10 11 -13 17 14 -16 -17 -18 21 -20 -21 -22 -23 -24 -25
leaf_value=0.15820159170550832 0.1879256042752947 0.4028205561179381 -0.044803805521556307 0.044094055891036987 -0.10633927724191121 0.27296056473049624 -0.1742674774548103 0.064337657706157583 0.032227991202781942 -0.20830581846237184 -0.0037510431413021353 -0.11490896835923195 -0.19106668384785347 0.014487868033606431 0.13390828151594508 0.11322027817920402 -0.01230334997177124 -0.14484667873382567 -0.23098989381934659 -0.1033632939800303 -0.13226587061528805 -0.05639148194491863 0.0052495248806782259 -0.013579395814583853
leaf_weight=33 35 39 42 26 42 29 29 37 29 25 36 49 47 29 44 27 32 35 33 47 27 25 39 26
leaf_count=33 35 39 42 26 42 29 29 37 29 25 36 49 47 29 44 27 32 35 33 47 27 25 39 26
internal_value=-0.0060023 0.207474 -0.0607717 -0.0718377 -0.0884326 0.151864 -0.0546135 -0.0151649 -0.0898355 -0.0722202 -0.0997566 -0.0678303 -0.130442 0.119347 0.0864673 0.0487383 -0.0656751 -0.149413 -0.168983 -0.147215 -0.0790281 -0.10799 0.0340161 0.0152573
internal_weight=862 176 686 653 574 137 318 150 168 139 110 85 256 108 73 79 74 187 127 94 69 60 76 52
internal_count=862 176 686 653 574 137 318 150 168 139 110 85 256 108 73 79 74 187 127 94 69 60 76 52
is_linear=0
shrinkage=0.04


Tree=19
num_leaves=25
num_cat=0
split_feature=4 4 2 9 4 9 9 6 6 6 6 4 6 5 6 6 5 4 4 9 4 9 0 6
split_gain=5812.65 1235.55 857.846 594.602 454.753 299.773 221.716 251.689 368.477 155.548 153.215 239.999 143.826 120.711 134.247 112.966 87.3162 98.7389 104.117 81.5489 84.181 72.4146 65.7243 62.8367
threshold=0.60144322229612024 1.8742937230129866 1.0000000180025095e-35 1.193919514015344 -0.62268572815407175 1.3954935669901598 -0.082716154825155472 0.41619542800520609 -0.60700858055694906 -0.83438724912631701 0.30250609372052223 1.0216665933461864 -0.83438724912631701 -0.71349052288507664 0.18881675943583826 -0.49331924627226525 1.0000000180025095e-35 -0.73230921625408896 -1.0002777427207976 -0.55305561176639195 -0.18419177575400311 0.051666547158054986 1.0000000180025095e-35 0.87095276514394182
decision_type=2 2 2 2 2 2 2 2 2 2 2 2 2 2 2 2 2 2 2 2 2 2 2 2
left_child=2 5 -1 4 12 9 13 8 -8 -2 -11 -12 21 -6 19 -5 17 18 -14 20 -15 -4 -18 -16
right_child=1 -3 3 15 6 -7 7 -9 -10 10 11 -13 16 14 23 -17 22 -19 -20 -21 -22 -23 -24 -25
leaf_value=0.14315839023359361 0.1771296915009215 0.38670773484768012 -0.043011655282406573 -0.028199160802364349 -0.09644026149769086 0.2468282364645312 -0.15834246933460236 -0.20229888595383741 0.030770979593781864 0.012724566678790485 0.037562943143504009 0.20317823035376414 -0.18342401524490498 0.033221663500253976 0.056873163747099734 0.078727242839197784 -0.13905281066894531 -0.2217502987023556 -0.099228760606430946 -0.096117115113380794 -0.064375458066501925 -0.12697523624808699 -0.054135823214054107 -0.0124961982038286
leaf_weight=31 37 39 42 25 37 31 32 29 34 34 28 28 47 26 39 43 35 33 47 37 31 27 25 45
leaf_count=31 37 39 42 25 37 31 32 29 34 34 28 28 47 26 39 43 35 33 47 37 31 27 25 45
internal_value=-0.00576221 0.185078 -0.062297 -0.0723429 -0.0857698 0.135309 -0.0531877 -0.104078 -0.0609204 0.108088 0.0797043 0.120371 -0.125225 -0.0307013 -0.0170364 0.0394161 -0.143437 -0.162224 -0.141326 -0.0498746 -0.0198575 -0.075867 -0.103671 0.019711
internal_weight=862 197 665 634 566 158 310 95 66 127 90 56 256 215 178 68 187 127 94 94 57 69 60 84
internal_count=862 197 665 634 566 158 310 95 66 127 90 56 256 215 178 68 187 127 94 94 57 69 60 84
is_linear=0
shrinkage=0.04


Tree=20
num_leaves=28
num_cat=0
split_feature=4 4 4 2 9 6 9 5 6 6 6 9 9 6 6 4 4 0 0 5 4 9 5 4 4 4 6
split_gain=4800.46 1597.75 1576.49 782.01 345.065 376.266 302.752 215.058 173.969 164.464 157.935 132.175 256.466 119.225 261.719 131.006 164.774 76.0472 208.278 141.683 222.499 74.9359 52.9837 51.6172 42.6066 37.7038 12.7813
threshold=1.0216665933461864 -0.37907797682070027 2.3127876754130554 1.0000000180025095e-35 1.4626849179817649 0.52988476228989012 0.92515411004892301 1.0000000180025095e-35 -0.72069791484163315 0.41619542800520609 1.0983314337133099 0.58919735509089699 0.3876233021160812 -1.4028339205497364 -0.83438724912631701 -0.64704650328740898 -0.80539154165410043 1.2485584126215263 0.74913504757291582 0.67499283280135014 0.22994140151272849 -0.28429020779997111 -0.25066273765626779 -0.53742301518739166 -0.050207512520648777 -0.81757192922076893 -0.49331924627226525
decision_type=2 2 2 2 2 2 2 2 2 2 2 2 2 2 2 2 2 2 2 2 2 2 2 2 2 2 2
left_child=1 6 8 -3 5 17 11 10 -2 -10 -7 12 13 -1 25 16 21 18 19 20 26 -16 -13 -17 -9 -15 -5
right_child=2 3 -4 4 -6 7 -8 24 9 -11 -12 22 -14 14 15 23 -18 -19 -20 -21 -22 -23 -24 -25 -26 -27 -28
leaf_value=-0.18866430980187876 0.23849298791090648 0.22851041782785345 0.51345589234278755 -0.090718278342485428 0.1217293667834666 -0.16745246238614386 0.036981493377685547 0.031943636286258695 0.044789751126216013 0.17843234293601093 -0.038000610065460204 -0.12645591480391366 0.016350960464313113 -0.053876617201443378 -0.059388960466853213 -0.035901778114253075 -0.20869425260207869 -0.036445848327819948 0.12736430007964372 0.075489062627777465 0.058894709004340948 -0.14205128124419678 -0.20575393423438074 -0.11351805531061614 -0.041905201172828671 0.013155093777179718 -0.050270679598487911
leaf_weight=27 30 27 26 25 36 38 25 25 26 34 25 28 29 29 28 29 44 27 32 40 37 47 26 26 25 25 25
leaf_count=27 30 27 26 25 36 38 25 25 26 34 25 28 29 29 28 29 44 27 32 40 37 47 26 26 25 25 25
internal_value=0.000187427 -0.038039 0.239102 0.0214236 0.00473305 -0.00935346 -0.0973377 -0.0669225 0.159845 0.120521 -0.116083 -0.107273 -0.0963654 -0.109184 -0.099772 -0.123646 -0.147242 0.0256213 0.036161 0.0131807 -0.0154669 -0.111191 -0.164636 -0.0725931 -0.00498078 -0.0228434 -0.0704945
internal_weight=841 725 116 362 335 299 363 113 90 60 63 338 284 255 228 174 119 186 159 127 87 75 54 55 50 54 50
internal_count=841 725 116 362 335 299 363 113 90 60 63 338 284 255 228 174 119 186 159 127 87 75 54 55 50 54 50
is_linear=0
shrinkage=0.04


Tree=21
num_leaves=27
num_cat=0
split_feature=4 4 4 2 7 7 5 9 4 4 9 5 9 9 4 4 7 0 4 4 4 9 4 5 4 4
split_gain=4424.1 1472.48 1452.89 720.701 324.497 279.016 196.165 184.076 167.119 396.436 132.226 260.923 121.812 236.359 117.952 112.021 97.8318 90.7157 102.338 172.522 181.427 96.5413 59.7736 48.8298 43.384 43.3251
threshold=1.0216665933461864 -0.37907797682070027 2.3127876754130554 1.0000000180025095e-35 1.4375614829875671 0.85159745036652823 1.0000000180025095e-35 -0.55305561176639195 1.2774547322462262 1.6428663592462838 0.051666547158054986 -0.71349052288507664 0.58919735509089699 0.3876233021160812 -0.050207512520648777 0.047235588012699836 0.85159745036652823 -0.7491350475729156 -0.89065425462078041 -0.65922689085407749 -0.54960340275406028 -0.14990750581676068 0.15685907611271704 -0.25066273765626779 -0.78103076652076331 -0.76885037895409469
decision_type=2 2 2 2 2 2 2 2 2 2 2 2 2 2 2 2 2 2 2 2 2 2 2 2 2 2
left_child=1 5 8 -3 6 12 10 14 -2 -10 11 22 13 17 -8 -12 -9 24 21 25 -21 -19 -5 -14 -1 -20
right_child=2 3 -4 4 -6 -7 7 16 9 -11 15 -13 23 -15 -16 -17 -18 18 19 20 -22 -23 -24 -25 -26 -27
leaf_value=-0.17436546578565065 0.21868718017597455 0.21937000266931678 0.49291766425737971 -0.11013047298192978 0.11300052281469107 0.035502233409881595 0.13674753432090467 -0.057252885563218073 -0.0078672140985727307 0.21127987750938959 -0.14918969035148621 0.077408861271246826 -0.12139767629759651 0.015696924369910669 0.030158159347332042 -0.036883294602235155 0.035593996206919352 -0.094406186805831072 -0.12351654303073882 0.014139005495951727 -0.13390138367811838 0.0018928237884275375 -0.028132732134651055 -0.19752377869991158 -0.11477851087632386 -0.19481509582201639
leaf_weight=34 37 27 26 25 39 25 26 46 25 28 27 33 28 29 46 30 30 36 25 26 27 31 33 26 46 30
leaf_count=34 37 27 26 25 39 25 26 46 25 28 27 33 28 29 46 30 30 36 25 26 27 31 33 26 46 30
internal_value=0.00017993 -0.0365174 0.229538 0.0205667 0.00454373 -0.0934442 -0.00974619 0.0228169 0.153451 0.107909 -0.0423093 -0.0123863 -0.102982 -0.0925108 0.0686488 -0.0900811 -0.0206028 -0.104817 -0.0886859 -0.112779 -0.0612778 -0.0498499 -0.0634766 -0.158051 -0.140103 -0.162407
internal_weight=841 725 116 362 335 363 296 148 90 53 148 91 338 284 72 57 76 255 175 108 53 67 58 54 80 55
internal_count=841 725 116 362 335 363 296 148 90 53 148 91 338 284 72 57 76 255 175 108 53 67 58 54 80 55
is_linear=0
shrinkage=0.04


Tree=22
num_leaves=27
num_cat=0
split_feature=4 4 2 4 9 0 7 0 0 9 9 6 4 4 6 6 4 6 6 7 4 4 0 6 4 4
split_gain=4092.18 1689.32 1400.01 731.273 396.998 217.351 216.916 170.213 357.103 151.599 451.842 129.617 177.277 128.703 114.071 573.719 124.636 134.806 99.9668 94.4058 93.6684 63.4498 56.0037 37.8126 23.927 0.0284838
threshold=0.69279612904613452 2.3127876754130554 -1.6916913147484629 -0.34253681412069453 1.3954935669901598 -0.7491350475729156 0.85159745036652823 0.74913504757291582 1.2485584126215263 0.45481465310768643 0.32043195112447598 0.52988476228989012 0.32738450204607711 1.0338469809128548 -0.83438724912631701 -1.1754552519803687 -0.64704650328740898 0.64357409657457409 -0.37962991198758139 -0.32033061487554942 -0.91501502975411764 -0.81757192922076893 -0.7491350475729156 0.30250609372052223 -0.73230921625408896 -0.086748675220654506
decision_type=2 2 2 2 2 2 2 2 2 2 2 2 2 2 2 2 2 2 2 2 2 2 2 2 2 2
left_child=2 4 -1 6 5 -2 9 11 -9 10 14 12 19 -7 15 24 17 21 -15 25 -11 -16 -13 -18 -4 -5
right_child=1 -3 3 7 -6 13 -8 8 -10 20 -12 22 -14 18 16 -17 23 -19 -20 -21 -22 -23 -24 -25 -26 -27
leaf_value=0.24980989255905151 0.1814989513831754 0.47320095435644577 -0.16907638687353868 0.009770871496200562 0.26376851466985846 -0.010629792110673313 0.019199183858357942 0.11664772403628931 -0.044674683959178979 -0.20982236904757365 0.065051029878003264 -0.029374435928560073 0.090383505637829112 0.15059503710040681 -0.15131299456483441 0.088667816909459921 -0.038634050121674174 -0.096240954156965014 0.043434556249529126 -0.072175628216493704 -0.11537237681093671 -0.23151002517452948 -0.10062064317668357 -0.10506556210846738 -0.11426985340714454 0.0078798884955736306
leaf_weight=25 31 26 26 25 26 29 26 46 42 28 28 31 26 26 38 26 26 48 30 42 42 27 41 29 25 26
leaf_count=25 31 26 26 25 26 29 26 46 42 28 28 31 26 26 38 26 26 48 30 42 42 27 41 29 25 26
internal_value=0.000172733 0.176773 -0.0439118 -0.0552437 0.122498 0.0908337 -0.0921925 -0.00637581 0.0396529 -0.100636 -0.0871705 -0.0275828 -0.00195173 0.0577676 -0.104567 -0.0642515 -0.123045 -0.147082 0.0931876 -0.0277659 -0.153152 -0.184626 -0.0699452 -0.0736616 -0.14221 0.00880684
internal_weight=841 168 673 648 142 116 369 279 88 343 273 191 119 85 245 77 168 113 56 93 70 65 72 55 51 51
internal_count=841 168 673 648 142 116 369 279 88 343 273 191 119 85 245 77 168 113 56 93 70 65 72 55 51 51
is_linear=0
shrinkage=0.04


Tree=23
num_leaves=27
num_cat=0
split_feature=4 4 2 4 9 0 9 4 9 9 9 9 6 6 6 4 6 4 5 4 0 4 4 4 6 9
split_gain=3771.35 1556.88 1290.25 673.941 365.873 200.311 199.91 158.283 156.387 430.808 139.713 416.418 119.61 105.128 528.739 114.864 124.237 86.3248 76.1686 91.533 65.4011 58.4754 43.6405 37.208 34.8481 22.103
threshold=0.69279612904613452 2.3127876754130554 -1.6916913147484629 -0.34253681412069453 1.3954935669901598 -0.7491350475729156 0.92515411004892301 -0.25727410115401456 1.193919514015344 -0.35148155879157633 0.45481465310768643 0.32043195112447598 1.0000000180025095e-35 -0.83438724912631701 -1.1754552519803687 -0.64704650328740898 0.64357409657457409 -0.91501502975411764 -0.71349052288507664 0.19340023881272278 1.0000000180025095e-35 -0.81757192922076893 0.27866295177940287 1.0000000180025095e-35 0.30250609372052223 -0.28429020779997111
decision_type=2 2 2 2 2 2 2 2 2 2 2 2 2 2 2 2 2 2 2 2 2 2 2 2 2 2
left_child=2 4 -1 6 5 -2 10 -5 9 18 11 13 -7 14 25 16 21 -12 -9 20 -20 -15 -10 -11 -17 -4
right_child=1 -3 3 7 -6 12 -8 8 22 23 17 -13 -14 15 -16 24 -18 -19 19 -21 -22 -23 -24 -25 -26 -27
leaf_value=0.2398174910247326 0.17423899381391464 0.45427290884348059 -0.11070039937129388 0.079094915548639913 0.25321777550073771 0.098122420688258855 0.018431212993768546 -0.044136501096370739 0.0096346471486268223 -0.16662985671025055 -0.20142947416220391 0.062448988088539673 0.0026863221196751848 -0.14526047405443693 0.085121101759947262 -0.037088685929775239 -0.092391315257797632 -0.11075748270466214 0.011792255247894085 -0.032449929118156431 0.09008189031674016 -0.2222496231176235 0.082976936888694758 -0.098284907686710374 -0.10086293730242499 -0.16337650784254074
leaf_weight=25 31 26 26 31 26 47 26 41 27 26 28 28 38 38 26 26 48 42 38 35 31 27 25 25 29 25
leaf_count=25 31 26 26 31 26 47 26 41 27 26 28 28 38 38 26 26 48 42 38 35 31 27 25 25 29 25
internal_value=0.000165824 0.169702 -0.0421553 -0.0530339 0.117598 0.0872004 -0.0885048 -0.00612078 -0.0167727 -0.0331337 -0.0966108 -0.0836837 0.0554569 -0.100385 -0.0616815 -0.118124 -0.141198 -0.147026 0.00203655 0.0202394 0.0469659 -0.177241 0.0448954 -0.133127 -0.0707151 -0.136522
internal_weight=841 168 673 648 142 116 369 279 248 196 343 273 85 245 77 168 113 70 145 104 69 65 52 51 55 51
internal_count=841 168 673 648 142 116 369 279 248 196 343 273 85 245 77 168 113 70 145 104 69 65 52 51 55 51
is_linear=0
shrinkage=0.04


Tree=24
num_leaves=26
num_cat=0
split_feature=7 3 9 9 8 6 9 9 6 9 6 9 9 0 0 6 0 9 6 9 6 6 5 6 6
split_gain=2442.91 1161.66 586.245 499.32 599.037 313.424 198.625 343.985 154.275 329.526 320.713 126.77 268.656 120.479 113.455 124.725 95.8704 69.2675 63.0288 61.275 44.3511 31.8594 88.6074 12.2806 4.70925
threshold=0.85159745036652823 1.0000000180025095e-35 1.3954935669901598 -0.55305561176639195 -0.63134183865453442 0.52988476228989012 -1.157777770690839 -1.5609258766404703 0.18881675943583826 1.0000000180025095e-35 0.98464209942862591 0.6563887060825021 0.45481465310768643 1.0000000180025095e-35 1.0000000180025095e-35 -0.72069791484163315 -1.0000000180025095e-35 -0.21709885680836591 -0.15225124341821353 -0.88901236672441819 -0.15225124341821353 -0.60700858055694906 -1.1763183081138855 -0.37962991198758139 0.52988476228989012
decision_type=2 2 2 2 2 2 2 2 2 2 2 2 2 2 2 2 2 2 2 2 2 2 2 2 2
left_child=3 2 5 6 8 18 7 -1 9 -5 -10 12 13 17 15 -8 -4 -6 -2 -16 -15 -9 -23 -19 -17
right_child=1 -3 16 4 11 -7 14 21 10 -11 -12 -13 -14 20 19 24 -18 23 -20 -21 -22 22 -24 -25 -26
leaf_value=0.060850513327953423 0.042881754890401309 0.36802645499889663 0.11817808903966631 -0.06921952309431853 -0.042851547493654135 -0.073694354784157548 0.070765707625283142 -0.042394477482885121 -0.15466830445528032 0.10989184811001732 0.044155275542633952 -0.17955796526159559 0.015411945853125433 -0.19281532383523881 0.031154033726659317 -0.023646219475660476 0.20781541439039367 -0.13452987450819751 0.12049849785291232 0.1103008798641317 -0.12621871007606386 -0.043724643550813201 -0.13714032252629599 -0.099217703178524963 -0.048197881484031681
leaf_weight=43 47 26 35 27 34 36 27 32 25 42 27 35 29 32 29 25 42 26 26 34 32 32 33 40 25
leaf_count=43 47 26 35 27 34 36 27 32 25 42 27 35 29 32 29 25 42 26 26 34 32 32 33 40 25
internal_value=0.000159191 0.117588 0.08258 -0.0394192 -0.0713412 0.0228936 0.000369279 -0.0333205 0.000595168 0.0398048 -0.051433 -0.109518 -0.0968165 -0.116662 0.0340591 0.00148794 0.167071 -0.0892344 0.0705261 0.0738682 -0.159517 -0.0750664 -0.0911511 -0.113129 -0.0359221
internal_weight=841 212 186 629 349 109 280 140 121 69 52 228 193 164 140 77 77 100 73 63 64 97 65 66 50
internal_count=841 212 186 629 349 109 280 140 121 69 52 228 193 164 140 77 77 100 73 63 64 97 65 66 50
is_linear=0
shrinkage=0.04


Tree=25
num_leaves=28
num_cat=0
split_feature=2 9 9 7 7 8 6 0 0 6 0 6 9 8 6 6 9 6 6 6 6 8 6 9 6 7 6
split_gain=4473.68 1968.33 589.313 245.292 542.84 496.32 292.76 228.284 199.795 160.554 159.357 127.757 120.864 112.908 151.547 75.3976 198.91 124.572 124.324 74.0281 126.594 70.9075 45.8234 41.5722 22.5825 10.5785 2.05789
threshold=-2.9592882694284057 1.2611108650069494 -1.6281172276320757 0.85159745036652823 -0.32033061487554942 -0.63134183865453442 0.41619542800520609 -0.7491350475729156 1.0000000180025095e-35 -0.83438724912631701 -1.2485584126215259 1.4393994365673617 -1.2921604726740494 1.0000000180025095e-35 -0.26594057770289742 0.41619542800520609 -1.0905864196992339 -0.83438724912631701 0.87095276514394182 -0.60700858055694906 1.0983314337133099 1.0000000180025095e-35 -0.60700858055694906 -0.75462966474120774 0.18881675943583826 -0.90629464749658817 0.30250609372052223
decision_type=2 2 2 2 2 2 2 2 2 2 2 2 2 2 2 2 2 2 2 2 2 2 2 2 2 2 2
left_child=-1 2 -2 4 11 6 9 -3 -9 -6 -7 12 22 14 -5 16 -14 -18 -17 -12 21 -21 -4 -19 -10 -20 -24
right_child=1 7 3 13 5 10 -8 8 24 -11 19 -13 15 -15 -16 18 17 23 25 20 -22 -23 26 -25 -26 -27 -28
leaf_value=0.44542266418536508 0.14222347401853266 0.22681539693900518 -0.027159029850093969 0.031757167774167927 -0.038616192982747009 -0.22575559808657719 -0.11261205086813254 0.02456336110830307 0.17707684057099479 0.095204230248928073 -0.16544926536388885 0.059645443001101091 0.060831741894905769 0.077977143283933403 -0.091570753696560855 0.071602732363419658 -0.0035026796091170535 -0.13271787438094618 -0.040234362637555157 -0.11161930145784503 -0.17596760414264823 -0.036208316840623554 -0.082256646377068976 -0.065182221923555647 0.12477286653518677 -0.0041248796463012691 -0.098183147931098932
leaf_weight=36 29 35 29 44 26 26 34 31 28 32 39 31 30 32 25 39 42 25 27 42 27 38 27 35 25 25 25
leaf_count=36 29 35 29 44 26 26 34 31 28 32 39 31 30 32 25 39 42 25 27 42 27 38 27 35 25 25 25
internal_value=0.0086928 -0.00984762 -0.0344695 -0.0417896 -0.0515126 -0.0944073 -0.0194163 0.140987 0.105225 0.0352158 -0.134519 -0.0177091 -0.0255972 0.0158744 -0.0129269 -0.0103965 -0.0297082 -0.0563376 0.017616 -0.118271 -0.101075 -0.0757991 -0.0674459 -0.0933221 0.152405 -0.022874 -0.0899136
internal_weight=884 848 729 700 599 264 92 119 84 58 172 335 304 101 69 223 132 102 91 146 107 80 81 60 53 52 52
internal_count=884 848 729 700 599 264 92 119 84 58 172 335 304 101 69 223 132 102 91 146 107 80 81 60 53 52 52
is_linear=0
shrinkage=0.04


Tree=26
num_leaves=28
num_cat=0
split_feature=4 4 4 4 9 4 4 7 1 4 9 9 9 9 6 6 9 9 4 4 6 5 6 4 5 6 6
split_gain=5211.41 1421.56 1169.78 298.528 219.088 201.25 160.474 152.513 134.515 215.986 159.542 317.342 283.148 126.299 125.211 131.378 106.898 95.6496 110.548 108.768 86.3443 73.3762 61.2993 46.4645 83.2235 33.5451 13.6447
threshold=1.0216665933461864 2.5563954267464273 1.0000000180025095e-35 -0.75666999138742608 1.193919514015344 1.8438427540963152 1.3505370576462379 -1.1992766638071075 1.0000000180025095e-35 -0.36689758925403171 0.3876233021160812 -0.082716154825155472 0.72358005707410744 0.58919735509089699 1.0983314337133099 0.52988476228989012 0.72358005707410744 0.051666547158054986 -0.90283464218744902 -0.98809735515412911 -0.37962991198758139 1.0000000180025095e-35 0.64357409657457409 0.49790992797943717 0.67499283280135014 -0.26594057770289742 0.18881675943583826
decision_type=2 2 2 2 2 2 2 2 2 2 2 2 2 2 2 2 2 2 2 2 2 2 2 2 2 2 2
left_child=2 5 3 16 13 6 26 -5 10 -10 11 22 -12 14 15 23 17 18 21 -19 -6 -1 25 24 -4 -9 -2
right_child=1 -3 4 7 20 -7 -8 8 9 -11 12 -13 -14 -15 -16 -17 -18 19 -20 -21 -22 -23 -24 -25 -26 -27 -28
leaf_value=-0.01045769830942154 0.1686602699345556 0.50560929555892953 0.060104168898636297 -0.12394881980334009 0.16024656896591186 0.27320471568703653 0.077960976702826368 -0.037735841525925531 -0.049804180857054021 0.085105812507955458 0.09047518082459767 -0.17033048248872526 -0.070421761109360631 -0.058691359378397465 0.10740526390927178 -0.067982341289520271 -0.03555919071590459 -0.21248698681592942 -0.15892970214997021 -0.11152394078279797 0.065930257497764211 -0.10130761294653923 0.0095610872507095341 0.077398226389597202 -0.035953978344246192 -0.094806244465020978 0.20856629151564376
leaf_weight=25 29 25 31 35 25 25 35 45 43 34 30 41 42 30 28 25 27 31 28 38 41 33 30 29 27 26 26
leaf_count=25 29 25 31 35 25 25 35 45 43 34 30 41 42 30 28 25 27 31 28 38 41 33 30 29 27 26 26
internal_value=0.00834509 0.232235 -0.0337847 -0.0679708 0.0398024 0.172805 0.144917 -0.0450596 -0.0355712 0.00976647 -0.0518844 -0.0764774 -0.00338137 0.0157886 0.0317486 0.0128345 -0.10901 -0.121804 -0.0936584 -0.156884 0.101656 -0.0621482 -0.0383786 0.0360577 0.0153874 -0.0586349 0.187525
internal_weight=884 140 744 508 236 115 90 326 291 77 214 142 72 170 140 112 182 155 86 69 66 58 101 87 58 71 55
internal_count=884 140 744 508 236 115 90 326 291 77 214 142 72 170 140 112 182 155 86 69 66 58 101 87 58 71 55
is_linear=0
shrinkage=0.04


Tree=27
num_leaves=27
num_cat=0
split_feature=4 4 4 4 9 4 4 6 6 1 9 9 9 4 9 9 4 4 8 9 4 5 6 6 6 6
split_gain=4802.83 1310.11 1078.94 287.338 215.175 185.472 147.893 128.395 205.734 126.132 153.316 292.551 245.131 142.151 98.5175 88.1507 101.881 100.241 78.6762 72.8845 68.6439 67.6235 60.1134 46.5331 36.5032 13.2059
threshold=1.0216665933461864 2.5563954267464273 0.022874812879362678 -0.75666999138742608 1.193919514015344 1.8438427540963152 1.3505370576462379 1.0983314337133099 0.52988476228989012 1.0000000180025095e-35 0.3876233021160812 0.72358005707410744 -0.082716154825155472 -0.36689758925403171 0.72358005707410744 0.051666547158054986 -0.90283464218744902 -0.98809735515412911 1.0000000180025095e-35 -1.157777770690839 0.53445109067944296 1.0000000180025095e-35 -0.60700858055694906 0.64357409657457409 -0.26594057770289742 1.0000000180025095e-35
decision_type=2 2 2 2 2 2 2 2 2 2 2 2 2 2 2 2 2 2 2 2 2 2 2 2 2 2
left_child=2 5 3 14 7 6 25 8 18 10 12 -12 19 -11 15 16 21 -17 22 -5 -6 -1 -4 24 -21 -2
right_child=1 -3 4 9 20 -7 -8 -9 -10 13 11 -13 -14 -15 -16 17 -18 -19 -20 23 -22 -23 -24 -25 -26 -27
leaf_value=-0.010039393573999404 0.19998393610671716 0.48538491472601891 0.036047443941767725 -0.10707075047081915 0.15284887313842774 0.26227652592659001 0.074842537837369105 0.087782564191147688 -0.10475870275497437 -0.054260475681887729 0.086856176853179937 -0.07589615399754325 -0.16351726562511629 0.04420725999133928 -0.034136823228111977 -0.20398750625310405 -0.15257251390389034 -0.10706298602254767 0.063665320236574521 -0.030706836850870226 0.068501346377949968 -0.097255309061570594 -0.044206646196544172 0.004728548023849726 -0.091013995718497512 0.16077679800135747
leaf_weight=25 27 25 28 29 26 25 35 32 25 45 30 43 41 49 27 31 28 38 44 42 38 33 32 32 26 28
leaf_count=25 27 25 28 29 26 25 35 32 25 45 30 43 41 49 27 31 28 38 44 42 38 33 32 32 26 28
internal_value=0.00801128 0.222945 -0.0324333 -0.0641494 0.0407253 0.165893 0.13912 0.0160625 -0.00172851 -0.0422772 -0.0574973 -0.00901163 -0.0783176 -0.00293155 -0.104649 -0.116932 -0.0899121 -0.150609 0.0230384 -0.0512387 0.102768 -0.0596622 -0.00675474 -0.0350474 -0.0537655 0.180024
internal_weight=884 140 744 519 225 115 90 161 129 337 243 73 170 94 182 155 86 69 104 129 64 58 60 100 68 55
internal_count=884 140 744 519 225 115 90 161 129 337 243 73 170 94 182 155 86 69 104 129 64 58 60 100 68 55
is_linear=0
shrinkage=0.04


Tree=28
num_leaves=29
num_cat=0
split_feature=2 9 9 5 0 7 7 5 6 6 6 7 6 9 0 6 6 7 0 6 6 6 6 9 5 9 6 7
split_gain=3933.11 1611.24 494.484 207.289 359.944 182.569 396.446 129.357 360.263 136.787 146.63 114.669 138.119 179.423 113.187 107.956 88.4282 78.8299 63.6867 55.8212 55.4833 53.8752 49.9419 43.9685 79.715 39.4279 37.2775 32.0216
threshold=-2.9592882694284057 1.2611108650069494 -1.6281172276320757 -0.71349052288507664 -0.7491350475729156 -0.32033061487554942 0.85159745036652823 -0.25066273765626779 0.41619542800520609 -0.37962991198758139 0.18881675943583826 -1.1992766638071075 0.41619542800520609 -1.0905864196992339 0.74913504757291582 -0.83438724912631701 0.98464209942862591 1.0000000180025095e-35 -1.0000000180025095e-35 -0.94807658341100087 -0.15225124341821353 -0.94807658341100087 1.2120207679979937 -1.4265431746572599 -2.1019738785715032 -0.75462966474120774 0.075127425151154323 1.4375614829875671
decision_type=2 2 2 2 2 2 2 2 2 2 2 2 2 2 2 2 2 2 2 2 2 2 2 2 2 2 2 2
left_child=-1 2 -2 -3 -5 11 7 8 18 19 -11 23 13 -13 22 -15 -10 -12 -7 -9 21 -8 -14 24 -4 -17 -25 -6
right_child=1 3 5 4 27 6 20 9 16 10 17 12 14 15 -16 25 -18 -19 -20 -21 -22 -23 -24 26 -26 -27 -28 -29
leaf_value=0.4171860247850418 0.1298834416784089 0.048182900048590993 -0.074886066102981569 0.28878073608875277 0.072816910743713381 -0.018992097351094708 -0.0046449143778194077 -0.12110230846460475 -0.1749830580674685 -0.0019968206733465194 -0.05544164807647467 0.059680068562428155 0.040456278692273528 -0.0024168268839518227 0.10657103485531277 -0.12439790201187133 -0.071629656332510491 -0.14790062712298499 0.070423418650260333 -0.19534662503462571 -0.030684919005466833 0.068196624512784187 -0.032411565427426944 -0.10567491787260977 0.023383501214640483 -0.058627034689698904 -0.043513189590338508 0.1332360092084855
leaf_weight=36 29 37 25 25 25 25 33 43 26 30 25 30 34 42 27 25 27 36 26 26 36 32 27 29 28 35 33 32
leaf_count=36 29 37 25 25 25 25 33 43 26 30 25 30 34 42 27 25 27 36 26 26 36 32 27 29 28 35 33 32
internal_value=0.00769083 -0.0096934 -0.0319702 0.126775 0.162238 -0.0386755 -0.058246 -0.0840308 -0.0493015 -0.106605 -0.0743997 -0.0173525 -0.000432633 -0.0263106 0.0383843 -0.051602 -0.122331 -0.110008 0.0265923 -0.149078 0.00915201 0.0312155 0.0082033 -0.0497211 -0.0229701 -0.0860316 -0.0725888 0.106736
internal_weight=884 848 729 119 82 700 365 264 104 160 91 335 220 132 88 102 53 61 51 69 101 65 61 115 53 60 62 57
internal_count=884 848 729 119 82 700 365 264 104 160 91 335 220 132 88 102 53 61 51 69 101 65 61 115 53 60 62 57
is_linear=0
shrinkage=0.04


Tree=29
num_leaves=27
num_cat=0
split_feature=4 4 2 4 7 4 9 0 9 4 0 4 0 4 4 0 9 8 9 4 0 4 8 7 4 4
split_gain=4334.49 1187.41 972.898 628.418 204.429 198.348 149.057 186.296 134.594 107.433 127.755 184.479 152.463 103.353 179.656 99.7617 96.0232 88.8216 112.734 87.8018 74.2154 90.3118 43.5762 38.8696 149.837 59.2483
threshold=1.0216665933461864 2.44677193864641 -2.9592882694284057 -0.025846737387311625 -1.1992766638071075 -0.75666999138742608 1.193919514015344 1.0000000180025095e-35 -0.48586426077478684 -0.68358766598741461 0.74913504757291582 -0.35471720168736315 1.0000000180025095e-35 1.7524898473463006 1.3505370576462379 -1.0000000180025095e-35 0.3876233021160812 -0.63134183865453442 -0.082716154825155472 -0.86629347948744329 -1.0000000180025095e-35 -0.50088185248738604 1.0000000180025095e-35 -1.1992766638071075 0.42482760257942576 0.48572954041276867
decision_type=2 2 2 2 2 2 2 2 2 2 2 2 2 2 2 2 2 2 2 2 2 2 2 2 2 2
left_child=2 13 -1 4 -4 17 8 -8 23 -7 12 -12 16 14 15 -2 20 18 -6 22 21 -11 -19 25 -25 -5
right_child=1 -3 3 6 5 9 7 -9 -10 10 11 -13 -14 -15 -16 -17 -18 19 -20 -21 -22 -23 -24 24 -26 -27
leaf_value=0.20467494021963192 0.11869579356695925 0.43947652011082095 -0.14545106395431187 0.03587250123023987 -0.11396256248156229 0.035208783268928533 0.012592031474296864 0.15247021871805191 -0.06188234344124794 -0.098785931668404867 -0.05863587113979616 0.071715532802045345 -0.1305143035294079 0.21847922205924988 0.047128185499459505 0.22645698538532966 0.0095656229630112638 -0.055723486425298632 -0.0044832961699541882 -0.17015060809350782 -0.12345495328903199 -0.0082662948949469468 -0.11714682984919776 -0.015611886102174009 0.10853253124015672 -0.051212410831451421
leaf_weight=27 28 29 46 25 27 30 39 25 47 29 38 32 41 28 28 27 40 33 34 31 25 45 42 35 28 25
leaf_count=27 28 29 46 25 27 30 39 25 47 29 38 32 41 28 28 27 40 33 34 31 25 45 42 35 28 25
internal_value=0.0073832 0.211569 -0.0310388 -0.0399151 -0.0651572 -0.0568943 0.0156401 0.0672319 -0.00499671 -0.0363165 -0.0448995 0.000953342 -0.0627312 0.152025 0.129607 0.171597 -0.0427376 -0.091396 -0.0529413 -0.113526 -0.0638702 -0.0437402 -0.0901206 0.0186637 0.0395634 -0.00766995
internal_weight=884 140 744 717 493 447 224 64 160 280 250 70 180 111 83 55 139 167 61 106 99 74 75 113 63 50
internal_count=884 140 744 717 493 447 224 64 160 280 250 70 180 111 83 55 139 167 61 106 99 74 75 113 63 50
is_linear=0
shrinkage=0.04


Tree=30
num_leaves=29
num_cat=0
split_feature=4 4 2 4 9 6 7 9 9 8 6 9 9 9 6 6 8 4 4 9 9 8 6 4 4 4 4 8
split_gain=3095.8 1269.31 823.251 358.789 334.23 258.611 265.456 218.9 377.488 291.78 357.121 610.936 286.38 182.409 122.357 164.581 92.2061 86.7766 85.1152 73.6576 100.724 64.4029 50.3113 45.4301 114.499 36.5274 31.8388 2.02884
threshold=0.69279612904613452 2.5015836826964182 -1.6916913147484629 -0.086748675220654506 -1.2249691216824441 0.41619542800520609 0.85159745036652823 1.2611108650069494 0.45481465310768643 -0.63134183865453442 0.18881675943583826 -0.21709885680836591 -0.55305561176639195 1.1267281630237389 -0.60700858055694906 -1.0617659176956848 1.0000000180025095e-35 1.3018155073795634 -0.54960340275406028 -0.082716154825155472 0.25324060013287075 1.0000000180025095e-35 0.75726343085925796 -0.91501502975411764 -0.59832495302073463 0.27866295177940287 -0.79321115408743181 -0.63134183865453442
decision_type=2 2 2 2 2 2 2 2 2 2 2 2 2 2 2 2 2 2 2 2 2 2 2 2 2 2 2 2
left_child=2 5 -1 4 -4 13 -7 8 9 10 11 -6 18 17 15 -5 22 -2 -11 21 26 -14 27 -10 -25 -18 -21 -16
right_child=1 -3 3 14 7 6 -8 -9 23 12 -12 -13 19 -15 16 -17 25 -19 -20 20 -22 -23 -24 24 -26 -27 -28 -29
leaf_value=0.16939040449580975 0.13452105201761919 0.4000309166426842 -0.19768123286385691 -0.028415953516960146 -0.053149469465978684 0.056650822353363037 0.22202456597874803 0.046431236607687811 -0.18113532458032883 -0.05513624217775133 -0.082862281821122985 0.20226976400819319 -0.10553633769353232 -0.023353111743927003 -0.03485750961762208 0.11017835095781704 0.051173061501979832 0.039165917932987217 0.039388068880353656 -0.12732244625091554 -0.073858362197875976 -0.02381232155693902 -0.09010216440215256 -0.072805198302140106 -0.17613135928288101 -0.017204573297500608 -0.18844326512018839 -0.019055501360159655
leaf_weight=28 37 26 31 26 31 25 41 28 28 27 41 29 36 31 26 29 25 26 35 25 35 27 33 37 32 25 30 26
leaf_count=28 37 26 31 26 31 25 41 28 28 27 41 29 36 31 26 29 25 26 35 25 35 27 33 37 32 25 30 26
internal_value=-0.00401554 0.140816 -0.043057 -0.0520427 -0.0707261 0.0986933 0.159383 -0.0618018 -0.0691397 -0.0479522 0.00812709 0.0703032 -0.0742965 0.0560813 -0.00562916 0.044661 -0.0261178 0.0951681 -0.00177574 -0.103684 -0.126904 -0.0705118 -0.0514719 -0.138163 -0.120725 0.0169842 -0.160661 -0.0269565
internal_weight=876 186 690 662 472 160 66 441 413 316 101 60 215 94 190 55 135 63 62 153 90 63 85 97 69 50 55 52
internal_count=876 186 690 662 472 160 66 441 413 316 101 60 215 94 190 55 135 63 62 153 90 63 85 97 69 50 55 52
is_linear=0
shrinkage=0.04


Tree=31
num_leaves=27
num_cat=0
split_feature=4 4 2 4 9 9 9 8 9 9 9 0 9 9 0 4 9 9 8 4 5 4 8 5 4 4
split_gain=2853.09 1169.79 758.708 330.66 308.026 201.739 347.893 268.904 304.736 263.928 108.468 144.189 210.925 162.037 95.2082 78.4422 68.5877 145.409 139.206 124.852 74.2545 52.1247 46.7074 43.8439 41.8684 105.523
threshold=0.69279612904613452 2.5015836826964182 -1.6916913147484629 -0.086748675220654506 -1.2249691216824441 1.2611108650069494 0.45481465310768643 -0.63134183865453442 1.0000000180025095e-35 -0.55305561176639195 1.3283022159985547 -0.7491350475729156 1.0595368120321338 -0.75462966474120774 1.0000000180025095e-35 -0.54960340275406028 -0.62024696275799729 1.193919514015344 1.0000000180025095e-35 0.15685907611271704 -0.25066273765626779 -0.62268572815407175 1.0000000180025095e-35 1.0000000180025095e-35 -0.91501502975411764 -0.59832495302073463
decision_type=2 2 2 2 2 2 2 2 2 2 2 2 2 2 2 2 2 2 2 2 2 2 2 2 2 2
left_child=2 10 -1 4 -4 6 7 8 21 15 11 -2 13 -13 22 -9 18 19 20 -18 -5 -6 -11 -16 -8 -26
right_child=1 -3 3 16 5 -7 24 9 -10 14 -12 12 -14 -15 23 -17 17 -19 -20 -21 -22 -23 -24 -25 25 -27
leaf_value=0.16261479101010731 0.1529604020041804 0.38402969497900741 -0.18977398164810674 -0.064484202884710753 -0.07745164985592301 0.04457398806299482 -0.17388991168567114 -0.052930791201414883 0.095406232262269047 -0.10223605401021368 0.15935488077275681 0.030993856674916036 -0.046181238949298854 0.15195770388140398 -0.17189245885418308 0.037812543977051971 -0.010171419382095337 0.02500203870084821 0.092693151030047188 -0.12557304300864539 0.031113974876128714 -0.0026851765155792235 -0.045538246424301806 -0.10346816367116468 -0.06989299074922864 -0.16908610619604589
leaf_weight=28 31 26 31 26 37 28 28 27 39 47 33 37 25 34 31 35 30 49 29 30 26 25 46 29 37 32
leaf_count=28 31 26 31 26 37 28 28 27 39 47 33 37 25 34 31 35 30 49 29 30 26 25 46 29 37 32
internal_value=-0.00385492 0.135183 -0.0413347 -0.049961 -0.0678971 -0.0593298 -0.0663741 -0.0460341 0.00780201 -0.0713246 0.0947455 0.0779573 0.0537375 0.0889202 -0.0995366 -0.00170471 -0.00540399 -0.0261214 0.022475 -0.0678722 -0.0166851 -0.0473039 -0.074192 -0.138821 -0.132636 -0.115896
internal_weight=876 186 690 662 472 441 413 316 101 215 160 127 96 71 153 62 190 109 81 60 52 62 93 60 97 69
internal_count=876 186 690 662 472 441 413 316 101 215 160 127 96 71 153 62 190 109 81 60 52 62 93 60 97 69
is_linear=0
shrinkage=0.04


Tree=32
num_leaves=27
num_cat=0
split_feature=2 4 7 4 7 7 7 8 6 6 5 7 4 4 8 5 7 5 4 6 5 4 6 4 4 6
split_gain=2704.81 1730.62 913.595 230.644 280.517 173.763 187.107 249.697 380.521 140.969 108.894 100.374 135.318 78.7027 88.7785 120.487 78.0986 145.073 89.8571 75.04 76.8766 68.353 60.3309 85.5293 12.3865 1.29936
threshold=-2.9592882694284057 0.5588118658127802 1.4375614829875671 -0.086748675220654506 -1.1992766638071075 -0.32033061487554942 1.1445794666770477 -0.63134183865453442 0.18881675943583826 -0.72069791484163315 0.67499283280135014 -1.4922586801176267 1.2774547322462262 -0.33035642655402603 1.0000000180025095e-35 1.1378206180301593 -0.61331263118606871 -0.25066273765626779 0.15685907611271704 0.75726343085925796 -0.25066273765626779 0.92422349281283744 -0.72069791484163315 -0.70794844112075184 1.7281290722129634 1.2120207679979937
decision_type=2 2 2 2 2 2 2 2 2 2 2 2 2 2 2 2 2 2 2 2 2 2 2 2 2 2
left_child=-1 3 10 4 -2 13 7 8 9 -7 11 -3 21 14 15 -6 17 -5 -18 20 -9 -13 -22 -24 -14 -21
right_child=1 2 -4 16 5 6 -8 19 -10 -11 -12 12 24 -15 -16 -17 18 -19 -20 25 22 -23 23 -25 -26 -27
leaf_value=0.35727040802128612 -0.17851125605404378 0.098319360911846163 0.26276592214365263 -0.032131963591826594 -0.0019968667200633457 -0.029997953921556474 0.019308766424655916 -0.14168354324805432 -0.12202082549653404 0.099615438662726319 0.11908475463206951 0.018229010242682239 -0.053702341742240471 0.031817918266799 0.016541940409577256 -0.11263098660442564 0.0081823457850188734 0.080740771174430861 -0.074122881274247029 -0.15826754009425639 -0.11079328189648333 0.10102254593951834 -0.096472577872099702 0.0051725855240455044 -0.014657661410478445 -0.14537112741470337
leaf_weight=32 32 28 37 38 28 25 32 39 41 29 26 39 26 37 33 36 41 35 44 25 42 27 27 26 26 25
leaf_count=32 32 28 37 38 28 25 32 39 41 29 26 39 26 37 33 36 41 35 44 25 42 27 27 26 26 25
internal_value=-0.00370072 -0.0173868 0.0824529 -0.0502475 -0.0641219 -0.0558961 -0.0723032 -0.0828106 -0.0301469 0.0396092 0.0436647 0.0302337 0.0140778 -0.017817 -0.0367499 -0.0642286 -0.00836087 0.0219851 -0.0344227 -0.110001 -0.0943974 0.0520991 -0.0749852 -0.0466089 -0.03418 -0.151819
internal_weight=876 844 209 635 477 445 311 279 95 54 172 146 118 134 97 64 158 73 85 184 134 66 95 53 52 50
internal_count=876 844 209 635 477 445 311 279 95 54 172 146 118 134 97 64 158 73 85 184 134 66 95 53 52 50
is_linear=0
shrinkage=0.04


Tree=33
num_leaves=26
num_cat=0
split_feature=2 7 5 7 7 8 5 9 9 9 8 6 9 6 7 6 6 5 6 6 6 6 1 9 6
split_gain=2492.75 1176.69 404.71 264.567 314.487 334.639 303.229 240.279 227.308 217.844 150.742 150.627 133.13 103.637 93.0357 88.8882 88.8071 82.4082 76.795 76.3975 73.7414 35.424 35.1123 49.1171 29.9838
threshold=-2.9592882694284057 1.4375614829875671 -0.71349052288507664 -0.61331263118606871 0.85159745036652823 -0.63134183865453442 1.0000000180025095e-35 -1.5609258766404703 0.45481465310768643 1.0000000180025095e-35 1.0000000180025095e-35 -0.94807658341100087 -0.082716154825155472 0.41619542800520609 -0.32033061487554942 1.0000000180025095e-35 0.87095276514394182 0.67499283280135014 0.52988476228989012 -0.83438724912631701 0.98464209942862591 0.75726343085925796 1.0000000180025095e-35 0.45481465310768643 -0.49331924627226525
decision_type=2 2 2 2 2 2 2 2 2 2 2 2 2 2 2 2 2 2 2 2 2 2 2 2 2
left_child=-1 3 -3 6 5 8 7 -2 9 14 18 -9 15 -13 -5 19 17 -8 24 -7 -15 22 23 -14 -6
right_child=1 2 -4 4 10 12 16 11 -10 -11 -12 13 21 20 -16 -17 -18 -19 -20 -21 -22 -23 -24 -25 -26
leaf_value=0.34297958858311178 0.054129522756526348 0.022235651148423071 0.21005999541282655 0.015603637190965506 -0.030047846568955316 -0.046769195458403336 0.021704325388979026 0.01215389836128011 -0.11786117012684162 0.086263804763555538 0.059301311646898586 -0.14553842276334764 -0.095711506173965774 -0.0075396699817092327 -0.091403605559697509 -0.015184538790157862 -0.0032490148659675352 0.10939034573575283 -0.08474116645477435 -0.14380888738632203 -0.097960183851180535 -0.14851276931555377 -0.067120470250094377 -0.16340726470505751 0.023166854605078696
leaf_weight=32 38 31 45 26 36 27 27 33 26 40 48 32 47 27 26 42 31 47 27 25 31 46 27 27 32
leaf_count=32 38 31 45 26 36 27 27 33 26 40 48 32 47 27 26 42 31 47 27 25 31 46 27 27 32
internal_value=-0.00355269 -0.0166914 0.133447 -0.0315488 -0.0486386 -0.0686202 0.0007033 -0.0337861 -0.0134291 0.0160843 0.00152495 -0.0609471 -0.0956432 -0.0877507 -0.0379 -0.0584653 0.0535871 0.0773968 -0.0276673 -0.0934229 -0.0558679 -0.119417 -0.106165 -0.120411 -0.00500563
internal_weight=876 844 76 768 502 359 266 161 118 92 143 123 241 90 52 94 105 74 95 52 58 147 101 74 68
internal_count=876 844 76 768 502 359 266 161 118 92 143 123 241 90 52 94 105 74 95 52 58 147 101 74 68
is_linear=0
shrinkage=0.04


Tree=34
num_leaves=29
num_cat=0
split_feature=4 4 2 4 9 6 7 9 9 9 9 4 9 9 6 8 6 6 8 4 6 6 4 6 6 6 4 8
split_gain=2420.06 1054.51 535.4 252.847 258.67 222.049 231.762 173.434 172.73 273.152 174.623 175.303 127.08 273.747 414.213 110.733 108.143 142.473 80.545 72.4842 64.2346 46.1636 54.5738 44.3428 64.5462 39.8314 33.0794 2.03182
threshold=0.69279612904613452 2.5015836826964182 -1.6916913147484629 -0.086748675220654506 -1.2249691216824441 0.41619542800520609 0.85159745036652823 1.1267281630237389 0.11885789814966023 1.2611108650069494 1.0000000180025095e-35 -0.33035642655402603 0.25324060013287075 0.45481465310768643 -0.60700858055694906 1.0000000180025095e-35 -0.60700858055694906 -1.0617659176956848 1.0000000180025095e-35 1.3018155073795634 0.075127425151154323 0.64357409657457409 -0.73230921625408896 0.41619542800520609 -0.83438724912631701 0.75726343085925796 0.27866295177940287 -0.63134183865453442
decision_type=2 2 2 2 2 2 2 2 2 2 2 2 2 2 2 2 2 2 2 2 2 2 2 2 2 2 2 2
left_child=2 5 -1 4 -4 7 -7 19 10 12 11 15 -10 14 -14 23 17 -5 25 -2 -17 22 -15 24 -6 27 -20 -18
right_child=1 -3 3 16 8 6 -8 -9 9 -11 -12 -13 13 21 -16 20 18 -19 26 -21 -22 -23 -24 -25 -26 -27 -28 -29
leaf_value=0.13339741864374705 0.12084329824189884 0.36090832783625681 -0.17254642855736518 -0.026925369386489574 -0.061940457724755815 0.046493987274169923 0.20101639711638775 -0.030691697520594443 -0.16414020121097564 0.037365406240735734 0.059353950643731709 0.035768187223254026 -0.12157197437286378 -0.10280759992270634 0.10646227194712711 0.031182743788052063 -0.03526452919611564 0.10202473991903765 0.047345411291718487 0.033693909352788556 -0.056129625184195384 -0.08540576141131552 -0.17975935969750087 -0.051026450842618941 -0.14068139437172147 -0.083543158254840155 -0.017725029802322389 -0.019450922356202053
leaf_weight=28 37 26 31 26 31 25 41 31 36 28 31 37 25 29 26 26 26 29 25 26 28 38 30 40 36 33 25 26
leaf_count=28 37 26 31 26 31 25 41 31 36 28 31 37 25 29 26 26 26 29 25 26 28 38 30 40 36 33 25 26
internal_value=-0.00341058 0.124642 -0.0379291 -0.0451756 -0.0608599 0.0862489 0.142485 0.0467638 -0.0530089 -0.079027 -0.0289224 -0.0427434 -0.0967388 -0.0803439 -0.00531922 -0.0607865 -0.00621241 0.0410665 -0.0254742 0.0848769 -0.0140903 -0.11979 -0.141936 -0.0843527 -0.104249 -0.0491709 0.0148102 -0.0273577
internal_weight=876 186 690 662 472 160 66 94 441 212 229 198 184 148 51 161 190 55 135 63 54 97 59 107 67 85 50 52
internal_count=876 186 690 662 472 160 66 94 441 212 229 198 184 148 51 161 190 55 135 63 54 97 59 107 67 85 50 52
is_linear=0
shrinkage=0.04


Tree=35
num_leaves=26
num_cat=0
split_feature=4 2 4 7 4 7 0 6 4 7 7 9 9 0 0 4 4 0 0 0 4 7 7 4 6
split_gain=2423.81 646.256 432.381 286.273 437.101 221.113 206.318 196.368 142.728 108.85 118.427 108.497 106.113 90.6393 103.163 86.4274 122.686 100.75 78.8271 59.9068 150.798 116.937 45.5617 25.1059 0.00703763
threshold=1.0216665933461864 -1.6916913147484629 -0.415619139520706 -1.1992766638071075 1.7037682970796266 0.85159745036652823 0.74913504757291582 0.52988476228989012 -0.75666999138742608 -1.1992766638071075 -0.61331263118606871 -0.14990750581676068 0.3876233021160812 0.74913504757291582 -0.7491350475729156 0.42482760257942576 -0.19637216332067167 -0.7491350475729156 1.2485584126215263 1.0000000180025095e-35 -1.1342620059541517 0.26563341774548938 1.0000000180025095e-35 0.010694425312694102 1.0000000180025095e-35
decision_type=2 2 2 2 2 2 2 2 2 2 2 2 2 2 2 2 2 2 2 2 2 2 2 2 2
left_child=1 -1 5 -2 -5 8 7 15 19 -8 -11 23 13 14 -10 16 -4 -18 -12 20 -3 24 -22 -9 -21
right_child=3 2 6 4 -6 -7 9 11 12 10 18 -13 -14 -15 -16 -17 17 -19 -20 21 22 -23 -24 -25 -26
leaf_value=0.16638613104820252 0.076871684120922559 -0.045252967596054079 0.041387691342750117 0.12755699723958969 0.31583743535420478 0.046504514598846435 -0.03350997123718262 -0.008736760330200195 -0.042719609795547113 0.12220216698944569 0.074463539392902303 -0.12862013372353145 0.014280750295695137 -0.0067292610605557759 -0.13191539663111879 0.045987036519862239 -0.0032331489846110346 -0.094812318428948106 -0.02311786776615514 -0.11080833854675293 -0.11698745776306499 -0.0070306405314692743 -0.18048168091475966 -0.063885652167456494 -0.1098592248916626
leaf_weight=26 41 30 37 47 34 25 25 25 41 32 26 35 34 30 42 47 40 37 27 25 33 27 40 28 25
leaf_count=26 41 30 37 47 34 25 25 25 41 32 26 35 34 30 42 47 40 37 27 25 33 27 40 28 25
internal_value=-0.00215038 -0.0294879 -0.0366506 0.162995 0.206588 -0.0681524 -0.00576317 -0.0259179 -0.0769182 0.0398599 0.0614393 -0.073965 -0.0476754 -0.0663171 -0.0878548 0.000343811 -0.018474 -0.0472387 0.0247523 -0.1008 -0.120752 -0.0741106 -0.151779 -0.037872 -0.110334
internal_weight=859 737 711 122 81 352 359 249 327 110 85 88 147 113 83 161 114 77 53 180 103 77 73 53 50
internal_count=859 737 711 122 81 352 359 249 327 110 85 88 147 113 83 161 114 77 53 180 103 77 73 53 50
is_linear=0
shrinkage=0.04


Tree=36
num_leaves=27
num_cat=0
split_feature=4 4 5 3 0 7 0 6 5 4 7 4 6 7 5 7 8 4 5 4 4 0 4 0 4 7
split_gain=2233.78 543.193 389 298.963 240.889 197.362 172.113 178.531 178.505 155.649 127.794 116.67 179.274 138.185 119.93 77.7077 77.5233 75.802 115.989 99.6689 73.495 54.3589 53.2977 76.7853 109.763 12.1531
threshold=1.0216665933461864 -0.415619139520706 1.0000000180025095e-35 1.0000000180025095e-35 -0.7491350475729156 0.85159745036652823 0.74913504757291582 0.52988476228989012 -0.71349052288507664 -0.75666999138742608 -0.61331263118606871 -0.59832495302073463 0.18881675943583826 0.26563341774548938 1.0000000180025095e-35 0.85159745036652823 1.0000000180025095e-35 0.42482760257942576 0.67499283280135014 -0.19637216332067167 0.071596363146036998 -0.7491350475729156 -1.2195247189208318 1.0000000180025095e-35 -0.96373658002079188 -0.61331263118606871
decision_type=2 2 2 2 2 2 2 2 2 2 2 2 2 2 2 2 2 2 2 2 2 2 2 2 2 2
left_child=1 5 4 6 -2 9 7 17 -8 21 -10 13 -13 14 -11 -6 25 18 19 -3 -21 -1 -23 -24 -25 -9
right_child=2 3 -4 -5 15 -7 8 16 10 11 -12 12 -14 -15 -16 -17 -18 -19 -20 20 -22 22 23 24 -26 -27
leaf_value=-0.13435109858522595 0.005691309309005738 0.01705985156695048 0.26687111516276169 0.13326324224472047 0.10245792353594745 0.044644332218170171 -0.052253436733175208 -0.08004902754511152 0.1241918465750558 -0.099630129409247439 0.023234261776855648 -0.12873220829970458 0.002197901407877604 0.069463728857040399 0.01992031215429306 0.19335201424930026 -0.018576751748720807 0.04414755579638989 0.050920280893643699 -0.1202545154094696 -0.025076050412654878 -0.035950205757700165 -0.13763190424239094 -0.13175174107918372 -0.024508415847211272 -0.11766076721526959
leaf_weight=46 25 30 36 27 27 25 27 28 35 29 47 44 27 25 25 34 30 47 30 27 25 29 44 26 37 27
leaf_count=46 25 30 36 27 27 25 27 28 35 29 47 44 27 25 25 34 30 47 30 27 25 29 44 26 37 27
internal_value=-0.00206437 -0.0283084 0.156475 0.00497642 0.110263 -0.0637375 -0.00483589 -0.0235039 0.036953 -0.0718988 0.0663259 -0.0417303 -0.0789419 -0.008287 -0.0442827 0.15312 -0.0703002 0.00151299 -0.0163783 -0.0409997 -0.0744956 -0.096763 -0.0840494 -0.0970856 -0.0687676 -0.098513
internal_weight=859 737 122 380 86 357 353 244 109 332 82 150 71 79 54 61 85 159 112 82 52 182 136 107 63 55
internal_count=859 737 122 380 86 357 353 244 109 332 82 150 71 79 54 61 85 159 112 82 52 182 136 107 63 55
is_linear=0
shrinkage=0.04


Tree=37
num_leaves=27
num_cat=0
split_feature=2 4 4 9 7 4 0 6 4 4 0 7 9 6 6 4 6 9 6 9 4 0 4 8 0 4
split_gain=2148.89 1153.35 370.29 369.688 184.325 183.672 166.556 180.635 133.523 105.735 143.841 123.086 97.767 97.6949 105.758 94.1919 164.657 92.9142 88.0898 84.4091 54.0463 50.3138 53.4062 122.783 37.5033 23.4909
threshold=-2.9592882694284057 1.0216665933461864 -0.415619139520706 1.3283022159985547 0.85159745036652823 1.2774547322462262 0.74913504757291582 0.52988476228989012 -0.75666999138742608 -0.25727410115401456 -0.7491350475729156 -0.32033061487554942 -0.14990750581676068 -0.72069791484163315 0.64357409657457409 -0.59832495302073463 0.18881675943583826 0.25324060013287075 -0.15225124341821353 0.3876233021160812 -0.6714072784207461 -0.7491350475729156 -0.90283464218744902 1.0000000180025095e-35 1.0000000180025095e-35 0.022874812879362678
decision_type=2 2 2 2 2 2 2 2 2 2 2 2 2 2 2 2 2 2 2 2 2 2 2 2 2 2
left_child=-1 2 4 5 8 -3 7 9 21 -4 19 -12 25 -8 -15 17 -17 20 -7 -11 -10 -2 23 24 -23 -9
right_child=1 3 6 -5 -6 18 13 12 15 10 11 -13 -14 14 -16 16 -18 -19 -20 -21 -22 22 -24 -25 -26 -27
leaf_value=0.33059149781862895 -0.12897705240094143 0.14956051876502377 0.078299916076660162 0.23709200377647693 0.042858560848236082 0.068539644985487966 0.099752742920456258 -0.0070728305211433997 -0.082541374701720016 -0.0060602135407297232 0.0010221266119103682 -0.10219156185992891 -0.12035424307414465 -0.026684061427911125 0.06529759522941378 -0.12392260361549466 0.0021099870072470773 0.052170263051986694 -0.029907953188969542 0.086438886147958249 -0.0017411679360601637 0.0088185002482854408 -0.11611768207285141 -0.12270791740978465 -0.056817439754803981 -0.06034237031583433
leaf_weight=30 46 28 25 26 25 33 29 26 26 38 38 36 35 45 36 43 27 25 26 27 27 26 45 34 30 27
leaf_count=30 46 28 25 26 25 33 29 26 26 38 38 36 35 45 36 43 27 25 26 27 27 26 45 34 30 27
internal_value=-0.00198179 -0.014017 -0.0327603 0.104746 -0.0618492 0.0651942 -0.00431429 -0.0222402 -0.0698057 0.0025671 -0.0110539 -0.0491899 -0.068472 0.0367524 0.0141967 -0.0416252 -0.07531 -0.0113953 0.025156 0.0323625 -0.041379 -0.0928484 -0.0805378 -0.0627479 -0.0263436 -0.0342101
internal_weight=859 829 716 113 354 87 362 252 329 164 139 74 88 110 81 148 70 78 59 65 53 181 135 90 56 53
internal_count=859 829 716 113 354 87 362 252 329 164 139 74 88 110 81 148 70 78 59 65 53 181 135 90 56 53
is_linear=0
shrinkage=0.04


Tree=38
num_leaves=24
num_cat=0
split_feature=2 7 7 9 5 0 0 9 9 7 9 5 8 0 7 7 9 0 5 0 9 9 9
split_gain=1980.42 923.08 309.551 229.203 173.647 113.993 168.555 133.061 174.067 107.93 126.147 90.6739 81.4826 61.565 58.1666 57.6319 73.3045 122.461 62.084 60.1963 37.4906 7.82196 3.3397
threshold=-2.9592882694284057 1.4375614829875671 -0.32033061487554942 1.1267281630237389 -0.71349052288507664 0.74913504757291582 1.2485584126215263 0.3876233021160812 0.52200600409929165 -1.1992766638071075 -1.4265431746572599 -0.25066273765626779 1.0000000180025095e-35 -1.0000000180025095e-35 0.85159745036652823 -0.61331263118606871 -0.75462966474120774 -1.0000000180025095e-35 0.67499283280135014 1.0000000180025095e-35 -0.082716154825155472 -1.2921604726740494 0.72358005707410744
decision_type=2 2 2 2 2 2 2 2 2 2 2 2 2 2 2 2 2 2 2 2 2 2 2
left_child=-1 2 9 5 -3 7 -7 11 -9 10 13 -4 -5 -2 22 16 17 -11 -19 -17 -13 -12 -10
right_child=1 4 3 12 -6 6 -8 8 14 15 21 20 -14 -15 -16 19 -18 18 -20 -21 -22 -23 -24
leaf_value=0.3173678384621938 -0.036965517867356537 0.051346117343221399 -0.1487509172409773 -0.01552009866592732 0.18122507524490356 0.02591028929973135 -0.080117341945780074 0.047320397186279298 -0.089729875040054335 0.070580240122296592 -0.085806854446729017 -0.051128251262200185 0.073859783267974863 0.03436844485146659 -0.035736430414021018 0.020753882519296697 0.086199711236086773 -0.044321291557578156 0.033977196239508116 -0.05866568749340681 -0.10499263102358038 -0.055831478925851677 -0.11020572818242587
leaf_weight=30 32 28 48 47 40 49 47 25 25 44 30 39 25 49 40 37 33 43 26 26 44 26 26
leaf_count=30 32 28 48 47 40 49 47 25 25 44 30 39 25 49 40 37 33 43 26 26 44 26 26
internal_value=-0.00190252 -0.0134563 -0.0260736 -0.0493678 0.127746 -0.0629874 -0.0259991 -0.0773634 -0.0461642 0.00186599 -0.0257275 -0.10499 0.0155146 0.00618713 -0.0718467 0.0199536 0.0337515 0.0184347 -0.0148175 -0.0120224 -0.0796829 -0.0718897 -0.100169
internal_weight=859 829 761 415 68 343 96 247 116 346 137 131 72 81 91 209 146 113 69 63 83 56 51
internal_count=859 829 761 415 68 343 96 247 116 346 137 131 72 81 91 209 146 113 69 63 83 56 51
is_linear=0
shrinkage=0.04


Tree=39
num_leaves=27
num_cat=0
split_feature=4 2 5 4 1 5 7 6 7 4 6 6 9 9 5 4 4 5 4 4 6 9 5 7 4 4
split_gain=1895.48 435.463 350.239 317.563 163.345 166.39 159.931 152.687 110.502 109.16 91.6477 166.648 87.6436 81.6951 170.192 106.843 72.5752 107.074 91.7206 62.7955 49.8654 88.7956 41.8913 37.6346 29.8822 6.58179
threshold=1.0216665933461864 -1.6916913147484629 1.0000000180025095e-35 -0.415619139520706 1.0000000180025095e-35 -0.71349052288507664 0.85159745036652823 0.52988476228989012 -0.61331263118606871 -0.75666999138742608 0.64357409657457409 -0.72069791484163315 -0.14990750581676068 0.3876233021160812 -0.25066273765626779 -0.53742301518739166 0.42482760257942576 0.67499283280135014 -0.19637216332067167 0.071596363146036998 -0.15225124341821353 0.11885789814966023 -0.25066273765626779 0.26563341774548938 -1.0002777427207976 -1.0733600681208089
decision_type=2 2 2 2 2 2 2 2 2 2 2 2 2 2 2 2 2 2 2 2 2 2 2 2 2 2
left_child=1 -1 10 6 7 -6 9 16 -7 20 11 -2 22 14 -11 -16 17 18 -5 -20 23 -22 -9 24 -3 -23
right_child=2 3 -4 4 5 8 -8 12 -10 13 -12 -13 -14 -15 15 -17 -18 -19 19 -21 21 25 -24 -25 -26 -27
leaf_value=0.13478508265832298 0.1442608190536499 -0.10103992033004762 0.24896690555744702 0.015480011145273845 -0.051071003940370348 0.11729247885090965 0.038634027004241948 -0.069511293998131385 0.023831857892995082 -0.12890985451224776 0.15400639487430454 0.0033357176287420864 -0.11483434500013079 0.01360292573185528 0.01206725084051794 -0.085881838883672443 0.041639218143326169 0.047437155038118364 -0.11331761653934207 -0.026988863211411696 -0.028328522012588824 -0.11897936248779298 0.0016250281863742406 -0.075867086841214099 -0.16288588650226593 -0.090496614288400709
leaf_weight=26 25 25 36 30 27 35 25 26 48 36 32 29 35 34 49 28 47 30 28 26 47 25 27 31 25 27
leaf_count=26 25 25 36 30 27 35 25 26 48 36 32 29 35 34 49 28 47 30 28 26 47 25 27 31 25 27
internal_value=-0.00182642 -0.0260016 0.144215 -0.0318813 -0.00541063 0.0351841 -0.0588783 -0.023344 0.063243 -0.0663334 0.100366 0.0685788 -0.0657116 -0.0407595 -0.0571164 -0.0235506 -0.000186618 -0.0174306 -0.0405977 -0.0717519 -0.0872187 -0.0681751 -0.033272 -0.110494 -0.131963 -0.10419
internal_weight=859 737 122 711 359 110 352 249 83 327 86 54 88 147 113 77 161 114 84 54 180 99 53 81 50 52
internal_count=859 737 122 711 359 110 352 249 83 327 86 54 88 147 113 77 161 114 84 54 180 99 53 81 50 52
is_linear=0
shrinkage=0.04


Tree=40
num_leaves=26
num_cat=0
split_feature=4 9 4 7 8 9 9 0 4 7 9 9 7 9 4 0 4 9 0 9 4 0 4 4 4
split_gain=1720.41 1189.07 739.879 230.402 180.306 300.103 908.283 179.645 244.462 161.301 159.85 220.712 162.83 154.517 167.025 104.851 63.7848 54.6941 80.503 91.3437 78.6551 42.6784 40.8014 17.0879 12
threshold=1.7037682970796266 1.0595368120321338 0.035055200446031262 1.4375614829875671 -0.63134183865453442 0.45481465310768643 1.0000000180025095e-35 -0.7491350475729156 0.19340023881272278 -1.1992766638071075 0.99234546104052834 -0.55305561176639195 -1.1992766638071075 1.0595368120321338 0.9851254306461803 -0.7491350475729156 -0.28163487628735168 0.58919735509089699 1.0000000180025095e-35 0.11885789814966023 -0.6714072784207461 1.0000000180025095e-35 -0.37907797682070027 -0.57396417788739751 -0.90283464218744902
decision_type=2 2 2 2 2 2 2 2 2 2 2 2 2 2 2 2 2 2 2 2 2 2 2 2 2
left_child=2 -2 4 7 5 6 15 9 -9 -4 11 12 -6 14 21 -1 17 18 20 -20 24 -10 -14 -17 -13
right_child=1 -3 3 -5 10 -7 -8 8 13 -11 -12 16 22 -15 -16 23 -18 -19 19 -21 -22 -23 -24 -25 -26
leaf_value=-0.11057186219554682 0.048376980743237902 0.42791299629211421 -0.00094419443607330321 0.13248220366239546 -0.082799681527273988 -0.090504208077555118 0.184305206057502 0.11642530032566616 -0.06134930766545809 0.12391662642207681 0.026800937845900253 -0.051643791198730471 -0.0025396318137645723 -0.075395977163518021 0.086953396849772505 -0.034130064389535357 -0.13788178155819575 -0.11871120685661161 -0.14066792259613672 -0.046161941210428874 0.0071971960408346997 0.002053718293199734 0.060417245924472812 0.0073903529705672431 -0.090456899523735035
leaf_weight=26 28 25 25 40 35 46 41 28 26 49 37 26 40 44 34 35 30 37 36 30 35 49 28 29 25
leaf_count=26 28 25 25 40 35 46 41 28 26 49 37 26 40 44 34 35 30 37 36 30 35 49 28 29 25
internal_value=0.00644396 0.227403 -0.00764852 0.0432273 -0.0356492 -0.00260893 0.0282551 0.0292265 0.0077594 0.0817339 -0.0519392 -0.060987 -0.012698 -0.0121272 0.0134125 -0.0428344 -0.0836983 -0.0750978 -0.0644813 -0.0977107 -0.0389798 -0.019926 0.0233838 -0.0153161 -0.0706698
internal_weight=884 53 831 295 536 177 131 255 181 74 359 322 103 153 109 90 219 189 152 66 86 75 68 64 51
internal_count=884 53 831 295 536 177 131 255 181 74 359 322 103 153 109 90 219 189 152 66 86 75 68 64 51
is_linear=0
shrinkage=0.04


Tree=41
num_leaves=27
num_cat=0
split_feature=2 7 6 6 6 5 5 6 5 5 0 0 6 7 6 7 5 8 7 8 7 0 6 6 6 0
split_gain=1659.15 704.848 144.131 99.4835 234.877 217.568 286.839 234.753 171.653 202.158 181.424 161.567 144.274 117.777 115.266 113.908 102.12 112.032 89.1687 225.244 85.9233 89.2237 75.8407 61.1043 13.3581 12.9366
threshold=-2.9592882694284057 1.4375614829875671 0.52988476228989012 -0.60700858055694906 -0.49331924627226525 -0.25066273765626779 -1.1763183081138855 -1.0617659176956848 1.0000000180025095e-35 -1.1763183081138855 -1.0000000180025095e-35 0.74913504757291582 0.41619542800520609 0.85159745036652823 0.52988476228989012 -0.32033061487554942 -0.25066273765626779 -0.63134183865453442 -0.61331263118606871 -0.63134183865453442 0.85159745036652823 -1.0000000180025095e-35 0.64357409657457409 -1.0617659176956848 0.41619542800520609 -1.0000000180025095e-35
decision_type=2 2 2 2 2 2 2 2 2 2 2 2 2 2 2 2 2 2 2 2 2 2 2 2 2 2
left_child=-1 3 -3 5 -5 6 -2 -8 9 14 16 24 -13 18 -6 23 17 -11 19 -10 21 -17 25 -7 -12 -20
right_child=1 2 -4 4 8 15 7 -9 13 10 11 12 -14 -15 -16 20 -18 -19 22 -21 -22 -23 -24 -25 -26 -27
leaf_value=0.32098498057860597 -0.051611160635948179 0.074778968399884752 0.1928073893070221 -0.14403462498188019 0.092046581241819594 -0.016582983893317145 0.0350556774086812 0.19303808371225994 -0.054146680514017741 0.068954390524886555 -0.14539274355539911 0.034969655766531271 -0.08151102961000542 0.081308941710740323 -0.024834586874478395 -0.022462009544725769 -0.074536114738833523 -0.027668542227863024 -0.081997241210937502 0.088661395297494047 0.0012967916897365026 -0.11924074854169574 0.013773282347498715 0.058899232177063825 -0.10979345979789892 -0.041697848840401723
leaf_weight=26 27 49 25 25 27 37 34 27 30 32 26 27 46 32 27 27 31 48 25 43 35 35 37 32 48 26
leaf_count=26 27 49 25 25 27 37 34 27 30 32 26 27 46 32 27 27 31 48 25 43 35 35 37 32 48 26
internal_value=0.0061862 -0.00335315 0.114653 -0.0144915 -0.0243556 0.00609099 0.0569366 0.104982 -0.0184309 -0.0367727 -0.0515031 -0.0806505 -0.0384291 0.01122 0.033606 -0.0208633 -0.0129024 0.0109806 -0.00271071 0.0299731 -0.0488094 -0.0770952 -0.0298235 0.0184233 -0.122301 -0.0614525
internal_weight=884 858 74 784 530 254 88 61 505 312 258 147 73 193 54 166 111 80 161 73 97 62 88 69 74 51
internal_count=884 858 74 784 530 254 88 61 505 312 258 147 73 193 54 166 111 80 161 73 97 62 88 69 74 51
is_linear=0
shrinkage=0.04


Tree=42
num_leaves=28
num_cat=0
split_feature=2 9 9 8 8 8 6 6 9 9 9 9 9 9 9 0 6 0 6 8 5 9 6 6 9 9 8
split_gain=1529.07 676.796 221.28 131.631 219.113 113.135 269.196 248.928 339.705 711.547 244.683 284.292 135.694 130.427 77.5088 69.9062 69.1716 77.0658 67.0976 62.0495 54.0555 34.7542 76.9695 42.6454 64.6078 47.7756 18.9289
threshold=-2.9592882694284057 1.3283022159985547 -1.6281172276320757 -0.63134183865453442 1.0000000180025095e-35 -0.63134183865453442 0.075127425151154323 -1.1754552519803687 0.58919735509089699 -0.28429020779997111 -0.55305561176639195 0.92515411004892301 0.45481465310768643 -0.75462966474120774 1.1267281630237389 1.2485584126215263 -0.60700858055694906 -1.0000000180025095e-35 0.52988476228989012 1.0000000180025095e-35 1.0000000180025095e-35 -0.082716154825155472 -0.15225124341821353 -1.0617659176956848 0.58919735509089699 0.25324060013287075 1.0000000180025095e-35
decision_type=2 2 2 2 2 2 2 2 2 2 2 2 2 2 2 2 2 2 2 2 2 2 2 2 2 2 2
left_child=-1 2 -2 -3 -5 6 7 -4 9 -9 13 15 18 16 -13 21 26 -18 -8 -19 -20 22 -12 -23 25 -25 -7
right_child=1 3 5 4 -6 10 12 8 -10 -11 11 14 -14 -15 -16 -17 17 19 20 -21 -22 23 -24 24 -26 -27 -28
leaf_value=0.30814558437237372 0.091933605013222536 0.15700767697656856 -0.044901856372230931 -0.0077007447514269092 0.13389570812092108 0.051319632482528688 0.034745424058702262 0.016124115141374726 -0.030527649368009259 0.29552870957851413 -0.091460889598418915 0.067496465047200513 -0.11630215708414714 0.076225319703420003 -0.021339381199442977 -0.12872270234154931 0.0067724604429082666 -0.10308815717697144 -0.077476247009490767 -0.017096361923217774 0.00073147798960025495 -0.034730052783571441 -0.0049310683262975595 -0.10118464187571878 -0.13913777498404187 -0.037328743580225351 0.0025723159083953272
leaf_weight=26 29 34 38 36 34 25 27 35 31 25 29 30 30 33 33 33 47 29 31 25 26 29 38 38 30 37 26
leaf_count=26 29 34 38 36 34 25 27 35 31 25 29 30 30 33 33 33 47 29 31 25 26 29 38 38 30 37 26
internal_value=0.00593875 -0.00321903 -0.016413 0.0924374 0.0610747 -0.0207469 0.0015072 0.0410848 0.0769913 0.132543 -0.0319663 -0.0544592 -0.0432779 0.00414404 0.0209634 -0.0747653 -0.0115052 -0.0306798 -0.0171978 -0.0632771 -0.0418025 -0.0659066 -0.0423843 -0.0776678 -0.0895268 -0.0696824 0.0264681
internal_weight=884 858 754 104 70 725 243 129 91 60 482 297 114 185 63 234 152 101 84 54 57 201 67 134 105 75 51
internal_count=884 858 754 104 70 725 243 129 91 60 482 297 114 185 63 234 152 101 84 54 57 201 67 134 105 75 51
is_linear=0
shrinkage=0.04


Tree=43
num_leaves=26
num_cat=0
split_feature=4 5 4 7 0 4 8 7 7 7 0 4 7 7 7 0 4 5 0 7 7 4 4 4 4
split_gain=1526.68 787.183 615.841 179.693 158.525 221.004 151.245 171.924 553.627 143.067 125.969 162.151 101.811 134.939 137.046 95.4844 71.4798 88.8563 45.8634 65.8251 37.6885 75.2813 34.4522 31.0752 4.4001
threshold=1.7037682970796266 -0.25066273765626779 0.035055200446031262 1.4375614829875671 -0.7491350475729156 0.19340023881272278 -0.63134183865453442 0.55861543405600889 1.0000000180025095e-35 -1.1992766638071075 1.0000000180025095e-35 0.92422349281283744 1.1445794666770477 -0.61331263118606871 -1.1992766638071075 -0.7491350475729156 0.52227070311277446 1.0000000180025095e-35 1.0000000180025095e-35 0.26563341774548938 1.0000000180025095e-35 -0.6714072784207461 -0.37907797682070027 -0.57396417788739751 -0.58614456545406601
decision_type=2 2 2 2 2 2 2 2 2 2 2 2 2 2 2 2 2 2 2 2 2 2 2 2 2
left_child=2 -2 6 4 9 -6 7 8 15 -4 11 -7 13 14 -8 -1 -12 -18 20 24 -15 -22 -16 -17 -20
right_child=1 -3 3 -5 5 10 12 -9 -10 -11 16 -13 -14 18 22 23 17 -19 19 -21 21 -23 -24 -25 -26
leaf_value=-0.10596801144572406 0.068184899943215513 0.37699171888828276 -0.0020633885174989701 0.11766479474306106 0.10963217198848725 -0.11150243371725083 -0.079348800386701307 -0.074658627103014685 0.12632361200391029 0.11552862579725227 -0.033615235090255741 0.014413357911010583 0.020054398253560066 -0.0285182916631504 -0.0044027131260969696 -0.040721213591821272 0.00042068492734070986 0.099295700605099013 -0.13470348532199858 -0.055899307131767273 -0.10528774298727513 -0.028146271092551096 0.055750102710723878 0.016571072465074915 -0.11161582027162824
leaf_weight=26 28 25 25 40 28 36 35 41 49 49 28 30 32 49 39 33 33 26 25 43 48 35 25 28 28
leaf_count=26 28 25 25 40 28 36 35 41 49 49 28 30 32 49 39 33 33 26 25 43 48 35 25 28 28
internal_value=0.0057012 0.213848 -0.00757413 0.0388416 0.0264772 0.00631137 -0.0331201 -0.00285946 0.0187859 0.0758016 -0.012597 -0.054268 -0.0480397 -0.0547033 -0.0157087 -0.0417814 0.0190155 0.0439927 -0.0716352 -0.0926719 -0.0563358 -0.0727582 0.0190945 -0.0144231 -0.122506
internal_weight=884 53 831 295 255 181 536 177 136 74 153 66 359 327 99 87 87 59 228 96 132 83 64 61 53
internal_count=884 53 831 295 255 181 536 177 136 74 153 66 359 327 99 87 87 59 228 96 132 83 64 61 53
is_linear=0
shrinkage=0.04


Tree=44
num_leaves=27
num_cat=0
split_feature=4 9 4 6 6 4 5 8 6 9 6 9 9 7 0 5 4 0 6 6 9 0 9 4 4 4
split_gain=1406.99 1021.95 567.559 186.316 245.686 175.756 143.44 139.387 268.956 315.191 148.08 118.661 162.41 134.382 115.089 97.1249 65.3481 62.4534 85.0752 49.4988 48.028 70.0869 78.5754 66.6094 11.6198 7.22037
threshold=1.7037682970796266 1.0595368120321338 0.035055200446031262 -0.72069791484163315 1.4393994365673617 0.15685907611271704 -0.25066273765626779 -0.63134183865453442 0.18881675943583826 1.0000000180025095e-35 0.98464209942862591 0.99234546104052834 -0.55305561176639195 -1.1992766638071075 1.0000000180025095e-35 -0.71349052288507664 -0.28163487628735168 -0.7491350475729156 -1.1754552519803687 0.41619542800520609 0.58919735509089699 1.0000000180025095e-35 0.11885789814966023 -0.6714072784207461 -0.90283464218744902 0.72933729174614026
decision_type=2 2 2 2 2 2 2 2 2 2 2 2 2 2 2 2 2 2 2 2 2 2 2 2 2 2
left_child=2 -2 7 17 5 -5 15 8 9 -1 -10 12 13 -9 -8 25 20 -4 -19 -15 21 23 -23 24 -14 -7
right_child=1 -3 3 4 -6 6 14 11 10 -11 -12 -13 16 19 -16 -17 -18 18 -20 -21 -22 22 -24 -25 -26 -27
leaf_value=-0.029330966387476242 0.039325367254870285 0.39118003618717195 0.13448091809948287 0.090655761659145351 0.1353705818414688 0.0034861169755458833 -0.10925111318335815 -0.07617484882899693 -0.11011606768863957 0.11488523351649443 -0.0012408981109276796 0.021723190256067223 -0.041387595946972187 -0.0065631193845045004 -0.010254780784071911 0.080588748187854373 -0.12823899187644322 0.0088362080574035645 0.11123887453918103 0.063663259698794439 -0.10555957625041136 -0.12558890985118018 -0.037936621348063151 0.011547016876084464 -0.079580998373031619 -0.026089144438132643
leaf_weight=49 28 25 30 30 25 28 34 35 41 48 39 37 26 42 42 29 30 25 27 26 37 36 30 35 25 25
leaf_count=49 28 25 30 30 25 28 34 35 41 48 39 37 26 42 42 29 30 25 27 26 37 36 30 35 25 25
internal_value=0.00547316 0.205295 -0.00727117 0.0372879 0.0175641 0.00189835 -0.0149543 -0.0317953 -0.00274508 0.0420338 -0.0570394 -0.0461181 -0.0539135 -0.0124905 -0.0545426 0.0217373 -0.0733956 0.0885217 0.0620068 0.0202881 -0.0646903 -0.0547418 -0.085747 -0.0309472 -0.0601099 -0.0104645
internal_weight=884 53 831 295 213 188 158 536 177 97 80 359 322 103 76 82 219 82 52 68 189 152 66 86 51 53
internal_count=884 53 831 295 213 188 158 536 177 97 80 359 322 103 76 82 219 82 52 68 189 152 66 86 51 53
is_linear=0
shrinkage=0.04


Tree=45
num_leaves=27
num_cat=0
split_feature=4 2 9 4 9 8 9 9 0 4 9 6 0 6 6 5 4 9 9 8 9 4 4 0 4 5
split_gain=1468.34 416.704 385.408 394.729 218.711 247.911 707.86 206.974 185.202 175.37 150.875 98.6486 105.308 122.666 102.162 96.0658 72.0407 56.3766 49.9991 131.622 72.0201 46.8778 37.6513 36.1026 30.0189 27.905
threshold=1.8742937230129866 -1.6916913147484629 1.3283022159985547 0.71715690417947164 0.45481465310768643 -0.63134183865453442 1.0000000180025095e-35 -0.55305561176639195 0.74913504757291582 -0.31817603898735741 -0.75462966474120774 -1.1754552519803687 -1.0000000180025095e-35 0.41619542800520609 1.0000000180025095e-35 0.67499283280135014 -0.34253681412069453 -0.082716154825155472 0.79077140806571256 1.0000000180025095e-35 1.0595368120321338 -0.76885037895409469 -0.69576805355408322 1.2485584126215263 -0.90283464218744902 -0.71349052288507664
decision_type=2 2 2 2 2 2 2 2 2 2 2 2 2 2 2 2 2 2 2 2 2 2 2 2 2 2
left_child=1 -1 4 25 5 6 9 10 18 22 11 -7 13 -13 -14 -11 17 -9 21 20 -20 -6 -3 -10 -19 -4
right_child=-2 2 3 -5 8 7 -8 16 23 15 -12 12 14 -15 -16 -17 -18 24 19 -21 -22 -23 -24 -25 -26 -27
leaf_value=0.12635336758459315 0.22628116187724201 -0.036601858321163389 0.039460348120102517 0.19744494017064573 -0.15927732610702516 0.045414641221364342 0.17399060267210006 -0.013271494755564734 0.026063445691139466 -0.021816105020623051 0.073681848356218049 -0.049453683475653334 -0.012770526156280979 0.068067901622917926 -0.10633678382219271 0.07624496293113088 -0.11135517990080322 -0.037668179316180099 0.017390454173088075 -0.13788786670257305 -0.076828142713617403 -0.082563803791999818 -0.097276935815811164 -0.037204056724354076 -0.089783353333671892 -0.015588811004863066
leaf_weight=34 44 36 26 25 25 30 40 43 31 31 33 30 33 27 43 33 41 28 25 29 27 26 30 27 48 34
leaf_count=34 44 36 26 25 25 30 40 43 31 31 33 30 33 27 43 33 41 28 25 29 27 26 30 27 48 34
internal_value=0.00106726 -0.0108003 -0.0166221 0.0639067 -0.026182 -0.0128952 0.0268437 -0.0318716 -0.0629657 -0.0184322 -0.00431503 -0.0201058 -0.0348849 0.00621444 -0.0657093 0.0287466 -0.0656284 -0.0498738 -0.0891435 -0.0696092 -0.0315307 -0.120168 -0.0641814 -0.00338867 -0.070583 0.00826582
internal_weight=879 835 801 85 716 526 170 356 190 130 196 163 133 57 76 64 160 119 132 81 52 51 66 58 76 60
internal_count=879 835 801 85 716 526 170 356 190 130 196 163 133 57 76 64 160 119 132 81 52 51 66 58 76 60
is_linear=0
shrinkage=0.04


Tree=46
num_leaves=26
num_cat=0
split_feature=4 2 7 4 8 9 9 9 4 9 6 0 6 6 6 7 4 0 6 4 9 0 9 4 0
split_gain=1353.22 384.034 364.976 403.462 130.402 242.111 652.364 166.254 161.621 148.558 100.457 73.7576 94.152 84.3112 72.0989 66.4616 113.657 142.641 87.7715 46.5638 67.2598 60.9592 40.9209 34.6995 20.3766
threshold=1.8742937230129866 -1.6916913147484629 1.4375614829875671 0.44918837771276293 -0.63134183865453442 0.45481465310768643 1.0000000180025095e-35 -0.55305561176639195 -0.31817603898735741 -0.75462966474120774 -1.1754552519803687 -1.0000000180025095e-35 1.0000000180025095e-35 0.41619542800520609 1.0000000180025095e-35 0.85159745036652823 0.36392566474608284 1.0000000180025095e-35 -1.1754552519803687 -0.36689758925403171 -0.082716154825155472 0.74913504757291582 0.3876233021160812 -0.69576805355408322 -1.0000000180025095e-35
decision_type=2 2 2 2 2 2 2 2 2 2 2 2 2 2 2 2 2 2 2 2 2 2 2 2 2
left_child=1 -1 4 -4 5 6 8 9 23 10 -6 13 -13 -12 -10 18 -17 -18 -9 20 -20 22 -22 -3 -7
right_child=-2 2 3 -5 7 24 -8 15 14 -11 11 12 -14 -15 -16 16 17 -19 19 -21 21 -23 -24 -25 -26
leaf_value=0.12129923029747958 0.21722991523417559 -0.035137781749169032 -0.032741369525591535 0.1671635604245322 0.043598055998484292 -0.039391918500949599 0.16703097575902937 -0.13605788393020629 0.074237913588896906 0.070734576185544337 -0.047475536443293102 -0.012259704813812718 -0.10208330947992414 0.051985586798191069 -0.011048752512250628 0.034206815298759574 -0.12445058407606903 0.0081457148611545557 0.0031850336960383826 -0.090241117307118007 -0.050099420202405834 -0.015644210997749777 -0.10806340110301971 -0.093385857661565153 -0.084173336818411534
leaf_weight=34 44 36 30 35 30 29 40 25 29 33 30 33 43 25 35 33 27 25 35 49 38 34 40 30 37
leaf_count=34 44 36 30 35 30 29 40 25 29 33 30 33 43 25 35 33 27 25 35 49 38 34 40 30 37
internal_value=0.00102457 -0.0103683 -0.0159572 0.0748997 -0.0239812 0.00052592 0.02577 -0.0355486 -0.0176949 -0.00658039 -0.0224276 -0.0375479 -0.063081 -0.00226593 0.0275968 -0.0539141 -0.0238553 -0.0607024 -0.0654751 -0.0564722 -0.0452159 -0.0603412 -0.0798245 -0.0616142 -0.0644967
internal_weight=879 835 801 65 736 236 170 500 130 194 161 131 76 55 64 306 85 52 221 196 147 112 78 66 66
internal_count=879 835 801 65 736 236 170 500 130 194 161 131 76 55 64 306 85 52 221 196 147 112 78 66 66
is_linear=0
shrinkage=0.04


Tree=47
num_leaves=27
num_cat=0
split_feature=2 9 0 9 0 8 6 6 9 9 9 9 7 9 6 0 6 6 0 9 6 5 9 0 5 6
split_gain=949.09 844.34 209.481 184.904 127.503 116.636 226.831 704.142 113.408 163.828 104.921 153.7 53.5102 83.033 80.8902 45.0891 135.718 98.385 32.4926 68.4632 36.3234 30.8225 26.0623 16.4483 8.97556 2.34353
threshold=-1.6916913147484629 1.3283022159985547 -0.7491350475729156 -1.6281172276320757 1.0000000180025095e-35 -0.63134183865453442 -1.1754552519803687 -0.60700858055694906 -0.55305561176639195 -0.75462966474120774 0.18604924914126547 0.72358005707410744 0.85159745036652823 1.0595368120321338 -1.1754552519803687 -1.0000000180025095e-35 -0.37962991198758139 0.41619542800520609 0.74913504757291582 -0.082716154825155472 1.0000000180025095e-35 1.0000000180025095e-35 0.11885789814966023 0.74913504757291582 -0.25066273765626779 0.52988476228989012
decision_type=2 2 2 2 2 2 2 2 2 2 2 2 2 2 2 2 2 2 2 2 2 2 2 2 2 2
left_child=-1 3 -3 -2 -4 6 -5 -8 9 15 21 -12 14 -14 -10 17 -17 -7 19 -16 -21 -9 -20 -18 -22 -23
right_child=1 2 4 5 -6 8 7 10 12 -11 11 -13 13 -15 18 16 23 -19 22 20 24 25 -24 -25 -26 -27
leaf_value=0.19651898703292797 0.080263532091070108 0.2019795000076294 0.0062154162506903379 -0.090051366917788978 0.11263467346166456 -0.046913418355523734 0.16414297920465468 -0.07209081884473563 -0.1306155666589737 0.067905191363710343 0.085901737330215319 -0.04548648764347208 0.022629058439941969 -0.060598437196829107 -0.022176595841135297 0.012239900967654061 -0.11320759122188274 0.054619572735749758 -0.057822670936584476 -0.053009474159855588 -0.088121008336544029 -0.018556266021728517 -0.0040677744150161748 -0.067766429173946388 -0.11961046976702554 -0.035875952529907225
leaf_weight=38 27 25 31 40 43 37 40 48 25 33 28 29 34 44 42 34 26 26 27 38 30 25 31 25 28 25
leaf_count=38 27 25 31 40 43 37 40 48 25 33 28 29 34 44 42 34 26 26 27 38 30 25 31 25 28 25
internal_value=0.000983583 -0.00785155 0.101873 -0.0224914 0.0680536 -0.0263716 -0.00328238 0.0145164 -0.0376758 -0.0126863 -0.0240969 0.0190551 -0.0528032 -0.0243198 -0.0628561 -0.030656 -0.0496635 -0.00501091 -0.0542133 -0.0647717 -0.0834071 -0.0491956 -0.0290916 -0.0909325 -0.103323 -0.0272161
internal_weight=879 841 99 742 74 715 235 195 480 181 155 57 299 78 221 148 85 63 196 138 96 98 58 51 58 50
internal_count=879 841 99 742 74 715 235 195 480 181 155 57 299 78 221 148 85 63 196 138 96 98 58 51 58 50
is_linear=0
shrinkage=0.04


Tree=48
num_leaves=28
num_cat=0
split_feature=4 2 7 4 9 9 9 9 4 6 0 9 0 0 4 4 0 7 4 7 4 4 0 4 0 4 6
split_gain=1228.45 311.049 303.429 369.372 120.809 232.772 176.365 249.522 147.689 219.762 129.133 85.058 145.252 61.1458 60.8278 174.409 138.058 66.2202 44.8806 42.5257 80.844 143.231 59.5428 40.2371 39.1219 9.50993 7.93824
threshold=1.8742937230129866 -1.6916913147484629 1.4375614829875671 0.44918837771276293 0.45481465310768643 0.32043195112447598 0.11885789814966023 1.0000000180025095e-35 0.48572954041276867 -0.72069791484163315 0.74913504757291582 0.79077140806571256 -0.7491350475729156 1.2485584126215263 0.10813752584604273 -0.15983100062066594 1.0000000180025095e-35 -1.1992766638071075 -0.76885037895409469 -0.32033061487554942 -0.80539154165410043 -0.54960340275406028 -1.0000000180025095e-35 0.74151767931280876 1.0000000180025095e-35 0.85114116741282597 0.64357409657457409
decision_type=2 2 2 2 2 2 2 2 2 2 2 2 2 2 2 2 2 2 2 2 2 2 2 2 2 2 2
left_child=1 -1 4 -4 5 6 7 8 14 -10 11 18 -13 -12 15 17 -17 -3 -6 20 -19 -22 -23 -14 -21 -11 -8
right_child=-2 2 3 -5 10 -7 26 -9 9 25 13 12 23 -15 -16 16 -18 19 -20 24 21 22 -24 -25 -26 -27 -28
leaf_value=0.10858650249593398 0.20694110610268332 -0.093422955021713716 -0.035091043512026465 0.15618221740637508 -0.1483511044792831 0.089260012687129131 -0.10609814896583558 0.091584412651402616 0.12458338386737383 -0.00076904675474873303 0.035327847638300491 0.018871306896209718 -0.11135534496392524 -0.043213836586680911 -0.073209671669950085 -0.020121835253455421 0.10063703290053777 0.044581855306258564 -0.073289493666245389 -0.029752792809690749 -0.09778429687023163 0.041611844541565066 -0.039638648165596861 -0.046364308297634126 -0.092576960243027778 -0.034662680282042578 -0.074221915453672405
leaf_weight=34 44 33 30 35 25 34 25 35 26 27 35 35 35 29 48 33 28 26 26 35 36 31 27 27 29 26 25
leaf_count=34 44 33 30 35 25 34 25 35 26 27 35 35 35 29 48 33 28 26 26 35 36 31 27 27 29 26 25
internal_value=0.00094424 -0.00991068 -0.0149405 0.0679023 -0.0222568 -0.0119489 -0.0189715 -0.0108819 -0.019737 0.0293313 -0.0477349 -0.0682641 -0.0462761 -0.000261353 -0.0316278 -0.0244482 0.0353085 -0.0412462 -0.110084 -0.0318884 -0.0178449 -0.0351118 0.00378834 -0.0830528 -0.05822 -0.0173961 -0.09016
internal_weight=879 835 801 65 736 524 490 440 405 79 212 148 97 64 326 278 61 217 51 184 120 94 58 62 64 53 50
internal_count=879 835 801 65 736 524 490 440 405 79 212 148 97 64 326 278 61 217 51 184 120 94 58 62 64 53 50
is_linear=0
shrinkage=0.04


Tree=49
num_leaves=27
num_cat=0
split_feature=4 4 9 9 5 8 6 7 0 5 6 6 9 9 0 6 7 6 8 4 7 0 9 8 7 4
split_gain=1132.14 274.48 349.06 176.894 103.239 212.095 406.779 466.421 152.883 129.811 132.014 109.07 105.962 185.924 113.176 93.5625 111.762 84.2787 88.6809 74.6658 57.8372 73.1666 82.2309 32.6601 25.3237 14.2025
threshold=1.8742937230129866 0.71715690417947164 1.3283022159985547 1.0595368120321338 -0.25066273765626779 -0.63134183865453442 0.52988476228989012 0.55861543405600889 0.74913504757291582 0.67499283280135014 -0.15225124341821353 0.52988476228989012 -0.62024696275799729 -0.14990750581676068 1.2485584126215263 -0.72069791484163315 -0.90629464749658817 0.075127425151154323 1.0000000180025095e-35 -0.58614456545406601 1.1445794666770477 -1.0000000180025095e-35 -1.0233950687076285 1.0000000180025095e-35 0.26563341774548938 -0.52524262762072316
decision_type=2 2 2 2 2 2 2 2 2 2 2 2 2 2 2 2 2 2 2 2 2 2 2 2 2 2
left_child=1 4 3 15 5 6 7 -1 9 17 25 -12 -10 -14 -15 -3 -17 18 19 -6 21 23 -23 -7 -19 -11
right_child=-2 2 -4 -5 8 20 -8 -9 12 10 11 -13 13 14 -16 16 -18 24 -20 -21 -22 22 -24 -25 -26 -27
leaf_value=0.20021130507056778 0.19866345568136737 0.096294161905844999 0.17750893763303757 -0.081589554333686823 -0.026126319646835327 0.021352437953314474 -0.046962784852670587 -0.023441363488137724 0.062501230497617979 -0.038805439293384557 0.086100158508007341 -0.017680527576526932 -0.10300247255180564 0.074485478189683735 -0.038678052838032065 -0.04385204290350278 0.069454110617247919 -0.080320375189185139 0.0008319347687065601 -0.10960572613775731 0.024360186479709767 -0.014061943744790965 -0.10043694424629213 -0.03671101591760112 -0.12821692532210638 -0.079326906088859811
leaf_weight=37 44 30 25 25 30 31 46 25 37 25 26 43 28 31 26 30 26 38 40 40 27 29 45 31 33 31
leaf_count=37 44 30 25 25 30 31 46 25 37 25 26 43 28 31 26 30 26 38 40 40 27 29 45 31 33 31
internal_value=0.00090647 -0.00951426 0.0424783 0.0120661 -0.0196301 -0.000311268 0.043162 0.110029 -0.0318624 -0.0469575 -0.0156074 0.0214252 0.00599915 -0.0185959 0.022867 0.0392915 0.00875439 -0.0686081 -0.0466795 -0.0738288 -0.0291156 -0.0397322 -0.0665873 -0.00767929 -0.102582 -0.061237
internal_weight=879 835 136 111 699 271 108 62 428 306 125 69 122 85 57 86 56 181 110 70 163 136 74 62 71 56
internal_count=879 835 136 111 699 271 108 62 428 306 125 69 122 85 57 86 56 181 110 70 163 136 74 62 71 56
is_linear=0
shrinkage=0.04


Tree=50
num_leaves=27
num_cat=0
split_feature=4 7 4 0 0 3 7 4 0 8 7 7 0 7 4 7 7 4 4 4 4 4 5 4 8 7
split_gain=1551.19 347.116 224.053 207.263 178.362 111.69 138.876 147.453 135.545 103.431 110.263 103.045 193.858 78.7976 64.6746 44.3268 35.1082 34.4792 34.0513 49.4308 31.7572 27.1403 14.8232 44.5307 32.2222 14.736
threshold=2.44677193864641 1.4375614829875671 -0.34253681412069453 0.74913504757291582 -1.0000000180025095e-35 1.0000000180025095e-35 -0.32033061487554942 0.92422349281283744 -0.7491350475729156 -0.63134183865453442 1.0000000180025095e-35 -0.61331263118606871 1.2485584126215263 0.55861543405600889 0.26648256421273425 -1.4922586801176267 1.0000000180025095e-35 -0.050207512520648777 -0.58614456545406601 -0.75666999138742608 -0.90283464218744902 0.42482760257942576 -0.25066273765626779 -0.64704650328740898 1.0000000180025095e-35 -0.61331263118606871
decision_type=2 2 2 2 2 2 2 2 2 2 2 2 2 2 2 2 2 2 2 2 2 2 2 2 2 2
left_child=1 2 9 5 -3 6 15 8 -8 10 25 14 -13 -12 -5 -4 22 -17 19 20 -18 -19 -11 24 -24 -1
right_child=-2 4 3 11 -6 -7 7 -9 -10 16 13 12 -14 -15 -16 17 18 21 -20 -21 -22 -23 23 -25 -26 -27
leaf_value=-0.075076798085982985 0.29044164555413382 -0.0059665648279518917 0.041783794283866887 0.13487702202796936 0.12180870811200954 0.059537692180386292 -0.032823155552947098 0.0042499510856235725 -0.15016729386316408 -0.014326050996780396 0.059503938372318564 0.082045679734118512 -0.060589070238173011 -0.03039494642844567 0.044770703361584591 0.017992236537811086 -0.058787996953596239 -0.052278719944389249 -0.11354037823677063 -0.017270308044450036 -0.11343690450544712 -0.0050731980185955766 -0.10655694561004639 -0.019685915212916291 -0.045069249153137203 -0.033933742910623552
leaf_weight=26 28 29 30 25 44 27 28 34 36 25 39 31 30 26 26 39 46 38 25 29 27 40 25 46 30 30
leaf_count=26 28 29 30 25 44 27 28 34 36 25 39 31 30 26 26 39 46 38 25 29 27 40 25 46 30 30
internal_value=-0.00238936 -0.0122561 -0.0202789 0.00118319 0.0710487 -0.0176741 -0.0261832 -0.0630671 -0.0988292 -0.0423148 -0.0118977 0.0469795 0.0118974 0.0235444 0.0889405 -0.00159393 -0.056862 -0.0127164 -0.0717039 -0.0614498 -0.0790006 -0.0280708 -0.0419024 -0.0487282 -0.0730182 -0.0530359
internal_weight=859 831 758 384 73 272 245 98 64 374 121 112 61 65 51 147 253 117 127 102 73 78 126 101 55 56
internal_count=859 831 758 384 73 272 245 98 64 374 121 112 61 65 51 147 253 117 127 102 73 78 126 101 55 56
is_linear=0
shrinkage=0.04


Tree=51
num_leaves=26
num_cat=0
split_feature=4 9 6 4 1 9 9 8 6 6 9 5 5 3 7 9 6 4 9 8 4 8 7 9 9
split_gain=1429.57 349.618 340.248 194.604 184.873 141.965 89.617 103.145 109.438 76.4536 73.2988 107.779 91.9269 72.9677 111.267 107.974 70.7403 54.0263 48.102 43.6577 41.2483 33.6878 49.9685 16.1539 15.0791
threshold=2.44677193864641 1.3954935669901598 0.52988476228989012 -0.37907797682070027 1.0000000180025095e-35 -1.5609258766404703 -1.157777770690839 -0.63134183865453442 0.30250609372052223 0.64357409657457409 -0.62024696275799729 -0.25066273765626779 1.0000000180025095e-35 1.0000000180025095e-35 -0.32033061487554942 1.1267281630237389 -0.60700858055694906 -0.18419177575400311 -0.75462966474120774 1.0000000180025095e-35 0.42482760257942576 1.0000000180025095e-35 1.0000000180025095e-35 0.72358005707410744 1.0000000180025095e-35
decision_type=2 2 2 2 2 2 2 2 2 2 2 2 2 2 2 2 2 2 2 2 2 2 2 2 2
left_child=1 3 -3 6 5 -5 -1 8 16 21 11 -6 -12 14 17 23 -8 -7 20 -11 -19 24 -23 -16 -9
right_child=-2 2 -4 4 10 13 7 9 -10 19 12 -13 -14 -15 15 -17 -18 18 -20 -21 -22 22 -24 -25 -26
leaf_value=-0.10897596862809411 0.27882397992270336 -0.0031931552161341128 0.16367909826776561 0.072487213039398202 0.023327967216228616 0.039293589636131568 -0.0059717751853168013 -0.10347214247203536 -0.048277754189367306 0.023801769529070173 0.058554664929397406 0.1366603651046753 -0.039772207367009135 0.031136989712715151 -0.079770932388305668 -0.017006803659292368 0.0828553963624514 -0.082749956189482304 0.012688252760304346 -0.043646062463521956 -0.018088440656858055 -0.014748164965556219 -0.076295081645898197 -0.12298670972306881 -0.067994843343409092
leaf_weight=29 28 46 34 25 29 27 32 36 47 28 32 25 29 30 25 39 26 27 36 34 38 39 46 31 41
leaf_count=29 28 46 34 25 29 27 32 36 47 28 32 25 29 30 25 39 26 27 36 34 38 39 46 31 41
internal_value=-0.00229378 -0.0117659 0.0677276 -0.0202339 -0.000799915 -0.0184451 -0.0415678 -0.035626 -0.00291344 -0.0509601 0.0418554 0.0757967 0.0118091 -0.0274305 -0.0353096 -0.0681066 0.0338473 -0.010968 -0.0244043 -0.0131858 -0.0449478 -0.0654169 -0.0480559 -0.103694 -0.0845816
internal_weight=859 831 80 751 393 278 358 329 105 224 115 54 61 253 223 95 58 128 101 62 65 162 85 56 77
internal_count=859 831 80 751 393 278 358 329 105 224 115 54 61 253 223 95 58 128 101 62 65 162 85 56 77
is_linear=0
shrinkage=0.04


Tree=52
num_leaves=24
num_cat=0
split_feature=2 9 8 9 6 6 9 9 8 9 9 9 9 0 6 9 5 0 8 6 5 0 6
split_gain=1147.2 723.784 270.615 263.269 127.217 70.774 88.4953 113.112 100.608 146.717 152.897 75.1132 84.5362 80.4237 63.326 62.3102 70.7209 72.9645 59.7808 53.7089 26.0388 21.5387 15.7229
threshold=-1.6916913147484629 1.4626849179817649 -0.63134183865453442 -1.5609258766404703 1.5530887708520456 1.3257101022826776 -1.2921604726740494 -0.55305561176639195 -0.63134183865453442 0.45481465310768643 1.0000000180025095e-35 0.3876233021160812 -0.082716154825155472 1.0000000180025095e-35 0.075127425151154323 -0.75462966474120774 -0.25066273765626779 1.0000000180025095e-35 1.0000000180025095e-35 1.0000000180025095e-35 1.0000000180025095e-35 -1.0000000180025095e-35 -0.49331924627226525
decision_type=2 2 2 2 2 2 2 2 2 2 2 2 2 2 2 2 2 2 2 2 2 2 2
left_child=-1 3 -3 -2 5 6 22 15 9 10 -9 12 19 18 -11 16 -8 -18 -13 -10 -15 -14 -5
right_child=1 2 -4 4 -6 -7 7 8 11 14 -12 13 21 20 -16 -17 17 -19 -20 -21 -22 -23 -24
leaf_value=0.22208885226930894 0.072866987828598462 0.21628712663650515 0.052787749508152841 -0.056376452612876896 0.050181170538548495 -0.08115193362058036 0.037763983493342118 -0.023643134075242118 -0.071476215240431989 -0.017973886430263521 0.093859708589666038 -0.0908382457181027 -0.075657405541588868 -0.015178551098538771 -0.098988343064601608 0.04662842366753555 -0.06591565276877108 0.0097510332810251329 -0.022701440069410536 -0.0045208898517820574 0.03796056467294693 -0.12073925660206722 -0.10039914669813933
leaf_weight=35 43 25 46 25 31 45 34 37 41 38 34 38 30 36 26 41 44 38 45 36 25 39 27
leaf_count=35 43 25 46 25 31 45 34 37 41 38 34 38 30 36 26 41 44 38 45 36 25 39 27
internal_value=-0.00220203 -0.011729 0.110358 -0.0232405 -0.0290611 -0.0326789 -0.0292384 -0.0247714 -0.0354893 -0.00696497 0.0326258 -0.0487678 -0.0689851 -0.0282697 -0.050886 0.00424198 -0.0107394 -0.0308506 -0.0538966 -0.0401724 0.00659978 -0.101138 -0.0792344
internal_weight=859 824 71 753 710 679 634 582 425 135 71 290 146 144 64 157 116 82 83 77 61 69 52
internal_count=859 824 71 753 710 679 634 582 425 135 71 290 146 144 64 157 116 82 83 77 61 69 52
is_linear=0
shrinkage=0.04


Tree=53
num_leaves=25
num_cat=0
split_feature=4 9 6 4 9 3 4 9 9 8 9 6 6 9 9 0 5 0 0 6 6 4 6 4
split_gain=1295.36 291.666 315.199 169.757 174.229 248.594 202.13 102.032 93.0404 100.998 102.347 76.2548 66.1786 61.3739 79.1708 51.0197 48.217 84.0103 46.759 42.7681 36.7337 32.0735 30.267 35.6748
threshold=2.44677193864641 1.3954935669901598 0.52988476228989012 -0.34253681412069453 -0.55305561176639195 1.0000000180025095e-35 -0.050207512520648777 -1.5609258766404703 -1.157777770690839 -0.63134183865453442 0.32043195112447598 -0.49331924627226525 0.64357409657457409 1.1267281630237389 0.051666547158054986 1.0000000180025095e-35 -0.71349052288507664 1.0000000180025095e-35 -1.2485584126215259 -0.94807658341100087 -0.15225124341821353 0.68061574147946591 -0.49331924627226525 -0.73230921625408896
decision_type=2 2 2 2 2 2 2 2 2 2 2 2 2 2 2 2 2 2 2 2 2 2 2 2
left_child=1 3 -3 8 6 13 -5 -8 -1 10 11 -10 18 14 -6 -14 -9 -18 -11 -20 -15 -16 -21 -24
right_child=-2 2 -4 4 5 -7 7 16 9 12 -12 -13 15 20 21 -17 17 -19 19 22 -22 -23 23 -25
leaf_value=-0.1031810773909092 0.26548248154776438 -0.0067839247765748402 0.15382854752680836 0.098335335664451129 -0.023996661235780817 0.078958707630634312 0.065638881728518755 -0.060884906298347884 0.022125687769481112 -0.10717034196215015 0.05185313151432918 -0.06309383018385796 0.015565056279301643 -0.045136796364990565 -0.11690485428313953 -0.057277583599090576 -0.037146384813064752 0.046318804195949012 -0.018941965776941051 -0.09999280208657528 0.021476648251215615 -0.05825617250800133 -0.02075774086639285 -0.080031903873790389
leaf_weight=32 28 46 34 48 46 30 32 28 28 28 39 42 40 26 37 25 43 35 46 29 27 25 32 33
leaf_count=32 28 46 34 48 46 30 32 28 28 28 39 42 40 26 37 25 43 35 46 29 27 25 32 33
internal_value=-0.00211395 -0.0111304 0.0614764 -0.0188649 7.68441e-05 -0.0267574 0.0276324 0.00304008 -0.0379585 -0.0318558 -7.47659e-05 -0.029006 -0.0467233 -0.046456 -0.0637568 -0.0124513 -0.0158577 0.000305944 -0.0599833 -0.0505459 -0.0112016 -0.0932562 -0.0660116 -0.0508508
internal_weight=859 831 80 751 377 191 186 138 374 342 109 70 233 161 108 65 106 78 168 140 53 62 94 65
internal_count=859 831 80 751 377 191 186 138 374 342 109 70 233 161 108 65 106 78 168 140 53 62 94 65
is_linear=0
shrinkage=0.04


Tree=54
num_leaves=27
num_cat=0
split_feature=4 7 6 4 0 4 6 3 7 4 0 0 6 6 6 6 4 6 0 6 6 4 4 6 6 7
split_gain=1198 252.626 324.999 154.303 185.554 89.5816 88.2013 87.5874 130.121 91.0581 127.055 79.6239 75.6145 128.004 98.2557 133.302 96.4839 72.9876 122.305 70.9353 43.8099 43.3359 35.6968 38.3232 78.3091 24.0848
threshold=2.3127876754130554 1.4375614829875671 0.52988476228989012 -0.34253681412069453 0.74913504757291582 -0.050207512520648777 -0.49331924627226525 1.0000000180025095e-35 -0.32033061487554942 0.92422349281283744 -0.7491350475729156 1.2485584126215263 -0.15225124341821353 0.18881675943583826 -0.83438724912631701 -1.1754552519803687 -0.64704650328740898 0.64357409657457409 -1.0000000180025095e-35 0.87095276514394182 -0.49331924627226525 -0.75666999138742608 -0.11110945035399165 0.075127425151154323 0.75726343085925796 -1.1992766638071075
decision_type=2 2 2 2 2 2 2 2 2 2 2 2 2 2 2 2 2 2 2 2 2 2 2 2 2 2
left_child=1 3 -3 12 7 -6 -7 8 22 10 -10 -8 14 -14 15 21 17 -15 -19 -18 -16 -1 -5 25 -25 -24
right_child=-2 2 -4 4 5 6 11 -9 9 -11 -12 -13 13 16 20 -17 19 18 -20 -21 -22 -23 23 24 -26 -27
leaf_value=-0.10631398086364452 0.23811300411820413 -0.0068456016116672097 0.16672541194728444 0.031572051440414632 0.10861459183005186 -0.035855299664868251 0.096563626666863758 0.050385531076678529 -0.025423133383904183 -0.0075277317744312866 -0.13903292367855707 0.00092608725795379062 0.049006123029523431 -0.10615847378969193 -0.11697783827781677 0.025259689667395186 0.058277541947364807 0.019082483896187375 -0.085926240219010241 -0.034422511522259031 -0.055899283018182304 -0.038928488186887794 -0.0092936515688896177 0.05210135120297632 -0.043048728489875794 -0.063309440953390944
leaf_weight=26 32 45 28 38 26 27 30 27 28 33 36 26 36 33 42 42 25 35 36 28 34 37 25 31 25 28
leaf_count=26 32 45 28 38 26 27 30 27 28 33 36 26 36 33 42 42 25 35 36 28 34 37 25 31 25 28
internal_value=-0.00202939 -0.0113215 0.0597296 -0.0182004 -0.000248709 0.0438245 0.0235288 -0.0179756 -0.0255401 -0.0614995 -0.0893286 0.0521605 -0.0364401 -0.0190226 -0.0550125 -0.0299391 -0.0346215 -0.0570066 -0.0341614 0.00930393 -0.0896532 -0.0667384 -0.00181186 -0.0134503 0.00962364 -0.0378303
internal_weight=859 827 73 754 380 109 83 271 244 97 64 56 374 193 181 105 157 104 71 53 76 63 147 109 56 53
internal_count=859 827 73 754 380 109 83 271 244 97 64 56 374 193 181 105 157 104 71 53 76 63 147 109 56 53
is_linear=0
shrinkage=0.04


Tree=55
num_leaves=28
num_cat=0
split_feature=4 4 4 7 5 0 7 0 8 8 9 9 9 9 0 4 0 4 0 8 9 9 0 4 4 0 5
split_gain=1198.66 445.144 144.167 129.697 149.822 124.643 129.766 119.499 108.585 83.9708 75.3243 74.4542 147.645 232.285 113.146 104.536 69.6527 67.4232 47.167 107.933 78.4033 68.444 51.1604 34.257 30.6949 28.1955 25.0236
threshold=2.3127876754130554 0.035055200446031262 1.0216665933461864 -1.1992766638071075 -0.71349052288507664 1.0000000180025095e-35 0.26563341774548938 -1.0000000180025095e-35 -0.63134183865453442 -0.63134183865453442 0.99234546104052834 0.051666547158054986 0.3876233021160812 0.58919735509089699 0.74913504757291582 -0.73230921625408896 1.0000000180025095e-35 -0.15983100062066594 -0.7491350475729156 -0.63134183865453442 -0.48586426077478684 -0.21709885680836591 1.0000000180025095e-35 -0.64704650328740898 -0.33035642655402603 1.0000000180025095e-35 -0.25066273765626779
decision_type=2 2 2 2 2 2 2 2 2 2 2 2 2 2 2 2 2 2 2 2 2 2 2 2 2 2 2
left_child=1 3 5 25 -5 7 -7 9 -4 -3 -11 17 14 -14 26 -15 -10 18 23 20 -20 22 -21 -6 -17 -1 -13
right_child=-2 2 8 4 11 6 -8 -9 16 10 -12 12 13 15 -16 24 -18 -19 19 21 -22 -23 -24 -25 -26 -27 -28
leaf_value=-0.11512429427217555 0.26597517084192346 -0.047734632569330707 0.1371545668571226 0.073114179372787483 -0.018774883989934568 0.009945388926814 0.11122571807248251 -0.087169073269917408 0.0057226632896697884 0.076186590107048258 -0.015276105260849 -0.14144621824396067 0.067021012102302754 -0.00013247353805078042 -0.01475283751120934 -0.118879418189709 0.090693288096066194 0.040096027213666174 -0.0067677507797876992 0.028108174574786218 0.08914530782699584 -0.086162160634994503 -0.043734712600708006 -0.081922222578099793 -0.056803722083568577 -0.056172095584869387 -0.08889880927986113
leaf_weight=27 27 27 31 26 27 48 35 26 33 34 25 29 38 37 26 26 29 36 30 29 25 28 35 28 25 25 29
leaf_count=27 27 27 31 26 27 48 35 26 33 34 25 29 38 37 26 26 29 36 30 29 25 28 35 28 25 25 29
internal_value=0.00377102 -0.00492617 0.0350494 -0.0268139 -0.0202352 0.0155051 0.052654 -0.0120249 0.0760295 0.0106931 0.0374312 -0.0256528 -0.0430126 -0.0156275 -0.0840902 -0.0513166 0.045467 -0.0103353 -0.0193231 -0.00750012 0.0368291 -0.0340013 -0.0111809 -0.0509226 -0.0884502 -0.0867819 -0.115173
internal_weight=841 814 288 526 474 195 83 112 93 86 59 448 210 126 84 88 62 238 202 147 55 92 64 55 51 52 58
internal_count=841 814 288 526 474 195 83 112 93 86 59 448 210 126 84 88 62 238 202 147 55 92 64 55 51 52 58
is_linear=0
shrinkage=0.04


Tree=56
num_leaves=27
num_cat=0
split_feature=4 4 6 6 0 7 6 4 6 9 4 9 9 9 4 6 6 6 4 4 9 4 4 4 0 6
split_gain=1104.68 410.245 213.828 295.946 123.226 119.529 93.8734 87.7843 78.3167 122.985 70.6035 190.485 202.078 164.318 172.42 80.9206 60.1933 157.629 142.29 58.1067 52.9791 42.5408 32.4036 32.0255 25.985 11.1545
threshold=2.3127876754130554 0.035055200446031262 -0.72069791484163315 1.4393994365673617 0.74913504757291582 -1.1992766638071075 1.3257101022826776 1.0216665933461864 0.64357409657457409 -0.082716154825155472 -0.97591696758746049 0.58919735509089699 0.32043195112447598 0.051666547158054986 -0.76885037895409469 -0.49331924627226525 0.41619542800520609 0.87095276514394182 0.81460000471282024 -0.22073293845400885 0.051666547158054986 -0.57396417788739751 -0.40343875195403744 -0.61050534058740313 1.0000000180025095e-35 -1.1754552519803687
decision_type=2 2 2 2 2 2 2 2 2 2 2 2 2 2 2 2 2 2 2 2 2 2 2 2 2 2
left_child=1 5 7 4 16 24 8 25 10 -10 20 12 13 14 -12 -13 18 -18 -4 21 -7 -16 -23 -8 -1 -3
right_child=-2 2 3 -5 -6 6 23 -9 9 -11 11 15 -14 -15 19 -17 17 -19 -20 -21 -22 22 -24 -25 -26 -27
leaf_value=-0.11051931998519987 0.25533616136621545 0.074059969043731688 -0.0089645455673683511 0.1353480100631714 0.047339278209422318 -0.10249111009416756 -0.10327552440166474 0.14000985833350568 0.06979197767518816 -0.023934564652542272 0.10228026206493378 -0.11998546876013279 0.098777703008344098 -0.090989959985017785 0.0023403839021921159 -0.024981469832933867 0.06728233058253924 -0.06034341061487794 -0.12896908735185864 0.036261746986158964 -0.02920942253580219 -0.085342930126190195 -0.022144493284048855 -0.039250039601325989 -0.053925209617614746 0.036274030447006222
leaf_weight=27 27 25 43 27 49 27 25 32 42 48 25 32 31 34 40 26 30 32 25 29 38 25 27 25 25 25
leaf_count=27 27 25 43 27 49 27 25 32 42 48 25 32 31 34 40 26 30 32 25 29 38 25 27 25 25 25
internal_value=0.00362018 -0.00472912 0.0336474 0.0119019 -0.00671842 -0.0257414 -0.0194258 0.0882764 -0.0133129 0.0198045 -0.0222368 -0.0131965 0.00445113 -0.011794 0.00664889 -0.0773975 -0.027094 0.00141098 -0.0530839 -0.0131097 -0.0596495 -0.0286724 -0.0525284 -0.0712628 -0.0833106 0.055167
internal_weight=841 814 288 206 179 526 474 82 424 90 334 269 211 180 146 58 130 62 68 121 65 92 52 50 52 50
internal_count=841 814 288 206 179 526 474 82 424 90 334 269 211 180 146 58 130 62 68 121 65 92 52 50 52 50
is_linear=0
shrinkage=0.04


Tree=57
num_leaves=25
num_cat=0
split_feature=2 9 8 6 9 7 9 0 9 9 6 9 6 7 6 7 9 8 6 9 7 6 6 6
split_gain=672.155 709.658 388.803 80.2184 110.502 81.0235 91.0207 63.6239 62.0625 63.5555 65.2263 169.701 106.099 132.727 55.0414 73.9117 54.17 61.6606 50.2114 42.783 79.5072 18.0094 36.0852 14.7104
threshold=-2.9592882694284057 1.3954935669901598 -0.63134183865453442 -0.72069791484163315 -0.55305561176639195 -1.1992766638071075 -0.9562037177160233 1.0000000180025095e-35 -0.75462966474120774 -0.62024696275799729 0.52988476228989012 -0.082716154825155472 1.0000000180025095e-35 0.26563341774548938 -0.26594057770289742 0.26563341774548938 0.25324060013287075 1.0000000180025095e-35 -1.0617659176956848 0.85796275905731789 0.26563341774548938 0.87095276514394182 0.075127425151154323 -1.4028339205497364
decision_type=2 2 2 2 2 2 2 2 2 2 2 2 2 2 2 2 2 2 2 2 2 2 2 2
left_child=-1 3 -3 4 18 21 -7 -4 -8 -10 12 -12 14 -14 15 -11 -13 -18 23 20 -6 22 -5 -2
right_child=1 2 7 5 19 6 8 -9 9 10 11 16 13 -15 -16 -17 17 -19 -20 -21 -22 -23 -24 -25
leaf_value=0.19269918643195055 0.037931412783536046 0.24062660284042359 0.011105890711148581 -0.080529140589328918 -0.0017053863467002401 0.038694873771497183 -0.081811931751392508 0.097507332110404979 0.034864015467464926 0.036049338667481036 0.027640226712744489 -0.11083474083079231 -0.02951594834392135 0.07381938851503439 -0.078093899614883194 -0.050044972728460264 -0.080555239654168859 -0.0018103242807018644 0.082982298268212212 0.014266374230384826 -0.07824289677234797 -0.084039206572117359 -0.016146162112553916 0.00095803115102979872
leaf_weight=29 33 25 30 26 49 42 27 25 32 27 38 36 37 43 33 39 41 26 27 40 39 31 30 36
leaf_count=29 33 25 30 26 49 42 27 25 32 27 38 36 37 43 33 39 41 26 27 40 39 31 30 36
internal_value=0.00347537 -0.00328262 0.109832 -0.0156448 0.00429628 -0.0244378 -0.0171758 0.0503793 -0.0233673 -0.0188843 -0.0242592 -0.0446068 -0.00823116 0.0260268 -0.0359143 -0.0148246 -0.071261 -0.0499975 0.036737 -0.0200342 -0.0356254 -0.0595788 -0.0460383 0.018641
internal_weight=841 812 80 732 224 508 421 55 379 352 320 141 179 80 99 66 103 67 96 128 88 87 56 69
internal_count=841 812 80 732 224 508 421 55 379 352 320 141 179 80 99 66 103 67 96 128 88 87 56 69
is_linear=0
shrinkage=0.04


Tree=58
num_leaves=24
num_cat=0
split_feature=4 4 9 6 6 4 4 6 0 4 0 9 8 0 9 9 0 9 9 9 0 6 4
split_gain=1009.43 375.843 125.361 90.8582 286.501 204.998 90.3875 150.967 105.728 76.4632 90.0695 75.6007 62.5553 97.8516 143.547 54.5457 80.3406 75.0217 50.37 48.3937 41.6875 33.3376 3.40507
threshold=2.3127876754130554 0.65625496634612879 1.4626849179817649 -0.72069791484163315 0.41619542800520609 1.0825685311795292 -0.15983100062066594 1.3257101022826776 -1.2485584126215259 0.36392566474608284 1.2485584126215263 -1.2249691216824441 -0.63134183865453442 -1.0000000180025095e-35 1.0000000180025095e-35 -0.62024696275799729 -0.7491350475729156 0.3876233021160812 -0.082716154825155472 -0.082716154825155472 1.0000000180025095e-35 -0.15225124341821353 1.1678312441462091
decision_type=2 2 2 2 2 2 2 2 2 2 2 2 2 2 2 2 2 2 2 2 2 2 2
left_child=1 2 6 22 -5 -6 7 8 19 10 20 -10 13 -13 -15 -14 -17 18 -18 -1 21 -8 -3
right_child=-2 3 -4 4 5 -7 9 -9 11 -11 -12 12 15 14 -16 16 17 -19 -20 -21 -22 -23 -24
leaf_value=-0.035282674813270569 0.24395555478555186 0.083552331213767719 0.051733707250692901 -0.044643744359845694 0.0048599699735641481 0.15880925911088142 -0.019836958216296302 -0.10138793890426558 -0.076468056042989091 -0.041556751580986505 -0.0509596479177475 -0.040369461672646656 0.01815257662680091 -0.011391341709173644 0.10105526261469898 0.026831248916428664 -0.035728917528943319 -0.0046362755431069271 -0.096395041130958731 -0.11122473511202582 0.067012495884769846 0.037132910289579914 0.10383347833598101
leaf_weight=25 27 26 39 46 25 31 27 45 30 48 25 35 41 39 34 29 41 45 47 29 38 42 27
leaf_count=25 27 26 39 46 25 31 27 45 30 48 25 35 41 39 34 29 41 45 47 29 38 42 27
internal_value=0.00333636 -0.00464487 -0.0178266 0.051399 0.0293233 0.0900819 -0.0222022 -0.0319707 -0.0240624 0.00167636 0.0173975 -0.0158272 -0.00997761 0.0146175 0.040981 -0.0230627 -0.0334937 -0.0466473 -0.0681301 -0.0760664 0.0333688 0.0148404 0.0938842
internal_weight=841 814 659 155 102 56 620 440 395 180 132 341 311 108 73 203 162 133 88 54 107 69 53
internal_count=841 814 659 155 102 56 620 440 395 180 132 341 311 108 73 203 162 133 88 54 107 69 53
is_linear=0
shrinkage=0.04


Tree=59
num_leaves=26
num_cat=0
split_feature=4 4 6 6 4 7 4 6 0 4 4 8 0 5 6 6 4 8 6 6 0 6 6 6 4
split_gain=930.29 346.377 83.735 264.039 188.926 79.071 77.9471 142.422 101.114 96.9269 76.5541 56.0714 175.987 209.986 57.289 95.479 61.5443 44.7213 39.1076 25.8219 24.4129 29.3326 24.8282 9.02135 3.13811
threshold=2.3127876754130554 0.65625496634612879 -0.72069791484163315 0.41619542800520609 1.0825685311795292 1.4375614829875671 -0.15983100062066594 1.3257101022826776 -1.2485584126215259 0.36392566474608284 -0.25727410115401456 -0.63134183865453442 -1.0000000180025095e-35 -0.25066273765626779 -1.0617659176956848 0.64357409657457409 -0.75666999138742608 -0.63134183865453442 -0.15225124341821353 0.075127425151154323 0.74913504757291582 -0.49331924627226525 0.075127425151154323 0.75726343085925796 1.1678312441462091
decision_type=2 2 2 2 2 2 2 2 2 2 2 2 2 2 2 2 2 2 2 2 2 2 2 2 2
left_child=1 5 24 -4 -5 6 7 8 19 17 11 12 -10 -14 16 20 -13 -8 -19 -1 21 -16 -23 -20 -3
right_child=-2 2 3 4 -6 -7 9 -9 10 -11 -12 14 13 -15 15 -17 -18 18 23 -21 -22 22 -24 -25 -26
leaf_value=-0.099677846516881663 0.23419733365376791 0.080210238079038945 -0.042857993789341145 0.0046655704975128174 0.15245688799888857 0.034066843668619791 -0.018896091928084693 -0.097332420660389801 -0.058164577160562787 -0.048422627517062687 -0.077419237270951277 -0.024939196705818178 0.14474173898696899 0.0007175757120484891 -0.07604087076187134 0.021450214103648536 0.060701788854598995 0.0052341694055601604 0.073455331554779651 -0.044319272178869981 -0.081454358324408532 0.0016614050700746732 -0.052169114511746627 0.040133866369724276 0.099680134631969314
leaf_weight=28 27 26 46 25 31 45 36 45 35 46 28 29 25 46 25 38 25 43 26 26 32 29 26 26 27
leaf_count=28 27 26 46 25 31 45 36 45 35 46 28 29 25 46 25 38 25 43 26 26 32 29 26 26 27
internal_value=0.0032029 -0.00445907 0.049343 0.0281503 0.0864786 -0.0171136 -0.0208646 -0.0299349 -0.0221979 0.00152931 -0.0140778 -0.00835668 0.0152433 0.0514303 -0.0206194 -0.0333378 0.0147094 0.0190697 0.0334567 -0.0730237 -0.0519266 -0.0401155 -0.0237857 0.0567946 0.0901289
internal_weight=841 814 155 102 56 659 614 437 392 177 338 310 106 71 204 150 54 131 95 54 112 80 55 52 53
internal_count=841 814 155 102 56 659 614 437 392 177 338 310 106 71 204 150 54 131 95 54 112 80 55 52 53
is_linear=0
shrinkage=0.04


Tree=60
num_leaves=25
num_cat=0
split_feature=2 9 4 4 8 5 4 6 9 6 0 0 9 9 4 4 0 9 9 8 6 6 9 8
split_gain=964.732 227.156 173.699 191.024 110.277 103.129 92.479 84.1632 115.171 83.0016 119.51 163.093 191.573 162.051 146.185 89.665 80.1239 73.1029 69.6805 56.1793 89.2903 63.4556 20.8944 31.8202
threshold=-2.9592882694284057 1.5298762689733703 2.02045837381301 0.05941597557936841 1.0000000180025095e-35 1.0000000180025095e-35 -0.59832495302073463 -0.83438724912631701 0.32043195112447598 1.3257101022826776 1.2485584126215263 0.74913504757291582 0.3876233021160812 -0.28429020779997111 -0.74448960382075746 -0.28163487628735168 -1.0000000180025095e-35 -0.6874383137496024 1.3283022159985547 1.0000000180025095e-35 -0.72069791484163315 -0.15225124341821353 -0.48586426077478684 -0.63134183865453442
decision_type=2 2 2 2 2 2 2 2 2 2 2 2 2 2 2 2 2 2 2 2 2 2 2 2
left_child=-1 2 3 4 7 16 -7 8 17 10 11 12 13 15 -15 -9 -6 -2 19 20 -5 -21 23 -22
right_child=1 -3 -4 18 5 6 -8 9 -10 -11 -12 -13 -14 14 -16 -17 -18 -19 -20 21 22 -23 -24 -25
leaf_value=0.20630724910327367 -0.066221246421337129 0.07730647329320299 -0.11489225259194008 0.045284804564255932 -0.03955393816365136 0.036211069151759145 -0.05501999254524708 -0.014046874597668648 -0.11432434618473053 -0.055306047609874183 -0.064158582779867898 0.11023451558474837 0.088825283936091834 -0.0049858547632510844 -0.14045477881431581 0.081370359000105127 -0.11348051988348669 0.016829463603884678 0.073281547589735554 -0.0010821361133926794 0.021071713154132549 0.069481972340833059 -0.04867221195623278 -0.041508882435468533
leaf_weight=35 28 47 26 39 45 32 40 40 26 35 29 29 35 26 25 26 49 43 33 38 26 44 40 26
leaf_count=35 28 47 26 39 45 32 40 40 26 35 29 29 35 26 25 26 49 43 33 38 26 44 40 26
internal_value=0.00061002 -0.00809542 -0.0132414 -0.00973624 -0.0237468 -0.0504971 -0.0144729 -0.0107627 -0.0422986 0.00172297 0.0112278 0.0233063 0.0067213 -0.0178397 -0.0713922 0.0235417 -0.0780901 -0.0159229 0.0191961 0.0108166 -0.00543624 0.0367815 -0.0269376 -0.0102186
internal_weight=862 827 780 754 508 166 72 342 97 245 210 181 152 117 51 66 94 71 246 213 131 82 92 52
internal_count=862 827 780 754 508 166 72 342 97 245 210 181 152 117 51 66 94 71 246 213 131 82 92 52
is_linear=0
shrinkage=0.04


Tree=61
num_leaves=26
num_cat=0
split_feature=2 4 7 4 0 6 7 4 4 0 7 7 5 4 5 0 4 0 6 7 4 4 6 4 5
split_gain=889.097 151.452 280.225 184.886 74.2853 109.216 101.31 124.262 87.6977 116.063 92.5538 82.2957 328.314 120.692 127.756 72.1744 103.779 143.407 71.6558 84.7664 58.2223 49.2878 46.1254 143.016 11.8364
threshold=-2.9592882694284057 0.24212178907939708 1.4375614829875671 2.02045837381301 0.74913504757291582 -0.49331924627226525 0.26563341774548938 -0.61050534058740313 -0.64704650328740898 1.2485584126215263 1.0000000180025095e-35 0.26563341774548938 -0.25066273765626779 -0.91501502975411764 0.67499283280135014 -0.7491350475729156 1.0216665933461864 1.0000000180025095e-35 1.2120207679979937 -0.90629464749658817 -0.31817603898735741 1.3261762825129007 -0.83438724912631701 -0.63486611572074036 -0.25066273765626779
decision_type=2 2 2 2 2 2 2 2 2 2 2 2 2 2 2 2 2 2 2 2 2 2 2 2 2
left_child=-1 4 3 15 5 6 22 -8 10 -10 -6 13 -13 -7 18 24 17 -17 19 -15 -16 -18 23 -2 -3
right_child=1 2 -4 -5 8 11 7 -9 9 -11 -12 12 -14 14 20 16 21 -19 -20 -21 -22 -23 -24 -25 -26
leaf_value=0.19805495933123995 0.047605381831526759 0.070271469045568399 0.10930704328146847 -0.10366054286956787 -0.087229123463233318 0.045105385124683386 -0.039065525001949736 -0.16042160475695574 0.078481643512135463 -0.014480379183184018 0.010172086696367006 0.089733068017249423 -0.069559189902769547 -0.04468590281407038 -0.030575588608489319 -0.091635159618324705 0.080839009118080146 0.013067516005039215 -0.017978298014828139 -0.13572582413752873 0.04983645035177469 0.0063800840847419975 -0.075368459591498738 -0.071983738988637927 0.032458644623939811
leaf_weight=35 32 27 44 25 27 30 27 27 42 44 37 47 37 30 34 36 25 50 28 36 25 33 26 32 26
leaf_count=35 32 27 44 25 27 30 27 27 42 44 37 47 37 30 34 36 25 50 28 36 25 33 26 32 26
internal_value=0.000585619 -0.00777161 0.0170875 -0.00119023 -0.0195586 -0.028352 -0.0564294 -0.0997436 0.00453515 0.0309197 -0.030919 -0.0132091 0.0195686 -0.0282546 -0.0426389 0.0118136 -0.00287481 -0.0307615 -0.0715968 -0.094344 0.00349731 0.0384744 -0.030441 -0.0121892 0.0517218
internal_weight=862 827 266 222 561 411 144 54 150 86 64 267 84 183 153 197 144 86 94 66 59 58 90 64 53
internal_count=862 827 266 222 561 411 144 54 150 86 64 267 84 183 153 197 144 86 94 66 59 58 90 64 53
is_linear=0
shrinkage=0.04


Tree=62
num_leaves=27
num_cat=0
split_feature=2 4 7 4 0 6 8 7 5 7 4 5 0 4 4 6 6 0 4 0 0 4 6 4 4 5
split_gain=819.392 139.578 258.256 170.39 68.4613 100.654 143.231 413.593 98.5854 93.3674 114.519 85.6024 138.013 78.0197 75.0107 95.5296 69.9404 66.5159 95.6423 132.164 46.5536 45.4236 43.6541 19.9153 14.988 10.9084
threshold=-2.9592882694284057 0.24212178907939708 1.4375614829875671 2.02045837381301 0.74913504757291582 -0.49331924627226525 -0.63134183865453442 0.26563341774548938 0.67499283280135014 0.26563341774548938 -0.61050534058740313 -0.25066273765626779 1.2485584126215263 -0.79321115408743181 -0.64704650328740898 0.075127425151154323 0.64357409657457409 -0.7491350475729156 1.0216665933461864 1.0000000180025095e-35 -1.0000000180025095e-35 1.3261762825129007 -1.1754552519803687 -0.50088185248738604 -0.26945448872068306 -0.25066273765626779
decision_type=2 2 2 2 2 2 2 2 2 2 2 2 2 2 2 2 2 2 2 2 2 2 2 2 2 2
left_child=-1 4 3 17 5 9 7 16 13 22 -11 12 -6 -8 -13 -16 -7 25 19 -19 24 -20 -2 -10 -15 -3
right_child=1 2 -4 -5 11 6 8 -9 23 10 -12 14 -14 20 15 -17 -18 18 21 -21 -22 -23 -24 -25 -26 -27
leaf_value=0.19013275907720839 -0.057707527117295702 0.067460611087304584 0.10493476256728172 -0.099514120769500725 0.0311978209231581 -0.077328861653804787 -0.0084841564480139294 0.16704050357341768 -0.010118452453613281 -0.037502904291506163 -0.15400474089163321 -0.014204217689601999 -0.091316206147593823 -0.070641667029032351 0.0086919062478201733 0.11626850129365922 0.015450739424962263 -0.087969753386245839 0.077605448663234711 0.012544814622402192 -0.10812918298384723 0.006124880544163964 -0.0019775805006856505 0.039426931275261777 -0.028817477215980662 0.03116030216217041
leaf_weight=35 44 27 44 25 28 26 49 25 25 27 27 38 31 26 28 25 26 36 25 50 34 33 46 27 29 26
leaf_count=35 44 27 44 25 28 26 49 25 25 27 27 38 31 26 28 25 26 36 25 50 34 33 46 27 29 26
internal_value=0.000562194 -0.00746074 0.016404 -0.00114262 -0.0187763 -0.0272179 -0.0126807 0.03334 -0.0313313 -0.0541723 -0.0957538 0.00435375 -0.033174 -0.0490182 0.0286849 0.0594356 -0.0309391 0.0113411 -0.00275981 -0.0295311 -0.0713346 0.0369355 -0.0292233 0.015607 -0.0485889 0.0496529
internal_weight=862 827 266 222 561 411 267 77 190 144 54 150 59 138 91 53 52 197 144 86 89 58 90 52 55 53
internal_count=862 827 266 222 561 411 267 77 190 144 54 150 59 138 91 53 52 197 144 86 89 58 90 52 55 53
is_linear=0
shrinkage=0.04


Tree=63
num_leaves=26
num_cat=0
split_feature=2 9 4 4 9 9 4 9 9 0 4 4 9 9 8 6 6 0 4 0 6 9 6 9 8
split_gain=755.152 178.236 139.485 152.848 111.971 172.733 133.544 72.1689 97.0217 94.537 339.918 91.6607 70.6546 59.0017 52.0491 79.7028 56.8853 48.9803 43.8995 64.1072 38.7572 34.8859 29.3049 20.8317 30.3049
threshold=-2.9592882694284057 1.5298762689733703 2.02045837381301 0.05941597557936841 0.45481465310768643 0.32043195112447598 -0.69576805355408322 0.051666547158054986 -1.157777770690839 0.74913504757291582 -0.45216030222071174 -0.20855255088734023 -0.21709885680836591 1.3283022159985547 1.0000000180025095e-35 -0.72069791484163315 -0.15225124341821353 -1.0000000180025095e-35 -0.46434068978738036 -0.7491350475729156 -0.60700858055694906 0.72358005707410744 -0.37962991198758139 -0.48586426077478684 -0.63134183865453442
decision_type=2 2 2 2 2 2 2 2 2 2 2 2 2 2 2 2 2 2 2 2 2 2 2 2 2
left_child=-1 2 3 4 5 7 21 8 20 11 -11 12 18 14 15 -5 -16 -9 19 -10 -2 -6 -8 24 -17
right_child=1 -3 -4 13 6 -7 22 17 9 10 -12 -13 -14 -15 16 23 -18 -19 -20 -21 -22 -23 -24 -25 -26
leaf_value=0.18252745298828399 -0.020767826769087047 0.068486691101434391 -0.10281176026050862 0.041866657053812956 -0.040243046922343116 0.072509208718935653 -0.12647731888773187 -0.017624676653317042 -0.041496424794197087 -0.037843349567231011 0.15645258477926255 -0.075263528265058999 -0.039809437572645642 0.067069519794348512 -0.0012675981458864713 0.020861868491539589 0.065543557960878726 -0.087745598198694957 0.059763669749101009 0.038727366170462442 -0.085388707687908946 0.024766019439697265 -0.070840890407562251 -0.048070206813979895 -0.040210495659938221
leaf_weight=35 27 47 26 39 28 36 28 28 30 34 25 32 48 33 38 26 44 37 30 34 33 25 33 40 26
leaf_count=35 27 47 26 39 28 36 28 28 30 34 25 32 48 33 38 26 44 37 30 34 33 25 33 40 26
internal_value=0.000539706 -0.00716231 -0.0117207 -0.00857958 -0.0211121 -0.0110107 -0.0560243 -0.0194093 -0.0109504 0.000730054 0.0444854 -0.0141065 -0.000324685 0.0173007 0.00959002 -0.00605399 0.0345823 -0.0575397 0.0198377 0.00112246 -0.0563093 -0.00957839 -0.0963789 -0.0263682 -0.00967431
internal_weight=862 827 780 754 508 394 114 358 293 233 59 174 142 246 213 131 82 65 94 64 60 53 61 92 52
internal_count=862 827 780 754 508 394 114 358 293 233 59 174 142 246 213 131 82 65 94 64 60 53 61 92 52
is_linear=0
shrinkage=0.04


Tree=64
num_leaves=28
num_cat=0
split_feature=4 9 0 5 4 0 5 9 8 6 9 9 0 0 4 4 4 6 4 9 0 9 4 0 6 4 7
split_gain=551.375 825.835 130.855 228.15 114.563 100.154 82.8751 205.577 374.673 213.225 171.101 129.043 220.845 208.278 90.1481 83.912 103.456 70.749 66.8585 94.3284 65.0377 48.1592 42.1353 39.7942 38.8592 34.6671 19.6318
threshold=1.6428663592462838 1.0595368120321338 0.74913504757291582 -0.71349052288507664 -0.36689758925403171 1.2485584126215263 -0.25066273765626779 0.3876233021160812 -0.63134183865453442 0.41619542800520609 0.11885789814966023 -0.21709885680836591 -0.7491350475729156 -1.2485584126215259 -0.89065425462078041 -0.72012882868742045 0.22994140151272849 0.41619542800520609 0.4126472150127572 -0.82182101573281285 1.0000000180025095e-35 0.32043195112447598 -0.72012882868742045 -0.7491350475729156 0.075127425151154323 -0.35471720168736315 0.55861543405600889
decision_type=2 2 2 2 2 2 2 2 2 2 2 2 2 2 2 2 2 2 2 2 2 2 2 2 2 2 2
left_child=2 -2 6 -4 21 -6 7 10 9 -9 15 18 13 -13 -14 -1 24 -10 19 -8 -16 22 -5 -21 -17 -25 -7
right_child=1 -3 3 4 5 26 11 8 17 -11 -12 12 14 -15 20 16 -18 -19 -20 23 -22 -23 -24 25 -26 -27 -28
leaf_value=0.050909926593303678 -0.030919777194658916 0.26587817335128783 -0.073919731444782685 -0.053501468886589187 0.10686166101445756 0.051668487787246704 -0.066540281290099743 0.20374067367315291 -0.080998179423809061 0.038535431355237959 -0.12619817349910736 -0.069932533706937514 -0.027459296698753653 0.067100576692157327 -0.14312761121607842 -0.10308410005569459 0.017298291800987155 0.013244688373345595 0.052166130189542415 -0.027240341381790736 -0.068489585999519598 0.04251423670848211 0.017360097670555116 0.056071905950705214 -0.033239113829600125 -0.0064041364192962648 0.0020243418216705322
leaf_weight=27 30 30 36 29 48 25 42 25 25 25 25 35 26 36 47 25 42 26 27 36 31 30 25 30 26 27 26
leaf_count=27 30 30 36 29 48 25 42 25 25 25 25 35 26 36 47 25 42 26 27 36 31 30 25 30 26 27 26
internal_value=0.000518119 0.117479 -0.00823209 0.0181301 0.0362382 0.065391 -0.0181348 -0.000483201 0.0433298 0.121138 -0.0310012 -0.03102 -0.0548351 -0.000450957 -0.0919627 -0.0111685 -0.0291913 -0.0329528 -0.00529391 -0.0167859 -0.113464 0.00187961 -0.0206952 0.0056838 -0.0674769 0.026478 0.0263597
internal_weight=862 60 802 219 183 99 583 246 101 50 145 337 175 71 104 120 93 51 162 135 78 84 54 93 51 57 51
internal_count=862 60 802 219 183 99 583 246 101 50 145 337 175 71 104 120 93 51 162 135 78 84 54 93 51 57 51
is_linear=0
shrinkage=0.04


Tree=65
num_leaves=28
num_cat=0
split_feature=2 9 4 4 4 4 9 4 8 1 8 4 4 9 9 9 9 4 4 7 9 4 4 9 5 9 7
split_gain=654.815 181.679 245.663 154.834 95.5759 88.0552 202.307 116.123 82.8066 101.155 128.256 97.0543 45.7183 81.7476 348.937 125.358 134.629 121.333 55.4951 54.4298 43.491 32.4814 122.28 17.6511 17.549 17.1677 5.57053
threshold=-2.9592882694284057 1.4626849179817649 0.44918837771276293 2.117901474346358 -0.098929062787323066 -0.25727410115401456 -0.35148155879157633 -0.34253681412069453 -0.63134183865453442 1.0000000180025095e-35 1.0000000180025095e-35 0.9851254306461803 -0.97591696758746049 0.58919735509089699 0.32043195112447598 0.11885789814966023 -0.082716154825155472 -0.69576805355408322 -0.64704650328740898 -0.32033061487554942 0.11885789814966023 0.79023922957948312 0.46136876527943149 -0.82182101573281285 1.0000000180025095e-35 -0.75462966474120774 -0.61331263118606871
decision_type=2 2 2 2 2 2 2 2 2 2 2 2 2 2 2 2 2 2 2 2 2 2 2 2 2 2 2
left_child=-1 3 -3 4 5 7 -7 12 11 21 -11 23 19 14 15 16 18 -15 26 -2 -21 22 24 -6 -10 -20 -14
right_child=1 2 -4 -5 8 6 -8 -9 9 10 -12 -13 13 17 -16 -17 -18 -19 25 20 -22 -23 -24 -25 -26 -27 -28
leaf_value=0.18072498409077525 0.0064101384367261614 -0.024908842506079842 0.13252091356260437 -0.10488851400522085 0.043125208008747834 -0.0017988633626216167 -0.14909479390829802 0.057544581825668753 -0.028739267492294315 -0.018263665535487236 0.093308553117163046 0.11174008648395539 -0.061552361249923707 0.0099735192298889171 0.12662783078608975 -0.088989371841942722 0.07144021120763594 -0.11231860319773355 -0.022608865720033646 -0.10180795358419419 -0.035462665561326719 0.0058852526101660224 -0.10276272893979632 -0.0003848975683961596 0.01488511969645818 0.019446961036542566 -0.03693879898105349
leaf_weight=32 28 29 35 26 26 37 25 37 25 32 34 25 31 25 31 33 31 27 25 25 43 47 29 35 36 41 28
leaf_count=32 28 29 35 26 26 37 25 37 25 32 34 25 31 25 31 33 31 27 25 25 43 47 29 35 36 41 28
internal_value=0.00310898 -0.00360935 0.0611856 -0.00891226 -0.00561149 -0.0167998 -0.0611924 -0.0100039 0.0124679 -0.00146836 0.0392129 0.0453638 -0.0167954 -0.00841952 0.00224161 -0.0181604 -0.0031773 -0.0535243 -0.0216824 -0.0405272 -0.0598543 -0.0210666 -0.0351415 0.0181604 -0.00299373 0.00351672 -0.0498713
internal_weight=878 846 64 782 756 467 62 405 289 203 66 86 368 272 220 189 156 52 125 96 68 137 90 61 61 66 59
internal_count=878 846 64 782 756 467 62 405 289 203 66 86 368 272 220 189 156 52 125 96 68 137 90 61 61 66 59
is_linear=0
shrinkage=0.04


Tree=66
num_leaves=27
num_cat=0
split_feature=2 9 4 4 4 6 4 8 5 4 9 4 6 6 9 6 5 4 4 9 6 0 6 6 4 0
split_gain=603.477 167.436 226.403 142.695 88.0827 102.498 114.741 83.0794 94.066 81.1516 186.446 107.019 68.0243 191.368 170.495 89.8202 79.7664 76.1542 49.8314 167.321 52.6134 155.367 42.553 80.1504 70.8052 27.2474
threshold=-2.9592882694284057 1.4626849179817649 0.44918837771276293 2.117901474346358 -0.098929062787323066 -0.72069791484163315 0.15685907611271704 -0.63134183865453442 1.0000000180025095e-35 -0.25727410115401456 -0.35148155879157633 -0.34253681412069453 -0.15225124341821353 0.30250609372052223 0.051666547158054986 0.64357409657457409 1.0000000180025095e-35 -0.73230921625408896 0.66843535391279729 -0.55305561176639195 0.87095276514394182 1.0000000180025095e-35 -0.83438724912631701 -1.1754552519803687 -0.61050534058740313 1.0000000180025095e-35
decision_type=2 2 2 2 2 2 2 2 2 2 2 2 2 2 2 2 2 2 2 2 2 2 2 2 2 2
left_child=-1 3 -3 4 9 7 -7 -6 -9 11 -11 12 22 14 -14 -15 17 -17 19 -8 21 -20 23 24 -2 -24
right_child=1 2 -4 -5 5 6 18 8 -10 10 -12 -13 13 15 -16 16 -18 -19 20 -21 -22 -23 25 -25 -26 -27
leaf_value=0.17349598325788976 -0.013739481135878875 -0.023912488962041924 0.12722007509640285 -0.10069297497089093 0.10829172450762529 0.049777213623937298 0.007133234097407415 0.076230049867715158 -0.024161684978753328 -0.0017269110196345562 -0.14313099853992461 0.055242796330838589 -0.005362758239110311 -0.08194436113039652 0.13814810780378489 0.0037952434610236774 0.046367845758795739 -0.079696390860039615 -0.035517835418383277 -0.12102950388299567 -0.044522284361822852 0.09668043340444564 -0.038371931087403069 0.029422308552909539 -0.09737151994705201 -0.089875919642271818
leaf_weight=32 46 29 35 26 26 49 39 28 32 37 25 37 27 33 26 44 32 29 33 28 29 25 42 37 25 27
leaf_count=32 46 29 35 26 26 49 39 28 32 37 25 37 27 33 26 44 32 29 33 28 29 25 42 37 25 27
internal_value=0.00298462 -0.00346498 0.0587381 -0.00855577 -0.00538703 0.0119691 -0.00353582 0.0485681 0.0226878 -0.0161278 -0.0587447 -0.00960372 -0.0161236 0.000431722 0.0650388 -0.0243811 -0.00628984 -0.0293727 -0.0204991 -0.0464273 -0.00053131 0.0214642 -0.0339884 -0.0183118 -0.0431874 -0.0585257
internal_weight=878 846 64 782 756 289 203 86 60 467 62 405 368 191 53 138 105 73 154 67 87 58 177 108 71 69
internal_count=878 846 64 782 756 289 203 86 60 467 62 405 368 191 53 138 105 73 154 67 87 58 177 108 71 69
is_linear=0
shrinkage=0.04


Tree=67
num_leaves=27
num_cat=0
split_feature=2 7 4 4 4 8 6 6 7 6 6 0 7 0 0 7 4 6 0 4 4 4 6 5 5 0
split_gain=556.164 142.222 173.773 118.68 91.1274 102.381 187.57 247.923 460.223 260.091 241.198 126.562 121.162 67.7204 125.968 62.7974 52.4619 47.4282 137.508 123.289 54.1331 55.4525 65.2561 66.0073 31.0282 20.8642
threshold=-2.9592882694284057 1.1445794666770477 1.1678312441462091 1.8012113976129751 -0.97591696758746049 -0.63134183865453442 0.41619542800520609 -0.15225124341821353 0.26563341774548938 -0.94807658341100087 0.98464209942862591 1.2485584126215263 -0.32033061487554942 1.0000000180025095e-35 -0.7491350475729156 -0.32033061487554942 0.35174527717941434 0.75726343085925796 -1.0000000180025095e-35 0.80241961714615162 0.26648256421273425 -0.51306224005405465 -0.72069791484163315 1.0000000180025095e-35 1.0000000180025095e-35 1.0000000180025095e-35
decision_type=2 2 2 2 2 2 2 2 2 2 2 2 2 2 2 2 2 2 2 2 2 2 2 2 2 2
left_child=-1 3 13 4 15 6 7 8 9 -6 -8 17 -13 14 -3 -2 -15 19 -19 20 21 24 -23 -24 -7 -17
right_child=1 2 -4 -5 5 11 10 -9 -10 -11 -12 12 -14 16 -16 25 -18 18 -20 -21 -22 22 23 -25 -26 -27
leaf_value=0.16655614115297795 0.0062128667293914735 0.037475572947798103 0.11049427390098572 -0.09295948654689172 -0.00038252817145709335 -0.019811019183695315 -0.11154538887643047 0.14332026681676507 -0.12645773067474367 0.17567326896190644 0.039713087444369861 0.10183776446751186 -0.018077401152023904 0.0010768829345703126 -0.080422376024311987 -0.047715141068144541 0.083022749659419068 0.0027240515020158559 -0.096161459929413273 0.061823688880089787 -0.074271439555390131 -0.031598255305874109 -0.016824570298194886 0.066416141373770582 -0.068916378140449527 -0.094078123474121103
leaf_weight=32 28 29 35 27 29 50 31 35 25 25 37 28 26 25 29 41 25 45 45 31 29 49 27 35 35 25
leaf_count=32 28 29 35 27 29 50 31 35 25 25 37 28 26 25 29 41 25 45 45 31 29 49 27 35 35 25
internal_value=0.00286524 -0.00332638 0.0330373 -0.0107233 -0.00743868 -0.00153648 0.0233351 0.0546974 0.0154341 0.0811248 -0.029243 -0.012853 0.0441008 0.0079355 -0.0214734 -0.0439821 0.0420498 -0.0217418 -0.0467187 -0.0129608 -0.0232645 -0.0157175 0.00290078 0.0301662 -0.0400309 -0.0652769
internal_weight=878 846 143 703 676 582 182 114 79 54 68 400 54 108 58 94 50 346 90 256 225 196 111 62 85 66
internal_count=878 846 143 703 676 582 182 114 79 54 68 400 54 108 58 94 50 346 90 256 225 196 111 62 85 66
is_linear=0
shrinkage=0.04


Tree=68
num_leaves=27
num_cat=0
split_feature=2 9 5 4 4 4 4 9 9 9 9 5 4 4 0 6 6 6 5 6 0 4 4 0 0 5
split_gain=512.561 147.536 206.358 127.712 75.6129 136.066 54.5433 45.7943 508.203 259.835 268.447 100.505 99.3797 117.93 60.7775 59.5269 41.5057 32.2088 102.191 47.383 53.0319 78.864 79.7354 66.6418 34.2881 32.1741
threshold=-2.9592882694284057 1.4626849179817649 -0.71349052288507664 2.117901474346358 1.0216665933461864 1.2774547322462262 -0.97591696758746049 0.58919735509089699 0.3876233021160812 0.11885789814966023 1.0000000180025095e-35 -0.25066273765626779 -0.062387900087317351 -0.69576805355408322 1.2485584126215263 -0.26594057770289742 0.87095276514394182 -0.49331924627226525 -0.25066273765626779 1.3257101022826776 -0.7491350475729156 0.26648256421273425 -0.28163487628735168 -1.2485584126215259 -1.0000000180025095e-35 -0.25066273765626779
decision_type=2 2 2 2 2 2 2 2 2 2 2 2 2 2 2 2 2 2 2 2 2 2 2 2 2 2
left_child=-1 3 -3 4 6 -6 16 8 9 10 14 -11 13 -9 17 -14 25 18 -8 20 23 22 -22 -19 -20 -2
right_child=1 2 -4 -5 5 -7 7 12 -10 11 -12 -13 15 -15 -16 -17 -18 19 24 -21 21 -23 -24 -25 -26 -27
leaf_value=0.15989389873517212 -0.086064962020942146 -0.026246373355388642 0.11854089283280903 -0.095137914235775278 0.097310623161254384 -0.012624408672022264 0.030229656472802163 0.010693811702728271 0.17329719850650199 -0.14962299866676332 0.12965933265686036 -0.040181848686830758 0.05694995307005369 -0.098099044236269875 0.038343430771384128 -0.019390146515586161 0.0072345338225364691 0.017802238464355469 -0.029145521735772492 -0.050620400032826834 0.0017181486763605258 -0.038787930011749266 0.08060573527271428 -0.071070061524709058 -0.082570737721146759 -0.030967809918314913
leaf_weight=32 28 28 36 26 31 43 32 25 26 25 25 29 26 44 43 44 25 27 40 28 41 26 41 27 37 43
leaf_count=32 28 28 36 26 31 43 32 25 26 25 25 29 26 44 43 44 25 27 40 28 41 26 41 27 37 43
internal_value=0.00275063 -0.00319333 0.0551965 -0.00797203 -0.00497426 0.0334295 -0.00914123 -0.00456271 0.00167278 -0.00892636 0.00312766 -0.090849 -0.024615 -0.0586813 -0.00612173 0.00896475 -0.0370893 -0.0125164 -0.0298494 -0.00257268 0.00573186 0.0219148 0.0411619 -0.0266339 -0.0548174 -0.0526963
internal_weight=878 846 64 782 756 74 682 586 447 421 367 54 139 69 342 70 96 299 109 190 162 108 82 54 77 71
internal_count=878 846 64 782 756 74 682 586 447 421 367 54 139 69 342 70 96 299 109 190 162 108 82 54 77 71
is_linear=0
shrinkage=0.04


Tree=69
num_leaves=28
num_cat=0
split_feature=2 9 5 6 6 5 6 8 5 6 7 9 6 6 8 9 8 6 6 8 6 9 6 5 7 6 7
split_gain=472.376 135.969 190.18 74.2516 104.142 117.166 108.526 469.701 97.8787 96.4502 86.7185 176.549 115.812 113.374 442.156 86.0994 116.435 42.6453 35.0991 40.7953 64.3566 25.22 19.2068 17.2194 15.2884 9.5305 0.00626844
threshold=-2.9592882694284057 1.4626849179817649 -0.71349052288507664 -1.5165232548344203 -0.72069791484163315 1.0000000180025095e-35 -1.0617659176956848 -0.63134183865453442 1.0000000180025095e-35 -0.49331924627226525 1.1445794666770477 0.85796275905731789 -0.37962991198758139 0.41619542800520609 -0.63134183865453442 -0.62024696275799729 -0.63134183865453442 1.0000000180025095e-35 1.2120207679979937 1.0000000180025095e-35 0.87095276514394182 0.99234546104052834 0.64357409657457409 1.1378206180301593 1.0000000180025095e-35 -1.6302125891191044 -0.32033061487554942
decision_type=2 2 2 2 2 2 2 2 2 2 2 2 2 2 2 2 2 2 2 2 2 2 2 2 2 2 2
left_child=-1 3 -3 25 6 10 8 -8 24 -7 11 12 -6 14 -14 16 -11 -16 19 20 -15 22 23 -17 -5 -2 -9
right_child=1 2 -4 4 5 9 7 26 -10 15 -12 -13 13 18 17 21 -18 -19 -20 -21 -22 -23 -24 -25 -26 -27 -28
leaf_value=0.15349814086686819 -0.035508875053513939 -0.025196523027760639 0.11379925499359766 0.052163229308746478 -0.093134601252419597 -0.061722915722773629 0.19629769353339308 -0.012152820038795472 -0.046792854741215709 -0.0096339809453045884 0.029893371905829455 -0.13256659901804393 0.15553001706246977 -0.098933660587886496 -0.00046379985686923776 0.017336142338239231 0.096348585638889053 -0.066283442311816751 -0.0076058824529702017 -0.0063662482142448429 -0.023888345324631893 -0.034710457501588049 0.03298115081646863 -0.028699766890360762 0.011577041221387458 -0.068816079752785822 -0.013039911251801711
leaf_weight=32 27 28 36 27 35 26 26 25 48 27 37 27 27 41 28 26 43 36 44 25 33 27 34 26 33 28 26
leaf_count=32 27 28 36 27 35 26 26 25 48 27 37 27 27 41 28 26 43 36 44 25 33 27 34 26 33 28 26
internal_value=0.0026406 -0.00306559 0.0529886 -0.00765315 -0.00426296 -0.0131078 0.0216501 0.0579335 -0.00421859 0.0103675 -0.0278416 -0.0350584 -0.0252714 -0.0151209 0.0197815 0.0206098 0.0554696 -0.0374873 -0.0373315 -0.0505429 -0.0654675 -0.000984756 0.00960355 -0.00568181 0.0298408 -0.0524653 -0.0126051
internal_weight=878 846 64 782 727 542 185 77 108 209 333 296 269 234 91 183 70 64 143 99 74 113 86 52 60 55 51
internal_count=878 846 64 782 727 542 185 77 108 209 333 296 269 234 91 183 70 64 143 99 74 113 86 52 60 55 51
is_linear=0
shrinkage=0.04


Tree=70
num_leaves=25
num_cat=0
split_feature=2 7 4 4 4 4 5 5 4 4 4 8 0 7 4 0 4 8 0 4 5 0 0 4
split_gain=469.212 153.804 164.904 73.615 84.998 63.7145 167.072 54.9306 53.3849 43.718 96.2769 37.8054 51.1328 35.7655 140.547 138.81 89.3255 85.9726 75.852 61.3537 83.0472 38.5946 25.642 0.908273
threshold=-1.6916913147484629 1.1445794666770477 1.2287331819795522 -0.97591696758746049 1.7646702349129695 0.5588118658127802 1.0000000180025095e-35 -0.71349052288507664 -0.90283464218744902 0.05941597557936841 0.53445109067944296 1.0000000180025095e-35 1.0000000180025095e-35 -0.61331263118606871 -0.29381526385402029 -1.0000000180025095e-35 -0.78103076652076331 -0.63134183865453442 1.0000000180025095e-35 -0.39125836438736888 0.67499283280135014 1.0000000180025095e-35 -0.7491350475729156 -0.59832495302073463
decision_type=2 2 2 2 2 2 2 2 2 2 2 2 2 2 2 2 2 2 2 2 2 2 2 2
left_child=-1 3 9 11 5 8 7 -7 -5 -3 -11 12 -2 19 16 -16 -15 23 22 -10 21 -21 -19 -18
right_child=1 2 -4 4 -6 6 -8 -9 13 10 -12 -13 -14 14 15 -17 17 18 -20 20 -22 -23 -24 -25
leaf_value=0.14424159780570439 0.0014078506645632954 -0.026588191555605992 0.11286563362926245 0.043168152208839149 -0.079681594228744518 0.020570892814932198 0.091881360492190811 -0.058712165179076015 -0.038269150542176285 0.088551708459854134 -0.0089528032998706028 -0.076595388683112886 -0.071172646951675425 -0.06096702324019538 -0.0050397824337988185 -0.11254975276148838 0.057537841272354132 -0.0065983855724334722 -0.050837846318880713 -0.026204467975363438 0.077797072529792788 0.026049755847170238 0.045816887829984936 0.046755499696731574
leaf_weight=35 41 36 32 28 25 29 37 27 46 26 43 37 25 36 33 46 25 32 45 49 27 42 28 25
leaf_count=35 41 36 32 28 25 29 37 27 46 26 43 37 25 36 33 46 25 32 45 49 27 42 28 25
internal_value=0.000813438 -0.0053085 0.0333715 -0.0130672 -0.00753318 -0.00428325 0.0259241 -0.0176549 -0.0103639 0.00914475 0.027788 -0.0442294 -0.0260848 -0.0138176 -0.0227669 -0.0676405 -0.00420659 0.00897648 -0.0115807 0.00091592 0.0161915 -0.00208713 0.0178621 0.0521467
internal_weight=855 820 137 683 580 555 93 56 462 105 69 103 66 434 270 79 191 155 105 164 118 91 60 50
internal_count=855 820 137 683 580 555 93 56 462 105 69 103 66 434 270 79 191 155 105 164 118 91 60 50
is_linear=0
shrinkage=0.04


Tree=71
num_leaves=26
num_cat=0
split_feature=2 9 8 9 6 6 8 6 6 6 8 6 5 8 5 9 8 6 1 6 9 6 5 8 8
split_gain=432.426 153.041 156.925 195.082 97.4992 99.781 128.298 150.44 93.4049 106.605 87.9995 70.0714 53.8411 95.275 85.2789 128.151 58.4521 70.6811 53.1747 47.6654 31.9561 30.0321 24.1636 16.6174 14.8265
threshold=-1.6916913147484629 1.1267281630237389 1.0000000180025095e-35 1.5298762689733703 -1.5165232548344203 -0.60700858055694906 -0.63134183865453442 -1.0617659176956848 1.5530887708520456 1.3257101022826776 -0.63134183865453442 -1.2891445862650526 1.0000000180025095e-35 1.0000000180025095e-35 -1.1763183081138855 -1.0233950687076285 -0.63134183865453442 0.75726343085925796 1.0000000180025095e-35 0.30250609372052223 0.051666547158054986 0.52988476228989012 -0.25066273765626779 1.0000000180025095e-35 -0.63134183865453442
decision_type=2 2 2 2 2 2 2 2 2 2 2 2 2 2 2 2 2 2 2 2 2 2 2 2 2
left_child=-1 4 3 10 -2 6 7 -6 9 12 -3 -8 14 18 -7 -16 19 22 24 -17 23 -15 -18 -13 -14
right_child=1 2 -4 -5 5 8 11 -9 -10 -11 -12 20 13 21 15 16 17 -19 -20 -21 -22 -23 -24 -25 -26
leaf_value=0.1384719343526023 -0.074403862108786897 0.0088146096467971811 0.098661575375533689 0.087503566294908519 -0.00055546197397955536 0.021288878186182542 0.048927510446972314 0.12720850394169492 0.049166245989501478 -0.087804780641668717 -0.081999212926433945 -0.061490048225969075 0.015219988784482401 0.068846971354176931 -0.10328647047281266 -0.015140104055404665 -0.0033230641815397478 -0.050293789570396007 -0.07341693813800812 -0.088854798236861821 0.0071621894475185511 0.0099224647521972652 0.045284151871999107 -0.018880116829165707 -0.022518493665589227
leaf_weight=35 39 38 41 32 29 44 27 30 30 38 31 32 31 31 41 25 36 37 25 32 33 25 30 27 36
leaf_count=35 39 38 41 32 29 44 27 30 30 38 31 32 31 31 41 25 36 37 25 32 33 25 30 27 36
internal_value=0.0007809 -0.00509616 0.0326635 0.00587221 -0.0130045 -0.00925715 0.0161803 0.0644093 -0.019079 -0.0238292 -0.0319858 -0.00773151 -0.0176433 0.00140573 -0.0291505 -0.0401919 -0.024024 -0.0060386 -0.0236334 -0.0565238 -0.0243597 0.0425414 0.0187711 -0.0419906 -0.0050574
internal_weight=855 820 142 101 678 639 178 59 461 431 69 119 393 148 245 201 160 103 92 57 92 56 66 59 67
internal_count=855 820 142 101 678 639 178 59 461 431 69 119 393 148 245 201 160 103 92 57 92 56 66 59 67
is_linear=0
shrinkage=0.04


Tree=72
num_leaves=26
num_cat=0
split_feature=2 9 4 6 6 4 0 7 5 4 4 4 9 6 6 4 6 0 6 9 4 6 0 4 4
split_gain=398.524 141.043 168.612 89.8552 91.9581 151.85 183.899 160.238 210.059 94.6753 98.4615 119.469 110.508 88.7636 65.6306 54.8676 42.3013 75.4627 70.4017 37.7147 89.6108 36.908 20.9052 19.3708 15.7402
threshold=-1.6916913147484629 1.1267281630237389 1.2287331819795522 -1.5165232548344203 -0.60700858055694906 -0.97591696758746049 -1.2485584126215259 0.26563341774548938 -0.25066273765626779 1.2774547322462262 -0.63486611572074036 -0.42779952708737462 -0.62024696275799729 -0.49331924627226525 0.52988476228989012 -0.69576805355408322 0.64357409657457409 -1.0000000180025095e-35 0.18881675943583826 -1.0233950687076285 0.14467868854604846 0.75726343085925796 1.0000000180025095e-35 0.035055200446031262 -0.98809735515412911
decision_type=2 2 2 2 2 2 2 2 2 2 2 2 2 2 2 2 2 2 2 2 2 2 2 2 2
left_child=-1 3 13 -2 5 -5 -7 8 -8 10 15 -12 19 -3 -14 16 18 -18 24 20 -13 -15 -10 -21 -6
right_child=1 2 -4 4 9 6 7 -9 22 -11 11 12 14 21 -16 -17 17 -19 -20 23 -22 -23 -24 -25 -26
leaf_value=0.13293305693353927 -0.071427707152488903 -0.036498804363337432 0.11057369571743589 -0.069978216439485555 -0.04215060653686524 -0.065227415641913047 0.16831440103054046 -0.012920565547012701 0.060510715516629045 -0.09246151270774694 0.058662208604315924 -0.064622344420506406 -0.013629369303888203 0.063292934105202953 -0.082216799591736098 -0.092027648973464965 0.03993900144472718 -0.043944178948531282 -0.097545802778211121 0.062826211943670551 0.028655067645841178 0.0024238089472055436 0.010258374030773456 0.013962826204299927 0.0023015766877394457
leaf_weight=35 39 44 33 28 25 26 30 41 27 26 48 26 49 37 41 25 32 37 29 27 45 28 26 25 26
leaf_count=35 39 44 33 28 25 26 30 41 27 26 48 26 49 37 41 25 32 37 29 27 45 28 26 25 26
internal_value=0.000749665 -0.00489231 0.031357 -0.0124843 -0.00888686 0.0155331 0.0314952 0.0517758 0.0837342 -0.0183158 -0.0138841 0.00165415 -0.0111927 0.00737392 -0.0448748 -0.0371916 -0.0279909 -0.00504183 -0.0477844 0.0134526 -0.00550286 0.0370724 0.0358586 0.0393342 -0.0194887
internal_weight=855 820 142 678 639 178 150 124 83 461 435 261 213 109 90 174 149 69 80 123 71 65 53 52 51
internal_count=855 820 142 678 639 178 150 124 83 461 435 261 213 109 90 174 149 69 80 123 71 65 53 52 51
is_linear=0
shrinkage=0.04


Tree=73
num_leaves=26
num_cat=0
split_feature=2 9 8 9 6 6 0 8 6 6 6 0 6 5 9 8 8 0 6 5 0 7 7 8 6
split_gain=367.279 129.985 144.669 176.474 82.8106 84.7486 136.867 206.449 159.611 102.923 85.2618 126.259 88.9888 174.786 202.279 113.273 81.5671 75.1886 44.4991 34.9105 32.5806 29.2195 25.5442 30.3704 13.4932
threshold=-1.6916913147484629 1.1267281630237389 1.0000000180025095e-35 1.5298762689733703 -1.5165232548344203 -0.60700858055694906 -1.2485584126215259 -0.63134183865453442 -1.0617659176956848 -1.0617659176956848 1.5530887708520456 1.2485584126215263 0.75726343085925796 -1.1763183081138855 -1.0233950687076285 -0.63134183865453442 -0.63134183865453442 -1.0000000180025095e-35 0.41619542800520609 -0.25066273765626779 -1.0000000180025095e-35 -0.61331263118606871 0.55861543405600889 1.0000000180025095e-35 1.0983314337133099
decision_type=2 2 2 2 2 2 2 2 2 2 2 2 2 2 2 2 2 2 2 2 2 2 2 2 2
left_child=-1 4 3 16 -2 6 -6 8 -8 -9 11 12 13 -7 -15 20 -3 21 22 -13 -16 -14 23 -17 -19
right_child=1 2 -4 -5 5 10 7 9 -10 -11 -12 19 17 14 15 18 -18 24 -20 -21 -22 -23 -24 -25 -26
leaf_value=0.12761573280606953 -0.06857059879180713 0.007652570330782941 0.09347100348007388 0.082019690275192264 -0.06627123337771211 0.097231488890118067 0.023282712411880496 0.038424644432961945 0.16483609243940847 -0.043182296723711724 0.04761940484742324 -0.1041949499037958 -0.038726812417690576 -0.10523964684817098 -0.067166526876389979 -0.032623843380383086 -0.079779250025749204 -0.088777556012074155 0.065648827263287135 -0.045503529441707276 -0.008083690277167729 0.017972597028269914 0.045266512288497048 0.024419744778424502 -0.052891956222684763
leaf_weight=35 39 38 41 32 28 27 25 48 26 51 30 31 26 31 32 28 31 30 35 34 28 33 26 32 38
leaf_count=35 39 38 41 32 28 27 25 48 26 51 30 31 26 31 32 28 31 30 35 34 28 33 26 32 38
internal_value=0.000719678 -0.00469662 0.0301027 0.00437892 -0.011985 -0.00853138 0.0149118 0.0300659 0.0954472 -0.00361529 -0.0175832 -0.0221217 -0.012998 0.00137971 -0.0108278 0.00534216 -0.0316284 -0.0400553 0.0276248 -0.0734948 -0.0395945 -0.00701358 0.0121499 -0.0022006 -0.0687238
internal_weight=855 820 142 101 678 639 178 150 51 99 461 431 366 239 212 181 69 127 121 65 60 59 86 60 68
internal_count=855 820 142 101 678 639 178 150 51 99 461 431 366 239 212 181 69 127 121 65 60 59 86 60 68
is_linear=0
shrinkage=0.04


Tree=74
num_leaves=27
num_cat=0
split_feature=2 4 4 4 6 4 6 7 5 4 4 7 4 7 4 4 6 6 5 4 4 4 7 5 4 6
split_gain=338.485 123.068 156.729 144.22 167.257 131.898 114.818 67.1955 45.5973 49.5783 90.6892 72.9562 34.8512 41.1138 111.671 90.4153 65.0937 41.6206 32.5089 121.248 74.9273 66.2327 65.1612 32.5947 29.6959 7.45831
threshold=-1.6916913147484629 0.05941597557936841 2.117901474346358 1.502791902229595 -0.72069791484163315 0.19340023881272278 -1.1754552519803687 -1.1992766638071075 -1.1763183081138855 0.93640388037950606 0.66843535391279729 -0.61331263118606871 -1.243885494054169 -0.61331263118606871 -0.28163487628735168 -0.29381526385402029 0.075127425151154323 -0.15225124341821353 -0.25066273765626779 -0.95155619245412326 -0.61050534058740313 -0.96373658002079188 0.55861543405600889 0.67499283280135014 -0.58614456545406601 1.0000000180025095e-35
decision_type=2 2 2 2 2 2 2 2 2 2 2 2 2 2 2 2 2 2 2 2 2 2 2 2 2 2
left_child=-1 7 3 4 6 -6 -3 25 -7 10 11 -10 -9 14 16 18 -14 -17 19 -15 -21 -20 23 24 -23 -2
right_child=1 2 -4 -5 5 8 -8 12 9 -11 -12 -13 13 15 -16 17 -18 -19 21 20 -22 22 -24 -25 -26 -27
leaf_value=0.12251110240391322 -0.043620222663879396 0.014379612460280911 -0.07782557528752547 0.10769409426053365 0.075186391362437502 0.019613677955725616 0.11837839552334377 -0.049262866427501044 0.002718832790851593 -0.077290022070209186 0.042925017663726105 -0.088826826572418208 0.022463301104307175 0.080849945505460111 0.067792870565072494 -0.091602578798929843 -0.068816485857963572 -0.027396484051431927 -0.070727876137042872 -0.045184612274169922 0.033112368014725772 0.049208541721105573 -0.057790281156013749 -0.015891432280236102 -0.006364600658416748 -0.073940286604618585
leaf_weight=35 25 33 26 30 27 34 35 36 26 30 27 30 25 30 38 30 25 35 29 48 33 40 29 47 25 27
leaf_count=35 25 33 26 30 27 34 35 36 26 30 27 30 25 30 38 30 25 35 29 48 33 40 29 47 25 27
internal_value=0.00069089 -0.00450875 0.0160006 0.0249693 0.0147142 -0.00607438 0.0679084 -0.0162172 -0.0209998 -0.0332198 -0.0172908 -0.0463235 -0.0114436 -0.00830647 0.0161057 -0.0145153 -0.0231766 -0.0570301 -0.00468097 0.0121563 -0.0132858 -0.0156747 -0.00435169 0.00948508 0.0278343 -0.0593633
internal_weight=855 820 298 272 242 174 68 522 147 113 83 56 470 434 88 346 50 65 281 111 81 170 141 112 65 52
internal_count=855 820 298 272 242 174 68 522 147 113 83 56 470 434 88 346 50 65 281 111 81 170 141 112 65 52
is_linear=0
shrinkage=0.04


Tree=75
num_leaves=27
num_cat=0
split_feature=4 8 7 6 7 6 4 6 4 0 7 7 6 6 6 4 0 8 6 7 6 6 0 4 7 4
split_gain=688.343 135.792 143.286 289.979 511.676 247.429 196.485 166.105 155.518 85.5156 172.177 96.424 104.467 93.2423 70.7249 64.8401 60.7732 64.1405 60.6794 56.8606 54.9773 57.376 38.6013 30.2346 27.7885 14.5711
threshold=2.5807562018797641 -0.63134183865453442 0.55861543405600889 0.41619542800520609 1.0000000180025095e-35 0.64357409657457409 -0.34253681412069453 -0.72069791484163315 -0.43997991465404318 -0.7491350475729156 0.85159745036652823 -0.61331263118606871 0.87095276514394182 -0.72069791484163315 0.75726343085925796 0.10813752584604273 1.0000000180025095e-35 1.0000000180025095e-35 0.41619542800520609 0.26563341774548938 -0.72069791484163315 0.41619542800520609 0.74913504757291582 -0.11110945035399165 0.26563341774548938 -0.61050534058740313
decision_type=2 2 2 2 2 2 2 2 2 2 2 2 2 2 2 2 2 2 2 2 2 2 2 2 2 2
left_child=1 2 3 4 6 7 -1 -4 -5 10 19 12 16 15 18 25 -11 -18 23 20 -3 -22 -16 24 -15 -13
right_child=-2 9 5 8 -6 -7 -8 -9 -10 11 -12 13 -14 14 22 -17 17 -19 -20 -21 21 -23 -24 -25 -26 -27
leaf_value=-0.042216529265046127 0.20096577717707706 0.038774344625572367 0.0028127487897872928 -0.098351530206614537 0.20554659044041354 0.07108891628185908 0.085674181483887349 -0.12384383336917773 0.021510974196500558 -0.018232826553285123 0.069938021497206487 -0.084333655118942266 -0.065970461830016106 -0.032007106430828575 -0.082977540756380835 -0.03122716515228666 0.0068922886515364922 0.089471293820275188 0.044011081324683295 -0.073914129233360285 -0.068840352913429007 0.0054527125603113426 -0.023261057323422926 -0.054148654937744144 0.02309418210276851 -0.12710313058816469
leaf_weight=40 26 30 30 29 34 30 37 37 43 44 47 25 31 32 43 29 34 27 27 25 29 39 29 34 27 26
leaf_count=40 26 30 30 29 34 30 37 37 43 44 47 25 31 32 43 29 34 27 27 25 29 39 29 34 27 26
internal_value=-0.00179931 -0.0079437 0.0149195 0.0357522 0.0763051 -0.0243832 0.0192374 -0.0671319 -0.026767 -0.0190193 0.00481617 -0.0289508 -0.00145048 -0.0427009 -0.0275836 -0.0789826 0.0175983 0.0434437 -0.00877866 -0.0200678 -0.00633147 -0.0262311 -0.0589251 -0.0241047 -0.00679126 -0.106138
internal_weight=884 858 280 183 111 97 77 67 72 578 170 408 136 272 192 80 105 61 120 123 98 68 72 93 59 51
internal_count=884 858 280 183 111 97 77 67 72 578 170 408 136 272 192 80 105 61 120 123 98 68 72 93 59 51
is_linear=0
shrinkage=0.04


Tree=76
num_leaves=26
num_cat=0
split_feature=2 9 9 8 9 5 6 8 9 6 9 6 9 7 8 6 9 5 1 5 6 1 6 6 6
split_gain=258.931 207.364 115.625 267.983 292.229 118.71 162.287 91.1136 89.8051 67.534 66.1287 50.7466 50.2116 51.784 74.2444 48.3755 32.8721 30.154 62.6564 58.6816 40.5954 21.5225 16.7866 28.8811 6.42171
threshold=-1.6916913147484629 1.5298762689733703 0.45481465310768643 -0.63134183865453442 1.0000000180025095e-35 0.67499283280135014 -0.26594057770289742 1.0000000180025095e-35 -1.6281172276320757 -0.37962991198758139 0.92515411004892301 -1.1754552519803687 -0.55305561176639195 -1.1992766638071075 1.0000000180025095e-35 0.075127425151154323 1.193919514015344 -0.25066273765626779 1.0000000180025095e-35 1.0000000180025095e-35 0.64357409657457409 1.0000000180025095e-35 -0.72069791484163315 0.52988476228989012 -0.49331924627226525
decision_type=2 2 2 2 2 2 2 2 2 2 2 2 2 2 2 2 2 2 2 2 2 2 2 2 2
left_child=-1 2 3 4 5 6 -2 11 -5 -7 -9 -4 13 15 24 -10 -12 20 19 -19 -13 22 -14 -24 -15
right_child=1 -3 7 8 -6 9 -8 10 12 -11 16 17 21 14 -16 -17 -18 18 -20 -21 -22 -23 23 -25 -26
leaf_value=0.099040565888086948 -0.10302688511518332 0.077169930775960294 -0.00064983255096844256 0.050517339353208186 0.13094813069631886 0.10185972206867659 0.021055765102307 -0.043218902602340237 -0.077732171288558416 0.013079377166156113 0.062200212430953979 -0.071852926611900333 -0.056634199872161402 -0.036917200278904709 0.044835377792094615 -0.010475753494961696 -0.0020393148007301185 -0.13452379744499923 -0.025395393942349721 -0.053621068780238812 -0.0048841249942779543 -0.064632564968532979 -0.0026449402984307737 -0.048452147662639618 -0.010428875151555985
leaf_weight=39 26 45 28 27 43 26 48 33 28 29 25 28 33 27 47 44 26 32 28 26 30 45 49 40 32
leaf_count=39 26 45 28 27 43 26 48 33 28 29 25 28 33 27 47 44 26 32 28 26 30 45 49 40 32
internal_value=-0.00172734 -0.00637816 -0.0110777 -0.000645903 0.0406419 0.0105398 -0.0225408 -0.0332454 -0.019736 0.0550483 0.000901897 -0.049922 -0.025234 -0.0104531 0.00732806 -0.036631 0.0294506 -0.0595027 -0.0745347 -0.0982571 -0.0372139 -0.0409885 -0.0322673 -0.0232324 -0.0225507
internal_weight=884 845 800 544 172 129 74 256 372 55 84 172 345 178 106 72 51 144 86 58 58 167 122 89 59
internal_count=884 845 800 544 172 129 74 256 372 55 84 172 345 178 106 72 51 144 86 58 58 167 122 89 59
is_linear=0
shrinkage=0.04


Tree=77
num_leaves=27
num_cat=0
split_feature=4 8 7 6 7 6 4 6 4 4 4 4 7 7 4 4 7 8 4 6 4 4 4 6 7 4
split_gain=631.07 115.613 119.788 266.545 451.693 218.566 180.892 151.34 145.998 80.3474 38.5004 61.2751 52.5331 59.4071 179.58 75.4206 49.6253 81.0282 35.9186 31.7895 33.2098 37.5953 26.8253 23.9929 18.4489 12.813
threshold=2.5807562018797641 -0.63134183865453442 0.55861543405600889 0.41619542800520609 1.0000000180025095e-35 0.64357409657457409 -0.34253681412069453 -0.72069791484163315 -0.43997991465404318 1.502791902229595 1.106929306312866 0.80241961714615162 -0.61331263118606871 0.85159745036652823 0.16903946367938563 -0.34253681412069453 -1.1992766638071075 1.0000000180025095e-35 -0.12328983792066023 -0.72069791484163315 -0.64704650328740898 -0.85411309192077478 0.58317264094611732 -0.26594057770289742 0.26563341774548938 -0.28163487628735168
decision_type=2 2 2 2 2 2 2 2 2 2 2 2 2 2 2 2 2 2 2 2 2 2 2 2 2 2
left_child=1 2 3 4 6 7 -1 -4 -5 10 11 12 16 15 -15 19 18 25 -3 24 21 -21 -16 -17 -14 -18
right_child=-2 9 5 8 -6 -7 -8 -9 -10 -11 -12 -13 13 14 22 23 17 -19 -20 20 -22 -23 -24 -25 -26 -27
leaf_value=-0.041101124539971348 0.19248827494107762 -0.067779628229141228 0.0042046309510866808 -0.096695899511205746 0.19291259429034063 0.067349986533323927 0.081610172664796976 -0.11669170245930956 0.019439815670944924 0.050956018842183627 -0.062891561069497559 0.037155643850564961 -0.078144593651478106 0.059007640920761155 -0.083226948595047007 -0.051894454249629275 -0.039190605229139329 0.055197967900471254 -0.0042163036447582826 -0.0054344874361286991 0.013472118561084455 -0.057152646671641952 -0.024629705747962 -0.10273824290795761 -0.031742187779525234 0.00055002498543924754
leaf_weight=40 26 25 30 29 34 30 37 37 43 26 33 30 26 41 25 27 25 44 33 46 39 44 25 33 29 27
leaf_count=40 26 25 30 29 34 30 37 37 43 26 33 30 26 41 25 27 25 44 33 46 39 44 25 33 29 27
internal_value=-0.00165824 -0.00754147 0.0135548 0.0326027 0.0714825 -0.022381 0.017864 -0.062559 -0.0273371 -0.0177611 -0.0209978 -0.018334 -0.0217383 -0.0306274 -0.00304509 -0.0409143 -0.00240151 0.0152479 -0.0316143 -0.0282151 -0.0173588 -0.0307189 -0.0539283 -0.0798585 -0.0536779 -0.018556
internal_weight=884 858 280 183 111 97 77 67 72 578 552 519 489 335 91 244 154 96 58 184 129 90 50 60 55 52
internal_count=884 858 280 183 111 97 77 67 72 578 552 519 489 335 91 244 154 96 58 184 129 90 50 60 55 52
is_linear=0
shrinkage=0.04


Tree=78
num_leaves=28
num_cat=0
split_feature=4 8 4 7 6 7 6 6 4 6 4 4 4 7 7 4 4 7 8 4 6 5 8 8 6 7 4
split_gain=581.594 106.549 111.73 159.627 351.291 445.185 175.636 149.395 92.4455 74.9247 74.0482 35.4819 56.6348 49.13 53.1358 170.014 69.5076 45.7347 74.6756 33.1026 29.2972 31.5534 74.2484 42.3633 22.1118 17.0025 11.8084
threshold=2.5807562018797641 -0.63134183865453442 -0.97591696758746049 0.55861543405600889 0.41619542800520609 1.0000000180025095e-35 0.64357409657457409 -0.72069791484163315 -0.086748675220654506 0.98464209942862591 1.502791902229595 1.106929306312866 0.79023922957948312 -0.61331263118606871 0.85159745036652823 0.16903946367938563 -0.34253681412069453 -1.1992766638071075 1.0000000180025095e-35 -0.12328983792066023 -0.72069791484163315 1.0000000180025095e-35 1.0000000180025095e-35 1.0000000180025095e-35 -0.26594057770289742 0.26563341774548938 -0.28163487628735168
decision_type=2 2 2 2 2 2 2 2 2 2 2 2 2 2 2 2 2 2 2 2 2 2 2 2 2 2 2
left_child=1 2 -1 4 5 8 7 -5 -4 -6 11 12 13 17 16 -16 20 19 26 -3 25 22 -22 -23 -18 -15 -19
right_child=-2 10 3 6 9 -7 -8 -9 -10 -11 -12 -13 -14 14 15 -17 24 18 -20 -21 21 23 -24 -25 -26 -27 -28
leaf_value=-0.052769861718018847 0.18478873234528764 -0.065068443536758419 -0.003245927054021094 0.0089966876958978599 -0.071174410899480178 0.23040783217975072 0.06202077339435446 -0.11544564376274745 0.094667017194959846 0.016815447825938464 0.04891777868454273 -0.060375897554737157 0.033946852916851643 -0.075018808520757235 0.056647335836073252 -0.054266177735601863 -0.049818675915400193 -0.037622979378700253 0.052990049259229142 -0.0040476512547695277 0.0090962340150560657 -0.028779157709192343 -0.07067937335371971 0.042078716401700619 -0.098628714409741483 -0.030472499152709699 0.00052802478825604473
leaf_weight=36 26 25 36 29 30 28 29 33 27 32 26 33 32 26 41 48 27 25 44 33 35 27 40 27 33 29 27
leaf_count=36 26 25 36 29 30 28 29 33 27 32 26 33 32 26 41 48 27 25 44 33 35 27 40 27 33 29 27
internal_value=-0.00159191 -0.00723981 0.0130126 0.0227182 0.0476695 0.0976986 -0.019233 -0.0572387 0.0387168 -0.0257603 -0.0170507 -0.0201579 -0.0176007 -0.0209878 -0.0296276 -0.00317119 -0.0392777 -0.00230545 0.014638 -0.0303497 -0.0270865 -0.0166645 -0.0334508 0.00664978 -0.0766642 -0.0515308 -0.0178138
internal_weight=884 858 280 244 153 91 91 62 63 62 578 552 519 487 333 89 244 154 96 58 184 129 75 54 60 55 52
internal_count=884 858 280 244 153 91 91 62 63 62 578 552 519 487 333 89 244 154 96 58 184 129 75 54 60 55 52
is_linear=0
shrinkage=0.04


Tree=79
num_leaves=29
num_cat=0
split_feature=4 8 9 9 4 4 6 4 9 4 9 9 4 4 9 4 4 8 4 9 6 6 9 8 6 9 9 4
split_gain=535.997 98.1957 224.99 204.224 153.891 112.29 82.3978 81.493 76.4865 68.2428 44.4866 46.8932 87.9248 85.4526 94.7012 86.1241 134.035 36.541 56.2825 39.596 35.5084 33.7395 30.6984 92.0797 27.3549 21.7004 19.0239 17.782
threshold=2.5807562018797641 -0.63134183865453442 0.45481465310768643 1.0000000180025095e-35 1.125199887662869 -0.34253681412069453 1.0000000180025095e-35 -0.59832495302073463 1.0595368120321338 1.502791902229595 -0.55305561176639195 0.72358005707410744 -0.34253681412069453 0.16903946367938563 0.99234546104052834 0.66843535391279729 0.99730581821284892 1.0000000180025095e-35 -0.20855255088734023 -0.9562037177160233 1.0000000180025095e-35 -0.72069791484163315 -0.082716154825155472 1.0000000180025095e-35 -0.15225124341821353 -1.4265431746572599 0.25324060013287075 -0.12328983792066023
decision_type=2 2 2 2 2 2 2 2 2 2 2 2 2 2 2 2 2 2 2 2 2 2 2 2 2 2 2 2
left_child=1 2 3 5 7 24 -7 -4 -9 10 17 12 21 14 -13 -15 -17 18 -3 25 -20 26 -23 -24 -1 -19 -12 -14
right_child=-2 9 4 -5 -6 6 -8 8 -10 -11 11 13 27 15 -16 16 -18 19 20 -21 -22 22 23 -25 -26 -27 -28 -29
leaf_value=-0.048694958831324728 0.17739718914031982 0.014328641220927238 -0.0070264316046679464 0.11611612220143164 0.045087265762789493 0.10844566210508347 0.017874381992552014 -0.14273734173774721 -0.043791541624069216 0.046961067754488724 -0.076867882061004644 -0.031830874589773329 -0.10984904966354371 -0.085405364632606506 0.068950877393995011 0.063204702460765844 -0.065329683423042295 0.019447900563478473 -0.013644723118497775 0.049244186372467968 -0.078020320907235152 0.013685997142348178 0.022457399646441143 -0.071843955806783724 0.0050585224373000002 -0.027905776388943197 -0.029253600548053611 -0.062140664100646975
leaf_weight=33 26 41 27 43 29 25 45 25 25 26 25 26 25 34 35 25 27 30 26 33 29 43 30 37 28 32 29 25
leaf_count=33 26 41 27 43 29 25 45 25 25 26 25 26 25 34 35 25 27 30 26 33 29 43 30 37 28 32 29 25
internal_value=-0.00152824 -0.00695022 0.0124921 0.0404781 -0.0334472 0.0156503 0.0502213 -0.0630251 -0.0932644 -0.0163686 -0.0193516 -0.0276113 -0.0395598 -0.0102169 0.0259947 -0.0359019 -0.00353431 -0.00374014 -0.0211446 0.0138475 -0.0475882 -0.0254028 -0.012691 -0.0296195 -0.0240212 -0.00499271 -0.0512972 -0.0859949
internal_weight=884 858 280 174 106 131 70 77 50 578 552 361 214 147 61 86 52 191 96 95 55 164 110 67 61 62 54 50
internal_count=884 858 280 174 106 131 70 77 50 578 552 361 214 147 61 86 52 191 96 95 55 164 110 67 61 62 54 50
is_linear=0
shrinkage=0.04


Tree=80
num_leaves=25
num_cat=0
split_feature=4 6 4 6 7 9 5 3 6 6 1 4 5 9 6 9 9 4 6 9 7 6 4 6
split_gain=428.153 68.8522 159.458 138.028 110.542 232.396 85.7091 76.0033 77.2533 73.6224 59.1862 51.8993 84.0696 54.0429 48.4071 64.7493 60.2686 38.0291 37.7378 28.1288 25.0672 23.1264 19.2311 4.93069
threshold=1.8742937230129866 -0.72069791484163315 0.1324983009793799 -0.49331924627226525 0.26563341774548938 -0.28429020779997111 -0.25066273765626779 1.0000000180025095e-35 1.5530887708520456 0.87095276514394182 1.0000000180025095e-35 0.79023922957948312 1.0000000180025095e-35 -0.14990750581676068 0.18881675943583826 0.11885789814966023 -0.14990750581676068 -0.76885037895409469 1.0983314337133099 0.92515411004892301 0.26563341774548938 0.52988476228989012 -0.40343875195403744 1.3257101022826776
decision_type=2 2 2 2 2 2 2 2 2 2 2 2 2 2 2 2 2 2 2 2 2 2 2 2
left_child=1 2 4 20 5 10 -6 8 9 11 -1 12 14 22 15 -5 -16 -11 -19 -4 -3 -18 -14 -20
right_child=-2 3 19 7 6 -7 -8 -9 -10 17 -12 -13 13 -15 16 -17 21 18 23 -21 -22 -23 -24 -25
leaf_value=-0.051634941684703034 0.11636190798547533 -0.053473679481014127 0.038665593182263168 -0.040677754465076654 -0.1123978453874588 0.10820687317128841 -0.018429076068285036 -0.074375805443730847 0.04628350476041819 -0.00057800473485674177 0.024264931869506838 0.042794719145104694 -0.021372446683235468 0.064894270589274744 -0.0018959411893572126 0.032427558615094138 -0.045057214480457887 -0.081896867760353625 -0.020156537420821911 0.090717408978022065 -0.1073076220035553 -0.094481792918273397 0.019580295156081055 -0.041708038108689449
leaf_weight=48 45 31 46 36 25 29 41 29 39 35 25 37 32 31 35 42 33 36 33 26 25 28 43 35
leaf_count=48 45 31 46 36 25 29 41 29 39 35 25 37 32 31 35 42 33 36 33 26 25 28 43 35
internal_value=-0.00376825 -0.0103608 0.00765782 -0.0178167 -0.0136869 0.0124132 -0.0540233 -0.0114376 -0.00775035 -0.0123717 -0.0256418 -0.00172876 -0.00761222 0.0204694 -0.0247194 -0.00131336 -0.0437368 -0.0366436 -0.0487811 0.0574621 -0.0775067 -0.0677439 0.00210713 -0.0312492
internal_weight=865 820 240 580 168 102 66 524 495 456 73 317 280 106 174 78 96 139 104 72 56 61 75 68
internal_count=865 820 240 580 168 102 66 524 495 456 73 317 280 106 174 78 96 139 104 72 56 61 75 68
is_linear=0
shrinkage=0.04


Tree=81
num_leaves=27
num_cat=0
split_feature=4 0 4 4 4 7 5 0 4 0 0 4 6 4 4 6 6 4 6 0 6 4 6 7 0 4
split_gain=394.586 112.296 95.5132 133.026 78.6766 79.8388 78.5443 135.4 82.7941 76.3206 104.247 79.8898 66.301 65.7923 129.274 79.2931 100.6 63.4495 125.993 81.9209 63.9885 44.4359 73.8455 41.7115 69.7588 15.4949
threshold=1.8742937230129866 1.0000000180025095e-35 -0.97591696758746049 -0.81757192922076893 0.010694425312694102 1.1445794666770477 0.67499283280135014 -1.0000000180025095e-35 -0.56178379032072889 0.74913504757291582 1.2485584126215263 -0.35471720168736315 0.18881675943583826 -0.85411309192077478 -1.1099012308208147 -0.72069791484163315 -0.37962991198758139 0.92422349281283744 0.18881675943583826 -1.0000000180025095e-35 1.0983314337133099 0.82678039227948885 0.18881675943583826 -0.90629464749658817 -0.7491350475729156 -0.39125836438736888
decision_type=2 2 2 2 2 2 2 2 2 2 2 2 2 2 2 2 2 2 2 2 2 2 2 2 2 2
left_child=1 6 -3 -4 9 21 13 8 -8 -5 11 -11 -10 14 -1 23 -17 18 -18 20 -20 22 -6 -15 -25 -12
right_child=-2 2 3 4 5 -7 7 -9 12 10 25 -13 -14 15 -16 16 17 -19 19 -21 -22 -23 -24 24 -26 -27
leaf_value=-0.011781263595277614 0.11170743337314991 -0.04988695874446776 0.096633277227138645 -0.054654861083056068 -0.022112199592590333 0.078977759715757878 -0.024696630141858397 -0.073543440928825976 0.020856072252446952 0.00021901501076562063 -0.011523039380709331 0.098596227264404299 0.10721497852802277 -0.033519706339747816 -0.12374407435908463 -0.10767748428242546 0.028054121004210578 0.025891840453109435 -0.069244149405023325 -0.1158412713017957 0.0014153212711617753 -0.03565561673641205 0.070971291263898215 0.062104994571871228 -0.023878932870351352 -0.053291534593811737
leaf_weight=33 45 41 29 47 25 38 29 26 33 28 30 25 25 27 33 28 36 31 46 29 37 25 30 36 26 27
leaf_count=33 45 41 29 47 25 38 29 26 33 28 30 25 25 27 33 28 36 31 46 29 37 25 30 36 26 27
internal_value=-0.00361752 -0.00994633 0.00742259 0.0151518 0.00655926 0.0312381 -0.0225616 0.00655127 0.0304876 -0.0119892 0.00624069 0.0466234 0.0580797 -0.0316494 -0.0677627 -0.0235971 -0.0371721 -0.0261434 -0.0370427 -0.0579666 -0.0377453 0.00856179 0.0286606 0.00797635 0.0260472 -0.0313081
internal_weight=865 820 345 304 275 118 475 113 87 157 110 53 58 362 66 296 207 179 148 112 83 80 55 89 62 57
internal_count=865 820 345 304 275 118 475 113 87 157 110 53 58 362 66 296 207 179 148 112 83 80 55 89 62 57
is_linear=0
shrinkage=0.04


Tree=82
num_leaves=27
num_cat=0
split_feature=4 0 4 4 4 9 5 0 4 0 0 4 6 4 4 6 6 9 4 6 0 6 6 4 9 6
split_gain=363.65 103.492 88.025 122.597 72.5083 78.5196 72.3865 124.785 76.3031 70.3371 96.0741 73.6264 61.103 60.6342 119.139 73.0765 92.7132 64.6706 58.475 116.115 75.4983 59.0592 56.8918 40.0957 25.3447 15.5584
threshold=1.8742937230129866 1.0000000180025095e-35 -0.97591696758746049 -0.81757192922076893 0.010694425312694102 1.193919514015344 0.67499283280135014 -1.0000000180025095e-35 -0.56178379032072889 0.74913504757291582 1.2485584126215263 -0.35471720168736315 0.18881675943583826 -0.85411309192077478 -1.1099012308208147 -0.72069791484163315 -0.37962991198758139 -0.82182101573281285 0.92422349281283744 0.18881675943583826 -1.0000000180025095e-35 0.98464209942862591 -1.2891445862650526 0.46136876527943149 -0.21709885680836591 1.0000000180025095e-35
decision_type=2 2 2 2 2 2 2 2 2 2 2 2 2 2 2 2 2 2 2 2 2 2 2 2 2 2
left_child=1 6 -3 -4 9 23 13 8 -8 -5 11 -11 -10 14 -1 17 -17 -15 19 -18 21 -21 -19 -6 -12 -25
right_child=-2 2 3 4 5 -7 7 -9 12 10 24 -13 -14 15 -16 16 18 22 -20 20 -22 -23 -24 25 -26 -27
leaf_value=-0.011310013099150225 0.1072391350004408 -0.047891479730606083 0.09276794635016343 -0.052468666862300103 0.043021349473433057 0.080235930476869846 -0.023708766623689183 -0.070601704212335442 0.020021828105955413 0.00021025376660483225 -0.0056286849610267141 0.094652378940582274 0.10292638012170791 -0.03469540785040174 -0.11879431063252868 -0.1033703852551324 0.026931954953405592 -0.007498822533167325 0.024856167296248097 -0.070386080218524466 -0.1112076209845214 -0.0028981002916892368 0.074671722458941603 0.0085268104076385506 -0.059180418619742756 -0.036099122369289402
leaf_weight=33 45 41 29 47 33 35 29 26 33 28 31 25 25 35 33 28 36 26 31 41 29 42 28 25 26 25
leaf_count=33 45 41 29 47 33 35 29 26 33 28 31 25 25 35 33 28 36 26 31 41 29 42 28 25 26 25
internal_value=-0.00347282 -0.00954847 0.00712569 0.0145458 0.00629689 0.0299886 -0.0216592 0.00628921 0.0292681 -0.0115096 0.00599106 0.0447584 0.0557565 -0.0303834 -0.0650522 -0.0226532 -0.0356853 0.0076573 -0.0250976 -0.0355609 -0.055648 -0.0362355 0.0351081 0.00879996 -0.0300558 -0.0137862
internal_weight=865 820 345 304 275 118 475 113 87 157 110 53 58 362 66 296 207 89 179 148 112 83 54 83 57 50
internal_count=865 820 345 304 275 118 475 113 87 157 110 53 58 362 66 296 207 89 179 148 112 83 54 83 57 50
is_linear=0
shrinkage=0.04


Tree=83
num_leaves=26
num_cat=0
split_feature=7 0 6 6 9 9 9 9 6 0 6 6 9 5 6 6 9 0 0 0 6 6 5 9 6
split_gain=165.165 219.107 438.202 137.474 107.373 96.8528 156.624 89.6283 64.2532 75.5435 62.0087 42.8379 48.5635 121.47 82.218 59.7122 30.4571 73.765 38.9025 31.9166 61.8764 82.3152 54.7724 23.8535 19.1979
threshold=0.85159745036652823 -0.7491350475729156 0.075127425151154323 0.075127425151154323 1.193919514015344 0.11885789814966023 1.0000000180025095e-35 1.3283022159985547 1.3257101022826776 0.74913504757291582 -0.60700858055694906 -1.5165232548344203 -1.157777770690839 -1.6391460933426945 -0.72069791484163315 0.30250609372052223 -0.9562037177160233 -1.0000000180025095e-35 -0.7491350475729156 -1.0000000180025095e-35 0.87095276514394182 0.18881675943583826 1.1378206180301593 0.45481465310768643 1.0000000180025095e-35
decision_type=2 2 2 2 2 2 2 2 2 2 2 2 2 2 2 2 2 2 2 2 2 2 2 2 2
left_child=5 2 -2 4 -3 6 11 -5 9 10 -7 -1 13 -13 -15 -16 17 -14 24 -20 21 22 -21 -12 -18
right_child=1 3 -4 7 -6 8 -8 -9 -10 -11 23 12 16 14 15 -17 18 -19 19 20 -22 -23 -24 -25 -26
leaf_value=-0.05628436287244161 0.18743452442042968 0.013771726489067078 -0.018796904571354391 0.097115147620206704 -0.076298306226730353 -0.088685023420386852 0.082914514041716056 0.0059646924237410229 -0.095371172759268014 0.018035395436170627 0.0013119262456893922 0.032266848392975639 0.07869622944639279 0.00966874897480011 -0.12269962718853585 -0.044833787836134439 -0.0036247111082077029 -0.012010097177699209 0.043121123736904514 0.029275401433308923 -0.046202382975154457 0.073905039010224521 -0.050572132957833152 -0.04386329060130649 -0.048999152541966053
leaf_weight=30 34 40 32 28 45 36 31 45 27 41 32 39 26 25 26 40 25 32 31 27 36 27 28 45 37
leaf_count=30 34 40 32 28 45 36 31 45 27 41 32 39 26 25 26 40 25 32 31 27 36 27 28 45 37
internal_value=-0.0033339 0.0262337 0.0874435 0.000665067 -0.0339124 -0.0136664 -0.00391322 0.0409265 -0.0384536 -0.0284745 -0.0453498 -0.0101875 -0.00672156 -0.0267955 -0.0521079 -0.0755082 0.0029796 0.0286514 -0.00407709 0.00700216 -0.00248673 0.0167055 -0.0113743 -0.0250892 -0.030703
internal_weight=865 224 66 158 85 641 460 73 181 154 113 429 399 130 91 66 269 58 211 149 118 82 55 77 62
internal_count=865 224 66 158 85 641 460 73 181 154 113 429 399 130 91 66 269 58 211 149 118 82 55 77 62
is_linear=0
shrinkage=0.04


Tree=84
num_leaves=27
num_cat=0
split_feature=4 0 4 4 4 9 5 0 4 0 0 4 8 0 0 4 4 4 4 9 9 4 6 4 9 6
split_gain=329.916 97.3369 80.3334 113.289 66.1383 73.5288 65.5078 112.517 69.768 62.9119 88.6083 70.2969 58.0404 90.4896 207.059 121.047 127.669 93.6726 72.2363 68.2129 107.897 58.8055 57.975 36.4674 24.3865 14.6733
threshold=1.8742937230129866 1.0000000180025095e-35 -0.97591696758746049 -0.81757192922076893 0.010694425312694102 1.193919514015344 0.67499283280135014 -1.0000000180025095e-35 -0.56178379032072889 0.74913504757291582 1.2485584126215263 -0.35471720168736315 -0.63134183865453442 -0.7491350475729156 -1.2485584126215259 -0.23291332602067741 0.72933729174614026 -0.45216030222071174 -0.78103076652076331 0.79077140806571256 0.11885789814966023 -0.22073293845400885 0.18881675943583826 0.46136876527943149 -0.21709885680836591 1.0000000180025095e-35
decision_type=2 2 2 2 2 2 2 2 2 2 2 2 2 2 2 2 2 2 2 2 2 2 2 2 2 2
left_child=1 6 -3 -4 9 23 12 8 -8 -5 11 -11 19 14 21 18 -17 -16 -15 20 -1 -14 -10 -6 -12 -25
right_child=-2 2 3 4 5 -7 7 -9 22 10 24 -13 13 15 17 16 -18 -19 -20 -21 -22 -23 -24 25 -26 -27
leaf_value=-0.03684710704899849 0.10225136021773019 -0.045375381795371449 0.089465876509403353 -0.049401096369417266 0.041101361621509902 0.077593410500458301 -0.022982624748657487 -0.067158686656218311 0.018195573488871259 -0.0004117173382214138 -0.0047701423398910031 0.091870272493362423 -0.084302634842255544 -0.050320040583610538 -0.0051597669614212851 -0.12805165894329548 -0.011662827464938163 0.089292319033827103 0.038519591614603998 -0.0054126770399285087 -0.13495932659198498 -0.0052324985354034997 0.098950164427608261 0.0085939770221710211 -0.057299813582346995 -0.034743958163261417
leaf_weight=47 45 41 29 47 33 35 29 26 33 28 31 25 34 27 28 38 25 42 32 33 29 27 25 25 26 25
leaf_count=47 45 41 29 47 33 35 29 26 33 28 31 25 34 27 28 38 25 42 32 33 29 27 25 25 26 25
internal_value=-0.00320055 -0.00898754 0.00718317 0.0142717 0.00634208 0.0289692 -0.0207326 0.00585474 0.0276748 -0.0106643 0.0058869 0.0431175 -0.0290319 -0.018519 0.00456669 -0.0433078 -0.0818656 0.0515115 -0.00213583 -0.0534335 -0.0742847 -0.0493044 0.0530036 0.008465 -0.028731 -0.013075
internal_weight=865 820 345 304 275 118 475 113 87 157 110 53 362 253 131 122 63 70 59 109 76 61 58 83 57 50
internal_count=865 820 345 304 275 118 475 113 87 157 110 53 362 253 131 122 63 70 59 109 76 61 58 83 57 50
is_linear=0
shrinkage=0.04


Tree=85
num_leaves=27
num_cat=0
split_feature=4 7 5 4 9 4 0 6 4 4 6 9 7 9 6 6 6 5 6 6 0 6 6 0 4 9
split_gain=319.905 198.914 174.345 121.821 114.815 106.086 86.9712 113.319 114.107 111.939 79.972 197.063 80.3031 71.9179 65.8059 63.0002 58.5026 55.8806 119.906 66.7803 65.3377 56.1572 42.1997 40.9326 38.7852 16.8481
threshold=0.69279612904613452 1.4375614829875671 1.0000000180025095e-35 1.4784311270962578 0.051666547158054986 1.0338469809128548 -0.7491350475729156 -1.1754552519803687 -0.59832495302073463 -0.69576805355408322 -1.1754552519803687 -0.14990750581676068 -0.32033061487554942 0.32043195112447598 1.0000000180025095e-35 -0.26594057770289742 0.18881675943583826 -0.71349052288507664 0.18881675943583826 1.3257101022826776 -1.0000000180025095e-35 0.18881675943583826 -0.49331924627226525 -1.2485584126215259 -0.11110945035399165 -0.6874383137496024
decision_type=2 2 2 2 2 2 2 2 2 2 2 2 2 2 2 2 2 2 2 2 2 2 2 2 2 2
left_child=4 2 3 5 10 -2 9 -8 13 -6 12 17 -1 -9 -10 -4 -15 21 20 25 -19 -12 -22 -11 -16 -20
right_child=1 -3 15 -5 6 -7 7 8 14 23 11 -13 -14 16 24 -17 -18 18 19 -21 22 -23 -24 -25 -26 -27
leaf_value=0.002291701600906697 -0.02035211307390665 0.14806322196434285 0.13551609754562377 -0.049786787856192824 -0.048417827101314766 0.088426146605052061 0.033790888986710843 -0.075899349284172066 -0.11755546900359067 0.010770806143129315 0.0076183704573374537 0.10040262335386033 -0.083279727527073452 0.044710328896840415 -0.016586288030330951 0.051689245882444085 -0.032468892480387833 0.02009496047768904 0.080289786545241756 -0.011386018269337142 -0.078058008880450808 -0.076345275783538821 -0.012376001985634075 0.081801218867301947 -0.086364726352691643 0.042789227763811749
leaf_weight=47 26 29 26 42 34 32 29 25 44 27 26 39 28 30 26 32 33 46 41 26 29 25 34 25 25 36
leaf_count=47 26 29 26 42 34 32 29 25 44 27 26 39 28 30 26 32 33 46 41 26 29 25 34 25 25 36
internal_value=0.00547222 0.0517687 0.0340944 0.00209437 -0.00735362 0.0396635 -0.025909 -0.0396722 -0.0513139 0.00801902 0.00731349 0.0164944 -0.029655 -0.018496 -0.0817137 0.0892668 0.00428312 0.00405173 0.0130951 0.0440413 -0.0161477 -0.0335403 -0.0426106 0.04492 -0.0507914 0.0627571
internal_weight=862 187 158 100 675 58 298 212 183 86 377 302 75 88 95 58 63 263 212 103 109 51 63 52 51 77
internal_count=862 187 158 100 675 58 298 212 183 86 377 302 75 88 95 58 63 263 212 103 109 51 63 52 51 77
is_linear=0
shrinkage=0.04


Tree=86
num_leaves=28
num_cat=0
split_feature=4 5 5 7 0 4 4 5 4 4 4 4 7 4 4 0 4 7 7 5 7 0 5 0 4 4 4
split_gain=296.026 226.996 112.434 120.461 43.3408 95.4251 81.9417 72.9764 90.6615 62.67 70.7441 57.595 50.6927 86.2846 115.092 78.926 129.268 71.536 65.069 80.7245 47.7416 53.3312 40.5513 47.5449 35.223 12.5919 1.65863
threshold=0.79023922957948312 1.0000000180025095e-35 -1.1763183081138855 1.1445794666770477 0.74913504757291582 0.010694425312694102 0.15685907611271704 0.67499283280135014 -0.31817603898735741 -0.19637216332067167 -0.415619139520706 -0.70794844112075184 0.85159745036652823 -0.97591696758746049 -0.29381526385402029 1.0000000180025095e-35 -0.82975231678743755 -0.90629464749658817 0.26563341774548938 -0.25066273765626779 -0.32033061487554942 -0.7491350475729156 -0.25066273765626779 1.2485584126215263 0.46136876527943149 -1.1464423935208206 0.4126472150127572
decision_type=2 2 2 2 2 2 2 2 2 2 2 2 2 2 2 2 2 2 2 2 2 2 2 2 2 2 2
left_child=4 2 -2 -4 6 9 7 12 11 10 22 -9 13 25 15 16 -15 -16 19 -18 26 -22 -6 -24 -7 -1 -8
right_child=1 -3 3 -5 5 24 20 8 -10 -11 -12 -13 -14 14 17 -17 18 -19 -20 -21 21 -23 23 -25 -26 -27 -28
leaf_value=-0.047471706366539003 -0.045776738992759157 0.12841389378334614 0.0026353360811869303 0.099357011035868997 -0.042079586825872727 0.091362611675262453 -0.0087229253768920899 0.038174504949287938 0.079756914304964469 -0.062509506688668171 0.064419590097207297 -0.034057997182795875 0.02857427227191436 -0.082187603414058688 -0.013923064225486345 0.06053306562619077 -0.063256133985519408 -0.10517511985920093 0.062013390697538855 0.032034360549102227 -0.03237780336290598 -0.11275624297857284 0.051259081409527701 -0.021563171362504362 0.024216929942369462 -0.087618463408946995 -0.023152802586555481
leaf_weight=25 28 47 45 38 38 25 25 33 33 26 26 38 39 28 28 36 25 27 32 33 28 25 26 32 25 25 26
leaf_count=25 28 47 45 38 38 25 25 33 33 26 26 38 39 28 28 36 25 27 32 33 28 25 26 32 25 25 26
internal_value=0.00525333 0.0547333 0.0235352 0.0469175 -0.00585155 0.0100143 -0.0120599 -0.00387264 0.0249763 -0.006126 0.00589016 -0.000485144 -0.0139407 -0.0203426 -0.00905013 0.00868894 -0.00712791 -0.0587195 0.016224 -0.00903913 -0.043707 -0.0702922 -0.00996156 0.0110813 0.0577898 -0.0675451 -0.0160793
internal_weight=862 158 111 83 704 198 506 402 104 148 122 71 298 259 209 154 118 55 90 58 104 53 96 58 50 50 51
internal_count=862 158 111 83 704 198 506 402 104 148 122 71 298 259 209 154 118 55 90 58 104 53 96 58 50 50 51
is_linear=0
shrinkage=0.04


Tree=87
num_leaves=26
num_cat=0
split_feature=4 7 9 8 9 0 9 0 4 4 0 4 6 6 9 7 4 8 4 9 0 6 4 4 6
split_gain=275.496 180.579 125.743 149.984 116.844 214.206 102.191 81.1253 110.019 100.342 83.6703 152.257 79.5571 71.5543 184.641 74.9276 51.247 41.9919 45.1193 40.1847 37.9205 37.8258 38.1505 37.8214 10.5007
threshold=0.69279612904613452 1.4375614829875671 -1.2921604726740494 1.0000000180025095e-35 1.1267281630237389 1.0000000180025095e-35 0.051666547158054986 -0.7491350475729156 -0.90283464218744902 -0.69576805355408322 0.74913504757291582 -0.28163487628735168 1.0000000180025095e-35 -1.1754552519803687 -0.14990750581676068 -0.32033061487554942 -0.26945448872068306 -0.63134183865453442 -0.15983100062066594 -0.55305561176639195 -1.2485584126215259 0.18881675943583826 -0.69576805355408322 0.26648256421273425 0.30250609372052223
decision_type=2 2 2 2 2 2 2 2 2 2 2 2 2 2 2 2 2 2 2 2 2 2 2 2 2
left_child=6 2 -2 4 5 -4 13 9 -9 -8 11 12 -10 15 17 -1 -12 19 21 24 -11 22 -19 -20 -15
right_child=1 -3 3 -5 -6 -7 7 8 10 20 16 -13 -14 14 -16 -17 -18 18 23 -21 -22 -23 -24 -25 -26
leaf_value=0.0028683592918071345 -0.032245933335078393 0.139755382866695 0.1282237408670687 0.12385645270347595 -0.041851779407468336 -0.025885032260859454 -0.045030549256240622 0.015605681135008733 -0.081909033352775232 0.010471754283816725 -0.049864005289143983 -0.13418610496180397 0.012618608089356586 -0.023264728869710649 0.096883127781061021 -0.079789406231471474 0.021585712761714539 0.0099998473908220024 0.059994089419537405 0.01950391490150381 0.078838822257518773 0.023974409525593123 -0.054413520340477264 0.0012679278637681688 -0.058566871881484989
leaf_weight=47 38 29 31 33 29 27 34 48 28 27 36 42 29 28 39 28 29 28 47 27 25 48 31 28 26
leaf_count=47 38 29 31 33 29 27 34 48 28 27 36 42 29 28 39 28 29 28 47 27 25 48 31 28 26
internal_value=0.0050432 0.0480062 0.0311662 0.0512467 0.023705 0.0564834 -0.00685915 -0.0243648 -0.0376574 0.00840313 -0.0532466 -0.0763973 -0.033816 0.00697819 0.0156625 -0.0279905 -0.0179864 0.00361835 0.0142812 -0.0203401 0.0433405 -0.00239301 -0.0238445 0.0380697 -0.0402621
internal_weight=862 187 158 120 87 58 675 298 212 86 164 99 57 377 302 75 65 263 182 81 52 107 59 75 54
internal_count=862 187 158 120 87 58 675 298 212 86 164 99 57 377 302 75 65 263 182 81 52 107 59 75 54
is_linear=0
shrinkage=0.04


end of trees

feature_importances:
Column_4=597
Column_6=435
Column_9=416
Column_0=242
Column_7=216
Column_5=148
Column_8=141
Column_2=46
Column_1=15
Column_3=8

parameters:
[boosting: gbdt]
[objective: regression]
[metric: rmse]
[tree_learner: serial]
[device_type: cpu]
[data_sample_strategy: bagging]
[data: ]
[valid: ]
[num_iterations: 88]
[learning_rate: 0.04]
[num_leaves: 45]
[num_threads: 0]
[seed: 0]
[deterministic: 0]
[force_col_wise: 0]
[force_row_wise: 0]
[histogram_pool_size: -1]
[max_depth: -1]
[min_data_in_leaf: 25]
[min_sum_hessian_in_leaf: 0.001]
[bagging_fraction: 0.8]
[pos_bagging_fraction: 1]
[neg_bagging_fraction: 1]
[bagging_freq: 5]
[bagging_seed: 3]
[bagging_by_query: 0]
[feature_fraction: 0.8]
[feature_fraction_bynode: 1]
[feature_fraction_seed: 2]
[extra_trees: 0]
[extra_seed: 6]
[early_stopping_round: 0]
[early_stopping_min_delta: 0]
[first_metric_only: 0]
[max_delta_step: 0]
[lambda_l1: 0]
[lambda_l2: 0]
[linear_lambda: 0]
[min_gain_to_split: 0]
[drop_rate: 0.1]
[max_drop: 50]
[skip_drop: 0.5]
[xgboost_dart_mode: 0]
[uniform_drop: 0]
[drop_seed: 4]
[top_rate: 0.2]
[other_rate: 0.1]
[min_data_per_group: 100]
[max_cat_threshold: 32]
[cat_l2: 10]
[cat_smooth: 10]
[max_cat_to_onehot: 4]
[top_k: 20]
[monotone_constraints: ]
[monotone_constraints_method: basic]
[monotone_penalty: 0]
[feature_contri: ]
[forcedsplits_filename: ]
[refit_decay_rate: 0.9]
[cegb_tradeoff: 1]
[cegb_penalty_split: 0]
[cegb_penalty_feature_lazy: ]
[cegb_penalty_feature_coupled: ]
[path_smooth: 0]
[interaction_constraints: ]
[verbosity: -1]
[saved_feature_importance_type: 0]
[use_quantized_grad: 0]
[num_grad_quant_bins: 4]
[quant_train_renew_leaf: 0]
[stochastic_rounding: 1]
[linear_tree: 0]
[max_bin: 255]
[max_bin_by_feature: ]
[min_data_in_bin: 3]
[bin_construct_sample_cnt: 200000]
[data_random_seed: 1]
[is_enable_sparse: 1]
[enable_bundle: 1]
[use_missing: 1]
[zero_as_missing: 0]
[feature_pre_filter: 1]
[pre_partition: 0]
[two_round: 0]
[header: 0]
[label_column: ]
[weight_column: ]
[group_column: ]
[ignore_column: ]
[categorical_feature: ]
[forcedbins_filename: ]
[precise_float_parser: 0]
[parser_config_file: ]
[objective_seed: 5]
[num_class: 1]
[is_unbalance: 0]
[scale_pos_weight: 1]
[sigmoid: 1]
[boost_from_average: 1]
[reg_sqrt: 0]
[alpha: 0.9]
[fair_c: 1]
[poisson_max_delta_step: 0.7]
[tweedie_variance_power: 1.5]
[lambdarank_truncation_level: 30]
[lambdarank_norm: 1]
[label_gain: ]
[lambdarank_position_bias_regularization: 0]
[eval_at: ]
[multi_error_top_k: 1]
[auc_mu_weights: ]
[num_machines: 1]
[local_listen_port: 12400]
[time_out: 120]
[machine_list_filename: ]
[machines: ]
[gpu_platform_id: -1]
[gpu_device_id: -1]
[gpu_use_dp: 0]
[num_gpu: 1]

end of parameters

pandas_categorical:null
