tree
version=v4
num_class=1
num_tree_per_iteration=1
label_index=0
max_feature_idx=9
objective=regression
feature_names=Column_0 Column_1 Column_2 Column_3 Column_4 Column_5 Column_6 Column_7 Column_8 Column_9
feature_infos=[-1.4982700951458314:1.4982700951458314] [-0.63368320487849272:1.5780755940845042] [-7.3958776108082063:2.7448980266313372] [-0.26699649569399087:3.7453675090407055] [-1.6032069272708922:5.5710413494968991] [-3.721871126872335:3.2205456515597994] [-1.6870572562614465:1.7236227722790711] [-1.6387496882728867:1.5840524911428266] [-1.2456510737482795:1.2115858666267003] [-1.7289042541194837:1.6978546464523832]
tree_sizes=2290 2491 2492 2407 2412 2583 2254 2590 2437 2253 2271 2347 2438 2261 2255 2327 2429 2258 2335 2264 2431 2429 2341 2429 2351 2524 2353 2351 2427 2440 2435 2345 2429 2258 2597 2427 2171 2524 2188 2347 2526 2452 2451 2269 2431 2430 2436 2444 2524

Tree=0
num_leaves=27
num_cat=0
split_feature=9 7 2 8 7 9 6 6 7 6 9 6 7 9 8 9 9 9 0 0 9 6 6 0 5 6
split_gain=1757.85 466.517 334.42 236.604 243.565 165.762 165.709 155.815 114.178 91.6371 81.4499 79.3398 110.395 49.8593 49.6547 38.1234 36.8287 49.6199 33.4657 31.645 26.4253 15.559 15.4286 12.3327 5.67275 5.53555
threshold=1.0595368120321338 -0.32033061487554942 1.0000000180025095e-35 -0.63134183865453442 0.85159745036652823 1.0000000180025095e-35 -0.83438724912631701 0.52988476228989012 0.55861543405600889 -1.1754552519803687 -1.0233950687076285 0.98464209942862591 1.4375614829875671 0.6563887060825021 1.0000000180025095e-35 1.2611108650069494 -0.62024696275799729 -0.75462966474120774 -1.0000000180025095e-35 1.0000000180025095e-35 0.051666547158054986 0.75726343085925796 -0.49331924627226525 1.0000000180025095e-35 1.6006484032589683 -0.37962991198758139
decision_type=2 2 2 2 2 2 2 2 2 2 2 2 2 2 2 2 2 2 2 2 2 2 2 2 2 2
left_child=1 6 -3 5 13 -4 9 8 -7 23 14 12 15 18 19 -2 17 21 22 -8 -20 -12 -5 -1 -18 -14
right_child=11 2 3 4 -6 7 10 -9 -10 -11 16 -13 25 -15 -16 -17 24 -19 20 -21 -22 -23 -24 -25 -26 -27
leaf_value=11.352780135743188 11.409454991701423 11.374624332833175 11.201212569867749 11.145212568502581 11.328916272691952 11.411419459848986 11.27521256980706 11.236412569867749 11.295981800547114 11.421462569170375 11.337805162419722 11.481403041933584 11.467879234635014 11.245857730513572 11.244212568782944 11.346591880054726 11.311273174711697 11.378355425253121 11.235212569691916 11.324699748332785 11.18847787482146 11.294012569772381 11.185212569220045 11.316412569915432 11.286012568341871 11.443962566823442
leaf_weight=37 33 34 25 27 27 29 44 25 26 32 27 42 30 31 40 29 33 35 32 39 49 25 36 25 25 32
leaf_count=37 33 34 25 27 27 29 44 25 26 32 27 42 30 31 40 29 33 35 32 39 49 25 36 25 25 32
internal_value=11.3168 11.2892 11.2556 11.2424 11.2171 11.2911 11.3208 11.3192 11.3568 11.3665 11.3048 11.4339 11.4178 11.1998 11.2808 11.3801 11.3251 11.3415 11.1899 11.2985 11.2069 11.3168 11.1681 11.3381 11.3004 11.4555
internal_weight=869 703 341 307 202 105 362 80 55 94 268 166 124 175 123 62 145 87 144 83 81 52 63 62 58 62
internal_count=869 703 341 307 202 105 362 80 55 94 268 166 124 175 123 62 145 87 144 83 81 52 63 62 58 62
is_linear=0
shrinkage=1


Tree=1
num_leaves=28
num_cat=0
split_feature=9 4 9 4 6 4 7 6 9 4 5 6 9 9 7 9 6 6 9 6 5 6 7 5 6 4 4
split_gain=1620.04 827.342 146.945 127.196 108.035 98.9137 96.8103 83.8095 75.7355 101.23 104.783 69.6269 77.9029 67.1937 51.7659 85.1219 82.2955 51.1515 96.4492 52.9599 46.0738 43.2478 49.0125 39.8434 38.3705 18.9745 7.74574
threshold=1.0595368120321338 -0.37907797682070027 -0.35148155879157633 1.1678312441462091 0.75726343085925796 0.4126472150127572 1.4375614829875671 -0.83438724912631701 0.3876233021160812 -1.012458130287466 -0.25066273765626779 -0.60700858055694906 -1.0233950687076285 -1.0233950687076285 -0.61331263118606871 -0.82182101573281285 0.075127425151154323 -1.1754552519803687 0.051666547158054986 0.18881675943583826 -1.1763183081138855 0.075127425151154323 1.0000000180025095e-35 -0.25066273765626779 0.18881675943583826 0.58317264094611732 0.72933729174614026
decision_type=2 2 2 2 2 2 2 2 2 2 2 2 2 2 2 2 2 2 2 2 2 2 2 2 2 2 2
left_child=1 2 11 6 -5 14 25 -7 17 -10 -11 -1 -13 20 15 16 -3 -4 19 -19 -9 22 -16 -20 -8 -2 -15
right_child=3 5 8 4 -6 7 24 13 9 10 -12 12 -14 26 21 -17 -18 18 23 -21 -22 -23 -24 -25 -26 -27 -28
leaf_value=0.0095528302832347586 0.072564378380775452 0.039778428391406412 -0.14966994553804397 0.10768356994346336 0.22307994766235353 0.091186175405979161 0.15092169249759002 0.030097301721572878 -0.12475342251636365 0.027979896752922624 -0.073501224823114358 -0.11092144140830407 -0.023213197852289955 0.04030096063247094 -0.041314036560058595 0.080811863541603093 -0.041932078076571955 -0.019213372508684795 -0.15799829887621331 -0.094373545348644255 -0.045262005152525722 -0.053711593136554811 0.033961956212597511 -0.093124812160219478 0.085642452144622808 0.025567850360163936 0.071484104013442989
leaf_weight=41 28 38 32 27 25 40 34 25 27 27 41 26 43 26 25 26 41 30 33 30 27 41 31 28 25 27 25
leaf_count=41 28 38 32 27 25 40 34 25 27 27 41 26 43 26 25 26 41 30 33 30 27 41 31 28 25 27 25
internal_value=-0.00107295 -0.0276122 -0.0702106 0.111319 0.163163 0.0165913 0.0876713 0.0420471 -0.0872779 -0.0592256 -0.0332073 -0.0317314 -0.0562627 0.0229639 -0.00142937 0.0180331 -0.00262829 -0.104696 -0.092802 -0.0567935 -0.00903157 -0.022497 0.000356602 -0.12822 0.123261 0.0494934 0.0555868
internal_weight=869 703 358 166 52 345 114 143 248 95 68 110 69 103 202 105 79 153 121 60 52 97 56 61 59 55 51
internal_count=869 703 358 166 52 345 114 143 248 95 68 110 69 103 202 105 79 153 121 60 52 97 56 61 59 55 51
is_linear=0
shrinkage=0.04


Tree=2
num_leaves=28
num_cat=0
split_feature=9 4 4 9 8 7 9 9 4 8 5 9 9 4 7 4 4 4 9 0 9 9 4 4 4 4 4
split_gain=1493.38 734.577 159.168 138.428 165.352 127.595 94.9232 89.8012 83.1126 104.424 50.3475 66.5475 48.7459 35.0649 57.1635 111.746 48.5065 47.4375 33.8889 23.9073 17.8783 16.3956 12.4205 12.8409 10.664 9.10894 0.148607
threshold=0.99234546104052834 -0.37907797682070027 1.1678312441462091 -0.35148155879157633 -0.63134183865453442 1.4375614829875671 0.32043195112447598 1.193919514015344 -0.14765061305399738 -0.63134183865453442 0.67499283280135014 0.6563887060825021 -1.0233950687076285 1.6672271343796206 -1.1992766638071075 0.65625496634612879 0.25430217664606569 0.64407457877946017 -0.41867290978318161 -1.0000000180025095e-35 1.5970676199649756 -0.55305561176639195 -0.96373658002079188 -0.79321115408743181 -0.68358766598741461 -0.79321115408743181 -0.78103076652076331
decision_type=2 2 2 2 2 2 2 2 2 2 2 2 2 2 2 2 2 2 2 2 2 2 2 2 2 2 2
left_child=1 3 5 12 6 19 26 -4 9 -3 11 22 25 14 17 16 21 -10 -11 -2 -7 -16 -6 -24 -14 -1 -5
right_child=2 8 7 4 10 20 -8 -9 13 18 -12 -13 24 -15 15 -17 -18 -19 -20 -21 -22 -23 23 -25 -26 -27 -28
leaf_value=-0.076704268574714671 0.06145166873931885 0.041595528146316271 0.21304482140541076 -0.075942228710651399 -0.11203530291219553 0.13787513191049749 0.012543886812294232 0.11186508417129516 0.024230410843282132 -0.021972425069127763 -0.057114619979491597 -0.068432060787172025 -0.024182317001479017 0.069658654265933567 0.058263426644461491 0.10318967753841031 -0.013642868919575469 -0.040265181097719406 -0.085391495411212631 0.013303148818738533 0.093523978774364191 0.01926256751312929 -0.16387533017567227 -0.12937419705258477 0.0096196700632572175 -0.042558336830139154 -0.071622974998675856
leaf_weight=25 33 29 25 25 30 33 34 32 37 28 26 33 28 27 35 31 47 36 26 33 26 34 28 45 32 25 26
leaf_count=25 33 29 25 25 30 33 34 32 37 28 26 33 28 27 35 31 47 36 26 33 26 34 28 45 32 25 26
internal_value=-0.00103003 -0.0280194 0.100847 -0.0677864 -0.0844085 0.0755873 -0.0392266 0.156242 0.0150013 -0.0196282 -0.108115 -0.117865 -0.0304622 0.026638 0.0213581 0.0357266 0.0176977 -0.00757563 -0.0525075 0.0373774 0.118331 0.0390456 -0.133703 -0.142608 -0.00615459 -0.0596313 -0.0737403
internal_weight=869 687 182 357 247 125 85 57 330 83 162 136 110 247 220 147 116 73 54 66 59 69 103 73 60 50 51
internal_count=869 687 182 357 247 125 85 57 330 83 162 136 110 247 220 147 116 73 54 66 59 69 103 73 60 50 51
is_linear=0
shrinkage=0.04


Tree=3
num_leaves=27
num_cat=0
split_feature=4 7 7 8 7 6 4 7 6 6 4 4 6 5 7 4 6 5 4 4 6 8 6 7 4 5
split_gain=1285.69 290.838 283.835 181.614 182.156 154.748 148.178 132.09 123.534 201.062 70.01 68.5745 66.0537 55.3166 43.515 42.6245 41.2912 39.0015 28.0297 60.6668 45.733 24.6784 23.3104 23.0001 16.6356 19.1733
threshold=-0.28163487628735168 0.85159745036652823 0.26563341774548938 -0.63134183865453442 -0.32033061487554942 0.98464209942862591 -1.0855404556874777 1.4375614829875671 0.52988476228989012 -0.94807658341100087 0.765878454446146 1.1678312441462091 -0.60700858055694906 1.0000000180025095e-35 0.55861543405600889 0.58317264094611732 -1.1754552519803687 0.67499283280135014 -0.14765061305399738 0.25430217664606569 0.41619542800520609 1.0000000180025095e-35 1.0000000180025095e-35 -0.90629464749658817 -0.96373658002079188 -0.25066273765626779
decision_type=2 2 2 2 2 2 2 2 2 2 2 2 2 2 2 2 2 2 2 2 2 2 2 2 2 2
left_child=1 3 10 6 12 7 -1 16 9 -8 18 -12 -5 -14 17 -9 -4 24 -2 23 -21 22 -18 -20 -6 -26
right_child=2 -3 5 4 14 -7 8 15 -10 -11 11 -13 13 -15 -16 -17 21 -19 19 20 -22 -23 -24 -25 25 -27
leaf_value=-0.10722459534039863 -0.026717036837025691 0.077518078845280863 0.079686720945216991 0.012752392022840437 -0.10305341983663625 0.14136598875327985 -0.048693662368018052 0.078061713943114647 -0.061417640566027595 0.09038106508744069 0.10422477645874023 0.014524858474731447 -0.10314852382128056 -0.026123458381210055 -0.070746968354691159 0.15121237766742707 0.015269304737448693 -0.072502444890141488 0.013310878559162742 -0.043335191249847416 0.022638470838809838 -0.0070654176638044169 0.066259534588226907 0.056507970894255292 -0.16545671119182198 -0.1222524977368968
leaf_weight=26 38 26 27 31 29 49 29 26 35 39 25 30 26 35 44 25 32 25 38 40 29 29 26 41 27 42
leaf_count=26 38 26 27 31 29 49 29 26 35 39 25 30 26 35 44 25 32 25 38 40 29 29 26 41 27 42
internal_value=-0.000988826 -0.0519952 0.0454214 -0.0606739 -0.0799875 0.0789479 -0.021897 0.0604117 -0.000357981 0.0310698 0.0156509 0.0552975 -0.0347919 -0.0589538 -0.104886 0.11392 0.0364738 -0.117098 0.00392742 0.0117956 -0.0156071 0.0230629 0.038127 0.0357296 -0.128474 -0.139158
internal_weight=869 414 455 388 259 214 129 165 103 68 241 55 92 61 167 51 114 123 186 148 69 87 58 79 98 69
internal_count=869 414 455 388 259 214 129 165 103 68 241 55 92 61 167 51 114 123 186 148 69 87 58 79 98 69
is_linear=0
shrinkage=0.04


Tree=4
num_leaves=27
num_cat=0
split_feature=9 4 9 4 6 4 7 6 6 9 4 5 6 5 6 9 4 7 9 6 6 7 5 6 4 4
split_gain=1287.14 645.676 115.849 104.89 94.34 83.069 77.0019 75.6725 64.0373 62.7996 90.3673 94.0942 61.0315 67.073 46.3059 87.3568 50.8218 45.3863 76.3107 75.5464 39.1393 44.8955 37.2266 33.9854 28.8039 17.7735
threshold=1.0595368120321338 -0.37907797682070027 -0.35148155879157633 1.1678312441462091 0.75726343085925796 0.4126472150127572 1.4375614829875671 -0.83438724912631701 0.98464209942862591 0.3876233021160812 -1.012458130287466 -0.25066273765626779 -0.60700858055694906 1.0000000180025095e-35 -1.1754552519803687 0.051666547158054986 -0.76885037895409469 -0.61331263118606871 -0.82182101573281285 0.075127425151154323 0.075127425151154323 1.0000000180025095e-35 -0.25066273765626779 0.18881675943583826 0.9851254306461803 0.58317264094611732
decision_type=2 2 2 2 2 2 2 2 2 2 2 2 2 2 2 2 2 2 2 2 2 2 2 2 2 2
left_child=1 2 12 6 -5 17 25 -7 24 14 -11 -12 -1 -14 -4 16 -16 18 19 -3 21 -19 -17 -8 -9 -2
right_child=3 5 9 4 -6 7 23 8 -10 10 11 -13 13 -15 15 22 -18 20 -20 -21 -22 -23 -24 -25 -26 -27
leaf_value=0.010580991273973047 0.066037463247776026 0.037222127224269666 -0.13604317863006146 0.094467104143566558 0.20230160897374153 0.084465703368186956 0.13553010992267553 -0.023447559032684719 0.071258785213742945 -0.1137592437311455 0.030718276809763023 -0.065447853218491489 -0.10022551391963605 -0.019417962183554967 -0.016553340548915524 -0.1444268680115541 -0.091225134921073911 -0.039937395840883252 0.075595134267440203 -0.041066161263279798 -0.051491185484862909 0.032107747927788768 -0.081719908522708079 0.074094095039367688 0.026169690257973142 0.020552597354959557
leaf_weight=41 28 38 32 27 25 40 34 39 28 27 27 41 27 42 35 33 25 25 26 41 41 31 28 25 36 27
leaf_count=41 28 38 32 27 25 40 34 39 28 27 27 41 27 42 35 33 25 25 26 41 41 31 28 25 36 27
internal_value=-0.000949273 -0.0246051 -0.0622372 0.0992319 0.146311 0.0144449 0.0777574 0.0377729 0.0196398 -0.0773915 -0.051847 -0.0272642 -0.0280711 -0.0510383 -0.0932524 -0.0819359 -0.0476666 -0.00206946 0.0161543 -0.0034085 -0.0217962 -5.52627e-05 -0.115643 0.109498 0.000368721 0.0437085
internal_weight=869 703 358 166 52 345 114 143 103 248 95 68 110 69 153 121 60 202 105 79 97 56 61 59 75 55
internal_count=869 703 358 166 52 345 114 143 103 248 95 68 110 69 153 121 60 202 105 79 97 56 61 59 75 55
is_linear=0
shrinkage=0.04


Tree=5
num_leaves=29
num_cat=0
split_feature=4 8 4 9 4 9 9 4 9 9 9 9 5 4 9 4 4 4 0 9 9 9 9 4 4 0 8 8
split_gain=890.933 268.776 238.561 201.544 176.376 232.506 87.2119 154.598 74.822 59.8944 58.1787 93.8459 45.0361 42.1299 35.4045 35.0898 34.5552 31.7511 25.1902 47.577 18.2687 39.0772 31.5997 26.4264 15.2938 10.3723 17.3813 6.13045
threshold=-0.28163487628735168 -0.63134183865453442 2.5563954267464273 1.193919514015344 -0.70794844112075184 1.0000000180025095e-35 -1.2249691216824441 0.69279612904613452 0.92515411004892301 0.79077140806571256 0.58919735509089699 -0.28429020779997111 -0.25066273765626779 -1.0855404556874777 -1.3593518236656548 0.5588118658127802 -0.75666999138742608 0.58317264094611732 -1.0000000180025095e-35 0.11885789814966023 -0.75462966474120774 -0.55305561176639195 0.18604924914126547 0.1324983009793799 0.64407457877946017 -0.7491350475729156 1.0000000180025095e-35 1.0000000180025095e-35
decision_type=2 2 2 2 2 2 2 2 2 2 2 2 2 2 2 2 2 2 2 2 2 2 2 2 2 2 2 2
left_child=1 4 3 6 13 -6 14 9 -9 20 11 25 15 -1 17 -5 -12 -2 27 -20 23 -22 -23 -8 -14 -3 -27 -13
right_child=2 10 -4 12 5 -7 7 8 -10 -11 16 18 24 -15 -16 -17 -18 -19 19 -21 21 22 -24 -25 -26 26 -28 -29
leaf_value=-0.081630763098321582 0.030606344661542346 -0.063974798403937244 0.15765389597415924 0.13186141830836903 -0.025365220904350283 0.1236799246501742 0.025811116926131712 0.12796003331740699 0.03862351163228353 -0.04713262301224929 0.0030561256867188673 -0.10491647376463963 0.026615149927139283 -0.018428422278828092 -0.055393041031701229 0.071551251876534841 -0.061551856989109963 -0.025529546455333105 -0.051569905405411051 -0.11711607096826329 0.072364051818847655 -0.0074312238040424531 0.049368247652053832 -0.028871501592489392 0.070859931898117068 -0.012886625014502426 -0.057070173232683111 -0.13166511934379052
leaf_weight=27 28 29 25 29 34 33 31 30 30 26 26 26 25 45 28 33 27 38 37 34 25 42 25 26 25 29 28 29
leaf_count=27 28 29 25 29 34 33 31 30 30 26 26 26 25 45 28 33 27 38 37 34 25 42 25 26 25 29 28 29
internal_value=-0.000238896 -0.0437124 0.0374506 0.0306364 0.00133605 0.0480451 0.0148589 0.027884 0.0832918 0.00888705 -0.0673416 -0.0767127 0.0769826 -0.0421293 -0.0177037 0.0997608 -0.0298574 -0.00171432 -0.0986996 -0.0829582 0.0186623 0.0296869 0.0137626 0.000868168 0.0487375 -0.0444994 -0.0345908 -0.11902
internal_weight=870 404 466 441 139 67 329 235 60 175 265 212 112 72 94 62 53 66 126 71 149 92 67 57 50 86 57 55
internal_count=870 404 466 441 139 67 329 235 60 175 265 212 112 72 94 62 53 66 126 71 149 92 67 57 50 86 57 55
is_linear=0
shrinkage=0.04


Tree=6
num_leaves=25
num_cat=0
split_feature=7 4 8 4 4 9 5 6 6 0 7 4 9 5 4 4 4 4 6 0 6 5 9 0
split_gain=874.299 514.743 220.77 113.183 109.033 164.39 100.616 96.0681 70.8367 70.0631 68.5772 66.7053 63.7722 61.7147 49.3237 38.8269 34.4506 46.749 30.2749 28.9041 38.9299 26.6166 17.0724 14.9891
threshold=1.1445794666770477 -0.28163487628735168 -0.63134183865453442 1.502791902229595 -0.70794844112075184 1.0000000180025095e-35 0.67499283280135014 1.3257101022826776 0.075127425151154323 1.0000000180025095e-35 -0.32033061487554942 0.4126472150127572 1.3954935669901598 1.0000000180025095e-35 0.7780588420128145 -1.0855404556874777 0.15685907611271704 0.71715690417947164 1.0000000180025095e-35 -1.0000000180025095e-35 0.87095276514394182 1.0000000180025095e-35 0.3876233021160812 -1.2485584126215259
decision_type=2 2 2 2 2 2 2 2 2 2 2 2 2 2 2 2 2 2 2 2 2 2 2 2
left_child=1 2 4 6 15 -6 7 8 14 -8 18 -10 13 -2 21 -1 -14 -18 -4 23 22 -3 -21 -12
right_child=12 3 10 -5 5 -7 9 -9 11 -11 19 -13 16 -15 -16 -17 17 -19 -20 20 -22 -23 -24 -25
leaf_value=-0.078365532628915921 0.095592534647268398 0.04025363251870992 -0.018111681550048119 0.077805451642383228 -0.024350611304535585 0.11076782436370851 0.081815430341764944 0.066335855814126821 -0.077142082493413575 0.0072699742881875288 -0.080700140412037186 -0.0037232322825325858 0.14894752174615861 0.016879974936445555 -0.039421916795628412 -0.017691285050577588 0.057392990559871702 0.13048709144549711 -0.066153015323528436 -0.072455497767696983 -0.11510563282966613 -0.0092074431754924635 -0.033428392944664792 -0.11869702310017917
leaf_weight=27 34 49 43 44 34 25 43 26 44 38 26 36 27 30 28 45 28 28 41 47 25 27 29 46
leaf_count=27 34 49 43 44 34 25 43 26 44 38 26 36 27 30 28 45 28 28 41 47 25 27 29 46
internal_value=-0.000229341 -0.0183102 -0.0496714 0.0180126 -0.00740994 0.032903 0.00897175 -0.00563592 -0.0158058 0.0468435 -0.0712133 -0.0441036 0.0886991 0.058696 0.00596167 -0.0404441 0.111834 0.09394 -0.0415604 -0.0856112 -0.0718067 0.0226819 -0.0575636 -0.104976
internal_weight=870 723 388 335 131 59 291 210 184 81 257 80 147 64 104 72 83 56 84 173 101 76 76 72
internal_count=870 723 388 335 131 59 291 210 184 81 257 80 147 64 104 72 83 56 84 173 101 76 76 72
is_linear=0
shrinkage=0.04


Tree=7
num_leaves=29
num_cat=0
split_feature=4 4 9 9 6 5 9 9 4 9 6 9 6 6 0 5 5 6 0 4 6 4 4 4 4 4 4 4
split_gain=755.658 212.286 169.699 101.934 230.258 370.591 135.602 77.3701 140.119 69.3536 62.2369 54.4248 45.3369 40.4307 65.2541 48.8912 38.5817 37.2807 35.7445 32.454 31.9931 31.9254 29.5471 48.9554 15.8226 15.2218 13.522 0.240969
threshold=-0.28163487628735168 2.5563954267464273 1.193919514015344 0.3876233021160812 0.52988476228989012 -0.25066273765626779 -0.35148155879157633 -1.2249691216824441 0.69279612904613452 0.92515411004892301 -0.26594057770289742 0.79077140806571256 -0.37962991198758139 -0.15225124341821353 1.0000000180025095e-35 1.0000000180025095e-35 -0.25066273765626779 0.52988476228989012 -1.0000000180025095e-35 -0.58614456545406601 -0.60700858055694906 0.5588118658127802 -0.90283464218744902 -0.61050534058740313 -0.59832495302073463 0.047235588012699836 0.64407457877946017 -0.74448960382075746
decision_type=2 2 2 2 2 2 2 2 2 2 2 2 2 2 2 2 2 2 2 2 2 2 2 2 2 2 2 2
left_child=3 2 7 6 5 -5 10 12 11 -10 19 13 -2 14 -9 -15 21 -14 20 -1 -8 -4 -20 -24 -12 -17 -18 -6
right_child=1 -3 16 4 27 -7 18 8 9 -11 24 -13 17 15 -16 25 26 -19 22 -21 -22 -23 23 -25 -26 -27 -28 -29
leaf_value=-0.017251627557986492 0.023488844712575278 0.14788101083636285 0.12229163225354819 0.15037610407386509 -0.071749801395833493 -0.038406072542434784 -0.13271213862631057 -0.043711094464574538 0.1216073551774025 0.03559737634658814 -0.031802070780712018 -0.045633096465697652 -0.069643457634695649 -0.0036960303014324557 0.035318929553031925 0.08142900943756104 0.023645410633087158 -0.0083154574973242617 -0.028859530898832503 0.041743882799148563 -0.077860577657170915 0.064765126285227861 -0.11014726655557752 -0.035441770839691161 -0.072406705745628908 0.037714986872673037 0.065248485898971559 -0.077303540897369377
leaf_weight=37 30 25 29 28 25 41 27 35 30 30 34 26 29 31 32 26 25 35 31 25 46 33 32 25 28 25 25 25
leaf_count=37 30 25 29 28 25 41 27 35 30 30 34 26 29 31 32 26 25 35 31 25 46 33 32 25 28 25 25 25
internal_value=-0.000220167 0.0344903 0.0280623 -0.0402575 -0.00916346 0.0382012 -0.0532407 0.0135848 0.025853 0.0786024 -0.0218014 0.00776748 -0.0170855 0.0170857 -0.00596541 0.0359201 0.0705898 -0.0361047 -0.0774548 0.00653688 -0.0981481 0.0916727 -0.0602887 -0.0773817 -0.0501396 0.0600006 0.0444469 -0.0745267
internal_weight=870 466 441 404 119 69 285 329 235 60 124 175 94 149 67 82 112 64 161 62 73 62 88 57 62 51 50 50
internal_count=870 466 441 404 119 69 285 329 235 60 124 175 94 149 67 82 112 64 161 62 73 62 88 57 62 51 50 50
is_linear=0
shrinkage=0.04


Tree=8
num_leaves=27
num_cat=0
split_feature=7 4 8 4 9 4 9 7 4 4 4 7 4 9 0 4 0 0 9 9 4 0 8 0 8 9
split_gain=754.902 438.967 201.483 98.5985 163.948 97.3181 76.8251 71.0042 100.797 61.4095 62.1389 59.5153 56.8846 37.1787 25.1425 19.3963 17.6505 13.8291 13.5484 37.2507 24.8373 13.0658 11.2646 10.5075 11.6094 2.19387
threshold=1.1445794666770477 -0.28163487628735168 -0.63134183865453442 -1.0855404556874777 0.3876233021160812 1.502791902229595 -0.75462966474120774 -1.1992766638071075 0.69279612904613452 -0.086748675220654506 1.0703881436128604 -0.32033061487554942 0.71715690417947164 0.72358005707410744 -1.0000000180025095e-35 -0.86629347948744329 -1.0000000180025095e-35 -1.2485584126215259 -0.75462966474120774 -0.55305561176639195 0.1324983009793799 -1.0000000180025095e-35 1.0000000180025095e-35 -0.7491350475729156 1.0000000180025095e-35 1.0000000180025095e-35
decision_type=2 2 2 2 2 2 2 2 2 2 2 2 2 2 2 2 2 2 2 2 2 2 2 2 2 2
left_child=1 2 3 -1 6 7 -5 12 13 -2 16 23 -3 18 17 -16 -11 -13 20 -20 -9 -21 -17 -4 -25 -8
right_child=9 5 11 4 -6 -7 25 8 -10 10 -12 14 -14 -15 15 22 -18 -19 19 21 -22 -23 -24 24 -26 -27
leaf_value=-0.073707506579381452 0.13692607656328215 0.0063148535490036009 -0.058411281489092727 0.038300503744528841 0.096894113868474963 0.071974523568695242 -0.054320679146509905 0.024323195142130695 0.080341995703811592 0.070861282851547011 0.10798836918717081 -0.074708895362340488 -0.061144528869125581 -0.036489187479019164 -0.043019548411880215 -0.097414660876797093 0.031818257949569009 -0.11120587070675 0.066559807777404792 -0.012858736609610229 -0.028689772532536434 0.023748457875007237 -0.0643034788455282 -0.010609430064048088 -0.047370278029530137 -0.037725044012069706
leaf_weight=27 27 45 29 26 27 44 26 31 37 32 44 26 36 26 35 31 44 46 25 26 26 39 35 28 27 25
leaf_count=27 27 45 29 26 27 44 26 31 37 32 44 26 36 26 35 31 44 46 25 26 26 39 35 28 27 25
internal_value=-0.000211361 -0.0170124 -0.0459734 -0.00560009 0.0120816 0.0165305 -0.0176578 0.00814723 0.0204185 0.0824222 0.0701588 -0.0665527 -0.0236671 0.00760245 -0.0799657 -0.0670907 0.0482574 -0.0980264 0.015401 0.0250651 0.000141841 0.00910558 -0.0798557 -0.0389284 -0.0286557 -0.0461856
internal_weight=870 723 388 131 104 335 77 291 210 147 120 257 81 173 173 101 76 72 147 90 57 65 66 84 55 51
internal_count=870 723 388 131 104 335 77 291 210 147 120 257 81 173 173 101 76 72 147 90 57 65 66 84 55 51
is_linear=0
shrinkage=0.04


Tree=9
num_leaves=25
num_cat=0
split_feature=7 2 7 9 6 6 6 6 6 9 9 0 9 6 9 6 6 6 0 0 9 9 6 6
split_gain=695.718 156.785 215.605 139.847 154.303 224.184 96.6031 70.4329 68.3874 55.5454 39.9285 39.125 35.1928 23.7382 59.8371 48.4086 18.4444 17.624 15.0467 10.5607 21.0542 9.41624 5.2585 3.4487
threshold=1.1445794666770477 1.0000000180025095e-35 -0.32033061487554942 0.32043195112447598 0.52988476228989012 -0.49331924627226525 -0.83438724912631701 1.0983314337133099 -1.1754552519803687 1.3954935669901598 -1.0233950687076285 -1.0000000180025095e-35 -1.3593518236656548 -1.1754552519803687 0.11885789814966023 -0.49331924627226525 0.30250609372052223 -1.5165232548344203 -1.0000000180025095e-35 -0.7491350475729156 -0.6874383137496024 -1.2249691216824441 0.30250609372052223 -0.15225124341821353
decision_type=2 2 2 2 2 2 2 2 2 2 2 2 2 2 2 2 2 2 2 2 2 2 2 2
left_child=1 -1 6 13 5 -5 8 -6 17 23 12 -7 22 -4 15 -15 -17 -3 -11 -12 -21 -14 -8 -2
right_child=9 2 3 4 7 11 10 -9 -10 18 19 -13 21 14 -16 16 -18 -19 -20 20 -22 -23 -24 -25
leaf_value=0.056841146333820439 0.042672148295811251 -0.015958936786651612 -0.10074862996169498 -0.05745871159045593 -0.10717966842438494 0.097744285666942599 0.0053504010932198887 -0.020265201192635755 0.080759737482842264 0.12017631323801148 -0.013491734197318909 0.032968601632762599 -0.06330388324601309 0.00028281361968429002 -0.1027535114346481 -0.08869169272758344 -0.041936928916860509 0.028282451173838447 0.085811015253371384 0.030758850479667841 -0.0073605699806797266 -0.03186415453751882 -0.017835437348660301 0.061324976477129707
leaf_weight=44 35 25 35 46 35 25 29 26 34 36 42 37 35 27 41 27 27 34 47 44 49 27 34 29
leaf_count=44 35 25 35 46 35 25 29 26 34 36 42 37 35 27 41 27 27 34 47 44 49 27 34 29
internal_value=-0.000202906 -0.0163319 -0.0210736 -0.0445284 -0.0192772 0.00944764 0.000587304 -0.0701342 0.0355748 0.0791253 -0.0119275 0.0590878 -0.0282177 -0.0717098 -0.0633789 -0.0434486 -0.0653143 0.0095361 0.100716 0.00315606 0.0106744 -0.0496124 -0.00716259 0.0511242
internal_weight=870 723 679 326 169 108 353 61 93 147 260 62 125 157 122 81 54 59 83 135 93 62 63 64
internal_count=870 723 679 326 169 108 353 61 93 147 260 62 125 157 122 81 54 59 83 135 93 62 63 64
is_linear=0
shrinkage=0.04


Tree=10
num_leaves=25
num_cat=0
split_feature=4 2 8 9 9 9 4 7 9 4 9 4 9 4 9 9 0 4 8 9 9 4 0 0
split_gain=703.429 208.377 127.537 133.839 108.281 125.683 103.121 92.7616 63.8561 59.3097 59.1956 41.123 39.0289 38.5953 59.7956 69.5078 45.9664 38.1901 21.3343 16.6032 15.4111 12.2383 8.94616 2.73492
threshold=-0.28163487628735168 -1.6916913147484629 -0.63134183865453442 0.32043195112447598 -0.62024696275799729 0.6563887060825021 0.69279612904613452 -1.1992766638071075 -0.48586426077478684 0.82678039227948885 1.2611108650069494 1.3139958949462318 -0.14990750581676068 -0.19637216332067167 -0.41867290978318161 -0.75462966474120774 -1.0000000180025095e-35 -0.68358766598741461 1.0000000180025095e-35 -1.157777770690839 1.0000000180025095e-35 -0.86629347948744329 1.0000000180025095e-35 1.0000000180025095e-35
decision_type=2 2 2 2 2 2 2 2 2 2 2 2 2 2 2 2 2 2 2 2 2 2 2 2
left_child=2 -2 3 8 17 12 10 11 -1 -9 13 -8 -6 -3 15 19 -16 -4 22 -15 -10 -14 -11 -23
right_child=1 6 4 -5 5 -7 7 9 20 18 -12 -13 21 14 16 -17 -18 -19 -20 -21 -22 23 -24 -25
leaf_value=-0.0011925977539448511 0.14211933644918295 0.039709360967664156 -0.042287124633789065 0.044217387967122095 -0.058951397909058463 -0.015542116699119408 -0.025906961827442565 0.12067469990679197 -0.088459431109605011 0.079724156490394049 0.049003454828262329 0.044098242509365088 -0.086649963187008364 0.0085671232938766481 0.002508732698581837 0.062941428184509277 -0.065750776490098556 0.021537695527076722 0.022570489501953124 -0.027090913225442936 -0.044875522661209109 -0.10694210627313817 0.049389752687088083 -0.12377939569539038
leaf_weight=42 26 34 30 48 45 48 29 28 27 35 50 25 41 45 27 30 38 30 25 39 25 33 28 29
leaf_count=42 26 34 30 48 45 48 29 28 27 35 50 25 41 45 27 30 38 30 25 39 25 33 28 29
internal_value=-0.00161169 0.0321337 -0.0405292 -0.0101264 -0.0573932 -0.0717866 0.0255295 0.0498092 -0.0378764 0.0699691 0.00983542 0.00650285 -0.0900281 0.000641044 -0.00677975 0.0106773 -0.0373968 -0.0103747 0.0538355 -0.00798839 -0.0675056 -0.103605 0.0662422 -0.114818
internal_weight=857 459 398 142 256 196 433 170 94 116 263 54 148 213 179 114 65 60 88 84 52 103 63 62
internal_count=857 459 398 142 256 196 433 170 94 116 263 54 148 213 179 114 65 60 88 84 52 103 63 62
is_linear=0
shrinkage=0.04


Tree=11
num_leaves=26
num_cat=0
split_feature=9 9 8 9 6 9 6 5 5 5 1 6 6 5 6 5 9 6 6 6 6 8 7 7 7
split_gain=498.575 315.689 180.891 192.123 117.657 100.363 58.8537 72.7278 72.2835 43.0651 44.6147 33.4489 44.1936 28.495 23.4494 43.1363 22.9836 19.9525 11.0176 9.25416 8.07091 7.0382 25.7327 3.70365 2.99292
threshold=0.99234546104052834 -0.35148155879157633 -0.63134183865453442 0.32043195112447598 -0.83438724912631701 0.6563887060825021 0.18881675943583826 -0.25066273765626779 -0.25066273765626779 1.0000000180025095e-35 1.0000000180025095e-35 -1.1754552519803687 -0.15225124341821353 1.0000000180025095e-35 1.3257101022826776 -0.25066273765626779 -1.3593518236656548 -0.60700858055694906 0.52988476228989012 0.41619542800520609 0.18881675943583826 1.0000000180025095e-35 -0.61331263118606871 1.1445794666770477 0.26563341774548938
decision_type=2 2 2 2 2 2 2 2 2 2 2 2 2 2 2 2 2 2 2 2 2 2 2 2 2
left_child=1 4 3 20 13 -5 7 -4 -8 16 21 -2 -13 -1 15 -14 18 24 -6 -18 -3 22 -11 -17 -9
right_child=11 2 6 5 9 -7 8 17 -10 10 -12 12 14 -15 -16 23 19 -19 -20 -21 -22 -23 -24 -25 -26
leaf_value=0.06879769295454026 0.098121464619269738 -0.045700290587640573 0.010078083002567292 0.095413200199604045 -0.02203218905364766 -0.0080536138961712529 -0.13709197123845418 -0.088363898048370054 -0.062111661499366165 -0.031896789295551106 0.047816011567373529 0.012760109439492226 0.099484590082006025 0.024492058051957026 0.027512090389545146 0.056346491047969231 -0.057530965315444133 -0.040292390920221806 0.010939450158226876 -0.025009914594037192 -0.076246992778778083 0.012349963784217835 0.019476808192065129 0.034996234728739813 -0.071300954803040148
leaf_weight=48 26 31 25 30 34 30 36 29 48 39 37 40 44 45 26 26 28 32 31 28 25 29 26 26 38
leaf_count=48 26 31 25 30 34 30 36 29 48 39 37 40 44 45 26 26 28 32 31 28 25 29 26 26 38
internal_value=-0.00154722 -0.0177206 -0.0460746 -0.00605255 0.00890748 0.0436798 -0.0683945 -0.0508822 -0.0942461 -0.00528314 0.0106089 0.0560059 0.0492466 0.0473595 0.0612094 0.0703358 -0.0224886 -0.0662762 -0.00630725 -0.0412704 -0.0593372 -0.00403648 -0.0113474 0.0456714 -0.0786864
internal_weight=857 669 324 116 345 60 208 124 84 252 131 188 162 93 122 96 121 99 65 56 56 94 65 52 67
internal_count=857 669 324 116 345 60 208 124 84 252 131 188 162 93 122 96 121 99 65 56 56 94 65 52 67
is_linear=0
shrinkage=0.04


Tree=12
num_leaves=27
num_cat=0
split_feature=9 9 8 9 9 9 0 9 9 0 5 0 5 8 0 9 9 9 0 5 0 0 0 7 8 9
split_gain=459.487 290.939 166.709 177.06 92.4945 55.3421 52.2797 53.9309 42.7851 31.8259 24.4082 22.3713 32.6034 30.7051 20.8182 15.9424 49.657 48.9016 13.5298 20.6083 18.5981 11.0491 9.1776 8.38789 1.8867 1.80406
threshold=0.99234546104052834 -0.35148155879157633 -0.63134183865453442 0.32043195112447598 0.6563887060825021 0.52200600409929165 -1.0000000180025095e-35 1.2611108650069494 1.2611108650069494 0.74913504757291582 1.0000000180025095e-35 -1.0000000180025095e-35 -0.25066273765626779 1.0000000180025095e-35 -1.0000000180025095e-35 -1.157777770690839 -1.3593518236656548 -1.493734525648865 -1.0000000180025095e-35 1.1378206180301593 1.0000000180025095e-35 0.74913504757291582 1.2485584126215263 1.4375614829875671 1.0000000180025095e-35 1.0000000180025095e-35
decision_type=2 2 2 2 2 2 2 2 2 2 2 2 2 2 2 2 2 2 2 2 2 2 2 2 2 2
left_child=1 9 3 25 -5 11 8 -8 -2 15 22 24 -13 -14 -7 16 17 -1 19 -17 -20 -9 -11 -10 -4 -3
right_child=6 2 5 4 -6 14 7 21 23 10 -12 12 13 -15 -16 18 -18 -19 20 -21 -22 -23 -24 -25 -26 -27
leaf_value=-0.017954372806208475 0.11813833038455673 -0.063891178862801906 -0.10812374559265596 0.09159667174021402 -0.0077314695144693061 -0.062881369975305371 0.0021663287480672201 0.044993372493320048 0.040113260573148728 -0.0084419689728663511 0.047728527382928494 -0.10301574349403382 -0.079575104315120437 -0.018100800181810674 -0.019879991661670596 0.040123021682588071 -0.049903732640402661 0.051847109794616701 -0.025774038759991527 -0.00023240569978952408 0.018452741832568727 0.078843540483050881 0.025501239977031943 0.072267353932062794 -0.093304289909345764 -0.049523122487244782
leaf_weight=42 28 29 27 30 30 31 45 36 25 26 49 27 26 26 43 41 35 26 32 40 29 27 25 27 28 27
leaf_count=42 28 29 27 30 30 31 45 36 25 26 49 27 26 26 43 41 35 26 32 40 29 27 25 27 28 27
internal_value=-0.00148534 -0.0170118 -0.0442316 -0.00581045 0.0419326 -0.0656588 0.0537657 0.0356113 0.078274 0.00855118 0.0275674 -0.0809915 -0.0673544 -0.048838 -0.0378941 0.000789463 -0.0111912 0.00873443 0.00947963 0.0201944 -0.00474819 0.0595006 0.00819686 0.0568087 -0.100579 -0.0569637
internal_weight=857 669 324 116 60 208 188 108 80 345 100 134 79 52 74 245 103 68 142 81 61 63 51 52 55 56
internal_count=857 669 324 116 60 208 188 108 80 345 100 134 79 52 74 245 103 68 142 81 61 63 51 52 55 56
is_linear=0
shrinkage=0.04


Tree=13
num_leaves=25
num_cat=0
split_feature=4 4 4 6 8 7 3 5 4 6 6 4 6 7 7 7 4 4 5 6 4 7 4 6
split_gain=586.037 180.662 113.504 171.897 114.407 62.9569 59.0926 43.7973 63.6236 62.0497 42.7982 43.2051 34.9779 32.8791 30.1783 32.3363 37.6454 135.904 30.6647 28.8622 23.8964 22.3959 15.5828 3.89526
threshold=-0.28163487628735168 2.3127876754130554 -0.69576805355408322 0.41619542800520609 -0.63134183865453442 1.4375614829875671 1.0000000180025095e-35 0.67499283280135014 -0.098929062787323066 -1.1754552519803687 0.75726343085925796 0.047235588012699836 0.98464209942862591 1.1445794666770477 -0.32033061487554942 0.55861543405600889 -1.0002777427207976 -0.86629347948744329 -0.25066273765626779 0.18881675943583826 0.52227070311277446 -0.32033061487554942 -0.96373658002079188 0.18881675943583826
decision_type=2 2 2 2 2 2 2 2 2 2 2 2 2 2 2 2 2 2 2 2 2 2 2 2
left_child=2 5 14 4 -4 6 7 8 -2 -10 11 -9 13 20 22 16 -16 -18 -17 -7 -11 -6 -1 -22
right_child=1 -3 3 -5 21 19 -8 10 9 12 -12 -13 -14 -15 15 18 17 -19 -20 -21 23 -23 -24 -25
leaf_value=-0.0063000208616256718 -0.039138932943344119 0.13393428650200367 0.061947426398595171 -0.074111798292398459 0.0071463862325875996 0.094279675942200894 0.067200086457388744 0.092912805859859185 0.07242864861488342 -0.035970124782373512 -0.0088785017490386961 0.027595066109368967 0.03723800723041807 0.031229519924381749 -0.10276545693476996 -0.0068149639322207523 0.017664055347442628 -0.099616458623475124 -0.065719545945044491 0.035233156129165936 -0.0076383556798100471 -0.038402704015756267 -0.04844780091196299 0.012790767209870475
leaf_weight=25 45 25 48 50 31 26 35 26 25 48 25 43 42 32 48 26 25 43 31 27 32 39 32 28
leaf_count=25 45 25 48 50 31 26 35 26 25 48 25 43 42 32 48 26 25 43 31 27 32 39 32 28
internal_value=-0.00142592 0.0293752 -0.0369479 -0.0119541 0.014384 0.0233523 0.0176701 0.0126599 0.00396807 0.0133392 0.0359613 0.0522075 0.00522247 -0.00438219 -0.0552042 -0.0635211 -0.0756435 -0.0564986 -0.0388508 0.0641994 -0.0149338 -0.018231 -0.0299619 0.00189524
internal_weight=857 459 398 168 118 434 381 346 252 207 94 69 182 140 230 173 116 68 57 53 108 70 57 60
internal_count=857 459 398 168 118 434 381 346 252 207 94 69 182 140 230 173 116 68 57 53 108 70 57 60
is_linear=0
shrinkage=0.04


Tree=14
num_leaves=25
num_cat=0
split_feature=4 2 4 6 9 4 7 9 9 9 4 7 4 9 5 4 6 6 6 6 6 6 0 9
split_gain=540.091 179.203 104.605 158.42 157.391 87.2948 76.1612 70.8566 70.3228 63.3689 54.8293 45.9861 55.1117 40.3779 38.4955 52.2537 42.4925 37.2998 34.9866 25.8964 26.6346 24.0981 17.3416 11.7191
threshold=-0.28163487628735168 -1.6916913147484629 -0.69576805355408322 0.41619542800520609 0.3876233021160812 0.69279612904613452 -1.1992766638071075 0.79077140806571256 0.051666547158054986 -0.48586426077478684 0.82678039227948885 0.26563341774548938 -1.012458130287466 1.2611108650069494 0.67499283280135014 0.035055200446031262 -0.83438724912631701 0.18881675943583826 1.0000000180025095e-35 -1.0617659176956848 -0.26594057770289742 0.87095276514394182 -1.0000000180025095e-35 -0.41867290978318161
decision_type=2 2 2 2 2 2 2 2 2 2 2 2 2 2 2 2 2 2 2 2 2 2 2 2
left_child=2 -2 7 4 9 13 18 8 19 -4 -8 -10 -13 14 16 -16 -3 -12 -7 -1 -21 22 -18 -22
right_child=1 5 3 -5 -6 6 10 -9 11 -11 17 12 -14 -15 15 -17 21 -19 -20 20 23 -23 -24 -25
leaf_value=-0.071888178650821963 0.13019624558778911 0.02505123747361673 0.020016339434517753 -0.071147326123714438 0.092929183244705199 0.037371131093413744 0.11143471172345537 0.0091930878620881291 -0.1312573905976919 -0.047888233549026556 0.021713056537840104 -0.1099423888027668 -0.03822241334617138 0.039984963643550871 0.058907084839684626 -0.010212260450635637 -0.061747616056738237 0.073810223257818885 -0.027022621631622314 0.0070410274505615239 -0.062253106672030233 0.0030165565715116614 -0.021722020538047306 -0.025270012678771187
leaf_weight=28 26 37 45 50 30 27 28 26 26 43 45 30 40 50 35 35 29 43 27 25 26 34 43 29
leaf_count=28 26 37 45 50 30 27 28 26 26 43 45 30 40 50 35 35 29 43 27 25 26 34 43 29
internal_value=-0.00136889 0.0282002 -0.03547 -0.0114759 0.0138086 0.0220758 0.0444148 -0.0529961 -0.0609221 -0.0131643 0.0626819 -0.0858319 -0.0689595 0.00763611 4.24874e-05 0.0243474 -0.011855 0.0471696 0.00517425 -0.0387801 -0.0271923 -0.0247374 -0.0378434 -0.0427529
internal_weight=857 459 398 168 118 433 170 230 204 88 116 96 70 263 213 70 143 88 54 108 80 106 72 55
internal_count=857 459 398 168 118 433 170 230 204 88 116 96 70 263 213 70 143 88 54 108 80 106 72 55
is_linear=0
shrinkage=0.04


Tree=15
num_leaves=26
num_cat=0
split_feature=4 7 7 7 4 8 6 6 6 5 6 4 4 6 7 4 6 1 4 4 5 4 4 6 6
split_gain=521.029 359.905 109.92 101.929 93.4425 71.9416 75.263 134.414 71.0992 55.308 36.1597 39.0142 25.7744 46.0129 82.0624 38.8918 25.4278 48.1351 38.1625 56.8165 25.2316 22.5868 49.9101 20.6917 11.3031
threshold=1.0000000180025095e-35 1.1445794666770477 -1.1992766638071075 -0.32033061487554942 0.71715690417947164 -0.63134183865453442 -0.60700858055694906 0.52988476228989012 -0.15225124341821353 0.67499283280135014 1.0983314337133099 1.289635119812895 -1.0002777427207976 0.075127425151154323 0.55861543405600889 -0.65922689085407749 -0.49331924627226525 1.0000000180025095e-35 -0.31817603898735741 -0.64704650328740898 1.0000000180025095e-35 0.4126472150127572 0.16903946367938563 -0.49331924627226525 -0.94807658341100087
decision_type=2 2 2 2 2 2 2 2 2 2 2 2 2 2 2 2 2 2 2 2 2 2 2 2 2
left_child=1 3 8 16 9 6 -5 -8 -2 21 11 23 -7 14 24 -15 20 18 19 -18 -1 22 -4 -6 -14
right_child=2 -3 4 5 10 12 7 -9 -10 -11 -12 -13 13 15 -16 -17 17 -19 -20 -21 -22 -23 -24 -25 -26
leaf_value=0.033389266844718692 0.043546091953913367 0.086037570039431244 0.068704974187744988 -0.071017365600123561 0.113693117749691 -0.090466067130150998 0.059259602201707437 -0.057726861397425333 -0.03527243209051642 -0.008259056223475416 0.11651765055126614 0.035998257620390071 -0.04409834923415349 -0.047568450304014347 0.02028056612721196 -0.11081641126530511 -0.022093242193805054 0.019837395668029785 -0.0022083924412727358 -0.101699918411099 -0.015841643810272216 0.069063090250680331 -0.0062584179689486822 0.062229219317436225 -0.077653966438439165
leaf_weight=31 30 42 27 33 25 46 33 30 47 46 27 43 29 28 27 35 32 30 30 26 36 38 30 25 36
leaf_count=31 30 42 27 33 25 46 33 30 47 46 27 43 29 28 27 35 32 30 30 26 36 38 30 25 36
internal_value=-0.00128797 -0.0262644 0.0374328 -0.03605 0.0498227 -0.0505675 -0.0220814 0.00355176 -0.00456392 0.027743 0.0757663 0.0639353 -0.0641729 -0.0563697 -0.038335 -0.0827062 -0.0127435 -0.0239179 -0.0388345 -0.057779 0.00693684 0.0451756 0.0292506 0.0879612 -0.062683
internal_weight=862 524 338 482 261 297 96 63 77 141 120 93 201 155 92 63 185 118 88 58 67 95 57 50 65
internal_count=862 524 338 482 261 297 96 63 77 141 120 93 201 155 92 63 185 118 88 58 67 95 57 50 65
is_linear=0
shrinkage=0.04


Tree=16
num_leaves=27
num_cat=0
split_feature=4 9 7 9 4 6 8 6 6 5 6 0 4 0 0 6 6 4 6 6 0 4 4 9 9 8
split_gain=480.18 360.889 101.303 98.3777 88.7814 65.5251 61.8098 60.1241 129.759 58.6081 48.2296 46.2808 37.1925 33.5167 36.2087 53.6255 24.4256 22.1088 32.9395 22.2224 21.7791 19.7271 39.2896 14.0473 6.85971 5.442
threshold=1.0000000180025095e-35 1.193919514015344 -1.1992766638071075 -0.41867290978318161 1.0216665933461864 -0.15225124341821353 -0.63134183865453442 -0.60700858055694906 0.52988476228989012 1.1378206180301593 0.75726343085925796 -0.7491350475729156 0.58317264094611732 -1.0000000180025095e-35 1.2485584126215263 -0.26594057770289742 -0.26594057770289742 -0.39125836438736888 -0.60700858055694906 0.30250609372052223 1.0000000180025095e-35 -1.0002777427207976 -0.73230921625408896 -0.75462966474120774 0.25324060013287075 1.0000000180025095e-35
decision_type=2 2 2 2 2 2 2 2 2 2 2 2 2 2 2 2 2 2 2 2 2 2 2 2 2 2
left_child=1 3 5 17 9 -2 7 -5 -9 11 20 -4 16 21 15 -15 -13 18 -1 -20 -6 -8 -23 -19 -24 -17
right_child=2 -3 4 6 10 -7 13 8 -10 -11 -12 12 -14 14 -16 25 -18 23 19 -21 -22 22 24 -25 -26 -27
leaf_value=0.006351663439701765 0.041804249922434485 0.093501778856704104 0.076536549223793882 -0.064538973110062736 0.084857185517748207 -0.03386153451622801 -0.10723936347961426 0.056889217346906662 -0.053669470872197832 -0.016212977676680593 0.12714097151389489 0.016672605253182923 -0.0041419613859742079 0.0064266414216586519 -0.082738698624074458 -0.07068074125509996 0.067262675473214809 -0.005769844002193875 -0.066773398901735045 -0.016814266529319614 0.035337863277505946 -0.02520011874437332 -0.10079910340217443 0.031626495790481567 -0.071453615865111356 -0.044543031575158237
leaf_weight=39 30 38 45 35 30 47 25 33 35 33 26 26 37 35 30 26 37 45 28 29 27 25 26 25 25 25
leaf_count=39 30 38 45 35 30 47 25 33 35 33 26 26 37 35 30 26 37 45 28 29 27 25 26 25 25 25
internal_value=-0.00123645 -0.0252138 0.0359355 -0.0344961 0.0478298 -0.00438136 -0.047458 -0.0219413 -1.59898e-05 0.0318993 0.081994 0.042849 0.0276895 -0.0595696 -0.0449009 -0.0317017 0.0463842 -0.00950924 -0.0219745 -0.0413556 0.0614007 -0.0764169 -0.0662779 0.00758599 -0.0864141 -0.0578681
internal_weight=862 524 338 486 261 77 320 103 68 178 83 145 100 217 116 86 63 166 96 57 57 101 76 70 51 51
internal_count=862 524 338 486 261 77 320 103 68 178 83 145 100 217 116 86 63 166 96 57 57 101 76 70 51 51
is_linear=0
shrinkage=0.04


Tree=17
num_leaves=25
num_cat=0
split_feature=4 7 4 7 7 5 8 6 6 0 0 6 4 0 7 6 6 0 0 6 5 6 0 0
split_gain=442.534 305.865 94.0425 100.544 87.6263 69.1462 61.1589 64.1333 114.313 40.1915 47.0847 44.9981 39.9183 35.6703 34.867 27.5265 32.1064 21.9153 21.7322 46.9938 24.3447 19.9925 17.9186 17.2404
threshold=1.0000000180025095e-35 1.1445794666770477 2.3127876754130554 -1.1992766638071075 -0.32033061487554942 -0.25066273765626779 -0.63134183865453442 -0.60700858055694906 0.52988476228989012 -1.0000000180025095e-35 1.2485584126215263 -0.26594057770289742 0.71715690417947164 -1.0000000180025095e-35 -0.61331263118606871 -1.0617659176956848 0.64357409657457409 -1.2485584126215259 1.0000000180025095e-35 -0.49331924627226525 0.67499283280135014 0.30250609372052223 -0.7491350475729156 -1.0000000180025095e-35
decision_type=2 2 2 2 2 2 2 2 2 2 2 2 2 2 2 2 2 2 2 2 2 2 2 2
left_child=1 4 3 12 18 13 7 -6 -9 17 11 -11 -2 -5 -7 -16 23 -8 19 -1 -21 -20 -19 -17
right_child=2 -3 -4 5 6 14 9 8 -10 10 -12 -13 -14 -15 15 16 -18 22 21 20 -22 -23 -24 -25
leaf_value=0.010136711708334989 0.024346069498704027 0.07932288472496328 0.10758750572800636 0.10693758471806844 -0.065595110817389057 0.055899357032030819 -0.051314795425822658 0.054613647920954404 -0.053271008809407557 0.0088317633939511853 -0.086463406055138026 -0.052107365419890021 -0.038719039417448496 0.049238081276416781 0.047880477625876668 -0.035881434833561932 0.037468298260937442 -0.11394465583947398 -0.011147606982125175 -0.070229178994894031 -0.02230071098281023 0.031902099124022892 -0.070580000281333918 0.0066601545129503529
leaf_weight=43 26 42 26 30 33 48 31 33 30 33 29 47 42 40 32 27 32 31 45 30 39 28 30 35
leaf_count=43 26 42 26 30 33 48 31 33 30 33 29 47 42 40 32 27 32 31 45 30 39 28 30 35
internal_value=-0.00118699 -0.0242052 0.0344981 0.0284073 -0.0332264 0.0403946 -0.0466869 -0.0204221 0.00324 -0.0592312 -0.0427985 -0.02697 -0.0146059 0.0739664 0.0268887 0.015837 0.00492864 -0.0787005 -0.0116168 -0.022685 -0.0431392 0.00536461 -0.0926178 -0.011866
internal_weight=862 524 338 312 482 244 297 96 63 201 109 80 68 70 174 126 94 92 185 112 69 73 61 62
internal_count=862 524 338 312 482 244 297 96 63 201 109 80 68 70 174 126 94 92 185 112 69 73 61 62
is_linear=0
shrinkage=0.04


Tree=18
num_leaves=26
num_cat=0
split_feature=4 9 4 9 9 5 9 0 4 6 6 6 4 9 6 4 6 4 4 6 4 6 9 5 9
split_gain=407.839 308.864 86.6696 84.6383 67.7019 52.0733 69.8374 43.2683 39.5375 60.549 73.3741 62.9375 38.6606 37.2531 55.8197 56.225 28.2201 22.3007 20.0549 29.706 14.4104 14.1001 12.492 8.66014 3.91258
threshold=1.0000000180025095e-35 1.193919514015344 2.3127876754130554 -0.41867290978318161 -1.157777770690839 -0.25066273765626779 -0.55305561176639195 -1.0000000180025095e-35 -1.0002777427207976 0.52988476228989012 1.0000000180025095e-35 1.2120207679979937 0.5588118658127802 0.52200600409929165 -1.1754552519803687 -0.58614456545406601 -0.26594057770289742 0.72933729174614026 -0.39125836438736888 -0.83438724912631701 0.43700799014609432 0.30250609372052223 -0.75462966474120774 1.0000000180025095e-35 0.85796275905731789
decision_type=2 2 2 2 2 2 2 2 2 2 2 2 2 2 2 2 2 2 2 2 2 2 2 2 2
left_child=1 3 4 18 17 7 20 -6 16 10 13 -11 24 14 -10 -16 -5 -2 19 -1 -7 -21 -20 -14 -8
right_child=2 -3 -4 8 5 6 12 -9 9 11 -12 -13 23 -15 15 -17 -18 -19 22 21 -22 -23 -24 -25 -26
leaf_value=0.011699780648754489 0.019920319611656256 0.086588791649984689 0.10328400756304081 -0.10460028543472291 0.10266008162498474 0.08471524234001454 -0.0071799173320715249 0.039444915666812803 -0.096483010176954598 -0.094134134023139873 0.027321159416759336 -0.025229030659324244 0.045739415999915871 -0.0040342458471273766 -0.063918972024411866 0.013913587484232806 -0.051381197625940497 -0.025685985698586419 -0.0049607864419619245 -0.052607283289026883 0.042993057149427909 -0.015129230854840114 0.030304609251022342 0.01626941585387939 -0.029342482566833496
leaf_weight=31 29 38 26 25 30 26 26 41 29 48 37 38 27 39 33 27 44 42 45 36 27 29 25 39 25
leaf_count=31 29 38 26 25 30 26 26 41 29 48 37 38 27 39 33 27 44 42 45 36 27 29 25 39 25
internal_value=-0.00113951 -0.023237 0.0331182 -0.0318242 0.027271 0.0373846 0.0253685 0.0661555 -0.043847 -0.0364751 -0.0222916 -0.0636877 0.00811309 -0.0366328 -0.0509176 -0.0288943 -0.0706635 -0.00705806 -0.00864781 -0.02052 0.0634605 -0.0358863 0.007634 0.0283253 -0.0180439
internal_weight=862 524 338 486 312 241 170 71 320 251 165 86 117 128 89 60 69 71 166 96 53 65 70 66 51
internal_count=862 524 338 486 312 241 170 71 320 251 165 86 117 128 89 60 69 71 166 96 53 65 70 66 51
is_linear=0
shrinkage=0.04


Tree=19
num_leaves=25
num_cat=0
split_feature=4 9 2 9 9 6 6 4 6 6 5 6 4 4 9 0 6 6 4 6 6 0 9 6
split_gain=375.865 284.649 85.4741 78.0027 62.963 75.3387 46.3351 36.4377 55.8019 68.1116 67.4201 58.0032 31.5484 49.7757 36.7042 30.7397 26.0076 19.0969 42.8497 25.7236 22.6066 17.7411 14.5863 11.1872
threshold=1.0000000180025095e-35 1.193919514015344 1.0000000180025095e-35 -0.41867290978318161 1.3954935669901598 -0.83438724912631701 1.3257101022826776 -1.0002777427207976 0.52988476228989012 -0.60700858055694906 -0.25066273765626779 1.2120207679979937 1.3505370576462379 0.9851254306461803 -1.0233950687076285 -1.0000000180025095e-35 -0.26594057770289742 0.98464209942862591 -0.70794844112075184 0.18881675943583826 -0.60700858055694906 -1.0000000180025095e-35 -0.62024696275799729 0.41619542800520609
decision_type=2 2 2 2 2 2 2 2 2 2 2 2 2 2 2 2 2 2 2 2 2 2 2 2
left_child=1 3 -2 17 5 22 12 16 9 15 -11 -10 13 14 -7 -9 -5 18 -1 20 -20 -6 -4 -16
right_child=2 -3 4 7 21 6 -8 8 11 10 -12 -13 -14 -15 23 -17 -18 -19 19 -21 -22 -23 -24 -25
leaf_value=-0.034769247377460656 0.09399551034439356 0.083125241241957012 0.08156536059379578 -0.10041627202033997 0.088696346247196203 -0.036618869150057437 0.052160022423185154 -0.073730460097258158 -0.090368768378781772 0.050064053568057716 -0.024891519205799947 -0.024219868936036764 -0.039768208334843319 0.056575949048995974 -0.0030138586061756786 -0.025213004879187793 -0.049325949929823934 -0.038421434158725398 0.019958548486232758 0.047821764278411866 -0.026426012885981592 0.043407332454958272 0.039163722550427472 0.02827489727148504
leaf_weight=44 32 38 25 25 25 40 29 37 48 32 48 38 30 25 41 48 44 28 40 25 29 31 27 33
leaf_count=44 32 38 25 25 25 40 29 37 48 32 48 38 30 25 41 48 44 28 40 25 29 31 27 33
internal_value=-0.00109393 -0.0223075 0.0317935 -0.0305513 0.0252887 0.0167012 0.00544819 -0.0420931 -0.0350161 -0.0214 0.00509071 -0.0611402 -0.00256745 0.00546149 -0.00574782 -0.0463324 -0.0678369 -0.0083019 -0.00219069 0.0130588 0.000463588 0.0636256 0.0595491 0.0109392
internal_weight=862 524 338 486 306 250 198 320 251 165 80 86 169 139 114 85 69 166 138 94 69 56 52 74
internal_count=862 524 338 486 306 250 198 320 251 165 80 86 169 139 114 85 69 166 138 94 69 56 52 74
is_linear=0
shrinkage=0.04


Tree=20
num_leaves=27
num_cat=0
split_feature=4 2 4 6 6 5 4 4 9 4 4 9 6 4 4 4 9 6 9 4 0 4 4 9 4 4
split_gain=327.193 191.57 66.6603 77.2808 104.151 92.3489 81.1801 56.357 59.3924 48.8006 59.2657 46.9221 45.4585 33.3181 46.0382 62.6276 60.7591 65.3924 48.7856 31.4223 31.5112 22.3729 45.2769 21.3922 17.4228 6.61156
threshold=-0.52524262762072316 -2.9592882694284057 1.9656466297630009 0.075127425151154323 -1.5165232548344203 -0.25066273765626779 0.25430217664606569 1.0000000180025095e-35 -0.21709885680836591 0.69279612904613452 -0.050207512520648777 -0.9562037177160233 -0.72069791484163315 -0.59832495302073463 -0.69576805355408322 -0.65922689085407749 0.79077140806571256 0.98464209942862591 0.11885789814966023 -0.80539154165410043 -1.0000000180025095e-35 0.25430217664606569 0.71715690417947164 -0.75462966474120774 -1.0002777427207976 0.60144322229612024
decision_type=2 2 2 2 2 2 2 2 2 2 2 2 2 2 2 2 2 2 2 2 2 2 2 2 2 2
left_child=13 -2 3 4 -3 6 -6 8 23 10 12 25 -7 14 16 -16 17 18 19 20 -1 -13 -23 -5 -20 -9
right_child=1 2 -4 7 5 9 -8 11 -10 -11 -12 21 -14 -15 15 -17 -18 -19 24 -21 -22 22 -24 -25 -26 -27
leaf_value=-0.048044363319873808 0.12625160956272372 -0.039957016283465971 0.073729584601617632 -0.032241386665174593 0.11650278496581155 0.00046301883074545094 0.033264563350301042 -0.0046931280851364139 -0.075797400716049915 0.057567120301417821 -0.028089765671719898 0.05953110368163498 0.072958498460054394 -0.070951900271964935 0.054374758625030523 -0.031347471668074528 0.023081437437622636 0.010517990033734928 -0.10003626075284235 -0.068691887369862301 0.0071212336058552204 -0.022035674686942782 0.045784341237611235 0.016957713250190982 -0.059725196091901689 -0.033784010171890262
leaf_weight=30 27 31 31 26 37 31 38 25 29 39 47 27 25 28 25 30 27 33 29 27 37 28 36 31 42 25
leaf_count=30 27 31 31 26 37 31 38 25 29 39 47 27 25 28 25 30 27 33 29 27 37 28 36 31 42 25
internal_value=0.00347218 0.0224382 0.0168987 0.0131898 0.0286258 0.0384234 0.0743288 -0.00367429 -0.0291943 0.0194593 0.00503007 0.0118911 0.0328271 -0.0293489 -0.0251886 0.00761718 -0.0332077 -0.0408835 -0.0511639 -0.0322609 -0.0175798 0.0289954 0.0161131 -0.00548398 -0.0761903 -0.0192386
internal_weight=841 533 506 475 248 217 75 227 86 142 103 141 56 308 280 55 225 198 165 94 67 91 64 57 71 50
internal_count=841 533 506 475 248 217 75 227 86 142 103 141 56 308 280 55 225 198 165 94 67 91 64 57 71 50
is_linear=0
shrinkage=0.04


Tree=21
num_leaves=27
num_cat=0
split_feature=4 2 4 7 9 7 4 7 5 0 4 4 9 5 7 4 4 7 0 4 4 5 0 4 9 4
split_gain=301.541 176.551 61.4341 60.4563 38.8119 32.9837 59.257 54.1678 57.7175 49.0128 48.6279 44.8257 31.0545 71.8422 34.7204 25.4647 43.493 27.7016 22.5404 20.448 23.8632 18.9128 18.2071 14.9151 9.82771 8.16383
threshold=-0.52524262762072316 -2.9592882694284057 1.9656466297630009 1.4375614829875671 1.5970676199649756 -1.1992766638071075 0.58317264094611732 -0.61331263118606871 -0.25066273765626779 0.74913504757291582 0.010694425312694102 -0.28163487628735168 0.3876233021160812 -0.25066273765626779 -0.32033061487554942 -0.038027124953980203 0.69279612904613452 -0.32033061487554942 -0.7491350475729156 -0.84193270435410617 -0.6714072784207461 -0.25066273765626779 -1.0000000180025095e-35 0.10813752584604273 -0.6874383137496024 -0.025846737387311625
decision_type=2 2 2 2 2 2 2 2 2 2 2 2 2 2 2 2 2 2 2 2 2 2 2 2 2 2
left_child=12 -2 3 5 -5 6 25 9 23 10 -7 -10 14 -14 21 -13 17 -17 -16 -20 -21 -1 -15 -9 -23 -3
right_child=1 2 -4 4 -6 7 -8 8 11 -11 -12 15 13 22 18 16 -18 -19 19 20 -22 24 -24 -25 -26 -27
leaf_value=-0.042989485970249881 0.12120154487865943 -0.0010232022089453844 0.070780401806677537 0.082697451472282413 0.015926259160041808 -0.0099797771830816527 -0.046640681657526224 0.060641223457124499 -0.044566101346437528 0.083574996420315323 0.059199283287442964 0.034372969819232824 0.029899388750394187 -0.01676925459733376 -0.076633180354322705 0.0015969668672635004 0.024376806689514998 -0.053988991584628825 -0.020165990763046641 -0.084730405396223077 -0.030496081765051239 0.014416638799011708 -0.064107115050921079 0.017764444833993913 -0.020087806665897372 0.029844390482738098
leaf_weight=27 27 26 31 30 26 37 45 27 41 28 29 32 42 26 35 26 42 32 47 25 27 28 26 25 25 29
leaf_count=27 27 26 31 30 26 37 45 27 41 28 29 32 42 26 35 26 42 32 47 25 27 28 26 25 25 29
internal_value=0.00333329 0.0215407 0.0162228 0.0126622 0.0516965 0.00744518 -0.0125995 0.0137288 0.00307488 0.0392301 0.0204171 -0.00803223 -0.0281749 -0.00901076 -0.0365928 0.00331541 -0.00662301 -0.0290711 -0.0490419 -0.0392874 -0.0565703 -0.0157406 -0.0404382 0.0400274 -0.00185904 0.0152524
internal_weight=841 533 506 475 56 419 100 319 225 94 66 173 308 94 214 132 100 58 134 99 52 80 52 52 53 55
internal_count=841 533 506 475 56 419 100 319 225 94 66 173 308 94 214 132 100 58 134 99 52 80 52 52 53 55
is_linear=0
shrinkage=0.04


Tree=22
num_leaves=26
num_cat=0
split_feature=4 2 6 4 6 4 6 7 6 4 7 7 4 4 4 4 9 6 9 4 0 9 7 7 4
split_gain=277.9 162.709 59.5072 88.5939 59.308 66.6644 81.5686 61.6986 35.6416 30.639 55.8673 43.3741 33.9626 30.2946 41.9755 57.6293 54.0468 60.4217 45.1005 28.078 27.7828 22.6321 20.3667 19.388 17.0896
threshold=-0.52524262762072316 -2.9592882694284057 0.075127425151154323 1.0703881436128604 -1.5165232548344203 -0.20855255088734023 -0.83438724912631701 1.0000000180025095e-35 -0.26594057770289742 1.0000000180025095e-35 -0.32033061487554942 -0.90629464749658817 0.25430217664606569 -0.59832495302073463 -0.69576805355408322 -0.65922689085407749 0.79077140806571256 0.98464209942862591 0.11885789814966023 -0.80539154165410043 -1.0000000180025095e-35 -0.55305561176639195 0.85159745036652823 -0.90629464749658817 -1.0002777427207976
decision_type=2 2 2 2 2 2 2 2 2 2 2 2 2 2 2 2 2 2 2 2 2 2 2 2 2
left_child=13 -2 4 9 -3 7 21 -6 22 10 23 -11 -13 14 16 -16 17 18 19 20 -1 -7 -8 -4 -20
right_child=1 2 3 -5 5 6 8 -9 -10 11 -12 12 -14 -15 15 -17 -18 -19 24 -21 -22 -23 -24 -25 -26
leaf_value=-0.0444120318988959 0.11635348255987521 -0.022406568564474583 -0.03091694038361311 0.051123197205850616 0.037717649034091409 0.082440750058740381 -0.031464318224163942 0.11999289487600327 0.03640154540256569 -0.027766572136518567 -0.073638613265136196 0.060607131338119506 0.0014549765899413969 -0.066718386816126962 0.053096894574165346 -0.029133502961446844 0.022350927238111145 0.011431849601142335 -0.095538881318322541 -0.064122093871787744 0.0073873010277748109 0.035229317600076852 0.010680245533585549 0.015920894145965578 -0.055615060428778333
leaf_weight=30 27 32 26 46 35 32 43 25 33 43 29 25 41 28 25 30 27 33 29 27 37 33 32 31 42
leaf_count=30 27 32 26 46 35 32 43 25 33 43 29 25 41 28 25 30 27 33 29 27 37 33 32 31 42
internal_value=0.00319996 0.020679 0.0155739 0.00118973 0.0286553 0.0356681 0.0230678 0.071999 0.00175975 -0.0105895 -0.0284397 0.00349422 0.0238611 -0.0270479 -0.0230809 0.00824395 -0.0307381 -0.0379775 -0.0478593 -0.0296843 -0.0158064 0.0584719 -0.0134826 -0.00544373 -0.071922
internal_weight=841 533 506 241 265 233 173 60 108 195 86 109 66 308 280 55 225 198 165 94 67 65 75 57 71
internal_count=841 533 506 241 265 233 173 60 108 195 86 109 66 308 280 55 225 198 165 94 67 65 75 57 71
is_linear=0
shrinkage=0.04


Tree=23
num_leaves=27
num_cat=0
split_feature=4 2 4 6 6 5 4 4 9 4 4 6 9 9 5 0 9 0 4 9 9 6 6 0 4 4
split_gain=256.113 149.953 55.0249 64.8813 89.4472 82.5901 71.3211 47.5089 51.7381 42.9961 51.7859 42.7241 39.5252 28.67 65.4635 33.8501 27.8343 34.928 25.123 23.0124 22.4629 19.5638 17.9187 16.2477 8.61676 5.54813
threshold=-0.52524262762072316 -2.9592882694284057 1.9656466297630009 0.075127425151154323 -1.5165232548344203 -0.25066273765626779 0.25430217664606569 1.0000000180025095e-35 -0.35148155879157633 0.69279612904613452 -0.050207512520648777 -0.72069791484163315 -0.9562037177160233 0.3876233021160812 -0.25066273765626779 1.2485584126215263 -0.35148155879157633 -1.0000000180025095e-35 -0.84193270435410617 -0.75462966474120774 -1.0905864196992339 1.2120207679979937 0.075127425151154323 -1.0000000180025095e-35 0.53445109067944296 0.60144322229612024
decision_type=2 2 2 2 2 2 2 2 2 2 2 2 2 2 2 2 2 2 2 2 2 2 2 2 2 2
left_child=13 -2 3 4 -3 6 -6 8 19 10 11 -7 25 15 -15 16 20 22 -19 -5 -1 24 -18 -16 -14 -9
right_child=1 2 -4 7 5 9 -8 12 -10 -11 -12 -13 21 14 23 -17 17 18 -20 -21 -22 -23 -24 -25 -26 -27
leaf_value=-0.036140350592136383 0.11169934405220878 -0.037832689016096051 0.066584255195433095 -0.029680263271125464 0.10828993299120182 -0.0020654339463480058 0.030269741831641449 -0.0048259482860565188 -0.066620604883540754 0.052640088017170246 -0.027633038191719261 0.068215823400020595 0.056419394678539694 0.02959034251315253 -0.015192973522039561 -0.071993935029022391 -0.084290102677685871 0.01288434545993805 -0.039616673352462904 0.023043955785256847 0.012193313170224429 0.00093522656708955765 -0.039428768651238802 -0.059911208725892583 0.025736167528666556 -0.031474798434972764
leaf_weight=25 27 31 31 26 37 31 38 25 33 39 47 25 27 42 26 32 28 25 35 27 40 32 29 26 32 25
leaf_count=25 27 31 31 26 37 31 38 25 33 39 47 25 27 42 26 32 28 25 35 27 40 32 29 26 32 25
internal_value=0.00307196 0.0198519 0.0149509 0.0115812 0.0257248 0.0348044 0.0687597 -0.00387088 -0.0273021 0.0168703 0.00332635 0.0293101 0.0104205 -0.025966 -0.00755228 -0.0340543 -0.0273836 -0.039043 -0.0177412 -0.00282076 -0.00639656 0.0261188 -0.0614659 -0.0375521 0.0397776 -0.0181504
internal_weight=841 533 506 475 248 217 75 227 86 142 103 56 141 308 94 214 182 117 60 53 65 91 57 52 59 50
internal_count=841 533 506 475 248 217 75 227 86 142 103 56 141 308 94 214 182 117 60 53 65 91 57 52 59 50
is_linear=0
shrinkage=0.04


Tree=24
num_leaves=26
num_cat=0
split_feature=9 9 3 8 9 9 6 7 6 6 6 6 5 9 6 8 8 6 0 6 6 5 6 9 7
split_gain=193.587 97.9267 98.5438 89.8389 95.033 259.898 47.4333 69.3357 68.3127 50.9052 29.5726 24.0437 23.7425 48.2997 21.4165 26.414 29.7032 20.2213 19.5392 17.1503 16.632 10.1385 3.89049 1.93073 1.17604
threshold=1.0595368120321338 -0.41867290978318161 1.0000000180025095e-35 -0.63134183865453442 0.45481465310768643 1.0000000180025095e-35 -0.83438724912631701 -0.90629464749658817 -1.1754552519803687 0.41619542800520609 -0.60700858055694906 -0.83438724912631701 0.67499283280135014 0.18604924914126547 -0.15225124341821353 -0.63134183865453442 1.0000000180025095e-35 0.41619542800520609 -1.0000000180025095e-35 1.0000000180025095e-35 -1.1754552519803687 -0.71349052288507664 0.41619542800520609 -1.157777770690839 -0.61331263118606871
decision_type=2 2 2 2 2 2 2 2 2 2 2 2 2 2 2 2 2 2 2 2 2 2 2 2 2
left_child=1 6 3 4 5 -3 8 18 23 24 20 -2 13 -12 -13 -16 -17 -15 22 -20 -5 -21 -8 -1 -9
right_child=11 2 -4 10 -6 -7 7 9 -10 -11 12 14 -14 17 15 16 -18 -19 19 21 -22 -23 -24 -25 -26
leaf_value=0.013713014793395997 0.072580782572428393 -0.046315694810488285 0.041240944991240633 -0.043008853085339069 -0.053268604499953132 0.10067263297344509 -0.04370403599122475 0.013207427607132838 0.079342347823959949 0.074088729226163455 -0.076851305876459386 0.0047072846293449398 -0.0057025875916352142 -0.0033052547486164632 0.011074625135495746 0.082619102307728357 0.030869652579228083 -0.044585091777749969 0.02368740533406918 -0.029377472451754982 -0.085786225578155031 0.0023116106192270914 -0.02332150823500518 -0.0020074709653854369 0.0011764737505179186
leaf_weight=25 33 39 37 26 35 38 29 26 34 28 42 30 37 39 29 35 36 37 26 35 33 30 31 25 26
leaf_count=25 33 39 37 26 35 38 29 26 34 28 42 30 37 39 29 35 36 37 26 35 33 30 31 25 26
internal_value=0.00294908 -0.00646069 -0.0206218 -0.027643 0.00138256 0.026224 0.00985832 0.000498231 0.0355986 0.0306058 -0.042834 0.0420891 -0.03366 -0.0424263 0.0343489 0.0432414 0.0563799 -0.023402 -0.0154528 -0.00376913 -0.0669352 -0.0147517 -0.0331731 0.00585277 0.00719195
internal_weight=841 678 363 326 112 77 315 231 84 80 214 163 155 118 130 100 71 76 151 91 59 65 60 50 52
internal_count=841 678 363 326 112 77 315 231 84 80 214 163 155 118 130 100 71 76 151 91 59 65 60 50 52
is_linear=0
shrinkage=0.04


Tree=25
num_leaves=28
num_cat=0
split_feature=9 9 2 6 6 6 7 8 9 0 7 0 9 9 0 0 8 9 8 8 8 6 9 6 6 6 6
split_gain=245.034 95.174 103.482 72.3365 68.2581 63.151 55.1928 40.3019 50.53 37.3417 31.2199 30.7858 56.863 46.318 29.4666 23.5865 21.9177 21.8338 18.0389 17.3759 15.6533 15.2337 12.8763 10.9911 9.89092 5.47881 5.25089
threshold=0.99234546104052834 -0.48586426077478684 1.0000000180025095e-35 -0.60700858055694906 0.30250609372052223 -0.15225124341821353 -0.90629464749658817 -0.63134183865453442 0.32043195112447598 0.74913504757291582 -0.32033061487554942 -1.0000000180025095e-35 1.2611108650069494 1.2611108650069494 -1.0000000180025095e-35 -1.0000000180025095e-35 1.0000000180025095e-35 1.5298762689733703 1.0000000180025095e-35 1.0000000180025095e-35 -0.63134183865453442 -0.60700858055694906 -1.157777770690839 0.41619542800520609 0.30250609372052223 -0.15225124341821353 0.18881675943583826
decision_type=2 2 2 2 2 2 2 2 2 2 2 2 2 2 2 2 2 2 2 2 2 2 2 2 2 2 2
left_child=1 3 -3 9 5 -5 18 8 14 19 -9 12 -2 -13 -4 21 26 -15 20 22 -6 -12 -1 -23 -14 -18 -17
right_child=11 2 7 4 6 -7 -8 10 -10 -11 15 13 24 17 -16 16 25 -19 -20 -21 -22 23 -24 -25 -26 -27 -28
leaf_value=0.0076437704265117645 0.09923454339465787 0.036559930556529278 -0.063481617624109449 -0.0081285650264926075 -0.0042696820339187978 -0.081281389385461811 0.048887093000113964 -0.0057534138498635127 0.018745936446569182 0.065763270854949957 -0.091996223877828853 -0.0089985455643563049 0.048236403488195856 0.062375367674089618 -0.012124366439305818 -0.044164049358203492 -0.032549852800369261 0.016774838396481105 0.015333416133091367 -0.0083382969527669697 -0.045625076558854845 -0.036052556249957818 0.044786790637299422 -0.07249021221090246 0.013345938003980196 -0.0063238901358384347 -0.069179270529747011
leaf_weight=28 31 37 33 41 32 35 35 29 44 30 26 42 26 42 39 29 25 28 29 34 27 26 32 27 26 26 25
leaf_count=28 31 37 33 41 32 35 35 29 44 30 26 42 26 42 39 29 25 28 29 34 27 26 32 27 26 26 25
internal_value=-0.00169383 -0.0128974 -0.0268633 0.00292783 -0.0120146 -0.0418174 0.00640008 -0.033996 -0.0150252 0.0269081 -0.0443275 0.037892 0.0563544 0.02421 -0.0356631 -0.0504071 -0.0379848 0.0441352 -0.0104982 0.0145075 -0.023195 -0.0669178 0.0274534 -0.0546151 0.0307912 -0.0191798 -0.0557452
internal_weight=884 689 366 323 199 76 123 329 116 124 213 195 83 112 72 184 105 70 88 94 59 79 60 53 52 51 54
internal_count=884 689 366 323 199 76 123 329 116 124 213 195 83 112 72 184 105 70 88 94 59 79 60 53 52 51 54
is_linear=0
shrinkage=0.04


Tree=26
num_leaves=26
num_cat=0
split_feature=4 3 9 9 6 9 7 8 9 4 9 6 5 7 6 8 4 4 4 4 7 4 8 7 6
split_gain=254.658 88.6672 48.0884 38.3707 35.2109 44.8631 32.0555 54.2478 83.418 47.3662 56.3173 30.3172 48.3136 78.2259 32.7338 27.7069 26.5396 28.8011 19.3265 34.1399 20.8433 7.91032 6.24022 18.6132 17.6337
threshold=-0.37907797682070027 1.0000000180025095e-35 1.1267281630237389 0.85796275905731789 -0.72069791484163315 -0.88901236672441819 -0.32033061487554942 -0.63134183865453442 0.32043195112447598 -0.98809735515412911 -0.88901236672441819 0.30250609372052223 1.0000000180025095e-35 -0.61331263118606871 1.0000000180025095e-35 1.0000000180025095e-35 0.12031791341271131 0.7780588420128145 0.15685907611271704 1.0703881436128604 1.4375614829875671 -0.79321115408743181 1.0000000180025095e-35 0.26563341774548938 0.30250609372052223
decision_type=2 2 2 2 2 2 2 2 2 2 2 2 2 2 2 2 2 2 2 2 2 2 2 2 2
left_child=3 2 4 6 5 -2 9 8 21 -1 -11 14 16 -14 15 -6 -13 -18 -4 20 -20 -8 24 -24 -9
right_child=1 -3 18 -5 11 -7 7 22 -10 10 -12 12 13 -15 -16 -17 17 -19 19 -21 -22 -23 23 -25 -26
leaf_value=0.032641741120153001 0.05078865878283978 0.067362315387141949 0.06140517557108844 0.020210232041776181 0.016109397472479407 -0.005819732326836813 -0.0291979685655007 -0.046943982561880891 0.039414098540941876 -0.064906095000537664 0.0020509691790423609 -0.038390346163430726 0.074446532761349396 -0.014980124605113063 -0.053765773720601033 -0.036602857123922417 0.036866426086425784 -0.022715502557931123 -0.016762402934186599 0.050054430239730413 0.029841265124934062 -0.060710663604736335 -0.064484567044302818 -0.023901463277412185 -0.087550157989774433
leaf_weight=27 48 49 27 25 39 42 26 44 30 37 44 37 34 29 34 27 25 27 34 45 28 25 40 33 28
leaf_count=27 48 49 27 25 39 42 26 44 30 37 44 37 34 29 34 27 25 27 34 45 28 25 40 33 28
internal_value=-0.00162607 0.0161273 0.0108531 -0.0275885 0.00289485 0.0243714 -0.0311662 -0.0397326 -0.0135122 -0.0132403 -0.0285344 -0.00477535 0.00647801 0.0332819 -0.0218805 -0.00545471 -0.0124955 0.00592966 0.0311643 0.0235335 0.00428441 -0.0446454 -0.0543798 -0.0461388 -0.0627353
internal_weight=884 525 476 359 342 90 334 226 81 108 81 252 152 63 100 66 89 52 134 107 62 51 145 73 72
internal_count=884 525 476 359 342 90 334 226 81 108 81 252 152 63 100 66 89 52 134 107 62 51 145 73 72
is_linear=0
shrinkage=0.04


Tree=27
num_leaves=26
num_cat=0
split_feature=4 3 9 9 6 9 7 8 9 4 9 6 4 6 6 4 4 6 4 4 4 8 7 6 5
split_gain=234.693 81.7157 44.3183 35.3625 32.4504 41.3459 29.5424 49.9948 76.878 43.6527 51.9021 28.2366 32.0797 18.2571 33.5579 17.8113 31.4634 20.3343 14.6242 13.2233 7.29015 5.75099 17.1539 16.2512 0.79578
threshold=-0.37907797682070027 1.0000000180025095e-35 1.1267281630237389 0.85796275905731789 -0.72069791484163315 -0.88901236672441819 -0.32033061487554942 -0.63134183865453442 0.32043195112447598 -0.98809735515412911 -0.88901236672441819 1.4393994365673617 -0.19637216332067167 0.18881675943583826 0.75726343085925796 0.15685907611271704 1.0703881436128604 0.18881675943583826 0.48572954041276867 0.58317264094611732 -0.79321115408743181 1.0000000180025095e-35 0.26563341774548938 0.30250609372052223 -0.25066273765626779
decision_type=2 2 2 2 2 2 2 2 2 2 2 2 2 2 2 2 2 2 2 2 2 2 2 2 2
left_child=3 2 4 6 5 -2 9 8 20 -1 -11 12 -6 19 18 -4 17 -17 -15 -14 -8 23 -23 -9 -16
right_child=1 -3 15 -5 11 -7 7 21 -10 10 -12 -13 13 14 24 16 -18 -19 -20 -21 -22 22 -24 -25 -26
leaf_value=0.031336072539841692 0.048757112820943194 0.064667822986232984 0.058948968207394634 0.019401823188737035 0.024061850387799111 -0.0055869434951316748 -0.028030050832491656 -0.045066223876042803 0.03783753305673599 -0.062309852081376155 0.0019689311311495575 0.032545183362631964 -0.044842459533525551 -0.0039411979708178294 -0.033641424798965452 0.022942927785821864 0.048052253529429434 -0.023755202031135562 0.03696690441833602 -0.010353360494662976 -0.058282237625122066 -0.06190518375858664 -0.022945404269760758 -0.084048151459012704 -0.023903097085140903
leaf_weight=27 48 49 27 25 38 42 26 44 30 37 44 29 46 29 25 37 45 25 27 29 25 40 33 28 29
leaf_count=27 48 49 27 25 38 42 26 44 30 37 44 29 46 29 25 37 45 25 27 29 25 40 33 28 29
internal_value=-0.00156103 0.0154822 0.0104189 -0.0264849 0.00277905 0.0233966 -0.0299196 -0.0381433 -0.0129717 -0.0127107 -0.027393 -0.00458434 -0.00941284 -0.0162887 -0.00591285 0.0299178 0.0225921 0.00411304 0.0157824 -0.0315067 -0.0428596 -0.0522046 -0.0442932 -0.0602259 -0.0284116
internal_weight=884 525 476 359 342 90 334 226 81 108 81 252 223 185 110 134 107 62 56 75 51 145 73 72 54
internal_count=884 525 476 359 342 90 334 226 81 108 81 252 223 185 110 134 107 62 56 75 51 145 73 72 54
is_linear=0
shrinkage=0.04


Tree=28
num_leaves=27
num_cat=0
split_feature=9 9 2 6 6 6 7 0 6 0 0 0 0 9 9 9 9 6 0 9 5 6 6 5 6 7
split_gain=199.997 76.3081 79.7438 62.8695 57.5293 57.1922 46.6174 34.9016 34.465 53.1895 38.9837 31.6613 27.9369 53.4891 41.2403 23.8827 92.8898 61.0379 43.3115 20.7603 17.5509 16.2865 10.7826 9.35734 8.8567 3.12143
threshold=0.99234546104052834 -0.48586426077478684 1.0000000180025095e-35 -0.60700858055694906 0.30250609372052223 -0.15225124341821353 -0.90629464749658817 0.74913504757291582 -0.83438724912631701 -1.2485584126215259 -0.7491350475729156 -1.0000000180025095e-35 -1.0000000180025095e-35 1.2611108650069494 1.2611108650069494 0.45481465310768643 0.18604924914126547 0.87095276514394182 0.74913504757291582 1.5298762689733703 -1.1763183081138855 -0.94807658341100087 0.41619542800520609 1.0000000180025095e-35 0.30250609372052223 -1.1992766638071075
decision_type=2 2 2 2 2 2 2 2 2 2 2 2 2 2 2 2 2 2 2 2 2 2 2 2 2 2
left_child=1 3 -3 7 5 -5 20 21 11 -10 -11 -4 13 -2 -14 16 17 18 -12 -16 -6 23 -17 -1 -15 -22
right_child=12 2 8 4 6 -7 -8 -9 9 10 15 -13 14 24 19 22 -18 -19 -20 -21 25 -23 -24 -25 -26 -27
leaf_value=0.015006747030549579 0.09344078008686342 0.031549933246664101 -0.083682654409697563 -0.0066809954003589911 -0.033066721332795694 -0.076296995145933966 0.044572276379380903 0.062470168987909948 0.022295381988797873 -0.068240851510215444 -0.07828987360000611 -0.030447188294850866 -0.010104221974809964 0.043566952897952156 0.057818713929681548 -0.027524844833782744 0.044098681148254507 0.017292551298936209 -0.012891766818670125 0.013353321211678641 0.013896047289554889 0.037235941802461946 -0.062628886273929055 -0.015824836310265319 0.010550969701546889 -0.0051907099526503986
leaf_weight=36 31 37 33 41 33 35 35 30 35 37 43 39 42 26 42 28 33 27 26 28 26 30 28 28 26 29
leaf_count=36 31 37 33 41 33 35 35 30 35 37 43 39 42 26 42 28 33 27 26 28 26 30 28 28 26 29
internal_value=-0.00149859 -0.0116203 -0.0241257 0.00254988 -0.0113805 -0.038741 0.00552516 0.0249059 -0.0303871 -0.0235345 -0.03076 -0.0548468 0.0342648 0.0518522 0.0212313 -0.0232638 -0.0137945 -0.0336953 -0.0536471 0.0400326 -0.0100049 0.0129173 -0.0450769 0.00151793 0.027059 0.00383212
internal_weight=884 689 366 323 199 76 123 124 329 257 222 72 195 83 112 185 129 96 69 70 88 94 56 64 52 55
internal_count=884 689 366 323 199 76 123 124 329 257 222 72 195 83 112 185 129 96 69 70 88 94 56 64 52 55
is_linear=0
shrinkage=0.04


Tree=29
num_leaves=27
num_cat=0
split_feature=4 2 9 9 7 8 9 4 9 9 4 4 0 8 4 4 0 4 0 4 4 0 0 4 4 8
split_gain=204.979 121.236 41.052 30.2355 24.3013 46.7794 70.4053 39.9277 47.2565 23.8945 20.8744 29.2856 19.9684 22.4639 19.5445 85.0861 27.838 60.9275 18.3748 53.8634 31.261 26.0001 15.3147 7.28064 6.89914 4.87578
threshold=-0.37907797682070027 -2.9592882694284057 1.1267281630237389 0.85796275905731789 -0.32033061487554942 -0.63134183865453442 0.32043195112447598 -0.98809735515412911 -0.88901236672441819 -1.6281172276320757 0.15685907611271704 0.71715690417947164 -1.0000000180025095e-35 1.0000000180025095e-35 1.0216665933461864 1.2652743446795578 0.74913504757291582 -0.050207512520648777 -0.7491350475729156 0.12031791341271131 -0.19637216332067167 1.0000000180025095e-35 -1.0000000180025095e-35 0.26648256421273425 -0.79321115408743181 1.0000000180025095e-35
decision_type=2 2 2 2 2 2 2 2 2 2 2 2 2 2 2 2 2 2 2 2 2 2 2 2 2 2
left_child=3 -2 9 4 7 6 24 -1 -9 -3 -4 -12 25 -14 16 -16 18 -18 19 -11 -20 -22 -13 -19 -6 -7
right_child=1 2 10 -5 5 12 -8 8 -10 14 11 22 13 -15 15 -17 17 23 20 -21 21 -23 -24 -25 -26 -27
leaf_value=0.02982613662878672 0.09122153286010988 0.039534435134667617 0.059225420994418007 0.017698705691099166 -0.025192967710586697 -0.055261657391825036 0.037606008450190229 -0.059658930875562337 0.0016757301410490815 -0.028507399961352348 -0.0056015805687223167 0.060286941660775084 -0.057501996304930712 -0.016119532647520998 0.077845967626571658 -0.01315793282740439 0.059283156792322801 -0.028085672236979008 0.0062362558974160091 0.042395690679550173 -0.057707478235597194 -0.0088191532183970727 0.020886860154569149 0.0024417155504226685 -0.054622661495208745 -0.077882339224219332
leaf_weight=27 31 26 28 25 26 31 30 37 44 40 42 27 41 43 25 48 30 25 36 30 46 28 38 25 25 30
leaf_count=27 31 26 28 25 26 31 30 37 44 40 42 27 41 43 25 48 30 25 36 30 46 28 38 25 25 30
internal_value=-0.00143864 0.0144892 0.00967399 -0.0247314 -0.0279073 -0.035366 -0.0110173 -0.0122995 -0.0263413 0.00260295 0.0284777 0.0204316 -0.0489676 -0.0363181 -0.000280589 0.0180078 -0.0054154 0.0142174 -0.0141411 0.00187964 -0.0243361 -0.0392092 0.037253 -0.012822 -0.0396193 -0.0663866
internal_weight=884 525 494 359 334 226 81 108 81 359 135 107 145 84 333 73 260 80 180 70 110 74 65 50 51 61
internal_count=884 525 494 359 334 226 81 108 81 359 135 107 145 84 333 73 260 80 180 70 110 74 65 50 51 61
is_linear=0
shrinkage=0.04


Tree=30
num_leaves=27
num_cat=0
split_feature=4 9 4 8 9 9 9 4 6 9 2 4 4 6 4 6 4 7 9 9 4 8 6 7 9 9
split_gain=202.684 120.844 93.5216 77.2417 63.6832 171.641 69.4387 48.7789 59.6251 34.2776 26.9664 22.7644 50.648 59.5003 20.5418 18.3754 31.4059 17.6803 16.4913 67.3245 25.72 17.9501 15.0287 10.2952 6.5663 1.96083
threshold=2.5015836826964182 1.193919514015344 -0.11110945035399165 -0.63134183865453442 0.45481465310768643 1.0000000180025095e-35 -0.88901236672441819 0.15685907611271704 1.0000000180025095e-35 0.72358005707410744 1.0000000180025095e-35 1.2774547322462262 1.0216665933461864 -0.94807658341100087 -1.0002777427207976 0.41619542800520609 0.14467868854604846 -0.90629464749658817 -1.0233950687076285 -0.6874383137496024 -0.74448960382075746 1.0000000180025095e-35 0.075127425151154323 1.4375614829875671 -0.082716154825155472 0.051666547158054986
decision_type=2 2 2 2 2 2 2 2 2 2 2 2 2 2 2 2 2 2 2 2 2 2 2 2 2 2
left_child=1 2 3 4 5 6 -1 -3 -9 14 -4 12 13 -12 22 17 -17 -15 -16 -20 -21 24 -5 -10 -22 -23
right_child=-2 7 10 9 -6 -7 -8 8 23 -11 11 -13 -14 15 18 16 -18 -19 19 20 21 25 -24 -25 -26 -27
leaf_value=0.033312437029985278 0.109176608140652 0.066145732300572607 0.041832662459575766 -0.071601329232965208 -0.045295372945921758 0.084360649753839556 -0.04785265690336625 -0.025346075793107353 0.023561533141136168 -0.075591369579945292 0.048314021562828734 -0.025585123327327892 0.060648522377014159 -0.052639050948619842 -0.050279087619856 -0.031922270291381415 0.021804677320986378 -0.0097583433706313373 0.035717262434462708 -0.0040722805162270864 -0.069776694068202277 -0.03061063343080981 -0.02893258352279663 0.059512182565835813 -0.042794860755243615 -0.015482841592568618
leaf_weight=26 26 43 33 28 35 39 48 36 25 28 34 37 26 25 32 27 49 40 30 45 27 29 25 26 31 26
leaf_count=26 26 43 33 28 35 39 48 36 25 28 34 37 26 25 32 27 49 40 30 45 27 29 25 26 31 26
internal_value=-0.000835602 -0.00420068 -0.0106094 -0.0218092 0.00185083 0.0164536 -0.0193352 0.0312936 0.0140678 -0.0334427 0.00794681 0.00324835 0.008556 0.000816541 -0.0291197 -0.0106368 0.00271747 -0.0262509 -0.0237343 -0.019216 -0.0296464 -0.0398307 -0.0514746 0.0418893 -0.0553554 -0.0234593
internal_weight=876 850 720 449 148 113 74 130 87 301 271 238 201 175 273 141 76 65 220 188 158 113 53 51 58 55
internal_count=876 850 720 449 148 113 74 130 87 301 271 238 201 175 273 141 76 65 220 188 158 113 53 51 58 55
is_linear=0
shrinkage=0.04


Tree=31
num_leaves=26
num_cat=0
split_feature=4 9 4 4 8 5 4 9 5 9 2 9 9 9 0 9 4 4 8 9 4 9 9 4 4
split_gain=186.794 111.37 86.7811 47.3157 68.1815 55.873 44.9547 44.5105 42.748 36.2894 24.8522 21.0869 33.238 35.5223 29.1639 28.4329 20.9797 46.6772 35.9404 52.9906 25.499 23.7368 15.8125 9.88934 1.80437
threshold=2.5015836826964182 1.193919514015344 -1.0002777427207976 -0.11110945035399165 -0.63134183865453442 -0.25066273765626779 0.15685907611271704 0.11885789814966023 -0.25066273765626779 -0.41867290978318161 1.0000000180025095e-35 -0.21709885680836591 -1.0233950687076285 -0.6874383137496024 -1.0000000180025095e-35 0.18604924914126547 1.2774547322462262 1.0216665933461864 -0.63134183865453442 -0.55305561176639195 0.38828643987942002 -0.9562037177160233 0.25324060013287075 -0.56178379032072889 0.32738450204607711
decision_type=2 2 2 2 2 2 2 2 2 2 2 2 2 2 2 2 2 2 2 2 2 2 2 2 2
left_child=1 2 7 4 5 22 -3 -1 -8 -7 -5 12 -6 -14 23 -16 17 18 20 21 -12 24 -4 -13 -20
right_child=-2 6 3 10 11 9 8 -9 -10 -11 16 14 13 -15 15 -17 -18 -19 19 -21 -22 -23 -24 -25 -26
leaf_value=-0.022020893919528745 0.10480954504930055 0.063499904021967299 0.019344619004814715 0.040159354535016151 -0.04826792385429144 0.017923613017605197 0.039976129026516628 -0.079287624259789788 -0.016194182605278204 -0.040747239170847716 -0.00083015392566549372 -0.04395612702239305 0.034288572758436206 -0.021196517745653787 -0.052241454890796117 -0.00067924234677444806 -0.024561719026517225 0.058222581276293983 0.0084364389300346371 -0.02275798738002777 -0.055955244189500812 0.062034722396305635 0.063049418467741744 -0.077168192565441135 0.023633789765834808
leaf_weight=49 26 43 27 33 32 31 46 39 41 37 29 32 30 48 28 44 37 26 25 43 25 28 26 26 25
leaf_count=49 26 43 27 33 32 31 46 39 41 37 29 32 30 48 28 44 37 26 25 43 25 28 26 26 25
internal_value=-0.000802177 -0.00403265 -0.010185 -0.00500309 -0.0144859 0.00999648 0.0300418 -0.0474005 0.0135051 -0.0140002 0.00762893 -0.026829 -0.0139395 0.000143902 -0.0377355 -0.0207312 0.00311841 0.00821376 0.00078388 0.0128937 -0.026351 0.0325478 0.0407847 -0.0588443 0.0160351
internal_weight=876 850 720 632 361 121 130 88 87 68 271 240 110 78 130 72 238 201 175 121 54 78 53 58 50
internal_count=876 850 720 632 361 121 130 88 87 68 271 240 110 78 130 72 238 201 175 121 54 78 53 58 50
is_linear=0
shrinkage=0.04


Tree=32
num_leaves=27
num_cat=0
split_feature=4 7 4 6 4 8 6 5 4 6 7 5 7 6 6 4 4 4 6 5 6 4 5 7 6 6
split_gain=172.149 95.535 80.0153 49.9992 50.662 67.3083 94.1739 42.6711 40.909 40.5538 40.0154 42.5695 49.9895 34.5661 33.8336 37.9923 62.8236 29.2095 27.1767 26.8464 25.3405 24.018 43.3204 19.3733 5.13229 0.43884
threshold=2.5015836826964182 1.1445794666770477 -1.0002777427207976 -1.5165232548344203 0.14467868854604846 1.0000000180025095e-35 0.98464209942862591 1.0000000180025095e-35 -0.54960340275406028 -0.83438724912631701 0.55861543405600889 -0.25066273765626779 -0.32033061487554942 0.98464209942862591 0.18881675943583826 0.51009031554610584 1.0216665933461864 -0.48870146492071748 0.075127425151154323 1.1378206180301593 0.18881675943583826 0.15685907611271704 -0.25066273765626779 0.26563341774548938 -0.15225124341821353 0.075127425151154323
decision_type=2 2 2 2 2 2 2 2 2 2 2 2 2 2 2 2 2 2 2 2 2 2 2 2 2 2
left_child=1 2 23 -4 5 6 10 17 -8 -6 11 18 19 21 -11 -16 -17 25 -5 -13 -9 -3 -23 24 -1 -7
right_child=-2 13 3 4 9 7 8 20 -10 14 -12 12 -14 -15 15 16 -18 -19 -20 -21 -22 22 -24 -25 -26 -27
leaf_value=-0.018084102069959047 0.10061716180581312 0.041943847325287366 -0.045863927870311523 0.081042947945771396 0.05137492728233338 -0.029701820622361264 -0.0055768272706440518 -0.029952377622777766 -0.071312101158228794 -0.022440707631733108 -0.026032207665904875 0.059655289401610689 -0.02261707342837168 0.065306325780934302 0.053287753883530117 -0.043837659973651175 0.036548032275268011 -0.084476790215287881 0.024289565616183811 0.0087363951109551106 0.022849590514714899 0.039348802993694941 -0.0235854560952811 -0.07095379789029399 -0.042272539567202332 -0.03719658722877503
leaf_weight=25 26 38 44 27 40 25 28 33 33 46 31 30 46 29 34 28 35 28 27 37 26 30 42 31 32 25
leaf_count=25 26 38 44 27 40 25 28 33 33 46 31 30 46 29 34 28 35 28 27 37 26 30 42 31 32 25
internal_value=-0.000770091 -0.00387135 -0.00980066 -0.00475743 -0.00163362 -0.00967702 0.00231679 -0.0323515 -0.0411385 0.0157718 0.0157045 0.0234521 0.00949133 0.0264577 0.00581285 0.0192114 0.000821058 -0.0517668 0.0526663 0.0315359 -0.00668371 0.0162158 0.00263715 -0.0455044 -0.0316636 -0.0334492
internal_weight=876 850 711 623 579 396 259 137 61 183 198 167 113 139 143 97 63 78 54 67 59 110 72 88 57 50
internal_count=876 850 711 623 579 396 259 137 61 183 198 167 113 139 143 97 63 78 54 67 59 110 72 88 57 50
is_linear=0
shrinkage=0.04


Tree=33
num_leaves=25
num_cat=0
split_feature=2 9 6 9 6 9 8 9 9 6 9 6 6 6 9 5 6 6 6 1 6 5 9 6
split_gain=110.019 98.7839 43.6289 33.0847 131.644 58.4788 57.3042 65.0913 171.721 52.2008 28.18 49.1482 24.9565 21.2068 19.3025 15.6767 15.4373 11.4731 15.0105 9.22194 8.27827 11.3169 4.57708 3.9169
threshold=-1.6916913147484629 1.193919514015344 -1.5165232548344203 -0.55305561176639195 -0.83438724912631701 -0.75462966474120774 -0.63134183865453442 0.45481465310768643 1.0000000180025095e-35 1.3257101022826776 0.3876233021160812 0.41619542800520609 0.41619542800520609 1.0983314337133099 0.11885789814966023 -0.71349052288507664 -0.60700858055694906 0.18881675943583826 -0.60700858055694906 1.0000000180025095e-35 -0.72069791484163315 0.67499283280135014 -1.157777770690839 0.98464209942862591
decision_type=2 2 2 2 2 2 2 2 2 2 2 2 2 2 2 2 2 2 2 2 2 2 2 2
left_child=-1 2 -2 4 22 12 7 8 -5 10 14 16 15 17 20 -6 -12 18 -3 23 -8 -22 -4 -14
right_child=1 13 3 6 5 -7 9 -9 -10 -11 11 -13 19 -15 -16 -17 -18 -19 -20 -21 21 -23 -24 -25
leaf_value=0.065829604817064194 -0.047509435980135337 0.01003338279042925 0.04300033463372125 -0.024736663821068677 -0.014412493616066597 0.034802106376205171 -0.052983933554755315 -0.028848117065429685 0.09134432042115613 0.021969903310139975 -0.018152942574024201 -0.052630839331282514 0.011664862545828025 0.060509903261065486 -0.067800920872311848 -0.052371407333685428 0.022535479805759481 0.0022405734276160216 0.046116720500569315 -0.027046327522167794 -0.047208098272482561 -0.014166823597841485 0.065059939390596219 -0.0091371523695332676
leaf_weight=38 46 35 27 44 27 35 27 50 38 33 25 36 30 25 38 49 37 39 39 26 27 43 34 28
leaf_count=38 46 35 27 44 27 35 27 50 38 33 25 36 30 25 38 49 37 39 39 26 27 43 34 28
internal_value=-0.000739287 -0.00375792 -0.0098557 -0.00720727 0.00401049 -0.0120326 -0.0144227 0.00712322 0.029057 -0.0251147 -0.0317833 -0.0154563 -0.0222777 0.0271728 -0.0436355 -0.038886 0.00612886 0.0197974 0.0290503 -0.00725118 -0.0341686 -0.0269113 0.0552959 0.00162251
internal_weight=876 838 700 654 256 195 398 132 82 266 233 98 160 138 135 76 62 113 74 84 97 70 61 58
internal_count=876 838 700 654 256 195 398 132 82 266 233 98 160 138 135 76 62 113 74 84 97 70 61 58
is_linear=0
shrinkage=0.04


Tree=34
num_leaves=29
num_cat=0
split_feature=4 9 4 6 4 6 6 4 4 6 8 6 4 6 6 4 8 4 4 4 1 4 4 4 4 8 9 7
split_gain=155.707 88.4155 73.2087 52.926 39.217 51.2617 37.0086 59.4288 45.3226 29.9616 26.6128 75.1423 72.5746 37.1354 35.611 21.3798 40.863 64.5056 24.3797 20.864 23.0458 18.812 15.7408 15.5669 11.9441 25.6441 19.7776 8.51154
threshold=2.5015836826964182 1.193919514015344 -0.82975231678743755 -1.5165232548344203 0.15685907611271704 1.0000000180025095e-35 0.52988476228989012 0.14467868854604846 0.49790992797943717 1.4393994365673617 -0.63134183865453442 -1.2891445862650526 -0.33035642655402603 0.18881675943583826 -0.26594057770289742 -0.42779952708737462 1.0000000180025095e-35 0.32738450204607711 0.10813752584604273 -0.65922689085407749 1.0000000180025095e-35 1.0825685311795292 -0.33035642655402603 -0.6714072784207461 -1.2195247189208318 1.0000000180025095e-35 0.11885789814966023 1.4375614829875671
decision_type=2 2 2 2 2 2 2 2 2 2 2 2 2 2 2 2 2 2 2 2 2 2 2 2 2 2 2 2
left_child=1 2 24 -4 -3 -6 10 9 -9 19 12 -12 -5 15 -14 23 17 -17 -18 -8 22 -10 -21 -13 -1 26 -26 -7
right_child=-2 4 3 6 5 27 7 8 21 -11 11 13 14 -15 -16 16 18 -19 -20 20 -22 -23 -24 -25 25 -27 -28 -29
leaf_value=-0.053381727712276658 0.095714204861567578 0.057951416338599009 -0.04593663838647661 0.065588634041852736 -0.025289304455121359 0.020387962484359742 0.011969722601083609 0.058532704619260932 -0.02929894708096981 -0.067079283595085151 0.061602024502795318 -0.015546542235783167 0.028392034449747632 0.029187632047881686 -0.035403206220694948 0.066148885965347293 -0.056473954209574954 -0.023839656575941125 -0.0016558123826980592 -0.06467629935592413 0.0027192339181900029 0.018854475784301758 -0.02226228733147894 -0.058529147161887243 0.012772686342398325 -0.049649343709362317 -0.03315785401935379 0.05307626946614339
leaf_weight=39 26 43 42 43 36 25 26 26 27 26 29 28 28 36 28 25 27 26 25 28 25 25 28 26 30 47 30 26
leaf_count=39 26 43 42 43 36 25 26 26 27 26 29 28 28 36 28 25 27 26 25 28 25 25 28 26 30 47 30 26
internal_value=-0.000709715 -0.00365915 -0.00914091 -0.00270818 0.0267014 0.0112559 0.000704591 -0.0123081 0.0154121 -0.028565 0.0092581 0.0015669 0.026505 -0.00745392 -0.00350559 -0.0158558 -0.00516797 0.0202724 -0.0301191 -0.0192064 -0.0292136 -0.00614826 -0.0434693 -0.0362419 -0.0344312 -0.0275241 -0.0101926 0.0370526
internal_weight=876 850 720 574 130 87 532 211 78 133 321 222 99 193 56 157 103 51 52 107 81 52 56 54 146 107 60 51
internal_count=876 850 720 574 130 87 532 211 78 133 321 222 99 193 56 157 103 51 52 107 81 52 56 54 146 107 60 51
is_linear=0
shrinkage=0.04


Tree=35
num_leaves=27
num_cat=0
split_feature=4 9 7 4 7 9 9 6 8 0 4 6 4 0 9 6 9 6 9 6 0 9 4 9 4 4
split_gain=156.203 81.8101 56.3379 49.21 49.8805 48.6132 45.2201 44.9446 41.3916 81.0775 43.3742 35.3482 68.1826 25.7441 25.3256 39.756 28.354 143.491 55.2679 24.552 23.4303 40.4206 47.0493 12.7632 11.554 12.0869
threshold=-0.37907797682070027 0.92515411004892301 -1.1992766638071075 1.8012113976129751 1.4375614829875671 -0.48586426077478684 -1.4265431746572599 0.18881675943583826 -0.63134183865453442 -0.7491350475729156 0.61971380364612305 -0.83438724912631701 0.035055200446031262 1.0000000180025095e-35 0.45481465310768643 1.0000000180025095e-35 0.18604924914126547 -0.15225124341821353 -0.082716154825155472 0.075127425151154323 1.0000000180025095e-35 -0.9562037177160233 -0.74448960382075746 -0.55305561176639195 -0.062387900087317351 0.81460000471282024
decision_type=2 2 2 2 2 2 2 2 2 2 2 2 2 2 2 2 2 2 2 2 2 2 2 2 2 2
left_child=1 14 6 4 5 11 13 -6 10 -10 -7 -4 -13 -2 16 -16 18 -18 20 -20 21 -1 -23 -22 -11 -26
right_child=2 -3 3 -5 7 8 -8 -9 9 24 -12 12 -14 -15 15 -17 17 -19 19 -21 23 22 -24 -25 25 -27
leaf_value=-0.068440162721607425 -0.014575983247054475 0.047148128931338969 0.065812161971222277 0.07246053329220524 0.091384949207305902 0.055044513853157263 -0.044144462588741336 0.015536982414126398 0.038963008789402065 -0.055952231089274093 -0.012863246423226815 0.056034533601058152 -0.01711059520867738 0.03592046208182971 -0.0083426292527180451 -0.070472051832411023 -0.066827561378479006 0.061972271011721702 -0.038171109055217943 -0.088615719309219951 0.020416339533669611 0.02997134408465138 -0.039879813827574252 -0.015816123959209238 -0.011339040602125773 -0.045805645066278954
leaf_weight=27 35 26 33 27 25 34 43 25 33 27 27 38 44 30 26 45 25 31 38 26 35 27 36 28 41 27
leaf_count=27 35 26 33 27 25 34 43 25 33 27 27 38 44 30 26 45 25 31 38 26 35 27 36 28 41 27
internal_value=-0.00165818 -0.0212675 0.0131791 0.0204077 0.0164376 0.0103483 -0.0123218 0.053461 -0.00212899 -0.0150514 0.024987 0.0308543 0.0167859 0.00873007 -0.0264384 -0.0477204 -0.0209036 0.00447235 -0.0274522 -0.0586642 -0.0143962 -0.0274926 -0.0099436 0.00431302 -0.0338144 -0.0250243
internal_weight=859 370 489 381 354 304 108 50 189 128 61 115 82 65 344 71 273 56 217 64 153 90 63 63 95 68
internal_count=859 370 489 381 354 304 108 50 189 128 61 115 82 65 344 71 273 56 217 64 153 90 63 63 95 68
is_linear=0
shrinkage=0.04


Tree=36
num_leaves=24
num_cat=0
split_feature=4 7 7 4 5 6 7 0 4 5 4 4 6 6 4 6 6 0 4 4 0 4 6
split_gain=143.957 63.9038 51.921 45.3519 50.6276 71.9041 55.3045 58.1873 42.6985 32.6861 36.1633 44.6054 54.3011 29.304 29.0067 25.1602 25.4838 23.4399 30.0758 28.0024 20.8593 14.334 11.2903
threshold=-0.37907797682070027 0.85159745036652823 -1.1992766638071075 1.8012113976129751 -0.25066273765626779 0.18881675943583826 -0.32033061487554942 -0.7491350475729156 -0.15983100062066594 0.67499283280135014 -0.48870146492071748 -0.69576805355408322 0.41619542800520609 -0.60700858055694906 0.25430217664606569 -0.15225124341821353 0.98464209942862591 -0.7491350475729156 -0.86629347948744329 -1.1464423935208206 -1.0000000180025095e-35 0.44918837771276293 -0.26594057770289742
decision_type=2 2 2 2 2 2 2 2 2 2 2 2 2 2 2 2 2 2 2 2 2 2 2
left_child=1 9 15 4 5 -4 8 -8 -6 10 11 17 -13 -10 -15 -2 -17 -1 19 -19 -11 -7 -9
right_child=2 -3 3 -5 6 21 7 22 13 20 -12 12 -14 14 -16 16 -18 18 -20 -21 -22 -23 -24
leaf_value=-0.062963589582253579 0.013343742594122887 0.038833119008276198 0.075772884209105315 0.06956211262279087 0.06926493368766927 -0.010343970473984191 0.030611333353178841 -0.016491628945197748 0.046483028914247243 -0.024095651426830806 -0.07658044182337248 0.032256678015385808 -0.039732375701268516 0.024165213216434826 -0.028870322270826861 -0.046507779099047186 0.0035385953497003627 -0.042774730073288081 -0.0540587325351468 0.0057370659930908929 0.017329491747588646 0.028202459216117859 -0.045001443416573278
leaf_weight=44 40 27 47 27 27 29 35 46 28 37 26 38 30 33 33 41 27 32 48 47 41 33 43
leaf_count=44 40 27 47 27 27 29 35 46 28 37 26 38 30 33 33 41 27 32 48 47 41 33 43
internal_value=-0.00159185 -0.0204168 0.012652 0.0195914 0.0157801 0.038459 0.00569032 -0.0130829 0.024929 -0.0250808 -0.0317799 -0.0269062 0.000496801 0.0121942 -0.00235255 -0.011829 -0.0266364 -0.0378033 -0.0290864 -0.0139133 -0.0023209 0.0101727 -0.030266
internal_weight=859 370 489 381 354 109 245 124 121 343 265 239 68 94 66 108 68 171 127 79 78 62 89
internal_count=859 370 489 381 354 109 245 124 121 343 265 239 68 94 66 108 68 171 127 79 78 62 89
is_linear=0
shrinkage=0.04


Tree=37
num_leaves=28
num_cat=0
split_feature=4 9 7 4 6 6 4 0 9 4 4 7 8 0 9 6 9 9 9 6 0 9 4 7 9 6 4
split_gain=132.671 70.0531 47.8504 42.1737 103.704 71.1822 59.1078 43.7727 41.4392 33.0107 70.9709 37.7107 24.717 23.7377 22.3571 36.0349 27.6462 26.2498 29.5575 21.8471 20.7925 36.7165 43.7315 18.4441 11.8704 9.1052 7.17373
threshold=-0.37907797682070027 0.92515411004892301 -1.1992766638071075 1.1678312441462091 0.30250609372052223 -0.72069791484163315 0.15685907611271704 -0.7491350475729156 -1.4265431746572599 1.0000000180025095e-35 -0.15983100062066594 -0.32033061487554942 1.0000000180025095e-35 1.0000000180025095e-35 0.45481465310768643 1.0000000180025095e-35 0.32043195112447598 -0.082716154825155472 0.18604924914126547 0.075127425151154323 1.0000000180025095e-35 -0.9562037177160233 -0.74448960382075746 0.26563341774548938 -0.55305561176639195 0.98464209942862591 0.5588118658127802
decision_type=2 2 2 2 2 2 2 2 2 2 2 2 2 2 2 2 2 2 2 2 2 2 2 2 2 2 2
left_child=1 14 8 5 -5 7 9 -4 13 10 11 -7 25 -2 16 -16 17 20 19 -19 21 -1 -23 -9 -22 26 -8
right_child=2 -3 3 4 -6 6 12 23 -10 -11 -12 -13 -14 -15 15 -17 -18 18 -20 -21 24 22 -24 -25 -26 -27 -28
leaf_value=-0.064457113825612602 -0.013582605706660875 0.043708877999048969 0.085991533222021882 -0.0014093785426195929 0.098130921179598027 0.072865813732147219 -0.057464344799518584 0.046127400855223336 -0.041819057762622833 0.060358529819382563 -0.039900545676549277 0.006347206386427085 0.0062054816524430021 0.034906157831350967 -0.0068912483579837355 -0.066041706562042238 0.020048902034759522 -0.035976302815895332 -0.0071896793047587088 -0.083561144413856356 0.020060875092233931 0.029776701309062816 -0.037566616580718096 0.00098719341414315372 -0.014881332234612533 -0.013129458863001604 -0.027161907970905307
leaf_weight=27 35 26 27 34 33 25 25 30 43 27 30 30 41 30 26 45 26 38 30 26 35 27 36 28 28 26 25
leaf_count=27 35 26 27 34 33 25 25 30 43 27 30 30 41 30 26 45 26 38 30 26 35 27 36 28 28 26 25
internal_value=-0.00152818 -0.0196001 0.0121459 0.0188078 0.0476179 0.0126604 0.00105733 0.0439204 -0.0113558 0.0218279 0.00958877 0.0365829 -0.0188256 0.00879682 -0.0243851 -0.044381 -0.0191847 -0.0233146 -0.0399508 -0.0553076 -0.0130936 -0.0254308 -0.00870519 0.0243356 0.00453101 -0.0323292 -0.0423131
internal_weight=859 370 489 381 67 314 229 85 108 112 85 55 117 65 344 71 273 247 94 64 153 90 63 58 63 76 50
internal_count=859 370 489 381 67 314 229 85 108 112 85 55 117 65 344 71 273 247 94 64 153 90 63 58 63 76 50
is_linear=0
shrinkage=0.04


Tree=38
num_leaves=24
num_cat=0
split_feature=9 7 0 7 7 9 0 0 0 0 9 9 0 8 0 5 9 5 7 7 9 5 9
split_gain=111.314 65.5642 58.1097 44.2376 42.1089 36.9547 27.0663 26.4863 55.4567 32.2485 27.2857 45.8756 23.8906 23.1179 22.1381 17.8456 50.0863 35.5115 26.0772 17.816 17.7976 15.6681 10.4242
threshold=0.99234546104052834 -0.32033061487554942 -1.0000000180025095e-35 -0.90629464749658817 1.4375614829875671 1.2611108650069494 -1.2485584126215259 -1.2485584126215259 -0.7491350475729156 1.2485584126215263 0.18604924914126547 0.45481465310768643 -1.2485584126215259 1.0000000180025095e-35 0.74913504757291582 1.0000000180025095e-35 -1.3593518236656548 -1.1763183081138855 -1.1992766638071075 -0.61331263118606871 -1.5609258766404703 1.0000000180025095e-35 0.72358005707410744
decision_type=2 2 2 2 2 2 2 2 2 2 2 2 2 2 2 2 2 2 2 2 2 2 2
left_child=1 3 5 6 13 -2 -1 -3 -9 10 21 -12 -5 -4 19 16 17 20 -18 -14 -8 -10 -13
right_child=2 7 4 12 -6 -7 15 8 9 -11 11 22 14 -15 -16 -17 18 -19 -20 -21 -22 -23 -24
leaf_value=-0.043316785559058192 0.088436103195979679 0.0066272765365631685 0.0061281115783227459 0.056490657162666325 0.038299659751355651 0.031246071135004362 0.015336833386509508 -0.065800255524351245 -0.046913779567927118 -0.048397445238154868 0.036500446826983717 -0.0022197222595031446 -0.018799900553728405 -0.043663884174823767 0.037384138779762467 0.02020556408305501 -0.064804033431513558 0.048178120983971492 -0.010177487510221976 0.021374190973513053 -0.030178830048867632 -0.01104694296654902 -0.031657369936277206
leaf_weight=30 29 46 37 25 41 48 27 47 40 46 39 39 38 25 39 43 29 27 27 33 28 38 38
leaf_count=30 29 46 37 25 41 48 27 47 40 46 39 39 38 25 39 43 29 27 27 33 28 38 38
internal_value=-0.00146705 -0.00888083 0.0264994 0.00331307 0.00684883 0.0527852 -0.00812738 -0.0215508 -0.0260671 -0.018286 -0.0111462 0.0011549 0.0211941 -0.0139493 0.0131721 -0.00229488 -0.00930589 0.0106085 -0.0384662 -0.000127435 -0.00783478 -0.0294402 -0.0167474
internal_weight=859 679 180 346 103 77 211 333 287 240 194 116 135 62 110 181 138 82 56 71 55 78 77
internal_count=859 679 180 346 103 77 211 333 287 240 194 116 135 62 110 181 138 82 56 71 55 78 77
is_linear=0
shrinkage=0.04


Tree=39
num_leaves=26
num_cat=0
split_feature=4 9 7 4 5 6 9 9 5 4 4 6 4 4 4 4 4 4 6 6 9 9 4 4 6
split_gain=117.61 61.4697 41.1065 39.1745 46.5947 67.1746 58.6423 35.801 27.3277 32.2463 43.6885 48.2024 26.852 39.3669 25.6233 25.5445 31.3373 19.8657 17.6439 16.7192 23.8116 52.5572 23.2968 12.4193 8.74713
threshold=-0.37907797682070027 0.92515411004892301 -1.1992766638071075 1.8012113976129751 -0.25066273765626779 0.18881675943583826 -0.48586426077478684 -1.4265431746572599 0.67499283280135014 -0.48870146492071748 -0.69576805355408322 0.41619542800520609 -0.11110945035399165 0.16903946367938563 0.58317264094611732 0.035055200446031262 0.5588118658127802 0.96076465551284318 -0.15225124341821353 0.87095276514394182 0.3876233021160812 0.11885789814966023 -0.91501502975411764 0.44918837771276293 -0.60700858055694906
decision_type=2 2 2 2 2 2 2 2 2 2 2 2 2 2 2 2 2 2 2 2 2 2 2 2 2
left_child=1 8 7 4 5 -4 15 18 9 10 19 -12 -8 -14 -15 -6 -17 -16 -2 20 21 22 -1 -7 -10
right_child=2 -3 3 -5 6 23 12 -9 24 -11 11 -13 13 14 17 16 -18 -19 -20 -21 -22 -23 -24 -25 -26
leaf_value=-0.0094316522536739226 0.034775909376144408 0.040880156709597666 0.071921256869397265 0.064083616380338312 0.052006616519718635 -0.010582090508321236 -0.044391328953206542 -0.038631618327872701 -0.017324260227820451 -0.071324355556414684 0.032638642611472229 -0.035187368412812552 0.036340086003144582 -0.050020548494962548 0.024503190600872041 -0.012712350487709046 0.045583070534467696 -0.023776289756099384 -0.0080605937242507926 -0.014206975354088679 -0.018373237713131794 -0.09971902898379735 -0.061329750423133371 0.025297581300590979 0.0096888239004395225
leaf_weight=31 25 26 47 27 41 29 32 43 34 26 38 30 30 26 25 36 25 30 40 45 43 28 25 33 44
leaf_count=31 25 26 47 27 41 29 32 43 34 26 38 30 30 26 25 36 25 30 40 45 43 28 25 33 44
internal_value=-0.00140837 -0.0184236 0.0114662 0.0176408 0.0140985 0.0358554 0.00441894 -0.0103165 -0.0229059 -0.0290109 -0.024427 0.0027154 -0.0121088 -0.00280217 -0.0172993 0.0275902 0.0111792 -0.00183107 0.00841498 -0.0351577 -0.0425812 -0.0549733 -0.0326004 0.00851515 -0.00208611
internal_weight=859 370 489 381 354 109 245 108 344 266 240 68 143 111 81 102 61 55 65 172 127 84 56 62 78
internal_count=859 370 489 381 354 109 245 108 344 266 240 68 143 111 81 102 61 55 65 172 127 84 56 62 78
is_linear=0
shrinkage=0.04


Tree=40
num_leaves=28
num_cat=0
split_feature=2 7 8 9 9 4 4 5 9 7 5 4 4 0 4 4 7 0 9 4 9 5 5 8 4 4 9
split_gain=201.547 46.3687 50.8349 56.3098 141.265 52.5365 35.9943 39.6015 34.4942 33.2176 29.5503 25.0955 33.6623 40.3041 33.2577 37.9821 42.1977 23.1706 21.1888 17.2904 18.5599 15.0427 17.0212 16.7532 12.3857 8.13309 2.23805
threshold=-1.6916913147484629 1.4375614829875671 -0.63134183865453442 1.0000000180025095e-35 0.45481465310768643 1.6672271343796206 -0.33035642655402603 0.67499283280135014 -0.75462966474120774 1.1445794666770477 1.6006484032589683 1.1921920192795461 -0.098929062787323066 -0.7491350475729156 0.047235588012699836 0.42482760257942576 -1.1992766638071075 1.2485584126215263 -1.0233950687076285 -0.52524262762072316 0.11885789814966023 -0.25066273765626779 0.67499283280135014 1.0000000180025095e-35 0.64407457877946017 -0.51306224005405465 -0.75462966474120774
decision_type=2 2 2 2 2 2 2 2 2 2 2 2 2 2 2 2 2 2 2 2 2 2 2 2 2 2 2
left_child=-1 2 3 6 -5 10 8 -8 -2 25 11 12 13 19 -14 26 -17 18 -15 20 -4 -20 23 -23 -3 -6 -16
right_child=1 24 5 4 9 -7 7 -9 -10 -11 -12 -13 14 17 15 16 -18 -19 21 -21 -22 22 -24 -25 -26 -27 -28
leaf_value=0.10037038560782094 0.0060159982800483706 0.01523648822721508 -0.083393159114888732 0.088960128838107694 -0.035740807188881771 0.04049457130760982 -0.014088721022009849 0.047303252179047156 -0.054805628786215914 0.034167008554493943 0.017635435122178824 -0.056779119431972502 0.036326965978068691 -0.039997709783223957 -0.028534062814712526 -0.031132131477019619 0.030656904087712371 -0.042328830361366275 0.021115178441679157 -0.02302484886099895 -0.035975871562957763 -0.043728410814489631 0.016815781125000543 -0.0022170925353254592 0.048758595822186307 -0.0040788672447204591 -0.045459486234188086
leaf_weight=32 25 45 28 42 27 29 40 29 37 27 41 25 31 26 25 28 48 37 37 30 25 28 28 35 29 25 25
leaf_count=32 25 45 28 42 27 29 40 29 37 27 41 25 31 26 25 28 48 37 37 30 25 28 28 35 29 25 25
internal_value=0.00181798 -0.00188352 -0.00476144 0.0100107 0.0296848 -0.0118386 -0.00816155 0.0117137 -0.0302808 -0.00182866 -0.0148922 -0.0178169 -0.0155569 -0.0240188 -0.000788988 -0.00992069 0.00789252 -0.0139057 -0.00707682 -0.047291 -0.0610265 -0.000389768 -0.00913354 -0.0206666 0.0283735 -0.0205187 -0.0369968
internal_weight=884 852 778 252 121 526 131 69 62 79 497 456 431 274 157 126 76 191 154 83 53 128 91 63 74 52 50
internal_count=884 852 778 252 121 526 131 69 62 79 497 456 431 274 157 126 76 191 154 83 53 128 91 63 74 52 50
is_linear=0
shrinkage=0.04


Tree=41
num_leaves=27
num_cat=0
split_feature=2 6 7 8 7 7 7 6 6 6 7 6 7 5 0 8 0 6 6 0 6 6 6 6 7 0
split_gain=185.746 43.0398 47.1206 36.9743 43.3399 114.703 31.4602 42.6597 42.9223 39.1344 45.8745 23.4698 21.5886 19.0121 40.3498 40.3057 29.1431 17.0144 16.1231 11.9968 67.6581 49.9695 10.9779 15.2911 1.34003 0.373817
threshold=-1.6916913147484629 -1.5165232548344203 1.1445794666770477 -0.63134183865453442 1.0000000180025095e-35 0.55861543405600889 -0.32033061487554942 -1.0617659176956848 1.3257101022826776 0.87095276514394182 0.55861543405600889 -0.26594057770289742 0.26563341774548938 1.0000000180025095e-35 -1.0000000180025095e-35 1.0000000180025095e-35 -1.0000000180025095e-35 -0.37962991198758139 0.52988476228989012 1.0000000180025095e-35 0.30250609372052223 0.52988476228989012 0.075127425151154323 -0.83438724912631701 -0.32033061487554942 -0.7491350475729156
decision_type=2 2 2 2 2 2 2 2 2 2 2 2 2 2 2 2 2 2 2 2 2 2 2 2 2 2
left_child=-1 24 3 4 11 -6 7 -5 13 10 22 -3 -11 14 -9 -16 -15 -12 -13 21 -21 25 23 -8 -2 -4
right_child=1 2 19 6 5 -7 9 8 -10 12 17 18 -14 16 15 -17 -18 -19 -20 20 -22 -23 -24 -25 -26 -27
leaf_value=0.096355569232255217 -0.031079488213245687 0.01727707535721535 0.032280536556243897 0.040262965032032555 0.075987857368257319 -0.013360574676635418 -0.015146357537462161 -0.060506052269289894 0.039263679332065364 -0.02524792936113146 -0.0062746930760996678 -0.043818568161555702 -0.075377338117520717 0.025869272947311402 0.027331170780318128 -0.042545479726791381 -0.021957009409336332 0.036741733969219273 -0.0054754428914252752 0.00065225728248295039 0.08538054476082324 -0.028899028902092287 -0.010989005388440313 -0.055402948492103157 -0.044049669098854063 0.039197803673148159
leaf_weight=32 26 43 25 35 45 47 26 36 27 27 28 28 28 36 28 25 47 31 47 38 25 31 37 36 25 25
leaf_count=32 26 43 25 35 45 47 26 36 27 27 28 28 28 36 28 25 47 31 47 38 25 31 37 36 25 25
internal_value=0.00174526 -0.00180818 0.000460345 -0.00408166 0.00976264 0.0303425 -0.0105857 -0.000461302 -0.00762386 -0.0217083 -0.0115924 -0.00628264 -0.0507684 -0.0149841 -0.0278268 -0.00562951 -0.00121308 0.0163272 -0.0197902 0.0211833 0.0342746 0.0110011 -0.0282314 -0.0385212 -0.0374374 0.0357392
internal_weight=884 852 801 657 210 92 447 234 199 213 158 118 55 172 89 53 83 59 75 144 63 81 99 62 51 50
internal_count=884 852 801 657 210 92 447 234 199 213 158 118 55 172 89 53 83 59 75 144 63 81 99 62 51 50
is_linear=0
shrinkage=0.04


Tree=42
num_leaves=27
num_cat=0
split_feature=2 6 9 8 9 9 6 5 9 9 9 6 0 6 9 0 5 9 9 0 6 8 9 0 9 6
split_gain=171.184 39.6655 43.0229 38.5071 43.5701 169.968 37.3908 25.8267 43.0178 34.4788 25.3685 48.952 32.3383 35.4676 35.3644 23.3451 19.7194 22.5894 19.3083 14.5532 13.126 11.5119 7.47151 5.97827 3.49481 2.75364
threshold=-1.6916913147484629 -1.5165232548344203 1.4626849179817649 -0.63134183865453442 1.0000000180025095e-35 0.45481465310768643 -1.2891445862650526 1.0000000180025095e-35 -0.55305561176639195 -0.75462966474120774 0.6563887060825021 0.75726343085925796 -1.0000000180025095e-35 0.075127425151154323 -1.3593518236656548 -0.7491350475729156 1.6006484032589683 -0.14990750581676068 1.1267281630237389 1.0000000180025095e-35 0.52988476228989012 1.0000000180025095e-35 -0.35148155879157633 -1.0000000180025095e-35 -0.9562037177160233 0.075127425151154323
decision_type=2 2 2 2 2 2 2 2 2 2 2 2 2 2 2 2 2 2 2 2 2 2 2 2 2 2
left_child=-1 22 3 4 15 -6 -5 10 9 -9 12 -12 13 -8 -14 -3 17 -10 25 -4 -17 -16 -2 -19 -15 -7
right_child=1 2 19 6 5 18 7 8 16 -11 11 -13 14 24 21 20 -18 23 -20 -21 -22 -23 -24 -25 -26 -27
leaf_value=0.092501347754150628 -0.020326582288742064 0.020050842375368687 0.01433884390000556 0.031755933134871371 0.095157429635524746 -0.030436861753463745 -0.074776463734137044 0.00081809037261539042 -0.04864540421601498 0.060614236433196952 0.033312290178877969 -0.039972978353500367 0.022235249425425676 -0.013171473466433013 -0.013653496016155592 -0.031358293167182374 0.017212453065095123 -0.021127237967318961 0.019541312133272488 0.051828782588243485 0.0012762449907534053 -0.044643021190867709 -0.050952750742435458 0.0010863817234834036 -0.033911051589709064 -0.011662783432006836
leaf_weight=32 25 37 37 34 40 25 37 36 33 27 35 25 33 26 44 49 27 36 30 30 33 34 26 42 26 25
leaf_count=32 25 37 37 34 40 25 37 36 33 27 35 25 33 26 44 49 27 36 30 30 33 34 26 42 26 25
internal_value=0.00167545 -0.00173586 0.000441932 -0.00235887 0.0108263 0.0278337 -0.00872505 -0.0117106 -0.000942682 0.026445 -0.0200351 0.00277676 -0.0268786 -0.0448413 -0.0124762 -0.00632403 -0.0134458 -0.0209032 -0.00582815 0.0311254 -0.0182249 -0.0271618 -0.0359399 -0.00916606 -0.0235413 -0.0210498
internal_weight=884 852 801 734 239 120 495 461 201 63 260 60 200 89 111 119 138 111 80 67 82 78 51 78 52 50
internal_count=884 852 801 734 239 120 495 461 201 63 260 60 200 89 111 119 138 111 80 67 82 78 51 78 52 50
is_linear=0
shrinkage=0.04


Tree=43
num_leaves=25
num_cat=0
split_feature=2 4 7 4 5 7 4 8 4 7 4 7 4 8 5 0 7 0 8 8 4 4 4 5
split_gain=157.763 42.6842 98.9515 88.3225 73.9402 64.3507 60.661 48.6662 42.8922 39.4331 47.5767 29.7343 66.5886 55.7725 24.6249 54.2419 32.0297 29.0456 19.4449 28.3282 13.9793 5.24095 2.55888 0.992795
threshold=-1.6916913147484629 0.69279612904613452 -1.1992766638071075 1.2470037633295548 -0.25066273765626779 1.1445794666770477 1.3261762825129007 -0.63134183865453442 0.27866295177940287 1.0000000180025095e-35 -0.69576805355408322 0.55861543405600889 -0.12328983792066023 1.0000000180025095e-35 1.0000000180025095e-35 -1.2485584126215259 0.26563341774548938 -0.7491350475729156 1.0000000180025095e-35 -0.63134183865453442 -0.65922689085407749 -0.40343875195403744 1.7646702349129695 1.1378206180301593
decision_type=2 2 2 2 2 2 2 2 2 2 2 2 2 2 2 2 2 2 2 2 2 2 2 2
left_child=-1 4 6 5 7 -4 -3 9 14 -2 -11 12 13 -9 16 -16 -6 -17 19 -19 -18 -20 -5 -21
right_child=1 2 3 22 8 -7 -8 11 -10 10 -12 -13 -14 -15 15 17 20 18 21 23 -22 -23 -24 -25
leaf_value=0.08880129367113114 -0.0089353542195426093 -0.062808151786977601 0.11048712749154337 0.0092826566965349255 -0.00059151324133078261 0.028984628423087057 0.018036580085754397 -0.00061252414692370663 -0.053003839165606401 0.008154890372835356 0.074451301430546957 0.024268986453180728 0.031197916712309863 -0.065799422225072263 0.039830416497346519 -0.044379679309694386 -0.026017842448893047 -0.017417079365771752 -0.01158973946103028 0.031202402756764339 -0.059501341322534963 -0.035851608185932554 -0.0073994728922843938 0.020148437722371175
leaf_weight=32 27 33 31 31 48 31 27 42 47 29 43 46 37 42 37 38 42 46 28 26 38 29 28 26
leaf_count=32 27 33 31 31 48 31 27 42 47 29 43 46 37 42 37 38 42 46 28 26 38 29 28 26
internal_value=0.00160843 -0.00166642 0.0155719 0.0363984 -0.00631641 0.0697359 -0.026428 0.0100678 -0.0170774 0.0322893 0.0477486 -0.00310542 -0.0135122 -0.033206 -0.0123608 -0.00453468 -0.0264234 -0.0130399 -0.0053566 0.00544833 -0.0419225 -0.0239335 0.00136571 0.0256754
internal_weight=884 852 181 121 671 62 60 266 405 99 72 167 121 84 358 230 128 193 155 98 80 57 59 52
internal_count=884 852 181 121 671 62 60 266 405 99 72 167 121 84 358 230 128 193 155 98 80 57 59 52
is_linear=0
shrinkage=0.04


Tree=44
num_leaves=27
num_cat=0
split_feature=2 4 7 9 5 6 9 6 6 4 4 6 6 5 0 9 0 8 4 8 4 5 0 9 9 4
split_gain=145.394 39.3378 91.1937 116.092 68.1433 85.6004 117.02 95.3052 77.533 55.9052 39.5294 39.3389 34.81 22.6943 49.9894 31.8989 26.7685 17.9205 27.595 24.4638 17.5911 16.8161 11.4882 10.9043 10.2451 3.68657
threshold=-1.6916913147484629 0.69279612904613452 -1.1992766638071075 0.92515411004892301 -0.25066273765626779 0.18881675943583826 0.3876233021160812 -0.49331924627226525 -1.1754552519803687 1.3261762825129007 0.27866295177940287 1.3257101022826776 0.30250609372052223 1.0000000180025095e-35 -1.2485584126215259 0.11885789814966023 -0.7491350475729156 1.0000000180025095e-35 -0.28163487628735168 -0.63134183865453442 -0.86629347948744329 -0.71349052288507664 -0.7491350475729156 0.3876233021160812 -0.14990750581676068 -0.47652107735404886
decision_type=2 2 2 2 2 2 2 2 2 2 2 2 2 2 2 2 2 2 2 2 2 2 2 2 2 2
left_child=-1 4 9 -4 5 6 7 8 -2 -3 13 20 -5 15 -15 -6 -16 18 19 -18 -7 -22 -17 -24 -19 -23
right_child=1 2 3 12 10 11 -8 -9 -10 -11 -12 -13 -14 14 16 22 17 24 -20 -21 21 25 23 -25 -26 -27
leaf_value=0.085249240770936013 -0.0093916007420713349 -0.060295826564401835 0.1047277361771156 -0.011659828957129756 0.0059493137694693896 0.0061133523498262676 0.091390667434017636 -0.052707996575960092 0.084740849861076897 0.01731511698828803 -0.050883686745420417 0.032106521350366103 0.037549592318094294 0.038237199517520699 -0.042604492024371499 -0.060570924694721522 -0.034315375685691832 -0.037965243929065765 0.037186644911766049 0.013751983576350742 -0.051302870052556203 -0.02680718502998352 -0.0090451395970124453 -0.042487492346419735 -0.0037901278793811802 -0.0054904342359966708
leaf_weight=32 28 33 29 46 37 28 39 28 28 27 47 27 46 37 38 26 32 32 30 36 36 25 26 39 25 27
leaf_count=32 28 33 29 46 37 28 39 28 28 27 47 27 46 37 38 26 32 32 30 36 36 25 26 39 25 27
internal_value=0.00154409 -0.00159976 0.0149491 0.0349424 -0.00606375 0.0096651 0.0341316 0.00754708 0.0376746 -0.0253709 -0.0163943 -0.0113795 0.0129449 -0.0118664 -0.00435329 -0.0253664 -0.0125183 -0.00514234 0.0052304 -0.00886795 -0.0215013 -0.0302878 -0.0380992 -0.0291106 -0.0229762 -0.0157389
internal_weight=884 852 181 121 671 266 123 84 56 60 405 143 92 358 230 128 193 155 98 68 116 88 91 65 57 52
internal_count=884 852 181 121 671 266 123 84 56 60 405 143 92 358 230 128 193 155 98 68 116 88 91 65 57 52
is_linear=0
shrinkage=0.04


Tree=45
num_leaves=27
num_cat=0
split_feature=9 4 4 8 6 6 4 9 6 4 4 9 0 4 8 8 4 6 6 4 9 4 6 4 4 9
split_gain=54.2485 64.6148 40.0374 52.3022 92.795 160.576 174.726 168.116 46.277 45.4037 41.9962 35.3224 24.3123 40.9819 64.799 21.693 20.8276 17.1549 23.3456 18.9142 17.542 16.0553 15.7349 13.2495 11.0867 10.2697
threshold=1.4626849179817649 1.8012113976129751 -1.2195247189208318 -0.63134183865453442 0.52988476228989012 -0.94807658341100087 -0.18419177575400311 -0.14990750581676068 0.87095276514394182 -0.20855255088734023 1.2165527944128833 0.18604924914126547 -1.0000000180025095e-35 0.21167082016272562 1.0000000180025095e-35 1.0000000180025095e-35 0.51009031554610584 0.98464209942862591 0.64357409657457409 -0.82975231678743755 0.32043195112447598 -0.63486611572074036 -1.4028339205497364 -0.57396417788739751 0.70497651661280314 -0.14990750581676068
decision_type=2 2 2 2 2 2 2 2 2 2 2 2 2 2 2 2 2 2 2 2 2 2 2 2 2 2
left_child=1 2 -1 4 5 22 7 -7 -6 17 12 -10 15 14 -14 -11 -15 18 19 20 -5 -21 -4 -19 -2 -23
right_child=24 -3 3 9 8 6 -8 -9 11 10 -12 -13 13 16 -16 -17 -18 23 -20 21 -22 25 -24 -25 -26 -27
leaf_value=-0.043690787786390725 0.022245577028611813 0.046911963254213332 0.0019134785652160644 -0.062676197994371935 -0.066456743043661115 0.037213119910313536 -0.0014999294398646606 0.1784654972595828 -0.030390627016313374 0.0052461435794830327 -0.039284735269406262 0.031128017434052059 0.066836863822407194 -0.050456513363335821 -0.019273885365190178 0.044976336956024168 -0.0049911269859263772 -0.022685461299759999 0.019417884063720702 0.005625043634487235 -0.017872658062864234 -0.0097480178845895313 -0.040738056398207143 -0.061957138456680161 0.056042074758559463 -0.039756801188664717
leaf_weight=41 41 40 25 29 25 26 38 28 32 45 34 28 27 28 29 43 38 28 25 46 27 37 31 27 25 36
leaf_count=41 41 40 25 29 25 26 38 28 32 45 34 28 27 28 29 43 38 28 25 46 27 37 31 27 25 36
internal_value=0.0001708 -0.0026605 -0.0052257 -0.00307123 0.012576 0.0317063 0.0642128 0.110455 -0.0207333 -0.0103774 0.00195732 -0.00168193 0.0086346 -0.00292453 0.0222438 0.0246598 -0.0242795 -0.0221801 -0.0167395 -0.0219048 -0.0410745 -0.0128838 -0.0216972 -0.0419643 0.0350473 -0.0245469
internal_weight=879 813 773 732 233 148 92 54 85 499 244 60 210 122 56 88 66 255 200 175 56 119 56 55 66 73
internal_count=879 813 773 732 233 148 92 54 85 499 244 60 210 122 56 88 66 255 200 175 56 119 56 55 66 73
is_linear=0
shrinkage=0.04


Tree=46
num_leaves=27
num_cat=0
split_feature=9 4 4 8 6 6 4 9 6 4 6 4 7 0 0 4 4 4 6 6 7 8 6 9 4 9
split_gain=49.9954 59.549 36.8985 48.2017 85.5199 147.987 161.027 154.936 42.6488 42.5123 39.3715 37.8093 32.6377 18.2734 26.2813 29.5518 21.4328 21.3884 17.252 14.5013 14.4858 30.5052 17.7283 31.7967 10.2175 8.11273
threshold=1.4626849179817649 1.8012113976129751 -1.2195247189208318 -0.63134183865453442 0.52988476228989012 -0.94807658341100087 -0.18419177575400311 -0.14990750581676068 0.87095276514394182 -0.34253681412069453 1.3257101022826776 1.2774547322462262 1.0000000180025095e-35 1.2485584126215263 0.74913504757291582 1.0000000180025095e-35 0.25430217664606569 0.69279612904613452 0.87095276514394182 -1.4028339205497364 1.0000000180025095e-35 1.0000000180025095e-35 -0.83438724912631701 0.45481465310768643 0.70497651661280314 -0.14990750581676068
decision_type=2 2 2 2 2 2 2 2 2 2 2 2 2 2 2 2 2 2 2 2 2 2 2 2 2 2
left_child=1 2 -1 4 5 19 7 -7 -6 18 11 13 -10 14 15 25 -17 -18 20 -4 21 -5 -22 -24 -2 -11
right_child=24 -3 3 9 8 6 -8 -9 12 10 -12 -13 -14 -15 -16 16 17 -19 -20 -21 22 -23 23 -25 -26 -27
leaf_value=-0.041943156980886694 0.021355752981290586 0.045035483999177811 0.0018369386672973634 0.021823348612398714 -0.063798474007844927 0.035724595143244817 -0.0014399309015195622 0.17132687862430299 -0.030148646716148621 -0.033862078431993722 0.036546459764969057 -0.0524261944770813 0.028887208499785128 0.025992089135306224 -0.036705474631062579 0.045343985323395043 -0.019378134538419547 0.028492658138275145 -0.044115320082316743 -0.039108533167069956 -0.052622148009437708 -0.027988790216900053 -0.043169710751502742 0.015635714365967685 0.053800391179323198 -0.003450703811645508
leaf_weight=41 41 40 25 37 25 26 38 28 31 32 41 25 29 35 35 28 32 28 49 31 31 42 31 28 25 25
leaf_count=41 41 40 25 37 25 26 38 28 31 32 41 25 29 35 35 28 32 28 49 31 31 42 31 28 25 25
internal_value=0.000163968 -0.00255408 -0.00501667 -0.00294838 0.0120729 0.0304381 0.0616443 0.106037 -0.019904 -0.00996235 0.000321185 -0.0058673 -0.00161465 -0.000453474 -0.00559567 0.0019136 0.0164469 0.00296157 -0.0232177 -0.0208293 -0.0171587 -0.00465905 -0.0281305 -0.0152621 0.0336454 -0.0205238
internal_weight=879 813 773 732 233 148 92 54 85 499 281 240 60 215 180 145 88 60 218 56 169 79 90 59 66 57
internal_count=879 813 773 732 233 148 92 54 85 499 281 240 60 215 180 145 88 60 218 56 169 79 90 59 66 57
is_linear=0
shrinkage=0.04


Tree=47
num_leaves=27
num_cat=0
split_feature=9 2 6 9 8 6 6 9 6 6 6 6 5 9 9 9 0 6 8 6 5 6 5 8 7 6
split_gain=46.0758 30.6483 32.5563 28.0374 26.003 62.6649 79.6873 117.334 55.8844 43.053 42.3854 29.2523 57.6242 68.2178 31.5893 18.457 15.5306 18.9178 12.8809 9.37741 27.5835 24.7992 12.018 17.1403 7.84577 6.58923
threshold=1.4626849179817649 -1.6916913147484629 -1.5165232548344203 -1.6281172276320757 -0.63134183865453442 0.52988476228989012 -0.94807658341100087 -0.14990750581676068 1.4393994365673617 0.98464209942862591 -0.26594057770289742 -1.1754552519803687 1.0000000180025095e-35 -0.6874383137496024 0.99234546104052834 -0.082716154825155472 -0.7491350475729156 0.41619542800520609 1.0000000180025095e-35 -0.37962991198758139 -0.25066273765626779 0.18881675943583826 -0.25066273765626779 1.0000000180025095e-35 1.0000000180025095e-35 0.18881675943583826
decision_type=2 2 2 2 2 2 2 2 2 2 2 2 2 2 2 2 2 2 2 2 2 2 2 2 2 2
left_child=1 -1 24 -4 5 6 -5 10 11 -7 -8 -6 14 -14 19 -11 -15 18 -18 20 -13 -21 23 -23 -3 -2
right_child=25 2 3 4 8 9 7 -9 -10 15 -12 12 13 16 -16 -17 17 -19 -20 21 -22 22 -24 -25 -26 -27
leaf_value=0.033628967172569697 0.044194242800985065 -0.018702448629415953 0.039714209210872646 -0.022616113410109568 0.017819631201299754 -0.053560925663315828 0.03689412623643875 0.086600183563679461 0.035812080567929803 -0.02049159290790558 -0.035332376762078357 0.0091634023427963254 0.047571301047618572 0.0090498992428183558 0.010616695759473023 0.027644257086973927 0.012489506842998358 -0.046671232320368294 -0.025976685315370559 -0.069008505362513906 -0.049682069971011239 -0.023323848451177281 -0.0090259794325664132 -0.061618044106289745 -0.049488006217612165 0.018870109704232984
leaf_weight=36 35 26 25 42 44 35 26 50 41 25 26 25 39 36 27 26 26 32 30 37 26 45 29 32 27 31
leaf_count=36 35 26 25 42 44 35 26 50 41 25 26 25 39 36 27 26 26 32 30 37 26 45 29 32 27 31
internal_value=0.00015741 -0.00245192 -0.00412362 -0.0019083 -0.00339695 0.00761985 0.0237551 0.0428492 -0.00879964 -0.0193973 0.000780875 -0.0130732 -0.016613 0.0014296 -0.0299204 0.00404825 -0.0130827 -0.022137 -0.00811738 -0.0355622 -0.0208363 -0.0408141 -0.0309727 -0.0392383 -0.0343857 0.0322996
internal_weight=879 813 777 724 699 230 144 102 469 86 52 428 384 163 221 51 124 88 56 194 51 143 106 77 53 66
internal_count=879 813 777 724 699 230 144 102 469 86 52 428 384 163 221 51 124 88 56 194 51 143 106 77 53 66
is_linear=0
shrinkage=0.04


Tree=48
num_leaves=28
num_cat=0
split_feature=4 4 6 9 6 4 4 6 6 6 7 6 0 6 4 4 0 6 7 4 4 4 4 9 7 4 6
split_gain=44.0437 39.6437 37.5599 28.4929 27.14 36.6537 50.2148 27.1487 37.1917 28.4482 44.4655 23.3022 48.8398 40.1815 37.9114 36.157 33.9186 18.0735 17.961 12.3621 10.9086 9.222 7.94737 3.46305 2.0688 1.38258 0.0708148
threshold=-1.2195247189208318 2.3127876754130554 -1.5165232548344203 1.4626849179817649 0.52988476228989012 -0.34253681412069453 -0.58614456545406601 0.30250609372052223 0.075127425151154323 -0.15225124341821353 1.0000000180025095e-35 -0.49331924627226525 1.0000000180025095e-35 -0.94807658341100087 -0.14765061305399738 -0.23291332602067741 -1.0000000180025095e-35 1.3257101022826776 0.26563341774548938 0.49790992797943717 -0.86629347948744329 0.5588118658127802 0.14467868854604846 1.0000000180025095e-35 0.26563341774548938 -0.12328983792066023 1.2120207679979937
decision_type=2 2 2 2 2 2 2 2 2 2 2 2 2 2 2 2 2 2 2 2 2 2 2 2 2 2 2
left_child=-1 2 23 4 7 6 20 8 9 11 -11 13 -13 14 18 -15 -16 22 -4 -19 -6 -5 -7 -2 -24 -9 -22
right_child=1 -3 3 21 5 17 -8 25 -10 10 -12 12 -14 15 16 -17 -18 19 -20 -21 26 -23 24 -25 -26 -27 -28
leaf_value=-0.040328621646253081 -0.041148019206934963 0.048083191693856796 -0.0092035545747388495 0.043905116948299114 0.0072020996781066065 -0.019250831513301186 -0.072247796208950985 0.027797539281845092 -0.030622087164539034 6.9562877927507676e-07 0.073394675958156588 -0.049351927257246436 0.021086010215679251 0.053009527722994491 0.053609854412078856 0.0025059759131697726 -0.010491581154721123 0.040136253365448543 -0.050646102693345817 0.0022024890670069943 -0.021129922041526208 0.012471510416695052 -0.0044547488292058304 -0.020832995688915251 0.011203836423379403 0.04110053921937943 -0.02411152892112732
leaf_weight=41 29 29 44 32 32 46 29 25 46 28 25 36 28 48 25 43 28 28 27 27 26 28 27 25 27 25 25
leaf_count=41 29 29 44 32 32 46 29 25 46 28 25 36 28 48 25 43 28 28 27 27 26 28 27 25 27 25 25
internal_value=0.000151113 0.00213163 0.000484412 0.00278941 0.000506246 -0.00950156 -0.0269365 0.00674943 0.00308546 0.00775578 0.0346205 0.00265245 -0.0185353 0.00895951 -0.00585419 0.0291452 0.0197449 0.00309658 -0.0249634 0.0215142 -0.0111048 0.0292361 -0.00703313 -0.0317429 0.00337454 0.034449 -0.0225915
internal_weight=879 838 809 755 695 267 112 428 378 332 53 279 64 215 124 91 53 155 71 55 83 60 100 54 54 50 51
internal_count=879 838 809 755 695 267 112 428 378 332 53 279 64 215 124 91 53 155 71 55 83 60 100 54 54 50 51
is_linear=0
shrinkage=0.04


end of trees

feature_importances:
Column_4=323
Column_6=270
Column_9=259
Column_7=112
Column_0=107
Column_5=80
Column_8=73
Column_2=21
Column_1=4
Column_3=4

parameters:
[boosting: gbdt]
[objective: regression]
[metric: rmse]
[tree_learner: serial]
[device_type: cpu]
[data_sample_strategy: bagging]
[data: ]
[valid: ]
[num_iterations: 49]
[learning_rate: 0.04]
[num_leaves: 45]
[num_threads: 0]
[seed: 0]
[deterministic: 0]
[force_col_wise: 0]
[force_row_wise: 0]
[histogram_pool_size: -1]
[max_depth: -1]
[min_data_in_leaf: 25]
[min_sum_hessian_in_leaf: 0.001]
[bagging_fraction: 0.8]
[pos_bagging_fraction: 1]
[neg_bagging_fraction: 1]
[bagging_freq: 5]
[bagging_seed: 3]
[bagging_by_query: 0]
[feature_fraction: 0.8]
[feature_fraction_bynode: 1]
[feature_fraction_seed: 2]
[extra_trees: 0]
[extra_seed: 6]
[early_stopping_round: 0]
[early_stopping_min_delta: 0]
[first_metric_only: 0]
[max_delta_step: 0]
[lambda_l1: 0]
[lambda_l2: 0]
[linear_lambda: 0]
[min_gain_to_split: 0]
[drop_rate: 0.1]
[max_drop: 50]
[skip_drop: 0.5]
[xgboost_dart_mode: 0]
[uniform_drop: 0]
[drop_seed: 4]
[top_rate: 0.2]
[other_rate: 0.1]
[min_data_per_group: 100]
[max_cat_threshold: 32]
[cat_l2: 10]
[cat_smooth: 10]
[max_cat_to_onehot: 4]
[top_k: 20]
[monotone_constraints: ]
[monotone_constraints_method: basic]
[monotone_penalty: 0]
[feature_contri: ]
[forcedsplits_filename: ]
[refit_decay_rate: 0.9]
[cegb_tradeoff: 1]
[cegb_penalty_split: 0]
[cegb_penalty_feature_lazy: ]
[cegb_penalty_feature_coupled: ]
[path_smooth: 0]
[interaction_constraints: ]
[verbosity: -1]
[saved_feature_importance_type: 0]
[use_quantized_grad: 0]
[num_grad_quant_bins: 4]
[quant_train_renew_leaf: 0]
[stochastic_rounding: 1]
[linear_tree: 0]
[max_bin: 255]
[max_bin_by_feature: ]
[min_data_in_bin: 3]
[bin_construct_sample_cnt: 200000]
[data_random_seed: 1]
[is_enable_sparse: 1]
[enable_bundle: 1]
[use_missing: 1]
[zero_as_missing: 0]
[feature_pre_filter: 1]
[pre_partition: 0]
[two_round: 0]
[header: 0]
[label_column: ]
[weight_column: ]
[group_column: ]
[ignore_column: ]
[categorical_feature: ]
[forcedbins_filename: ]
[precise_float_parser: 0]
[parser_config_file: ]
[objective_seed: 5]
[num_class: 1]
[is_unbalance: 0]
[scale_pos_weight: 1]
[sigmoid: 1]
[boost_from_average: 1]
[reg_sqrt: 0]
[alpha: 0.9]
[fair_c: 1]
[poisson_max_delta_step: 0.7]
[tweedie_variance_power: 1.5]
[lambdarank_truncation_level: 30]
[lambdarank_norm: 1]
[label_gain: ]
[lambdarank_position_bias_regularization: 0]
[eval_at: ]
[multi_error_top_k: 1]
[auc_mu_weights: ]
[num_machines: 1]
[local_listen_port: 12400]
[time_out: 120]
[machine_list_filename: ]
[machines: ]
[gpu_platform_id: -1]
[gpu_device_id: -1]
[gpu_use_dp: 0]
[num_gpu: 1]

end of parameters

pandas_categorical:null
