tree
version=v4
num_class=1
num_tree_per_iteration=1
label_index=0
max_feature_idx=9
objective=regression
feature_names=Column_0 Column_1 Column_2 Column_3 Column_4 Column_5 Column_6 Column_7 Column_8 Column_9
feature_infos=[-1.4982700951458314:1.4982700951458314] [-0.63368320487849272:1.5780755940845042] [-7.3958776108082063:2.7448980266313372] [-0.26699649569399087:3.7453675090407055] [-1.6032069272708922:5.5710413494968991] [-3.721871126872335:3.2205456515597994] [-1.6870572562614465:1.7236227722790711] [-1.6387496882728867:1.5840524911428266] [-1.2456510737482795:1.2115858666267003] [-1.7289042541194837:1.6978546464523832]
tree_sizes=2282 2254 2180 2186 2263 2204 2189 2359 2356 2197 2422 2264 2196 2352 2256 2120 2271 2125 2357 2365 2202 2209 2363 2214 2129 2205 2290 2459 2449 2450 2290 2390 2390 2213 2368 2372 2388 2212 2222 2279 2312 2218 2549 2304 2549 2447 2370 2302 2386 2458 2300 2213 2236 2218 2222 2388 2302 2079 2289 2234 2231 2303 2400 2474 2228 2477 2298 2397 2299 2389 2308 2384

Tree=0
num_leaves=27
num_cat=0
split_feature=9 9 2 8 7 7 6 5 9 9 9 7 6 5 9 7 6 5 6 6 0 7 5 5 5 6
split_gain=572673 161401 81873.8 55788.4 45845.7 45522.6 36111.5 52306.6 33157.6 25054.6 15075.9 9818.42 8654.04 8291.56 7922.15 8123.99 5974.82 4795.42 4770.79 3252.39 1413.54 1689.12 1195.18 343.22 294.405 242.328
threshold=1.0595368120321338 -0.48586426077478684 1.0000000180025095e-35 -0.63134183865453442 -1.1992766638071075 0.85159745036652823 0.52988476228989012 -0.25066273765626779 -0.082716154825155472 1.4626849179817649 -1.5609258766404703 0.26563341774548938 0.41619542800520609 -0.71349052288507664 -0.62024696275799729 -0.90629464749658817 0.98464209942862591 1.0000000180025095e-35 -0.94807658341100087 -0.26594057770289742 0.74913504757291582 0.55861543405600889 -0.71349052288507664 0.67499283280135014 -0.25066273765626779 0.18881675943583826
decision_type=2 2 2 2 2 2 2 2 2 2 2 2 2 2 2 2 2 2 2 2 2 2 2 2 2 2
left_child=1 4 -3 6 10 8 7 -4 12 16 -1 24 -5 25 15 17 18 -6 -2 -17 21 -13 -11 -19 -10 -12
right_child=9 2 3 5 14 -7 -8 -9 11 22 13 20 -14 -15 -16 19 -18 23 -20 -21 -22 -23 -24 -25 -26 -27
leaf_value=239.95258948475538 241.69273493849673 240.57537024427162 240.85380157343781 238.30608231279541 239.77552202924585 239.73636570143324 238.28618258406104 238.75213493613637 237.12713501326479 242.24713499759727 239.4319349326793 237.56506602456338 239.23284921812962 238.53213494658209 239.75925614454042 240.43745751292454 241.94427781676347 240.51353493844903 241.00077130984593 240.97761114109935 238.14073494460024 237.99679013092452 242.58615939687948 240.30393494498171 237.31033497492709 239.26455428750262
leaf_weight=44 25 34 36 38 31 26 42 40 32 28 25 29 28 32 33 31 28 25 44 42 25 29 41 25 25 31
leaf_count=44 25 34 36 38 31 26 42 40 32 28 25 29 28 32 33 31 28 25 44 42 25 29 41 25 25 31
internal_value=239.753 239.254 238.701 238.519 239.919 238.159 239.227 239.748 237.96 241.866 239.348 237.612 238.699 239.046 240.322 240.442 241.451 240.166 241.251 240.748 237.889 237.781 242.449 240.409 237.207 239.339
internal_weight=869 703 384 350 319 232 118 76 206 166 132 140 66 88 187 154 97 81 69 73 83 58 69 50 57 56
internal_count=869 703 384 350 319 232 118 76 206 166 132 140 66 88 187 154 97 81 69 73 83 58 69 50 57 56
is_linear=0
shrinkage=1


Tree=1
num_leaves=26
num_cat=0
split_feature=9 9 2 7 4 9 9 6 4 6 5 5 9 7 5 9 7 5 6 6 4 6 4 5 7
split_gain=527775 148747 75454.9 42251.4 32726.5 23090.3 13893.9 11444.6 8617.49 8242.3 12106.3 7641.5 7301.05 7487.07 5929.98 5158.52 7039.81 4419.45 3549.17 2997.4 2248.48 1497 691.264 316.312 289.804
threshold=1.0595368120321338 -0.48586426077478684 1.0000000180025095e-35 -1.1992766638071075 -0.54960340275406028 1.4626849179817649 -1.5609258766404703 -0.83438724912631701 0.88768233011283171 0.52988476228989012 -0.25066273765626779 -0.71349052288507664 -0.62024696275799729 -0.90629464749658817 -0.25066273765626779 0.3876233021160812 -0.32033061487554942 1.0000000180025095e-35 -0.37962991198758139 -0.26594057770289742 0.71715690417947164 -0.15225124341821353 0.24212178907939708 0.67499283280135014 0.26563341774548938
decision_type=2 2 2 2 2 2 2 2 2 2 2 2 2 2 2 2 2 2 2 2 2 2 2 2 2
left_child=1 3 -3 6 9 8 -1 -6 21 10 -4 22 13 17 -11 16 -9 -5 24 -15 -7 -2 -8 -19 -12
right_child=5 2 4 12 7 20 11 15 -10 14 18 -13 -14 19 -16 -17 -18 23 -20 -21 -22 -23 -24 -25 -26
leaf_value=0.20735095804387871 1.5193853950500489 0.80522046818452719 -0.77309238839656746 0.037366216067344908 -1.4075893596240454 2.425951271278914 -0.51703176149006547 -0.32987544810070707 2.0600575893575495 -2.148024965390563 -1.8740140030860901 -1.1562854001671077 0.021750974619027339 0.67282427264798073 -1.4403853036297694 -0.16650663007389416 -1.1633204115590743 0.7458586129188538 -1.2645139740931022 1.191371748999116 2.8971540304330676 1.0941394328298393 -0.2357800515934273 0.54464261531829838 -1.6866436324800764
leaf_weight=44 26 34 47 31 28 43 29 34 44 40 25 32 33 31 36 44 31 25 37 42 26 27 27 25 28
leaf_count=44 26 34 47 31 28 43 29 34 44 40 25 32 33 31 36 44 31 25 37 42 26 27 27 25 28
internal_value=0.0155498 -0.463467 -0.993785 0.17491 -1.16855 2.04416 -0.373013 -0.686259 1.64627 -1.47875 -1.29342 -0.663194 0.561678 0.677377 -1.81283 -0.500963 -0.727365 0.412603 -1.56515 0.971167 2.60351 1.30275 -0.381428 0.645251 -1.77503
internal_weight=869 703 384 319 350 166 132 137 97 213 137 88 187 154 76 109 65 81 90 73 69 53 56 50 53
internal_count=869 703 384 319 350 166 132 137 97 213 137 88 187 154 76 109 65 81 90 73 69 53 56 50 53
is_linear=0
shrinkage=0.04


Tree=2
num_leaves=25
num_cat=0
split_feature=9 9 3 8 4 7 9 5 9 9 9 7 4 5 9 7 5 8 4 4 0 4 4 5
split_gain=486398 137085 69539.2 51398.5 48687.4 38938.9 22084.2 50944.3 21280 14644.4 12804.6 9153.37 7941.88 7042.41 6728.65 6900.08 4072.97 2729.53 2072.2 1205.59 873.929 642.264 637.069 291.513
threshold=1.0595368120321338 -0.48586426077478684 1.0000000180025095e-35 -0.63134183865453442 -0.18419177575400311 -1.1992766638071075 0.45481465310768643 -0.25066273765626779 1.4626849179817649 -0.082716154825155472 -1.5609258766404703 0.26563341774548938 0.88768233011283171 -0.71349052288507664 -0.62024696275799729 -0.90629464749658817 1.0000000180025095e-35 -0.63134183865453442 0.71715690417947164 -0.73230921625408896 1.0000000180025095e-35 -0.74448960382075746 0.24212178907939708 0.67499283280135014
decision_type=2 2 2 2 2 2 2 2 2 2 2 2 2 2 2 2 2 2 2 2 2 2 2 2
left_child=1 5 3 6 9 10 7 -3 12 -5 -1 21 20 22 15 16 -7 -17 -10 -13 -2 -11 -12 -18
right_child=8 2 -4 4 -6 14 -8 -9 18 11 13 19 -14 -15 -16 17 23 -19 -20 -21 -22 -23 -24 -25
leaf_value=0.19905693558129398 1.4041203888825007 1.2104975152784778 0.77301164374631992 -1.1577189864917679 -0.28626104625066123 0.035871553440247811 -1.1920426430353304 -0.88744363929914383 2.3289131697388585 -2.2236809455023869 -0.49635049081054228 -1.5705111750777885 1.9776552607796409 -1.1100339897722007 0.020880926991953996 0.60346484972880443 0.71602427444458006 1.1142398418264186 2.7812678263737602 -1.8805104227627023 1.0787432756423951 -2.4971052442278183 -0.22634885042353911 0.52285689039230354
leaf_weight=44 28 31 34 49 45 31 41 46 43 27 29 49 44 32 33 26 25 47 26 34 25 28 27 25
leaf_count=44 28 31 34 49 45 31 41 46 43 27 29 49 44 32 33 26 25 47 26 34 25 28 27 25
internal_value=0.0149278 -0.444929 -0.954034 -1.1218 -1.4675 0.167913 -0.442125 -0.042818 1.96239 -1.75176 -0.358092 -1.96269 1.58042 -0.636667 0.539211 0.650282 0.396099 0.93232 2.49937 -1.6975 1.25064 -2.36288 -0.366171 0.619441
internal_weight=869 703 384 350 232 319 118 77 166 187 132 138 97 88 187 154 81 73 69 83 53 55 56 50
internal_count=869 703 384 350 232 319 118 77 166 187 132 138 97 88 187 154 81 73 69 83 53 55 56 50
is_linear=0
shrinkage=0.04


Tree=3
num_leaves=25
num_cat=0
split_feature=7 4 7 8 6 5 2 7 7 7 7 8 5 7 4 7 7 7 4 6 6 6 4 7
split_gain=415395 116218 95763.4 64612.9 58724.7 43765.6 30049.6 16052.9 12247.4 10588.6 9897.24 8634.9 7646.6 12124.3 7437.65 6221.2 5273.36 4639.59 4005.85 2640.39 2222.64 1996.41 1135.06 809.285
threshold=1.1445794666770477 -0.17201138818733452 -0.32033061487554942 -0.63134183865453442 0.52988476228989012 -0.25066273765626779 1.0000000180025095e-35 -1.1992766638071075 1.4375614829875671 0.55861543405600889 -0.61331263118606871 1.0000000180025095e-35 1.0000000180025095e-35 -0.61331263118606871 0.80241961714615162 1.0000000180025095e-35 0.26563341774548938 -0.90629464749658817 0.71715690417947164 0.30250609372052223 -0.26594057770289742 -0.37962991198758139 0.10813752584604273 -0.90629464749658817
decision_type=2 2 2 2 2 2 2 2 2 2 2 2 2 2 2 2 2 2 2 2 2 2 2 2
left_child=1 2 7 4 5 -4 -3 -1 11 15 17 -2 14 23 22 -5 -17 -9 20 -15 -10 -16 -8 -14
right_child=8 6 3 9 -6 -7 12 10 18 -11 -12 -13 13 19 21 16 -18 -19 -20 -21 -22 -23 -24 -25
leaf_value=-0.70090740522742268 1.2255054807073849 1.3819350294633344 1.3608773207664491 -1.4598547667548769 -1.7568405792929909 -0.76572745082775751 -0.18292429796854656 0.18914034244418143 1.8285699937820434 -1.170857042868932 -0.27780196184065281 2.1489106728480416 0.59377492936452225 -0.29088984489440917 0.4993130035400391 -2.3373309644063314 -1.7310823048244823 0.80633915201613782 2.6998859490288631 0.23558080178719981 2.3619532226562501 0.025429543220635616 -0.50056221999062434 0.89010586113765333
leaf_weight=40 43 33 32 42 33 30 30 40 25 48 41 26 30 35 25 48 44 38 27 27 25 33 45 29
leaf_count=40 43 33 32 42 33 30 30 40 25 48 41 26 30 35 25 48 44 38 27 27 25 33 45 29
internal_value=0.0143307 -0.378665 -0.790123 -1.23926 -0.393679 0.331875 0.246407 -0.00767091 1.96047 -1.68063 0.22535 1.57346 0.0988773 0.328974 -0.110459 -1.86323 -2.04739 0.489827 2.30727 -0.0616204 2.09526 0.22969 -0.373507 0.739429
internal_weight=869 723 436 277 95 62 287 159 146 182 119 69 254 121 133 134 92 78 77 62 50 58 75 59
internal_count=869 723 436 277 95 62 287 159 146 182 119 69 254 121 133 134 92 78 77 62 50 58 75 59
is_linear=0
shrinkage=0.04


Tree=4
num_leaves=26
num_cat=0
split_feature=9 9 2 7 4 9 9 6 4 6 5 5 9 7 4 4 6 4 5 9 6 6 6 4 6
split_gain=415620 117551 59946.5 33684.2 26881.1 18058.8 11597.8 9983.23 7113.34 10749.5 14131.6 6447.44 5566.42 5822.76 5531.95 4926.3 4750.53 8720.85 3501.78 3014.18 2672.16 2274.06 1401.89 494.175 313.316
threshold=1.0595368120321338 -0.48586426077478684 1.0000000180025095e-35 -1.1992766638071075 -0.54960340275406028 1.3954935669901598 -1.5609258766404703 -0.83438724912631701 -0.98809735515412911 0.52988476228989012 -0.25066273765626779 -0.71349052288507664 -0.62024696275799729 -0.90629464749658817 0.82678039227948885 0.9851254306461803 0.64357409657457409 -0.20855255088734023 1.0000000180025095e-35 0.11885789814966023 -0.26594057770289742 -0.37962991198758139 -0.15225124341821353 0.24212178907939708 -0.26594057770289742
decision_type=2 2 2 2 2 2 2 2 2 2 2 2 2 2 2 2 2 2 2 2 2 2 2 2 2
left_child=1 3 -3 6 8 14 -1 -6 19 10 -10 23 13 18 -2 22 17 -9 -5 -4 -15 -12 -7 -8 -20
right_child=5 2 4 12 7 15 11 16 9 -11 21 -13 -14 20 -16 -17 -18 -19 24 -21 -22 -23 -24 -25 -26
leaf_value=0.19718756339766763 1.0424872124195099 0.72074268579483036 -1.3239924087891211 0.035020991688774476 -1.2751398321560452 1.8139106316402041 -0.45401406419688256 0.31131736078432626 -0.24482707861698036 -1.6386654352188113 -1.4815716244833812 -1.0511077813804151 0.030065764586130778 0.5799292533652437 1.7164325209667808 2.6818425506591796 -0.80440845820638873 -0.58779811522695757 0.67625550327301032 -1.8745505324514902 1.0695356336661748 -0.99793629850660059 2.1924823087804457 -0.21621319046726936 0.47599459953308104
leaf_weight=44 40 34 26 31 28 29 29 28 33 50 35 32 33 31 38 25 36 45 25 41 42 28 34 27 25
leaf_count=44 40 34 26 31 28 29 29 28 33 50 35 32 33 31 38 25 36 45 25 41 42 28 34 27 25
internal_value=0.0137575 -0.411327 -0.882764 0.156172 -1.03853 1.81396 -0.333056 -0.601435 -1.31967 -1.16308 -0.91538 -0.598177 0.50151 0.602534 1.37082 2.20675 -0.428374 -0.242932 0.369036 -1.6609 0.861621 -1.26662 2.01822 -0.33936 0.576125
internal_weight=869 703 384 319 350 166 132 137 213 146 96 88 187 154 78 88 109 73 81 67 73 63 63 56 50
internal_count=869 703 384 319 350 166 132 137 213 146 96 88 187 154 78 88 109 73 81 67 73 63 63 56 50
is_linear=0
shrinkage=0.04


Tree=5
num_leaves=25
num_cat=0
split_feature=9 4 9 2 8 9 8 9 9 5 9 4 9 9 0 9 9 5 5 5 0 9 9 4
split_gain=351182 95367.5 64548.4 25033.6 19296.2 16001.3 38355.4 50835.7 27806.6 25786.2 16072.8 15561.2 12606.5 11673.6 12919.4 7812.89 5236.77 4212.6 2935.28 2722.82 2207.28 772.858 649.801 386.6
threshold=1.193919514015344 -0.56178379032072889 -0.35148155879157633 1.0000000180025095e-35 -0.63134183865453442 -0.55305561176639195 -0.63134183865453442 0.85796275905731789 -1.157777770690839 -0.25066273765626779 1.0000000180025095e-35 -0.8784738670541119 -1.5609258766404703 1.4626849179817649 -1.0000000180025095e-35 -0.082716154825155472 0.25324060013287075 -0.71349052288507664 1.0000000180025095e-35 -0.71349052288507664 -1.0000000180025095e-35 0.58919735509089699 -1.4265431746572599 -0.062387900087317351
decision_type=2 2 2 2 2 2 2 2 2 2 2 2 2 2 2 2 2 2 2 2 2 2 2 2
left_child=1 2 18 -3 11 8 9 10 12 -7 -8 -4 -5 14 -2 -6 -17 22 -1 -15 -10 -18 -14 -22
right_child=13 3 4 5 15 6 7 -9 20 -11 -12 -13 17 19 -16 16 21 -19 -20 -21 23 -23 -24 -25
leaf_value=-0.23036948499269783 2.169451852578383 0.99596049038139556 -1.2920431079362569 0.31354836696233507 -0.95156608314514157 1.3851789322605839 -0.77340818983177817 0.41224149429798124 0.8141339288439069 -0.31873768359671034 -1.8735705174718584 -0.061695956608344774 -0.19512745817502339 1.9225263983408609 1.0296232867822415 -2.0861115773518883 -1.6653569590660835 -0.90825996398925779 0.27557860363361447 2.4266395626068116 0.32122005410194399 -1.3945980948370857 -0.47529620115573595 0.51740402915742667
leaf_weight=32 26 37 38 39 25 27 43 40 42 30 42 29 27 30 41 42 31 33 43 40 25 37 26 45
leaf_count=32 26 37 38 39 25 27 43 40 42 30 42 29 27 30 41 42 31 33 43 40 25 37 26 45
internal_value=-0.0095526 -0.356988 -0.942386 -0.00138518 -1.31445 -0.0894563 -0.371534 -0.763655 0.12716 0.488381 -1.31702 -0.759505 -0.282963 1.84936 1.47194 -1.58987 -1.73494 -0.553474 0.0597074 2.21059 0.584887 -1.51803 -0.332569 0.447338
internal_weight=870 733 277 456 202 419 182 125 237 57 85 67 125 137 67 135 110 86 75 70 112 68 53 70
internal_count=870 733 277 456 202 419 182 125 237 57 85 67 125 137 67 135 110 86 75 70 112 68 53 70
is_linear=0
shrinkage=0.04


Tree=6
num_leaves=25
num_cat=0
split_feature=7 4 7 8 6 4 8 9 4 9 9 7 9 9 8 0 5 7 7 5 5 4 4 7
split_gain=345630 80892.9 61747.2 18347.9 18015.7 13799.8 20855 35352.2 22150.2 17691 14571.4 12225.2 11530.3 10565.7 10051.4 5662.78 5331.42 4064.72 6209.83 2906.17 2237.5 2231.13 943.295 428.854
threshold=1.1445794666770477 -0.54960340275406028 -0.32033061487554942 -0.63134183865453442 0.52988476228989012 0.80241961714615162 -0.63134183865453442 -0.55305561176639195 -0.33035642655402603 -1.157777770690839 0.52200600409929165 1.0000000180025095e-35 1.4626849179817649 -1.157777770690839 1.0000000180025095e-35 -1.0000000180025095e-35 -0.25066273765626779 1.0000000180025095e-35 0.26563341774548938 1.0000000180025095e-35 -0.71349052288507664 0.72933729174614026 1.4236193830462491 0.55861543405600889
decision_type=2 2 2 2 2 2 2 2 2 2 2 2 2 2 2 2 2 2 2 2 2 2 2 2
left_child=1 2 19 4 -4 6 8 9 -3 -8 11 -9 14 22 21 -11 -10 -5 -19 -1 -14 -2 -7 -20
right_child=12 5 3 17 -6 13 7 10 16 15 -12 -13 20 -15 -16 -17 -18 18 23 -21 -22 -23 -24 -25
leaf_value=-0.24495566433126276 0.82557899322509776 1.2101270614900896 -0.19023411083221436 -1.1529450765523044 -1.5274808946362248 -0.1791181545991164 -0.49709960354135391 -0.77591790380932046 -0.47151471821467084 0.95691273689270018 -0.26423975455760956 -1.8331458177566529 1.8681107978163096 0.82092814932478231 2.0498391448126898 0.23003718779442162 0.20555934297795198 -2.0773391929832665 -1.5463013785226005 0.24477788682947768 2.3295739879608157 1.3548172708658073 0.1650035442352295 -1.3388141683630042
leaf_weight=33 25 31 40 33 27 26 47 42 30 27 40 30 29 47 27 47 49 37 28 47 40 26 25 37
leaf_count=33 25 31 40 33 27 26 47 42 30 27 40 30 29 47 27 47 49 37 28 47 40 26 25 37
internal_value=-0.0091705 -0.368668 -0.897772 -1.27026 -0.729125 -0.0303294 -0.149933 -0.36424 0.304008 0.109791 -0.876362 -1.21643 1.75897 0.388282 1.42577 0.495249 -0.0515574 -1.53882 -1.66367 0.0427628 2.13563 1.09539 -0.010431 -1.42819
internal_weight=870 723 282 202 67 441 343 233 110 121 112 72 147 98 78 74 79 135 102 80 69 51 51 65
internal_count=870 723 282 202 67 441 343 233 110 121 112 72 147 98 78 74 79 135 102 80 69 51 51 65
is_linear=0
shrinkage=0.04


Tree=7
num_leaves=27
num_cat=0
split_feature=9 4 9 2 9 9 9 4 9 9 9 0 9 4 6 9 5 5 4 5 6 4 0 9 9 0
split_gain=298268 81019 54933.2 22486.9 13873.7 23960.8 19190.7 23229.7 18859.9 11511.4 9928.79 11967.9 7139.35 14099.1 10033 5745.62 3834.98 2491.35 2490.02 2307.68 2243.28 2018.07 2537.73 799.111 589.088 233.404
threshold=1.193919514015344 -0.56178379032072889 -0.35148155879157633 1.0000000180025095e-35 -0.55305561176639195 -1.157777770690839 0.92515411004892301 -0.46434068978738036 0.051666547158054986 -1.5609258766404703 1.4626849179817649 1.0000000180025095e-35 0.3876233021160812 -0.96373658002079188 0.52988476228989012 0.11885789814966023 -0.71349052288507664 1.0000000180025095e-35 0.94858426794617456 -0.71349052288507664 0.30250609372052223 0.43700799014609432 -1.0000000180025095e-35 -0.082716154825155472 -1.4265431746572599 0.74913504757291582
decision_type=2 2 2 2 2 2 2 2 2 2 2 2 2 2 2 2 2 2 2 2 2 2 2 2 2 2
left_child=1 2 17 -3 5 9 7 -6 20 -5 11 -2 15 -14 -15 23 24 -1 -8 -12 -9 22 -7 -4 -11 -24
right_child=10 3 12 4 6 21 18 8 -10 16 19 -13 13 14 -16 -17 -18 -19 -20 -21 -22 -23 25 -25 -26 -27
leaf_value=-0.21135646514594555 1.8674612982613701 0.94401909042049104 -1.0620942282676697 0.30630333631466594 0.48867025909423834 0.73079750087112194 0.025283898481955894 -0.63719081004460654 -1.4751750651649806 -0.18057057985553035 1.7722971676190693 0.79717951983213431 -1.6834157760326678 -0.043434291050351896 -1.1368974597930908 -1.7451982267697654 -0.86071621408968257 0.25476433964662776 0.57887555837631222 2.236391010761261 -0.1438258662922629 0.85069560757050144 0.20405374580416186 -1.3258547939973719 -0.44732987312170175 0.3708329797744751
leaf_weight=32 35 37 40 39 25 32 26 30 46 27 30 32 26 29 25 48 33 43 26 40 29 26 29 34 26 25
leaf_count=32 35 37 40 39 25 32 26 30 46 27 30 32 26 29 25 48 33 43 26 40 29 26 29 34 26 25
internal_value=-0.00880368 -0.328997 -0.868562 -0.00123447 -0.0847055 0.116997 -0.347362 -0.607138 -0.868045 -0.26371 1.70435 1.35628 -1.2118 -0.918136 -0.549667 -1.40436 -0.522205 0.0558861 0.30208 2.03749 -0.394689 0.541893 0.448534 -1.18328 -0.311434 0.281266
internal_weight=870 733 277 456 419 237 182 130 105 125 137 67 202 80 54 122 86 75 52 70 59 112 86 74 53 54
internal_count=870 733 277 456 419 237 182 130 105 125 137 67 202 80 54 122 86 75 52 70 59 112 86 74 53 54
is_linear=0
shrinkage=0.04


Tree=8
num_leaves=27
num_cat=0
split_feature=7 4 7 2 8 9 8 9 9 4 4 7 9 8 9 4 9 7 7 9 4 0 4 9 0 7
split_gain=294817 68646.5 52574.1 19010.7 17011.4 14394 32585.4 34408.9 23616.1 21323 14190.8 13005.3 9617.35 9298.74 8386.38 3904 3677.67 3673.59 5372.66 2420.01 2050.39 1854.62 1577.21 1268.85 346.925 313.881
threshold=1.1445794666770477 -0.54960340275406028 -0.32033061487554942 1.0000000180025095e-35 -0.63134183865453442 -0.55305561176639195 -0.63134183865453442 0.85796275905731789 -1.157777770690839 -0.18419177575400311 -0.8784738670541119 1.0000000180025095e-35 1.4626849179817649 1.0000000180025095e-35 -1.4265431746572599 0.80241961714615162 -1.2921604726740494 1.0000000180025095e-35 0.26563341774548938 -1.0905864196992339 0.72933729174614026 -1.0000000180025095e-35 0.64407457877946017 -0.75462966474120774 0.74913504757291582 0.55861543405600889
decision_type=2 2 2 2 2 2 2 2 2 2 2 2 2 2 2 2 2 2 2 2 2 2 2 2 2 2
left_child=1 2 19 -3 10 8 9 11 14 -7 -4 -8 13 20 15 -5 -16 -6 -19 -1 -2 -10 -14 -21 -23 -20
right_child=12 3 4 5 17 6 7 -9 21 -11 -12 -13 22 -15 16 -17 -18 18 25 23 -22 24 -24 -25 -26 -27
leaf_value=-0.26825176698190195 0.74382432594299319 0.85208284755547836 -1.1590875715958446 -0.23194785608024135 -1.0633458280563355 1.2311416795077148 -0.70459746190479822 0.26741133161493247 0.73669513708934542 -0.39004930953979489 0.015837902241739733 -1.706080010576946 1.8152135989779519 1.9204934381555629 -0.96000369665951568 0.38748677099192586 -0.30485219015524939 -1.9336528592496305 -1.4308907086508615 0.38194052308797838 1.2511734518580713 0.30057226188480857 2.2070660427323094 -0.010120404672622681 0.48042902182888342 -1.2533821827656515
leaf_weight=27 25 36 38 41 33 27 42 37 41 25 29 41 42 27 29 27 26 37 28 28 26 32 27 25 37 37
leaf_count=27 25 36 38 41 33 27 42 37 41 25 29 41 42 27 29 27 26 37 28 28 26 32 27 25 37 37
internal_value=-0.00845153 -0.340473 -0.827884 -0.0287956 -1.17159 -0.107096 -0.384643 -0.747068 0.0977884 0.451723 -0.650538 -1.19931 1.62455 1.32025 -0.283041 0.0140041 -0.650296 -1.43019 -1.54887 0.0399816 1.00247 0.523624 1.96855 0.197006 0.397017 -1.32985
internal_weight=870 723 282 441 202 405 172 120 233 52 67 83 147 78 123 68 55 135 102 80 51 110 69 53 69 65
internal_count=870 723 282 441 202 405 172 120 233 52 67 83 147 78 123 68 55 135 102 80 51 110 69 53 69 65
is_linear=0
shrinkage=0.04


Tree=9
num_leaves=25
num_cat=0
split_feature=7 7 2 8 7 6 6 9 7 9 0 9 9 9 7 6 6 0 9 8 6 6 6 6
split_gain=271704 60083.7 48091.2 37088.6 50287.8 26258.7 37649.2 15805.2 14786.5 8863.35 8900.51 8213.47 7857.79 5109.11 4754.52 3127.36 2939.22 2748.57 1913.13 1692.01 1656.12 1093.41 589.893 1.73391
threshold=1.1445794666770477 -0.32033061487554942 1.0000000180025095e-35 -0.63134183865453442 0.85159745036652823 0.52988476228989012 -0.83438724912631701 -1.157777770690839 -0.61331263118606871 1.4626849179817649 -1.0000000180025095e-35 -0.082716154825155472 -1.5609258766404703 -0.88901236672441819 0.26563341774548938 -1.0617659176956848 0.41619542800520609 -1.0000000180025095e-35 0.11885789814966023 1.0000000180025095e-35 -0.26594057770289742 -0.37962991198758139 0.075127425151154323 0.52988476228989012
decision_type=2 2 2 2 2 2 2 2 2 2 2 2 2 2 2 2 2 2 2 2 2 2 2 2
left_child=1 7 -3 5 11 6 -4 12 13 10 -2 -5 -1 20 18 -14 -17 -10 -13 -15 -9 -16 -11 -23
right_child=9 2 3 4 -6 -7 -8 8 17 22 -12 14 15 19 21 16 -18 -19 -20 -21 -22 23 -24 -25
leaf_value=0.19990520942211151 1.8384261417388916 0.65767873265241317 -0.86727974233956173 -0.86969710522227817 0.18676593209567824 -1.1150309556892939 1.0256458230018617 0.5179037308692932 0.069548991497825174 2.0119617613517877 0.94768662323951713 -1.6047927623324925 -0.10256371773522477 0.59466193166646097 -1.159456845521927 -0.87581026438510778 -0.37880568701691097 -0.41962060257792472 -2.0413476878199082 1.0016642282559323 0.1084964707008628 -1.4649730587005616 1.7778285450405544 -1.4502193511962889
leaf_weight=40 28 38 29 36 38 35 40 25 34 33 50 36 29 44 32 33 45 40 29 26 43 26 36 25
leaf_count=40 28 38 29 36 38 35 40 25 34 33 50 36 29 44 32 33 45 40 29 26 43 26 36 25
internal_value=-0.00811346 -0.326854 -0.688985 -0.845958 -1.13798 -0.222609 0.230068 0.0403205 0.261326 1.55957 1.26744 -1.41157 -0.278409 0.505952 -1.54337 -0.457218 -0.589077 -0.194867 -1.79956 0.745834 0.259014 -1.34274 1.88981 -1.45774
internal_weight=870 723 364 326 222 104 69 359 212 147 78 184 147 138 148 107 78 74 65 70 68 83 69 51
internal_count=870 723 364 326 222 104 69 359 212 147 78 184 147 138 148 107 78 74 65 70 68 83 69 51
is_linear=0
shrinkage=0.04


Tree=10
num_leaves=28
num_cat=0
split_feature=9 9 8 4 4 4 7 9 4 9 9 9 7 4 7 9 9 4 4 4 9 0 4 4 4 4 8
split_gain=208988 59327.3 40555.9 40553.5 37118.5 31625.3 22703 15483.1 11287.8 8351.87 7529.25 6396.82 8255.16 5807.12 3036.54 3393.45 2666.07 2532.59 2208.69 2716.44 1782.39 1257.21 785.465 429.05 228.45 150.197 99.6403
threshold=1.0595368120321338 -0.48586426077478684 -0.63134183865453442 -0.81757192922076893 -0.14765061305399738 -0.48870146492071748 -1.1992766638071075 1.3954935669901598 0.88768233011283171 0.3876233021160812 -1.5609258766404703 -0.082716154825155472 0.26563341774548938 0.49790992797943717 -0.61331263118606871 -0.75462966474120774 0.85796275905731789 0.87550194254616309 -1.0002777427207976 -0.73230921625408896 -1.4265431746572599 0.74913504757291582 0.15685907611271704 -0.15983100062066594 0.30302372691273999 0.74151767931280876 1.0000000180025095e-35
decision_type=2 2 2 2 2 2 2 2 2 2 2 2 2 2 2 2 2 2 2 2 2 2 2 2 2 2 2
left_child=1 6 3 -3 11 -5 10 8 24 -7 -1 -4 26 14 15 21 -6 22 -14 -20 -12 23 -9 -8 -2 -22 -13
right_child=7 2 4 5 16 9 13 17 -10 -11 20 12 18 -15 -16 -17 -18 -19 19 -21 25 -23 -24 -25 -26 -27 -28
leaf_value=0.17429330715319005 0.63051777234444251 -1.0692539535869252 -0.7902875586696293 1.3321780769030251 -0.28975381690722246 -0.731372126865387 0.13023302350725446 1.6891991179330008 1.4680879624353513 0.25126930652126189 -0.25462790548801423 -1.6698443618774415 -1.4140969635009766 0.96726135840782745 -0.019144050496997255 0.81871697700940649 0.27774522613596037 2.0263139167785646 -0.68534346300980153 -1.2123203891866348 -0.67733265303796342 0.52358356671086681 1.3868255740624886 0.33952705813646317 0.46283661035390999 -0.5455574058532715 -1.7797111729213171
leaf_weight=41 26 44 46 36 26 25 42 28 36 31 35 25 25 26 33 26 27 25 29 34 31 29 27 25 26 25 28
leaf_count=41 26 44 46 36 26 25 42 28 36 31 35 25 25 26 33 26 27 25 29 34 31 29 27 25 26 25 28
internal_value=0.0247675 -0.283675 -0.622329 -0.0704685 -0.93505 0.407211 0.123142 1.28975 0.923618 -0.18741 -0.275774 -1.19988 -1.33351 0.414064 0.32127 0.413349 -0.000650531 1.6925 -1.09598 -0.969744 -0.478552 0.303561 1.54076 0.208328 0.546677 -0.618504 -1.72789
internal_weight=857 689 376 136 240 92 313 168 88 56 132 187 141 181 155 122 53 80 88 63 91 96 55 67 52 56 53
internal_count=857 689 376 136 240 92 313 168 88 56 132 187 141 181 155 122 53 80 88 63 91 96 55 67 52 56 53
is_linear=0
shrinkage=0.04


Tree=11
num_leaves=26
num_cat=0
split_feature=9 9 8 9 9 9 7 9 9 9 7 9 6 9 6 9 6 6 5 7 8 5 5 7 5
split_gain=192603 54676 37376.3 31452.4 25108.7 45089.2 20923.1 14269.3 10221.5 9156.32 9080.84 6938.96 5459.18 4279.56 4064.15 3713.05 3175.06 5546.57 3039.26 2963.19 2903.76 2205.45 1917.92 1237.86 818.617
threshold=1.0595368120321338 -0.48586426077478684 -0.63134183865453442 0.85796275905731789 1.0000000180025095e-35 0.45481465310768643 -1.1992766638071075 1.3954935669901598 -0.082716154825155472 0.79077140806571256 0.26563341774548938 -1.5609258766404703 0.41619542800520609 0.6563887060825021 0.18881675943583826 0.45481465310768643 -0.60700858055694906 -1.1754552519803687 -0.71349052288507664 -0.90629464749658817 -0.63134183865453442 1.0000000180025095e-35 -0.71349052288507664 -0.90629464749658817 -0.25066273765626779
decision_type=2 2 2 2 2 2 2 2 2 2 2 2 2 2 2 2 2 2 2 2 2 2 2 2 2
left_child=1 6 4 8 -3 -6 11 21 14 -7 24 -1 16 15 -4 -12 17 -8 20 -14 -13 -2 -9 -18 -10
right_child=7 2 3 -5 5 9 12 22 10 -11 13 18 19 -15 -16 -17 23 -19 -20 -21 -22 -23 -24 -25 -26
leaf_value=0.16732156782615476 0.69532988268396123 -0.88074562641836351 -0.9244650079339044 0.29133005734412903 1.3135349555015563 -0.9419508345373746 0.086450377326262623 1.4027201108081 -1.8087256145477295 0.10264494223594665 -1.1275172440210979 -0.57517033803242223 0.42689945849088523 -1.3651590404510499 -0.25118291488060585 -0.50328144565705335 -0.1866516764163971 0.77930979020065738 -0.75181368371418544 1.0199216982296535 0.0012684132723972715 1.0962397526559375 1.7975226807064479 0.20059208265372686 -1.5000368075900608
leaf_weight=41 46 42 32 31 40 29 38 35 28 25 30 27 26 35 26 31 25 36 35 28 29 42 45 28 27
leaf_count=41 46 42 32 31 40 29 38 35 28 25 30 27 26 35 26 31 25 36 35 28 29 42 45 28 27
internal_value=0.0237768 -0.272328 -0.597436 -0.897648 -0.0676498 0.295648 0.118216 1.23816 -1.074 -0.458342 -1.24737 -0.264743 0.397501 -1.01258 -0.622649 -0.810283 0.254256 0.423517 -0.45941 0.734392 -0.276657 0.886673 1.6248 0.0179299 -1.65719
internal_weight=857 689 376 240 136 94 313 168 209 54 151 132 181 96 58 61 127 74 91 54 56 88 80 53 55
internal_count=857 689 376 240 136 94 313 168 209 54 151 132 181 96 58 61 127 74 91 54 56 88 80 53 55
is_linear=0
shrinkage=0.04


Tree=12
num_leaves=25
num_cat=0
split_feature=9 9 9 8 9 9 7 9 9 9 9 7 9 9 5 8 5 7 5 8 0 9 5 0
split_gain=177503 50569 33988.4 30461.2 28933.3 21202.2 14987.7 13150.5 9283.92 9065.11 7706.68 6456.7 6394.94 4950.18 3920.64 3208.49 8935.24 4931.73 2800.98 2676.1 2653.47 2135.01 1767.56 1.32657
threshold=1.0595368120321338 -0.35148155879157633 0.3876233021160812 -0.63134183865453442 0.72358005707410744 0.85796275905731789 -1.1992766638071075 1.3954935669901598 -0.55305561176639195 0.11885789814966023 1.0000000180025095e-35 0.26563341774548938 -1.5609258766404703 0.6563887060825021 1.0000000180025095e-35 1.0000000180025095e-35 1.1378206180301593 -0.90629464749658817 -0.71349052288507664 -0.63134183865453442 1.0000000180025095e-35 -0.88901236672441819 -0.71349052288507664 -1.0000000180025095e-35
decision_type=2 2 2 2 2 2 2 2 2 2 2 2 2 2 2 2 2 2 2 2 2 2 2 2
left_child=1 6 9 4 -4 13 12 20 15 10 14 -11 -1 -5 -3 16 21 -17 19 -14 -2 -8 -9 -16
right_child=7 2 3 5 -6 -7 8 22 -10 11 -12 -13 18 -15 23 17 -18 -19 -20 -21 -22 -23 -24 -25
leaf_value=0.16062870787411199 1.0471629360257364 -1.378250516962122 1.4000891579786938 -0.66644682248433429 -0.34244882975855184 0.2796768589750413 0.35879842188931549 1.3466113105501447 -0.18851249427795411 -1.7777605342864991 -0.24307428175403226 -0.96777069783979841 -0.55216353615125024 -1.3105527041299001 -0.78140478684351988 0.26831659600734709 -0.30707577788404056 1.0290110317071279 -0.72174115245682857 0.0012176828651592651 0.60500439179249299 0.78295508938450964 1.7256217748853897 -0.79395225141729631
leaf_weight=41 49 27 30 42 31 31 49 35 50 32 31 31 27 35 26 25 28 30 35 29 39 31 45 28
leaf_count=41 49 27 30 42 31 31 49 35 50 32 31 31 27 35 26 25 28 30 35 29 39 31 45 28
internal_value=0.0228257 -0.261435 -0.604616 -0.20002 0.514537 -0.603612 0.0807506 1.18863 0.288297 -0.99534 -0.779422 -1.37919 -0.254154 -0.959222 -0.984691 0.434557 0.307913 0.683241 -0.441033 -0.265591 0.851206 0.523159 1.5598 -0.787911
internal_weight=857 689 344 169 61 108 345 168 213 175 112 63 132 77 81 163 108 55 91 56 88 80 80 54
internal_count=857 689 344 169 61 108 345 168 213 175 112 63 132 77 81 163 108 55 91 56 88 80 80 54
is_linear=0
shrinkage=0.04


Tree=13
num_leaves=27
num_cat=0
split_feature=7 4 7 3 8 6 4 7 7 7 7 8 6 5 7 6 5 6 6 4 4 7 6 7 5 6
split_gain=162030 49125.3 27315.6 21527 15197.1 21713.4 14827.1 24624 20692.9 8881.25 7670.98 7574.9 4941.1 6212.36 4374.66 4056.45 3706.84 2864 2586.55 2239.19 2234.7 1811.87 1503.28 1439.13 663.585 220.393
threshold=1.1445794666770477 -0.54960340275406028 -0.61331263118606871 1.0000000180025095e-35 -0.63134183865453442 0.52988476228989012 -0.46434068978738036 -0.32033061487554942 0.85159745036652823 -1.1992766638071075 1.4375614829875671 1.0000000180025095e-35 -1.0617659176956848 1.0000000180025095e-35 -0.61331263118606871 -0.72069791484163315 1.0000000180025095e-35 -0.26594057770289742 -0.37962991198758139 0.42482760257942576 0.765878454446146 -1.4922586801176267 1.0000000180025095e-35 0.55861543405600889 -0.25066273765626779 0.18881675943583826
decision_type=2 2 2 2 2 2 2 2 2 2 2 2 2 2 2 2 2 2 2 2 2 2 2 2 2 2
left_child=1 2 16 6 5 -4 -3 9 17 15 11 20 -6 23 19 -8 -1 -9 -12 22 -2 -17 -11 24 -14 -16
right_child=10 3 4 -5 12 -7 7 8 -10 14 18 -13 13 -15 25 21 -18 -19 -20 -21 -22 -23 -24 -25 -26 -27
leaf_value=-0.17269338198006154 0.40223227047920229 0.8192870051285317 0.11283032679557801 0.903042835139093 -0.57900231094360355 -1.2345828147857421 0.22755520531109402 -1.4274122318426767 -0.03553455241784758 0.13634766072034837 1.2170399772644043 1.5010790549384223 -1.6565635240994967 -0.74311710126259756 -0.07804478989707099 -0.15055835950665358 0.457514044046402 -0.85383315159724305 1.7265449814362959 0.76597083087320683 0.93706142120361335 -0.53663903858210593 0.51567031598091129 -1.1693489071630663 -1.3707804738329008 0.086774797677993773
leaf_weight=32 25 29 50 42 25 31 28 30 49 32 25 27 26 34 27 41 28 26 44 27 25 37 35 31 26 25
leaf_count=32 25 29 50 42 25 31 28 30 49 32 25 27 26 34 27 41 28 26 44 27 25 37 35 31 26 25
internal_value=0.0219127 -0.227322 -0.636213 0.0430417 -0.840055 -0.402846 -0.0505335 -0.121191 -0.63584 0.0932459 1.23565 0.961188 -1.08945 -1.19852 0.295582 -0.185443 0.121403 -1.16111 1.54194 0.458434 0.669647 -0.333699 0.334501 -1.38507 -1.51367 0.0011954
internal_weight=857 711 283 428 223 81 386 357 105 252 146 77 142 117 146 106 60 56 69 94 50 78 67 83 52 52
internal_count=857 711 283 428 223 81 386 357 105 252 146 77 142 117 146 106 60 56 69 94 50 78 67 83 52 52
is_linear=0
shrinkage=0.04


Tree=14
num_leaves=26
num_cat=0
split_feature=9 9 4 9 9 9 7 9 9 4 6 9 7 4 4 4 6 7 5 4 4 5 6 4 9
split_gain=151523 42657.9 32512.1 18020.7 43536 19760.6 16726.2 11069.5 10807.4 10233.4 10175.4 5746.76 5554.97 10490.7 4885.28 4012.34 3272.31 3172.85 2537.52 2309.47 1939.11 2196.05 1920.36 700.662 195.515
threshold=1.0595368120321338 -0.48586426077478684 -0.80539154165410043 0.3876233021160812 0.58919735509089699 0.85796275905731789 -1.1992766638071075 1.3954935669901598 0.11885789814966023 0.88768233011283171 -0.72069791484163315 -1.5609258766404703 0.26563341774548938 -1.012458130287466 0.49790992797943717 -0.46434068978738036 0.30250609372052223 1.0000000180025095e-35 -0.71349052288507664 0.87550194254616309 -0.22073293845400885 1.1378206180301593 0.18881675943583826 0.15685907611271704 -1.4265431746572599
decision_type=2 2 2 2 2 2 2 2 2 2 2 2 2 2 2 2 2 2 2 2 2 2 2 2 2
left_child=1 6 12 8 -5 -6 11 9 10 22 -4 -1 17 -14 16 -12 20 -3 24 23 21 -8 -2 -9 -13
right_child=7 2 3 4 5 -7 14 19 -10 -11 15 18 13 -15 -16 -17 -18 -19 -20 -21 -22 -23 -24 -25 -26
leaf_value=0.15415841445690248 0.66357557817741675 -1.0714482429623604 -1.0730494823455812 1.4760784127031052 -0.99078524386882783 0.21881191571421446 0.20227597740292549 1.4339926876340594 -1.2068180618141637 1.3069927242232695 0.20741004438169541 -0.18209100559654257 -1.3373903429508209 -0.34835594048371188 0.86046528073457562 -0.38398653999964394 0.54656314520125693 -1.6663392859238846 -0.68337719443866196 1.7574679488420486 0.36338593890027304 -0.26460497953273632 0.1770555145263672 1.1484081972969904 -0.33243760900497438
leaf_weight=41 27 32 25 28 40 47 40 28 33 36 31 31 32 37 26 45 47 26 35 25 41 27 25 27 25
leaf_count=41 27 32 25 28 40 47 40 28 33 36 31 31 32 37 26 45 47 26 35 25 41 27 25 27 25
internal_value=0.0210362 -0.2416 -0.528763 -0.263124 0.1042 -0.337325 0.103363 1.09816 -0.578365 0.788576 -0.373029 -0.239041 -1.04958 -0.807039 0.353072 -0.142759 0.267961 -1.33812 -0.416197 1.43869 0.146718 0.0141299 0.429672 1.2938 -0.24921
internal_weight=857 689 376 249 115 87 313 168 134 88 101 132 127 69 181 76 155 58 91 80 108 67 52 55 56
internal_count=857 689 376 249 115 87 313 168 134 88 101 132 127 69 181 76 155 58 91 80 108 67 52 55 56
is_linear=0
shrinkage=0.04


Tree=15
num_leaves=24
num_cat=0
split_feature=7 4 7 8 6 6 7 7 2 7 5 7 6 7 7 4 7 6 4 7 4 4 8
split_gain=154366 52930 43543.7 20902.9 18067.8 16429.7 10704 10233.4 10222.8 8226.7 5737.69 5506.69 3843.96 3754.92 5697.09 3535.67 3357.62 3197.44 3144.41 1929.9 1735.63 1452.67 358.125
threshold=1.1445794666770477 -0.038027124953980203 -0.32033061487554942 -0.63134183865453442 0.64357409657457409 -0.94807658341100087 1.4375614829875671 -1.1992766638071075 1.0000000180025095e-35 0.55861543405600889 1.0000000180025095e-35 -0.61331263118606871 0.41619542800520609 -0.61331263118606871 -0.90629464749658817 0.64407457877946017 1.0000000180025095e-35 0.075127425151154323 0.80241961714615162 0.26563341774548938 1.3261762825129007 0.25430217664606569 1.0000000180025095e-35
decision_type=2 2 2 2 2 2 2 2 2 2 2 2 2 2 2 2 2 2 2 2 2 2 2
left_child=1 2 7 4 5 -4 12 -1 -3 16 18 -12 -2 14 -9 -8 -5 -11 21 22 -20 -10 -18
right_child=6 8 3 9 -6 -7 15 13 10 17 11 -13 -14 -15 -16 -17 19 -19 20 -21 -22 -23 -24
leaf_value=-0.57895906529643326 0.55265588586980652 0.87913100141286848 -0.80298770867861236 -0.95104611541913897 -1.2297239430745444 0.47074603812639104 1.2562925462519869 -0.05875759278024946 -0.065318164253234862 -0.38983333156954858 0.64976483041589916 0.033280058519876733 1.1661144572037916 -0.16174902784308262 0.58559606023456734 1.8240968588420325 -1.4265125613742404 -0.99132732033729554 0.36622928504943852 -1.1701622108979659 -0.075620837934089441 -0.46454018773351402 -1.6345045471191406
leaf_weight=44 44 30 26 46 27 43 47 42 25 31 44 49 26 48 46 28 27 26 25 44 33 35 26
leaf_count=44 44 30 26 46 27 43 47 42 25 31 44 49 26 48 46 28 27 26 25 44 33 35 26
internal_value=-0.0540548 -0.294772 -0.539316 -0.837654 -0.352481 -0.00921161 1.13625 -0.0487142 0.188227 -1.07054 0.0899941 0.32495 0.780512 0.122836 0.278064 1.46827 -1.23251 -0.664199 -0.0951832 -1.36598 0.114832 -0.298198 -1.52855
internal_weight=862 717 476 296 96 69 145 180 241 200 211 93 70 136 88 75 143 57 118 97 58 60 53
internal_count=862 717 476 296 96 69 145 180 241 200 211 93 70 136 88 75 143 57 118 97 58 60 53
is_linear=0
shrinkage=0.04


Tree=16
num_leaves=26
num_cat=0
split_feature=9 9 3 9 8 7 6 7 7 9 4 4 6 7 8 6 4 5 9 7 9 4 4 5 9
split_gain=142965 48442 32255.6 14913.9 14580.1 21527 16262.4 20093.3 12380.9 11393.5 5751.94 5627.44 4946.51 4471.85 6364.75 8845.48 3712.84 3476.61 2253.46 3133.56 1875.21 1837.01 3860.02 1097.02 515.333
threshold=1.0595368120321338 -0.28429020779997111 1.0000000180025095e-35 1.3954935669901598 -0.63134183865453442 0.85159745036652823 0.52988476228989012 0.55861543405600889 -1.1992766638071075 -0.55305561176639195 0.92422349281283744 0.80241961714615162 0.30250609372052223 -0.90629464749658817 -0.63134183865453442 0.075127425151154323 0.87550194254616309 1.0000000180025095e-35 -0.082716154825155472 0.26563341774548938 -1.4265431746572599 -0.63486611572074036 -0.96373658002079188 -0.71349052288507664 0.11885789814966023
decision_type=2 2 2 2 2 2 2 2 2 2 2 2 2 2 2 2 2 2 2 2 2 2 2 2 2
left_child=1 8 4 10 6 18 7 -3 11 13 -2 20 -11 17 -15 -16 23 -10 -6 24 -1 22 -21 -5 -20
right_child=3 2 -4 16 5 -7 -8 -9 9 12 -12 -13 -14 14 15 -17 -18 -19 19 21 -22 -23 -24 -25 -26
leaf_value=-0.32707977936010474 0.32228830134614989 0.48259661962819655 0.43956995279361039 0.99771265103266782 -0.83348419897896908 0.10789849207951474 -1.2020077931439435 -0.94345625457763671 -0.17101559762031801 -0.54619247831202844 0.99419066373672749 0.067761771512586014 0.13294536292552947 0.086015760878036765 0.36843049800757205 1.3446723498238458 1.7657631298211904 0.39334474444389345 -1.3099853422982353 -1.285445316388057 -0.71939817200388234 -1.3178011802526621 -0.64201894320760455 1.3451281290343315 -1.5450830239516038
leaf_weight=44 47 43 39 26 35 26 27 25 31 37 36 43 32 29 33 27 26 40 35 26 35 26 35 33 26
leaf_count=44 47 43 39 26 35 26 27 25 31 37 36 43 32 29 33 27 26 40 35 26 35 26 35 33 26
internal_value=-0.0518926 -0.305345 -0.643408 0.995107 -0.782343 -0.969107 -0.371463 -0.0416875 0.025013 0.198412 0.613716 -0.300465 -0.23123 0.383695 0.572571 0.807739 1.36752 0.146934 -1.12212 -1.19038 -0.500892 -1.03627 -0.916266 1.19203 -1.41019
internal_weight=862 694 343 168 304 209 95 68 351 229 83 122 69 160 89 60 85 71 183 148 79 87 61 59 61
internal_count=862 694 343 168 304 209 95 68 351 229 83 122 69 160 89 60 85 71 183 148 79 87 61 59 61
is_linear=0
shrinkage=0.04


Tree=17
num_leaves=24
num_cat=0
split_feature=7 4 7 8 6 5 7 2 7 7 5 7 4 7 7 4 6 7 4 7 4 4 8
split_gain=131586 45689.3 36944.4 17817.2 15528.6 15861.2 9115.38 8962.95 8662.76 6979.07 4830.5 4753.11 3393.17 3138.5 4927.25 3075.28 2869.08 2836.47 2615.41 1631.13 1594.57 1341.69 327.132
threshold=1.1445794666770477 -0.038027124953980203 -0.32033061487554942 -0.63134183865453442 0.64357409657457409 -0.25066273765626779 1.4375614829875671 1.0000000180025095e-35 -1.1992766638071075 0.55861543405600889 1.0000000180025095e-35 -0.61331263118606871 0.51009031554610584 -0.61331263118606871 -0.90629464749658817 0.64407457877946017 0.075127425151154323 1.0000000180025095e-35 0.80241961714615162 0.26563341774548938 1.3261762825129007 0.25430217664606569 1.0000000180025095e-35
decision_type=2 2 2 2 2 2 2 2 2 2 2 2 2 2 2 2 2 2 2 2 2 2 2
left_child=1 2 8 4 5 -4 12 -3 -1 17 18 -12 -2 14 -10 -8 -11 -5 21 22 -20 -9 -19
right_child=6 7 3 9 -6 -7 15 10 13 16 11 -13 -14 -15 -16 -17 -18 19 20 -21 -22 -23 -24
leaf_value=-0.53522779242558916 0.37979306510516575 0.82361468124389647 0.6635498299137238 -0.87956340375153919 -1.139403098071063 -0.5556639207036872 1.1578535089086979 -0.046548812961578367 -0.060853881268274214 -0.35492044387325167 0.60205900246446786 0.029307677405221121 0.94826425189063657 -0.14971021038169663 0.53838508046191669 1.6874008733885628 -0.92469246580050535 -1.3128731353194625 0.34729692497253417 -1.0809144362536345 -0.076218394799665967 -0.43021914591108051 -1.5116613270686226
leaf_weight=44 28 30 31 46 27 38 47 25 42 31 44 49 42 48 46 28 26 27 25 44 33 35 26
leaf_count=44 28 30 31 46 27 38 47 25 42 31 44 49 42 48 46 28 26 27 25 44 33 35 26
internal_value=-0.0498169 -0.272064 -0.499266 -0.774069 -0.326136 -0.00790122 1.04916 0.176684 -0.0473681 -0.989077 0.0847038 0.300287 0.720876 0.110469 0.252385 1.35555 -0.614816 -1.13826 -0.0852049 -1.26094 0.106331 -0.270357 -1.41039
internal_weight=862 717 476 296 96 69 145 241 180 200 211 93 70 136 88 75 57 143 118 97 58 60 53
internal_count=862 717 476 296 96 69 145 241 180 200 211 93 70 136 88 75 57 143 118 97 58 60 53
is_linear=0
shrinkage=0.04


Tree=18
num_leaves=27
num_cat=0
split_feature=9 9 2 9 9 9 9 9 4 6 5 4 6 0 4 4 5 5 5 4 9 5 6 4 5 9
split_gain=122226 41304.2 27840.9 12560.3 11260.1 9070.79 10091.6 9741.8 5723.41 8269.92 15349.8 5067.42 4505.53 3447.95 3283.21 2935.81 2274.52 1996.68 1953.78 1824.36 1591.22 1517.88 1375.1 1245.26 993.456 250.368
threshold=1.0595368120321338 -0.28429020779997111 1.0000000180025095e-35 1.3954935669901598 0.92515411004892301 -1.157777770690839 -0.55305561176639195 -1.6281172276320757 -0.97591696758746049 0.64357409657457409 -0.25066273765626779 0.92422349281283744 0.41619542800520609 0.74913504757291582 0.87550194254616309 -0.73230921625408896 -1.1763183081138855 1.0000000180025095e-35 1.1378206180301593 -1.1342620059541517 -1.2921604726740494 -0.25066273765626779 -0.49331924627226525 -0.57396417788739751 -0.71349052288507664 -1.493734525648865
decision_type=2 2 2 2 2 2 2 2 2 2 2 2 2 2 2 2 2 2 2 2 2 2 2 2 2 2
left_child=1 5 -3 11 8 7 17 -1 19 10 23 -2 -8 15 24 -12 25 -7 22 -4 -18 -11 -19 -10 -5 -9
right_child=3 2 4 14 -6 6 12 16 9 21 13 -13 -14 -15 -16 -17 20 18 -20 -21 -22 -23 -24 -25 -26 -27
leaf_value=0.47841869888305666 0.29671698255741846 0.4118039656908084 -0.94287928846147329 0.91208485493293179 -0.00098750956596866746 0.12127443658678155 -0.49892351893660347 -0.2962895026573768 -0.18471469811030797 -1.3227060826893509 -0.66541370758643525 0.92737277547518415 0.15310188730557761 -0.49310616247115596 1.6365211021900177 -1.2038413517974145 -0.77221229346593223 0.78911343892415364 0.23111095747886559 -1.3691855782475966 -0.34894035604265 -0.90181107924534731 0.430863933801651 0.20368510589599609 1.2426954206914613 -0.12238167418373955
leaf_weight=25 47 39 36 26 31 38 39 26 28 29 26 36 30 31 26 43 30 30 39 29 27 26 40 25 33 27
leaf_count=25 47 39 36 26 31 38 39 26 28 29 26 36 30 31 26 43 30 30 39 29 27 26 40 25 33 27
internal_value=-0.0478243 -0.282173 -0.594338 0.920261 -0.723416 0.0228764 0.183633 -0.234334 -0.805449 -0.703066 -0.551844 0.570254 -0.215434 -0.843522 1.26203 -1.00096 -0.396324 0.37095 0.457993 -1.13308 -0.571715 -1.12374 0.584399 -0.00150724 1.097 -0.207695
internal_weight=862 694 343 168 304 351 216 135 273 208 153 83 69 100 85 69 110 147 109 65 57 55 70 53 59 53
internal_count=862 694 343 168 304 351 216 135 273 208 153 83 69 100 85 69 110 147 109 65 57 55 70 53 59 53
is_linear=0
shrinkage=0.04


Tree=19
num_leaves=27
num_cat=0
split_feature=9 9 2 9 9 9 9 9 4 6 5 4 6 6 9 0 4 4 4 5 4 6 5 4 4 9
split_gain=112644 38065.9 25658.2 11575.6 10377.3 8359.64 9362.79 8978.04 5274.69 7621.56 14146.4 4670.14 3983.78 3266.94 4726.58 3177.63 3025.81 2705.64 2184.4 2096.19 1681.33 1537.43 1398.87 1147.63 983.829 230.74
threshold=1.0595368120321338 -0.28429020779997111 1.0000000180025095e-35 1.3954935669901598 0.92515411004892301 -1.157777770690839 -0.62024696275799729 -1.6281172276320757 -0.97591696758746049 0.64357409657457409 -0.25066273765626779 0.92422349281283744 0.41619542800520609 -0.60700858055694906 -0.82182101573281285 0.74913504757291582 0.87550194254616309 -0.73230921625408896 -0.24509371358734597 -1.1763183081138855 -1.1342620059541517 0.18881675943583826 -0.25066273765626779 -0.57396417788739751 0.15685907611271704 -1.493734525648865
decision_type=2 2 2 2 2 2 2 2 2 2 2 2 2 2 2 2 2 2 2 2 2 2 2 2 2 2
left_child=1 5 -3 11 8 7 13 -1 20 10 23 -2 18 -7 -15 17 24 -12 -8 25 -4 -21 -11 -10 -5 -9
right_child=3 2 4 16 -6 6 12 19 9 22 15 -13 -14 14 -16 -17 -18 -19 -20 21 -22 -23 -24 -25 -26 -27
leaf_value=0.45928195896148682 0.28484830318613258 0.39533179943378161 -0.90516411251491979 1.1981076869820104 -0.00094801452852064571 0.70974519319004492 -0.62051344244568429 -0.28443792141400853 -0.17732613495418004 -1.2697978419271008 -0.6387971672644982 0.89027786771456408 0.20183431317729333 -0.018558705896139144 0.53991265374787001 -0.47338190078735354 1.5710602422173208 -1.1556876927752828 -0.10162259273529052 -0.73246426269412046 -1.3144181654371065 -0.31381569633483891 -0.86573863368767956 0.1955377197265625 0.86910289187843992 -0.11748640881644357
leaf_weight=25 47 39 36 33 31 36 27 26 28 29 26 36 31 48 49 31 26 43 25 32 29 25 26 25 26 27
leaf_count=25 47 39 36 33 31 36 27 26 28 29 26 36 31 48 49 31 26 43 25 32 29 25 26 25 26 27
internal_value=-0.0459113 -0.270886 -0.570565 0.88345 -0.694479 0.0219614 0.176288 -0.224961 -0.773232 -0.674943 -0.52977 0.547444 -0.157079 0.384329 0.263556 -0.809781 1.21155 -0.960917 -0.371047 -0.380471 -1.08775 -0.548846 -1.07879 -0.00144696 1.05312 -0.199387
internal_weight=862 694 343 168 304 351 216 135 273 208 153 83 83 133 97 100 85 69 52 110 65 57 55 53 59 53
internal_count=862 694 343 168 304 351 216 135 273 208 153 83 83 133 97 100 85 69 52 110 65 57 55 53 59 53
is_linear=0
shrinkage=0.04


Tree=20
num_leaves=25
num_cat=0
split_feature=9 9 9 9 9 0 9 9 9 9 6 6 9 6 4 9 4 0 5 5 5 0 9 4
split_gain=97943.8 34859.9 23036 20787.4 14065.2 8362.24 5761.18 10047.9 8942.06 5696.57 5111.71 4753.4 5119.36 7400.46 4334.77 3589.54 3759.27 3411.59 2617.32 2484.95 2942.47 1497.26 393.776 59.4339
threshold=1.0595368120321338 -0.28429020779997111 0.3876233021160812 0.58919735509089699 0.85796275905731789 1.0000000180025095e-35 -1.6281172276320757 -1.2249691216824441 -0.62024696275799729 0.051666547158054986 1.3257101022826776 0.87095276514394182 1.4626849179817649 -0.60700858055694906 -0.26945448872068306 0.11885789814966023 -0.64704650328740898 -1.0000000180025095e-35 -0.71349052288507664 1.0000000180025095e-35 1.1378206180301593 1.0000000180025095e-35 -1.4265431746572599 0.16903946367938563
decision_type=2 2 2 2 2 2 2 2 2 2 2 2 2 2 2 2 2 2 2 2 2 2 2 2
left_child=1 6 5 -4 17 15 -1 18 19 -7 11 12 13 -2 -10 16 -3 -5 22 -9 21 -21 23 -8
right_child=10 2 3 4 -6 9 7 8 14 -11 -12 -13 -14 -15 -16 -17 -18 -19 -20 20 -22 -23 -24 -25
leaf_value=0.64960761785507204 1.1378789161752771 -1.1181062713036172 0.56453363377115007 -0.50371029245442356 0.081728124390257159 -0.091960241198539738 -0.069216946029663093 0.1130210846509689 -0.43482753532688789 -0.83553447218502275 0.37916744342217079 1.4558150122421127 1.1923310931869175 0.26183366643057931 0.13375562275780573 -1.367594653980152 -0.48975904617309568 -1.0866784975263808 -0.6504325991630554 0.82091682275136313 0.18982210089178647 0.43091323801449372 -0.29810141267447637 -0.1564381664276123
leaf_weight=26 27 39 46 29 47 32 25 39 41 34 26 28 46 36 45 37 25 36 25 36 34 28 29 25
leaf_count=26 27 39 46 29 47 32 25 39 41 34 26 28 46 36 45 37 25 36 25 36 34 28 29 25
internal_value=0.0129738 -0.198682 -0.497601 -0.151381 -0.445418 -0.825162 0.0765272 0.0309611 0.182383 -0.475014 0.893357 0.99094 0.871523 0.637282 -0.137313 -1.05397 -0.872658 -0.826585 -0.293722 0.383068 0.490536 0.65029 -0.180839 -0.112828
internal_weight=841 678 325 158 112 167 353 327 223 66 163 137 109 63 86 101 64 65 104 137 98 64 79 50
internal_count=841 678 325 158 112 167 353 327 223 66 163 137 109 63 86 101 64 65 104 137 98 64 79 50
is_linear=0
shrinkage=0.04


Tree=21
num_leaves=25
num_cat=0
split_feature=7 4 7 2 9 9 9 9 7 9 4 9 0 9 5 0 9 5 0 4 4 0 4 9
split_gain=95371.8 32464.6 19751.5 10184.9 6592.97 5843.96 5301.69 5380.58 5338.44 4837.84 10984 12359.2 4137.38 4069.36 3553.47 4489.11 4274.83 3493.75 2913.95 1531.63 1487.09 3454.76 822.577 1322.05
threshold=1.1445794666770477 -0.52524262762072316 -0.61331263118606871 1.0000000180025095e-35 0.11885789814966023 0.85796275905731789 -1.157777770690839 -1.4265431746572599 -0.61331263118606871 0.32043195112447598 -1.0002777427207976 0.6563887060825021 -0.7491350475729156 1.4626849179817649 1.1378206180301593 -1.0000000180025095e-35 0.051666547158054986 1.0000000180025095e-35 1.0000000180025095e-35 0.65625496634612879 -0.34253681412069453 1.0000000180025095e-35 0.40046682744608858 -0.88901236672441819
decision_type=2 2 2 2 2 2 2 2 2 2 2 2 2 2 2 2 2 2 2 2 2 2 2 2
left_child=1 2 17 -3 6 -6 7 18 22 14 -11 -12 -2 19 15 -4 -17 -1 -5 -14 -10 -22 23 -8
right_child=12 3 9 4 5 -7 8 -9 20 10 11 -13 13 -15 -16 16 -18 -19 -20 -21 21 -23 -24 -25
leaf_value=-0.10602735584273058 1.305858992677182 0.66886373960054846 -1.2406507653968279 -0.12328859454707095 -0.72972975394305073 -0.038153003765189132 0.15043657099759139 -0.44843160828765555 -0.25941800475120547 -1.1043737302507672 0.35847118895394459 -0.72916510738432405 0.40799563439687092 1.1200728233470474 -0.47073150544553188 -0.38718692481517791 -1.0518166038195293 0.51687813568115237 0.41448814077036722 0.81934562759740015 -0.20036823609779622 0.42254656153065817 0.62809622303797652 0.52534725364516766
leaf_weight=34 40 39 43 38 34 46 27 49 26 28 35 32 30 43 37 32 30 25 28 28 29 28 26 34
leaf_count=34 40 39 43 38 34 46 27 49 26 28 35 32 30 43 37 32 30 25 28 28 29 28 26 34
internal_value=0.0124548 -0.178721 -0.496965 0.0544486 -0.0112012 -0.332073 0.0788681 -0.130891 0.220764 -0.659995 -0.439045 -0.160997 0.961553 0.825195 -0.807814 -0.926595 -0.708782 0.157916 0.104859 0.606578 -0.00872582 0.105625 0.439702 0.359403
internal_weight=841 700 296 404 365 80 285 115 170 237 95 67 141 101 142 105 62 59 66 58 83 57 87 61
internal_count=841 700 296 404 365 80 285 115 170 237 95 67 141 101 142 105 62 59 66 58 83 57 87 61
is_linear=0
shrinkage=0.04


Tree=22
num_leaves=27
num_cat=0
split_feature=7 4 7 2 9 6 6 4 9 4 9 6 0 9 9 6 0 9 9 7 6 4 7 9 9 6
split_gain=87894.6 29919.4 18203 9386.41 6076.09 7350.14 7183.29 5407.65 4458.56 10122.8 11390.2 3860.69 3813.01 3750.33 3155.38 4106.15 2409.36 2141.58 2081.55 2037.74 1455.45 1414.55 1291.47 1062.54 573.566 540.794
threshold=1.1445794666770477 -0.52524262762072316 -0.61331263118606871 1.0000000180025095e-35 0.11885789814966023 -0.49331924627226525 -1.0617659176956848 0.68061574147946591 0.32043195112447598 -1.0002777427207976 0.6563887060825021 0.41619542800520609 -0.7491350475729156 1.4626849179817649 0.11885789814966023 -1.0617659176956848 1.0000000180025095e-35 -1.0905864196992339 -0.14990750581676068 -1.1992766638071075 0.98464209942862591 0.58317264094611732 -1.1992766638071075 -0.88901236672441819 -1.0905864196992339 0.075127425151154323
decision_type=2 2 2 2 2 2 2 2 2 2 2 2 2 2 2 2 2 2 2 2 2 2 2 2 2 2
left_child=1 2 17 -3 5 6 23 25 14 -10 -11 22 -2 21 15 -4 18 -1 -17 -13 -21 -14 -7 -5 -8 -6
right_child=12 3 8 4 7 11 24 -9 9 10 -12 19 13 -15 -16 16 -18 -19 -20 20 -22 -23 -24 -25 -26 -27
leaf_value=-0.093512104783111338 1.2536246328353882 0.64210919820345369 -1.099594225700085 0.18940789176867559 -0.42331057181725135 -0.52086758432717162 0.54136695054070705 0.1419703534797386 -1.060198781830924 0.34413234002249582 -0.69999850302934652 -0.13838605953299482 0.36316407680511475 1.0752699279092079 -1.09314102300921 -0.41933623102995066 -0.20467880579141473 0.38853978319962823 -0.92078103571026415 0.4202009158709954 0.037009872981480195 0.76037559494376183 -0.16839507206892357 -0.16885450327837909 0.80281150131225587 -0.67890151906896523
leaf_weight=29 40 39 26 26 26 29 29 27 28 35 32 46 26 43 37 26 26 30 27 29 35 32 39 27 25 27
leaf_count=29 40 39 26 26 26 29 29 27 28 35 32 46 26 43 37 26 26 30 27 29 35 32 39 27 25 27
internal_value=0.0119566 -0.171572 -0.477087 0.0522707 -0.0107532 0.0757134 0.337715 -0.31879 -0.633595 -0.421483 -0.154557 -0.0817818 0.923091 0.792187 -0.775501 -0.663571 -0.520069 0.151599 -0.674789 0.0646856 0.210643 0.582315 -0.318714 0.00689686 0.662406 -0.553517
internal_weight=841 700 296 404 365 285 107 80 237 95 67 178 141 101 142 105 79 59 53 110 64 58 68 53 54 53
internal_count=841 700 296 404 365 285 107 80 237 95 67 178 141 101 142 105 79 59 53 110 64 58 68 53 54 53
is_linear=0
shrinkage=0.04


Tree=23
num_leaves=25
num_cat=0
split_feature=9 9 9 9 9 0 9 9 9 9 6 6 6 9 4 9 4 0 6 4 5 4 6 5
split_gain=77386.3 27683.5 19228.3 18262.7 11470.3 6916.47 5089.82 8377.29 7235.02 4781.44 4228.73 4636.99 4782.25 5878.88 3413.96 3147.01 3106.61 3030.72 2381.81 2504.75 2312.18 1304.99 328.853 647.211
threshold=1.0595368120321338 -0.28429020779997111 0.3876233021160812 0.58919735509089699 0.85796275905731789 1.0000000180025095e-35 -1.6281172276320757 -1.2249691216824441 -0.62024696275799729 0.051666547158054986 1.3257101022826776 0.87095276514394182 -0.83438724912631701 1.4626849179817649 -0.26945448872068306 0.11885789814966023 -0.64704650328740898 -1.0000000180025095e-35 0.98464209942862591 -0.12328983792066023 -0.71349052288507664 -0.65922689085407749 0.075127425151154323 -1.6391460933426945
decision_type=2 2 2 2 2 2 2 2 2 2 2 2 2 2 2 2 2 2 2 2 2 2 2 2
left_child=1 6 5 -4 17 15 -1 20 18 -7 11 12 -2 -14 -10 16 -3 -5 19 21 22 -9 -8 -24
right_child=10 2 3 4 -6 9 7 8 14 -11 -12 -13 13 -15 -16 -17 -18 -19 -20 -21 -22 -23 23 -25
leaf_value=0.60724781421514662 1.1669237631017513 -1.0037538063831819 0.54430938072826551 -0.44222410300682335 0.073715556073696051 -0.072921881377696993 -0.051345333523220481 0.47363860909755418 -0.38757220256619335 -0.75415664799073168 0.3263579166852511 1.3419367834499902 0.26521197161296522 0.97102244499751511 0.11701996077431574 -1.2440515479526004 -0.43254979248046871 -0.99168837759229878 0.015472488658768791 0.64523218130071958 -0.60597391949892043 0.099520722116742816 -0.37006335477828978 -0.087619019790931979
leaf_weight=26 33 39 46 29 47 32 27 26 41 34 26 28 41 35 45 37 25 36 28 48 25 35 25 27
leaf_count=26 33 39 46 29 47 32 27 26 41 34 26 28 41 35 45 37 25 36 28 48 25 35 25 27
internal_value=0.0114784 -0.176658 -0.443038 -0.126724 -0.402327 -0.742305 0.0685924 0.0257635 0.164025 -0.423861 0.794034 0.88279 0.764844 0.590256 -0.123541 -0.950397 -0.780627 -0.746543 0.344542 0.429073 -0.270702 0.258981 -0.164603 -0.22341
internal_weight=841 678 325 158 112 167 353 327 223 66 163 137 109 76 86 101 64 65 137 109 104 61 79 52
internal_count=841 678 325 158 112 167 353 327 223 66 163 137 109 76 86 101 64 65 137 109 104 61 79 52
is_linear=0
shrinkage=0.04


Tree=24
num_leaves=24
num_cat=0
split_feature=7 7 3 8 9 9 7 9 7 9 9 0 9 6 5 5 8 0 9 6 7 5 6
split_gain=75256.4 20818.1 23921.7 21739.3 26772.5 45399.8 14425 5310.36 5922.49 4355.53 4281.09 3476.64 3314.44 3187.73 2179.54 2267.04 3068.92 2089.63 1839.19 918.764 582.942 532.944 22.1175
threshold=1.1445794666770477 -0.32033061487554942 1.0000000180025095e-35 -0.63134183865453442 1.0000000180025095e-35 0.45481465310768643 0.85159745036652823 -1.2249691216824441 -0.61331263118606871 -1.4265431746572599 -0.082716154825155472 -0.7491350475729156 1.4626849179817649 0.075127425151154323 1.0000000180025095e-35 1.1378206180301593 -0.63134183865453442 -1.0000000180025095e-35 0.25324060013287075 1.0000000180025095e-35 0.55861543405600889 -0.25066273765626779 -0.15225124341821353
decision_type=2 2 2 2 2 2 2 2 2 2 2 2 2 2 2 2 2 2 2 2 2 2 2
left_child=1 7 3 4 -3 -6 10 9 14 13 -5 -2 19 -1 -9 16 -16 -10 21 -13 -20 -12 -11
right_child=11 2 -4 6 5 -7 -8 8 17 22 18 12 -14 -15 15 -17 -18 -19 20 -21 -22 -23 -24
leaf_value=0.33233921963189333 1.1697251300811768 -1.0519946799278259 0.53562070172007492 -0.49593934467860629 1.3476398576560775 -0.57154517051650255 -0.017880698216928018 0.092737258398439729 0.14101552174371831 -0.39602463264465337 -1.2898000013417212 0.38323552272012157 0.99523433995801358 -0.18739552526939207 0.89741808014256619 0.17916379921576556 0.33906060294972529 -0.27650388143279336 -0.96867091066458 0.70239910372981318 -0.75163069407145189 -1.0377836410522461 -0.44823751582039728
leaf_weight=35 40 30 41 35 38 41 37 40 34 25 29 31 43 41 28 34 36 44 44 27 36 25 27
leaf_count=35 40 30 41 35 38 41 37 40 34 25 29 31 43 41 28 34 36 44 44 27 36 25 27
internal_value=0.0110192 -0.158803 -0.373233 -0.491528 -0.0347053 0.351607 -0.733245 0.0631074 0.184089 -0.14105 -0.889863 0.854108 0.72911 0.051956 0.341558 0.443117 0.583342 -0.0945082 -0.992754 0.531812 -0.871003 -1.17313 -0.423135
internal_weight=841 700 356 315 109 79 206 344 216 128 169 141 101 76 138 98 64 78 134 58 80 54 52
internal_count=841 700 356 315 109 79 206 344 216 128 169 141 101 76 138 98 64 78 134 58 80 54 52
is_linear=0
shrinkage=0.04


Tree=25
num_leaves=25
num_cat=0
split_feature=9 9 8 9 9 9 7 6 6 8 6 6 6 6 7 9 0 6 7 6 6 6 6 9
split_gain=73625.7 16486.1 21032.8 25331.2 45715.8 16773.9 6111.34 5912.51 4930.73 4656.16 4381.8 4341.57 3144.38 2815.03 2014.71 1920.38 4366.17 1849.78 1738.87 1603.92 1656.06 909.973 793.94 326.863
threshold=1.0595368120321338 -0.28429020779997111 -0.63134183865453442 1.0000000180025095e-35 0.45481465310768643 0.52200600409929165 -1.1992766638071075 0.075127425151154323 0.41619542800520609 1.0000000180025095e-35 -0.60700858055694906 -1.1754552519803687 -0.72069791484163315 0.98464209942862591 1.0000000180025095e-35 1.4626849179817649 1.0000000180025095e-35 0.75726343085925796 0.26563341774548938 0.41619542800520609 0.98464209942862591 -0.37962991198758139 -0.15225124341821353 -0.75462966474120774
decision_type=2 2 2 2 2 2 2 2 2 2 2 2 2 2 2 2 2 2 2 2 2 2 2 2
left_child=1 6 3 -3 -5 14 12 -7 10 13 11 -8 -1 -10 -4 16 17 -2 -16 -14 -21 -17 -6 -12
right_child=15 2 5 4 22 7 8 -9 9 -11 23 -13 19 -15 18 21 -18 -19 -20 20 -22 -23 -24 -25
leaf_value=0.098352334520151449 0.6688052796636309 -1.0291230546740386 -0.66236815736407328 1.5161751098292215 -0.17454654731750488 0.13302731148740077 -0.086946369489034017 -0.52862013489007953 0.48747036447891823 0.78447899190584824 -0.37747282238006591 0.485792165895924 -0.49131089671091605 -0.065435697786948258 -1.164688882345849 0.72350043754577642 0.35323459422334713 1.104996384552547 -0.80587064146995546 0.064509700995225169 -0.37512703382763368 1.0269765691424526 -0.482143213502292 -0.18572536829746131
leaf_weight=43 35 26 42 35 25 47 45 40 26 30 25 40 44 34 47 25 47 28 40 26 29 43 29 33
leaf_count=43 35 26 42 35 25 47 45 40 26 30 25 40 44 34 47 25 47 28 40 26 29 43 29 33
internal_value=0.0212904 -0.162007 -0.367746 0.0692445 0.390116 -0.600404 0.0195924 -0.171178 0.145653 0.377598 -0.000326278 0.182578 -0.187253 0.174157 -0.889881 0.748301 0.645001 0.862668 -0.999715 -0.311304 -0.167299 0.915404 -0.339737 -0.268375
internal_weight=884 706 331 115 89 216 375 87 233 90 143 85 142 60 129 178 110 63 87 99 55 68 54 58
internal_count=884 706 331 115 89 216 375 87 233 90 143 85 142 60 129 178 110 63 87 99 55 68 54 58
is_linear=0
shrinkage=0.04


Tree=26
num_leaves=26
num_cat=0
split_feature=9 4 8 9 9 9 7 4 7 9 9 9 9 9 9 4 4 4 9 9 6 4 7 7 6
split_gain=67853.4 18881.1 14957.2 20984.4 13305.6 47552.9 12425.6 6705.26 5913.55 4165.27 5560.92 4128.78 4090.43 4012.44 3682.83 3574.36 4435.45 3201.11 2160.25 1873.28 1852.61 1759.6 1271.21 1602.54 552.572
threshold=1.0595368120321338 -0.038027124953980203 -0.63134183865453442 -0.28429020779997111 1.0000000180025095e-35 0.45481465310768643 -0.32033061487554942 1.8742937230129866 -1.1992766638071075 -1.6281172276320757 -1.157777770690839 -0.55305561176639195 -0.88901236672441819 0.52200600409929165 1.4626849179817649 0.75369806687947738 0.083776750712705572 0.12031791341271131 -1.0233950687076285 1.2611108650069494 0.41619542800520609 0.36392566474608284 1.0000000180025095e-35 0.26563341774548938 -0.15225124341821353
decision_type=2 2 2 2 2 2 2 2 2 2 2 2 2 2 2 2 2 2 2 2 2 2 2 2 2
left_child=1 2 4 8 6 -6 18 14 -4 -3 20 12 -10 22 17 16 -12 -2 -1 -19 -11 -18 -5 -24 -16
right_child=7 9 3 13 5 -7 -8 -9 11 10 15 -13 -14 -15 24 -17 21 19 -20 -21 -22 -23 23 -25 -26
leaf_value=-0.30265936326980591 0.073391007643479569 0.61518128271102901 -0.58329574651188321 -0.6872799236774445 1.4555281011036465 -0.64485994871924901 -0.99936469686442408 1.2865996420383454 -0.089106805501160805 -0.41928324317932131 0.54868606395721442 -0.30127221452778785 0.57035292134565463 -0.44780770788387381 0.70791400817724381 0.51709756111556837 -0.27956839813905604 0.8292442434628805 0.16696935290382023 0.38927544131875041 -0.025244538287321726 0.10550084346948667 -1.1181013242234574 -0.77363581967353823 0.94991240633858587
leaf_weight=25 26 25 27 40 35 34 29 28 27 35 25 29 34 49 26 44 34 30 42 32 42 43 47 40 36
leaf_count=25 26 25 27 40 35 34 29 28 27 35 25 29 34 49 26 44 34 30 42 32 42 43 47 40 36
internal_value=0.0204388 -0.155527 -0.307744 -0.479282 -0.00313395 0.420554 -0.30766 0.718369 -0.0641005 0.125585 0.0706972 0.091658 0.278461 -0.755284 0.612299 0.215758 0.0857683 0.445935 -0.00826524 0.602164 -0.204353 -0.0645297 -0.873916 -0.959726 0.848429
internal_weight=884 706 458 293 165 69 96 178 117 248 223 90 61 176 150 146 102 88 67 62 77 77 127 87 62
internal_count=884 706 458 293 165 69 96 178 117 248 223 90 61 176 150 146 102 88 67 62 77 77 127 87 62
is_linear=0
shrinkage=0.04


Tree=27
num_leaves=28
num_cat=0
split_feature=9 4 7 3 9 9 8 4 9 7 9 9 5 4 4 9 4 5 4 6 9 4 5 9 4 6 4
split_gain=62533.7 17582.2 11022.9 7305.52 7291.52 9041.84 7181.23 19079.5 12807.5 10457.4 7001.35 9859.17 6371.45 6179.57 4495.93 3394.1 2950.14 2361.43 2161.63 3762.15 1726.42 1536.93 1498.48 865.963 541.719 509.251 67.5887
threshold=1.0595368120321338 -0.54960340275406028 -0.32033061487554942 1.0000000180025095e-35 0.45481465310768643 0.92515411004892301 -0.63134183865453442 -0.28163487628735168 -0.55305561176639195 -0.90629464749658817 0.3876233021160812 0.6563887060825021 1.0000000180025095e-35 1.8742937230129866 -0.038027124953980203 1.4626849179817649 0.12031791341271131 0.67499283280135014 -0.74448960382075746 0.30250609372052223 1.2611108650069494 -0.74448960382075746 -0.71349052288507664 -1.0233950687076285 0.93640388037950606 -0.15225124341821353 -0.96373658002079188
decision_type=2 2 2 2 2 2 2 2 2 2 2 2 2 2 2 2 2 2 2 2 2 2 2 2 2 2 2
left_child=1 2 21 4 6 -6 7 -3 9 14 18 -12 -9 15 -8 16 -2 -10 19 26 -18 23 24 -1 -16 -17 -4
right_child=13 3 10 -5 5 -7 8 12 17 -11 11 -13 -14 -15 22 25 20 -19 -20 -21 -22 -23 -24 -25 -26 -27 -28
leaf_value=-0.036641148781776427 0.070455367565155025 1.2463557877907387 -0.36775902652740478 0.54016344296304808 -0.97159394911357344 0.020047472215467887 -0.53781767772776745 -0.4054595443691526 -0.85755593759042248 0.63844496153649832 0.21008570400444238 -0.70140838207342682 0.32528524256887892 1.2351356416514943 0.058158188557624814 0.67959744801888089 0.79607446352640798 -0.36556750771967139 -0.97118278936906299 -1.0002102317412693 0.37370443388819696 -0.23738979309797287 -0.12652166860906974 0.29307329802558973 0.32148310518264772 0.91191590494579744 -0.46077170257568362
leaf_weight=25 26 26 25 38 28 31 28 35 27 42 37 39 42 28 25 26 30 37 44 27 32 28 46 26 25 36 25
leaf_count=25 26 26 25 38 28 31 28 35 27 42 37 39 42 28 25 26 30 37 44 27 32 28 46 26 25 36 25
internal_value=0.0196212 -0.149306 -0.398463 0.0106186 -0.0407148 -0.450562 0.0319008 0.309477 -0.0924051 0.0929327 -0.558542 -0.257655 -0.00687148 0.689634 -0.0918376 0.587807 0.428098 -0.573125 -0.747529 -0.619727 0.578077 0.000721048 0.03824 0.131449 0.189821 0.814492 -0.414265
internal_weight=884 706 276 430 392 59 333 103 230 166 197 76 77 178 124 150 88 64 121 77 62 79 96 51 50 62 50
internal_count=884 706 276 430 392 59 333 103 230 166 197 76 77 178 124 150 88 64 121 77 62 79 96 51 50 62 50
is_linear=0
shrinkage=0.04


Tree=28
num_leaves=28
num_cat=0
split_feature=7 2 7 9 6 5 9 7 5 9 7 7 6 0 6 6 9 6 7 0 9 9 7 6 6 7 0
split_gain=57631.8 18643.5 17169.9 11124 8816.03 33412.8 5336.4 4089.74 4064.61 3995.46 3061.55 3560.64 2829.44 2620.05 2565.56 2415.4 3732.69 2709.13 2189.37 1505.86 887.143 794.012 793.249 706.02 698.542 506.448 66.1324
threshold=0.85159745036652823 1.0000000180025095e-35 -0.32033061487554942 1.3283022159985547 0.41619542800520609 -0.25066273765626779 -1.157777770690839 -0.61331263118606871 -0.25066273765626779 0.45481465310768643 0.26563341774548938 1.0000000180025095e-35 0.52988476228989012 0.74913504757291582 1.0983314337133099 -0.60700858055694906 -0.75462966474120774 0.41619542800520609 1.1445794666770477 -1.0000000180025095e-35 0.99234546104052834 -1.4265431746572599 0.26563341774548938 -0.37962991198758139 0.18881675943583826 1.4375614829875671 0.74913504757291582
decision_type=2 2 2 2 2 2 2 2 2 2 2 2 2 2 2 2 2 2 2 2 2 2 2 2 2 2 2
left_child=2 -2 6 18 5 22 8 15 13 19 11 -6 -9 21 -12 -8 17 -17 20 -7 -3 24 -4 -5 -1 -25 -21
right_child=1 3 4 23 10 9 7 12 -10 -11 14 -13 -14 -15 -16 16 -18 -19 -20 26 -22 -23 -24 25 -26 -27 -28
leaf_value=0.05296146172064322 1.5669827875724207 -0.19560009651184082 0.44967085104722243 0.57632200783298859 -0.57712359076943887 -0.90962361222505561 0.52171139745485218 -0.27423231057524683 -0.63986038625240327 -0.15485024566650391 -0.71895510765814008 -1.2095116656167166 0.22798704479421891 0.21283537203924996 -0.18016354762590847 -0.36559281787872316 0.45263896896575506 0.20728756361774037 0.34703260596917601 -0.63005463333129885 0.11828683551620035 -0.32194700499375667 0.75922318953054924 0.67885659994750192 -0.24046960973739623 0.89840122795104982 -0.53976933885503697
leaf_weight=27 26 25 26 31 29 40 42 50 25 25 31 28 28 35 26 25 39 28 49 25 34 42 27 29 25 40 27
leaf_count=27 26 25 26 31 29 40 42 50 25 25 31 28 28 35 26 25 39 28 49 25 34 42 27 29 25 40 27
internal_value=0.0188364 0.557123 -0.174947 0.43089 -0.40833 -0.225829 0.00614816 0.136326 -0.173057 -0.603259 -0.68048 -0.88777 -0.0939484 -0.0825916 -0.473191 0.270366 0.155621 -0.062939 0.149411 -0.72511 -0.0147161 -0.192591 0.607367 0.734889 -0.0881112 0.806129 -0.583176
internal_weight=884 234 650 208 284 170 366 212 154 117 114 57 78 129 57 134 92 53 108 92 59 94 53 100 52 69 52
internal_count=884 234 650 208 284 170 366 212 154 117 114 57 78 129 57 134 92 53 108 92 59 94 53 100 52 69 52
is_linear=0
shrinkage=0.04


Tree=29
num_leaves=28
num_cat=0
split_feature=9 4 8 9 9 9 7 4 7 9 9 9 9 9 0 9 9 4 4 9 9 7 9 0 8 4 4
split_gain=53367.9 15486.7 12767.4 17094 12767.6 43431.4 10228.4 5573.34 4989.63 3785.52 4598.01 3478.29 3291.08 3192.31 2983.52 2889.38 2886.89 3038.29 2667.25 1794.9 1637.59 1249.4 1298.37 1122.3 1059.13 391.569 179.29
threshold=1.0595368120321338 -0.038027124953980203 -0.63134183865453442 -0.28429020779997111 1.0000000180025095e-35 0.45481465310768643 -0.32033061487554942 1.8742937230129866 -1.1992766638071075 -1.6281172276320757 -1.157777770690839 -0.55305561176639195 -0.88901236672441819 0.52200600409929165 -0.7491350475729156 1.4626849179817649 -0.6874383137496024 0.5588118658127802 0.12031791341271131 -1.0233950687076285 1.2611108650069494 1.0000000180025095e-35 0.18604924914126547 1.0000000180025095e-35 1.0000000180025095e-35 -0.81757192922076893 0.85114116741282597
decision_type=2 2 2 2 2 2 2 2 2 2 2 2 2 2 2 2 2 2 2 2 2 2 2 2 2 2 2
left_child=1 2 4 8 6 -6 19 15 -4 -3 24 12 -10 21 -12 18 -16 -18 -2 -1 -20 -5 -23 -17 26 -24 -11
right_child=7 9 3 13 5 -7 -8 -9 11 10 14 -13 -14 -15 16 23 17 -19 20 -21 -22 22 25 -25 -26 -27 -28
leaf_value=-0.28941710022687911 0.052924846502450801 0.58336290006637581 -0.53650590733245562 -0.60420984621345997 1.4097405033111574 -0.59756356407614308 -0.92028298764393246 1.1551012460674559 -0.07476175670270567 -0.2152523136138916 0.49055251204967498 -0.27716785438615704 0.51676263917018395 -0.40916393649821381 0.36436489368739877 0.58995992671359665 -0.34628557978254376 0.18869468920571464 0.74791034984588622 0.13866136244365149 0.33654906690120695 -1.0719786704309058 -0.64971632122993472 0.93103866083868625 0.02195878652425913 -0.86528970901782698 -0.36527811563931978
leaf_weight=25 26 25 27 40 35 34 29 28 27 25 40 29 34 49 38 33 33 35 30 42 32 33 28 29 26 26 26
leaf_count=25 26 25 27 40 35 34 29 28 27 25 40 29 34 49 38 33 33 35 30 42 32 33 28 29 26 26 26
internal_value=0.0180829 -0.137973 -0.275831 -0.434316 0.00559939 0.420634 -0.292707 0.637048 -0.0595912 0.116618 0.0642926 0.0834833 0.25494 -0.683422 0.196198 0.540345 0.0851203 -0.0709281 0.392988 -0.0210694 0.535595 -0.789238 -0.874309 0.749497 -0.185813 -0.753511 -0.291736
internal_weight=884 706 458 293 165 69 96 178 117 248 223 90 61 176 146 150 106 68 88 67 62 127 87 62 77 54 51
internal_count=884 706 458 293 165 69 96 178 117 248 223 90 61 176 146 150 106 68 88 67 62 127 87 62 77 54 51
is_linear=0
shrinkage=0.04


Tree=30
num_leaves=26
num_cat=0
split_feature=7 2 7 8 4 9 4 9 7 9 6 8 8 9 9 6 4 4 9 4 9 4 4 9 9
split_gain=56301.2 18034.4 14495.8 17311.9 22819.7 20185.7 10421.6 6734.43 5174.96 4123.27 3077.71 4016.52 2844.3 6706.5 2599.77 3876.83 2460.72 2296.29 1283.15 1223.56 825.963 768.02 644.345 591.623 1081.14
threshold=1.1445794666770477 -2.9592882694284057 -0.32033061487554942 -0.63134183865453442 -0.81757192922076893 0.45481465310768643 0.58317264094611732 -1.157777770690839 -0.61331263118606871 -1.4265431746572599 -0.60700858055694906 1.0000000180025095e-35 1.0000000180025095e-35 1.5298762689733703 -0.082716154825155472 -1.0617659176956848 0.82678039227948885 -0.23291332602067741 0.72358005707410744 -0.23291332602067741 -1.2921604726740494 0.60144322229612024 0.66843535391279729 0.45481465310768643 0.18604924914126547
decision_type=2 2 2 2 2 2 2 2 2 2 2 2 2 2 2 2 2 2 2 2 2 2 2 2 2
left_child=1 -1 7 4 -4 -6 14 9 10 16 -9 19 13 22 -5 -16 -3 -10 23 -12 -11 -14 -2 24 -17
right_child=12 2 3 6 5 -7 -8 8 17 20 11 -13 21 -15 15 18 -18 -19 -20 -21 -22 -23 -24 -25 -26
leaf_value=0.86853855980767147 0.20397383243806899 -0.21769107969034288 -0.7267533424278585 -0.37269424952958757 1.1118816147462742 -0.20068143217187179 0.11686916366700204 0.57831977045536043 -0.34094146222640304 -0.63546954369970732 0.15696084626259343 0.51978967854470914 0.78121098766326913 1.0226462221826826 -0.32027453685628954 -0.99767349150445728 0.26641054068292891 0.082910389733868967 -0.61747499465942379 -0.19300486055287447 -0.33575592450557218 1.0888887308262012 0.45612195316482995 -1.0578878797803608 -0.68977358946929102
leaf_weight=27 31 42 41 38 37 38 31 40 39 28 31 33 25 35 29 36 28 43 34 33 31 27 34 28 37
leaf_count=27 31 42 41 38 37 38 31 40 39 28 31 33 25 35 29 36 28 43 34 33 31 27 34 28 37
internal_value=0.00114968 -0.145783 -0.185076 -0.36723 0.0320417 0.44685 -0.56601 -0.00239714 0.132653 -0.231668 0.283084 0.161337 0.701015 0.57624 -0.670808 -0.739883 -0.0240504 -0.118678 -0.830021 -0.0234902 -0.477993 0.940967 0.335867 -0.901572 -0.841615
internal_weight=876 724 697 349 116 75 233 348 219 129 137 97 152 100 202 164 70 82 135 64 59 52 65 101 73
internal_count=876 724 697 349 116 75 233 348 219 129 137 97 152 100 202 164 70 82 135 64 59 52 65 101 73
is_linear=0
shrinkage=0.04


Tree=31
num_leaves=27
num_cat=0
split_feature=9 4 8 4 9 9 9 4 4 4 5 0 9 0 0 9 4 0 0 8 4 5 4 4 9 5
split_gain=48055.6 12236.5 14612.7 14851.5 21750.3 13462 7724.89 7446.44 3418.82 3057.16 2565.39 5720.04 2807.83 2629.46 2330.5 2240.2 1801.56 2369.45 1620.21 1278.94 993.365 948.022 880.805 625.562 546.853 357.385
threshold=1.0595368120321338 -0.038027124953980203 -0.63134183865453442 -0.81757192922076893 1.0000000180025095e-35 -0.55305561176639195 -0.9562037177160233 1.8742937230129866 1.2165527944128833 0.74151767931280876 -0.25066273765626779 1.0000000180025095e-35 -0.62024696275799729 0.74913504757291582 1.0000000180025095e-35 1.3283022159985547 -0.35471720168736315 -0.7491350475729156 1.0000000180025095e-35 1.0000000180025095e-35 0.42482760257942576 1.0000000180025095e-35 0.15685907611271704 -0.74448960382075746 -1.4265431746572599 1.0000000180025095e-35
decision_type=2 2 2 2 2 2 2 2 2 2 2 2 2 2 2 2 2 2 2 2 2 2 2 2 2 2
left_child=1 2 3 14 18 6 -4 8 9 15 13 12 -12 24 -1 -2 17 21 -5 23 -13 -7 -17 -19 -3 -21
right_child=7 10 5 4 -6 16 -8 -9 -10 -11 11 20 -14 -15 -16 22 -18 19 -20 25 -22 -23 -24 -25 -26 -27
leaf_value=-0.7507914320060185 0.20223181507804178 -0.086626225974824694 -0.34961393681044378 -0.36846444737166167 0.98702666982014975 -0.48028624332312386 0.40304252915829425 1.2204964557060829 0.060072427845001226 0.95835968824533313 0.76844918114798411 0.12797397044988779 0.24618472832441332 0.24546898057383876 -0.2194505750656128 0.74735625656212079 -0.85603990364074711 -0.65795221105217938 0.044333205140870191 -0.59397932192174407 -0.1912181751850324 -0.16068691136660398 0.44999128907918928 -0.91938752247779465 -0.30867023972102575 -0.40209557065963741
leaf_weight=28 33 36 48 32 45 33 40 26 25 26 28 26 40 31 25 34 35 32 29 41 39 27 30 27 35 25
leaf_count=28 33 36 48 32 45 33 40 26 25 26 28 26 40 31 25 34 35 32 29 41 39 27 30 27 35 25
internal_value=0.00110369 -0.146394 -0.264861 0.0465571 0.319915 -0.425625 -0.00749736 0.596181 0.486504 0.573178 0.0890269 0.204765 0.461235 -0.0618869 -0.500159 0.469933 -0.592877 -0.543089 -0.172216 -0.642268 -0.0635413 -0.336467 0.607966 -0.777592 -0.196085 -0.521296
internal_weight=876 702 467 159 106 308 88 174 148 123 235 133 68 102 53 97 220 185 61 125 65 60 64 59 71 66
internal_count=876 702 467 159 106 308 88 174 148 123 235 133 68 102 53 97 220 185 61 125 65 60 64 59 71 66
is_linear=0
shrinkage=0.04


Tree=32
num_leaves=27
num_cat=0
split_feature=7 2 7 8 4 5 4 7 6 5 5 6 5 5 8 6 8 6 7 6 6 8 5 6 4 6
split_gain=48207.2 16339.1 12763.6 14569.4 19393.7 23618.1 8894.82 5409.77 3955.25 3946.54 3936.47 4319.26 4174.11 2948.03 3885.17 2608.75 1986.15 1886.99 2870.69 1477.84 1428.87 1186.76 394.574 672.282 367.921 216.694
threshold=1.1445794666770477 -2.9592882694284057 -0.32033061487554942 -0.63134183865453442 -0.81757192922076893 -0.25066273765626779 0.58317264094611732 -1.1992766638071075 -0.72069791484163315 -0.71349052288507664 1.1378206180301593 0.18881675943583826 -0.25066273765626779 -0.71349052288507664 1.0000000180025095e-35 -0.26594057770289742 1.0000000180025095e-35 -1.1754552519803687 1.0000000180025095e-35 0.75726343085925796 -0.60700858055694906 -0.63134183865453442 -0.25066273765626779 -0.26594057770289742 -0.73230921625408896 0.64357409657457409
decision_type=2 2 2 2 2 2 2 2 2 2 2 2 2 2 2 2 2 2 2 2 2 2 2 2 2 2
left_child=1 -1 7 4 -4 -6 17 8 -3 21 12 -12 -9 -2 15 -15 20 -5 -19 -13 -14 -10 24 -24 -20 -25
right_child=13 2 3 6 5 -7 -8 10 9 -11 11 19 16 14 -16 -17 -18 18 22 -21 -22 -23 23 25 -26 -27
leaf_value=0.83056835103918003 0.35881600456993751 0.15655681949673278 -0.67646403522026244 -0.33526552984791413 1.0694403388500215 -0.35337533337729321 0.10529522795831003 -0.18450017350912096 -0.37671525328247635 -0.75957761817508274 -0.34290823097030321 0.40056696825027466 0.71880275057208154 0.33271468344856714 1.0973003798060947 0.80660244011297466 0.12982235685984295 -0.3729387012582559 -0.73830434065598716 0.0002378543217976888 0.33776286218315366 -0.021505139890839072 -0.86292232428278237 -0.53484621897935869 -0.94726688929966518 -0.70138992462158201
leaf_weight=27 41 33 41 31 40 35 31 25 27 27 48 25 31 34 36 41 30 39 26 36 32 34 28 25 28 25
leaf_count=27 41 33 41 31 40 35 31 25 27 27 48 25 31 34 36 41 30 39 26 36 32 34 28 25 28 25
internal_value=0.00105954 -0.134902 -0.172302 -0.343227 0.0230556 0.40546 -0.525583 -0.000885351 -0.216898 -0.356944 0.114258 -0.0590537 0.274351 0.648666 0.755728 0.591773 0.397699 -0.622401 -0.674455 0.164307 0.525259 -0.178729 -0.763539 -0.705997 -0.846655 -0.618118
internal_weight=876 724 697 349 116 75 233 348 121 88 227 109 118 152 111 75 93 202 171 61 63 61 132 78 54 50
internal_count=876 724 697 349 116 75 233 348 121 88 227 109 118 152 111 75 93 202 171 61 63 61 132 78 54 50
is_linear=0
shrinkage=0.04


Tree=33
num_leaves=25
num_cat=0
split_feature=7 2 7 8 9 9 9 9 5 6 8 9 9 9 9 5 9 6 6 6 9 9 6 5
split_gain=44427.7 15058.1 11762.9 13427.1 17106.1 27514.8 7401.99 5591.76 4340.98 3980.63 3838.8 3506.89 2732.58 4778.36 2593.09 2479.55 2170.19 1608.39 1419.38 1361.98 764.084 616.682 441.92 145.299
threshold=1.1445794666770477 -2.9592882694284057 -0.32033061487554942 -0.63134183865453442 1.0000000180025095e-35 0.45481465310768643 0.85796275905731789 -1.157777770690839 1.1378206180301593 0.18881675943583826 -0.63134183865453442 -1.4265431746572599 1.2611108650069494 1.3954935669901598 -0.082716154825155472 -0.71349052288507664 -0.88901236672441819 -0.94807658341100087 -0.60700858055694906 0.75726343085925796 -1.2921604726740494 0.18604924914126547 1.0000000180025095e-35 -0.25066273765626779
decision_type=2 2 2 2 2 2 2 2 2 2 2 2 2 2 2 2 2 2 2 2 2 2 2 2
left_child=1 -1 7 4 -4 -6 14 11 10 -10 -9 18 -2 -14 -5 -15 -12 -16 -3 -11 -13 -19 -23 -24
right_child=12 2 3 6 5 -7 -8 8 9 19 16 20 13 15 17 -17 -18 21 -20 -21 -22 22 23 -25
leaf_value=0.79734561349506738 0.96473382075627645 0.22336007165908814 -0.88160254460114706 -0.32485534398179305 1.0651595849990845 -0.34234488239288335 -0.061949111968278889 0.68535985203584038 -0.3291918996845683 0.38454429258406164 -0.019788241995141863 -0.58839796006679534 0.15919101843962799 0.45771082486655262 -0.42864544568390683 0.8934582445522149 0.40341446645332107 -0.90486298841588642 -0.15254789188173082 0.00022835142082638211 -0.30012977884661768 -0.8362607177540109 -0.70954536914825439 -0.58132362704123219
leaf_weight=27 30 25 26 38 40 50 48 30 48 25 47 28 37 37 29 48 33 34 45 36 31 27 26 31
leaf_count=27 30 25 26 38 40 50 48 30 48 25 47 28 37 37 29 48 33 34 45 36 31 27 26 31
internal_value=0.00101716 -0.129506 -0.16541 -0.329498 0.0221334 0.283213 -0.50456 -0.000849934 0.12221 -0.0566916 0.299486 -0.209766 0.62272 0.538618 -0.619399 0.70378 0.154783 -0.69554 -0.018295 0.157735 -0.436935 -0.761132 -0.702955 -0.639811
internal_weight=876 724 697 349 116 90 233 348 219 109 110 129 152 122 185 85 80 147 70 61 59 118 84 57
internal_count=876 724 697 349 116 90 233 348 219 109 110 129 152 122 185 85 80 147 70 61 59 118 84 57
is_linear=0
shrinkage=0.04


Tree=34
num_leaves=27
num_cat=0
split_feature=7 2 7 8 4 9 4 9 7 9 6 8 9 9 4 4 8 9 6 4 9 9 9 9 4 4
split_gain=40944.6 13877.5 10840.7 12374.5 17801.6 17970.3 7737.65 5153.37 4107.95 3231.95 2619.24 3757.48 2518.35 4403.73 2816.07 2172.79 2144.4 2020.59 3177.05 1166.75 991.658 704.18 565.198 987.17 495.88 354.929
threshold=1.1445794666770477 -2.9592882694284057 -0.32033061487554942 -0.63134183865453442 -0.81757192922076893 0.45481465310768643 0.58317264094611732 -1.157777770690839 -0.61331263118606871 -1.4265431746572599 -0.60700858055694906 1.0000000180025095e-35 1.2611108650069494 1.3954935669901598 0.87550194254616309 0.82678039227948885 -0.63134183865453442 -0.082716154825155472 -1.0617659176956848 -0.23291332602067741 0.72358005707410744 -1.2921604726740494 0.45481465310768643 0.18604924914126547 0.15685907611271704 -0.23291332602067741
decision_type=2 2 2 2 2 2 2 2 2 2 2 2 2 2 2 2 2 2 2 2 2 2 2 2 2 2
left_child=1 -1 7 4 -4 -6 17 9 10 15 -9 19 -2 -14 24 -3 -10 -5 -19 -12 22 -11 23 -20 -15 -18
right_child=12 2 3 6 5 -7 -8 8 16 21 11 -13 13 14 -16 -17 25 18 20 -21 -22 -23 -24 -25 -26 -27
leaf_value=0.7654518092120135 0.92614445414145796 -0.19952258870715189 -0.6489438466327947 -0.31186112915214742 1.0150961450104778 -0.22334434860631039 0.10403455426616054 0.5237101042270661 0.19359775682750088 -0.56486204177141186 0.1364808455205733 0.48573832349343732 0.15282337949082658 0.63153493225574497 1.0130751191245184 0.25537575602531432 -0.35034776100405945 -0.25571967256480249 -0.87059352662828238 -0.20526335466991771 -0.5303220434749828 -0.28812459368859566 -0.93285874894687115 -0.57637818310711841 0.39747743870530811 -0.14881574745835929
leaf_weight=27 30 42 41 38 37 38 31 40 26 28 31 33 37 30 27 28 27 29 36 33 34 31 28 37 28 29
leaf_count=27 30 42 41 38 37 38 31 40 26 28 31 33 37 30 27 28 27 29 36 33 34 31 28 37 28 29
internal_value=0.000976476 -0.124326 -0.158793 -0.316318 0.0212481 0.38762 -0.484377 -0.000815941 0.117322 -0.201375 0.25135 0.139037 0.597811 0.517073 0.675629 -0.0175633 -0.106604 -0.574678 -0.635575 -0.039731 -0.717173 -0.419458 -0.780073 -0.721471 0.518542 -0.245983
internal_weight=876 724 697 349 116 75 233 348 219 129 137 97 152 122 85 70 82 202 164 64 135 59 101 73 58 56
internal_count=876 724 697 349 116 75 233 348 219 129 137 97 152 122 85 70 82 202 164 64 135 59 101 73 58 56
is_linear=0
shrinkage=0.04


Tree=35
num_leaves=27
num_cat=0
split_feature=7 4 7 8 9 4 8 9 9 4 4 4 7 6 9 9 9 9 0 6 0 4 4 6 4 9
split_gain=38376 13178.7 11821.2 8247.86 20354.2 6407.97 5588.8 5947.03 4820.12 4408.69 2959.83 2941.99 2244.63 1875.13 1974.11 1922.33 1837.48 1503.02 1035.03 927.383 852.899 671.206 574.355 373.479 1051.6 286.643
threshold=1.1445794666770477 0.80241961714615162 -0.32033061487554942 -0.63134183865453442 0.3876233021160812 -0.6714072784207461 1.0000000180025095e-35 1.3954935669901598 -1.157777770690839 1.3261762825129007 -0.12328983792066023 1.8438427540963152 -0.61331263118606871 -1.1754552519803687 0.051666547158054986 0.72358005707410744 -0.88901236672441819 0.45481465310768643 1.0000000180025095e-35 0.30250609372052223 -1.0000000180025095e-35 0.44918837771276293 0.60144322229612024 0.41619542800520609 -0.24509371358734597 0.25324060013287075
decision_type=2 2 2 2 2 2 2 2 2 2 2 2 2 2 2 2 2 2 2 2 2 2 2 2 2 2
left_child=1 2 8 4 5 -4 7 -2 23 -3 13 -11 16 -5 -15 17 19 25 -14 -10 -18 -9 -8 24 -1 -16
right_child=6 9 3 10 -6 -7 22 21 12 11 -12 -13 18 14 15 -17 20 -19 -20 -21 -22 -23 -24 -25 -26 -27
leaf_value=-0.18689978394657375 -0.0034409250711139876 0.55090753418968075 -0.88966014810510585 -0.31058463298913203 0.58507375785282689 -0.060677910614013675 0.76363868465423579 0.50961424293518065 -0.10809658903824655 -0.26283553600311282 -0.17518929618777651 0.33415733871459963 0.013652228938566673 -0.41361168898642064 -0.77689212434432076 -0.41761042785644537 0.48218933532977931 -1.0454327876567842 -0.3156689145014836 0.18940662161509195 0.18885304791586741 0.79989361074108345 1.0321598924123325 -0.17555987213108992 -0.53313939485549922 -0.60232033870838309
leaf_weight=32 38 47 37 33 42 25 25 25 38 28 33 25 37 44 34 25 29 30 26 30 35 26 26 37 25 27
leaf_count=32 38 47 37 33 42 25 25 25 38 28 33 25 37 44 34 25 29 30 26 30 35 26 26 37 25 27
internal_value=-0.0392191 -0.157195 -0.226026 -0.389609 -0.09482 -0.555393 0.566671 0.375358 -0.0392366 0.268872 -0.525264 0.0187649 0.0741826 -0.585121 -0.641745 -0.728278 0.167938 -0.813626 -0.122258 0.0231548 0.321771 0.6576 0.900532 -0.274521 -0.338759 -0.699623
internal_weight=859 719 619 330 104 62 140 89 289 100 226 53 195 193 160 116 132 91 63 68 64 51 51 94 57 61
internal_count=859 719 619 330 104 62 140 89 289 100 226 53 195 193 160 116 132 91 63 68 64 51 51 94 57 61
is_linear=0
shrinkage=0.04


Tree=36
num_leaves=27
num_cat=0
split_feature=7 4 7 8 4 4 8 7 4 7 4 4 6 7 6 5 7 0 5 0 6 4 6 8 0 4
split_gain=35367.4 12145.5 10894.4 7601.23 11305.8 6158.17 5150.64 4237.25 4063.05 3506.08 2727.78 2711.33 2367.77 1858.44 1728.12 1970.86 1676.58 971.557 968.102 953.885 943.293 800.468 539.01 358.765 307.807 96.5008
threshold=1.1445794666770477 0.80241961714615162 -0.32033061487554942 -0.63134183865453442 -0.69576805355408322 -0.415619139520706 1.0000000180025095e-35 -1.1992766638071075 1.3261762825129007 1.4375614829875671 -0.12328983792066023 1.8438427540963152 0.075127425151154323 -0.61331263118606871 -1.1754552519803687 1.0000000180025095e-35 -0.90629464749658817 -1.0000000180025095e-35 -0.71349052288507664 1.0000000180025095e-35 0.30250609372052223 -0.79321115408743181 1.0000000180025095e-35 -0.63134183865453442 -1.0000000180025095e-35 -1.012458130287466
decision_type=2 2 2 2 2 2 2 2 2 2 2 2 2 2 2 2 2 2 2 2 2 2 2 2 2 2
left_child=1 2 7 4 12 -6 9 18 -3 -2 14 -10 -4 16 -5 21 20 -18 23 -15 -9 25 -8 -1 -23 -16
right_child=6 8 3 10 5 -7 22 13 11 -11 -12 -13 -14 19 15 -17 17 -19 -20 -21 -22 24 -24 -25 -26 -27
leaf_value=-0.29954338770646316 0.10644729543815959 0.52887121750953348 -0.79970501518249504 -0.29816124179146508 0.75356777337881242 -0.10133531919547491 0.99712474765777592 -0.11184284468491873 -0.25232211385454451 0.60859734752443106 -0.16818173278461804 0.32079105396270757 -0.24918287811279297 0.013106141412580334 -0.64798170225960872 -0.40477875444049738 0.46290176539585509 0.15547561796087966 -0.48117962449193002 -0.30304215009395896 0.18183035628994307 -0.91076970983434613 0.73699693349691542 -0.10454861730337144 -0.72603404137396044 -0.53985960288047796
leaf_weight=26 44 47 25 33 26 28 25 42 28 45 33 25 25 37 28 49 29 38 25 26 30 27 26 36 31 25
leaf_count=26 44 47 25 33 26 28 25 42 28 45 33 25 25 37 28 49 29 38 25 26 30 27 26 36 31 25
internal_value=-0.0376503 -0.150907 -0.216985 -0.374025 -0.0910272 0.310285 0.544004 -0.0376671 0.258117 0.360343 -0.504254 0.0180143 -0.524444 0.0628493 -0.561717 -0.616075 0.14453 0.288541 -0.27105 -0.117368 0.010521 -0.70935 0.864511 -0.186321 -0.812032 -0.596981
internal_weight=859 719 619 330 104 54 140 289 100 89 226 53 50 202 193 160 139 67 87 63 72 111 51 62 58 53
internal_count=859 719 619 330 104 54 140 289 100 89 226 53 50 202 193 160 139 67 87 63 72 111 51 62 58 53
is_linear=0
shrinkage=0.04


Tree=37
num_leaves=25
num_cat=0
split_feature=7 4 9 8 9 4 9 0 9 4 4 4 9 6 9 9 0 6 7 6 9 6 6 8
split_gain=32594.6 11193.3 10150.1 6758.89 17668.3 10347.2 5329.02 4914.65 5040 3744.51 2498.77 2042.11 2205.3 2470.28 1634.87 1125.87 900.833 2933.03 2150.08 759.838 532.499 368.48 343.765 1016.43
threshold=1.1445794666770477 0.80241961714615162 -0.48586426077478684 -0.63134183865453442 0.3876233021160812 -0.62268572815407175 -1.157777770690839 -0.7491350475729156 1.3283022159985547 1.3261762825129007 1.8438427540963152 -0.12328983792066023 -0.082716154825155472 -1.0617659176956848 0.72358005707410744 0.45481465310768643 -1.0000000180025095e-35 -0.15225124341821353 -0.90629464749658817 1.0000000180025095e-35 1.5298762689733703 0.87095276514394182 0.18881675943583826 1.0000000180025095e-35
decision_type=2 2 2 2 2 2 2 2 2 2 2 2 2 2 2 2 2 2 2 2 2 2 2 2
left_child=1 2 6 4 5 -4 22 -2 -9 -3 -11 12 19 -14 15 21 18 -18 -8 -5 -10 -15 23 -1
right_child=7 9 3 11 -6 -7 16 8 20 10 -12 -13 13 14 -16 -17 17 -19 -20 -21 -22 -23 -24 -25
leaf_value=-0.15174842401787086 0.90363532384236656 0.5077163740929137 -0.86475787883581123 -0.43815745170299819 0.56402966294969825 0.093920582494428084 -0.037683709109271012 -0.021680456470040715 0.68090503321753604 -0.24222922733851843 0.30795941443443298 -0.1990666592717171 -0.26592157163927632 -0.72031797855458368 -0.37489763088226319 -0.95182625940867838 -0.1813261492744736 0.26796893961886142 0.4242848575115204 -0.13234950560789843 0.45474041815726984 -0.53264881299092215 -0.16805804598899116 -0.5057030911445618
leaf_weight=27 39 47 43 26 42 31 27 34 36 28 25 40 31 47 25 28 46 47 40 26 31 26 42 25
leaf_count=27 39 47 43 26 42 31 27 34 36 28 25 40 31 47 25 28 46 47 40 26 31 26 42 25
internal_value=-0.0361443 -0.144871 -0.208306 -0.343426 -0.0912397 -0.463149 -0.0141368 0.522244 0.374974 0.247792 0.0172937 -0.460911 -0.511025 -0.585802 -0.664503 -0.736188 0.126297 0.045737 0.238118 -0.285253 0.576262 -0.653477 -0.253173 -0.321919
internal_weight=859 719 619 365 116 74 254 140 101 100 53 249 209 157 126 101 160 93 67 52 67 73 94 52
internal_count=859 719 619 365 116 74 254 140 101 100 53 249 209 157 126 101 160 93 67 52 67 73 94 52
is_linear=0
shrinkage=0.04


Tree=38
num_leaves=25
num_cat=0
split_feature=7 2 9 8 9 9 9 8 9 9 8 5 9 8 9 9 7 9 5 0 9 9 7 9
split_gain=30039.1 10067.5 12914.5 7227.5 15896.2 5814.28 5616.32 4745.26 4953.33 3475.37 2167.29 1765.54 1679.16 1524.24 987.036 891.894 1871.87 642.237 591.867 488.925 557.641 342.149 232.258 77.9416
threshold=1.1445794666770477 -1.6916913147484629 -0.48586426077478684 -0.63134183865453442 0.3876233021160812 0.92515411004892301 -1.157777770690839 1.0000000180025095e-35 1.3954935669901598 -0.082716154825155472 1.0000000180025095e-35 -0.71349052288507664 1.0000000180025095e-35 -0.63134183865453442 -1.5609258766404703 -0.88901236672441819 -0.61331263118606871 0.72358005707410744 1.0000000180025095e-35 0.74913504757291582 0.32043195112447598 -0.75462966474120774 1.4375614829875671 0.11885789814966023
decision_type=2 2 2 2 2 2 2 2 2 2 2 2 2 2 2 2 2 2 2 2 2 2 2 2
left_child=1 -1 6 4 12 9 11 8 -2 10 -5 13 -4 -3 -15 18 21 19 -8 20 23 -17 -9 -11
right_child=7 2 3 5 -6 -7 15 22 -10 17 -12 -13 -14 14 -16 16 -18 -19 -20 -21 -22 -23 -24 -25
leaf_value=0.59102206402811508 -0.020637054694326303 -0.26135834640926786 -0.62029416429996487 -0.47551965951919556 0.47862019128799438 0.028739855620596142 -0.053825976560192723 0.89604113883972158 0.58265403167874208 -0.66266522018997764 0.0077115516309384947 -0.3518526822693494 -0.23795185313505285 -0.11540552871337591 0.21413502859346797 0.29068251064845496 -0.010791672691702843 -0.45865726316676425 0.18783598237177906 -0.52823250220881568 -0.81020029056639897 0.47021003838741421 0.72528592529205171 -0.56563340489680958
leaf_weight=29 38 36 40 33 50 36 31 25 51 27 27 49 34 26 33 35 28 34 34 36 42 33 26 26
leaf_count=29 38 36 40 33 50 36 31 25 51 27 27 49 34 26 33 35 28 34 34 36 42 33 26 26
internal_value=-0.0346985 -0.139076 -0.169761 -0.323787 -0.0723477 -0.443245 0.0246646 0.501354 0.325069 -0.518762 -0.258066 -0.156832 -0.444623 -0.056242 0.0689138 0.186997 0.264465 -0.613561 0.0725818 -0.653765 -0.701335 0.377806 0.808989 -0.615065
internal_weight=859 719 690 385 124 261 305 140 89 225 60 144 74 95 59 161 96 165 65 131 95 68 51 53
internal_count=859 719 690 385 124 261 305 140 89 225 60 144 74 95 59 161 96 165 65 131 95 68 51 53
is_linear=0
shrinkage=0.04


Tree=39
num_leaves=26
num_cat=0
split_feature=7 4 9 9 9 9 6 7 9 9 4 6 6 4 6 7 6 4 9 5 5 4 5 5 4
split_gain=27684.1 9924.19 8446.39 5412.58 20008.6 5911.48 7906.99 10159.1 4531.35 4373.16 3461.07 2917.02 5636.12 2300.4 1334.72 1190.58 931.965 835.045 1546.86 1236.41 541.503 441.026 304.686 272.457 176.551
threshold=1.1445794666770477 0.80241961714615162 -0.48586426077478684 0.3876233021160812 0.58919735509089699 0.11885789814966023 -1.1754552519803687 1.0000000180025095e-35 -1.157777770690839 0.79077140806571256 1.3261762825129007 0.64357409657457409 -0.83438724912631701 1.8438427540963152 0.64357409657457409 1.4375614829875671 -0.49331924627226525 0.26648256421273425 -0.88901236672441819 1.1378206180301593 -0.71349052288507664 -0.14765061305399738 -1.6391460933426945 1.1378206180301593 -0.65922689085407749
decision_type=2 2 2 2 2 2 2 2 2 2 2 2 2 2 2 2 2 2 2 2 2 2 2 2 2
left_child=1 2 8 5 24 6 -4 14 20 -6 -3 12 -2 -12 23 -14 -7 18 -10 -20 22 -11 -1 -8 -5
right_child=11 10 3 4 9 16 7 -9 17 21 13 -13 15 -15 -16 -17 -18 -19 19 -21 -22 -23 -24 -25 -26
leaf_value=-0.25914813585082691 0.7429419005544563 0.48611309324173219 -0.93605835254375747 0.59607501316070555 -0.75372648599412717 -0.93734038969645128 -0.57765445695473594 0.5342793732423049 -0.011479731075307156 -0.091393162727355953 -0.23439183746065415 0.76020363830384752 -0.051976814423837975 0.29350708394050601 -0.18657228117765381 0.30458486384358902 -0.63397681150325513 -0.042302597790229608 0.45396347999572756 0.12231962278485299 -0.3701739285886288 -0.32898796820640563 -0.081710301339626312 -0.40074306069811189 0.44574702930450444
leaf_weight=30 38 47 26 25 45 26 26 26 47 25 28 42 31 25 43 29 43 41 35 37 32 25 32 30 25
leaf_count=30 38 47 26 25 45 26 26 26 47 25 28 42 31 25 43 29 43 41 35 37 32 25 32 30 25
internal_value=-0.0333106 -0.133513 -0.193244 -0.316503 -0.12677 -0.441555 -0.301392 -0.169381 -0.0161187 -0.467655 0.23622 0.4813 0.36177 0.0146171 -0.354181 0.120361 -0.748288 0.113379 0.167017 0.283535 -0.23654 -0.210191 -0.167567 -0.48288 0.520911
internal_weight=859 719 619 365 145 220 151 125 254 95 100 140 98 53 99 60 69 160 119 72 94 50 62 56 50
internal_count=859 719 619 365 145 220 151 125 254 95 100 140 98 53 99 60 69 160 119 72 94 50 62 56 50
is_linear=0
shrinkage=0.04


Tree=40
num_leaves=26
num_cat=0
split_feature=4 9 8 9 9 9 9 9 9 4 2 0 9 9 9 0 9 4 4 4 7 4 9 5 9
split_gain=24017.3 16642.3 8278.03 10485.9 44081.5 8116.68 8099.53 7958.89 6217.42 4498.42 3901.63 2230.09 2031.39 1969.95 5863.02 1879.47 1997.12 1362.64 1030.12 2182.82 949.193 1481.3 906.485 576.509 561.192
threshold=2.5015836826964182 1.193919514015344 -0.63134183865453442 1.0000000180025095e-35 0.45481465310768643 -0.55305561176639195 -0.35148155879157633 0.79077140806571256 -0.75462966474120774 1.2165527944128833 1.0000000180025095e-35 -1.2485584126215259 0.92515411004892301 -0.75462966474120774 -1.157777770690839 -1.0000000180025095e-35 1.4626849179817649 0.80241961714615162 -0.96373658002079188 -0.74448960382075746 -1.1992766638071075 -0.038027124953980203 -0.082716154825155472 -0.25066273765626779 0.25324060013287075
decision_type=2 2 2 2 2 2 2 2 2 2 2 2 2 2 2 2 2 2 2 2 2 2 2 2 2
left_child=1 2 3 6 -5 8 13 -6 17 15 -7 -12 18 14 -1 -3 -17 20 -13 -20 21 -4 -21 -22 -24
right_child=-2 9 5 4 7 10 -8 -9 -10 -11 11 12 -14 -15 -16 16 -18 -19 19 22 23 -23 24 -25 -26
leaf_value=-0.21264622391881169 1.236238343834877 0.68775924672471722 -0.48271740930421014 1.3959344580627624 -0.80533689569543909 0.14955806694030763 -0.76835801839828488 0.12717711627483369 0.50504418474255186 -0.098083159828186037 -0.071240955380832457 -0.65836029358812287 -0.13330855141667758 -0.2274107140983854 0.50954463951928275 0.13185664415359497 0.58233820945985859 0.13156472998506882 -0.16866346481442451 -0.3797940218874386 -0.20411709011704834 -0.087158867843223339 -0.75151685678041902 0.026925120651721954 -0.5150561759301594
leaf_weight=37 25 47 28 42 27 25 26 32 33 25 34 37 34 35 35 32 31 34 40 49 27 33 26 48 42
leaf_count=37 25 47 28 42 27 25 26 32 33 25 34 37 34 35 35 32 31 34 40 49 27 33 26 48 42
internal_value=0.014095 -0.0214737 -0.0975006 0.0982235 0.405493 -0.190969 -0.135117 -0.299567 0.00260381 0.386256 -0.327886 -0.373444 -0.418509 0.0187549 0.138419 0.496333 0.353522 -0.0949287 -0.468493 -0.423747 -0.151552 -0.268727 -0.510955 -0.0562501 -0.605468
internal_weight=884 859 724 234 101 490 133 59 203 135 287 262 228 107 72 110 63 170 194 157 136 61 117 75 68
internal_count=884 859 724 234 101 490 133 59 203 135 287 262 228 107 72 110 63 170 194 157 136 61 117 75 68
is_linear=0
shrinkage=0.04


Tree=41
num_leaves=25
num_cat=0
split_feature=2 7 5 6 7 6 5 8 5 7 7 7 5 6 6 0 0 6 7 6 8 5 8 8
split_gain=22959 16207.6 7421.12 9132.27 5855.87 5994.01 8811.13 16472.9 6144.17 5755.14 3412.93 3112.71 3470.21 3032.48 1880.36 1748.82 2354.95 2068.73 1606.66 1024.82 1944.69 1307.44 910.497 314.079
threshold=-2.9592882694284057 1.1445794666770477 -0.71349052288507664 -0.37962991198758139 -0.61331263118606871 0.64357409657457409 -0.25066273765626779 -0.63134183865453442 0.67499283280135014 -1.1992766638071075 0.85159745036652823 1.4375614829875671 1.0000000180025095e-35 0.64357409657457409 -0.37962991198758139 0.74913504757291582 -0.7491350475729156 -0.60700858055694906 1.0000000180025095e-35 -0.60700858055694906 1.0000000180025095e-35 0.67499283280135014 -0.63134183865453442 1.0000000180025095e-35
decision_type=2 2 2 2 2 2 2 2 2 2 2 2 2 2 2 2 2 2 2 2 2 2 2 2
left_child=-1 2 3 -2 9 6 7 -6 22 -4 15 12 -3 -5 -13 16 17 -8 -18 -11 21 -21 -7 -24
right_child=1 11 4 13 5 8 10 -9 -10 19 -12 14 -14 -15 -16 -17 18 -19 -20 20 -22 -23 23 -25
leaf_value=1.1845604658126831 0.65334395746852081 0.3942237290610438 -0.40082617612985466 -0.34296076456705726 0.84210335572560624 -0.79842793818443059 0.024489341665197305 -0.405204866155982 0.083338945412635812 0.30285111690345018 0.044861296650436193 0.27437531612537525 -0.15875041246414184 0.17622452891535229 0.69323252799663138 -0.14295035972887157 -0.39769733679294589 -0.48047564895153044 -0.77169508737676284 0.14268505758605898 0.34786845832035462 -0.20871228771077263 -0.42749673077693351 -0.60521763662012606
leaf_weight=26 43 46 39 36 36 31 27 32 25 46 45 27 30 36 47 49 40 25 34 32 29 36 26 41
leaf_count=26 43 46 39 36 36 31 27 32 25 46 45 27 30 36 47 49 40 25 34 32 29 36 26 41
internal_value=0.0135312 -0.0219545 -0.101976 0.192098 -0.159005 -0.242651 -0.142822 0.255135 -0.476395 0.0298868 -0.265827 0.355746 0.175944 -0.0833681 0.540406 -0.345719 -0.424573 -0.218282 -0.569534 0.147354 0.073613 -0.0433488 -0.619185 -0.536251
internal_weight=884 858 708 115 593 411 288 68 123 182 220 150 76 72 74 175 126 52 74 143 97 68 98 67
internal_count=884 858 708 115 593 411 288 68 123 182 220 150 76 72 74 175 126 52 74 143 97 68 98 67
is_linear=0
shrinkage=0.04


Tree=42
num_leaves=29
num_cat=0
split_feature=2 9 8 6 6 5 9 9 6 9 0 6 6 6 6 8 9 6 5 9 8 0 6 8 9 0 6 9
split_gain=21159.1 16097.3 7338.86 17877.2 25940.5 38102.2 8886.84 5120.89 3694.97 3158.29 3150.1 4476.14 2760.03 2070.5 3609.14 4553.42 1680.34 1964.09 1377.62 1307.29 2328.65 1275.85 1204.23 1837.75 1006.4 1002.52 575.332 349.211
threshold=-2.9592882694284057 1.3283022159985547 -0.63134183865453442 0.18881675943583826 -0.94807658341100087 -0.25066273765626779 -0.55305561176639195 -0.75462966474120774 -1.2891445862650526 0.58919735509089699 -1.0000000180025095e-35 0.75726343085925796 -0.94807658341100087 -0.72069791484163315 0.41619542800520609 1.0000000180025095e-35 -0.082716154825155472 0.41619542800520609 -0.71349052288507664 0.92515411004892301 1.0000000180025095e-35 1.0000000180025095e-35 0.30250609372052223 1.0000000180025095e-35 1.4626849179817649 -1.0000000180025095e-35 1.0983314337133099 -1.4265431746572599
decision_type=2 2 2 2 2 2 2 2 2 2 2 2 2 2 2 2 2 2 2 2 2 2 2 2 2 2 2 2
left_child=-1 2 3 4 8 -6 7 13 -2 16 -5 -12 -11 27 21 -16 17 25 -3 -14 -21 -15 23 -18 -20 -8 -24 -4
right_child=1 18 6 10 5 -7 9 -9 -10 12 11 -13 19 14 15 -17 22 -19 24 20 -22 -23 26 -25 -26 -27 -28 -29
leaf_value=1.1371780501879178 -0.56810191686948142 0.2612870510220528 0.24212043974399566 -0.54113786216508208 1.8475972573416573 0.10435064100204632 -0.23669809389114382 0.48368659431284122 0.076898871616080958 0.21700210314530594 0.2903122481933007 -0.4114570230787451 -0.46094305499907462 -0.54325076883489443 -0.28313862914669102 0.4319969778827259 -0.61840612340856482 0.0043550866869864644 0.36876648260996897 0.14666897087097167 -0.38446117347971143 -0.16858689601604757 -0.77008985453638534 -0.15589367587651526 0.6917328361147328 -0.59145768454441661 -0.50824321622848512 0.049628613465710687
leaf_weight=26 30 40 25 47 35 47 25 33 27 26 26 33 31 33 29 28 27 27 26 25 28 26 29 28 38 26 25 38
leaf_count=26 30 40 25 47 35 47 25 33 27 26 26 33 31 33 29 28 27 27 26 25 28 26 29 28 38 26 25 38
internal_value=0.01299 -0.0210763 -0.0854227 0.0944496 0.392832 0.848419 -0.172002 0.0258251 -0.262575 -0.313211 -0.296825 -0.102203 -0.14314 -0.0585851 -0.158842 0.0681561 -0.413254 -0.27151 0.445435 -0.254612 -0.133928 -0.378145 -0.514685 -0.382945 0.560528 -0.417556 -0.648865 0.126014
internal_weight=884 858 754 245 139 82 509 212 57 297 106 59 110 179 116 57 187 78 104 84 53 59 109 55 64 51 54 63
internal_count=884 858 754 245 139 82 509 212 57 297 106 59 110 179 116 57 187 78 104 84 53 59 109 55 64 51 54 63
is_linear=0
shrinkage=0.04


Tree=43
num_leaves=26
num_cat=0
split_feature=4 7 8 7 7 4 7 7 4 7 8 5 7 8 7 0 0 5 5 7 7 7 4 4 5
split_gain=20963 12832.1 7041.59 6794.04 25288.7 10894.3 5227.63 4394.3 3856.62 3097.86 2290.6 2213.85 2279.66 1668.88 1546 1977.34 1520.14 1324.41 1273.77 2784.97 1051.66 980.757 285.451 280.16 101.227
threshold=2.5015836826964182 1.1445794666770477 -0.63134183865453442 0.55861543405600889 1.0000000180025095e-35 -0.69576805355408322 -0.61331263118606871 -0.90629464749658817 1.2165527944128833 0.55861543405600889 1.0000000180025095e-35 -0.25066273765626779 -0.61331263118606871 1.0000000180025095e-35 1.0000000180025095e-35 -1.0000000180025095e-35 0.74913504757291582 -0.25066273765626779 -0.71349052288507664 -1.1992766638071075 -0.32033061487554942 0.26563341774548938 0.35174527717941434 -0.65922689085407749 0.67499283280135014
decision_type=2 2 2 2 2 2 2 2 2 2 2 2 2 2 2 2 2 2 2 2 2 2 2 2 2
left_child=1 2 3 4 11 -6 7 16 10 14 17 -1 24 -11 15 -8 18 22 -4 -20 -17 -16 -3 -23 -13
right_child=-2 8 6 -5 5 -7 9 -9 -10 13 -12 12 -14 -15 21 20 -18 -19 19 -21 -22 23 -24 -25 -26
leaf_value=-0.34623217619382418 1.154264067363739 0.32823388500213624 -0.039941176387998795 -0.32651548541322045 0.37066535913027254 1.528609556051401 -0.057474809129807083 0.33069700664944124 -0.097603773730141785 0.10955339184174172 0.69040977425045447 0.25218275775909421 -0.20711404548912513 -0.24110459225518363 -0.61386913913361574 -0.57176694388831817 0.082969733306339805 0.084407311167035787 -0.63405920895246359 -0.08752910777500697 -0.22680758627561426 -0.28262262765566509 0.51580908227849886 -0.4639292912483215 0.13835344066619873
leaf_weight=39 25 25 45 49 26 26 44 45 28 39 36 25 41 49 47 31 42 28 26 35 26 30 27 25 25
leaf_count=39 25 25 45 49 26 26 44 45 28 39 36 25 41 49 47 31 42 28 26 35 26 30 27 25 25
internal_value=0.0124704 -0.0207599 -0.0901409 0.0915609 0.20412 0.949637 -0.176862 -0.0154421 0.323736 -0.283921 0.425438 -0.0940871 0.013975 -0.0856993 -0.369849 -0.258917 -0.120687 0.306201 -0.201381 -0.320476 -0.414417 -0.479694 0.425629 -0.365035 0.195268
internal_weight=884 859 715 231 182 52 484 193 144 291 116 130 91 88 203 101 148 80 106 61 57 102 52 55 50
internal_count=884 859 715 231 182 52 484 193 144 291 116 130 91 88 203 101 148 80 106 61 57 102 52 55 50
is_linear=0
shrinkage=0.04


Tree=44
num_leaves=29
num_cat=0
split_feature=4 9 8 6 6 5 9 9 7 6 4 6 9 5 6 4 6 6 8 6 0 8 5 6 0 4 9 7
split_gain=19319.5 11886.6 6346.77 12589.1 23844 40102.9 5894.08 5239.79 4843.46 3901.61 3781.49 3662.8 3926.46 3646.5 3260.93 2788.51 1966.84 3007.89 3767.01 1170.59 1131.45 1069.54 928.625 1419.02 687.417 451.747 444.869 138.97
threshold=2.5015836826964182 1.193919514015344 -0.63134183865453442 0.18881675943583826 -0.94807658341100087 -0.25066273765626779 -0.55305561176639195 -0.75462966474120774 0.26563341774548938 -1.2891445862650526 1.2165527944128833 -1.0617659176956848 0.32043195112447598 1.0000000180025095e-35 -0.72069791484163315 -0.14765061305399738 -0.72069791484163315 0.41619542800520609 1.0000000180025095e-35 0.64357409657457409 -1.0000000180025095e-35 1.0000000180025095e-35 1.0000000180025095e-35 0.075127425151154323 -1.0000000180025095e-35 0.22994140151272849 0.3876233021160812 1.4375614829875671
decision_type=2 2 2 2 2 2 2 2 2 2 2 2 2 2 2 2 2 2 2 2 2 2 2 2 2 2 2 2
left_child=1 2 3 4 9 -6 7 16 13 -1 14 12 -8 -5 -3 22 25 21 -19 27 -17 -18 24 -24 -13 -4 -26 -16
right_child=-2 10 6 8 5 -7 11 -9 -10 -11 -12 15 -14 -15 19 20 17 18 -20 -21 -22 -23 23 -25 26 -27 -28 -29
leaf_value=-0.57146458754936857 1.108093476676941 0.82716079263687137 -0.0023649912020739386 -0.66912824296951301 2.0568209489186606 0.09856878085569902 -0.33328750179364131 0.46018005233822451 0.1795627936720848 0.098001880370653591 -0.11941551704406739 -0.63008828895036562 0.35541246555469658 -0.11006013282282012 0.12629189676708646 0.089965431952476499 -0.22253067526324041 -0.30509619944625432 0.3694750861938183 0.49380333322467224 -0.26236478914533345 -0.56912268877029415 -0.52115874782685312 -0.15858963578175275 -0.31499560798368148 0.21912646953876203 -0.53106808056433996 0.25717086811065676
leaf_weight=30 25 25 34 40 27 44 26 33 32 26 25 43 27 35 27 25 29 27 26 33 35 28 31 39 31 26 30 25
leaf_count=30 25 25 34 40 27 44 26 33 32 26 25 43 27 35 27 25 29 27 26 33 35 28 31 39 31 26 30 25
internal_value=0.0119716 -0.0199295 -0.084182 0.0871969 0.356498 0.843256 -0.166024 -0.0010702 -0.232441 -0.260641 0.324654 -0.282699 0.0175597 -0.40823 0.425579 -0.350706 -0.090607 -0.191092 0.0258256 0.307467 -0.115561 -0.392786 -0.431791 -0.319156 -0.507603 0.0936146 -0.421261 0.189214
internal_weight=884 859 724 234 127 71 490 203 107 56 135 287 53 75 110 234 170 110 53 85 60 57 174 70 104 60 61 52
internal_count=884 859 724 234 127 71 490 203 107 56 135 287 53 75 110 234 170 110 53 85 60 57 174 70 104 60 61 52
is_linear=0
shrinkage=0.04


Tree=45
num_leaves=28
num_cat=0
split_feature=9 8 6 6 9 9 4 9 9 0 6 6 4 4 9 9 9 9 6 6 0 0 9 4 5 4 4
split_gain=16617.6 8497.87 16852 27640.6 33350 120868 9745.67 9140.08 5680.92 5537.58 3689.69 3505.44 3409.3 2543.01 2966.08 1812.06 1266.93 1708.35 1539.28 1171.44 936.664 914.921 858.266 708.847 692.045 416.595 169.336
threshold=1.193919514015344 -0.63134183865453442 -1.2891445862650526 0.52988476228989012 0.58919735509089699 -0.14990750581676068 -0.31817603898735741 -0.55305561176639195 -0.75462966474120774 -1.0000000180025095e-35 -0.15225124341821353 -0.60700858055694906 1.0216665933461864 0.60144322229612024 -1.4265431746572599 1.4626849179817649 -0.082716154825155472 0.52200600409929165 0.18881675943583826 0.41619542800520609 -0.7491350475729156 0.74913504757291582 -1.2921604726740494 -0.78103076652076331 1.0000000180025095e-35 -0.51306224005405465 -1.0246385178541348
decision_type=2 2 2 2 2 2 2 2 2 2 2 2 2 2 2 2 2 2 2 2 2 2 2 2 2 2 2
left_child=1 2 -1 4 5 11 -5 8 13 10 -2 -4 16 19 -15 -11 18 23 -9 22 -19 -22 -3 26 -24 -25 -18
right_child=9 7 3 6 -6 -7 -8 12 -10 15 -12 -13 -14 14 -16 -17 17 20 -20 -21 21 -23 24 25 -26 -27 -28
leaf_value=-0.6931672787305081 1.0496871059281485 -0.38334965616464617 0.52547851998806006 -0.65215582921149895 -0.58634122536732602 3.4095956699371341 0.2031745903308575 -0.36360427108970844 0.51975987677914759 0.024819394747416179 0.42093953087925912 -0.072759316450073608 0.11256785202026368 0.4878569934986256 -0.10504758799517597 0.40873351599719071 -0.46516487712860105 -0.059092794381655177 0.018508726185367953 0.047480931133031846 -0.4714284949689298 -0.15818878483772278 0.032302721834182736 -0.71586004825738758 -0.2548778278252174 -0.49350450622183933 -0.31794055852890013
leaf_weight=33 28 32 25 47 26 25 39 37 35 42 32 42 30 27 27 37 25 26 31 38 37 25 25 26 29 28 25
leaf_count=33 28 32 25 47 26 25 39 37 35 42 32 42 30 27 27 37 25 26 31 38 37 25 25 26 29 28 25
internal_value=0.0233639 -0.0520135 0.14546 0.28112 0.678611 1.0361 -0.264273 -0.145058 0.0538998 0.424654 0.714355 0.150464 -0.291188 -0.037702 0.191405 0.204627 -0.337776 -0.390323 -0.189406 -0.137474 -0.260613 -0.345122 -0.219199 -0.500078 -0.121924 -0.600565 -0.391553
internal_weight=879 740 237 204 118 92 86 503 213 139 60 67 290 178 54 79 260 192 68 124 88 62 86 104 54 54 50
internal_count=879 740 237 204 118 92 86 503 213 139 60 67 290 178 54 79 260 192 68 124 88 62 86 104 54 54 50
is_linear=0
shrinkage=0.04


Tree=46
num_leaves=27
num_cat=0
split_feature=7 8 6 9 7 4 9 9 9 0 4 4 4 9 9 9 6 6 9 0 0 6 4 4 6 4
split_gain=15458.3 9553.8 14335 26927 91488 8981.61 7731.98 5797.29 4739.76 3723.5 4674.71 2195.06 1493.34 1210.11 1203.91 1503.18 1418.6 1188.3 1518.64 1075.87 904.722 718.345 653.273 383.933 225.542 156.06
threshold=1.1445794666770477 -0.63134183865453442 0.52988476228989012 1.0000000180025095e-35 0.55861543405600889 -0.31817603898735741 -0.55305561176639195 -0.75462966474120774 -0.75462966474120774 -1.0000000180025095e-35 0.71715690417947164 1.0216665933461864 0.80241961714615162 1.4626849179817649 -0.082716154825155472 0.52200600409929165 0.18881675943583826 0.41619542800520609 -1.2921604726740494 0.74913504757291582 -0.7491350475729156 -0.83438724912631701 -0.78103076652076331 -0.51306224005405465 1.0000000180025095e-35 -1.0246385178541348
decision_type=2 2 2 2 2 2 2 2 2 2 2 2 2 2 2 2 2 2 2 2 2 2 2 2 2 2
left_child=1 2 3 8 -5 -4 7 12 -1 10 -2 14 17 19 16 22 -8 18 -3 -11 -17 -20 25 -24 -22 -16
right_child=9 6 5 4 -6 -7 11 -9 -10 13 -12 -13 -14 -15 15 20 -18 -19 21 -21 24 -23 23 -25 -26 -27
leaf_value=0.20086335368752481 0.31297230111228097 -0.41205211771859063 -0.62606958424791381 2.663279255834119 -0.46235306186060754 0.19504760277576935 -0.34906009648297287 0.49896947887965609 -0.39632591775945714 -0.095461235618591322 0.995380039913901 0.06645615730285645 0.14672731068076159 0.39238417947614518 -0.44655828914642337 -0.056729067793259258 0.017768374046971722 0.047683890877025466 0.074850875964531535 0.27204765228124766 -0.42805139935933623 -0.21024864865887552 -0.68722563679401694 -0.47376432665756774 -0.27052401701609297 -0.30522292428016662
leaf_weight=50 36 36 47 29 31 39 37 35 37 25 29 25 41 37 25 26 31 42 26 26 26 31 26 28 33 25
leaf_count=50 36 36 47 29 31 39 37 35 37 25 29 25 41 37 25 26 31 42 26 26 26 31 26 28 33 25
internal_value=0.0224294 -0.0545765 0.156493 0.396471 1.04837 -0.253702 -0.154331 0.028801 -0.0531137 0.38783 0.617431 -0.291356 -0.0646984 0.218238 -0.326163 -0.378092 -0.181829 -0.128909 -0.208661 0.0918962 -0.253313 -0.0802033 -0.480075 -0.576542 -0.339943 -0.375891
internal_weight=879 726 233 147 60 86 493 211 87 153 65 282 176 88 257 189 68 135 93 51 85 57 104 54 59 50
internal_count=879 726 233 147 60 86 493 211 87 153 65 282 176 88 257 189 68 135 93 51 85 57 104 54 59 50
is_linear=0
shrinkage=0.04


Tree=47
num_leaves=26
num_cat=0
split_feature=7 8 6 6 7 9 9 7 0 5 5 5 5 2 9 9 6 5 6 6 0 0 6 6 6
split_gain=14246.4 8804.78 13211.2 25648.3 34757.9 7125.79 5342.78 3472.38 3431.58 4480.47 3352.41 2378.2 2150.41 1923.59 1806.41 2464.93 1818.83 1338.2 2840.67 1304.3 798.27 490.089 547.606 979.234 420.031
threshold=1.1445794666770477 -0.63134183865453442 0.52988476228989012 -1.0617659176956848 1.0000000180025095e-35 -0.55305561176639195 -0.75462966474120774 0.26563341774548938 -1.0000000180025095e-35 -0.25066273765626779 1.0000000180025095e-35 1.0000000180025095e-35 0.67499283280135014 1.0000000180025095e-35 0.79077140806571256 -0.082716154825155472 0.52988476228989012 -0.71349052288507664 -0.83438724912631701 0.30250609372052223 1.0000000180025095e-35 0.74913504757291582 0.75726343085925796 -0.83438724912631701 0.52988476228989012
decision_type=2 2 2 2 2 2 2 2 2 2 2 2 2 2 2 2 2 2 2 2 2 2 2 2 2
left_child=1 2 3 -1 12 6 17 10 9 -2 -4 24 -5 -7 15 16 -15 20 -19 -20 -3 22 23 -17 -10
right_child=8 5 7 4 -6 13 -8 -9 11 -11 -12 -13 -14 14 -16 21 -18 18 19 -21 -22 -23 -24 -25 -26
leaf_value=-0.39008050463301069 0.2657072612733552 -0.034863726437091826 -0.71394784196217853 -0.097668313105260168 1.656177845478058 0.028867988421999176 0.47901069627489362 0.12225892543792725 0.24511246611090268 0.9299801176786423 -0.10537469753197261 -0.12058992729187011 0.3815310340914233 -0.32313997401747591 -0.078869264943655149 -0.35394048738479611 0.1059086693763733 0.15469841774772194 -0.44210859251022344 -0.10774736214375923 0.24662454004640932 -0.33960508882999418 -0.34634762158760657 -0.65954167757110271 0.45233275939678325
leaf_weight=47 33 40 30 31 40 29 35 28 34 32 28 25 29 43 43 25 25 34 40 35 27 40 26 51 29
leaf_count=47 33 40 30 31 40 29 35 28 34 32 28 25 29 43 43 25 25 34 40 35 27 40 26 51 29
internal_value=0.0215322 -0.0523934 0.150233 0.380612 0.742838 -0.148158 0.027649 -0.243554 0.372317 0.592734 -0.420154 0.209508 0.133945 -0.279702 -0.315071 -0.363437 -0.165402 -0.0621105 -0.148585 -0.286073 0.0785718 -0.45827 -0.504806 -0.559015 0.3405
internal_weight=879 726 233 147 100 493 211 86 153 65 58 88 60 282 253 210 68 176 109 75 67 142 102 76 63
internal_count=879 726 233 147 100 493 211 86 153 65 58 88 60 282 253 210 68 176 109 75 67 142 102 76 63
is_linear=0
shrinkage=0.04


Tree=48
num_leaves=27
num_cat=0
split_feature=7 2 9 9 9 9 9 9 0 4 4 0 0 6 9 9 0 4 4 4 4 9 9 0 4 4
split_gain=13129.4 4431.02 8189.37 23667.4 15995.4 13734.8 6841.59 5309.8 3162.54 4292.5 2412.27 1939.58 1848.89 1550.16 1438.44 1984.41 1963.81 1285.8 1259.7 1951.71 1645.65 1124.92 1080.34 999.509 650.22 306.394
threshold=1.1445794666770477 -2.9592882694284057 0.45481465310768643 0.32043195112447598 0.11885789814966023 1.0000000180025095e-35 0.79077140806571256 -0.28429020779997111 -1.0000000180025095e-35 0.71715690417947164 -0.61050534058740313 1.0000000180025095e-35 -1.2485584126215259 0.52988476228989012 -1.2921604726740494 -1.4265431746572599 1.0000000180025095e-35 -0.75666999138742608 -0.22073293845400885 0.10813752584604273 0.65625496634612879 -1.0233950687076285 1.4626849179817649 0.74913504757291582 -0.46434068978738036 -0.78103076652076331
decision_type=2 2 2 2 2 2 2 2 2 2 2 2 2 2 2 2 2 2 2 2 2 2 2 2 2 2
left_child=1 -1 3 4 5 7 10 12 9 -2 -4 -8 21 -9 15 16 -14 -16 24 -20 -21 -3 23 -10 -19 -6
right_child=8 2 6 -5 25 -7 11 13 22 -11 -12 -13 14 -15 17 -17 -18 18 19 20 -22 -23 -24 -25 -26 -27
leaf_value=0.4430944275856018 0.27727773214793866 0.028331976965069772 -0.43648570063213504 1.0248860482608571 -0.64551343927383431 0.77044475616727559 0.098210630468700252 -0.55916923239424421 -0.098833589839935301 0.93119297635966336 -0.91487460613250737 -0.2969229281970433 -0.25096647776663306 -0.15614513048758874 0.26206456878492906 -0.43225686891873677 0.20349830331473517 -0.014269272414120761 0.2718312137060695 -0.23238719487190246 0.16744110992976599 0.39748763578278679 0.36567209398424305 0.25539343109497659 -0.2541330980658531 -0.84354973428249369
leaf_weight=28 36 25 48 34 25 35 46 37 25 29 26 35 32 26 31 30 29 33 45 40 28 28 37 26 40 25
leaf_count=28 36 25 48 34 25 35 46 37 25 29 26 35 32 26 31 30 29 33 45 40 28 28 37 26 40 25
internal_value=0.0206709 -0.0502977 -0.0700899 0.00311217 -0.0651399 0.00886789 -0.326533 -0.0539981 0.357424 0.569025 -0.604568 -0.0725261 0.00513526 -0.392842 -0.032416 -0.165903 -0.0349095 0.0235625 -0.0161879 0.0674802 -0.067752 0.223358 0.201128 0.0817527 -0.145702 -0.744532
internal_weight=879 726 698 543 509 459 155 424 153 65 74 81 361 63 308 91 61 217 186 113 68 53 88 51 73 50
internal_count=879 726 698 543 509 459 155 424 153 65 74 81 361 63 308 91 61 217 186 113 68 53 88 51 73 50
is_linear=0
shrinkage=0.04


Tree=49
num_leaves=28
num_cat=0
split_feature=4 9 8 6 6 7 9 4 9 7 0 6 6 6 3 4 5 9 9 6 4 4 0 9 9 4 9
split_gain=12434.7 6562.86 7809.58 15233.1 23700.4 31006.5 96847.1 7330.78 5995.77 5562.37 3420.68 2888.04 2587.53 3016.46 1673.06 1625.62 1501.84 1497.74 2316.53 1594.35 1355.24 821.662 561.702 651.419 533.119 211.353 113.112
threshold=2.02045837381301 1.193919514015344 -0.63134183865453442 -1.2891445862650526 0.52988476228989012 0.55861543405600889 -0.14990750581676068 -0.31817603898735741 -0.55305561176639195 -0.90629464749658817 -1.0000000180025095e-35 -0.60700858055694906 -0.60700858055694906 0.64357409657457409 1.0000000180025095e-35 0.36392566474608284 -0.71349052288507664 0.79077140806571256 -0.082716154825155472 0.52988476228989012 -0.86629347948744329 0.21167082016272562 0.74913504757291582 0.3876233021160812 -1.493734525648865 -0.24509371358734597 0.3876233021160812
decision_type=2 2 2 2 2 2 2 2 2 2 2 2 2 2 2 2 2 2 2 2 2 2 2 2 2 2 2
left_child=1 2 3 -1 5 6 11 -6 9 16 -11 -5 -3 15 17 -14 24 18 19 -10 26 25 23 -22 -4 -18 -20
right_child=-2 12 8 4 7 -7 -8 -9 14 10 -12 -13 13 -15 -16 -17 21 -19 20 -21 22 -23 -24 -25 -26 -27 -28
leaf_value=-0.67661015484482057 0.75863354158401497 0.54855339649745394 -0.074360506113837752 0.50888561468124383 -0.57989819887153649 -0.58283682181284979 3.1011550231933591 0.17280689674454766 -0.30026859848998316 0.65787982634135656 0.068390818701850042 -0.039162197526544332 0.17102827582359315 0.40804275051141398 0.020940095145126871 -0.28072095412474413 -0.06256269500805782 -0.090274190372890889 -0.33371049607241593 0.10143172604441643 -0.4885948483525096 -0.41196874652590071 -0.37543749204048743 -0.74985493284005389 0.16896560752391815 -0.22384714825795246 -0.21681881416302459
leaf_weight=32 35 35 34 25 47 26 25 37 43 28 36 40 25 39 29 26 26 45 27 25 37 28 26 26 25 26 26
leaf_count=32 35 35 34 25 47 26 25 37 43 28 36 40 25 39 29 26 26 45 27 25 37 28 26 26 25 26 26
internal_value=0.0198441 -0.0107929 -0.0573007 0.133698 0.263347 0.633886 0.985384 -0.24835 -0.14829 0.0177183 0.326292 0.171625 0.25672 0.143229 -0.26695 -0.0592753 -0.124359 -0.299691 -0.344566 -0.152585 -0.436501 -0.237272 -0.531861 -0.596416 0.0287438 -0.143205 -0.276367
internal_weight=879 844 719 232 200 116 90 84 487 203 64 65 125 90 284 51 139 255 210 68 142 80 89 63 59 52 53
internal_count=879 844 719 232 200 116 90 84 487 203 64 65 125 90 284 51 139 255 210 68 142 80 89 63 59 52 53
is_linear=0
shrinkage=0.04


Tree=50
num_leaves=26
num_cat=0
split_feature=2 7 4 0 7 0 4 4 8 4 5 4 7 7 5 4 4 4 4 4 7 4 4 4 4
split_gain=21455.5 9870.17 3146.07 4460.17 3452.83 3147.84 2450.96 2154.2 1735.47 4809.54 8707.32 5842.04 1948.47 1701.02 1794.32 1326.44 1275.05 1147.06 1455.81 642.071 724.788 642.584 783.972 354.335 50.2534
threshold=-2.9592882694284057 1.4375614829875671 0.80241961714615162 0.74913504757291582 -0.61331263118606871 -1.2485584126215259 1.3139958949462318 0.25430217664606569 -0.63134183865453442 -0.6714072784207461 -0.25066273765626779 -0.95155619245412326 0.85159745036652823 -1.1992766638071075 -1.1763183081138855 0.60144322229612024 -0.51306224005405465 -0.17201138818733452 -0.43997991465404318 -0.63486611572074036 1.0000000180025095e-35 -0.82975231678743755 -1.1099012308208147 -0.15983100062066594 -0.76885037895409469
decision_type=2 2 2 2 2 2 2 2 2 2 2 2 2 2 2 2 2 2 2 2 2 2 2 2 2
left_child=-1 2 4 6 7 16 -4 13 9 11 -11 -7 19 14 -2 -3 -6 18 24 21 23 22 -10 -21 -15
right_child=1 15 3 -5 5 8 -8 -9 12 10 -12 -13 -14 17 -16 -17 -18 -19 -20 20 -22 -23 -24 -25 -26
leaf_value=1.0210508386550412 0.093547868691384789 0.22923420717803442 0.17895105431719524 0.51579457394282024 -0.11037560010778494 0.027506967926025392 -0.24217308272918064 -0.23107442836372219 -0.21562842725679793 0.58528792321681977 -0.34784237958490849 -0.83723677215576175 -0.057836539027365776 0.25330819237232211 -0.35872750701904293 0.56449644783564978 0.26471723947031744 0.38055999185504585 -0.15128779888153077 -0.43572441109589172 -0.56680825343003149 -0.17857250602877869 -0.49508650786346864 -0.23065620963390057 0.17310573210716246
leaf_weight=31 32 41 41 30 29 25 48 49 29 32 32 25 44 25 25 35 29 29 27 28 37 49 36 26 25
leaf_count=31 32 41 41 30 29 25 48 49 29 32 32 25 44 25 25 35 29 29 27 28 37 49 36 26 25
internal_value=-0.012107 -0.0507881 -0.0946921 0.0940044 -0.130166 -0.19646 -0.0481721 0.00148356 -0.24018 -0.110921 0.118723 -0.404865 -0.299359 0.0713936 -0.104819 0.383631 0.0771708 0.166149 0.0853971 -0.351198 -0.430431 -0.287951 -0.370405 -0.336988 0.213207
internal_weight=859 828 752 119 633 421 89 212 363 114 64 50 249 163 57 76 58 106 77 205 91 114 65 54 50
internal_count=859 828 752 119 633 421 89 212 363 114 64 50 249 163 57 76 58 106 77 205 91 114 65 54 50
is_linear=0
shrinkage=0.04


Tree=51
num_leaves=25
num_cat=0
split_feature=4 7 8 4 9 9 9 4 9 7 9 5 9 7 5 6 4 9 6 5 4 6 8 4
split_gain=17179.4 6109.19 3960.69 3431.02 5287.73 12205.9 10359.1 10054.7 5121.64 4211.64 3884.41 3036.52 2929.31 2565.38 2234.59 2210.09 2069.32 1728.92 1541.51 1295.33 768.53 1219.07 399.023 224.243
threshold=2.5015836826964182 1.1445794666770477 1.0000000180025095e-35 0.765878454446146 0.6563887060825021 0.3876233021160812 0.11885789814966023 -0.69576805355408322 1.0000000180025095e-35 -0.61331263118606871 0.79077140806571256 -0.25066273765626779 1.5298762689733703 -0.90629464749658817 1.0000000180025095e-35 0.30250609372052223 0.25430217664606569 -1.157777770690839 -0.72069791484163315 -1.1763183081138855 -0.17201138818733452 0.41619542800520609 -0.63134183865453442 0.58317264094611732
decision_type=2 2 2 2 2 2 2 2 2 2 2 2 2 2 2 2 2 2 2 2 2 2 2 2
left_child=1 3 12 4 5 6 8 -7 9 16 -6 -8 22 -5 -11 18 17 19 -16 -1 21 -19 -3 -4
right_child=-2 2 23 13 10 7 11 -9 -10 14 -12 -13 -14 -15 15 -17 -18 20 -20 -21 -22 -23 -24 -25
leaf_value=0.089805953614413736 1.0008974687869734 -0.23959349370002747 0.39422143814563754 -0.089312878630873629 -0.75523162435082825 -0.046426419913768772 -0.89250331067014488 0.97288208421071376 0.39606370729558604 -0.60570909268326234 -0.18010291170506251 -0.3533944894841739 0.34009275292977692 0.34363530057541863 -0.17510427764306466 0.024579695605418901 -0.23512331120511321 -0.024705467965867783 -0.51867847751926732 -0.26476863776936255 0.344597778854699 0.32366925411224368 -0.023217237091064453 0.56200454483811668
leaf_weight=32 26 30 25 41 34 32 32 30 34 27 42 35 32 47 48 44 47 45 37 34 29 25 25 26
leaf_count=32 26 30 25 41 34 32 32 30 34 27 42 35 32 47 48 44 47 45 37 34 29 25 25 26
internal_value=-0.0116227 -0.043226 0.199872 -0.0914959 -0.125336 -0.0806714 -0.150399 0.446787 -0.0736527 -0.11705 -0.437397 -0.610879 0.0358015 0.141921 -0.2748 -0.20554 -0.000970839 0.0657271 -0.32466 -0.0928537 0.171448 0.0997141 -0.141241 0.479758
internal_weight=859 833 138 695 607 531 469 62 402 368 76 67 87 88 156 129 212 165 85 66 99 70 55 51
internal_count=859 833 138 695 607 531 469 62 402 368 76 67 87 88 156 129 212 165 85 66 99 70 55 51
is_linear=0
shrinkage=0.04


Tree=52
num_leaves=25
num_cat=0
split_feature=2 9 9 6 9 6 8 6 9 6 6 9 5 0 6 9 0 5 9 6 5 8 9 9
split_gain=18763.1 8085.14 3709.31 1863.23 5343.56 3083.83 3489.27 3791.08 2839.5 2636.97 2956.11 11059.3 4357.99 3469.22 2929.52 4947.73 2895.99 2441.87 1672.46 1628.39 3111.92 788.493 247.186 15.3855
threshold=-2.9592882694284057 1.3954935669901598 -1.6281172276320757 -1.4028339205497364 -0.082716154825155472 -0.72069791484163315 1.0000000180025095e-35 -0.94807658341100087 0.25324060013287075 -0.15225124341821353 0.18881675943583826 0.051666547158054986 1.0000000180025095e-35 -1.0000000180025095e-35 0.98464209942862591 0.3876233021160812 -0.7491350475729156 1.0000000180025095e-35 -0.48586426077478684 -0.37962991198758139 -0.71349052288507664 -0.63134183865453442 -0.082716154825155472 0.11885789814966023
decision_type=2 2 2 2 2 2 2 2 2 2 2 2 2 2 2 2 2 2 2 2 2 2 2 2
left_child=-1 2 -2 4 -4 6 7 8 -5 16 11 -11 13 21 15 -15 -7 -18 -14 -3 -21 -12 -20 -23
right_child=1 19 3 5 -6 9 -8 -9 -10 10 12 -13 18 14 -16 -17 17 -19 22 20 -22 23 -24 -25
leaf_value=0.95500529504591414 0.38001867720713983 0.075596725823623798 0.020390233193125044 -0.19305332721865459 -0.71384008095182228 -0.0096042238699423303 -0.20676951938487115 0.56975122489035135 0.33557858425995402 -0.28303791195154193 -0.60303112566471107 0.73293466033538179 0.2464078031933826 -0.23387492094721116 -0.35079161600190767 0.43234713108308853 -0.63603560631925415 -0.18469636917114257 -0.00036491912874308505 0.15101492660386223 0.74737728442464557 -0.32656615829467778 -0.14926707740624745 -0.37094348299503327
leaf_weight=31 26 28 35 37 29 37 47 32 29 40 32 30 46 42 49 31 44 34 44 28 28 25 30 25
leaf_count=31 26 28 35 37 29 37 47 32 29 40 32 30 46 42 49 31 44 34 44 28 28 25 30 25
internal_value=-0.0111578 -0.0473306 -0.0893299 -0.106326 -0.312308 -0.0861685 0.0765702 0.212458 0.0392243 -0.132528 -0.0833409 0.152379 -0.134268 -0.246782 -0.111547 0.0490413 -0.301049 -0.439298 0.0570058 0.324663 0.449196 -0.447985 -0.0607307 -0.348755
internal_weight=859 828 744 718 64 654 145 98 66 509 394 70 324 204 122 73 115 78 120 84 56 82 74 50
internal_count=859 828 744 718 64 654 145 98 66 509 394 70 324 204 122 73 115 78 120 84 56 82 74 50
is_linear=0
shrinkage=0.04


Tree=53
num_leaves=25
num_cat=0
split_feature=4 7 8 4 9 9 0 9 9 7 9 5 9 7 4 5 6 9 6 5 4 6 8 4
split_gain=15551.6 5189.83 3678.64 3062.18 4856.44 10711.4 9357.05 9336.54 4801.84 3825.34 3666.54 2793.39 2512.27 2287.31 1895.71 1890.7 2014.49 1534.05 1350.43 1179.42 686.232 1082.05 358.584 202.048
threshold=2.5015836826964182 1.1445794666770477 1.0000000180025095e-35 0.765878454446146 0.6563887060825021 0.3876233021160812 -1.0000000180025095e-35 0.11885789814966023 1.0000000180025095e-35 -0.61331263118606871 0.79077140806571256 -0.25066273765626779 1.5298762689733703 -0.90629464749658817 0.25430217664606569 1.0000000180025095e-35 0.30250609372052223 -1.157777770690839 -0.72069791484163315 -1.1763183081138855 -0.17201138818733452 0.41619542800520609 -0.63134183865453442 0.58317264094611732
decision_type=2 2 2 2 2 2 2 2 2 2 2 2 2 2 2 2 2 2 2 2 2 2 2 2
left_child=1 3 12 4 5 7 -7 8 9 14 -6 -9 22 -5 17 -11 18 19 -17 -1 21 -19 -3 -4
right_child=-2 2 23 13 10 6 -8 11 -10 15 -12 -13 -14 -15 -16 16 -18 20 -20 -21 -22 -23 -24 -25
leaf_value=0.090470419172197586 0.95264301776885985 -0.23203193569183347 0.37182398328781124 -0.083098533615106496 -0.72509625701343317 0.96117155781814034 -0.026259738697725188 -0.84703099109232427 0.3879206943511963 -0.56364065488179527 -0.16632872371446517 -0.32995497710364208 0.3069593105837703 0.32571254385278581 -0.2224027540328655 -0.16929483770082396 0.024152567501772537 -0.019867148814929857 -0.49087161057704204 -0.24786861139185287 0.32875276923179625 0.30834596996307373 -0.026912898635864258 0.53108731168967027
leaf_weight=32 26 30 25 41 34 28 34 32 34 27 42 35 32 47 47 48 44 45 37 34 29 25 25 26
leaf_count=32 26 30 25 41 34 28 34 32 34 27 42 35 32 47 47 48 44 45 37 34 29 25 25 26
internal_value=-0.0107115 -0.0407802 0.183281 -0.0852701 -0.117239 -0.0744352 0.419677 -0.139755 -0.0668946 -0.108916 -0.416304 -0.576917 0.02516 0.135244 0.0017125 -0.259256 -0.195548 0.0655514 -0.309275 -0.0838254 0.165136 0.0973518 -0.138796 0.453017
internal_weight=859 833 138 695 607 531 62 469 402 368 76 67 87 88 212 156 129 165 85 66 99 70 55 51
internal_count=859 833 138 695 607 531 62 469 402 368 76 67 87 88 212 156 129 165 85 66 99 70 55 51
is_linear=0
shrinkage=0.04


Tree=54
num_leaves=25
num_cat=0
split_feature=2 7 7 6 4 4 0 8 6 6 0 7 6 7 6 6 6 8 6 6 6 7 4 4
split_gain=16655 7315.41 2468.51 3998.01 4134.98 5896.14 3801.57 2400.82 6064.12 9055.73 2282.22 2130.62 1939.41 1981.35 1774.36 1744.42 2988.21 770.452 555.487 1332.22 545.071 412.469 248.852 49.2868
threshold=-2.9592882694284057 1.4375614829875671 -0.61331263118606871 -1.4028339205497364 0.58317264094611732 1.3139958949462318 -1.2485584126215259 -0.63134183865453442 0.64357409657457409 -0.15225124341821353 1.2485584126215263 0.85159745036652823 -0.60700858055694906 -0.90629464749658817 -0.37962991198758139 0.41619542800520609 1.0983314337133099 1.0000000180025095e-35 -0.72069791484163315 1.0000000180025095e-35 0.075127425151154323 1.0000000180025095e-35 -0.84193270435410617 0.16903946367938563
decision_type=2 2 2 2 2 2 2 2 2 2 2 2 2 2 2 2 2 2 2 2 2 2 2 2
left_child=-1 2 10 -4 6 -6 20 8 9 -8 12 18 17 15 -3 23 -17 -2 -9 -20 -5 -21 -23 -14
right_child=1 14 3 4 5 -7 7 11 -10 -11 -12 -13 13 -15 -16 16 -18 -19 19 21 -22 22 -24 -25
leaf_value=0.89998601636578957 0.24792982289736923 0.069263003049073402 -0.49915978466922589 0.28898675210200825 0.48784958557004021 -0.19516427737015946 -0.20158863675026667 -0.210333048608568 -0.52924090562195614 0.74828276359117951 0.32753269460911255 0.047318516307406959 -0.32431889286747684 0.14056897065578364 0.47310114675334525 0.15969501954753226 -0.38848622028644275 -0.017633914372016644 -0.57071655481289596 -0.20534252822399141 0.029977649175203763 -0.27153142852783207 -0.4388396826657382 -0.40226154785156248
leaf_weight=31 44 27 44 26 42 39 42 45 29 26 33 27 27 39 49 41 26 29 39 45 26 25 33 25
leaf_count=31 44 27 44 26 42 39 42 45 29 26 33 27 27 39 49 41 26 29 39 45 26 25 33 25
internal_value=-0.0102831 -0.0443632 -0.0821606 -0.135465 -0.0994229 0.158991 -0.157085 -0.210016 -0.0449418 0.161597 0.0163712 -0.28484 -0.0280804 -0.106861 0.329632 -0.187952 -0.053032 0.142432 -0.332799 -0.371608 0.159482 -0.296218 -0.366724 -0.361791
internal_weight=859 828 752 488 444 81 363 311 97 68 264 214 231 158 76 119 67 73 187 142 52 103 58 52
internal_count=859 828 752 488 444 81 363 311 97 68 264 214 231 158 76 119 67 73 187 142 52 103 58 52
is_linear=0
shrinkage=0.04


Tree=55
num_leaves=27
num_cat=0
split_feature=4 5 4 4 4 9 9 8 8 9 4 9 7 0 4 8 9 5 9 8 4 5 9 8 8 9
split_gain=14584.5 3986.84 6673.29 6312.33 4513.51 3476.6 10875.7 9758.12 9249.66 2208.7 2926.23 2078.72 2061.81 2975.81 4509.93 1791.61 1554.79 1806.27 1510.74 1505.21 1455.23 2271.53 1210.85 1383.45 1338.37 590.523
threshold=2.02045837381301 -0.71349052288507664 -0.48870146492071748 0.58317264094611732 1.3505370576462379 0.3876233021160812 0.051666547158054986 -0.63134183865453442 -0.63134183865453442 1.2611108650069494 -0.73230921625408896 1.3954935669901598 -0.32033061487554942 -1.0000000180025095e-35 -0.74448960382075746 -0.63134183865453442 -1.157777770690839 0.67499283280135014 0.25324060013287075 1.0000000180025095e-35 0.99730581821284892 1.0000000180025095e-35 -0.75462966474120774 1.0000000180025095e-35 -0.63134183865453442 -0.9562037177160233
decision_type=2 2 2 2 2 2 2 2 2 2 2 2 2 2 2 2 2 2 2 2 2 2 2 2 2 2
left_child=1 2 -1 5 20 6 12 -7 -8 10 -9 15 16 -14 -15 -4 -3 25 -10 -12 21 -5 -19 24 -24 -18
right_child=-2 3 11 4 -6 7 8 9 18 -11 19 -13 13 14 -16 -17 17 22 -20 -21 -22 -23 23 -25 -26 -27
leaf_value=0.6874838927484328 0.83158556389086169 -0.27717354472478234 -0.34119677469648169 0.4778259664111667 -0.22050762299568422 0.55747269255774368 -1.2164560143534953 0.036294954853753246 -0.48445487197707676 0.16639249748653837 -0.21101825466862434 0.29839904707670212 -0.51285987183854387 0.31668703202848081 -0.42141112621013932 0.063768051198937678 0.34435699343681336 -0.28181681846750195 -0.074843728256225581 -0.62604042160099949 0.54555524398298827 -0.032012173882846176 0.068561138444476658 0.23280318596670704 -0.30016773679426739 0.097903106485094343
leaf_weight=31 33 30 29 27 31 42 26 36 34 27 27 30 37 27 26 44 28 29 25 29 34 29 36 31 28 35
leaf_count=31 33 30 29 27 31 42 26 36 34 27 27 30 37 27 26 44 28 29 25 29 34 29 36 31 28 35
internal_value=0.00733962 -0.0263239 0.172948 -0.0659418 0.195753 -0.123202 -0.187478 0.0332944 -0.587887 -0.15171 -0.245066 0.018088 -0.0766151 -0.237577 -0.0453989 -0.0971084 -0.00985662 0.0330284 -0.310891 -0.42594 0.339131 0.213803 -0.0555829 0.0134779 -0.0927577 0.207438
internal_weight=841 808 134 674 121 553 392 161 85 119 92 103 307 90 53 73 217 187 59 56 90 56 124 95 64 63
internal_count=841 808 134 674 121 553 392 161 85 119 92 103 307 90 53 73 217 187 59 56 90 56 124 95 64 63
is_linear=0
shrinkage=0.04


Tree=56
num_leaves=26
num_cat=0
split_feature=4 4 4 4 9 9 9 9 6 4 4 4 9 6 0 6 4 4 6 6 4 6 0 4 4
split_gain=13441.1 3338.27 4176.98 2649.52 2166.37 3214.59 9322.46 8231.18 3679.58 3044.8 4541.15 3296.61 2924.73 2225.57 2153.75 2030.99 1471.1 2667.44 1475.47 2258.33 1465.99 1070.79 1068.76 1026.17 455.561
threshold=2.02045837381301 0.58317264094611732 1.125199887662869 0.94858426794617456 1.3283022159985547 0.45481465310768643 0.32043195112447598 0.11885789814966023 -0.94807658341100087 -0.74448960382075746 -0.97591696758746049 -0.64704650328740898 0.79077140806571256 -0.26594057770289742 -1.2485584126215259 0.30250609372052223 -0.038027124953980203 0.26648256421273425 -0.37962991198758139 0.18881675943583826 0.70497651661280314 0.52988476228989012 1.0000000180025095e-35 -0.74448960382075746 -0.31817603898735741
decision_type=2 2 2 2 2 2 2 2 2 2 2 2 2 2 2 2 2 2 2 2 2 2 2 2 2
left_child=1 4 3 20 5 6 7 9 -7 10 13 -11 21 -1 -13 -4 18 -18 22 -20 -3 -10 -16 -9 -21
right_child=-2 2 15 -5 -6 8 -8 23 12 11 -12 14 -14 -15 16 -17 17 -19 19 24 -22 -23 -24 -25 -26
leaf_value=-0.30395078890025617 0.79832214008678093 0.41932766281641448 -0.26370934806086799 0.66285118732452386 0.18934864389653108 0.15169008387969091 0.6082965050321637 -0.38995665507657185 -0.72949472745259603 -0.47619071725755929 0.44566080391407015 0.25093348271706523 -0.11197949139695419 0.18916600359810723 0.17725546791003299 0.18220306213085469 0.23709979640676623 -0.2363746494986117 -0.58482215221111589 -0.2522261495249612 0.038850651563600055 -0.38555142953991889 -0.18903703064918517 -0.74253718757629406 -0.027885755856831868
leaf_weight=32 33 26 44 25 49 26 33 28 30 32 48 34 38 27 26 26 47 32 26 28 43 28 25 25 30
leaf_count=32 33 26 44 25 49 26 33 28 30 32 48 34 38 27 26 26 47 32 26 28 43 28 25 25 30
internal_value=0.00704604 -0.0252709 0.135844 0.310047 -0.0663002 -0.0873537 -0.0401351 -0.0887674 -0.270423 -0.0247428 0.156755 -0.0941008 -0.384745 -0.0782872 -0.0447989 -0.0980847 -0.0917844 0.0453127 -0.172012 -0.275051 0.182219 -0.563453 -0.00229968 -0.556268 -0.136188
internal_weight=841 808 164 94 644 595 473 440 122 387 107 280 96 59 248 70 214 79 135 84 69 58 51 53 58
internal_count=841 808 164 94 644 595 473 440 122 387 107 280 96 59 248 70 214 79 135 84 69 58 51 53 58
is_linear=0
shrinkage=0.04


Tree=57
num_leaves=23
num_cat=0
split_feature=2 9 9 9 9 6 9 6 7 9 6 6 8 6 0 6 0 0 0 9 8 6
split_gain=5927.14 5616.98 2053.03 9152.8 10688.7 6334.25 6120.22 2635.91 11370 4801.57 2719.03 3024.53 5716.01 3042.26 1641.25 1617.6 1418.36 1878.52 1115.19 992.535 1458.78 428.534
threshold=-2.9592882694284057 1.3954935669901598 0.11885789814966023 0.3876233021160812 0.52200600409929165 -1.0617659176956848 0.79077140806571256 -1.1754552519803687 1.0000000180025095e-35 -0.62024696275799729 -0.83438724912631701 0.41619542800520609 1.0000000180025095e-35 1.2120207679979937 -1.0000000180025095e-35 -0.37962991198758139 1.0000000180025095e-35 -0.7491350475729156 1.0000000180025095e-35 -0.48586426077478684 1.0000000180025095e-35 1.0000000180025095e-35
decision_type=2 2 2 2 2 2 2 2 2 2 2 2 2 2 2 2 2 2 2 2 2 2
left_child=-1 2 7 14 -5 -6 -7 9 10 -2 -9 19 13 18 -4 -3 17 -8 -13 20 21 -12
right_child=1 15 3 4 5 6 16 8 -10 -11 11 12 -14 -15 -16 -17 -18 -19 -20 -21 -22 -23
leaf_value=0.56867032071639745 0.063591405559093386 0.078793614449039581 -0.74655340640775625 0.71178290465782423 0.36790700840950008 -0.6387735458215078 -0.15344540560946746 0.29657275032997132 0.82506599800927305 -0.55524455601828437 0.038860974025726323 -0.072463082104921347 0.43620423273203224 -0.36907999169826511 -0.35662611191089338 0.44799310981010904 -0.25351660645008089 0.28082210437456767 0.24717009728954686 -0.36555908229302719 -0.35133084297180178 -0.16396707954406739
leaf_weight=29 47 31 31 29 35 42 34 40 28 35 50 40 47 40 39 49 40 30 31 37 32 25
leaf_count=29 47 31 31 29 35 42 34 40 28 35 50 40 47 40 39 49 40 30 31 37 32 25
internal_value=0.00676419 -0.0133039 -0.0480834 -0.133196 -0.00115802 -0.115386 -0.231244 0.00464102 0.0501149 -0.200546 -0.0133314 -0.0543783 0.0664693 -0.0900851 -0.529308 0.304928 -0.0666649 0.0501175 0.0670951 -0.186975 -0.125222 -0.0287484
internal_weight=841 812 732 280 210 181 146 452 370 82 342 302 158 111 70 80 104 64 71 144 107 75
internal_count=841 812 732 280 210 181 146 452 370 82 342 302 158 111 70 80 104 64 71 144 107 75
is_linear=0
shrinkage=0.04


Tree=58
num_leaves=26
num_cat=0
split_feature=4 4 4 8 6 6 9 4 4 4 6 4 6 6 4 6 9 4 4 6 6 6 0 4 9
split_gain=12173.8 2859.5 3868.35 2680.8 10211.9 14371.7 13436.7 5376.76 2407.6 2062.6 3327.2 2455.83 2155.76 1834.37 1417.46 2050.82 2190.15 1346.61 1248.62 532.734 520.845 726.437 653.561 310.781 254.085
threshold=2.02045837381301 0.58317264094611732 1.125199887662869 -0.63134183865453442 -1.1754552519803687 0.30250609372052223 1.0000000180025095e-35 -0.36689758925403171 0.94858426794617456 -0.12328983792066023 -1.2891445862650526 -0.63486611572074036 -0.26594057770289742 0.30250609372052223 -0.74448960382075746 1.0000000180025095e-35 0.11885789814966023 0.70497651661280314 0.25430217664606569 -0.83438724912631701 -0.60700858055694906 0.41619542800520609 1.0000000180025095e-35 -0.43997991465404318 0.18604924914126547
decision_type=2 2 2 2 2 2 2 2 2 2 2 2 2 2 2 2 2 2 2 2 2 2 2 2 2
left_child=1 3 8 4 -1 6 -6 -7 17 10 11 -5 -11 -4 15 19 -17 -3 24 -12 -16 23 -23 -22 -14
right_child=-2 2 13 9 5 7 -8 -9 -10 12 14 -13 18 -15 20 16 -18 -19 -20 -21 21 22 -24 -25 -26
leaf_value=-0.58660639611157506 0.75954398819894509 0.39789326601303543 -0.25767198627645316 0.39519855682666488 0.072040436849707651 -0.45514462312062587 1.1031194564661919 0.16457644956452505 0.62880824708938599 -0.20306732742322817 -0.16750837967945981 -0.16005013356208803 0.35373336467742916 0.16610649365645189 -0.14844796848297118 0.32058835716247558 -0.16405493431800122 0.033236721560012464 -0.06253319478034973 -0.41302739204898958 -0.36980637624859808 -0.13667375108774971 -0.39763766527175903 -0.558032266998291 0.17513484716415406
leaf_weight=33 33 26 44 26 42 48 39 42 25 45 26 25 25 26 25 25 37 43 30 31 32 34 28 25 26
leaf_count=33 33 26 44 26 42 48 39 42 25 45 26 25 25 26 25 25 37 43 30 31 32 34 28 25 26
internal_value=0.00649363 -0.0242621 0.124853 -0.0622354 0.0576207 0.181945 0.568486 -0.165941 0.292496 -0.117805 -0.172666 0.123018 0.0189112 -0.100269 -0.230004 -0.127852 0.0313657 0.170644 0.142233 -0.301036 -0.314421 -0.349289 -0.254528 -0.452362 0.262683
internal_weight=841 808 164 644 204 171 81 90 94 440 314 51 126 70 263 119 62 69 81 57 144 119 62 57 51
internal_count=841 808 164 644 204 171 81 90 94 440 314 51 126 70 263 119 62 69 81 57 144 119 62 57 51
is_linear=0
shrinkage=0.04


Tree=59
num_leaves=25
num_cat=0
split_feature=4 5 6 4 4 6 6 6 5 0 4 4 7 7 4 5 7 4 7 4 4 5 4 8
split_gain=11219.4 3254.17 6831.18 8585.09 4951.36 5485.63 6174.42 5764.49 5364.11 5390.88 3845.35 2089.39 3493.47 2697.14 1914.4 1791.97 4215.78 4346.66 2183.17 1669.45 1344.78 2014.05 1054.42 795.756
threshold=2.02045837381301 -0.71349052288507664 0.075127425151154323 -0.24509371358734597 0.58317264094611732 1.0000000180025095e-35 0.18881675943583826 -0.83438724912631701 1.0000000180025095e-35 1.0000000180025095e-35 1.3505370576462379 -0.95155619245412326 -0.32033061487554942 0.55861543405600889 1.0000000180025095e-35 1.0000000180025095e-35 0.26563341774548938 -0.53742301518739166 1.0000000180025095e-35 0.035055200446031262 0.99730581821284892 1.0000000180025095e-35 -0.47652107735404886 1.0000000180025095e-35
decision_type=2 2 2 2 2 2 2 2 2 2 2 2 2 2 2 2 2 2 2 2 2 2 2 2
left_child=1 2 3 -1 5 7 -7 11 9 -9 20 -3 -13 -14 -4 16 18 -18 -8 23 21 -6 -10 -17
right_child=-2 4 14 -5 10 6 15 8 22 -11 -12 12 13 -15 -16 19 17 -19 -20 -21 -22 -23 -24 -25
leaf_value=1.0223409418876355 0.72916223858342022 0.21344879237088291 -0.37400060002620406 0.050456395221479017 0.43316030825177826 0.46935793424888356 -0.16561489372718627 -1.0250093499592372 -0.36836617593765264 -0.29428780285517375 -0.21152806928080897 0.1345989233932712 -0.52551148164839978 -0.03362142808975712 0.05064126180750983 0.065458083542025827 -0.19708110250745503 0.4934912344932556 -0.60270452882304337 -0.21158772032994491 0.50346467487952284 -0.04691346184960727 -0.032093920369406004 0.33923435266201313
leaf_weight=26 33 33 26 33 27 41 41 35 25 30 31 44 42 31 49 49 35 25 33 26 34 29 37 26
leaf_count=26 33 33 26 33 27 41 41 35 25 30 31 44 42 31 49 49 35 25 33 26 34 29 37 26
internal_value=0.00623388 -0.0232917 0.156741 0.478745 -0.0590846 -0.109798 0.0164127 -0.235553 -0.433863 -0.687753 0.172688 -0.0676506 -0.146935 -0.316627 -0.0965679 -0.0626117 -0.158508 0.0906574 -0.360533 0.0646164 0.305029 0.184551 -0.167688 0.160367
internal_weight=841 808 134 59 674 553 276 277 127 65 121 150 117 73 75 235 134 60 74 101 90 56 62 75
internal_count=841 808 134 59 674 553 276 277 127 65 121 150 117 73 75 235 134 60 74 101 90 56 62 75
is_linear=0
shrinkage=0.04


Tree=60
num_leaves=25
num_cat=0
split_feature=2 9 4 4 0 6 5 6 9 9 6 9 9 9 9 6 5 0 4 5 8 6 5 4
split_gain=13559.7 2611.75 2182.95 4814.49 2642.63 1734.39 6603.35 5193.84 4808.28 22130 4511.78 5320.18 5269.11 3794.36 3759.35 2370.46 2044.85 2017.27 1780.45 1633.06 1600.6 1641.7 768.667 263.138
threshold=-2.9592882694284057 -1.6281172276320757 1.3505370576462379 0.99730581821284892 1.0000000180025095e-35 -0.15225124341821353 -0.71349052288507664 -0.72069791484163315 0.45481465310768643 0.18604924914126547 -0.94807658341100087 0.32043195112447598 -0.082716154825155472 0.79077140806571256 -0.082716154825155472 0.41619542800520609 1.0000000180025095e-35 0.74913504757291582 -0.42779952708737462 0.67499283280135014 1.0000000180025095e-35 1.0983314337133099 -0.25066273765626779 -0.54960340275406028
decision_type=2 2 2 2 2 2 2 2 2 2 2 2 2 2 2 2 2 2 2 2 2 2 2 2
left_child=-1 -2 3 5 -4 6 -3 10 9 14 11 12 19 -10 15 18 23 20 -7 -8 21 -17 -15 -9
right_child=1 2 4 -5 -6 8 7 16 13 -11 -12 -13 -14 22 -16 17 -18 -19 -20 -21 -22 -23 -24 -25
leaf_value=0.75609306100436624 0.33921955090981948 0.42470062947273257 -0.072234336702447194 0.37457551253693444 -0.59558103781480054 0.026291017965836959 0.067496814310550685 -0.51099717645645149 -0.56610069526566398 1.0206633153642928 0.29813520745533267 0.19608760345272902 -0.79773715380964605 0.034785063525904783 -0.44597513395197252 0.055527721614372444 -0.24046048757877755 0.34340759932994841 -0.38324152195453642 -0.34329508148133753 0.2535653150184401 -0.35079050779342652 -0.21011473589853663 -0.69109202155360461
leaf_weight=35 27 30 38 42 26 33 30 25 36 35 41 41 29 46 34 41 47 40 35 32 29 26 37 27
leaf_count=35 27 30 38 42 26 33 30 25 36 35 41 41 29 46 34 41 47 40 35 32 29 26 37 27
internal_value=-0.0150768 -0.047714 -0.060773 -0.0412886 -0.284844 -0.0664562 -0.138499 -0.200617 -0.0109535 0.0815384 -0.0683918 -0.182237 -0.352691 -0.223141 -0.0565682 0.008333 -0.431677 0.104748 -0.184498 -0.144525 0.00530706 -0.102148 -0.0743871 -0.604508
internal_weight=862 827 800 736 64 694 302 272 392 273 173 132 91 119 238 204 99 136 68 62 96 67 83 52
internal_count=862 827 800 736 64 694 302 272 392 273 173 132 91 119 238 204 99 136 68 62 96 67 83 52
is_linear=0
shrinkage=0.04


Tree=61
num_leaves=26
num_cat=0
split_feature=2 7 4 4 4 6 5 6 4 0 5 4 4 6 6 5 5 6 0 4 0 7 6 5 6
split_gain=12496.6 1908.2 2591.94 7252.92 3849.53 2893.51 5584.05 3544.25 10637.3 10615.4 4050.15 3510.06 5723.55 2893.07 4151.22 4382.99 1899.7 1835.27 1682.11 1500.49 1481.81 1087.62 885.292 777.818 320.11
threshold=-2.9592882694284057 1.4375614829875671 1.3261762825129007 0.80241961714615162 1.8438427540963152 -0.15225124341821353 -0.71349052288507664 0.30250609372052223 -0.43997991465404318 1.0000000180025095e-35 1.0000000180025095e-35 -0.36689758925403171 -0.95155619245412326 -0.72069791484163315 -0.94807658341100087 -0.25066273765626779 1.0000000180025095e-35 1.2120207679979937 -0.7491350475729156 0.12031791341271131 -1.0000000180025095e-35 -0.32033061487554942 0.87095276514394182 -0.71349052288507664 -1.2891445862650526
decision_type=2 2 2 2 2 2 2 2 2 2 2 2 2 2 2 2 2 2 2 2 2 2 2 2 2
left_child=-1 2 3 5 -4 6 -2 8 9 -7 11 12 -9 14 15 -8 -15 -14 -17 22 -5 -13 -12 -3 -20
right_child=1 23 4 20 -6 7 13 10 -10 -11 19 21 17 16 -16 18 -18 -19 24 -21 -22 -23 -24 -25 -26
leaf_value=0.72584931455339696 0.36771494366504526 -0.018779402375221254 -0.6711331905259027 0.18342615481080682 -0.031387503006879022 1.0538753428790839 -0.71737622437477111 0.12056530029685408 -0.28280210091954183 -0.05394875888824463 0.38434833131987478 -0.11723803335970098 -0.74584227940975101 -0.58860475557545822 0.23840857963304263 0.10859655662016435 -0.23084206788865058 -0.31198437837453991 -0.32774400450289248 -0.14096205500456002 0.58779034828317578 0.20525486310323079 0.098367935058682465 0.25278757415877445 -0.14129550805458657
leaf_weight=35 27 27 27 29 34 31 25 27 42 25 29 44 39 48 37 33 47 26 34 26 29 27 43 45 26
leaf_count=35 27 27 27 29 34 31 25 27 42 25 29 44 39 48 37 33 47 26 34 26 29 27 43 45 26
internal_value=-0.0144738 -0.0458055 -0.0645689 -0.0425962 -0.314554 -0.0816463 -0.178776 -0.00670232 0.198405 0.559311 -0.0837159 -0.205894 -0.368958 -0.237797 -0.131268 -0.247184 -0.411606 -0.572299 -0.120788 0.119499 0.385608 0.00540011 0.213554 0.15095 -0.24695
internal_weight=862 827 755 694 61 636 277 359 98 56 261 163 92 250 155 118 95 65 93 98 58 71 72 72 60
internal_count=862 827 755 694 61 636 277 359 98 56 261 163 92 250 155 118 95 65 93 98 58 71 72 72 60
is_linear=0
shrinkage=0.04


Tree=62
num_leaves=27
num_cat=0
split_feature=2 7 4 4 4 6 5 6 6 5 8 7 7 4 4 5 4 4 8 0 0 5 0 6 7 6
split_gain=11516.9 1758.6 2388.73 6684.29 3547.73 2728.51 5535.05 4309.68 3825.77 4039.36 3258.06 23771.6 3982.68 3282.26 2988.26 2663.19 2277.79 1880.38 1571.63 1550.23 1365.64 1316.34 851.162 785.699 702.385 295.013
threshold=-2.9592882694284057 1.4375614829875671 1.3261762825129007 0.80241961714615162 1.8438427540963152 -0.26594057770289742 -0.71349052288507664 -0.72069791484163315 -0.94807658341100087 -0.25066273765626779 -0.63134183865453442 0.26563341774548938 -0.32033061487554942 -0.038027124953980203 -0.050207512520648777 1.0000000180025095e-35 -0.73230921625408896 0.26648256421273425 1.0000000180025095e-35 -0.7491350475729156 -1.0000000180025095e-35 1.0000000180025095e-35 1.0000000180025095e-35 0.41619542800520609 0.26563341774548938 -1.2891445862650526
decision_type=2 2 2 2 2 2 2 2 2 2 2 2 2 2 2 2 2 2 2 2 2 2 2 2 2 2
left_child=-1 2 3 5 -4 6 -2 8 9 -8 11 12 14 15 -7 16 24 -15 -17 -11 -5 -9 -18 -3 -12 -21
right_child=1 23 4 20 -6 10 7 21 -10 19 13 -13 -14 17 -16 18 22 -19 -20 25 -22 -23 -24 -25 -26 -27
leaf_value=0.69681533813476559 0.37204517210905363 0.048541745519701474 -0.64428784924524807 0.17608911008670411 -0.030132008720846738 0.24690916104750202 -0.68868116893768316 -0.68199436089571797 0.22887223646850199 0.10425268975171177 0.0065319844448205201 1.0573542256916271 -0.59342295315530569 0.34109154654873741 -0.32051302653771863 -0.1871288368009752 -0.34004948635896048 -0.057390445411205297 0.20141487578550976 -0.31463425545131457 0.56427874964886704 -0.33722182075719576 -0.64386491355896003 0.32608794407844544 -0.27145858746308549 -0.13564368743162888
leaf_weight=35 26 47 27 29 34 33 25 34 37 33 33 34 27 36 27 31 36 40 36 34 29 37 25 25 26 26
leaf_count=35 26 47 27 29 34 33 25 34 37 33 33 34 27 36 27 31 36 40 36 34 29 37 25 25 26 26
internal_value=-0.0138948 -0.0439732 -0.0619861 -0.0408923 -0.301971 -0.0783804 -0.180653 -0.244238 -0.126018 -0.237297 -0.011264 0.160511 -0.18998 -0.0902934 -0.00843082 -0.180379 -0.293173 0.131364 0.0216409 -0.115957 0.370184 -0.502324 -0.464564 0.144912 -0.115972 -0.237072
internal_weight=862 827 755 694 61 636 252 226 155 118 384 121 87 263 60 187 120 76 67 93 58 71 61 72 59 60
internal_count=862 827 755 694 61 636 252 226 155 118 384 121 87 263 60 187 120 76 67 93 58 71 61 72 59 60
is_linear=0
shrinkage=0.04


Tree=63
num_leaves=28
num_cat=0
split_feature=2 9 9 9 9 6 9 6 6 6 9 4 6 4 8 8 6 0 4 4 6 9 9 8 4 9 4
split_gain=10614 2291.62 1883.69 19496.6 7071.55 6479.7 7402.08 4292.63 5400.47 5898.97 4348.95 2897.29 2780.02 2857.64 3620.45 2330.13 3238.65 1665.47 1499.3 1129.73 1959.9 1718.79 1088.79 895.845 348.049 147.148 10.4029
threshold=-2.9592882694284057 -1.6281172276320757 0.3876233021160812 0.52200600409929165 0.11885789814966023 -1.0617659176956848 0.79077140806571256 -1.1754552519803687 -0.72069791484163315 -0.94807658341100087 -0.62024696275799729 1.3505370576462379 0.41619542800520609 0.25430217664606569 -0.63134183865453442 1.0000000180025095e-35 1.0983314337133099 -1.0000000180025095e-35 0.94858426794617456 0.16903946367938563 0.30250609372052223 1.3283022159985547 -0.21709885680836591 -0.63134183865453442 0.010694425312694102 -1.0233950687076285 -0.28163487628735168
decision_type=2 2 2 2 2 2 2 2 2 2 2 2 2 2 2 2 2 2 2 2 2 2 2 2 2 2 2
left_child=-1 -2 4 -4 7 -5 -7 10 9 -9 -3 18 13 14 -10 16 23 -6 19 20 -8 -21 25 -14 -17 -16 -18
right_child=1 2 3 5 17 6 11 8 12 -11 -12 -13 15 -15 22 24 26 -19 -20 21 -22 -23 -24 -25 -26 -27 -28
leaf_value=0.66894271148954121 0.32023014262870503 -0.014119554091902339 0.97440816971563526 0.3343031327152739 -0.71330311660108892 -0.63236129999160773 0.35667247314453127 -0.036230660343170164 0.26851339124143125 0.83271603026390084 -0.65389538624707388 -0.36609531280321955 -0.013454194090196065 -0.54286532551050193 -0.05904619522094727 0.17777825276056927 -0.30235730915069581 -0.31079432744728891 0.29745109810422249 -0.41100372266769414 -0.12287008921305338 0.013868757478701763 -0.44165544103693083 0.29635759077966212 0.37773078780907854 -0.19255998177187786 -0.26586664505004881
leaf_weight=35 27 34 31 49 29 45 25 25 32 25 34 39 28 28 25 30 25 38 26 25 30 39 27 32 26 28 25
leaf_count=35 27 34 31 49 29 45 25 25 32 25 34 39 28 28 25 30 25 38 26 25 30 39 27 32 26 28 25
internal_value=-0.013339 -0.0422143 -0.0544468 0.0229248 -0.103139 -0.0831759 -0.172505 -0.0427954 0.0128294 0.398243 -0.334007 -0.0600407 -0.0501466 -0.181431 -0.0910723 0.0605751 -0.0463534 -0.485015 0.0222774 -0.0378446 0.0951038 -0.152097 -0.234907 0.151779 0.270613 -0.129582 -0.284112
internal_weight=862 827 800 309 491 278 229 424 356 50 68 184 306 140 112 166 110 67 145 119 55 64 80 60 56 53 50
internal_count=862 827 800 309 491 278 229 424 356 50 68 184 306 140 112 166 110 67 145 119 55 64 80 60 56 53 50
is_linear=0
shrinkage=0.04


Tree=64
num_leaves=25
num_cat=0
split_feature=3 9 9 4 4 9 9 9 6 6 9 9 4 6 5 0 9 5 6 4 4 9 4 6
split_gain=6722.6 10656.2 2159.01 2853.29 3976.46 1872.12 13283.2 4589.21 4591.23 4888.64 4038.28 3802.08 2439.15 2040.67 4798.92 1961.31 1908.14 1400.02 1271.2 1202.46 2043.95 1117.54 431.526 126.335
threshold=1.0000000180025095e-35 0.85796275905731789 -1.6281172276320757 1.3505370576462379 0.99730581821284892 0.45481465310768643 0.32043195112447598 0.11885789814966023 -1.1754552519803687 -0.72069791484163315 1.2611108650069494 -0.62024696275799729 -0.73230921625408896 0.52988476228989012 -0.71349052288507664 0.74913504757291582 0.72358005707410744 1.0000000180025095e-35 0.41619542800520609 0.010694425312694102 -0.6714072784207461 1.5298762689733703 -0.35471720168736315 -0.15225124341821353
decision_type=2 2 2 2 2 2 2 2 2 2 2 2 2 2 2 2 2 2 2 2 2 2 2 2
left_child=2 -2 -1 4 5 6 7 8 11 -10 12 -4 -7 14 -11 17 -14 -15 -5 20 -16 -12 -19 -18
right_child=1 -3 3 18 -6 10 -8 -9 9 13 21 -13 16 15 19 -17 23 22 -20 -21 -22 -23 -24 -25
leaf_value=0.30742094534414788 -0.095446720903410637 0.94829731160196762 -0.015238446920148788 -0.50025341510772703 0.35835240180675798 -0.065667992017485882 0.71412481462633282 -0.43999910883757537 0.41469270167143452 0.36445969839096071 0.19041577808235002 -0.62773957883610443 -0.71792370282686679 -0.17428485157697096 -0.10616154627667534 0.32827058850107965 -0.23824398292435539 0.24840643634796142 -0.1284327357155936 -0.047371655562344718 -0.51053314272562667 -0.11200980938532773 0.017777894426275184 -0.36303146762847904
leaf_weight=27 34 29 31 31 39 44 37 49 46 25 46 34 26 46 36 37 27 25 28 34 45 34 27 25
leaf_count=27 34 29 31 31 39 44 37 49 46 25 46 34 26 46 36 37 27 25 28 34 45 34 27 25
internal_value=-0.0128055 0.385007 -0.0441724 -0.0564691 -0.034348 -0.057071 -0.0134595 -0.075346 -0.0290558 0.0330218 -0.158975 -0.335624 -0.303801 -0.0308214 -0.137821 0.0801413 -0.438133 -0.0135402 -0.323796 -0.247013 -0.330812 0.0618849 0.128657 -0.298238
internal_weight=862 63 799 772 713 674 472 435 386 321 202 65 122 275 140 135 78 98 59 115 81 80 52 52
internal_count=862 63 799 772 713 674 472 435 386 321 202 65 122 275 140 135 78 98 59 115 81 80 52 52
is_linear=0
shrinkage=0.04


Tree=65
num_leaves=28
num_cat=0
split_feature=2 4 9 9 9 9 9 9 9 7 4 8 9 1 4 9 5 5 4 4 8 4 5 9 5 9 4
split_gain=6926.09 2645.25 3329.92 25392.9 6702.66 2974.03 2733.81 2645.44 2094.17 1864.16 1962.63 1335.9 3719.87 2155.04 2824.98 1057.9 985.908 1384.13 943.123 1140.34 845.611 629.516 296.738 275.018 245.748 106.81 69.7255
threshold=-2.9592882694284057 -0.97591696758746049 0.3876233021160812 0.58919735509089699 0.11885789814966023 1.0000000180025095e-35 -0.28429020779997111 0.79077140806571256 -0.28429020779997111 -1.1992766638071075 0.43700799014609432 1.0000000180025095e-35 1.3283022159985547 1.0000000180025095e-35 1.0338469809128548 -1.4265431746572599 -0.25066273765626779 0.67499283280135014 -0.26945448872068306 -0.50088185248738604 1.0000000180025095e-35 0.15685907611271704 -0.71349052288507664 0.45481465310768643 -0.25066273765626779 -0.55305561176639195 -0.22073293845400885
decision_type=2 2 2 2 2 2 2 2 2 2 2 2 2 2 2 2 2 2 2 2 2 2 2 2 2 2 2
left_child=-1 6 4 -4 5 8 -2 -5 9 15 16 13 -13 14 21 20 -11 26 19 -19 -3 -9 -17 -8 -6 -20 -18
right_child=1 2 3 7 24 -7 23 11 -10 10 -12 12 -14 -15 -16 22 17 18 25 -21 -22 -23 -24 -25 -26 -27 -28
leaf_value=0.56242379719391467 0.092705702384312957 0.065491390387217199 1.2889310172887949 -0.34687348978860039 -0.58705412559509274 0.4015987660646439 -0.42784812802360173 0.18462930633175759 -0.29294252040434854 -0.22514162597656248 0.35714663728078205 -0.36818955948948862 0.2210371953646342 -0.1490514511015357 0.49273177259108603 -0.17925627250671386 0.17150037233646098 0.015802387422130956 0.031357694740953117 -0.34340629628071417 -0.22465562963485716 -0.055520193263888358 -0.37226420952723582 -0.26927796535193921 -0.41592161595821381 0.14300830437586856 0.26505906715393068
leaf_weight=32 30 45 26 35 25 25 42 31 49 25 30 40 30 41 34 25 26 31 29 26 25 40 26 30 29 26 25
leaf_count=32 30 45 26 35 25 25 42 31 49 25 30 40 30 41 34 25 26 31 29 26 25 40 26 30 29 26 25
internal_value=-0.0152291 -0.0370789 -0.0108897 0.0989879 -0.0760634 -0.0212676 -0.228106 -0.0242732 -0.0485142 -0.0131838 0.0566984 0.028 -0.115664 0.0968799 0.19291 -0.139087 0.0087545 0.0446281 -0.0340277 -0.148047 -0.0381325 0.0493338 -0.277652 -0.361777 -0.49515 0.084138 0.217362
internal_weight=878 846 744 277 467 413 102 251 388 339 218 216 70 146 105 121 188 163 112 57 70 71 51 72 54 55 51
internal_count=878 846 744 277 467 413 102 251 388 339 218 216 70 146 105 121 188 163 112 57 70 71 51 72 54 55 51
is_linear=0
shrinkage=0.04


Tree=66
num_leaves=26
num_cat=0
split_feature=4 9 9 9 9 9 4 4 0 4 0 9 9 4 9 4 4 9 6 4 6 6 6 9 6
split_gain=6627.01 2684.22 11411 6178.44 3037.04 3209.81 2889.3 3181.84 2635.38 2205.2 4001.37 3635.44 2170.14 2146.32 2612.67 2545.06 1954.27 1262.95 2550.3 1138.37 785.101 773.004 761.446 638.817 145.524
threshold=2.5015836826964182 0.3876233021160812 0.52200600409929165 0.11885789814966023 0.79077140806571256 0.6563887060825021 1.3505370576462379 0.9851254306461803 -1.2485584126215259 -0.34253681412069453 0.74913504757291582 -0.82182101573281285 -1.2921604726740494 -0.74448960382075746 -0.41867290978318161 -0.97591696758746049 0.4126472150127572 1.193919514015344 -0.60700858055694906 0.16903946367938563 0.30250609372052223 -0.26594057770289742 -0.60700858055694906 0.99234546104052834 -0.15225124341821353
decision_type=2 2 2 2 2 2 2 2 2 2 2 2 2 2 2 2 2 2 2 2 2 2 2 2 2
left_child=1 3 -3 8 5 -4 7 17 22 13 12 -12 -11 15 24 -10 21 23 -19 -20 -5 -14 -1 -6 -15
right_child=-2 2 4 20 6 -7 -8 -9 9 10 11 -13 16 14 -16 -17 -18 18 19 -21 -22 -23 -24 -25 -26
leaf_value=0.015351405715942384 0.61445848318246699 0.73913948495047432 -0.0075540789435891544 -0.31668823190637535 0.0037625557667500266 -0.58039119192238509 -0.28516936474376253 0.51674915130321797 -0.21349379171927768 -0.35147448763960881 0.03521228870680166 0.63437097090941208 -0.27265775076274212 -0.18485115725418616 -0.53944143522617427 0.24283130631302344 0.29743466281890868 0.4293720097695628 0.18920729194368638 -0.14166066506286948 -0.58725318953394889 -0.011094573761026065 0.29179576697674664 -0.25797930092811583 -0.054527796598581174
leaf_weight=25 26 35 34 37 37 29 36 26 48 42 43 26 29 29 43 33 25 31 28 41 32 48 44 25 26
leaf_count=25 26 35 34 37 37 29 36 26 48 42 43 26 29 29 43 33 25 31 28 41 32 48 44 25 26
internal_value=-0.01462 -0.0338172 0.0572704 -0.0891572 -0.0258844 -0.271241 0.0431222 0.105986 -0.0363205 -0.0764453 0.0105263 0.260982 -0.109484 -0.179937 -0.305861 -0.0275836 -0.00984066 0.0400616 0.128002 -0.00739541 -0.442168 -0.109605 0.191635 -0.101779 -0.123244
internal_weight=878 852 322 530 287 63 224 188 461 392 213 69 144 179 98 81 102 162 100 69 69 77 69 62 55
internal_count=878 852 322 530 287 63 224 188 461 392 213 69 144 179 98 81 102 162 100 69 69 77 69 62 55
is_linear=0
shrinkage=0.04


Tree=67
num_leaves=27
num_cat=0
split_feature=2 4 5 7 7 8 6 6 4 4 7 7 8 4 0 7 4 4 6 6 6 8 0 6 6 4
split_gain=6214.67 2358.24 2061.81 4589.39 14991.5 36185.7 3883.57 3059.73 2384.84 3505.07 2587.4 3072.59 3356.81 2279 2191.21 1905.52 1450.44 2358.08 848.562 767.743 1098.61 708.46 592.354 591.308 301.294 257.845
threshold=-2.9592882694284057 -0.97591696758746049 -0.25066273765626779 1.0000000180025095e-35 0.55861543405600889 -0.63134183865453442 0.64357409657457409 -0.60700858055694906 -0.038027124953980203 0.1324983009793799 -0.32033061487554942 0.55861543405600889 1.0000000180025095e-35 -0.54960340275406028 0.74913504757291582 -0.32033061487554942 0.74151767931280876 1.3139958949462318 -0.72069791484163315 0.30250609372052223 -0.83438724912631701 1.0000000180025095e-35 -1.0000000180025095e-35 -0.26594057770289742 0.52988476228989012 0.38828643987942002
decision_type=2 2 2 2 2 2 2 2 2 2 2 2 2 2 2 2 2 2 2 2 2 2 2 2 2 2
left_child=-1 15 3 14 5 -5 7 -6 10 -10 19 12 13 -12 18 -2 21 -18 -3 20 -4 23 -8 -11 -17 -20
right_child=1 2 8 4 6 -7 22 -9 9 16 11 -13 -14 -15 -16 24 17 -19 25 -21 -22 -23 -24 -25 -26 -27
leaf_value=0.53314680643379686 0.065964247201170237 -0.024574735641479491 0.094832021872202563 1.8668320388793944 0.073534324662438755 -0.2853224825501442 0.3663569823980331 -0.47203316939112394 0.46463956973894882 -0.096453407428882754 -0.34102191903374413 0.030202643871307375 -0.074804747513362344 -0.83166019814355041 0.13979824984922659 -0.38262170330007023 0.33107869148254393 -0.12675018284055922 -0.20955520993784857 0.12207333175341288 -0.22370336718675568 0.016292413020956104 0.093660748050763062 -0.36118146967004849 -0.21495746471263744 -0.36500537565638946
leaf_weight=32 28 30 30 25 29 25 25 38 27 27 33 40 35 28 43 47 36 36 38 45 41 29 26 27 27 31
leaf_count=32 28 30 30 25 29 25 25 38 27 27 33 40 35 28 43 47 36 36 38 45 41 29 26 27 27 31
internal_value=-0.0140352 -0.0347324 -0.0100047 0.0687835 0.21028 0.790755 -0.0356836 -0.235892 -0.0662821 0.0440518 -0.145968 -0.26434 -0.387066 -0.566233 -0.098621 -0.215099 -0.0292118 0.102164 -0.202177 -0.00718601 -0.0891109 -0.143177 0.227335 -0.228817 -0.321447 -0.279395
internal_weight=878 846 744 310 168 50 118 67 434 182 252 136 96 61 142 102 155 72 99 116 71 83 51 54 74 69
internal_count=878 846 744 310 168 50 118 67 434 182 252 136 96 61 142 102 155 72 99 116 71 83 51 54 74 69
is_linear=0
shrinkage=0.04


Tree=68
num_leaves=26
num_cat=0
split_feature=4 9 9 9 9 9 4 4 0 4 0 9 4 9 4 9 4 9 6 4 6 6 6 9 6
split_gain=6040.21 2363.5 10238.9 5666.41 2756.09 2763.66 2632.58 2840.99 2448.85 1974.81 3508.01 3330.31 2003.74 2376.74 2318.68 1914.58 1825.4 1204.43 2310.05 1073.99 761.339 720.291 712.835 574.173 133.06
threshold=2.5015836826964182 0.3876233021160812 0.52200600409929165 0.11885789814966023 0.79077140806571256 0.6563887060825021 1.3505370576462379 0.9851254306461803 -1.2485584126215259 -0.34253681412069453 0.74913504757291582 -0.82182101573281285 -0.74448960382075746 -0.41867290978318161 -0.97591696758746049 -1.2921604726740494 0.4126472150127572 1.193919514015344 -0.60700858055694906 0.16903946367938563 0.30250609372052223 -0.26594057770289742 -0.60700858055694906 0.99234546104052834 -0.15225124341821353
decision_type=2 2 2 2 2 2 2 2 2 2 2 2 2 2 2 2 2 2 2 2 2 2 2 2 2
left_child=1 3 -3 8 5 -4 7 17 22 12 15 -12 14 24 -10 -11 21 23 -19 -20 -5 -17 -1 -6 -14
right_child=-2 2 4 20 6 -7 -8 -9 9 10 11 -13 13 -15 -16 16 -18 18 19 -21 -22 -23 -24 -25 -26
leaf_value=0.01604615135192871 0.58710738255427442 0.69957251249040886 -0.014153856529909022 -0.29823050769599707 -0.00010382394532899599 -0.54569158769887072 -0.27272735734780629 0.48878554600935714 -0.19998824494580431 -0.32916976326987857 0.028914284872454267 0.60237776371148921 -0.17614844427026552 -0.5141997096289036 0.23556866176200636 -0.26209545373916626 0.2886895439147949 0.41105578637892204 0.1863322537285941 -0.13504323104532753 -0.56466941297054296 -0.0096081051866834365 0.28352093290198932 -0.24824924893379213 -0.051530622702378494
leaf_weight=25 26 35 34 37 37 29 36 26 48 42 43 26 29 43 33 29 25 31 28 41 32 48 44 25 26
leaf_count=25 26 35 34 37 37 29 36 26 48 42 43 26 29 43 33 29 25 31 28 41 32 48 44 25 26
internal_value=-0.0134738 -0.0318014 0.0536714 -0.0837301 -0.0250971 -0.25883 0.0406403 0.100647 -0.0331301 -0.0718089 0.0104943 0.245002 -0.169745 -0.291415 -0.0225391 -0.101874 -0.00828155 0.038353 0.124233 -0.00462999 -0.421796 -0.104701 0.18661 -0.100162 -0.117238
internal_weight=878 852 322 530 287 63 224 188 461 392 213 69 179 98 81 144 102 162 100 69 69 77 69 62 55
internal_count=878 852 322 530 287 63 224 188 461 392 213 69 179 98 81 144 102 162 100 69 69 77 69 62 55
is_linear=0
shrinkage=0.04


Tree=69
num_leaves=27
num_cat=0
split_feature=2 9 9 9 9 6 6 6 6 6 8 6 5 8 5 6 6 8 9 6 6 8 6 7 6 6
split_gain=5578.15 1806.58 11813.6 5320.52 2923.24 2899.52 4188.88 1939.19 8012.77 5391.14 3743.63 2906.24 4190.36 3313.14 2199.86 2094.83 1991.03 1991.51 1665.79 1285.82 1074 1971.09 4071.61 1049.97 701.65 619.437
threshold=-2.9592882694284057 0.3876233021160812 0.52200600409929165 0.11885789814966023 0.79077140806571256 1.4393994365673617 1.0983314337133099 -1.1754552519803687 -0.72069791484163315 -0.94807658341100087 -0.63134183865453442 0.41619542800520609 -0.71349052288507664 1.0000000180025095e-35 0.67499283280135014 -1.5165232548344203 1.0983314337133099 -0.63134183865453442 1.4626849179817649 -0.26594057770289742 -1.2891445862650526 1.0000000180025095e-35 -0.37962991198758139 -0.61331263118606871 0.30250609372052223 -0.26594057770289742
decision_type=2 2 2 2 2 2 2 2 2 2 2 2 2 2 2 2 2 2 2 2 2 2 2 2 2 2
left_child=-1 3 -3 7 19 6 18 10 9 -9 -2 12 -10 16 25 -12 17 -13 20 -4 -6 22 -22 -16 -5 -14
right_child=1 2 4 24 5 -7 -8 8 11 -11 15 13 14 -15 23 -17 -18 -19 -20 -21 21 -23 -24 -25 -26 -27
leaf_value=0.50546865627169613 -0.61158999831676486 0.75966733939719921 -0.11495415267944337 -0.28630127674824485 -0.31312113101665789 -0.38654966263771057 0.50632182089487709 0.038735746368765832 0.19196441938621658 0.76210124625879172 0.25145949325561523 -0.15696857955720689 -0.60321958311672863 0.32991906531313631 0.062201513877281782 -0.21759371262330277 -0.25702784438133242 0.32041163436297715 0.18899500238895417 -0.52064450669288631 0.50619845418930054 -0.26361272784641815 -0.1545984511107609 -0.27768272259244414 -0.54208263427019121 -0.35323377541133333
leaf_weight=32 25 33 25 37 26 25 30 32 35 34 25 27 29 47 26 39 50 29 50 25 25 35 37 33 32 35
leaf_count=32 25 33 25 37 26 25 30 32 35 34 25 27 29 47 26 39 50 29 50 25 25 35 37 33 32 35
internal_value=-0.0129348 -0.0325435 0.044122 -0.0771098 -0.0408168 0.0199249 0.0699834 -0.0285707 0.0110756 0.411379 -0.19651 -0.0738762 -0.194203 0.0503829 -0.304088 -0.0343698 -0.0735623 0.0902462 -0.00568223 -0.317799 -0.0848193 -0.023625 0.111852 -0.127903 -0.404925 -0.466509
internal_weight=878 846 311 535 278 228 203 466 377 66 89 311 158 153 123 64 106 56 173 50 123 97 62 59 69 64
internal_count=878 846 311 535 278 228 203 466 377 66 89 311 158 153 123 64 106 56 173 50 123 97 62 59 69 64
is_linear=0
shrinkage=0.04


Tree=70
num_leaves=26
num_cat=0
split_feature=4 7 8 5 5 7 0 7 7 5 5 4 4 7 7 0 4 4 5 4 5 7 4 4 0
split_gain=10173 2322.75 2418.07 1983.35 7066.52 2258.26 2271.26 3840.64 2256.77 1585.89 1370.6 1666.08 1278.01 1156.42 2067.93 3933.8 1123.35 1123.24 1106.73 1031.57 706.305 522.326 518.885 355.408 292.386
threshold=1.9656466297630009 1.1445794666770477 1.0000000180025095e-35 -0.71349052288507664 -1.1763183081138855 -0.32033061487554942 -0.7491350475729156 0.55861543405600889 -1.1992766638071075 -0.25066273765626779 -0.25066273765626779 -0.6714072784207461 0.10813752584604273 0.85159745036652823 1.0000000180025095e-35 0.74913504757291582 -0.12328983792066023 -0.58614456545406601 1.1378206180301593 -0.75666999138742608 1.1378206180301593 -0.90629464749658817 0.38828643987942002 0.52227070311277446 -1.0000000180025095e-35
decision_type=2 2 2 2 2 2 2 2 2 2 2 2 2 2 2 2 2 2 2 2 2 2 2 2 2
left_child=1 3 9 4 22 8 7 19 -5 23 11 -8 16 14 -12 17 20 -16 -14 -7 21 -10 -1 -3 -22
right_child=-2 2 -4 5 -6 6 10 -9 12 -11 13 -13 18 -15 15 -17 -18 -19 -20 -21 24 -23 -24 -25 -26
leaf_value=-0.02957306314159084 0.65511906065259662 0.22244327331086003 0.37317294597625733 -0.31275559551788101 0.58510517708957199 -0.7332057648658753 -0.13570671496126388 -0.016853030694497596 0.040697702976965136 -0.22113033684817229 -0.015485079726394343 0.22149106129621848 0.042026070458548413 0.0335582078827752 -0.37830653119970253 0.0064803543686866765 0.33042120543019521 -0.75039474372863768 -0.29536824452025551 -0.38786147927564962 0.046782251015305525 0.28134558924922237 -0.24773886667959619 0.018234604379534721 -0.12838843455237728
leaf_weight=37 35 30 40 33 32 25 45 37 31 33 49 39 35 36 27 32 29 25 28 31 30 27 33 25 31
leaf_count=37 35 30 40 33 32 25 45 37 31 33 49 39 35 36 27 32 29 25 28 31 30 27 33 25 31
internal_value=-0.0127234 -0.0412289 0.115303 -0.0701827 0.0926841 -0.0983394 -0.164056 -0.33309 -0.00515054 -0.00191066 -0.101921 0.0301351 0.0429583 -0.167559 -0.221997 -0.342462 0.107186 -0.557195 -0.107927 -0.542033 0.0527848 0.152723 -0.132423 0.129621 -0.0422389
internal_weight=855 820 128 692 102 590 346 93 244 88 253 84 211 169 133 84 148 52 63 56 119 58 70 55 61
internal_count=855 820 128 692 102 590 346 93 244 88 253 84 211 169 133 84 148 52 63 56 119 58 70 55 61
is_linear=0
shrinkage=0.04


Tree=71
num_leaves=27
num_cat=0
split_feature=2 7 6 9 9 9 6 6 6 9 9 7 5 6 6 8 6 1 8 6 8 6 7 6 5 7
split_gain=4736.07 3494.46 3742.27 2628.9 6667.09 5072.66 1946.9 2264.84 3495.83 2592.18 2037.77 1988.07 1689.92 1491.93 3510.95 2096.5 2706.98 1383.43 1262.48 1225.34 1537.66 3399.13 649.172 183.502 76.6094 39.9294
threshold=-2.9592882694284057 1.4375614829875671 -0.37962991198758139 0.11885789814966023 1.0000000180025095e-35 0.3876233021160812 -1.0617659176956848 -0.15225124341821353 0.52988476228989012 1.1267281630237389 0.92515411004892301 0.85159745036652823 -0.25066273765626779 -0.60700858055694906 0.30250609372052223 1.0000000180025095e-35 1.2120207679979937 1.0000000180025095e-35 -0.63134183865453442 -1.0617659176956848 -0.63134183865453442 -1.4028339205497364 -0.90629464749658817 -0.15225124341821353 1.1378206180301593 -0.90629464749658817
decision_type=2 2 2 2 2 2 2 2 2 2 2 2 2 2 2 2 2 2 2 2 2 2 2 2 2 2
left_child=-1 3 -3 4 13 12 -7 10 11 -10 -8 -9 -5 19 22 16 17 18 -16 20 -2 -22 23 -15 -24 -17
right_child=1 2 -4 5 -6 6 7 8 9 -11 -12 -13 -14 14 15 25 -18 -19 -20 -21 21 -23 24 -25 -26 -27
leaf_value=0.48147343126932785 -0.27139021094198579 -0.11137368611220655 0.47941622802721606 -0.65996679024262861 0.50473042491154796 0.21050107540355789 -0.5730221649010977 0.46701591299639811 -0.3715050188375979 0.10563213716293204 -0.097698805409093051 -0.0061031792958577474 -0.25515718488982231 -0.44571945520547723 -0.25729579955339432 0.17820921624148334 -0.3385537210532597 0.30457806015014649 0.12352379534641901 0.22848603108707738 0.41566970392509744 -0.21904244488036193 -0.12907745098245554 -0.2993750921611128 -0.22462703338861467 0.24474534782671162
leaf_weight=30 27 29 42 33 39 36 27 27 49 29 31 30 33 26 26 27 42 25 30 49 27 27 29 29 25 31
leaf_count=30 27 29 42 33 39 36 27 27 49 29 31 30 33 26 26 27 42 25 30 49 27 27 29 29 25 31
internal_value=-0.0122145 -0.0301668 0.238108 -0.0554287 0.00444917 -0.148595 -0.0595472 -0.109919 -0.0201043 -0.194108 -0.31897 0.218006 -0.457562 -0.0420055 -0.0924811 0.0155247 -0.0779576 0.0571664 -0.0532853 0.070594 -0.024921 0.0983136 -0.27183 -0.368556 -0.173313 0.213772
internal_weight=855 825 71 754 459 295 229 193 135 78 58 57 66 420 290 181 123 81 56 130 81 54 109 55 54 58
internal_count=855 825 71 754 459 295 229 193 135 78 58 57 66 420 290 181 123 81 56 130 81 54 109 55 54 58
is_linear=0
shrinkage=0.04


end of trees

feature_importances:
Column_9=481
Column_4=362
Column_6=305
Column_7=224
Column_5=162
Column_8=120
Column_0=111
Column_2=37
Column_3=7
Column_1=2

parameters:
[boosting: gbdt]
[objective: regression]
[metric: rmse]
[tree_learner: serial]
[device_type: cpu]
[data_sample_strategy: bagging]
[data: ]
[valid: ]
[num_iterations: 72]
[learning_rate: 0.04]
[num_leaves: 45]
[num_threads: 0]
[seed: 0]
[deterministic: 0]
[force_col_wise: 0]
[force_row_wise: 0]
[histogram_pool_size: -1]
[max_depth: -1]
[min_data_in_leaf: 25]
[min_sum_hessian_in_leaf: 0.001]
[bagging_fraction: 0.8]
[pos_bagging_fraction: 1]
[neg_bagging_fraction: 1]
[bagging_freq: 5]
[bagging_seed: 3]
[bagging_by_query: 0]
[feature_fraction: 0.8]
[feature_fraction_bynode: 1]
[feature_fraction_seed: 2]
[extra_trees: 0]
[extra_seed: 6]
[early_stopping_round: 0]
[early_stopping_min_delta: 0]
[first_metric_only: 0]
[max_delta_step: 0]
[lambda_l1: 0]
[lambda_l2: 0]
[linear_lambda: 0]
[min_gain_to_split: 0]
[drop_rate: 0.1]
[max_drop: 50]
[skip_drop: 0.5]
[xgboost_dart_mode: 0]
[uniform_drop: 0]
[drop_seed: 4]
[top_rate: 0.2]
[other_rate: 0.1]
[min_data_per_group: 100]
[max_cat_threshold: 32]
[cat_l2: 10]
[cat_smooth: 10]
[max_cat_to_onehot: 4]
[top_k: 20]
[monotone_constraints: ]
[monotone_constraints_method: basic]
[monotone_penalty: 0]
[feature_contri: ]
[forcedsplits_filename: ]
[refit_decay_rate: 0.9]
[cegb_tradeoff: 1]
[cegb_penalty_split: 0]
[cegb_penalty_feature_lazy: ]
[cegb_penalty_feature_coupled: ]
[path_smooth: 0]
[interaction_constraints: ]
[verbosity: -1]
[saved_feature_importance_type: 0]
[use_quantized_grad: 0]
[num_grad_quant_bins: 4]
[quant_train_renew_leaf: 0]
[stochastic_rounding: 1]
[linear_tree: 0]
[max_bin: 255]
[max_bin_by_feature: ]
[min_data_in_bin: 3]
[bin_construct_sample_cnt: 200000]
[data_random_seed: 1]
[is_enable_sparse: 1]
[enable_bundle: 1]
[use_missing: 1]
[zero_as_missing: 0]
[feature_pre_filter: 1]
[pre_partition: 0]
[two_round: 0]
[header: 0]
[label_column: ]
[weight_column: ]
[group_column: ]
[ignore_column: ]
[categorical_feature: ]
[forcedbins_filename: ]
[precise_float_parser: 0]
[parser_config_file: ]
[objective_seed: 5]
[num_class: 1]
[is_unbalance: 0]
[scale_pos_weight: 1]
[sigmoid: 1]
[boost_from_average: 1]
[reg_sqrt: 0]
[alpha: 0.9]
[fair_c: 1]
[poisson_max_delta_step: 0.7]
[tweedie_variance_power: 1.5]
[lambdarank_truncation_level: 30]
[lambdarank_norm: 1]
[label_gain: ]
[lambdarank_position_bias_regularization: 0]
[eval_at: ]
[multi_error_top_k: 1]
[auc_mu_weights: ]
[num_machines: 1]
[local_listen_port: 12400]
[time_out: 120]
[machine_list_filename: ]
[machines: ]
[gpu_platform_id: -1]
[gpu_device_id: -1]
[gpu_use_dp: 0]
[num_gpu: 1]

end of parameters

pandas_categorical:null
