tree
version=v4
num_class=1
num_tree_per_iteration=1
label_index=0
max_feature_idx=9
objective=regression
feature_names=Column_0 Column_1 Column_2 Column_3 Column_4 Column_5 Column_6 Column_7 Column_8 Column_9
feature_infos=[-1.4982700951458314:1.4982700951458314] [-0.63368320487849272:1.5780755940845042] [-7.3958776108082063:2.7448980266313372] [-0.26699649569399087:3.7453675090407055] [-1.6032069272708922:5.5710413494968991] [-3.721871126872335:3.2205456515597994] [-1.6870572562614465:1.7236227722790711] [-1.6387496882728867:1.5840524911428266] [-1.2456510737482795:1.2115858666267003] [-1.7289042541194837:1.6978546464523832]
tree_sizes=2284 2305 2309 2226 2302 2304 2389 2383 2396 2241 2303 2232 2246 2391 2225 2244 2321 2320 2332 2327 2317 2323 2233 2318 2161 2330 2318 2321 2405 2404 2412 2403 2418 2247 2328 2241 2338 2244 2178 2254 2505 2430 2435 2586 2590 2339 2348 2266 2254 2505 2268 2425 2334 2502 2172 2336 2341 2332 2253 2340 2432 2504 2433 2347 2429 2508 2519 2514 2341 2525 2522 2261

Tree=0
num_leaves=27
num_cat=0
split_feature=9 9 2 8 6 5 7 7 7 9 9 9 0 7 0 5 9 9 5 5 6 0 6 6 5 6
split_gain=20579.6 4987.45 5058.55 2647.66 2009.26 1801.18 1761.3 1629.37 1320.35 568.176 547.152 469.818 398.183 370.466 340.974 322.382 293.156 279.237 232.015 146.416 141.011 109.466 123.841 98.1305 38.72 26.7407
threshold=1.0595368120321338 -0.48586426077478684 1.0000000180025095e-35 -0.63134183865453442 0.52988476228989012 -0.25066273765626779 -1.1992766638071075 0.85159745036652823 -0.32033061487554942 1.4626849179817649 -0.62024696275799729 -1.4265431746572599 -0.7491350475729156 -0.90629464749658817 -1.0000000180025095e-35 1.0000000180025095e-35 -0.082716154825155472 0.25324060013287075 -0.71349052288507664 -0.71349052288507664 0.52988476228989012 0.74913504757291582 -0.26594057770289742 -0.26594057770289742 0.67499283280135014 0.075127425151154323
decision_type=2 2 2 2 2 2 2 2 2 2 2 2 2 2 2 2 2 2 2 2 2 2 2 2 2 2
left_child=1 6 -3 4 5 -4 11 8 -5 12 13 14 -2 15 -1 -8 -10 25 -11 -13 -14 22 -19 -15 -17 -18
right_child=9 2 3 7 -6 -7 10 -9 16 18 -12 19 20 23 -16 24 17 21 -20 -21 -22 -23 -24 -25 -26 -27
leaf_value=50.295510630090199 50.883260619674289 50.698084152564157 50.669260621621369 50.311518692950372 50.119260626247829 50.279260629032215 50.396679984580416 50.406952937857014 50.131832057203439 50.823546336872113 50.377442445998462 50.310029861575828 50.65874780595334 50.568292885498941 50.464792544018408 50.525660629163347 49.959260624204241 49.95640347623813 50.972919153811503 50.177038405249235 50.776403481006497 50.11766062763747 50.070775780054277 50.662117767515511 50.596060628877247 49.902964323757693
leaf_weight=32 30 34 36 31 42 40 31 26 35 28 33 26 39 31 47 25 27 28 41 27 28 25 33 42 25 27
leaf_count=32 30 34 36 31 42 40 31 26 35 28 33 26 39 31 47 25 27 28 41 27 28 25 33 42 25 27
internal_value=50.424 50.3294 50.2323 50.187 50.3413 50.464 50.4463 50.1086 50.0709 50.8246 50.5252 50.3344 50.7621 50.5569 50.3962 50.498 50.0283 50.0024 50.9123 50.2423 50.7079 50.0472 50.0183 50.6223 50.5609 49.9311
internal_weight=869 703 384 350 118 76 319 232 206 166 187 132 97 154 79 81 175 140 69 53 67 86 61 73 50 54
internal_count=869 703 384 350 118 76 319 232 206 166 187 132 97 154 79 81 175 140 69 53 67 86 61 73 50 54
is_linear=0
shrinkage=1


Tree=1
num_leaves=26
num_cat=0
split_feature=9 4 9 4 7 2 7 4 6 5 0 5 7 7 5 9 4 6 9 4 4 9 9 9 0
split_gain=18966.2 7455.64 2497.76 2293.59 1616.47 1343.94 946.525 766.57 707.365 2198.46 849.566 676.853 572.926 422.804 366.013 581.234 348.403 271.34 195.457 158.349 150.127 105.706 101.523 46.5555 38.513
threshold=1.0595368120321338 -0.14765061305399738 -0.41867290978318161 1.7037682970796266 -1.1992766638071075 1.0000000180025095e-35 1.4375614829875671 1.0216665933461864 0.075127425151154323 -0.25066273765626779 -1.0000000180025095e-35 1.0000000180025095e-35 -0.61331263118606871 -0.61331263118606871 1.0000000180025095e-35 0.25324060013287075 0.48572954041276867 0.18881675943583826 -1.4265431746572599 -0.40343875195403744 0.68061574147946591 0.32043195112447598 -1.2921604726740494 0.72358005707410744 -1.0000000180025095e-35
decision_type=2 2 2 2 2 2 2 2 2 2 2 2 2 2 2 2 2 2 2 2 2 2 2 2 2
left_child=1 2 4 6 -1 -3 20 11 9 -4 -11 18 17 19 15 -10 -8 -13 -7 24 -2 -12 -9 -17 -6
right_child=3 5 8 -5 13 7 16 22 14 10 21 12 -14 -15 -16 23 -18 -19 -20 -21 -22 -23 -24 -25 -26
leaf_value=-0.26496252906031725 0.16516631238990362 0.3532262388423637 0.028327229558205116 0.72240277835300992 0.0062944464598383223 0.0043356806039810186 0.3535571554990915 0.13374937254935504 -0.46954387953115068 -0.41777025612033142 -0.23936035656929014 0.084689014222886827 -0.021764350614764474 -0.10117394356892026 -0.21726627378928953 -0.23530166255103219 0.53663005033443723 0.26573401872928326 -0.1232890117665132 0.16057525730133057 0.28237186970079647 -0.12799212777614594 0.24016250138099376 -0.30958278055544253 0.073249625629848908
leaf_weight=41 36 27 49 28 28 32 39 32 43 49 30 27 44 29 41 27 29 26 48 25 34 25 26 27 27
leaf_count=41 36 27 49 28 28 32 39 32 43 49 30 27 44 29 41 27 29 26 48 25 34 25 26 27 27
internal_value=0.00775892 -0.0830475 -0.183453 0.392319 -0.0508609 0.0859551 0.325345 0.0552474 -0.251799 -0.192571 -0.296648 0.0138922 0.0849284 0.0296727 -0.317465 -0.359817 0.431632 0.173504 -0.0722391 0.0771046 0.222095 -0.188738 0.181452 -0.272442 0.0391634
internal_weight=869 703 441 166 150 262 138 235 291 153 104 177 97 109 138 97 68 53 80 80 70 55 58 54 55
internal_count=869 703 441 166 150 262 138 235 291 153 104 177 97 109 138 97 68 53 80 80 70 55 58 54 55
is_linear=0
shrinkage=0.04


Tree=2
num_leaves=26
num_cat=0
split_feature=9 4 8 7 4 3 9 9 9 7 7 4 5 7 9 4 9 9 7 9 9 8 4 9 4
split_gain=17479.3 6871.12 2766.54 2540.25 2113.77 1164.63 1159.64 1852.73 1155.92 912.744 872.317 703.883 624.759 528.009 440.956 321.088 231.865 311.754 196.928 187.432 178.853 141.206 138.357 93.5639 10.9001
threshold=1.0595368120321338 -0.14765061305399738 -0.63134183865453442 -0.32033061487554942 1.7037682970796266 1.0000000180025095e-35 0.45481465310768643 1.0000000180025095e-35 -0.41867290978318161 -1.1992766638071075 1.4375614829875671 1.0216665933461864 1.0000000180025095e-35 -0.61331263118606871 -0.55305561176639195 0.48572954041276867 0.52200600409929165 -0.082716154825155472 -0.90629464749658817 0.25324060013287075 -1.4265431746572599 1.0000000180025095e-35 0.68061574147946591 -1.2921604726740494 -0.74448960382075746
decision_type=2 2 2 2 2 2 2 2 2 2 2 2 2 2 2 2 2 2 2 2 2 2 2 2 2
left_child=1 2 6 9 10 11 7 8 -1 -4 22 12 20 18 21 -12 17 -5 -14 24 -3 -11 -2 -13 -19
right_child=4 5 3 16 -6 -7 -8 -9 -10 14 15 23 13 -15 -16 -17 -18 19 -20 -21 -22 -23 -24 -25 -26
leaf_value=0.027789729286213309 0.15855965829143923 0.0049018406098888766 -0.28304309995905047 -0.26360248632290784 0.69350667987551007 0.32631639277828589 -0.24324320590857304 0.25406559787298505 -0.29815974323837846 0.095042260145318913 0.3394148747126261 0.12839939996600153 0.087990862681315493 -0.020893777337941257 -0.16831220536231997 0.51516484605854962 -0.26657840882241723 -0.47350940264188324 0.24222583771855744 -0.34333651564337991 -0.11835745064852139 -0.030892819975103653 0.27107699623879261 0.2305559965280386 -0.43722298993004693
leaf_weight=49 36 31 31 34 28 28 33 38 27 29 39 32 26 44 25 29 50 26 27 44 48 28 34 26 27
leaf_count=49 36 31 31 34 28 28 33 38 27 29 39 32 26 44 25 29 50 26 27 44 48 28 34 26 27
internal_value=0.00744856 -0.0797256 -0.176115 -0.246957 0.376626 0.0825169 -0.0344296 0.0260165 -0.0880081 -0.0981497 0.312331 0.0533443 0.0135189 0.0815313 -0.028251 0.414367 -0.339859 -0.367829 0.166563 -0.404362 -0.0699899 0.0331794 0.213211 0.174194 -0.455024
internal_weight=869 703 441 294 166 262 147 114 76 113 138 234 176 97 82 68 181 131 53 97 79 57 70 58 53
internal_count=869 703 441 294 166 262 147 114 76 113 138 234 176 97 82 68 181 131 53 97 79 57 70 58 53
is_linear=0
shrinkage=0.04


Tree=3
num_leaves=25
num_cat=0
split_feature=7 4 2 8 7 6 4 5 7 4 5 7 7 7 7 7 6 4 4 7 7 7 7 8
split_gain=14870.8 7591.94 2654.33 2458.2 2328.53 1653.61 882.866 855.351 841.185 781.967 690.102 505.848 498.948 372.491 371.719 341.985 246.389 238.008 229.792 224.543 196.086 143.303 102.068 101.308
threshold=1.1445794666770477 -0.14765061305399738 1.0000000180025095e-35 -0.63134183865453442 -0.32033061487554942 0.52988476228989012 1.0216665933461864 -0.25066273765626779 -1.1992766638071075 1.1678312441462091 1.0000000180025095e-35 -0.61331263118606871 -0.32033061487554942 -0.61331263118606871 1.0000000180025095e-35 1.4375614829875671 0.18881675943583826 0.22994140151272849 1.8742937230129866 0.55861543405600889 1.0000000180025095e-35 0.26563341774548938 -1.4922586801176267 1.0000000180025095e-35
decision_type=2 2 2 2 2 2 2 2 2 2 2 2 2 2 2 2 2 2 2 2 2 2 2 2
left_child=1 3 -3 5 8 7 10 -1 -5 15 22 16 -9 23 -7 -2 -12 -17 -8 20 -6 -22 -4 -10
right_child=9 2 6 4 19 14 18 12 13 -11 11 -13 -14 -15 -16 17 -18 -19 -20 -21 21 -23 -24 -25
leaf_value=0.19886153162979497 0.24303649193170121 0.43316510695399657 -0.026067643240094186 -0.27172137709394578 -0.28037364922818681 -0.10837992796897888 0.1178265224751972 0.086660578846931458 0.090210419540052059 0.53426066459836186 0.075268357771414302 -0.022462947898440892 -0.1527451461950938 -0.14237337301517355 -0.32243086744237831 0.31094507612287997 0.24778846377363573 0.4706350942168917 0.27099520297050478 -0.25116199341913065 -0.43247840076684951 -0.33253966873342344 -0.11791666321608485 -0.020414187541374793
leaf_weight=41 49 33 32 31 42 25 42 26 27 37 27 45 30 29 27 32 26 28 25 48 48 44 49 26
leaf_count=41 49 33 32 31 42 25 42 26 27 37 27 45 30 29 27 32 26 28 25 48 48 44 49 26
internal_value=0.00715062 -0.0672069 0.0963078 -0.169956 -0.236846 -0.0375234 0.0511196 0.0600427 -0.0942237 0.375373 0.00475884 0.0761624 -0.0415925 -0.0271209 -0.219522 0.321439 0.159901 0.385467 0.174979 -0.325397 -0.351988 -0.384682 -0.0816306 0.0359417
internal_weight=869 723 279 444 295 149 246 97 113 146 179 98 56 82 52 109 53 60 67 182 134 92 81 53
internal_count=869 723 279 444 295 149 246 97 113 146 179 98 56 82 52 109 53 60 67 182 134 92 81 53
is_linear=0
shrinkage=0.04


Tree=4
num_leaves=26
num_cat=0
split_feature=9 4 7 4 7 2 6 5 0 7 4 7 5 9 9 4 6 5 9 4 4 0 6 0 0
split_gain=14894.8 5818.56 1958.09 1886.24 1169.41 1021.61 798.786 1870.26 756.471 751.615 598.143 580.986 528.901 458.46 383.171 275.138 255.574 181.012 152.937 143.128 115.426 101.022 100.418 90.6264 36.1686
threshold=1.0595368120321338 -0.14765061305399738 -0.32033061487554942 1.7037682970796266 -1.1992766638071075 1.0000000180025095e-35 0.075127425151154323 -0.25066273765626779 -1.0000000180025095e-35 1.4375614829875671 1.0216665933461864 -0.61331263118606871 1.0000000180025095e-35 -0.55305561176639195 0.25324060013287075 0.48572954041276867 0.18881675943583826 -0.25066273765626779 -1.4265431746572599 -0.40343875195403744 0.68061574147946591 0.74913504757291582 -0.15225124341821353 -1.0000000180025095e-35 -1.0000000180025095e-35
decision_type=2 2 2 2 2 2 2 2 2 2 2 2 2 2 2 2 2 2 2 2 2 2 2 2 2
left_child=1 2 4 9 -1 -3 7 -4 -9 20 12 19 18 16 17 -11 -14 -8 -7 24 -2 -10 -12 -16 -6
right_child=3 5 6 -5 11 10 14 8 21 15 22 -13 13 -15 23 -17 -18 -19 -20 -21 -22 -23 -24 -25 -26
leaf_value=-0.23919752481507092 0.14499757379293443 0.30871793095712308 0.036827101172233118 0.64699856059891847 0.003733551097767694 0.003986233100295067 -0.44982911723000663 -0.377205031356033 -0.21241627162900464 0.31225398198534282 0.2112479411760966 -0.10799994852807787 0.071279585501726944 -0.035555904233777844 -0.28795922921763528 0.47494301865840782 0.23787693126843526 -0.31155429175405791 -0.10890648932506641 0.1510157155752182 0.24776842853602241 -0.10383269099088815 0.10592059438782078 -0.1898000393194311 0.068618843356768294
leaf_weight=41 36 27 49 28 28 32 28 49 29 39 30 45 34 37 27 29 26 33 48 25 34 26 28 34 27
leaf_count=41 36 27 49 28 28 32 28 49 29 39 30 45 34 37 27 29 26 33 48 25 34 26 28 34 27
internal_value=0.0068646 -0.0736073 -0.162307 0.347658 -0.053822 0.0756923 -0.227792 -0.166917 -0.262911 0.286922 0.0489192 0.00698115 0.0123886 0.0751829 -0.304136 0.381636 0.143472 -0.375025 -0.0637494 0.071658 0.194915 -0.161086 0.1604 -0.233248 0.0355863
internal_weight=869 703 441 166 166 262 275 153 104 138 235 125 177 97 122 68 60 61 80 80 70 55 58 61 55
internal_count=869 703 441 166 166 262 275 153 104 138 235 125 177 97 122 68 60 61 80 80 70 55 58 61 55
is_linear=0
shrinkage=0.04


Tree=5
num_leaves=26
num_cat=0
split_feature=9 4 9 8 4 2 4 0 9 9 4 9 4 5 5 9 9 4 9 9 9 9 5 4 0
split_gain=12965.2 4918 2151.04 2060.72 1494.78 1421.48 876.718 816.997 663.362 619.05 384.284 538.975 328.265 321.321 215.602 307.026 188.786 289.317 131.349 123.817 118.457 110.6 74.1215 73.3367 47.7944
threshold=1.193919514015344 -0.098929062787323066 -0.35148155879157633 -0.63134183865453442 -0.69576805355408322 1.0000000180025095e-35 1.0216665933461864 -0.7491350475729156 -1.2921604726740494 1.4626849179817649 -0.33035642655402603 -0.6874383137496024 1.2774547322462262 0.67499283280135014 -0.25066273765626779 -0.48586426077478684 0.52200600409929165 -0.68358766598741461 -1.4265431746572599 -0.88901236672441819 1.3283022159985547 0.25324060013287075 -0.25066273765626779 -0.73230921625408896 -1.0000000180025095e-35
decision_type=2 2 2 2 2 2 2 2 2 2 2 2 2 2 2 2 2 2 2 2 2 2 2 2 2
left_child=1 2 8 4 21 -3 14 -2 -1 20 11 24 -8 16 18 19 22 -18 -7 -16 -9 -4 -5 -24 -10
right_child=7 5 3 13 -6 6 12 9 10 -11 -12 -13 -14 -15 15 -17 17 -19 -20 -21 -22 -23 23 -25 -26
leaf_value=-0.18440535030866925 0.50938213530339693 0.32271928371985753 -0.26148993562769007 -0.3840482751131058 0.11469595125743322 -0.018687830464593297 0.26259362213611603 0.13061201858520508 0.00071227241445470744 0.39223878045471344 0.11259080860175585 -0.15936790214644539 0.085073337987065317 -0.16934428580105304 0.014035330476432011 -0.064771868569983376 -0.33716093656207835 -0.14994784944057465 -0.13622196096926928 0.12902141078825921 0.25374818315505981 -0.14590340997164067 -0.35819617324405245 -0.27950136232376099 0.074666297227658079
leaf_weight=38 38 30 27 40 42 29 25 25 27 49 38 36 50 30 29 45 28 25 32 31 25 26 36 40 29
leaf_count=38 38 30 27 40 42 29 25 25 27 49 38 36 50 30 29 45 28 25 32 31 25 26 36 40 29
internal_value=-0.00545804 -0.0722152 -0.151569 -0.216813 -0.063542 0.0630664 0.0307444 0.351717 -0.0373907 0.291199 0.00558277 -0.0386162 0.144247 -0.289983 -0.0205367 0.0142091 -0.311398 -0.248853 -0.0803451 0.0734448 0.19218 -0.204787 -0.339975 -0.316778 0.0390099
internal_weight=870 733 462 294 95 271 241 137 168 99 130 92 75 199 166 105 169 53 61 60 50 53 116 76 56
internal_count=870 733 462 294 95 271 241 137 168 99 130 92 75 199 166 105 169 53 61 60 50 53 116 76 56
is_linear=0
shrinkage=0.04


Tree=6
num_leaves=27
num_cat=0
split_feature=7 4 7 8 4 4 4 7 7 7 4 9 9 9 9 4 4 4 7 9 5 8 5 6 0 6
split_gain=12907.1 4074.57 2069.5 2003.84 1424.45 780.353 723.167 722.276 620.999 532.037 479.013 633.271 323.28 214.427 261.549 202.857 183.265 103.778 101.929 96.7516 96.0421 104.319 87.3926 76.1696 48.4484 18.1363
threshold=1.1445794666770477 -0.098929062787323066 -0.32033061487554942 -0.63134183865453442 -0.69576805355408322 1.502791902229595 1.7281290722129634 -1.1992766638071075 -1.1992766638071075 -0.61331263118606871 0.5588118658127802 0.85796275905731789 1.4626849179817649 -0.082716154825155472 0.32043195112447598 -0.45216030222071174 -0.48870146492071748 0.51009031554610584 0.26563341774548938 -1.4265431746572599 1.0000000180025095e-35 1.0000000180025095e-35 -0.71349052288507664 1.0000000180025095e-35 -1.0000000180025095e-35 -0.15225124341821353
decision_type=2 2 2 2 2 2 2 2 2 2 2 2 2 2 2 2 2 2 2 2 2 2 2 2 2 2
left_child=1 2 7 4 18 12 8 -1 19 15 20 -12 17 -5 24 25 23 -2 -4 -3 -10 -22 -14 -16 -15 -9
right_child=5 6 3 13 -6 -7 -8 9 10 -11 11 -13 22 14 16 -17 -18 -19 -20 -21 21 -23 -24 -25 -26 -27
leaf_value=-0.18515026935716955 0.17223988703319004 -0.026301316647302536 -0.25103033754560683 -0.19568745243198732 0.11960088235139846 0.53526159818355856 0.2230118800612057 0.034141568887233735 0.081209253243037641 -0.10537964057922362 0.30984454634097908 0.037981339569749507 0.30627843044422293 -0.32585714586319464 -0.34478452922969027 0.13176267685798498 -0.17100589165320762 0.27693884708664634 -0.14006727491433804 -0.11634964765821185 0.031617786662523135 -0.06987758393471058 0.40331469969315964 -0.25528066739439964 -0.39247921913862227 -0.01403982343673706
leaf_weight=41 28 42 27 34 40 26 34 25 28 45 26 29 27 31 29 39 26 33 26 35 43 26 33 32 40 25
leaf_count=41 28 42 27 34 40 26 34 25 28 45 26 29 27 31 29 39 26 33 26 35 43 26 33 32 40 25
internal_value=-0.00523971 -0.0747109 -0.146512 -0.212995 -0.0605971 0.336445 0.0508728 -0.0382398 0.025315 0.00671048 0.0721975 0.166498 0.293724 -0.286812 -0.306422 0.0633853 -0.25993 0.22888 -0.196596 -0.0672324 0.0187279 -0.00662685 0.359648 -0.297832 -0.363391 0.0100509
internal_weight=870 723 460 285 93 147 263 175 229 134 152 55 121 192 158 89 87 61 53 77 97 69 60 61 71 50
internal_count=870 723 460 285 93 147 263 175 229 134 152 55 121 192 158 89 87 61 53 77 97 69 60 61 71 50
is_linear=0
shrinkage=0.04


Tree=7
num_leaves=27
num_cat=0
split_feature=9 4 9 2 4 6 5 0 4 9 9 6 4 9 5 9 4 0 4 9 4 9 9 5 6 4
split_gain=11008.1 4196.62 1967.88 1242.93 764.262 1153.11 1920.8 745.477 686.585 562.113 552.471 343.264 247.639 475.166 221.517 262.686 204.425 168.321 127.021 258.109 110.632 108.717 93.6385 93.1722 69.5055 7.19792
threshold=1.193919514015344 0.022874812879362678 -0.35148155879157633 1.0000000180025095e-35 -0.69576805355408322 0.30250609372052223 -0.25066273765626779 -0.7491350475729156 1.0216665933461864 -1.2921604726740494 1.4626849179817649 -0.60700858055694906 -0.33035642655402603 -0.6874383137496024 1.0000000180025095e-35 -0.48586426077478684 -0.40343875195403744 -0.7491350475729156 -1.1220816183874833 0.32043195112447598 0.52227070311277446 1.3283022159985547 0.3876233021160812 0.67499283280135014 -0.26594057770289742 1.4784311270962578
decision_type=2 2 2 2 2 2 2 2 2 2 2 2 2 2 2 2 2 2 2 2 2 2 2 2 2 2
left_child=1 2 9 -3 17 6 -6 -2 14 -1 21 -10 13 24 20 -16 -8 -4 -19 -20 -5 -9 -7 -14 -11 -13
right_child=7 3 4 8 5 22 16 10 11 12 -12 25 23 -15 15 -17 -18 18 19 -21 -22 -23 -24 -25 -26 -27
leaf_value=-0.15876293930140409 0.47469090079006399 0.31688325257136901 -0.3262350881654163 -0.023473839637560723 0.18906432001931325 -0.22245458430257337 -0.25730749011039733 0.11375106947422028 0.25536416999697686 0.076268424579212749 0.36172813574878537 0.058656741291284557 0.020951023563742639 -0.150015404091941 0.097714106992977431 -0.066794443130493167 -0.10357353734970094 -0.29353195512616959 -0.27163576090335845 -0.12173354139222818 -0.12663686578643732 0.23171598815917968 -0.32500716515949796 0.12337418600364969 -0.013373829650878907 0.08901021089553833
leaf_weight=44 38 29 43 39 35 29 31 25 25 31 49 25 30 36 41 25 25 37 40 34 29 25 28 27 25 25
leaf_count=44 38 29 43 39 35 29 31 25 25 31 49 25 30 36 41 25 25 37 40 34 29 25 28 27 25 25
internal_value=-0.00503013 -0.0665427 -0.132908 0.0714868 -0.196666 -0.131757 -0.0433914 0.324085 0.0374366 -0.0331426 0.266276 0.134344 0.00395339 -0.0366367 -0.0168025 0.0354003 -0.188676 -0.259047 -0.233018 -0.202762 -0.0674698 0.172734 -0.272831 0.0694673 0.0362496 0.0738335
internal_weight=870 733 495 238 302 148 91 137 209 193 99 75 149 92 134 66 56 154 111 74 68 50 57 57 56 50
internal_count=870 733 495 238 302 148 91 137 209 193 99 75 149 92 134 66 56 154 111 74 68 50 57 57 56 50
is_linear=0
shrinkage=0.04


Tree=8
num_leaves=27
num_cat=0
split_feature=7 4 7 8 4 2 4 7 4 7 7 9 4 7 9 9 4 4 0 9 7 4 0 0 7 4
split_gain=11003.9 3442.74 1772.87 1816.04 1239.1 916.766 715.191 628.957 503.508 460.62 297.955 537.401 562.16 267.296 203.885 234.581 194.619 183.25 124.181 90.0449 89.2304 50.2787 49.5566 47.7023 28.043 0.849515
threshold=1.1445794666770477 -0.098929062787323066 -0.32033061487554942 -0.63134183865453442 -0.69576805355408322 1.0000000180025095e-35 1.502791902229595 -1.1992766638071075 1.7281290722129634 -0.61331263118606871 -1.1992766638071075 -0.48586426077478684 0.42482760257942576 1.4375614829875671 -0.082716154825155472 0.25324060013287075 -0.51306224005405465 -0.45216030222071174 -1.0000000180025095e-35 -1.4265431746572599 0.26563341774548938 0.60144322229612024 -1.0000000180025095e-35 1.0000000180025095e-35 0.26563341774548938 -0.76885037895409469
decision_type=2 2 2 2 2 2 2 2 2 2 2 2 2 2 2 2 2 2 2 2 2 2 2 2 2 2
left_child=1 2 7 4 20 -3 13 -1 10 17 19 12 -12 21 -5 22 18 25 -17 -7 -4 -2 -16 -15 -13 -9
right_child=6 5 3 14 -6 8 -8 9 -10 -11 11 24 -14 23 15 16 -18 -19 -20 -21 -22 -23 -24 -25 -26 -27
leaf_value=-0.17185276153610976 0.1684227828321786 0.25860182129103565 -0.22920065526609068 -0.17792433298685972 0.11663876634836197 -0.024925439982187179 0.50099453706007735 0.014441727839410307 0.17317861179510755 -0.097110704580942786 0.012781619475438044 -0.020863206100463869 0.24532992354754743 0.29202886144604001 -0.30517899780273439 -0.35331953296294577 -0.16081679426390552 0.12490810327040844 -0.24258277239148007 -0.11179673169340407 -0.12537953450129583 0.24502611481226408 -0.37891550128800533 0.36016648284850583 -0.076670233414453628 0.0040139796257019043
leaf_weight=41 29 29 27 34 40 42 26 25 30 45 39 25 29 35 25 26 29 39 43 35 26 26 35 31 34 25
leaf_count=41 29 29 27 34 40 42 26 25 30 45 39 25 29 35 25 26 29 39 43 35 26 26 35 31 34 25
internal_value=-0.00482892 -0.0689739 -0.134974 -0.196508 -0.0514273 0.0464629 0.31066 -0.0347608 0.0201722 0.00718528 -0.00232878 0.0353125 0.111957 0.269761 -0.266781 -0.285902 -0.247766 0.0599192 -0.28431 -0.0644124 -0.17827 0.204635 -0.348192 0.324033 -0.0530232 0.00922785
internal_weight=870 723 460 285 93 263 147 175 234 134 204 127 68 121 192 158 98 89 69 77 53 55 60 66 59 50
internal_count=870 723 460 285 93 263 147 175 234 134 204 127 68 121 192 158 98 89 69 77 53 55 60 66 59 50
is_linear=0
shrinkage=0.04


Tree=9
num_leaves=25
num_cat=0
split_feature=7 7 2 8 9 6 6 7 7 0 9 9 9 7 0 8 0 9 6 6 0 0 8 0
split_gain=10141.2 2151.39 2826.02 1272.24 1440.07 1199.28 821.051 516.296 527.439 491.925 453.302 435.091 277.047 258.191 237.732 195.582 121.934 104.171 102.018 53.9135 46.9424 39.0671 62.8321 29.7823
threshold=1.1445794666770477 -0.32033061487554942 1.0000000180025095e-35 -0.63134183865453442 0.92515411004892301 0.52988476228989012 -0.37962991198758139 -1.1992766638071075 -0.61331263118606871 -0.7491350475729156 1.4626849179817649 -1.4265431746572599 -0.082716154825155472 -0.90629464749658817 -1.0000000180025095e-35 -0.63134183865453442 0.74913504757291582 0.25324060013287075 0.18881675943583826 0.30250609372052223 -1.0000000180025095e-35 -0.7491350475729156 1.0000000180025095e-35 1.0000000180025095e-35
decision_type=2 2 2 2 2 2 2 2 2 2 2 2 2 2 2 2 2 2 2 2 2 2 2 2
left_child=1 7 -3 5 12 6 -4 11 13 -2 16 14 -5 15 -1 -9 -11 20 -13 -10 -14 -19 -23 -15
right_child=9 2 3 4 -6 -7 -8 8 19 10 -12 18 17 23 -16 -17 -18 21 -20 -21 -22 22 -24 -25
leaf_value=-0.088511366673878253 0.41791083282232289 0.19170811618629255 -0.07123084298201969 -0.17123790083918722 0.0086076266935893458 -0.24806078600883485 0.21149337291717529 0.1189166005452474 -0.077196962833404548 0.12819183653051203 0.34477222930639984 -0.18499703835038578 -0.29297183914184571 0.11523202750740982 0.057596013272295188 -0.015159541587440335 0.24401764998069175 -0.30762824923903853 -0.078554817992448817 -0.0085097880074472138 -0.36432057824813657 -0.28820701447400182 -0.20822297996282579 0.16672326725907624
leaf_weight=28 40 38 42 36 35 35 27 27 41 33 48 34 25 41 49 49 26 27 25 33 36 33 30 32
leaf_count=28 40 38 42 36 35 35 27 27 41 33 48 34 25 41 49 49 26 27 25 33 36 33 30 32
internal_value=-0.00463576 -0.0662149 -0.13474 -0.172792 -0.226877 -0.0573414 0.0394004 0.00326408 0.0407251 0.298233 0.253494 -0.0581609 -0.270951 0.0840778 0.00446606 0.0324728 0.179234 -0.294724 -0.139894 -0.0465662 -0.335079 -0.267372 -0.250119 0.137804
internal_weight=870 723 364 326 222 104 69 359 223 147 107 136 187 149 77 76 59 151 59 74 61 90 63 73
internal_count=870 723 364 326 222 104 69 359 223 147 107 136 187 149 77 76 59 151 59 74 61 90 63 73
is_linear=0
shrinkage=0.04


Tree=10
num_leaves=26
num_cat=0
split_feature=4 4 7 7 7 8 4 9 7 9 2 7 9 9 4 4 9 9 4 9 8 7 0 9 4
split_gain=8232.45 3111.31 1818.48 1303.49 1609.42 1786.42 1349.65 882.125 645.862 540.242 482.795 379.247 346.4 566.127 225.96 204.038 178.587 214.823 187.697 138.567 114.751 135.624 78.6697 69.5072 53.5329
threshold=-0.12328983792066023 2.3127876754130554 1.4375614829875671 1.1445794666770477 -0.32033061487554942 -0.63134183865453442 -0.82975231678743755 -1.2249691216824441 -1.1992766638071075 0.32043195112447598 1.0000000180025095e-35 -0.61331263118606871 -0.48586426077478684 1.1267281630237389 0.65625496634612879 0.52227070311277446 0.72358005707410744 -0.082716154825155472 -0.56178379032072889 -1.4265431746572599 1.0000000180025095e-35 -0.90629464749658817 0.74913504757291582 0.79077140806571256 -0.86629347948744329
decision_type=2 2 2 2 2 2 2 2 2 2 2 2 2 2 2 2 2 2 2 2 2 2 2 2 2
left_child=3 2 7 4 8 6 -6 19 -1 -8 -9 20 15 23 -15 -12 17 -7 22 -2 21 -10 24 -14 -19
right_child=1 -3 -4 -5 5 16 9 10 11 -11 12 -13 13 14 -16 -17 -18 18 -20 -21 -22 -23 -24 -25 -26
leaf_value=-0.18311123277011671 -0.004281048811211878 0.56201039581298828 0.33019317738711834 0.1565851153777196 -0.23552150914072989 -0.19459229938445555 -0.057744252852031164 0.25249812141541511 0.030032048813741784 0.18858368549624394 0.10327434476464988 -0.08530380559464297 0.010882945237336334 0.040529322270993831 0.1927182167607385 0.24240547895431519 -0.17468629592886337 -0.32976050721199224 -0.22453804849550643 -0.11031411080931625 -0.0099688525577741015 0.15584450352650422 -0.28154208958745003 -0.072606736375735365 -0.40296240775815906
leaf_weight=38 49 25 48 26 40 31 28 31 29 29 48 48 27 27 37 26 26 33 29 33 28 26 25 39 31
leaf_count=38 49 25 48 26 40 31 28 31 29 29 48 48 27 27 37 26 26 33 29 33 28 26 25 39 31
internal_value=-0.00534575 0.130317 0.100749 -0.11864 -0.134866 -0.1951 -0.05741 0.0660065 -0.0379234 0.0675805 0.105422 0.00419218 0.0830723 0.0437465 0.128514 0.152158 -0.271419 -0.288298 -0.312916 -0.0469529 0.0559489 0.089507 -0.341713 -0.0384519 -0.365218
internal_weight=857 390 365 467 441 272 97 317 169 57 235 131 204 130 64 74 175 149 118 82 83 55 89 66 64
internal_count=857 390 365 467 441 272 97 317 169 57 235 131 204 130 64 74 175 149 118 82 83 55 89 66 64
is_linear=0
shrinkage=0.04


Tree=11
num_leaves=25
num_cat=0
split_feature=9 9 2 8 9 9 7 9 9 9 9 9 5 7 6 6 5 5 8 1 6 6 6 8
split_gain=6857.51 2683.83 2053 1324.77 1154.26 1713.84 728.44 712.087 519.268 429.728 353.5 266.029 260.115 188.226 199.33 158.254 138.167 136.46 114.677 102.51 74.5584 37.1961 43.253 21.8191
threshold=1.0595368120321338 -0.35148155879157633 1.0000000180025095e-35 -0.63134183865453442 0.45481465310768643 1.0000000180025095e-35 -1.1992766638071075 0.79077140806571256 1.3954935669901598 -0.6874383137496024 -0.082716154825155472 -1.4265431746572599 -0.71349052288507664 -0.90629464749658817 -0.37962991198758139 -0.15225124341821353 1.0000000180025095e-35 1.0000000180025095e-35 1.0000000180025095e-35 1.0000000180025095e-35 0.075127425151154323 -0.83438724912631701 0.30250609372052223 -0.63134183865453442
decision_type=2 2 2 2 2 2 2 2 2 2 2 2 2 2 2 2 2 2 2 2 2 2 2 2
left_child=1 6 -3 4 5 -4 11 10 17 13 -5 15 -10 16 -15 -1 -8 -2 23 21 -13 -12 -23 -11
right_child=8 2 3 7 -6 -7 9 -9 12 18 19 20 -14 14 -16 -17 -18 -19 -20 -21 -22 22 -24 -25
leaf_value=0.060421558879315856 0.10936505815257197 0.14141258758467598 -0.19701853489053661 -0.15923691414497995 -0.2329575131945312 0.2068505800962448 5.3316232073923639e-05 -0.059575490989992694 0.21598341321945191 -0.016327598940941594 -0.28158550069332122 -0.1683139141649008 0.36137767240736218 0.095017782222351119 0.24914333200454714 -0.056486037359996279 0.11153804246498192 0.20908935163702286 0.061081231214382033 -0.24608999904990195 -0.076004847607442305 -0.37316957339163753 -0.30784078443751617 -0.066015194700314445
leaf_weight=32 46 37 29 37 40 40 29 31 35 31 25 28 45 29 25 44 46 42 27 40 28 31 34 26
leaf_count=32 46 37 29 37 40 40 29 31 35 31 25 28 45 29 25 44 46 42 27 40 28 31 34 26
internal_value=-0.00513192 -0.0610044 -0.140065 -0.173989 -0.0619983 0.0371085 0.0178267 -0.23564 0.224012 0.0635823 -0.268322 -0.0560062 0.297768 0.109429 0.166372 -0.00726179 0.0684306 0.156961 -0.00682568 -0.29937 -0.122159 -0.32305 -0.338998 -0.0389921
internal_weight=857 689 344 307 109 69 345 198 168 213 167 132 80 129 54 76 75 88 84 130 56 90 65 57
internal_count=857 689 344 307 109 69 345 198 168 213 167 132 80 129 54 76 75 88 84 130 56 90 65 57
is_linear=0
shrinkage=0.04


Tree=12
num_leaves=25
num_cat=0
split_feature=9 9 2 8 9 9 7 9 9 9 9 9 5 0 7 5 5 8 7 0 5 8 5 0
split_gain=6319.88 2473.42 1892.04 1220.91 1063.76 1579.47 671.33 656.26 478.557 396.037 325.785 245.173 239.722 192.841 173.469 127.335 125.762 105.686 95.7192 55.7474 42.2455 20.1085 13.6094 8.58907
threshold=1.0595368120321338 -0.35148155879157633 1.0000000180025095e-35 -0.63134183865453442 0.45481465310768643 1.0000000180025095e-35 -1.1992766638071075 0.79077140806571256 1.3954935669901598 -0.6874383137496024 -0.082716154825155472 -1.4265431746572599 -0.71349052288507664 -1.0000000180025095e-35 -0.90629464749658817 1.0000000180025095e-35 1.0000000180025095e-35 1.0000000180025095e-35 0.26563341774548938 1.0000000180025095e-35 -0.71349052288507664 -0.63134183865453442 -0.25066273765626779 1.0000000180025095e-35
decision_type=2 2 2 2 2 2 2 2 2 2 2 2 2 2 2 2 2 2 2 2 2 2 2 2
left_child=1 6 -3 4 5 -4 11 10 16 14 -5 13 -10 -1 15 -8 -2 21 22 -20 -13 -11 -12 -16
right_child=8 2 3 7 -6 -7 9 -9 12 17 18 20 -14 -15 23 -17 -18 -19 19 -21 -22 -23 -24 -25
leaf_value=-0.083738893539674814 0.10499045563780744 0.13575608133464248 -0.18913779069637432 -0.15286743792327676 -0.22363921456784008 0.19857655304670335 5.1182879713074914e-05 -0.05719247431524338 0.20734407356807164 -0.015674492774471159 -0.34701488605567382 -0.078585837614536289 0.34692256512906816 0.045913012643655139 0.14316233648703647 0.10707652027678231 0.20072577729111626 0.058637984946922017 -0.28940672292578512 -0.22013251500971176 -0.14847233653068542 -0.063374586134002764 -0.30721331711168642 0.17508979564266547
leaf_weight=31 46 37 29 37 40 40 29 31 35 31 28 25 45 45 26 46 42 27 41 34 31 26 27 28
leaf_count=31 46 37 29 37 40 40 29 31 35 31 28 25 45 45 26 46 42 27 41 34 31 26 27 28
internal_value=-0.00492665 -0.0585642 -0.134462 -0.167029 -0.0595184 0.0356241 0.0171136 -0.226214 0.215051 0.061039 -0.25759 -0.053766 0.285857 -0.00697132 0.105052 0.0656934 0.150682 -0.00655265 -0.287395 -0.258002 -0.117273 -0.0374324 -0.327476 0.159717
internal_weight=857 689 344 307 109 69 345 198 168 213 167 132 80 76 129 75 88 84 130 75 56 57 55 54
internal_count=857 689 344 307 109 69 345 198 168 213 167 132 80 76 129 75 88 84 130 75 56 57 55 54
is_linear=0
shrinkage=0.04


Tree=13
num_leaves=27
num_cat=0
split_feature=4 4 7 7 8 7 4 6 4 7 4 4 8 5 7 5 4 6 7 4 4 4 7 7 6 5
split_gain=6856.6 2798.44 1418.64 989.811 1232.31 1401.4 1152.94 1181.83 1442.92 685.285 435.879 269.716 233.616 170.737 317.709 143.677 143.195 135.611 127.031 122.586 195.737 82.4343 56.6987 37.2378 34.067 13.0993
threshold=-0.12328983792066023 2.3127876754130554 1.4375614829875671 1.1445794666770477 -0.63134183865453442 -0.32033061487554942 -0.82975231678743755 0.41619542800520609 -0.48870146492071748 -1.1992766638071075 0.75369806687947738 1.3505370576462379 1.0000000180025095e-35 1.0000000180025095e-35 -0.61331263118606871 1.0000000180025095e-35 0.071596363146036998 0.075127425151154323 0.55861543405600889 1.0338469809128548 0.38828643987942002 -1.0489992929874719 -0.32033061487554942 0.26563341774548938 -0.60700858055694906 1.0000000180025095e-35
decision_type=2 2 2 2 2 2 2 2 2 2 2 2 2 2 2 2 2 2 2 2 2 2 2 2 2 2
left_child=3 2 9 4 6 13 21 8 -8 19 12 25 16 -6 -15 18 -11 -14 23 20 -2 -1 -18 -7 -17 -12
right_child=1 -3 -4 -5 5 15 7 -9 -10 10 11 -13 17 14 -16 24 22 -19 -20 -21 -22 -23 -24 -25 -26 -27
leaf_value=-0.24114744081497194 0.0083172731846570969 0.52849190273284907 0.29369216452042263 0.13170960096212533 -0.12075433090675709 -0.32101974930874139 0.30934093053276474 -0.14486822134918637 -0.051628013089408772 0.094523678514441212 0.24942786401510242 0.072065156433317401 0.051577625870704649 0.061358756741715807 -0.11654334632872507 -0.15492768553587108 -0.052843088796061859 0.1737263875838482 -0.20911430861891769 0.034557937869319211 -0.13758524398649893 -0.13941898873219125 0.020956150359577604 -0.26628512137645 -0.21851314723491669 0.20848014008998872
leaf_weight=25 28 25 48 26 43 43 37 36 34 28 25 27 26 36 29 26 31 33 41 27 31 26 36 37 28 25
leaf_count=25 28 25 48 26 43 43 37 36 34 28 25 27 26 36 29 26 31 33 41 27 31 26 36 37 28 25
internal_value=-0.00472958 0.119079 0.0910368 -0.108124 -0.122264 -0.172226 -0.0327758 0.0418225 0.136483 0.0603508 0.0962355 0.173941 0.0573827 -0.0589192 -0.018013 -0.242152 0.0185574 0.119898 -0.266364 -0.0360371 -0.0683434 -0.189286 -0.0131898 -0.295705 -0.187898 0.228954
internal_weight=857 390 365 467 441 283 158 107 71 317 231 77 154 108 65 175 95 59 121 86 59 51 67 80 54 50
internal_count=857 390 365 467 441 283 158 107 71 317 231 77 154 108 65 175 95 59 121 86 59 51 67 80 54 50
is_linear=0
shrinkage=0.04


Tree=14
num_leaves=25
num_cat=0
split_feature=4 4 7 7 7 4 6 6 9 7 2 9 9 7 9 0 6 4 4 9 0 6 4 7
split_gain=6319.04 2579.04 1307.42 912.21 1124.49 669.902 713.674 1003.95 650.4 538.283 404.679 319.283 396.909 292.746 250.896 212.678 348.31 198.489 184.538 109.115 98.1069 97.4951 48.1058 9.79536
threshold=-0.12328983792066023 2.3127876754130554 1.4375614829875671 1.1445794666770477 -0.32033061487554942 -0.96373658002079188 0.52988476228989012 -0.15225124341821353 -1.2249691216824441 -1.1992766638071075 1.0000000180025095e-35 -0.48586426077478684 1.1267281630237389 -0.61331263118606871 0.52200600409929165 -1.0000000180025095e-35 -1.0617659176956848 0.65625496634612879 0.52227070311277446 -1.4265431746572599 1.0000000180025095e-35 0.30250609372052223 -1.0855404556874777 0.26563341774548938
decision_type=2 2 2 2 2 2 2 2 2 2 2 2 2 2 2 2 2 2 2 2 2 2 2 2
left_child=3 2 8 4 9 22 7 15 19 -1 -10 18 21 20 -8 -7 -17 -14 -12 -2 -11 -13 23 -6
right_child=1 -3 -4 -5 5 6 14 -9 10 13 11 12 17 -15 -16 16 -18 -19 -20 -21 -22 -23 -24 -25
leaf_value=-0.16888647179854543 -0.0011913564983679324 0.50735222787857059 0.2819444826742013 0.12644121387830148 -0.22905988986675557 -0.2132823305013703 -0.30427917380081981 0.10092156448879758 0.22643448187458901 0.011355041919314132 0.091157095848272238 -0.081015034896986832 0.02207867074895788 -0.076522366702556618 -0.14111867623329163 -0.20319063100814819 -0.0010314976101120314 0.16471661761000347 0.22347290057402391 -0.095283782175092993 0.099787414380732714 0.016396066334939771 -0.31398416624069214 -0.26412689208984375
leaf_weight=38 49 25 48 26 26 41 38 37 31 49 48 35 27 48 25 25 30 37 26 33 34 31 25 25
leaf_count=38 49 25 48 26 26 41 38 37 31 49 48 35 27 48 25 25 30 37 26 33 34 31 25 25
internal_value=-0.0045404 0.114316 0.0873953 -0.103799 -0.117373 -0.167721 -0.128631 -0.0760992 0.0579368 -0.0363408 0.0917817 0.0713197 0.0335645 0.0021076 -0.239533 -0.144326 -0.092922 0.104541 0.137646 -0.0390578 0.0475804 -0.0352613 -0.268531 -0.24625
internal_weight=857 390 365 467 441 272 196 133 317 169 235 204 130 131 63 96 55 64 74 82 83 66 76 51
internal_count=857 390 365 467 441 272 196 133 317 169 235 204 130 131 63 96 55 64 74 82 83 66 76 51
is_linear=0
shrinkage=0.04


Tree=15
num_leaves=25
num_cat=0
split_feature=4 7 7 7 2 7 8 6 6 7 6 7 4 4 7 7 6 8 4 6 5 6 6 4
split_gain=5385.47 2142.69 1675.18 1314.77 1115.31 701.828 601.775 871.849 524.005 507.809 306.418 265.825 215.636 202.693 167.848 166.375 142.929 117.895 108.684 81.7359 65.3425 62.9887 150.484 0.140589
threshold=0.010694425312694102 1.1445794666770477 1.4375614829875671 -0.32033061487554942 1.0000000180025095e-35 -1.1992766638071075 -0.63134183865453442 0.075127425151154323 -0.94807658341100087 -1.1992766638071075 -1.2891445862650526 -0.61331263118606871 1.6672271343796206 1.0338469809128548 1.0000000180025095e-35 -0.61331263118606871 -0.72069791484163315 1.0000000180025095e-35 -1.0002777427207976 0.75726343085925796 -0.25066273765626779 -0.83438724912631701 0.30250609372052223 -0.39125836438736888
decision_type=2 2 2 2 2 2 2 2 2 2 2 2 2 2 2 2 2 2 2 2 2 2 2 2
left_child=1 3 4 5 -2 -1 7 8 -5 13 -8 -11 16 -6 -12 21 -13 -18 -16 20 -20 -7 -23 -17
right_child=2 -3 -4 6 9 15 10 -9 -10 11 14 12 -14 -15 18 23 17 -19 19 -21 -22 22 -24 -25
leaf_value=-0.16155174248244453 0.31088931898916922 0.18623310422481493 0.34235860510293314 -0.10407427760270926 -0.08821157094268571 0.099862629404025419 -0.068026861190795901 -0.21737290801071538 0.14322540815020429 0.17335341239462093 -0.14756877638754393 0.11833869704833397 0.16873392765522002 0.042124934945787701 -0.29864652315775553 -0.038651464366912844 -0.032590186216614463 0.069252625742266261 -0.24785373520851134 -0.27580278962850574 -0.1681041178231438 -0.046440492318226737 0.077794019069809178 -0.042893566846847531
leaf_weight=46 31 43 47 26 42 28 25 41 29 49 42 26 25 35 36 25 44 31 25 28 48 26 39 25
leaf_count=46 31 43 47 26 42 28 25 41 29 49 42 26 25 35 36 25 44 31 25 28 48 26 39 25
internal_value=-0.00573249 -0.0844768 0.121213 -0.108282 0.0844855 -0.0256473 -0.160341 -0.0777571 0.0263201 0.0566342 -0.199204 0.0942991 0.0635557 -0.0289677 -0.217525 0.0180702 0.0375215 0.00950484 -0.238971 -0.217701 -0.195416 0.0497061 0.0281002 -0.0407725
internal_weight=862 532 330 489 283 189 300 96 55 252 204 175 126 77 179 143 101 75 137 101 73 93 65 50
internal_count=862 532 330 489 283 189 300 96 55 252 204 175 126 77 179 143 101 75 137 101 73 93 65 50
is_linear=0
shrinkage=0.04


Tree=16
num_leaves=26
num_cat=0
split_feature=7 4 7 3 9 7 5 8 6 6 8 7 4 6 6 9 0 0 7 9 0 4 5 9 4
split_gain=4985.87 2927.01 1211.69 790.028 662.734 646.805 616.744 554.596 813.833 431.821 365.665 344.041 297.943 282.395 233.005 177.815 174.234 164.696 184.214 226.736 84.9629 89.5064 79.3923 71.1827 36.6144
threshold=1.1445794666770477 0.010694425312694102 -0.32033061487554942 1.0000000180025095e-35 1.4626849179817649 -1.1992766638071075 1.0000000180025095e-35 -0.63134183865453442 0.52988476228989012 -0.37962991198758139 1.0000000180025095e-35 -0.61331263118606871 0.64407457877946017 -1.2891445862650526 0.75726343085925796 -0.55305561176639195 -1.0000000180025095e-35 -0.7491350475729156 1.0000000180025095e-35 0.25324060013287075 1.0000000180025095e-35 -0.51306224005405465 -0.25066273765626779 0.6563887060825021 -0.70794844112075184
decision_type=2 2 2 2 2 2 2 2 2 2 2 2 2 2 2 2 2 2 2 2 2 2 2 2 2
left_child=1 2 5 6 10 -1 14 8 9 -4 22 -8 -6 -9 16 20 -3 24 -19 -20 21 -7 -2 -21 -15
right_child=4 3 7 -5 12 15 11 13 -10 -11 -12 -13 -14 17 -16 -17 -18 18 19 23 -22 -23 -24 -25 -26
leaf_value=-0.15508967323755118 0.11580217953081486 -0.056660780563498991 -0.07602145543185676 0.25729476705674204 0.23561268530240875 -0.03698819219514176 0.20665454572439196 -0.065305790138244627 -0.24739104747772217 0.13490057907104494 0.24968238971851492 0.045427301751242752 0.4108138074874878 -0.30417226457595825 -0.11485928412406676 -0.050673470625350645 0.062735714899996922 -0.1014905071631074 -0.29924594722688197 -0.20724119727952139 0.093691822541387457 0.059943750944387704 0.016878813549876213 -0.12249815602240892 -0.23637468003309689
leaf_weight=46 27 33 41 31 41 27 40 25 30 25 27 45 25 25 31 43 48 32 32 35 38 35 25 29 26
leaf_count=46 27 33 41 31 41 27 40 25 30 25 27 45 25 25 31 43 48 32 32 35 38 35 25 29 26
internal_value=-0.00550319 -0.0487647 -0.10395 0.0695939 0.208417 -0.0246214 0.0400573 -0.153927 -0.0746468 0.00387325 0.130254 0.121299 0.301977 -0.191236 -0.0215994 0.0173474 0.0140927 -0.208824 -0.184605 -0.21231 0.0465964 0.0177315 0.0682429 -0.168842 -0.269609
internal_weight=862 717 489 228 145 189 197 300 96 66 79 85 66 204 112 143 81 179 128 96 100 62 52 64 51
internal_count=862 717 489 228 145 189 197 300 96 66 79 85 66 204 112 143 81 179 128 96 100 62 52 64 51
is_linear=0
shrinkage=0.04


Tree=17
num_leaves=26
num_cat=0
split_feature=7 4 7 2 7 5 7 8 6 6 7 4 6 6 4 0 0 7 7 7 0 6 4 4 0
split_gain=4594.98 2697.54 1116.69 806.681 596.096 579.828 565.517 511.116 770.192 466.495 317.068 309.649 260.255 223.684 179.823 160.574 151.784 169.772 142.154 141.202 104.218 99.7703 65.6447 33.7438 14.0273
threshold=1.1445794666770477 0.010694425312694102 -0.32033061487554942 1.0000000180025095e-35 -1.1992766638071075 1.0000000180025095e-35 1.4375614829875671 -0.63134183865453442 0.075127425151154323 -0.94807658341100087 -0.61331263118606871 0.60144322229612024 -1.2891445862650526 0.75726343085925796 1.0338469809128548 -1.0000000180025095e-35 -0.7491350475729156 1.0000000180025095e-35 -0.61331263118606871 0.26563341774548938 1.0000000180025095e-35 0.18881675943583826 -0.51306224005405465 -0.70794844112075184 -1.0000000180025095e-35
decision_type=2 2 2 2 2 2 2 2 2 2 2 2 2 2 2 2 2 2 2 2 2 2 2 2 2
left_child=1 2 4 -3 -1 13 14 8 9 -4 -7 -8 -9 15 -2 -5 23 -18 20 -19 22 -21 -6 -14 -20
right_child=6 3 7 5 18 10 11 12 -10 -11 -12 -13 16 -15 -16 -17 17 19 24 21 -22 -23 -24 -25 -26
leaf_value=-0.14888608696668043 0.070527605639563673 0.26010288429260253 -0.096870448497625508 -0.054394351731647139 -0.034207425853953914 0.19838836765289308 0.2081758600473404 -0.062693556785583499 -0.20288499239014418 0.13646427413512921 0.043610209319326618 0.37322693936947376 -0.29200537309646607 -0.11138145975768567 0.2043273300409317 0.06022628616541624 -0.09743088595569134 -0.2708458126945929 -0.016550912332534792 -0.12221859364825136 0.10040519518511636 -0.22321187130336104 0.051360729578882457 -0.22691969431363621 -0.058924252322316177
leaf_weight=46 45 30 26 33 26 40 44 25 41 29 45 31 25 32 25 48 32 33 25 34 35 29 32 26 25
leaf_count=46 45 30 26 33 26 40 44 25 41 29 45 31 25 32 25 48 32 33 25 34 35 29 32 26 25
internal_value=-0.00528306 -0.0468141 -0.0997923 0.0668102 -0.0236365 0.0375234 0.200081 -0.14777 -0.071661 0.0261606 0.116447 0.276397 -0.183587 -0.0218439 0.118313 0.013529 -0.200471 -0.177221 0.0166535 -0.203818 0.045896 -0.168708 0.0130026 -0.258824 -0.0377376
internal_weight=862 717 489 228 189 198 145 300 96 55 85 75 204 113 70 81 179 128 143 96 93 63 58 51 50
internal_count=862 717 489 228 189 198 145 300 96 55 85 75 204 113 70 81 179 128 143 96 93 63 58 51 50
is_linear=0
shrinkage=0.04


Tree=18
num_leaves=26
num_cat=0
split_feature=4 9 9 9 2 9 6 9 0 4 4 6 4 9 5 9 4 4 9 6 9 6 0 6 6
split_gain=4219.59 1723.83 1239.82 942.506 923.445 471.162 383.138 370.312 364.001 542.545 344.008 299.545 331.681 249.098 237.861 263.336 202.044 169.082 209.182 150.762 144.109 92.6519 218.826 81.3629 138.152
threshold=0.010694425312694102 1.2611108650069494 1.3954935669901598 -0.35148155879157633 1.0000000180025095e-35 -1.157777770690839 0.075127425151154323 1.0000000180025095e-35 -1.0000000180025095e-35 -0.69576805355408322 -0.53742301518739166 -0.72069791484163315 0.80241961714615162 -0.082716154825155472 1.0000000180025095e-35 -0.55305561176639195 0.87550194254616309 -0.58614456545406601 0.3876233021160812 -0.60700858055694906 -0.55305561176639195 0.87095276514394182 -1.0000000180025095e-35 -0.83438724912631701 0.30250609372052223
decision_type=2 2 2 2 2 2 2 2 2 2 2 2 2 2 2 2 2 2 2 2 2 2 2 2 2
left_child=1 3 4 5 -2 19 7 -5 9 -9 -10 12 -6 -8 21 -16 -4 18 -15 -1 23 22 -13 -7 -25
right_child=2 -3 16 6 11 20 13 8 10 -11 -12 14 -14 17 15 -17 -18 -19 -20 -21 -22 -23 -24 24 -26
leaf_value=-0.04960240620833177 0.27783963203430179 0.19249059183730019 0.2080638691584269 -0.19602121276325651 0.029677548141315065 0.10721014348360208 -0.074509945970315197 -0.24075111191062365 0.067387978421016181 -0.0005796886373449255 -0.11613063321663784 -0.079313663737527254 0.22098701551042754 -0.2519944912038351 0.1647698620057875 0.014582902801797746 0.3604093330181562 -0.29508811290921838 -0.12453777136074173 -0.18225065073062635 -0.047137148256103205 -0.074558849036693575 0.06098783914161765 -0.047935254344573387 0.071100242076775969
leaf_weight=26 31 36 30 45 29 26 26 34 44 27 26 29 29 38 31 47 26 29 45 29 36 32 46 26 39
leaf_count=26 31 36 30 45 29 26 26 34 44 27 26 29 29 38 31 47 26 29 45 29 36 32 46 26 39
internal_value=-0.00507174 -0.0747734 0.107296 -0.0941715 0.0722446 -0.0217462 -0.136151 -0.0970254 -0.0630192 -0.134446 -0.000776077 0.0460164 0.125332 -0.186049 0.0211499 0.0742726 0.278796 -0.211942 -0.182891 -0.119544 0.0206072 -0.0175751 0.00673792 0.0474072 0.023486
internal_weight=862 532 330 496 274 182 314 176 131 61 70 243 58 138 185 78 56 112 83 55 127 107 75 91 65
internal_count=862 532 330 496 274 182 314 176 131 61 70 243 58 138 185 78 56 112 83 55 127 107 75 91 65
is_linear=0
shrinkage=0.04


Tree=19
num_leaves=26
num_cat=0
split_feature=4 9 9 9 2 9 6 6 5 6 4 9 5 9 4 0 9 4 9 6 9 6 0 6 6
split_gain=3888.78 1592.17 1142.62 892.894 851.047 434.223 330.681 375.999 300.235 276.061 305.677 229.569 219.213 242.69 188.255 182.762 282.967 155.826 192.782 138.942 132.811 85.3879 201.67 74.984 127.321
threshold=0.010694425312694102 1.193919514015344 1.3954935669901598 -0.35148155879157633 1.0000000180025095e-35 -1.157777770690839 0.075127425151154323 -0.26594057770289742 -0.25066273765626779 -0.72069791484163315 0.80241961714615162 -0.082716154825155472 1.0000000180025095e-35 -0.55305561176639195 0.71715690417947164 -1.0000000180025095e-35 0.32043195112447598 -0.58614456545406601 0.3876233021160812 -0.60700858055694906 -0.55305561176639195 0.87095276514394182 -1.0000000180025095e-35 -0.83438724912631701 0.30250609372052223
decision_type=2 2 2 2 2 2 2 2 2 2 2 2 2 2 2 2 2 2 2 2 2 2 2 2 2
left_child=1 3 4 5 -2 19 7 8 -5 10 -6 -8 21 -14 -4 -10 -17 18 -13 -1 23 22 -11 -7 -25
right_child=2 -3 14 6 9 20 11 -9 15 12 -12 17 13 -15 -16 16 -18 -19 -20 -21 -22 -23 -24 24 -26
leaf_value=-0.047618309121865494 0.26672604407033612 0.17424861831542773 0.18886430905415463 -0.029951602090627718 0.02849044748421373 0.10292173718030637 -0.071529544270955606 0.025873650167927597 -0.21829266999630217 -0.076141117523456439 0.21214753693547742 -0.24191471500083264 0.15817906702718426 0.013999587246712217 0.33591948302586871 -0.19865295833774976 -0.01539659442809912 -0.28328458929884021 -0.11955626167191399 -0.17496062488391481 -0.045251661406622991 -0.071576494425535209 0.05854832477219727 -0.046017844069462556 0.068256232589483268
leaf_weight=26 31 39 26 39 29 26 26 33 47 29 29 38 31 47 30 28 26 29 45 29 36 32 46 26 39
leaf_count=26 31 39 26 39 29 26 26 33 47 29 29 38 31 47 30 28 26 29 45 29 36 32 46 26 39
internal_value=-0.00486887 -0.0717824 0.103004 -0.0912453 0.0693548 -0.0208764 -0.132426 -0.0955875 -0.124218 0.0441758 0.120319 -0.178607 0.0203039 0.0713017 0.267644 -0.160617 -0.110418 -0.203465 -0.175576 -0.114762 0.0197829 -0.0168721 0.00646841 0.0455109 0.0225466
internal_weight=862 532 330 493 274 182 311 173 140 243 58 138 185 78 56 101 54 112 83 55 127 107 75 91 65
internal_count=862 532 330 493 274 182 311 173 140 243 58 138 185 78 56 101 54 112 83 55 127 107 75 91 65
is_linear=0
shrinkage=0.04


Tree=20
num_leaves=26
num_cat=0
split_feature=2 9 4 9 6 6 9 9 5 6 6 5 6 0 9 4 9 6 9 9 5 4 6 9 4
split_gain=3157.39 2507.43 1200.65 488.961 409.886 586.004 407.956 447.045 391.86 308.489 484.375 1135.81 521.341 265.669 243.757 182.189 158.16 156.878 149.453 222.01 121.768 120.233 93.2213 62.8112 10.5754
threshold=-2.9592882694284057 1.2611108650069494 -0.34253681412069453 -0.62024696275799729 -0.72069791484163315 -0.94807658341100087 -0.21709885680836591 -0.82182101573281285 -0.25066273765626779 -1.1754552519803687 0.18881675943583826 -0.25066273765626779 -0.37962991198758139 -0.7491350475729156 1.4626849179817649 0.75369806687947738 -1.5609258766404703 0.75726343085925796 -0.082716154825155472 0.18604924914126547 -0.25066273765626779 0.5709922533794487 0.18881675943583826 0.051666547158054986 0.40046682744608858
decision_type=2 2 2 2 2 2 2 2 2 2 2 2 2 2 2 2 2 2 2 2 2 2 2 2 2
left_child=-1 2 3 8 5 15 7 16 -2 -5 11 -11 23 -3 -15 -4 -6 -9 -12 -20 -21 -8 -18 -13 -24
right_child=1 13 4 9 6 -7 21 17 -10 10 18 12 -14 14 -16 -17 22 -19 19 20 -22 -23 24 -25 -26
leaf_value=0.41584319752608906 -0.10241277351523892 0.26011813212843504 -0.022008283531412168 -0.21451737491095937 0.059160679899729215 0.25066386852264405 -0.14651592720920842 0.17289020109176637 0.080836075592872716 0.16543093875050546 -0.076088461116436981 -0.14738912868499757 0.010193620233824759 0.049756855120261512 0.19160045601072767 0.098535716669900075 -0.11336268582514354 0.042421059032966356 -0.27649090189200182 -0.086055100384880512 -0.19661960816383364 -0.039048406794186565 -0.039884781334549188 -0.23537809334419393 -0.0055400666823753946
leaf_weight=29 33 34 47 41 26 25 36 30 43 32 31 25 33 36 42 35 28 29 26 34 30 31 32 27 26
leaf_count=29 33 34 47 41 26 25 36 30 43 32 31 25 33 36 42 35 28 29 26 34 30 31 32 27 26
internal_value=0.00572865 -0.0089183 -0.0370345 -0.0886778 0.0161057 0.0811304 -0.0131281 0.0196525 0.0012675 -0.113179 -0.0957215 -0.0376902 -0.114159 0.166808 0.126134 0.0294434 -0.0272887 0.108761 -0.151834 -0.177925 -0.137882 -0.0967921 -0.0534245 -0.193076 -0.0244889
internal_weight=841 812 700 355 345 107 238 171 76 279 238 117 85 112 78 82 112 59 121 90 64 67 86 52 58
internal_count=841 812 700 355 345 107 238 171 76 279 238 117 85 112 78 82 112 59 121 90 64 67 86 52 58
is_linear=0
shrinkage=0.04


Tree=21
num_leaves=26
num_cat=0
split_feature=7 2 7 0 4 9 9 4 4 9 4 9 9 0 9 4 4 4 4 0 9 7 0 4 4
split_gain=3170.93 1638.81 1182.34 635.484 430.935 332.733 614.024 565.061 395.848 295.476 391.915 439.65 286.133 270.064 241.654 232.196 554.433 211.747 115.626 193.981 90.6192 77.5679 37.082 33.7302 10.898
threshold=1.1445794666770477 -1.6916913147484629 -0.32033061487554942 -0.7491350475729156 -0.69576805355408322 1.0000000180025095e-35 0.45481465310768643 -0.51306224005405465 -0.11110945035399165 -1.2249691216824441 -0.22073293845400885 -0.6874383137496024 1.4626849179817649 -0.7491350475729156 -1.4265431746572599 -1.1342620059541517 -0.93937580488745476 0.14467868854604846 -0.050207512520648777 -1.0000000180025095e-35 -0.75462966474120774 -0.90629464749658817 1.0000000180025095e-35 0.65625496634612879 0.38828643987942002
decision_type=2 2 2 2 2 2 2 2 2 2 2 2 2 2 2 2 2 2 2 2 2 2 2 2 2
left_child=1 -1 9 -2 13 -6 7 -7 -8 14 11 21 23 -4 17 -15 -17 -3 -12 -20 -21 -11 -10 -5 -16
right_child=3 2 4 12 5 6 8 -9 22 10 18 -13 -14 15 24 16 -18 -19 19 20 -22 -23 -24 -25 -26
leaf_value=0.27620318929354354 0.31349650681018831 -0.071920282686910322 -0.22696517038345337 0.037678499301274621 -0.16434993489299501 0.22040937588661907 -0.18760416175189773 -0.043501577289016158 0.011899571354900088 0.015210964779059094 0.16541311343510945 -0.10577243765934985 0.203310266521781 -0.19651314987855797 -0.085763059722052684 0.069790993460587092 -0.15691377422544692 0.063938555611504452 0.15456439426967078 -0.030899665260314943 0.074786933086536542 0.10866455154700411 -0.052636256135743242 0.098722617913569732 -0.12241384525299072
leaf_weight=27 40 31 45 30 35 25 38 27 28 30 27 47 43 34 27 28 45 45 28 25 27 27 29 28 25
leaf_count=27 40 31 45 30 35 25 38 27 28 30 27 47 43 34 27 28 45 45 28 25 27 27 29 28 25
internal_value=0.00549951 -0.0293596 -0.0416184 0.178559 -0.0950318 -0.0535098 -0.0271193 0.0833787 -0.0876023 0.0110072 0.0400933 -0.0152022 0.125118 -0.144749 -0.0369394 -0.110172 -0.0699585 0.00852245 0.0938384 0.069682 0.0239761 0.0594785 -0.0209344 0.0671481 -0.103384
internal_weight=841 700 673 141 334 182 147 52 95 339 211 104 101 152 128 107 73 76 107 80 52 57 57 58 52
internal_count=841 700 673 141 334 182 147 52 95 339 211 104 101 152 128 107 73 76 107 80 52 57 57 58 52
is_linear=0
shrinkage=0.04


Tree=22
num_leaves=25
num_cat=0
split_feature=7 2 7 0 6 4 6 0 9 7 4 9 9 0 6 9 4 7 9 4 4 6 6 4
split_gain=2922.33 1510.32 1089.64 585.662 416.62 789.323 531.836 277.015 272.311 365.779 358.155 263.7 222.709 210.95 186.515 347.587 163.737 248.537 113.108 34.6977 31.0858 21.5646 51.2203 10.0436
threshold=1.1445794666770477 -1.6916913147484629 -0.32033061487554942 -0.7491350475729156 0.18881675943583826 -0.69576805355408322 -0.26594057770289742 -1.0000000180025095e-35 -1.2249691216824441 -0.61331263118606871 -0.26945448872068306 1.4626849179817649 -1.4265431746572599 -1.0000000180025095e-35 -0.83438724912631701 -0.75462966474120774 0.21167082016272562 0.26563341774548938 0.18604924914126547 -0.050207512520648777 0.65625496634612879 0.64357409657457409 1.0983314337133099 0.38828643987942002
decision_type=2 2 2 2 2 2 2 2 2 2 2 2 2 2 2 2 2 2 2 2 2 2 2 2
left_child=1 -1 8 -2 5 7 16 -4 12 14 -11 20 13 -3 -10 19 17 -7 -6 -16 -5 -20 -23 -14
right_child=3 2 4 11 18 6 -8 -9 9 10 -12 -13 23 -15 15 -17 -18 -19 21 -21 -22 22 -24 -25
leaf_value=0.26515506267547606 0.30095664086379109 -0.06996218509972095 -0.22511389042201796 0.03617135993639628 -0.19498219122057375 0.0064686363538106282 0.16824576028755733 -0.079171770344609801 0.15512183163617108 -0.12528712197286743 0.047048379463511848 0.19517785565797674 -0.08233253795791555 0.065013360001824116 0.026051235472162565 0.16510380738768085 0.051134870487451557 -0.16249847506101314 -0.087521755145146291 -0.031680675552737333 0.0947737125560109 -0.17598706941604614 -0.10428870298645712 -0.11751729221343996
leaf_weight=27 40 32 38 30 46 30 28 46 37 35 43 43 27 44 36 29 25 26 26 31 28 25 44 25
leaf_count=27 40 32 38 30 46 30 28 46 37 35 43 43 27 44 36 29 25 26 26 31 28 25 44 25
internal_value=0.00527953 -0.0281852 -0.0399537 0.171416 -0.0912305 -0.053046 0.0179665 -0.145193 0.0105669 0.0384895 -0.0302817 0.120113 -0.0354618 0.00818155 0.0788215 0.0494141 -0.0339818 -0.0719804 -0.143497 -0.000660544 0.0644622 -0.118568 -0.130266 -0.0992483
internal_weight=841 700 673 141 334 193 109 84 339 211 78 101 128 76 133 96 81 56 141 67 58 95 69 52
internal_count=841 700 673 141 334 193 109 84 339 211 78 101 128 76 133 96 81 56 141 67 58 95 69 52
is_linear=0
shrinkage=0.04


Tree=23
num_leaves=26
num_cat=0
split_feature=2 9 4 9 6 6 9 9 5 6 9 9 9 6 0 9 9 4 9 4 4 6 6 6 4
split_gain=2614 1911.4 950.996 361.231 356.378 547.188 347.418 330.764 330.64 291.807 454.011 1314.93 705.374 355.331 195.128 190.331 177.603 165.95 129.004 128.292 107.907 102.229 79.3655 73.2809 10.3386
threshold=-2.9592882694284057 1.2611108650069494 -0.34253681412069453 -0.62024696275799729 -0.72069791484163315 -0.94807658341100087 -0.14990750581676068 -0.82182101573281285 -0.25066273765626779 -1.1754552519803687 0.45481465310768643 0.32043195112447598 0.11885789814966023 -0.60700858055694906 -0.7491350475729156 1.4626849179817649 -0.55305561176639195 0.75369806687947738 -1.5609258766404703 0.5709922533794487 -0.62268572815407175 0.64357409657457409 0.18881675943583826 0.87095276514394182 0.40046682744608858
decision_type=2 2 2 2 2 2 2 2 2 2 2 2 2 2 2 2 2 2 2 2 2 2 2 2 2
left_child=-1 2 3 8 5 17 7 18 -2 -5 11 12 13 -11 -3 -16 -9 -4 -6 -8 21 -15 -20 -12 -24
right_child=1 14 4 9 6 -7 19 16 -10 10 23 -13 -14 20 15 -17 -18 -19 22 -21 -22 -23 24 -25 -26
leaf_value=0.37822743366504541 -0.096696311524420084 0.2251352802444907 -0.02393192653009232 -0.19838813386312346 0.053056288820046649 0.23894155168533324 -0.14950000450015069 0.15998629266023637 0.071630408938887516 0.083997824287414549 -0.19352643526330288 0.20388205471847737 -0.26478474570858868 -0.16987009716033935 0.042818478917082146 0.16815746822527478 0.025512273907661438 0.091114421912602009 -0.10392812897052084 -0.035324335535687784 -0.019862374329566956 -0.060348915481567386 -0.037147309337742629 -0.10936693468093872 -0.003189180906002338
leaf_weight=29 33 34 47 41 26 25 32 30 43 25 49 28 31 30 36 42 33 35 28 31 25 25 32 25 26
leaf_count=29 33 34 47 41 26 25 32 30 43 25 49 28 31 30 36 42 33 35 28 31 25 25 32 25 26
internal_value=0.00506834 -0.00825877 -0.0328069 -0.0787685 0.014487 0.0751191 -0.0127719 0.0162248 -0.00145882 -0.0998278 -0.0828489 -0.0457382 -0.0971306 -0.0476328 0.145167 0.110309 0.0895475 0.0251732 -0.0250193 -0.0933183 -0.0887673 -0.120088 -0.0486235 -0.165094 -0.0219247
internal_weight=841 812 700 355 345 107 238 175 76 279 238 164 136 105 112 78 63 82 112 63 80 55 86 74 58
internal_count=841 812 700 355 345 107 238 175 76 279 238 164 136 105 112 78 63 82 112 63 80 55 86 74 58
is_linear=0
shrinkage=0.04


Tree=24
num_leaves=24
num_cat=0
split_feature=7 3 7 8 9 9 0 9 9 9 7 9 0 6 9 7 9 6 6 6 6 6 5
split_gain=2525.1 822.952 1040.53 845.791 1012.8 2098.64 511.284 329.076 222.101 221.53 321.31 215.724 185.515 174.117 302.156 115.488 150.407 50.7449 47.6536 25.6457 21.7182 7.70923 7.37146
threshold=1.1445794666770477 1.0000000180025095e-35 -0.32033061487554942 -0.63134183865453442 0.45481465310768643 1.0000000180025095e-35 -0.7491350475729156 0.92515411004892301 1.4626849179817649 -1.2249691216824441 -0.61331263118606871 -1.4265431746572599 -1.0000000180025095e-35 -0.83438724912631701 -0.75462966474120774 1.0000000180025095e-35 0.18604924914126547 0.18881675943583826 -0.26594057770289742 0.64357409657457409 -0.37962991198758139 1.0000000180025095e-35 -0.25066273765626779
decision_type=2 2 2 2 2 2 2 2 2 2 2 2 2 2 2 2 2 2 2 2 2 2 2
left_child=1 2 9 4 5 -4 -2 15 20 11 13 12 -1 -11 19 -5 -17 -12 -18 -15 -8 -13 -20
right_child=6 -3 3 7 -6 -7 8 -9 -10 10 17 21 -14 14 -16 16 18 -19 22 -21 -22 -23 -24
leaf_value=-0.061245833519966375 0.28033402756601572 0.13184334370554709 -0.15568091578284901 -0.10546184147728814 -0.15728894457584475 0.29185844451189041 0.086518063103711157 -0.024336959698566182 0.18025361727489983 0.14734463131105577 -0.059281477942699341 -0.10903622285677837 0.067758988624527339 -0.021183966747144373 0.15307516412488345 -0.2492440703180101 -0.18843410607841279 0.0053301216943843948 -0.11377198555148565 0.029599924846910514 0.037447214568814925 -0.078233158748905865 -0.14310336602145227
leaf_weight=31 40 49 30 45 41 38 27 34 43 37 41 26 42 41 29 36 36 37 26 26 31 26 29
leaf_count=31 40 49 30 45 41 38 27 34 43 37 41 26 42 41 29 36 36 37 26 26 31 26 29
internal_value=0.00486561 -0.0262416 -0.0381405 -0.0903694 -0.000262874 0.0944146 0.159299 -0.138047 0.111364 0.0108241 0.035823 -0.031374 0.0129761 0.073624 0.0452108 -0.160525 -0.180035 -0.0286324 -0.152656 -0.00147678 0.0602905 -0.0936347 -0.129238
internal_weight=841 700 651 315 109 68 141 206 101 336 211 125 73 133 96 172 127 78 91 67 58 52 55
internal_count=841 700 651 315 109 68 141 206 101 336 211 125 73 133 96 172 127 78 91 67 58 52 55
is_linear=0
shrinkage=0.04


Tree=25
num_leaves=26
num_cat=0
split_feature=9 9 2 8 9 9 6 0 9 9 6 7 0 6 6 9 6 9 7 8 6 0 7 6 8
split_gain=3114.55 685.511 670.736 676.545 661.391 1372.91 283.155 280.642 268.345 185.257 163.348 161.295 271.167 172.506 151.384 211.641 99.9715 195.296 166.893 80.0865 109.129 75.1409 80.4418 28.8368 27.425
threshold=0.99234546104052834 -0.55305561176639195 1.0000000180025095e-35 -0.63134183865453442 0.45481465310768643 1.0000000180025095e-35 -0.83438724912631701 0.74913504757291582 -0.28429020779997111 -1.0233950687076285 -0.15225124341821353 -1.1992766638071075 -1.0000000180025095e-35 -0.83438724912631701 0.98464209942862591 1.5298762689733703 0.64357409657457409 0.72358005707410744 1.0000000180025095e-35 1.0000000180025095e-35 -0.15225124341821353 -1.0000000180025095e-35 0.26563341774548938 1.0000000180025095e-35 1.0000000180025095e-35
decision_type=2 2 2 2 2 2 2 2 2 2 2 2 2 2 2 2 2 2 2 2 2 2 2 2 2
left_child=1 7 -3 4 5 8 -2 11 -4 10 -9 19 13 -13 15 23 17 21 -18 20 -1 24 -23 -8 -5
right_child=6 2 3 16 -6 -7 14 9 -10 -11 -12 12 -14 -15 -16 -17 18 -19 -20 -21 -22 22 -24 -25 -26
leaf_value=-0.017221709298236031 0.23521112715089043 0.089722764556472365 0.006022981817905719 -0.17513530805193145 -0.15834022548463611 0.2392012678895678 0.018390707397460938 0.095663697719573976 -0.1757106308753674 0.14661684133112432 -0.048934043598175048 0.15107911829948426 -0.056579929664731028 0.020539628082643386 0.17954748329908951 0.1731546092714582 -0.02001509032646815 -0.045853277662396427 -0.14775867617844293 -0.0047752098739147191 -0.12072568789793131 -0.17253972118099531 -0.086236123155664507 0.071762758661871373 -0.23063529167856492
leaf_weight=28 43 37 26 29 36 35 25 25 26 32 25 25 48 46 46 35 30 25 36 38 39 48 27 46 28
leaf_count=28 43 37 26 29 36 35 25 25 26 32 25 25 48 46 46 35 30 25 36 38 39 48 27 46 28
internal_value=0.00345597 -0.0364869 -0.07215 -0.08946 -0.014147 0.0455191 0.144587 0.00815025 -0.0848438 0.0714632 0.0233648 -0.0150268 0.0168568 0.0665042 0.11895 0.0926535 -0.131 -0.148365 -0.0896934 -0.0511616 -0.0774703 -0.16778 -0.14147 0.0529698 -0.202398
internal_weight=884 689 383 346 123 87 195 306 52 82 50 224 119 71 152 106 223 157 66 105 67 132 75 71 57
internal_count=884 689 383 346 123 87 195 306 52 82 50 224 119 71 152 106 223 157 66 105 67 132 75 71 57
is_linear=0
shrinkage=0.04


Tree=26
num_leaves=26
num_cat=0
split_feature=4 4 7 4 1 9 9 9 6 9 6 6 6 9 9 7 4 6 9 4 5 4 4 6 7
split_gain=3046.36 1862.49 846.021 489.894 420.793 342.255 518.324 352.949 319.145 295.986 232.921 273.689 215.971 170.739 142.795 133.121 133.821 132.79 129.979 127.597 76.2308 40.1205 49.5285 35.424 24.1737
threshold=2.3127876754130554 -0.37907797682070027 1.1445794666770477 1.0216665933461864 1.0000000180025095e-35 0.32043195112447598 0.58919735509089699 0.11885789814966023 -0.83438724912631701 -1.2249691216824441 -0.83438724912631701 -1.2891445862650526 1.0000000180025095e-35 0.79077140806571256 -1.0905864196992339 -0.32033061487554942 -0.11110945035399165 0.41619542800520609 -1.0233950687076285 0.10813752584604273 -0.71349052288507664 -0.63486611572074036 -0.82975231678743755 -0.15225124341821353 -0.32033061487554942
decision_type=2 2 2 2 2 2 2 2 2 2 2 2 2 2 2 2 2 2 2 2 2 2 2 2 2
left_child=1 5 3 4 15 7 -7 10 -4 -5 11 -1 24 -8 -6 18 -17 -10 20 -20 -3 22 -14 -16 -12
right_child=-2 2 8 9 14 6 13 -9 17 -11 12 -13 21 -15 23 16 -18 -19 19 -21 -22 -23 -24 -25 -26
leaf_value=-0.10437427525134649 0.38039654493331909 -0.02497938464913103 0.2361679318456939 0.011698199734091759 -0.014885565165815682 0.088266180065416158 -0.15012098424964482 -0.21444027391875661 0.044209032274307093 0.17491206814348698 -0.15033601484298706 0.057333051074634905 -0.058000448942184452 -0.027761886667560888 0.12950665540695191 -0.14927888711293538 -0.035363880675850494 0.14090053479102524 0.05758501694645992 -0.04887371111300684 -0.11131407017509143 -0.0395472970316487 -0.13607616217090535 0.067526544133822128 -0.20445140957832336
leaf_weight=34 33 36 33 32 29 42 36 41 47 40 25 33 26 37 25 33 33 44 43 31 30 31 26 36 28
leaf_count=34 33 36 33 32 29 42 36 41 47 40 25 33 26 37 25 33 33 44 43 31 30 31 26 36 28
internal_value=0.00331773 -0.0113046 0.0392438 0.00879605 -0.0139658 -0.0805798 -0.0236901 -0.107393 0.129605 0.102373 -0.0857721 -0.0247274 -0.115846 -0.0881034 0.0581882 -0.0454894 -0.0923214 0.090961 -0.0234115 0.0129874 -0.0642224 -0.0755658 -0.0970383 0.0929282 -0.178925
internal_weight=884 851 492 368 296 359 115 244 124 72 203 67 136 73 90 206 66 91 140 74 66 83 52 61 53
internal_count=884 851 492 368 296 359 115 244 124 72 203 67 136 73 90 206 66 91 140 74 66 83 52 61 53
is_linear=0
shrinkage=0.04


Tree=27
num_leaves=26
num_cat=0
split_feature=4 4 7 4 1 9 9 9 6 6 6 6 6 9 9 9 9 6 4 8 9 4 4 6 7
split_gain=2807.52 1716.47 779.693 451.487 387.803 315.422 477.688 325.278 294.124 283.308 214.66 252.232 199.039 157.353 131.6 127.296 198.358 122.379 81.189 38.973 153.572 36.9751 45.6455 32.6467 22.2785
threshold=2.3127876754130554 -0.37907797682070027 1.1445794666770477 1.0216665933461864 1.0000000180025095e-35 0.32043195112447598 0.58919735509089699 0.11885789814966023 -0.83438724912631701 0.30250609372052223 -0.83438724912631701 -1.2891445862650526 1.0000000180025095e-35 0.79077140806571256 -1.0905864196992339 -0.48586426077478684 -0.82182101573281285 0.41619542800520609 -0.11110945035399165 1.0000000180025095e-35 -1.157777770690839 -0.63486611572074036 -0.82975231678743755 -0.15225124341821353 -0.32033061487554942
decision_type=2 2 2 2 2 2 2 2 2 2 2 2 2 2 2 2 2 2 2 2 2 2 2 2 2
left_child=1 5 3 4 15 7 -7 10 -4 -5 11 -1 24 -8 -6 16 19 -10 -17 20 -3 22 -14 -16 -12
right_child=-2 2 8 9 14 6 13 -9 17 -11 12 -13 21 -15 23 18 -18 -19 -20 -21 -22 -23 -24 -25 -26
leaf_value=-0.10019930473145318 0.36518068822947414 -0.12795713149942459 0.22672121380314683 0.031218400632940409 -0.014290144628491895 0.084735527739283584 -0.14411614265706804 -0.2058626622252348 0.042440670284819099 0.19216064063707985 -0.14432257385253908 0.055039731878222843 -0.055680431861143846 -0.026651411024299829 0.12432638626098634 -0.1218368943471734 0.061253478361500635 0.13526451014659621 -0.043164561515630674 -0.011823207193187303 0.0029213011264801027 -0.03796540612174619 -0.13063311905815053 0.064825484951337178 -0.19627335344042099
leaf_weight=34 33 32 33 42 29 42 36 41 47 30 25 33 26 37 25 41 36 44 43 28 26 31 26 36 28
leaf_count=34 33 32 33 42 29 42 36 41 47 30 25 33 26 37 25 41 36 44 43 28 26 31 26 36 28
internal_value=0.00318502 -0.0108524 0.037674 0.0084442 -0.0134072 -0.0773566 -0.0227425 -0.103097 0.124421 0.0982777 -0.0823412 -0.0237383 -0.111212 -0.0845792 0.0558607 -0.0436698 -0.0175787 0.0873225 -0.0815642 -0.0505782 -0.0692875 -0.0725431 -0.0931568 0.0892111 -0.171768
internal_weight=884 851 492 368 296 359 115 244 124 72 203 67 136 73 90 206 122 91 84 86 58 83 52 61 53
internal_count=884 851 492 368 296 359 115 244 124 72 203 67 136 73 90 206 122 91 84 86 58 83 52 61 53
is_linear=0
shrinkage=0.04


Tree=28
num_leaves=27
num_cat=0
split_feature=2 7 9 0 9 9 0 7 9 9 6 0 9 5 0 5 9 6 5 0 9 5 5 6 0 6
split_gain=2674.7 1900.57 611.226 256.966 191.59 403.171 298.727 292.367 255.788 477.659 269.362 177.679 167.709 170.117 169.444 156.605 152.611 148.94 146.234 144.618 109.463 103.111 124.44 104.825 99.6381 15.1567
threshold=-2.9592882694284057 1.1445794666770477 -0.55305561176639195 0.74913504757291582 0.3876233021160812 0.58919735509089699 -0.7491350475729156 0.85159745036652823 0.051666547158054986 -0.14990750581676068 0.30250609372052223 -0.7491350475729156 -1.157777770690839 -0.71349052288507664 -1.0000000180025095e-35 -1.6391460933426945 -1.0233950687076285 -0.15225124341821353 -0.25066273765626779 -1.2485584126215259 -0.82182101573281285 1.0000000180025095e-35 -0.71349052288507664 -0.15225124341821353 1.0000000180025095e-35 0.52988476228989012
decision_type=2 2 2 2 2 2 2 2 2 2 2 2 2 2 2 2 2 2 2 2 2 2 2 2 2 2
left_child=-1 2 3 12 6 -6 19 25 9 10 -8 -3 13 15 20 -2 17 -5 -10 -4 -14 22 -13 -24 -9 -7
right_child=1 11 4 16 5 7 8 24 18 -11 -12 21 14 -15 -16 -17 -18 -19 -20 -21 -22 -23 23 -25 -26 -27
leaf_value=0.34074781338373816 -0.073267161748497872 0.18814384435791348 -0.10667364055110562 0.09079917917251587 0.07549454542759218 -0.15515797509866602 -0.1444644175621928 0.024065320983529093 -0.20642371975458584 0.087689634892675616 0.016888192915916443 0.042758450141319869 0.10345490977570818 -0.1187750376984477 -0.043201564110138202 0.044763209002358577 0.13472357407692939 -0.047274382996559144 -0.074684544961367338 -0.22698955048665856 -0.0024708631082817358 0.025102055583681379 0.090063402223587039 0.20275235718914442 -0.070631196796894072 -0.11458740271054781
leaf_weight=36 37 42 31 25 38 34 49 40 26 36 25 26 37 40 44 35 31 25 28 33 27 28 25 28 32 26
leaf_count=36 37 42 31 25 38 34 49 40 26 36 25 26 37 40 44 35 31 25 28 33 27 28 25 28 32 26
internal_value=0.00305762 -0.0112783 -0.038926 0.00408514 -0.0714545 -0.0393143 -0.0954186 -0.0723654 -0.0668165 -0.0318157 -0.0899534 0.118425 -0.0183406 -0.0526355 0.0172245 -0.0158913 0.0649945 0.0217624 -0.138115 -0.168712 0.0587675 0.0910582 0.114435 0.149597 -0.018022 -0.137577
internal_weight=884 848 699 301 398 170 228 132 164 110 74 149 220 112 108 72 81 50 54 64 64 107 79 53 72 60
internal_count=884 848 699 301 398 170 228 132 164 110 74 149 220 112 108 72 81 50 54 64 64 107 79 53 72 60
is_linear=0
shrinkage=0.04


Tree=29
num_leaves=27
num_cat=0
split_feature=4 4 7 4 0 9 4 9 9 9 0 7 4 0 9 4 0 9 0 4 4 4 0 9 8 9
split_gain=2530.93 1490.23 656.812 419.105 346.712 278.381 431.885 1222.56 278.52 263.311 175.416 147.502 146.423 165.342 119.116 108.723 84.3633 80.3502 79.7812 78.4036 102.578 149.122 43.9172 43.5248 176.374 3.08135
threshold=2.3127876754130554 -0.37907797682070027 1.1445794666770477 1.0216665933461864 0.74913504757291582 0.32043195112447598 -0.96373658002079188 0.58919735509089699 0.11885789814966023 -1.2249691216824441 -1.2485584126215259 -0.32033061487554942 -0.96373658002079188 1.0000000180025095e-35 -1.0905864196992339 -0.51306224005405465 1.2485584126215263 -0.48586426077478684 -1.0000000180025095e-35 1.2165527944128833 0.66843535391279729 0.15685907611271704 1.0000000180025095e-35 -1.157777770690839 1.0000000180025095e-35 0.6563887060825021
decision_type=2 2 2 2 2 2 2 2 2 2 2 2 2 2 2 2 2 2 2 2 2 2 2 2 2 2
left_child=1 5 3 4 10 8 -7 -8 12 -5 -3 23 13 -1 -6 17 -16 -14 -19 20 21 -4 -9 -12 -25 -13
right_child=-2 2 19 9 14 6 7 22 -10 -11 11 25 15 -15 16 -17 -18 18 -20 -21 -22 -23 -24 24 -26 -27
leaf_value=-0.089712151885032662 0.34663705932371541 0.028145286824968127 0.17167740813323432 0.0090237894654273988 -0.014303365473089547 -0.14069812837769002 0.24297187722421118 -0.048051472240024151 -0.19163409121152833 0.16296541788987817 -0.070913625391753943 -0.12816265697479248 -0.078085759301980334 0.049018548064761698 0.12894747465848924 -0.04171015270799399 0.034752532120408686 -0.1938016413873242 -0.10376385800540447 0.051146383213996886 0.18800587618892844 0.050021775082538009 -0.12088759440642138 0.026330136376984267 -0.10423449907302856 -0.10830284404754639
leaf_weight=28 33 45 28 32 29 34 28 27 41 40 37 25 45 27 32 40 29 31 32 25 33 38 26 49 25 25
leaf_count=28 33 45 28 32 29 34 28 27 41 40 37 25 45 27 32 40 29 31 32 25 33 38 26 49 25 25
internal_value=0.00293531 -0.0103927 0.0348227 0.00799493 -0.0130583 -0.0723593 -0.0210521 0.0291697 -0.096541 0.0945469 -0.0416728 -0.0611871 -0.077335 -0.021608 0.0524372 -0.0980443 0.0841663 -0.118909 -0.148068 0.114441 0.130424 0.101633 -0.0837824 -0.0354909 -0.0177795 -0.118233
internal_weight=884 851 492 368 296 359 115 81 244 72 206 161 203 55 90 148 61 108 63 124 99 66 53 111 74 50
internal_count=884 851 492 368 296 359 115 81 244 72 206 161 203 55 90 148 61 108 63 124 99 66 53 111 74 50
is_linear=0
shrinkage=0.04


Tree=30
num_leaves=27
num_cat=0
split_feature=4 4 9 8 6 9 7 6 9 4 4 6 7 8 6 9 9 9 4 4 6 9 9 8 6 4
split_gain=2690.08 1226.82 622.961 531.392 582.324 823.393 357.872 327.264 297.46 193.781 259.617 281.766 169.756 164.41 153.616 153.483 149.13 161.333 117.349 92.8516 88.4765 56.0407 55.5952 76.8529 49.9309 33.1187
threshold=2.44677193864641 1.0000000180025095e-35 1.2611108650069494 -0.63134183865453442 0.18881675943583826 1.0000000180025095e-35 -1.1992766638071075 0.30250609372052223 -0.082716154825155472 1.2287331819795522 0.51009031554610584 -0.72069791484163315 -0.32033061487554942 1.0000000180025095e-35 -1.0617659176956848 -0.62024696275799729 -1.157777770690839 -0.55305561176639195 -0.59832495302073463 -0.96373658002079188 -0.49331924627226525 -1.5609258766404703 0.25324060013287075 1.0000000180025095e-35 1.2120207679979937 -0.34253681412069453
decision_type=2 2 2 2 2 2 2 2 2 2 2 2 2 2 2 2 2 2 2 2 2 2 2 2 2 2
left_child=1 2 3 4 5 15 21 9 16 10 20 -12 -6 24 -10 -1 -5 25 -19 -16 -8 -3 -21 -24 -9 -18
right_child=-2 6 -4 8 12 -7 7 13 14 -11 11 -13 -14 -15 19 -17 17 18 -20 22 -22 -23 23 -25 -26 -27
leaf_value=0.014728572010993956 0.38767326577945993 0.011338689128557842 0.11173311190171675 -0.14140343567420696 -0.020395522117614747 0.18190206203948367 -0.054493091930361358 0.10312760228334471 -0.054869416515032451 -0.077160222053527835 0.19428923606872558 0.014726018442047968 -0.14754602342844009 0.17435616752836439 -0.20692418607381677 -0.12543519449234009 0.028484404356660029 -0.032860884870801653 -0.13799966845548514 -0.17560835823416709 0.042494792496716532 -0.060695678504804777 -0.16156200606089371 -0.069607627030574909 0.033724708932417406 -0.030795195436477664
leaf_weight=25 27 27 33 29 28 44 34 43 30 25 29 27 42 45 39 25 38 35 33 32 27 48 26 33 27 25
leaf_count=25 27 27 33 29 28 44 34 43 30 25 29 27 42 45 39 25 38 35 33 32 27 48 26 33 27 25
internal_value=-0.00539012 -0.0178904 -0.0564223 -0.0678875 -0.00934136 0.0557024 0.0421127 0.0645473 -0.0978923 0.0239266 0.0455264 0.107714 -0.0966858 0.114705 -0.136458 -0.0553533 -0.0593268 -0.0411572 -0.0838841 -0.155286 -0.011564 -0.0347633 -0.133155 -0.11013 0.0763579 0.00496075
internal_weight=876 849 517 484 164 94 332 257 320 142 117 56 70 115 160 50 160 131 68 130 61 75 91 59 70 63
internal_count=876 849 517 484 164 94 332 257 320 142 117 56 70 115 160 50 160 131 68 130 61 75 91 59 70 63
is_linear=0
shrinkage=0.04


Tree=31
num_leaves=27
num_cat=0
split_feature=4 4 9 8 9 9 0 0 9 9 8 0 4 4 9 9 9 9 4 4 4 4 4 4 4 4
split_gain=2479.18 1130.64 574.121 489.731 471.657 1287.98 409.964 282.348 274.139 241.061 232.444 246.917 231.719 148.128 146.898 137.438 148.684 124.073 117.137 108.842 108.532 227.334 60.8963 141.63 45.532 30.5222
threshold=2.44677193864641 1.0000000180025095e-35 1.2611108650069494 -0.63134183865453442 0.45481465310768643 1.0000000180025095e-35 -0.7491350475729156 0.74913504757291582 -0.082716154825155472 -1.157777770690839 1.0000000180025095e-35 1.2485584126215263 -0.31817603898735741 0.46136876527943149 0.18604924914126547 -1.157777770690839 -0.55305561176639195 -0.62024696275799729 -1.012458130287466 -0.54960340275406028 1.0216665933461864 0.27866295177940287 -0.76885037895409469 -0.39125836438736888 0.65625496634612879 -0.34253681412069453
decision_type=2 2 2 2 2 2 2 2 2 2 2 2 2 2 2 2 2 2 2 2 2 2 2 2 2 2
left_child=1 2 3 4 5 12 9 20 15 -3 11 -9 17 -11 -10 -5 25 -1 -16 -18 21 -8 -20 -24 -23 -17
right_child=-2 6 -4 8 -6 -7 7 10 14 13 -12 -13 -14 -15 18 16 19 -19 22 -21 -22 24 23 -25 -26 -27
leaf_value=-0.038406770463500703 0.37216633646576491 0.0085422152280807493 0.1072637876958558 -0.13574729895797269 -0.13464364026043865 0.2189932921777169 0.03920143736260278 0.083788296712769397 -0.19323106890713629 0.082714585959911352 0.14152149989798263 -0.076230999010580558 0.040407490641982464 0.19817665851116181 -0.18408272094726563 0.027345027627521442 -0.038188493221998215 -0.15288603898250697 -0.035948058101865979 -0.14101484293384212 0.021614616868343761 -0.13766535105528654 -0.15679972683128557 -0.035642478374334485 -0.066065296332041432 -0.029563387537002567
leaf_weight=28 27 28 33 29 37 39 28 36 44 32 37 27 27 40 25 38 40 33 27 28 47 27 38 26 30 25
leaf_count=28 27 28 33 29 37 39 28 36 44 32 37 27 27 40 25 38 40 33 27 28 47 27 38 26 30 25
internal_value=-0.00517452 -0.0171748 -0.0541654 -0.065172 -0.0089677 0.0276465 0.0404282 0.0112459 -0.0939766 0.108131 0.0619444 0.0152086 -0.0571548 0.14686 -0.131 -0.0569538 -0.0395109 -0.100338 -0.107394 -0.0805288 -0.0271621 -0.0541327 -0.0863263 -0.10758 -0.0999811 0.00476232
internal_weight=876 849 517 484 164 127 332 232 320 100 100 63 88 72 160 160 131 61 116 68 132 85 91 64 57 63
internal_count=876 849 517 484 164 127 332 232 320 100 100 63 88 72 160 160 131 61 116 68 132 85 91 64 57 63
is_linear=0
shrinkage=0.04


Tree=32
num_leaves=27
num_cat=0
split_feature=4 4 7 8 6 6 7 7 6 7 5 6 8 6 5 7 7 4 4 4 4 4 4 6 6 6
split_gain=2284.81 1042 522.231 482.927 560.011 790.625 1317.27 319.249 303.211 240.99 236.636 186.076 151.883 122.507 108.07 92.9569 124.135 85.1561 82.6332 64.2508 60.1946 51.3313 43.1771 38.1219 26.6923 5.20013
threshold=2.44677193864641 1.0000000180025095e-35 1.1445794666770477 -0.63134183865453442 0.18881675943583826 -1.1754552519803687 1.0000000180025095e-35 -1.1992766638071075 0.30250609372052223 1.0000000180025095e-35 1.0000000180025095e-35 -0.83438724912631701 1.0000000180025095e-35 -1.0617659176956848 1.0000000180025095e-35 -1.1992766638071075 -0.61331263118606871 0.44918837771276293 -0.96373658002079188 -0.63486611572074036 -0.47652107735404886 0.64407457877946017 0.52227070311277446 0.30250609372052223 0.18881675943583826 1.0000000180025095e-35
decision_type=2 2 2 2 2 2 2 2 2 2 2 2 2 2 2 2 2 2 2 2 2 2 2 2 2 2
left_child=1 2 3 4 5 -1 -7 22 11 15 -6 21 14 -11 -10 -5 23 -13 -15 -20 24 -9 -3 -17 -18 -24
right_child=-2 7 -4 9 10 6 -8 8 12 13 -12 17 -14 18 -16 16 20 -19 19 -21 -22 -23 25 -25 -26 -27
leaf_value=-0.13423075885772706 0.35727967659632365 0.0091229517459869378 0.0907333663262819 -0.13059451271295547 -0.14893332970413295 -0.040229516880852842 0.31485062971711159 0.033176860763476444 0.10846744549274444 -0.055582742197760222 0.0032743585338959325 0.029743401663643972 0.16561326962047154 -0.19997050209299605 0.0047419176101684566 -0.030980312128861747 -0.080801095238753742 -0.05230162852754195 -0.092616226778111682 -0.16221322141042571 -0.12565995689096121 0.10832764914541533 -0.042358937120437624 0.032582811105709812 -0.023936549806594848 -0.068158493280410778
leaf_weight=25 27 25 38 25 44 35 32 26 45 29 26 35 45 34 25 36 28 48 44 41 29 33 25 26 25 25
leaf_count=25 27 25 38 25 44 35 32 26 45 29 26 35 45 34 25 36 28 48 44 41 29 33 25 26 25 25
internal_value=-0.00496754 -0.0164878 -0.0519988 -0.063322 -0.00713898 0.0577328 0.129361 0.0388111 0.0600005 -0.0920339 -0.092399 0.0209011 0.10828 -0.129302 0.0714226 -0.0593964 -0.0470356 -0.0177043 -0.147268 -0.126187 -0.0793291 0.0752104 -0.0337982 -0.00432481 -0.0539782 -0.0552587
internal_weight=876 849 517 479 162 92 67 332 257 317 70 142 115 148 70 169 144 83 119 85 82 59 75 62 53 50
internal_count=876 849 517 479 162 92 67 332 257 317 70 142 115 148 70 169 144 83 119 85 82 59 75 62 53 50
is_linear=0
shrinkage=0.04


Tree=33
num_leaves=25
num_cat=0
split_feature=2 7 5 6 9 9 9 9 7 9 9 7 9 6 5 6 9 6 6 6 6 5 6 6
split_gain=1682.81 1153.32 284.483 274.176 312.942 480.925 427.626 416.613 314.783 256.594 270.532 233.362 186.848 185.646 144.823 124.796 114.309 170.762 105.965 59.9705 48.3656 41.4969 13.6883 1.26318
threshold=-2.9592882694284057 1.4375614829875671 -0.71349052288507664 -1.5165232548344203 1.1267281630237389 0.11885789814966023 0.25324060013287075 1.0000000180025095e-35 -0.32033061487554942 0.45481465310768643 0.79077140806571256 -1.1992766638071075 -0.55305561176639195 0.52988476228989012 -0.71349052288507664 0.18881675943583826 -0.75462966474120774 -0.83438724912631701 0.30250609372052223 -0.37962991198758139 -0.15225124341821353 -0.25066273765626779 0.18881675943583826 0.75726343085925796
decision_type=2 2 2 2 2 2 2 2 2 2 2 2 2 2 2 2 2 2 2 2 2 2 2 2
left_child=-1 3 -3 -2 5 7 -7 8 11 -8 22 14 16 -12 20 -14 17 -13 -19 -10 -5 -6 -11 -22
right_child=1 2 -4 4 21 6 9 -9 19 10 13 12 15 -15 -16 -17 -18 18 -20 -21 23 -23 -24 -25
leaf_value=0.27995324671268462 -0.12388108461461168 0.039835557745349026 0.19730912627114192 0.027925781035423279 0.013310667896270752 -0.20656828382776846 0.026025616073090098 0.13582611477375031 -0.14435845769368685 -0.16163906097412109 0.02162445894696496 0.10756057019744601 -0.095811654000446722 -0.1018154958316258 -0.1149850931396294 0.015686292714542815 0.099651111610557716 -0.053628798967752703 0.042983068928999064 -0.067404255367988761 -0.033777289390563965 0.077095191225092466 -0.12462333959917869 -0.046255207204818724
leaf_weight=32 47 31 45 25 25 36 46 30 26 33 44 28 29 35 36 36 46 39 34 43 27 47 31 25
leaf_count=32 47 31 45 25 25 36 46 30 26 33 44 28 29 35 36 36 46 39 34 43 27 47 31 25
internal_value=-0.00476884 -0.015564 0.133076 -0.0302732 -0.0241712 -0.0329486 -0.0802167 -0.0078653 -0.0188063 -0.0561497 -0.0825838 -0.00233221 0.0224138 -0.0330641 -0.0487583 -0.0340589 0.0473847 0.0235802 -0.00863149 -0.0964015 -0.0177951 0.0549478 -0.14371 -0.0397763
internal_weight=876 844 76 768 721 649 225 424 394 189 143 325 212 79 113 65 147 101 73 69 77 72 64 52
internal_count=876 844 76 768 721 649 225 424 394 189 143 325 212 79 113 65 147 101 73 69 77 72 64 52
is_linear=0
shrinkage=0.04


Tree=34
num_leaves=26
num_cat=0
split_feature=4 4 9 8 6 6 7 7 6 9 4 4 6 9 8 7 6 6 6 6 6 4 8 9 6
split_gain=2070.06 908.467 451.375 414.555 486.007 692.342 1058.27 266.85 273.449 227.055 181.628 234.049 235.773 143.115 141.53 131.747 126.245 122.603 220.954 93.5715 80.1488 48.7742 64.1415 48.318 47.628
threshold=2.44677193864641 1.0000000180025095e-35 1.2611108650069494 -0.63134183865453442 0.18881675943583826 -1.1754552519803687 1.0000000180025095e-35 -1.1992766638071075 0.30250609372052223 -0.082716154825155472 1.2287331819795522 0.51009031554610584 -0.72069791484163315 0.18604924914126547 1.0000000180025095e-35 -0.32033061487554942 -0.94807658341100087 0.18881675943583826 -0.83438724912631701 0.87095276514394182 -0.49331924627226525 -0.95155619245412326 1.0000000180025095e-35 -1.5609258766404703 1.2120207679979937
decision_type=2 2 2 2 2 2 2 2 2 2 2 2 2 2 2 2 2 2 2 2 2 2 2 2 2
left_child=1 2 3 4 5 -1 -7 23 10 17 11 20 -13 -11 24 -6 -15 18 -5 -19 -9 -18 -23 -3 -10
right_child=-2 7 -4 9 15 6 -8 8 14 13 -12 12 -14 16 -16 -17 21 19 -20 -21 -22 22 -24 -25 -26
leaf_value=-0.12767590336799622 0.34022506846321954 0.012514848433159016 0.094434759761347922 -0.018583438320362824 -0.019335404230015618 -0.036381612368992393 0.27695330647861255 -0.055821420725654151 0.091878049817196161 -0.18008123328739944 -0.079533440780639647 0.17748451113700867 0.01322890885450222 -0.017719293110645736 0.15665689962440069 -0.13135044515842484 -0.16526685680150988 0.035494922399520873 -0.14059550410136581 -0.060775722205638892 0.036489267658304285 -0.1452005114725658 -0.064957655507165035 -0.054372291192412381 0.024094536459004438
leaf_weight=25 27 27 33 47 28 35 34 34 43 44 25 29 27 26 45 42 25 35 48 30 27 28 37 48 27
leaf_count=25 27 27 33 47 28 35 34 34 43 44 25 29 27 26 45 42 25 35 48 30 27 28 37 48 27
internal_value=-0.00457808 -0.0155436 -0.0487013 -0.0584605 -0.0067497 0.0526719 0.118015 0.0360906 0.0554632 -0.0849623 0.0183322 0.0392437 0.0982898 -0.118656 0.101312 -0.0865444 -0.0953571 -0.0512685 -0.0802316 -0.00893768 -0.0149626 -0.117786 -0.0995238 -0.0302929 0.065733
internal_weight=876 849 517 484 164 94 69 332 257 320 142 117 56 160 115 70 116 160 95 65 61 90 65 75 70
internal_count=876 849 517 484 164 94 69 332 257 320 142 117 56 160 115 70 116 160 95 65 61 90 65 75 70
is_linear=0
shrinkage=0.04


Tree=35
num_leaves=25
num_cat=0
split_feature=2 7 4 7 6 8 7 7 4 4 4 4 4 4 6 0 0 8 0 6 4 4 7 4
split_gain=2039.4 1289.8 843.508 283.273 403.679 428.943 1034.85 326.44 167.179 319.203 132.438 220.305 382.242 118.412 137.51 135.583 135.584 113.079 103.908 90.0718 48.4111 47.3858 32.2433 31.3306
threshold=-2.9592882694284057 1.4375614829875671 -0.34253681412069453 -0.61331263118606871 -0.60700858055694906 -0.63134183865453442 0.26563341774548938 -1.1992766638071075 -0.25727410115401456 -0.14765061305399738 1.7281290722129634 1.2774547322462262 1.0216665933461864 0.15685907611271704 0.18881675943583826 -0.7491350475729156 1.0000000180025095e-35 -0.63134183865453442 1.0000000180025095e-35 0.075127425151154323 -0.73230921625408896 0.65625496634612879 1.0000000180025095e-35 -0.74448960382075746
decision_type=2 2 2 2 2 2 2 2 2 2 2 2 2 2 2 2 2 2 2 2 2 2 2 2
left_child=-1 2 3 7 17 6 -6 -2 -4 -10 11 12 13 14 -11 -15 -17 -5 22 -18 -20 -3 -7 -19
right_child=1 21 8 4 5 18 -8 -9 9 10 -12 -13 -14 15 -16 16 19 23 20 -21 -22 -23 -24 -25
leaf_value=0.31648111804326379 -0.11245177964679898 0.1214049084697451 0.090991151069893556 -0.23678559325359488 -0.10994685889780521 -0.043532060576336726 0.2142092665342184 0.051157749426364897 -0.10276446926322849 -0.016056056809731017 0.085580381895814614 -0.099395175556341808 0.149306693871816 0.03875775192677975 0.090164945889741957 -0.1046314338939946 -0.06420420293150278 -0.16617041499864668 -0.11448971680232457 0.030519994878106648 -0.19107075996398926 0.19011605423230393 -0.097543604789922633 -0.10832880402433462
leaf_weight=30 32 42 34 27 40 28 26 50 44 39 35 30 30 40 39 41 29 31 28 36 25 26 48 29
leaf_count=30 32 42 34 27 40 28 26 50 44 39 35 30 30 40 39 41 29 31 28 36 25 26 48 29
internal_value=-0.00750857 -0.0192332 -0.0341476 -0.0781278 -0.0971558 -0.0651893 0.017751 -0.0126899 0.00617679 -0.00176725 0.0121634 0.00311553 0.0152231 -0.00273453 0.0370544 -0.0239916 -0.0476707 -0.168805 -0.107624 -0.0117416 -0.150613 0.147677 -0.0776446 -0.138214
internal_weight=859 829 761 364 282 195 66 82 397 363 319 284 254 224 78 146 106 87 129 65 53 68 76 60
internal_count=859 829 761 364 282 195 66 82 397 363 319 284 254 224 78 146 106 87 129 65 53 68 76 60
is_linear=0
shrinkage=0.04


Tree=36
num_leaves=26
num_cat=0
split_feature=4 3 7 6 6 7 5 7 4 8 4 4 4 5 0 0 5 4 4 6 7 7 0 7 6
split_gain=1466.71 737.772 741.035 221.262 378.375 711.949 288.839 275.204 268.182 150.117 140.302 245.847 423.954 133.064 248.178 204.209 173.413 341.526 195.98 129.889 124.693 128.813 124.473 49.6122 36.8002
threshold=-0.37907797682070027 1.0000000180025095e-35 1.4375614829875671 -0.15225124341821353 0.30250609372052223 1.0000000180025095e-35 1.0000000180025095e-35 -0.61331263118606871 -0.86629347948744329 -0.63134183865453442 1.7281290722129634 1.2774547322462262 1.0216665933461864 -0.71349052288507664 0.74913504757291582 1.2485584126215263 0.67499283280135014 -0.025846737387311625 -0.11110945035399165 1.0983314337133099 0.55861543405600889 1.0000000180025095e-35 -0.7491350475729156 -1.4922586801176267 1.0000000180025095e-35
decision_type=2 2 2 2 2 2 2 2 2 2 2 2 2 2 2 2 2 2 2 2 2 2 2 2 2
left_child=3 2 10 7 5 -5 8 -1 -6 -9 11 12 13 23 16 -16 18 -18 -15 -10 21 -11 -20 -2 -4
right_child=1 -3 24 4 6 -7 -8 9 19 20 -12 -13 -14 14 15 -17 17 -19 22 -21 -22 -23 -24 -25 -26
leaf_value=-0.0070478380070282867 -0.029518890796285686 0.19649126318998114 0.19867660646438598 -0.088126537714685718 -0.03510525972328403 0.20255371861732921 0.014494895276635191 -0.19154073659239745 -0.23487319074869156 -0.058311873330519751 0.081728046980741278 -0.12427773733139037 0.15191741581620841 -0.11349468266510446 0.131103570273048 -0.0049084969587398298 0.14726303591728213 -0.046309340425900056 0.054349550567567351 -0.11318778842687607 -0.023278637981414795 -0.1721266331178386 -0.054025507248364968 -0.10340055626172286 0.13190771726625306
leaf_weight=39 33 43 25 28 44 26 43 41 25 26 34 25 29 46 38 33 25 35 30 32 25 41 39 26 28
leaf_count=39 33 43 25 28 44 26 43 41 25 26 34 25 29 46 38 33 25 35 30 32 25 41 39 26 28
internal_value=-0.00720823 0.0382572 0.0230015 -0.0672963 -0.0384663 0.0518306 -0.0723277 -0.100484 -0.109292 -0.127883 0.00406697 -0.00328812 0.00576799 -0.00812819 0.00481073 0.0678867 -0.0207801 0.0343458 -0.0495414 -0.166559 -0.0995138 -0.12796 -0.00690592 -0.0620769 0.163402
internal_weight=859 489 446 370 198 54 144 172 101 133 393 359 334 305 246 71 175 60 115 57 92 67 69 59 53
internal_count=859 489 446 370 198 54 144 172 101 133 393 359 334 305 246 71 175 60 115 57 92 67 69 59 53
is_linear=0
shrinkage=0.04


Tree=37
num_leaves=25
num_cat=0
split_feature=2 7 4 9 6 7 8 7 4 4 9 4 4 4 4 6 0 0 8 4 6 9 4 4
split_gain=1793.79 1114.24 718.296 248.359 355.239 334.89 327.851 1014.44 155.872 283.194 126.22 113.192 189.627 323.998 104.484 127.174 122.134 118.616 96.476 95.0859 83.4824 70.2119 39.7828 28.9663
threshold=-2.9592882694284057 1.4375614829875671 -0.34253681412069453 -0.6874383137496024 -0.60700858055694906 -1.1992766638071075 -0.63134183865453442 0.26563341774548938 -0.25727410115401456 -0.14765061305399738 -0.082716154825155472 1.7281290722129634 1.2774547322462262 1.0216665933461864 0.15685907611271704 0.18881675943583826 -0.7491350475729156 1.0000000180025095e-35 -0.63134183865453442 -0.65922689085407749 0.075127425151154323 0.45481465310768643 0.65625496634612879 -0.74448960382075746
decision_type=2 2 2 2 2 2 2 2 2 2 2 2 2 2 2 2 2 2 2 2 2 2 2 2
left_child=-1 2 3 5 18 -2 7 -6 -4 -10 -8 12 13 14 15 -11 -16 -18 -5 21 -19 -12 -3 -20
right_child=1 22 8 4 6 -7 10 -9 9 11 19 -13 -14 -15 16 -17 17 20 23 -21 -22 -23 -24 -25
leaf_value=0.29693472301959994 -0.10650313075166196 0.11314716929481143 0.087329120548332445 -0.21965253971241139 -0.11022130634458294 0.063562534072182389 -0.036140838341954619 0.20769797710271981 -0.097367494407702579 -0.016480536476159706 -0.13187746059894562 0.07875688721452441 -0.092586718440055851 0.13719829877217612 0.036807289384305476 0.085670435031255099 -0.0984999119217803 -0.062123958591757157 -0.15548550513482862 -0.18857246704101563 0.029069560112224686 -0.050132544636726381 0.17610516959658035 -0.099869148731231691
leaf_weight=30 32 42 34 27 42 44 39 26 44 39 40 35 30 30 40 39 41 29 31 25 36 29 26 29
leaf_count=30 32 42 34 27 42 44 39 26 44 39 40 35 30 30 40 39 41 29 31 25 36 29 26 29
internal_value=-0.0069199 -0.0179158 -0.0317781 -0.072363 -0.089336 -0.00804406 -0.0601089 0.0113361 0.00543317 -0.00223752 -0.0966372 0.0108839 0.00251922 0.0137522 -0.00278076 0.0345949 -0.0227486 -0.0452225 -0.156861 -0.121737 -0.0116168 -0.0975209 0.137219 -0.128604
internal_weight=859 829 761 364 288 76 201 68 397 363 133 319 284 254 224 78 146 106 87 94 65 69 68 60
internal_count=859 829 761 364 288 76 201 68 397 363 133 319 284 254 224 78 146 106 87 94 65 69 68 60
is_linear=0
shrinkage=0.04


Tree=38
num_leaves=24
num_cat=0
split_feature=2 7 9 7 5 9 8 9 9 9 8 9 5 0 5 0 0 5 9 5 9 8 9
split_gain=1655.25 1039.73 458.495 393.821 364.029 351.319 224.811 312.828 239.893 200.224 170.368 143.373 128.188 148.352 143.383 58.4154 50.4988 47.3486 42.356 34.8834 23.8918 15.5122 9.63056
threshold=-1.6916913147484629 1.4375614829875671 -0.55305561176639195 -0.90629464749658817 -0.71349052288507664 1.1267281630237389 -0.63134183865453442 0.45481465310768643 1.0000000180025095e-35 0.92515411004892301 -0.63134183865453442 -0.082716154825155472 1.0000000180025095e-35 -1.0000000180025095e-35 -1.1763183081138855 1.0000000180025095e-35 1.0000000180025095e-35 1.0000000180025095e-35 0.18604924914126547 -0.25066273765626779 -1.2921604726740494 1.0000000180025095e-35 0.6563887060825021
decision_type=2 2 2 2 2 2 2 2 2 2 2 2 2 2 2 2 2 2 2 2 2 2 2
left_child=-1 2 3 12 -3 6 7 8 -4 11 -5 16 13 21 -15 -12 -8 -7 -13 -20 -16 -2 -21
right_child=1 4 5 10 -6 17 9 -9 -10 -11 15 18 -14 14 20 -17 -18 -19 19 22 -22 -23 -24
leaf_value=0.26277387167300498 -0.099355407400829029 0.021112965813704899 -0.045946872376877328 0.0073754782061423033 0.20916289784759282 0.052993199185627261 -0.027963836970852644 -0.11578642440396687 0.087992668300867077 0.0052302220662434895 0.081787168335914609 -0.15649603454784181 0.038942025469785389 0.050309753886810159 -0.021669004691971673 0.16664140378987349 -0.0969335981278584 -0.011931241196580232 -0.081570908367633824 -0.13801170111596583 -0.074404737779072361 -0.059378730869293211 -0.10836583055831769
leaf_weight=35 41 28 46 31 40 41 41 43 40 30 25 48 44 41 27 27 29 32 40 50 28 25 27
leaf_count=35 41 28 46 31 40 41 41 43 40 30 25 48 44 41 27 27 29 32 40 50 28 25 27
internal_value=-0.0066431 -0.0180868 -0.0315624 0.00803581 0.131731 -0.0560675 -0.0710012 -0.0276951 0.0163506 -0.0920822 0.081598 -0.104505 -0.0216033 -0.0380478 -0.00630933 0.125846 -0.056537 0.0245332 -0.124855 -0.111874 -0.0485163 -0.0842127 -0.127616
internal_weight=859 824 756 289 68 467 394 129 86 265 83 235 206 162 96 52 70 73 165 117 55 66 77
internal_count=859 824 756 289 68 467 394 129 86 265 83 235 206 162 96 52 70 73 165 117 55 66 77
is_linear=0
shrinkage=0.04


Tree=39
num_leaves=25
num_cat=0
split_feature=2 7 4 5 9 6 7 6 4 5 9 9 7 7 4 6 4 9 5 7 1 4 9 6
split_gain=1533.26 946.805 633.618 335.489 208.661 324.393 297.639 264.187 543.4 185.826 150.651 148.239 297.108 258.791 214.883 117.418 204.448 105.128 111.956 82.754 68.0715 34.8546 32.5989 1.97733
threshold=-2.9592882694284057 1.4375614829875671 -0.34253681412069453 -0.71349052288507664 -0.6874383137496024 -0.60700858055694906 -1.1992766638071075 0.30250609372052223 -0.75666999138742608 1.0000000180025095e-35 -0.082716154825155472 0.051666547158054986 0.85159745036652823 -0.90629464749658817 1.0216665933461864 -0.94807658341100087 0.035055200446031262 1.1267281630237389 1.0000000180025095e-35 0.26563341774548938 1.0000000180025095e-35 1.1556508565795405 -1.4265431746572599 0.98464209942862591
decision_type=2 2 2 2 2 2 2 2 2 2 2 2 2 2 2 2 2 2 2 2 2 2 2 2
left_child=-1 2 4 -3 6 9 -2 8 -7 -6 -9 13 -13 14 20 -15 -17 21 -19 -12 22 -14 -4 -21
right_child=1 3 11 -5 5 7 -8 10 -10 -11 19 12 17 15 -16 16 -18 18 -20 23 -22 -23 -24 -25
leaf_value=0.27454637954632444 -0.10130632700398565 0.020268448974405016 -0.025411132627299854 0.20079638049006462 -0.20021800570189954 -0.10985078942131353 0.059021970443004231 -0.015813379172355896 0.10038560089610872 -0.082668618972484884 -0.16003685320295941 -0.14340374234531608 -0.069928747621075871 0.00083279943466186526 0.068863516620227272 0.16520892695376749 0.030192481875419619 0.082722442365354962 -0.021904673462112743 -0.075417135858535767 0.0076214890016449823 -0.0054795116901397703 -0.080152932025654169 -0.091326195037364957
leaf_weight=30 32 28 28 40 48 37 44 31 42 39 41 28 29 25 42 38 34 36 30 25 36 25 46 25
leaf_count=30 32 28 28 40 48 37 44 31 42 39 41 28 29 25 42 38 34 36 30 25 36 25 46 25
internal_value=-0.00637738 -0.0165435 -0.0293219 0.126461 -0.0674395 -0.082997 -0.00848468 -0.0550676 0.00192046 -0.147523 -0.0919697 0.0056273 -0.0260767 0.0244715 -0.00810464 0.0755186 0.101451 0.00129955 0.0351647 -0.117913 -0.0374925 -0.0400911 -0.0594398 -0.0833717
internal_weight=859 829 761 68 364 288 76 201 79 87 122 397 148 249 152 97 72 120 66 91 110 54 74 50
internal_count=859 829 761 68 364 288 76 201 79 87 122 397 148 249 152 97 72 120 66 91 110 54 74 50
is_linear=0
shrinkage=0.04


Tree=40
num_leaves=28
num_cat=0
split_feature=2 4 8 9 9 7 9 9 9 9 5 9 9 0 4 4 9 4 4 9 8 0 4 4 5 4 0
split_gain=1501.96 559.549 583.662 628.217 1975.89 455.905 369.934 300.844 251.832 234.004 204.761 193.155 180.267 142.285 136.563 114.65 78.4841 338.343 88.3222 74.8489 58.5733 48.2388 47.446 78.9846 38.996 22.9262 13.8755
threshold=-2.9592882694284057 0.60144322229612024 -0.63134183865453442 0.45481465310768643 1.0000000180025095e-35 1.1445794666770477 -0.55305561176639195 -1.2921604726740494 -0.62024696275799729 -1.5609258766404703 -0.25066273765626779 -0.75462966474120774 1.3283022159985547 1.2485584126215263 -0.086748675220654506 -0.89065425462078041 -1.157777770690839 -0.12328983792066023 -0.20855255088734023 0.99234546104052834 1.0000000180025095e-35 -0.7491350475729156 -0.63486611572074036 -0.098929062787323066 1.0000000180025095e-35 -0.54960340275406028 -1.0000000180025095e-35
decision_type=2 2 2 2 2 2 2 2 2 2 2 2 2 2 2 2 2 2 2 2 2 2 2 2 2 2 2
left_child=-1 2 3 4 10 6 11 9 -9 -3 -2 16 19 15 -7 -8 17 -4 -18 -10 21 -17 -12 -24 -22 -5 -14
right_child=1 7 5 25 -6 14 13 8 12 -11 22 -13 26 -15 -16 20 18 -19 -20 -21 24 -23 23 -25 -26 -27 -28
leaf_value=0.3056470977343046 -0.10364205854720084 0.061850186729431149 -0.16561513900756836 -0.10634409715389383 0.30956939830666497 0.13117675609961152 -0.024528435969158359 0.19693509312776422 0.072250125431097476 -0.1065182108112744 -0.02037147012601296 0.077987407803535455 0.093352997970581053 -0.16850492715835572 0.0025547377818397115 -0.08010802556214662 0.04222854492603801 0.027606031416819016 -0.051751361675560478 -0.012998823298348321 -0.045658760893912548 -0.14519713458358025 0.090497097030833931 -0.0071817312790797309 -0.10084392333030701 -0.054616625492389381 0.13401718201308416
leaf_weight=26 29 25 29 29 42 25 46 26 26 28 30 30 25 34 28 29 32 29 32 45 42 49 27 26 40 26 29
leaf_count=26 29 25 29 29 42 25 46 26 26 28 30 30 25 34 28 29 32 29 32 45 42 49 27 26 40 26 29
internal_value=0.00613064 -0.00294562 -0.0209867 0.0341523 0.0755964 -0.0468834 -0.0617706 0.0548918 0.0836701 -0.0270992 -0.0121435 -0.0129432 0.060111 -0.0926946 0.0632255 -0.0801822 -0.0353032 -0.0690046 -0.00476141 0.0182191 -0.0961826 -0.120997 0.0198259 0.0425792 -0.0725784 -0.0818911 0.115191
internal_weight=884 858 654 209 154 445 392 204 151 53 112 152 125 240 53 206 122 58 64 71 160 78 83 53 82 55 54
internal_count=884 858 654 209 154 445 392 204 151 53 112 152 125 240 53 206 122 58 64 71 160 78 83 53 82 55 54
is_linear=0
shrinkage=0.04


Tree=41
num_leaves=27
num_cat=0
split_feature=2 7 8 6 7 7 7 7 7 5 6 0 6 0 0 6 6 6 6 7 8 5 6 6 6 5
split_gain=1384.21 461.075 468.703 629.203 685.208 2303.66 393.867 289.485 246.64 220.455 103.472 96.4607 90.006 72.6876 65.3404 65.1973 61.8107 59.8139 117.759 56.7052 45.0059 43.9561 36.828 33.3888 22.7353 17.7373
threshold=-2.9592882694284057 1.1445794666770477 -0.63134183865453442 0.18881675943583826 0.55861543405600889 1.0000000180025095e-35 -0.61331263118606871 -0.90629464749658817 0.85159745036652823 1.0000000180025095e-35 -0.72069791484163315 1.0000000180025095e-35 0.41619542800520609 -1.0000000180025095e-35 1.2485584126215263 1.2120207679979937 -0.60700858055694906 0.41619542800520609 -0.72069791484163315 0.26563341774548938 1.0000000180025095e-35 0.67499283280135014 0.18881675943583826 -0.49331924627226525 1.0000000180025095e-35 1.0000000180025095e-35
decision_type=2 2 2 2 2 2 2 2 2 2 2 2 2 2 2 2 2 2 2 2 2 2 2 2 2 2
left_child=-1 2 3 4 5 10 7 11 14 19 -2 17 13 -3 20 -14 -15 18 -4 -5 21 22 -8 -22 -13 -25
right_child=1 12 6 9 -6 -7 8 -9 -10 -11 -12 24 15 16 -16 -17 -18 -19 -20 -21 23 -23 -24 25 -26 -27
leaf_value=0.29342121784503644 0.053216947679584091 0.080124929619801999 -0.016437347213427225 -0.11484931910037995 -0.087205351723564986 0.42548325977979168 -0.14720630966126919 0.094492090019312788 0.016090134421984356 0.03926361052139795 -0.046748103062311808 0.038455963239950292 0.13826742094010114 0.048424124964352312 -0.13744515078470987 0.052055504560470589 -0.035677579784834823 -0.0053886679866734675 -0.12947514698423188 -0.0406300414460046 -0.093265183164227383 -0.062358045384690572 -0.084970570576602025 -0.061352340208414277 -0.0089078884115142212 -0.020816478796543612
leaf_weight=26 37 37 30 40 27 31 32 44 45 35 30 34 32 29 34 25 27 34 29 28 31 37 29 39 31 31
leaf_count=26 37 37 30 40 27 31 32 44 45 35 30 34 32 29 34 25 27 34 29 28 31 37 29 39 31 31
internal_value=0.00588541 -0.00282779 -0.0163246 0.0308975 0.0912162 0.140373 -0.0387551 0.00375196 -0.0696415 -0.0423047 0.00845648 -0.0215174 0.0608771 0.0366196 -0.0861992 0.100455 0.00787509 -0.0476464 -0.0719983 -0.0842884 -0.0774436 -0.0967551 -0.117619 -0.0587057 0.015867 -0.0434007
internal_weight=884 858 708 228 125 98 480 202 278 103 67 158 150 93 233 57 56 93 59 68 199 98 61 101 65 70
internal_count=884 858 708 228 125 98 480 202 278 103 67 158 150 93 233 57 56 93 59 68 199 98 61 101 65 70
is_linear=0
shrinkage=0.04


Tree=42
num_leaves=27
num_cat=0
split_feature=2 9 8 6 9 9 9 9 5 9 0 9 5 8 0 0 9 0 0 9 8 0 6 9 0 8
split_gain=1275.69 441.35 467.281 555.598 745.702 2657.35 466.142 229.73 192.003 178.189 130.668 112.568 200.228 149.832 107.336 92.31 91.3596 87.9334 83.9609 64.9332 41.9792 41.5223 28.2662 58.5496 11.9845 3.57313
threshold=-2.9592882694284057 1.1267281630237389 -0.63134183865453442 0.18881675943583826 0.58919735509089699 1.0000000180025095e-35 -0.55305561176639195 -0.75462966474120774 1.0000000180025095e-35 0.92515411004892301 1.2485584126215263 1.5298762689733703 -0.71349052288507664 1.0000000180025095e-35 0.74913504757291582 -1.0000000180025095e-35 -1.157777770690839 -1.0000000180025095e-35 -1.0000000180025095e-35 0.3876233021160812 1.0000000180025095e-35 -0.7491350475729156 0.87095276514394182 0.25324060013287075 1.0000000180025095e-35 1.0000000180025095e-35
decision_type=2 2 2 2 2 2 2 2 2 2 2 2 2 2 2 2 2 2 2 2 2 2 2 2 2 2
left_child=-1 2 3 4 5 18 7 14 19 10 20 13 -13 15 16 -3 17 -4 -2 -5 21 -8 23 -22 -23 -18
right_child=1 11 6 8 -6 -7 9 -9 -10 -11 -12 12 -14 -15 -16 -17 25 -19 -20 -21 22 24 -24 -25 -26 -27
leaf_value=0.28168436362193183 0.05201321570078532 0.056661701037965972 -0.091588954949865548 -0.11025534459203482 -0.10782930507659913 0.45138915797074641 -0.055752906970905534 0.10244335628820189 0.037693064630031588 0.01760169459382693 -0.15971419280225582 0.030829495721393162 0.18792819340229033 0.10602340745739638 0.037340112870931627 -0.036125871340433754 0.020315492084393136 -0.0037095533568283607 -0.036509969329461454 -0.029973200868677208 -0.10151731847226619 -0.092594281550376648 -0.020729005093927735 -0.030675689271518165 -0.12674719953536989 -0.00086385982036590577
leaf_weight=26 30 29 49 40 25 30 33 33 35 30 33 27 25 32 50 42 26 29 40 27 40 31 27 35 35 25
leaf_count=26 30 29 49 40 25 30 33 33 35 30 33 27 25 32 50 42 26 29 40 27 40 31 27 35 35 25
internal_value=0.00565 -0.00271468 -0.0161856 0.0310384 0.0875675 0.136417 -0.0387062 0.00546607 -0.0382376 -0.0741779 -0.0859445 0.0583823 0.106358 0.0341617 -0.0124124 0.00177328 -0.0316964 -0.0589158 0.00142854 -0.0779028 -0.0738331 -0.0923881 -0.0558238 -0.0684579 -0.110706 0.00993346
internal_weight=884 858 703 227 125 100 476 212 102 264 234 155 52 103 179 71 129 78 70 67 201 99 102 75 66 51
internal_count=884 858 703 227 125 100 476 212 102 264 234 155 52 103 179 71 129 78 70 67 201 99 102 75 66 51
is_linear=0
shrinkage=0.04


Tree=43
num_leaves=29
num_cat=0
split_feature=2 4 8 7 7 7 7 7 5 4 4 4 7 4 4 4 0 0 4 4 8 7 5 4 4 4 4 4
split_gain=1175.67 495.305 454.411 420.36 1040.44 362.306 247.286 210.041 146.925 136.431 275.204 131.125 125.813 290.527 125.025 103.953 223.008 84.9263 101.596 51.3083 96.9036 60.6527 49.0751 40.5718 71.7083 40.2304 33.7493 9.78321
threshold=-2.9592882694284057 0.60144322229612024 -0.63134183865453442 0.55861543405600889 1.0000000180025095e-35 1.1445794666770477 -0.61331263118606871 -1.1992766638071075 -0.25066273765626779 1.3505370576462379 1.8438427540963152 1.3627174452129063 -1.1992766638071075 -0.12328983792066023 -0.086748675220654506 1.0216665933461864 1.0000000180025095e-35 1.2485584126215263 -0.89065425462078041 -0.18419177575400311 1.0000000180025095e-35 0.26563341774548938 -0.25066273765626779 -0.63486611572074036 -0.098929062787323066 -0.40343875195403744 -0.65922689085407749 -0.54960340275406028
decision_type=2 2 2 2 2 2 2 2 2 2 2 2 2 2 2 2 2 2 2 2 2 2 2 2 2 2 2 2
left_child=-1 2 3 4 8 6 12 11 -2 15 -11 -3 13 -4 -7 16 -9 18 -8 20 21 -20 -14 -10 -25 -24 -22 -5
right_child=1 7 5 27 -6 14 17 9 23 10 -12 -13 22 -15 -16 -17 -18 -19 19 -21 26 -23 25 24 -26 -27 -28 -29
leaf_value=0.2704169928110563 -0.090494512411264272 -0.054061102011264899 -0.16166895270347595 -0.088642321014404293 0.21439453419526014 0.12074470520019531 -0.017659427020698785 0.0024313743313153584 -0.018699004078904787 -0.060662557239885687 0.12351524019241333 0.063291069793701166 -0.030641760097609626 0.027566773042910629 -0.0023239949877773012 0.16711784452199938 0.16248535821071039 -0.1375409335408892 -0.10075999660789967 -0.044548405725031326 -0.029031629988125394 -0.18018217277526855 -0.0011778264312908569 0.085170435077614251 -0.0079004803529152505 0.062530161925724567 -0.087584998640749187 -0.053597078139965351
leaf_weight=26 26 39 25 25 49 25 46 30 30 27 25 25 27 27 28 32 26 35 40 39 28 25 29 27 26 35 36 26
leaf_count=26 26 39 25 25 49 25 46 30 30 27 25 25 27 27 28 32 26 35 40 39 28 25 29 27 26 35 36 26
internal_value=0.005424 -0.00260609 -0.0195799 0.0290723 0.0613019 -0.04243 -0.0557013 0.0518099 -0.00751962 0.0792523 0.0278845 -0.00822041 -0.0137787 -0.0634119 0.0557273 0.109606 0.0767422 -0.0797773 -0.07033 -0.0847517 -0.0969062 -0.131307 0.0145832 0.0184725 0.039513 0.0336625 -0.0619679 -0.0707761
internal_weight=884 858 654 209 158 445 392 204 109 140 52 64 143 52 53 88 56 249 214 168 129 65 91 83 53 64 64 51
internal_count=884 858 654 209 158 445 392 204 109 140 52 64 143 52 53 88 56 249 214 168 129 65 91 83 53 64 64 51
is_linear=0
shrinkage=0.04


Tree=44
num_leaves=29
num_cat=0
split_feature=2 4 8 6 9 9 9 9 9 9 5 9 6 9 9 6 0 4 4 9 4 4 4 8 9 4 6 6
split_gain=1083.5 456.473 418.785 597.429 759.137 2441.13 334.363 254.38 238.772 244.052 215.411 214.754 170.659 155.529 146.523 176.962 109.228 104.802 75.0271 59.5432 286.844 83.2701 52.1798 67.7345 58.7644 53.347 50.9861 46.101
threshold=-2.9592882694284057 0.60144322229612024 -0.63134183865453442 0.52988476228989012 0.58919735509089699 1.0000000180025095e-35 1.193919514015344 -0.55305561176639195 -1.2921604726740494 -0.62024696275799729 1.0000000180025095e-35 -1.5609258766404703 1.0983314337133099 -0.75462966474120774 1.3283022159985547 -0.37962991198758139 1.2485584126215263 -0.89065425462078041 -0.062387900087317351 -1.157777770690839 -0.12328983792066023 -0.20855255088734023 -0.33035642655402603 1.0000000180025095e-35 0.051666547158054986 -0.65922689085407749 -0.15225124341821353 -0.26594057770289742
decision_type=2 2 2 2 2 2 2 2 2 2 2 2 2 2 2 2 2 2 2 2 2 2 2 2 2 2 2 2
left_child=-1 2 3 4 5 27 7 13 11 -10 -5 -3 14 19 15 -11 17 -9 -8 20 -4 -21 23 24 -19 -25 -24 -2
right_child=1 8 6 10 -6 -7 18 16 9 12 -12 -13 -14 -15 -16 -17 -18 22 -20 21 -22 -23 26 25 -26 -27 -28 -29
leaf_value=0.25960030977542586 0.018800073821436277 0.061905371665954591 -0.15085533255133135 -0.11218208328526164 -0.092195801436901093 0.40825968542519742 0.1057204704284668 -0.015052773117067967 0.18687708561237043 0.050430294904443951 0.03210987151265144 -0.099389243040766045 0.13917475615228925 0.06911271385848522 0.095535875417179228 -0.083648524284362799 -0.14494658687535453 -0.090167543600002939 0.007723187080025673 0.039682208839803938 0.027053927794612687 -0.051570257321000103 -0.090192081975936894 -0.027870365466390337 -0.17150903158717687 -0.10743978754832195 -0.010187583519862249 -0.049220967388153077
leaf_weight=26 44 25 29 49 32 34 25 47 26 36 25 28 28 30 33 28 34 30 25 32 29 32 25 28 27 26 26 25
leaf_count=26 44 25 29 49 32 34 25 47 26 36 25 28 28 30 33 28 34 30 25 32 29 32 25 28 27 26 26 25
internal_value=0.00520704 -0.00250185 -0.0187967 0.0279094 0.0779796 0.13085 -0.0407328 -0.0530688 0.0497375 0.0753756 -0.0634348 -0.0233069 0.0521833 -0.0124821 0.0270723 -0.00822919 -0.0784565 -0.0676399 0.0567218 -0.0325464 -0.0619007 -0.00594402 -0.0828966 -0.0982845 -0.128698 -0.0661816 -0.0494055 -0.00584523
internal_weight=884 858 654 209 135 103 445 395 204 151 74 53 125 152 97 64 243 209 50 122 58 64 162 111 57 54 51 69
internal_count=884 858 654 209 135 103 445 395 204 151 74 53 125 152 97 64 243 209 50 122 58 64 162 111 57 54 51 69
is_linear=0
shrinkage=0.04


Tree=45
num_leaves=26
num_cat=0
split_feature=4 9 8 6 9 9 4 4 0 4 4 4 5 6 9 5 0 0 4 4 6 8 6 6 0
split_gain=943.793 410.693 411.185 692.489 1203.11 2685.77 382.11 234.908 200.724 186.133 132.311 132.202 114.649 115.347 136.512 108.396 76.4755 225.469 80.1384 151.578 129.137 73.9156 71.122 70.0112 10.0075
threshold=2.3127876754130554 1.3283022159985547 -0.63134183865453442 0.52988476228989012 0.52200600409929165 1.0000000180025095e-35 -0.35471720168736315 0.010694425312694102 -0.7491350475729156 0.19340023881272278 -0.14765061305399738 0.64407457877946017 1.0000000180025095e-35 0.30250609372052223 1.0000000180025095e-35 -0.25066273765626779 1.2485584126215263 0.74913504757291582 -0.68358766598741461 -0.23291332602067741 -0.15225124341821353 1.0000000180025095e-35 0.41619542800520609 0.30250609372052223 -1.0000000180025095e-35
decision_type=2 2 2 2 2 2 2 2 2 2 2 2 2 2 2 2 2 2 2 2 2 2 2 2 2
left_child=1 2 3 4 5 6 -1 12 -9 -10 15 -11 16 14 21 -5 17 18 20 -20 -4 -14 -3 -13 -15
right_child=-2 22 7 10 -6 -7 -8 8 9 11 -12 23 13 24 -16 -17 -18 -19 19 -21 -22 -23 -24 -25 -26
leaf_value=-0.052964840649172319 0.22497930904914593 0.035193205766899646 -0.1862903510199653 -0.16752273240089416 -0.098443784247273985 0.47648892122609865 0.11566522645395855 0.069399239410025376 0.072859929859638212 -0.102847784639791 -0.0063511909807429587 -0.046175294096876936 -0.047179731541666492 0.0011855105929076673 0.015212402769497462 -0.04973169664144516 -0.13961520467643385 0.038745776326568039 -0.012293305796655742 -0.13563397800922394 -0.074676336285679837 -0.13749146930102643 0.10568255408457956 0.036776252499333133 0.036976019811630248
leaf_weight=43 29 43 27 25 46 29 43 48 25 43 34 41 29 25 28 25 27 27 44 25 43 29 49 27 25
leaf_count=43 29 43 27 25 46 29 43 48 25 43 34 41 29 25 28 25 27 27 44 25 43 29 49 27 25
internal_value=0.00058371 -0.00707214 -0.0167587 0.0258718 0.0744465 0.143603 0.0313502 -0.0371182 -0.000924028 -0.025744 -0.0672298 -0.0479521 -0.0573606 -0.0292315 -0.05732 -0.108627 -0.0771821 -0.0670274 -0.0875732 -0.056982 -0.117727 -0.0923356 0.0727364 -0.0132387 0.0190808
internal_weight=879 850 758 245 161 115 86 513 184 136 84 111 329 136 86 50 193 166 139 69 70 58 92 68 50
internal_count=879 850 758 245 161 115 86 513 184 136 84 111 329 136 86 50 193 166 139 69 70 58 92 68 50
is_linear=0
shrinkage=0.04


Tree=46
num_leaves=26
num_cat=0
split_feature=4 9 8 6 7 9 4 9 7 4 3 6 4 4 9 4 4 4 0 0 6 9 4 4 4
split_gain=870.057 450.802 396.188 602.254 1175.07 2492.4 337.949 240.182 240.441 265.739 210.693 137.047 129.969 117.776 108.85 98.3781 78.6962 66.4071 102.416 60.1881 41.2696 71.3621 41.1846 36.1021 13.975
threshold=1.8742937230129866 1.3283022159985547 -0.63134183865453442 0.52988476228989012 0.55861543405600889 1.0000000180025095e-35 -0.35471720168736315 -0.55305561176639195 -0.90629464749658817 -0.22073293845400885 1.0000000180025095e-35 1.0000000180025095e-35 -0.14765061305399738 0.65625496634612879 -0.082716154825155472 -0.69576805355408322 -0.20855255088734023 0.022874812879362678 1.0000000180025095e-35 1.0000000180025095e-35 0.75726343085925796 0.72358005707410744 -0.65922689085407749 0.16903946367938563 -0.76885037895409469
decision_type=2 2 2 2 2 2 2 2 2 2 2 2 2 2 2 2 2 2 2 2 2 2 2 2 2
left_child=1 2 3 4 5 6 -1 8 17 -10 11 15 24 23 -13 -9 -17 19 -19 -4 21 -16 -22 -3 -5
right_child=-2 13 7 12 -6 -7 -8 10 9 -11 -12 14 -14 -15 20 16 -18 18 -20 -21 22 -23 -24 -25 -26
leaf_value=-0.050846247347288348 0.17392327839677987 0.071818557179743239 -0.099803461545280053 -0.12542922144532204 -0.10613034210421823 0.45742936837262121 0.10868149656625022 -0.14727983377873899 -0.027528302591294049 0.13580592675244108 0.037764742758966262 0.01295460349635074 -0.0020053086858807189 0.14015605682326901 -0.090554586410522456 -0.033906164956398505 -0.11153765783045028 0.026950573819748899 -0.069686956214053297 -0.02112199828028679 -0.056591026416191695 0.0024239387788942881 -0.12849547836184502 0.0072130592346191401 -0.083135029757022846
leaf_weight=43 44 31 35 25 44 29 42 48 30 34 31 38 33 31 25 39 45 47 28 28 26 28 25 25 25
leaf_count=43 44 31 35 25 44 29 42 48 30 34 31 38 33 31 25 39 45 47 28 28 26 28 25 25 25
internal_value=0.000560361 -0.00857493 -0.0185984 0.0236252 0.0694554 0.137225 0.0279792 -0.0386692 -0.00483932 0.059243 -0.0610745 -0.0722571 -0.0636178 0.0776039 -0.0449822 -0.101598 -0.0754945 -0.0345587 -0.00912744 -0.0648339 -0.0661514 -0.0414339 -0.0918383 0.0429768 -0.104282
internal_weight=879 835 748 241 158 114 85 507 202 64 305 274 83 87 142 132 84 138 75 63 104 53 51 56 50
internal_count=879 835 748 241 158 114 85 507 202 64 305 274 83 87 142 132 84 138 75 63 104 53 51 56 50
is_linear=0
shrinkage=0.04


Tree=47
num_leaves=25
num_cat=0
split_feature=7 0 8 6 7 9 9 9 9 0 6 9 6 8 6 6 5 6 0 6 6 8 0 5
split_gain=685.896 416.526 385.008 598.86 905.286 2353.67 273.957 241.868 191.954 151.059 82.7864 71.5721 105.41 114.091 63.0736 62.2729 176.981 133.357 53.5537 47.362 42.6679 34.8705 25.2139 16.7158
threshold=1.1445794666770477 -0.7491350475729156 -0.63134183865453442 0.52988476228989012 0.55861543405600889 1.0000000180025095e-35 -0.55305561176639195 -0.75462966474120774 -0.75462966474120774 1.0000000180025095e-35 0.98464209942862591 0.72358005707410744 0.64357409657457409 1.0000000180025095e-35 0.30250609372052223 -0.83438724912631701 -1.1763183081138855 0.18881675943583826 -1.0000000180025095e-35 -0.72069791484163315 -0.83438724912631701 1.0000000180025095e-35 1.0000000180025095e-35 -0.25066273765626779
decision_type=2 2 2 2 2 2 2 2 2 2 2 2 2 2 2 2 2 2 2 2 2 2 2 2
left_child=2 -2 3 4 5 7 8 -1 15 -3 -5 12 13 19 -11 21 -17 -18 -14 -8 -15 -4 -13 -12
right_child=1 9 6 10 -6 -7 11 -9 -10 14 23 22 18 20 -16 16 17 -19 -20 -21 -22 -23 -24 -25
leaf_value=0.080399640160799035 0.18843609750270843 -0.016564347724965279 0.050010948931729353 -0.105686840099601 -0.11628017433228031 0.43913218580443286 -0.096295673052469888 -0.054503688983921265 0.084317200762884958 0.046733505638634293 -0.047240646150377062 -0.0066352279157173349 0.0078744393587112434 -0.088569703183781642 0.12734440696239471 0.045697143181706916 -0.11248139430176128 -0.015583793812609735 -0.06448826970325576 -0.030810714682867363 -0.15320158456875521 -0.015549046730995178 -0.054012961722910403 -0.0018492985129356385
leaf_weight=50 40 47 27 34 31 29 30 37 35 41 27 41 30 26 25 33 44 47 36 43 44 25 32 25
leaf_count=50 40 47 27 34 31 29 30 37 35 41 27 41 30 26 25 33 44 47 36 43 44 25 32 25
internal_value=0.000537947 0.0775072 -0.0156828 0.0266885 0.0757381 0.127053 -0.0357082 0.023027 -0.00123669 0.0382404 -0.0571521 -0.0615008 -0.0734103 -0.0927092 0.0772679 -0.0182503 -0.0336582 -0.0624354 -0.0315961 -0.0577223 -0.129195 0.0184917 -0.0274035 -0.0254179
internal_weight=879 153 726 233 147 116 493 87 211 113 86 282 209 143 66 176 124 91 66 73 70 52 73 52
internal_count=879 153 726 233 147 116 493 87 211 113 86 282 209 143 66 176 124 91 66 73 70 52 73 52
is_linear=0
shrinkage=0.04


Tree=48
num_leaves=25
num_cat=0
split_feature=4 9 6 4 3 9 9 9 7 4 4 4 7 9 6 4 9 9 9 4 9 6 4 4
split_gain=805.275 314.536 243.481 284.643 204.141 215.542 905.004 471.664 531.406 206.603 149.23 137.731 130.085 129.351 127.052 111.218 88.4017 105.761 87.891 78.6128 64.3967 61.2797 52.9605 47.4635
threshold=2.3127876754130554 1.3283022159985547 -1.5165232548344203 -1.012458130287466 1.0000000180025095e-35 0.45481465310768643 0.32043195112447598 0.11885789814966023 1.0000000180025095e-35 1.106929306312866 0.46136876527943149 -0.22073293845400885 1.0000000180025095e-35 -0.75462966474120774 -0.72069791484163315 0.10813752584604273 -0.55305561176639195 -1.0233950687076285 0.051666547158054986 0.72933729174614026 0.72358005707410744 0.41619542800520609 0.14467868854604846 -0.68358766598741461
decision_type=2 2 2 2 2 2 2 2 2 2 2 2 2 2 2 2 2 2 2 2 2 2 2 2
left_child=1 2 12 18 5 6 7 8 11 10 20 16 -1 14 -13 -15 17 -5 -4 22 -7 -3 -16 -18
right_child=-2 21 3 4 -6 9 -8 -9 -10 -11 -12 13 -14 15 19 -17 23 -19 -20 -21 -22 -23 -24 -25
leaf_value=-0.035821124792099 0.20779204327484657 0.028439378849295684 -0.03414259738700335 -0.063503677634631897 0.082706521193186444 -0.083882274104327692 0.22811087797795021 -0.14316269110988927 0.171003084922659 0.052832642151759222 -0.15631810821019687 0.063541616369038822 -0.16485947103500365 0.12046790066464194 -0.039931839897352106 0.0076542661587397252 -0.028837585449218751 0.02831348015917275 -0.11327788288923021 -0.078613272146745169 -0.015287296112547531 0.093869832729806701 0.029223346581330172 -0.099441303236362272
leaf_weight=25 29 43 43 34 45 41 28 37 29 26 26 32 25 29 34 27 25 49 47 33 47 49 37 39
leaf_count=25 29 43 43 34 45 41 28 37 29 26 26 32 25 29 34 27 25 49 47 33 47 49 37 39
internal_value=0.000516429 -0.00655533 -0.0150324 -0.00900781 0.000670977 -0.0057716 0.00817822 -0.007027 0.00666055 -0.0489164 -0.0721223 -0.00739825 -0.10034 0.014911 -0.0061568 0.0660756 -0.0365368 -0.00929837 -0.0754688 -0.0276025 -0.0472463 0.0632882 -0.00389322 -0.0718617
internal_weight=879 850 758 708 618 573 433 405 368 140 114 339 50 192 136 56 147 83 90 104 88 92 71 64
internal_count=879 850 758 708 618 573 433 405 368 140 114 339 50 192 136 56 147 83 90 104 88 92 71 64
is_linear=0
shrinkage=0.04


Tree=49
num_leaves=28
num_cat=0
split_feature=4 9 8 6 7 9 4 4 6 0 4 5 4 8 5 5 6 7 0 0 0 4 4 8 6 6 4
split_gain=742.142 289.876 319.732 542.422 932.473 2061.14 311.419 184.333 185.949 143.018 159.672 146.947 106.34 104.33 95.2527 93.2957 97.2768 121.32 72.2582 97.8298 157.029 96.1821 122.178 64.341 56.4754 30.007 10.33
threshold=2.3127876754130554 1.3283022159985547 -0.63134183865453442 0.52988476228989012 0.55861543405600889 1.0000000180025095e-35 -0.35471720168736315 0.010694425312694102 1.3257101022826776 -0.7491350475729156 0.22994140151272849 -0.25066273765626779 -0.14765061305399738 1.0000000180025095e-35 -0.25066273765626779 1.0000000180025095e-35 0.30250609372052223 1.0000000180025095e-35 -1.2485584126215259 1.2485584126215263 0.74913504757291582 -0.68358766598741461 -0.33035642655402603 1.0000000180025095e-35 0.41619542800520609 0.18881675943583826 -0.54960340275406028
decision_type=2 2 2 2 2 2 2 2 2 2 2 2 2 2 2 2 2 2 2 2 2 2 2 2 2 2 2
left_child=1 2 3 4 5 6 -1 15 9 -9 -11 -12 14 -13 -5 18 17 23 -4 20 21 25 -23 -17 -3 -20 -18
right_child=-2 24 7 12 -6 -7 -8 8 -10 10 11 13 -14 -15 -16 16 26 -19 19 -21 -22 22 -24 -25 -26 -27 -28
leaf_value=-0.047419624037520834 0.19948036144519674 0.027301801048045932 -0.12761024719902447 -0.15155988517403604 -0.086055897914845011 0.41865277169079618 0.1048149806157101 0.048295515963807704 0.096642972230911256 0.048100503210264905 0.008183210849761962 -0.056350944638252257 -0.0046599144444746136 -0.1627182333946228 -0.041140955644845968 -0.041615576579652987 0.037607282453775412 0.017641735156731946 -0.13402074707878961 -0.12774637429802507 0.04202454785505931 0.028114344888720017 -0.087996374453450085 -0.12587530604724226 0.090115037161704839 -0.073814665592060638 0.0012447442054748536
leaf_weight=43 29 43 28 25 46 29 43 40 27 26 30 36 34 25 25 29 25 28 27 27 27 29 29 29 49 26 25
leaf_count=43 29 43 28 25 46 29 43 40 27 26 30 36 34 25 25 29 25 28 27 27 27 29 29 29 49 26 25
internal_value=0.000495772 -0.00629311 -0.0144311 0.0231608 0.0661513 0.127034 0.0286977 -0.0323843 -0.00032228 -0.0169978 -0.0393203 -0.0642977 -0.0592376 -0.0999441 -0.0963504 -0.0503157 -0.0249409 -0.0507357 -0.0681964 -0.058114 -0.0444903 -0.0655344 -0.029941 -0.0837454 0.0607567 -0.104486 0.019426
internal_weight=879 850 758 245 161 115 86 513 184 157 117 91 84 61 50 329 136 86 193 165 138 111 58 58 92 53 50
internal_count=879 850 758 245 161 115 86 513 184 157 117 91 84 61 50 329 136 86 193 165 138 111 58 58 92 53 50
is_linear=0
shrinkage=0.04


Tree=50
num_leaves=25
num_cat=0
split_feature=4 7 2 7 7 4 4 4 8 7 7 0 7 7 7 4 4 0 5 4 4 4 8 4
split_gain=1266.62 314.565 223.534 107.725 198.017 119.299 108.392 147.255 105.765 293.473 452.166 84.5802 66.186 61.1491 86.8067 61.8697 127.426 55.6488 41.5171 34.0919 126.194 37.0427 31.4963 22.1442
threshold=2.3127876754130554 1.4375614829875671 1.0000000180025095e-35 -0.61331263118606871 -1.1992766638071075 1.1678312441462091 0.12031791341271131 -0.22073293845400885 -0.63134183865453442 0.55861543405600889 1.0000000180025095e-35 -1.0000000180025095e-35 -1.4922586801176267 1.0000000180025095e-35 1.1445794666770477 -0.18419177575400311 -0.63486611572074036 1.2485584126215263 -0.71349052288507664 -0.89065425462078041 -0.69576805355408322 -0.45216030222071174 1.0000000180025095e-35 0.38828643987942002
decision_type=2 2 2 2 2 2 2 2 2 2 2 2 2 2 2 2 2 2 2 2 2 2 2 2
left_child=1 2 -1 4 12 8 7 22 9 10 -5 -3 23 15 17 16 -10 19 -14 -15 -21 -22 -6 -4
right_child=-2 11 3 5 6 -7 -8 -9 13 -11 -12 -13 18 14 -16 -17 -18 -19 -20 20 21 -23 -24 -25
leaf_value=0.061571406788296167 0.23927706211805344 0.009047400622532285 0.011325997664378241 -0.062646673606789632 0.036281227638324101 0.035201838254928591 -0.032603693466920117 0.12776191709133294 -0.0052381974144985804 -0.099033918697783288 0.11777596070322879 0.097036841982467606 -0.043096477438004745 -0.045745586037635802 -0.014618948549032212 0.010984841479409127 -0.11025581492318047 -0.14163617320060731 -0.10856127412088457 -0.15882241648846659 -0.022490574640256389 -0.085246525424368239 -0.019715515315532683 -0.039939006652150832
leaf_weight=45 32 29 26 46 45 30 39 26 38 47 43 44 31 40 32 31 36 25 31 29 27 34 25 28
leaf_count=45 32 29 26 46 45 30 39 26 38 47 43 44 31 40 32 31 36 25 31 29 27 34 25 28
internal_value=-0.00764757 -0.0172021 -0.0248781 -0.0303651 -0.00930348 -0.0419076 0.0236299 0.0464748 -0.0473124 -0.0181763 0.0245238 0.0620821 -0.0476311 -0.0608827 -0.074599 -0.0364546 -0.0563278 -0.086982 -0.0758289 -0.0764715 -0.0901275 -0.0574693 0.0162824 -0.0152559
internal_weight=859 827 754 709 251 458 135 96 428 136 89 73 116 292 187 105 74 155 62 130 90 61 70 54
internal_count=859 827 754 709 251 458 135 96 428 136 89 73 116 292 187 105 74 155 62 130 90 61 70 54
is_linear=0
shrinkage=0.04


Tree=51
num_leaves=27
num_cat=0
split_feature=4 7 3 9 9 9 4 9 4 6 6 7 4 4 9 4 4 5 6 5 6 6 4 6 6 5
split_gain=1167.32 289.903 189.975 174.827 447.443 627.678 169.311 164.073 224.64 162.801 701.823 340.905 236.075 182.475 175.304 180.776 164.953 157.364 153.771 87.0939 72.0144 39.1608 23.3189 23.0003 10.8182 0.001688
threshold=2.3127876754130554 1.4375614829875671 1.0000000180025095e-35 0.051666547158054986 0.3876233021160812 0.58919735509089699 1.1678312441462091 1.193919514015344 -0.58614456545406601 -1.1754552519803687 -0.83438724912631701 -0.32033061487554942 -0.46434068978738036 -0.72012882868742045 -1.0233950687076285 0.10813752584604273 -0.18419177575400311 -0.25066273765626779 0.41619542800520609 -0.71349052288507664 0.30250609372052223 1.0000000180025095e-35 -0.24509371358734597 -0.15225124341821353 -0.49331924627226525 -1.6391460933426945
decision_type=2 2 2 2 2 2 2 2 2 2 2 2 2 2 2 2 2 2 2 2 2 2 2 2 2 2
left_child=1 2 3 9 17 -6 7 8 21 11 -11 22 13 20 19 16 -16 -5 -3 25 -12 -7 -1 -10 -4 -14
right_child=-2 18 24 4 5 6 -8 -9 23 10 12 -13 14 -15 15 -17 -18 -19 -20 -21 -22 -23 -24 -25 -26 -27
leaf_value=0.020716398365509054 0.22970597840845586 0.0097228254094010296 0.070062666320800784 -0.18313299596309662 0.13848520404461659 -0.072603889679908745 0.033793764630953474 0.0010071630413467818 -0.12912472035288811 0.15441953520949295 -0.071604617449545091 -0.1831554507292234 -0.0049424845576286312 -0.13310129756844322 0.018385351383510759 -0.028032235339283944 0.14491653539240359 -0.073511322468519213 0.1271728143768926 -0.087689233246971574 0.012114884734153748 -0.0018042619884014129 -0.032357796872103654 -0.18285944218818959 0.032850702571868895 -0.004477657198905945
leaf_weight=26 32 42 25 44 33 25 30 37 25 41 31 26 25 43 34 40 32 40 31 34 35 25 27 26 25 25
leaf_count=26 32 42 25 44 33 25 30 37 25 41 31 26 25 43 34 40 32 40 31 34 35 25 27 26 25 25
internal_value=-0.00734166 -0.016514 -0.023883 -0.0292339 -0.0534031 -0.0210029 -0.0523309 -0.0710536 -0.0974522 -0.0127941 -0.000775508 -0.0645199 -0.0220564 -0.0689824 0.00486423 0.0390674 0.0797338 -0.130932 0.0595988 -0.0382969 -0.0272079 -0.0372041 -0.0063214 -0.156519 0.0514567 -0.00471007
internal_weight=859 827 754 704 285 201 168 138 101 419 340 79 299 109 190 106 66 84 73 84 66 50 53 51 50 50
internal_count=859 827 754 704 285 201 168 138 101 419 340 79 299 109 190 106 66 84 73 84 66 50 53 51 50 50
is_linear=0
shrinkage=0.04


Tree=52
num_leaves=26
num_cat=0
split_feature=2 9 5 9 9 9 6 6 0 9 9 9 6 6 5 6 8 6 9 9 6 8 0 9 6
split_gain=688.085 385.684 297.799 134.713 106.192 161.796 197.287 192.661 154.379 132.552 470 460.484 286.492 869.409 153.06 148.518 172.855 139.76 95.5266 84.2515 64.8505 58.6371 42.8975 50.6386 4.67674
threshold=-1.6916913147484629 1.3954935669901598 -0.71349052288507664 -1.5609258766404703 -1.2921604726740494 -0.6874383137496024 -1.5165232548344203 0.87095276514394182 1.0000000180025095e-35 0.3876233021160812 0.051666547158054986 0.58919735509089699 -1.1754552519803687 -0.72069791484163315 -0.25066273765626779 -1.0617659176956848 1.0000000180025095e-35 1.0000000180025095e-35 -1.4265431746572599 1.193919514015344 0.30250609372052223 -0.63134183865453442 -0.7491350475729156 -0.35148155879157633 0.075127425151154323
decision_type=2 2 2 2 2 2 2 2 2 2 2 2 2 2 2 2 2 2 2 2 2 2 2 2 2
left_child=-1 3 -3 -2 18 7 -7 8 24 10 12 -11 -8 -14 -12 -13 19 -15 -5 21 -18 -17 -19 -24 -6
right_child=1 2 -4 4 5 6 9 -9 -10 11 14 15 13 17 -16 16 20 22 -20 -21 -22 -23 23 -25 -26
leaf_value=0.16665774856294907 0.045065325872842656 -0.018086331470592604 0.13362277393447275 -0.024801675379276276 -0.010227645645673212 -0.13520398641454764 -0.13519828040599824 -0.070648487576029512 0.094481381811994183 0.13294579560106451 -0.17869427836218546 0.060764318029582508 0.21181584690298355 -0.11593228004596851 -0.067725621429649566 -0.13463479107038842 -0.03093444273162347 -0.048952045454220335 -0.1259698015730828 -0.018841957092285155 0.057574247922058459 -0.061925465319837843 -0.02722162880243794 0.046989137296165738 0.011667054836396818
leaf_weight=35 43 37 47 28 37 29 25 33 47 33 43 25 28 27 37 36 26 33 32 30 27 35 31 28 27
leaf_count=35 43 37 47 28 37 29 25 33 47 33 43 25 28 27 37 36 26 33 32 30 27 35 31 28 27
internal_value=-0.007048 -0.0144263 0.0667985 -0.0236464 -0.0278854 -0.0230937 -0.0339888 0.014207 0.0394343 -0.0276628 -0.0472721 -0.00435365 -0.0100167 0.0112727 -0.127371 -0.0296658 -0.0443461 -0.035914 -0.078758 -0.0750446 0.0141549 -0.0987922 -0.0124303 0.00799704 -0.000990819
internal_weight=859 824 84 740 697 637 493 144 111 464 252 212 172 147 80 179 154 119 60 101 53 71 92 59 64
internal_count=859 824 84 740 697 637 493 144 111 464 252 212 172 147 80 179 154 119 60 101 53 71 92 59 64
is_linear=0
shrinkage=0.04


Tree=53
num_leaves=28
num_cat=0
split_feature=4 7 3 9 9 9 0 9 7 4 8 6 9 4 6 6 6 4 4 4 0 5 6 6 9 6 6
split_gain=1063.43 245.407 155.571 150.81 375.196 537.223 158.121 483.726 257.912 154.522 148.209 145.379 144.285 204.305 96.5275 276.966 128.086 133.564 119.489 78.3052 69.8452 59.9021 36.4153 27.4518 26.0989 21.5207 11.5771
threshold=2.3127876754130554 1.4375614829875671 1.0000000180025095e-35 0.051666547158054986 0.3876233021160812 0.58919735509089699 -0.7491350475729156 -0.14990750581676068 -0.32033061487554942 1.1678312441462091 -0.63134183865453442 0.41619542800520609 1.193919514015344 -0.58614456545406601 0.41619542800520609 0.75726343085925796 -0.83438724912631701 -0.46434068978738036 0.25430217664606569 0.36392566474608284 0.74913504757291582 1.1378206180301593 1.0000000180025095e-35 1.2120207679979937 0.18604924914126547 -0.15225124341821353 -0.49331924627226525
decision_type=2 2 2 2 2 2 2 2 2 2 2 2 2 2 2 2 2 2 2 2 2 2 2 2 2 2 2
left_child=1 2 3 6 10 -6 8 14 19 12 -5 -3 13 22 16 -16 20 -18 -19 21 -8 -1 -7 -17 -12 -15 -4
right_child=-2 11 26 4 5 9 7 -9 -10 -11 24 -13 -14 25 15 23 17 18 -20 -21 -22 -23 -24 -25 -26 -27 -28
leaf_value=0.035226134195923804 0.21948808666318656 0.0060117891856602259 0.065124207401275641 -0.19994204353827699 0.12762796445326371 -0.068225818246603009 -0.023089788068424572 0.14156213055054345 -0.15892897371892575 0.033372966051101682 -0.11477906502210176 0.12021208815036281 0.00078520327001004606 -0.12137742491960525 0.12573790318436093 -0.05844113112560341 -0.12012926440489921 0.024293780454567503 -0.085500779388279755 -0.076107196552412854 0.056868634306151293 -0.038853616262635879 4.6838374808430672e-05 -0.0019128897013487639 -0.060825095623731618 -0.17335508838295938 0.026629114627838135
leaf_weight=40 32 42 25 26 33 25 44 36 27 30 26 31 37 25 27 28 38 35 29 28 29 31 25 27 32 26 25
leaf_count=40 32 42 25 26 33 25 44 36 27 30 26 31 37 25 27 28 38 35 29 28 29 31 25 27 32 26 25
internal_value=-0.00676608 -0.0155208 -0.0223007 -0.0271429 -0.0495906 -0.0199213 -0.0118741 0.00423975 -0.0493452 -0.0489042 -0.120585 0.0545078 -0.0667905 -0.091546 -0.0149961 0.0208161 -0.0317766 -0.060727 -0.0254569 -0.0194588 0.00867452 0.00288145 -0.0340895 -0.0306909 -0.0850114 -0.147876 0.0458767
internal_weight=859 827 754 704 285 201 419 293 126 168 84 73 138 101 257 82 175 102 64 99 73 71 50 55 58 51 50
internal_count=859 827 754 704 285 201 419 293 126 168 84 73 138 101 257 82 175 102 64 99 73 71 50 55 58 51 50
is_linear=0
shrinkage=0.04


Tree=54
num_leaves=24
num_cat=0
split_feature=4 7 2 6 0 0 4 4 4 6 6 6 6 4 7 8 4 4 7 6 4 7 6
split_gain=980.061 226.167 157.166 133.982 89.56 227.115 127.502 123.085 331.008 72.3352 450.81 240.235 260.508 203.194 109.759 108.895 204.229 112.382 155.201 97.4705 52.8982 42.7062 7.85281
threshold=2.3127876754130554 1.4375614829875671 1.0000000180025095e-35 0.41619542800520609 0.74913504757291582 1.2485584126215263 -0.75666999138742608 0.15685907611271704 -0.34253681412069453 -1.1754552519803687 -0.83438724912631701 -0.15225124341821353 0.075127425151154323 -0.50088185248738604 -0.61331263118606871 1.0000000180025095e-35 -0.33035642655402603 0.095957138279374146 -0.32033061487554942 -0.49331924627226525 0.035055200446031262 0.26563341774548938 0.75726343085925796
decision_type=2 2 2 2 2 2 2 2 2 2 2 2 2 2 2 2 2 2 2 2 2 2 2
left_child=1 2 -1 -3 9 7 -7 8 -6 14 -11 13 -13 -12 -4 17 -17 18 -14 -15 -8 -20 -19
right_child=-2 3 4 -5 5 6 20 -9 -10 10 11 12 15 19 -16 16 -18 22 21 -21 -22 -23 -24
leaf_value=0.051080082707934904 0.2107085649855435 0.005771316786607107 -0.011364965349435808 0.11540360528615214 0.0015472250555952391 -0.1217995843525838 -0.048041582718491557 -0.031294336160024007 0.17661552830978675 0.087021161429584035 -0.15894531269205942 0.085597593476695391 0.019585147428573396 0.0044528918564319606 -0.10970864305029744 -0.061721458982898519 0.060858106335928273 -0.089869673933301655 -0.1038797860675388 -0.098387306823298853 0.024419658713870578 -0.036603324825947102 -0.12071301078796387
leaf_weight=45 32 42 30 31 48 27 40 30 27 48 45 31 49 30 46 44 43 28 36 29 27 26 25
leaf_count=45 32 42 30 31 48 27 40 30 27 48 45 31 49 30 46 44 43 28 36 29 27 26 25
internal_value=-0.00649543 -0.0148999 -0.0214087 0.0523275 -0.0260095 -0.00325058 -0.0484141 0.0371815 0.0645718 -0.03489 -0.0285861 -0.0429621 -0.0237985 -0.0949248 -0.0708888 -0.0373096 -0.00113616 -0.0564992 -0.0336188 -0.0460957 -0.0188408 -0.0756671 -0.104418
internal_weight=859 827 754 73 709 199 94 105 75 510 434 386 282 104 76 251 87 164 111 59 67 62 53
internal_count=859 827 754 73 709 199 94 105 75 510 434 386 282 104 76 251 87 164 111 59 67 62 53
is_linear=0
shrinkage=0.04


Tree=55
num_leaves=26
num_cat=0
split_feature=4 4 8 0 9 9 0 8 0 5 9 9 4 0 4 4 9 4 9 0 4 4 0 4 5
split_gain=899.123 351.123 168.732 162.895 159.557 241.291 446.675 203.897 490.706 385.954 182.612 202.172 142.847 142.702 83.6274 82.5873 66.5338 66.0409 64.9382 58.1091 80.0141 62.3253 37.6425 31.945 31.064
threshold=2.3127876754130554 0.010694425312694102 1.0000000180025095e-35 0.74913504757291582 0.051666547158054986 0.3876233021160812 0.74913504757291582 -0.63134183865453442 -0.7491350475729156 1.0000000180025095e-35 0.58919735509089699 1.2611108650069494 0.64407457877946017 -0.7491350475729156 -0.59832495302073463 -1.0611796805541405 -0.6874383137496024 1.3505370576462379 0.52200600409929165 -0.7491350475729156 -0.64704650328740898 -0.35471720168736315 -0.7491350475729156 0.32738450204607711 1.0000000180025095e-35
decision_type=2 2 2 2 2 2 2 2 2 2 2 2 2 2 2 2 2 2 2 2 2 2 2 2 2
left_child=1 4 12 18 7 6 22 8 -1 -10 -7 14 16 -14 -12 -9 -3 -15 -4 -17 -21 -22 -6 -18 -23
right_child=-2 2 3 -5 5 10 -8 15 9 -11 11 -13 13 17 -16 19 23 -19 -20 20 21 24 -24 -25 -26
leaf_value=-0.10528369312102978 0.23373517888149731 -0.073473029905749915 0.079054960376686523 0.15055459242314101 -0.12069059656216549 0.061661582510722311 0.040851638775605423 0.041021488733016531 0.21405380027634757 0.027185686106483142 -0.045300132134493361 0.044782608709027692 0.11510459469210718 0.043210728387037912 -0.13470479754301218 0.0025756170697834179 0.029644408140863693 -0.034195693114708207 0.0019702254936975593 -0.095640594639429241 0.019880536144663549 -0.022300127828121186 -0.18423003513472419 -0.032564185571670533 -0.085357163274288175
leaf_weight=26 27 31 36 32 26 38 26 26 28 48 47 31 31 45 26 46 28 29 34 41 29 25 35 25 25
leaf_count=26 27 31 36 32 26 38 26 26 28 48 47 31 31 45 26 46 28 29 34 41 29 25 35 25 25
internal_value=0.00664318 -0.000889357 0.03433 0.0757913 -0.0204856 -0.0455192 -0.0979754 -0.000986669 0.0447161 0.0960318 -0.0133805 -0.0407997 0.0119541 0.0430576 -0.0771429 -0.0252663 -0.0269253 0.0128758 0.0416138 -0.0356487 -0.0503013 -0.0267708 -0.157148 0.000300732 -0.0538286
internal_weight=841 814 291 102 523 229 87 294 102 76 142 104 189 105 73 192 84 74 70 166 120 79 61 53 50
internal_count=841 814 291 102 523 229 87 294 102 76 142 104 189 105 73 192 84 74 70 166 120 79 61 53 50
is_linear=0
shrinkage=0.04


Tree=56
num_leaves=26
num_cat=0
split_feature=4 4 9 9 0 6 6 7 6 6 7 7 4 4 0 6 9 0 4 4 4 6 0 9 0
split_gain=828.632 323.595 147.048 222.374 411.655 236.892 469.743 127.55 134.969 522.098 192.529 112.041 143.866 362.468 215.84 184.403 98.2401 83.5562 80.7104 151.935 110.615 60.4046 55.6636 43.5835 38.9854
threshold=2.3127876754130554 0.010694425312694102 0.051666547158054986 0.3876233021160812 0.74913504757291582 0.41619542800520609 -0.26594057770289742 -1.1992766638071075 -1.1754552519803687 -0.83438724912631701 -0.61331263118606871 1.4375614829875671 1.0216665933461864 1.3505370576462379 0.74913504757291582 0.52988476228989012 0.79077140806571256 -1.0000000180025095e-35 -0.84193270435410617 -0.70794844112075184 -0.46434068978738036 0.18881675943583826 1.0000000180025095e-35 0.85796275905731789 -1.0000000180025095e-35
decision_type=2 2 2 2 2 2 2 2 2 2 2 2 2 2 2 2 2 2 2 2 2 2 2 2 2
left_child=1 2 7 4 21 6 23 22 10 -10 -9 12 14 -14 15 17 -7 -3 -11 -20 -21 -4 -1 -5 -22
right_child=-2 11 3 5 -6 16 -8 8 9 18 -12 -13 13 -15 -16 -17 -18 -19 19 20 24 -23 -24 -25 -26
leaf_value=-0.099434812561823765 0.22438576738039653 0.043300741339723274 -0.1863326706605799 -0.076412676828248163 0.039217573541861318 -0.12402759430869933 0.15356950648369327 0.041611798816174266 0.18693317668778556 -0.059571931362152102 -0.10554983509309365 0.091763083304871207 0.15818568506756345 -0.014497223423748483 0.073513883203268057 -0.090902650170856053 -0.018595169782638549 -0.043646643262888703 0.10174836640357972 -0.06719324053210371 0.059664610761862538 -0.1061946568031002 -0.015841008305549624 -0.004492257374983568 -0.0026592211088254337
leaf_weight=26 27 48 34 28 26 31 31 25 28 30 33 44 37 41 48 45 26 28 25 34 26 27 25 26 42
leaf_count=26 27 48 34 28 26 31 31 25 28 30 33 44 37 41 48 45 26 28 25 34 26 27 25 26 42
internal_value=0.00637745 -0.000853783 -0.0196662 -0.0436984 -0.0940564 -0.0128453 0.0294624 -0.000947202 0.0111229 0.0278146 -0.0421181 0.0329568 0.0224812 0.0674165 0.00174187 -0.0267297 -0.0759356 0.0112675 -0.000563225 0.0133758 -0.00828409 -0.150862 -0.0584575 -0.0417843 0.0211705
internal_weight=841 814 523 229 87 142 85 294 243 185 58 291 247 78 169 121 57 76 157 127 102 61 51 54 68
internal_count=841 814 523 229 87 142 85 294 243 185 58 291 247 78 169 121 57 76 157 127 102 61 51 54 68
is_linear=0
shrinkage=0.04


Tree=57
num_leaves=26
num_cat=0
split_feature=7 2 9 9 0 6 6 8 6 8 8 6 6 0 6 9 9 9 9 6 0 8 0 7 7
split_gain=466.224 208.741 261.345 272.761 405.092 157.799 407.923 200.809 145.067 446.898 245.293 257.421 142.557 132.364 129.077 119.332 116.156 98.1782 91.3578 70.3361 50.0992 63.097 31.6295 5.58724 0.612146
threshold=1.4375614829875671 -1.6916913147484629 0.051666547158054986 0.3876233021160812 0.74913504757291582 0.41619542800520609 1.0000000180025095e-35 1.0000000180025095e-35 -0.60700858055694906 -0.63134183865453442 1.0000000180025095e-35 0.30250609372052223 -0.60700858055694906 1.2485584126215263 -1.1754552519803687 -1.0233950687076285 -1.493734525648865 0.92515411004892301 -0.55305561176639195 0.18881675943583826 -0.7491350475729156 -0.63134183865453442 1.0000000180025095e-35 -0.90629464749658817 0.85159745036652823
decision_type=2 2 2 2 2 2 2 2 2 2 2 2 2 2 2 2 2 2 2 2 2 2 2 2 2
left_child=1 -1 8 4 19 6 14 24 9 -3 13 -12 -2 15 -5 16 -10 -16 22 -4 -17 -22 -11 -13 -7
right_child=12 2 3 5 -6 7 -8 -9 10 18 11 23 -14 -15 17 20 -18 -19 -20 -21 21 -23 -24 -25 -26
leaf_value=0.095501329104105623 0.029634718940808224 0.14523867729740839 -0.1878737576348441 0.047201422987313113 0.03764887088193343 -0.1014225708514452 0.13481833349694225 0.021281785450198432 0.0031629025965929031 0.00038896300608203525 -0.03734067287296057 0.093741068977576031 0.14728415694004959 -0.11058929996831078 -0.10251935058656861 -0.030095426196401771 -0.11114295973922268 -0.011084804251080467 -0.055630876176497514 -0.10194687199951322 0.069517494002074909 -0.0081260499160955933 0.05271948007020083 0.11996435191768866 -0.11027438774108887
leaf_weight=33 26 48 35 29 26 25 34 33 25 42 32 26 45 28 34 33 33 42 34 27 33 34 33 26 25
leaf_count=33 26 48 35 29 26 25 34 33 25 42 32 26 45 28 34 33 33 42 34 27 33 34 33 26 25
internal_value=0.00612235 -0.00292129 -0.00732827 -0.0352837 -0.0948781 -0.0116607 0.0143989 -0.0553027 0.0129673 0.0435419 -0.00481135 0.0519219 0.104201 -0.0304328 -0.0245941 -0.0162279 -0.0618732 -0.0519897 -0.00124193 -0.150454 0.0102464 0.0301163 0.0234144 0.106853 -0.105848
internal_weight=841 770 737 310 88 222 139 83 427 157 270 84 71 186 105 158 58 76 109 62 100 67 75 52 50
internal_count=841 770 737 310 88 222 139 83 427 157 270 84 71 186 105 158 58 76 109 62 100 67 75 52 50
is_linear=0
shrinkage=0.04


Tree=58
num_leaves=25
num_cat=0
split_feature=4 4 8 6 6 4 9 6 6 0 9 8 0 6 6 9 4 4 6 8 9 9 9 0
split_gain=760.388 284.422 146.169 336.113 319.02 211.812 122.744 188.356 680.078 238.171 200.811 173.986 444.39 368.73 124.05 118.819 76.4083 72.5838 72.1149 60.4404 58.8817 56.2793 85.4785 92.5019
threshold=2.3127876754130554 0.010694425312694102 1.0000000180025095e-35 0.41619542800520609 -0.72069791484163315 1.0216665933461864 0.051666547158054986 0.30250609372052223 -0.15225124341821353 0.74913504757291582 0.58919735509089699 -0.63134183865453442 -0.7491350475729156 -0.60700858055694906 0.64357409657457409 -1.0905864196992339 -1.0611796805541405 0.70497651661280314 0.30250609372052223 -0.63134183865453442 0.72358005707410744 -0.28429020779997111 -1.0233950687076285 -1.0000000180025095e-35
decision_type=2 2 2 2 2 2 2 2 2 2 2 2 2 2 2 2 2 2 2 2 2 2 2 2
left_child=1 6 4 17 5 -3 11 8 9 10 -8 12 -1 -14 -9 -6 -13 -4 -17 -20 -16 22 -18 -24
right_child=-2 2 3 -5 15 -7 7 14 -10 -11 -12 16 13 -15 20 18 21 -19 19 -21 -22 -23 23 -25
leaf_value=-0.10211216219342673 0.21471567622489399 0.017510133087635042 0.046960080765626008 0.15602511312280384 -0.081583622694015506 0.17769597129821776 -0.16994032724815256 -0.15818995630511873 0.15768299542553724 0.030292585654692217 -0.035278974038523599 0.039747320757462429 0.18739214647342178 0.01019481119300638 -0.086205800117515941 -0.040083679378032686 -0.063295049128884617 -0.041822824432299691 0.069055468559265143 -0.013437833145812705 -0.010956303530505725 -0.070516440902332153 0.055614947431227739 -0.034124162452295423
leaf_weight=26 27 28 34 42 39 25 34 26 30 33 37 26 34 42 41 40 44 26 30 27 28 48 34 40
leaf_count=26 27 28 34 42 39 25 34 26 30 33 37 26 34 42 41 40 44 26 30 27 28 48 34 40
internal_value=0.00587746 -0.00104961 0.0306485 0.0692383 0.00982231 0.0930695 -0.0186866 -0.0406432 -0.0100981 -0.0584965 -0.0997647 -0.00158436 0.0406333 0.0894673 -0.0837279 -0.0226196 -0.0240125 0.00848749 0.00108758 0.0299797 -0.0556698 -0.033999 -0.0191444 0.00710732
internal_weight=841 814 291 102 189 53 523 229 134 104 71 294 102 76 95 136 192 60 97 57 69 166 118 74
internal_count=841 814 291 102 189 53 523 229 134 104 71 294 102 76 95 136 192 60 97 57 69 166 118 74
is_linear=0
shrinkage=0.04


Tree=59
num_leaves=26
num_cat=0
split_feature=4 4 8 6 6 4 5 7 4 8 6 6 5 4 4 7 4 4 6 0 0 4 0 7 7
split_gain=700.774 262.123 134.709 309.762 294.009 195.206 96.1225 168.604 95.9354 220.13 527.986 705.852 379.809 139.26 161.856 116.858 76.4265 66.8932 54.4584 73.5542 153.458 99.3297 89.827 174.531 49.9201
threshold=2.3127876754130554 0.010694425312694102 1.0000000180025095e-35 0.41619542800520609 -0.72069791484163315 1.0216665933461864 -0.25066273765626779 -1.1992766638071075 -0.97591696758746049 -0.63134183865453442 0.30250609372052223 -1.0617659176956848 1.0000000180025095e-35 -1.0611796805541405 -1.1342620059541517 1.0000000180025095e-35 0.43700799014609432 0.70497651661280314 1.0983314337133099 1.0000000180025095e-35 1.2485584126215263 -0.64704650328740898 -0.7491350475729156 -0.32033061487554942 -0.32033061487554942
decision_type=2 2 2 2 2 2 2 2 2 2 2 2 2 2 2 2 2 2 2 2 2 2 2 2 2
left_child=1 8 4 17 5 -3 7 -6 13 10 11 -10 -12 14 15 -1 -8 -4 19 22 21 -21 23 -11 -24
right_child=-2 2 3 -5 6 -7 16 -9 9 18 12 -13 -14 -15 -16 -17 -18 -19 -20 20 -22 -23 24 -25 -26
leaf_value=-0.0025778661727905274 0.20612705179938562 0.016809729167393275 0.045081678330898288 0.1497841113805771 -0.055812497474253181 0.17058813133239745 -0.0054217922687530519 0.069571495619980064 -0.058404838698250909 0.070769516046230607 -0.13640716115365156 0.19335431045415452 0.065414396491646765 -0.13428345031738281 0.051693413427897864 -0.11967342521746954 -0.092039754543548985 -0.040149911366976224 -0.07123392961746039 0.099729734659194949 -0.068855032144170825 0.0010457204139613092 -0.11745969609805831 -0.063726146064306571 -0.045926957774806668
leaf_weight=25 27 28 34 42 32 25 28 37 28 26 37 49 25 25 28 30 39 26 43 25 33 47 27 38 37
leaf_count=25 27 28 34 42 32 25 28 37 28 26 37 49 25 25 28 30 39 26 43 25 33 47 27 38 37
internal_value=0.00564236 -0.00100762 0.0294226 0.0664687 0.00942942 0.0893467 -0.0217148 0.0114224 -0.0179392 -0.00919966 0.0318512 0.101806 -0.0550275 -0.0515215 -0.0265932 -0.0664482 -0.0558412 0.00814799 -0.0298738 -0.0222409 0.00257311 0.035311 -0.0425961 -0.00908728 -0.0761048
internal_weight=841 814 291 102 189 53 136 69 523 415 139 77 62 108 83 55 67 60 276 233 105 72 128 64 64
internal_count=841 814 291 102 189 53 136 69 523 415 139 77 62 108 83 55 67 60 276 233 105 72 128 64 64
is_linear=0
shrinkage=0.04


Tree=60
num_leaves=27
num_cat=0
split_feature=2 4 8 8 9 4 0 6 4 4 9 6 9 9 0 9 0 8 9 6 0 0 4 4 4 4
split_gain=597.689 292.153 109.176 106.953 405.888 963.782 312.378 465.528 418.608 218.009 205.321 161.285 135.929 263.345 187.942 149.946 147.657 71.6063 58.3043 56.178 47.4001 63.019 235.156 138.55 38.8561 15.3076
threshold=-2.9592882694284057 -0.97591696758746049 -0.63134183865453442 -0.63134183865453442 0.3876233021160812 -0.46434068978738036 1.0000000180025095e-35 1.0000000180025095e-35 -0.50088185248738604 1.0000000180025095e-35 1.193919514015344 1.3257101022826776 -0.62024696275799729 -1.2249691216824441 -0.7491350475729156 -1.5609258766404703 1.0000000180025095e-35 1.0000000180025095e-35 0.85796275905731789 -1.0617659176956848 0.74913504757291582 -1.0000000180025095e-35 -0.58614456545406601 -0.56178379032072889 -0.57396417788739751 0.765878454446146
decision_type=2 2 2 2 2 2 2 2 2 2 2 2 2 2 2 2 2 2 2 2 2 2 2 2 2 2
left_child=-1 2 -2 4 6 -6 8 -8 -3 18 -7 12 13 15 -14 -11 -16 -4 19 -5 21 23 -23 -21 -22 -18
right_child=1 3 17 9 5 10 7 -9 -10 11 -12 -13 14 -15 16 -17 25 -19 -20 20 24 22 -24 -25 -26 -27
leaf_value=0.16133771296909877 -0.14252040200436919 -0.1746764828818185 -0.0070022339622179668 -0.00080670016877194676 0.29496155775796906 -0.065094194132834668 0.17229240850166039 -0.056650875409444169 0.0088899158394855002 0.060995797448688091 0.074159018529786 0.10577163739999135 0.061098026782274245 0.14270199931901079 -0.12221470459814995 -0.071117847221238276 0.0078337833711079191 -0.086783212472995128 0.023037683895001045 -0.096738280606897264 0.019212522208690644 -0.0082709265638280793 -0.17098786864181359 0.0054969809514780841 -0.051311097770929334 -0.034789269428986767
leaf_weight=35 26 35 36 47 26 32 27 30 46 27 36 30 32 29 31 28 28 36 26 38 25 27 30 48 25 26
leaf_count=35 26 35 36 47 26 32 27 30 46 27 36 30 32 29 31 28 28 36 26 38 25 27 30 48 25 26
internal_value=-0.000568211 -0.00742034 -0.0722633 0.00129656 0.0237213 0.0878267 -0.0199447 0.0517959 -0.0704289 -0.00917133 0.00862809 0.0192571 0.00634453 0.045166 -0.0215273 -0.00626206 -0.0526333 -0.0468927 -0.0338592 -0.040023 -0.0495731 -0.0612948 -0.0939114 -0.0396767 -0.0160493 -0.0126884
internal_weight=862 827 98 729 232 94 138 57 81 497 68 231 201 84 117 55 85 72 266 240 193 143 57 86 50 54
internal_count=862 827 98 729 232 94 138 57 81 497 68 231 201 84 117 55 85 72 266 240 193 143 57 86 50 54
is_linear=0
shrinkage=0.04


Tree=61
num_leaves=28
num_cat=0
split_feature=2 4 4 6 7 5 0 0 5 7 5 0 4 7 4 5 7 6 4 7 7 6 6 4 5 7 5
split_gain=550.83 269.248 96.3915 78.5179 71.5348 98.6142 77.7856 252.621 198.248 110.529 112.577 110.157 154.81 139.287 128.606 205.615 298.197 205.915 114.69 105.456 58.2329 57.7578 56.1591 55.7413 42.065 37.7946 26.1571
threshold=-2.9592882694284057 -0.97591696758746049 -0.91501502975411764 0.64357409657457409 1.4375614829875671 -0.71349052288507664 0.74913504757291582 1.2485584126215263 -0.25066273765626779 -0.61331263118606871 1.0000000180025095e-35 -1.0000000180025095e-35 0.42482760257942576 -1.1992766638071075 -0.69576805355408322 -0.25066273765626779 -0.61331263118606871 0.18881675943583826 -0.69576805355408322 0.26563341774548938 0.55861543405600889 0.18881675943583826 0.41619542800520609 0.38828643987942002 0.67499283280135014 1.0000000180025095e-35 1.1378206180301593
decision_type=2 2 2 2 2 2 2 2 2 2 2 2 2 2 2 2 2 2 2 2 2 2 2 2 2 2 2
left_child=-1 3 -3 25 6 -6 11 9 -9 -8 -11 13 18 23 -15 17 -17 -16 -13 21 26 -20 -14 -4 -10 -2 -18
right_child=1 2 4 -5 5 -7 7 8 24 10 -12 12 22 14 15 16 20 -19 19 -21 -22 -23 -24 -25 -26 -27 -28
leaf_value=0.15488420687402998 -0.054196552303102281 0.078429505920410161 -0.014028887863342578 -0.011312584126437153 -0.023119992751341602 0.076463768605778859 0.12381486969068646 -0.11070307433139533 0.047719894442065008 0.09017755311948282 -0.022407212734222411 0.0059353157775155433 -0.018778027512810446 -0.049763976439833643 0.17020441506590164 0.096457464867516565 0.020351915073394778 0.015385499673861045 -0.1475189478432431 -0.014425601768493652 -0.073775984323941751 -0.074820780174599755 0.060701851177215577 -0.095364297756126939 -0.023082591640949248 -0.11431335401128639 -0.035480038256480773
leaf_weight=35 27 25 26 27 26 41 32 32 29 27 30 29 33 40 28 38 25 27 34 25 39 36 25 28 25 44 29
leaf_count=35 27 25 26 27 26 41 32 32 29 27 30 29 33 40 28 38 25 27 34 25 39 36 25 28 25 44 29
internal_value=-0.000545482 -0.00712352 0.00124469 -0.0693728 -0.00149624 0.0378193 -0.00563148 0.0170798 -0.0318103 0.0643219 0.0309224 -0.0142342 -0.0384606 0.00151292 0.0153034 0.0292964 0.00204578 0.0942024 -0.0636912 -0.0849456 -0.036531 -0.110131 0.0154805 -0.0562028 0.014941 -0.091452 -0.00963191
internal_weight=862 827 729 98 704 67 637 175 86 89 57 462 182 280 226 186 131 55 124 95 93 70 58 54 54 71 54
internal_count=862 827 729 98 704 67 637 175 86 89 57 462 182 280 226 186 131 55 124 95 93 70 58 54 54 71 54
is_linear=0
shrinkage=0.04


Tree=62
num_leaves=27
num_cat=0
split_feature=2 7 4 0 0 8 8 4 7 7 6 5 4 0 4 7 6 4 5 7 4 8 6 0 4 4
split_gain=512.815 617.209 273.801 94.5257 297.359 286.564 122.753 218.886 513.467 289.934 192.986 112.375 91.6002 95.7255 126.485 96.5505 88.7516 86.4075 59.0247 53.0454 49.125 34.0794 49.5402 47.7824 32.0789 28.8888
threshold=1.0000000180025095e-35 0.85159745036652823 -0.97591696758746049 1.2485584126215263 0.74913504757291582 1.0000000180025095e-35 -0.63134183865453442 -0.25727410115401456 0.26563341774548938 1.1445794666770477 0.18881675943583826 -0.25066273765626779 0.14467868854604846 -0.7491350475729156 0.72933729174614026 1.1445794666770477 0.64357409657457409 0.38828643987942002 1.6006484032589683 1.0000000180025095e-35 1.0216665933461864 1.0000000180025095e-35 -0.37962991198758139 -1.0000000180025095e-35 -0.062387900087317351 -0.56178379032072889
decision_type=2 2 2 2 2 2 2 2 2 2 2 2 2 2 2 2 2 2 2 2 2 2 2 2 2 2
left_child=1 -1 16 4 6 17 7 8 -4 10 -9 -6 18 14 -14 20 19 -5 21 -2 -15 22 -8 -24 -13 -23
right_child=2 -3 3 5 11 -7 12 9 -10 -11 -12 24 13 15 -16 -17 -18 -19 -20 -21 -22 25 23 -25 -26 -27
leaf_value=-0.0077328263502568009 -0.051298530651972846 0.24942374467849732 -0.0043176912288276515 -0.047544935733079913 0.12038946750201286 0.069060199005263195 0.023467643083752814 -0.1496335596697671 0.21560106745133034 0.080247397916070343 0.00024618190747720226 0.0082585853031452959 0.11017410709307743 -0.024693803600966929 -0.011325782578566979 -0.080900289847933016 -0.010860081204661616 -0.14234145612716675 -0.09316119315245977 -0.12367333295733429 0.049328638498599711 -0.075698072487754481 -0.0042543516484530352 -0.071784255743026743 0.067281323510866894 -0.027475092449913856
leaf_weight=32 26 28 49 40 40 28 37 28 26 29 27 34 26 32 29 29 27 25 26 43 26 35 38 30 26 46
leaf_count=32 26 28 49 40 40 28 37 28 26 29 27 34 26 32 29 29 27 25 26 43 26 35 38 30 26 46
internal_value=-0.000523664 0.112274 -0.00896236 -0.000344016 0.00535689 -0.0379209 -0.0069433 0.0222525 0.0719208 -0.0220943 -0.0760562 0.0684569 -0.0200567 0.00480503 0.0461105 -0.0213076 -0.0723431 -0.0840051 -0.0367093 -0.0964017 0.00848867 -0.0288182 -0.0137799 -0.034047 0.0338351 -0.0483122
internal_weight=862 60 802 706 613 93 513 159 75 84 55 100 354 142 55 87 96 65 212 69 58 186 105 68 60 81
internal_count=862 60 802 706 613 93 513 159 75 84 55 100 354 142 55 87 96 65 212 69 58 186 105 68 60 81
is_linear=0
shrinkage=0.04


Tree=63
num_leaves=26
num_cat=0
split_feature=2 4 8 8 4 9 0 9 4 6 9 9 0 9 0 9 4 8 9 6 4 0 0 4 4
split_gain=481.945 227.389 101.291 87.4067 360.661 573.49 651.384 231.646 192.732 149.455 125.675 235.385 170.949 135.524 129.279 74.9828 192.732 64.2851 50.3312 50.1514 37.0258 57.1902 182.309 76.5344 14.3846
threshold=-2.9592882694284057 -0.97591696758746049 -0.63134183865453442 -0.63134183865453442 -0.25727410115401456 0.3876233021160812 1.0000000180025095e-35 1.193919514015344 1.0000000180025095e-35 1.3257101022826776 -0.62024696275799729 -1.2249691216824441 -0.7491350475729156 -1.5609258766404703 1.0000000180025095e-35 0.25324060013287075 0.32738450204607711 1.0000000180025095e-35 0.85796275905731789 -1.0617659176956848 -0.73230921625408896 -1.0000000180025095e-35 0.74913504757291582 -0.46434068978738036 0.765878454446146
decision_type=2 2 2 2 2 2 2 2 2 2 2 2 2 2 2 2 2 2 2 2 2 2 2 2 2
left_child=-1 2 -2 4 5 6 -3 15 18 10 11 13 -12 -10 -14 16 -6 -4 19 -5 -21 23 -23 -22 -16
right_child=1 3 17 8 7 -7 -8 -9 9 -11 12 -13 14 -15 24 -17 -18 -19 -20 20 21 22 -24 -25 -26
leaf_value=0.14488364737374443 -0.13153441248031764 -0.085725857398726721 -0.0016282777653800118 -0.00031490282809480707 0.034998981356620787 0.210730455272338 0.155991260210673 0.065549839482162947 0.058519690831502276 0.10158229214946429 0.057872858792543412 0.13541261171472482 -0.11570276483412713 -0.067079819951738631 0.0066750778470720563 -0.10867471087363459 -0.10870149901935033 -0.077220840884579561 0.021222395071616541 -0.016357162144719339 -0.078525237153316371 -0.13932134878635405 -0.016130332318512169 0.0077597045859223923 -0.034642933343465514
leaf_weight=35 26 44 36 47 32 34 30 33 27 30 32 29 31 28 28 31 28 36 26 49 29 40 37 38 26
leaf_count=35 26 44 36 47 32 34 30 33 27 30 32 29 31 28 28 31 28 36 26 49 29 40 37 38 26
internal_value=-0.000502716 -0.00665571 -0.0638619 0.00103456 0.0213069 0.0747466 0.0122676 -0.0252375 -0.00842856 0.0183011 0.00587112 0.0431996 -0.0209288 -0.00542188 -0.0505953 -0.0581603 -0.0320612 -0.0394246 -0.0316412 -0.0373681 -0.0463914 -0.0566114 -0.0801257 -0.0295875 -0.0132188
internal_weight=862 827 98 729 232 108 74 124 497 231 201 84 117 55 85 91 60 72 266 240 193 144 77 67 54
internal_count=862 827 98 729 232 108 74 124 497 231 201 84 117 55 85 91 60 72 266 240 193 144 77 67 54
is_linear=0
shrinkage=0.04


Tree=64
num_leaves=27
num_cat=0
split_feature=3 7 4 0 8 0 9 9 9 4 4 8 7 9 6 5 0 6 4 7 6 9 6 5 7 9
split_gain=414.055 585.594 233.981 92.9269 266.399 261.523 220.086 633.036 346.96 269.741 160.596 139.567 212.93 121.362 117.663 103.124 103.01 107.287 156.926 146.676 92.342 85.5893 81.0563 56.4343 49.7188 37.1181
threshold=1.0000000180025095e-35 0.85159745036652823 -0.97591696758746049 1.2485584126215263 1.0000000180025095e-35 0.74913504757291582 0.3876233021160812 0.6563887060825021 0.051666547158054986 -0.79321115408743181 1.6672271343796206 1.0000000180025095e-35 1.1445794666770477 -0.28429020779997111 0.18881675943583826 -0.25066273765626779 1.0000000180025095e-35 0.075127425151154323 -0.33035642655402603 -0.90629464749658817 -1.2891445862650526 0.3876233021160812 0.64357409657457409 1.0000000180025095e-35 1.0000000180025095e-35 -0.14990750581676068
decision_type=2 2 2 2 2 2 2 2 2 2 2 2 2 2 2 2 2 2 2 2 2 2 2 2 2 2
left_child=2 -2 22 5 21 6 8 -8 9 -4 11 12 -9 16 -14 -7 17 20 -19 -20 -11 -5 24 -22 -1 -17
right_child=1 -3 3 4 -6 15 7 10 -10 13 -12 -13 14 -15 -16 25 -18 18 19 -21 23 -23 -24 -25 -26 -27
leaf_value=-0.046168972073266146 -0.014383371108595062 0.23029194091928418 0.11116586482083357 -0.045659812089055778 0.065634429241929734 0.1143067321330309 0.20769829864855166 -0.067846045732498181 -0.12646951477578347 0.027889683739892368 0.090980633258819582 -0.078758335483455386 0.11571188833032336 -0.092154653488713156 -0.0024591316626622127 0.00096201354938168691 -0.07719329729676247 -0.053997277497098997 0.01792761056787438 0.1387678447008133 -0.096658205389976506 -0.1400064663887024 -0.0080859349392078533 -0.019699996074040733 -0.11623762679654499 0.063919712202302345
leaf_weight=26 34 29 27 40 28 40 27 35 47 29 25 43 28 34 26 31 32 26 45 25 31 25 27 30 43 29
leaf_count=26 34 29 27 40 28 40 27 35 47 29 25 43 28 34 26 31 32 26 45 25 31 25 27 30 43 29
internal_value=-0.000482608 0.0982449 -0.00826713 -0.000268148 -0.0375139 0.0054103 -0.00618722 0.0287888 -0.0259283 -0.00899125 -0.00197904 -0.019585 0.00900431 -0.0218652 0.0588147 0.0645576 -0.0109027 0.000502183 0.0299168 0.0610848 -0.0308734 -0.081947 -0.066843 -0.0588099 -0.0898349 0.0313916
internal_weight=862 63 799 703 93 610 510 184 326 279 157 132 89 252 54 100 218 186 96 70 90 65 96 61 69 60
internal_count=862 63 799 703 93 610 510 184 326 279 157 132 89 252 54 100 218 186 96 70 90 65 96 61 69 60
is_linear=0
shrinkage=0.04


Tree=65
num_leaves=28
num_cat=0
split_feature=4 4 8 4 4 9 9 4 1 8 9 7 9 9 4 9 5 1 4 4 7 7 5 4 9 9 5
split_gain=392.136 144.108 223.081 289.089 154.522 185.629 659.557 340.935 96.7086 144.651 158.621 80.0339 79.1027 127.571 85.3276 65.8517 173.012 59.4601 57.5229 51.3185 37.0009 76.5025 44.965 47.9434 75.789 23.4876 17.0919
threshold=2.5015836826964182 -0.69576805355408322 -0.63134183865453442 -0.51306224005405465 1.0216665933461864 0.11885789814966023 1.193919514015344 0.15685907611271704 1.0000000180025095e-35 1.0000000180025095e-35 -0.55305561176639195 1.0000000180025095e-35 0.72358005707410744 0.11885789814966023 -0.86629347948744329 1.193919514015344 -0.25066273765626779 1.0000000180025095e-35 -0.97591696758746049 -1.012458130287466 -0.61331263118606871 -0.90629464749658817 1.1378206180301593 -0.20855255088734023 0.92515411004892301 -1.2921604726740494 0.67499283280135014
decision_type=2 2 2 2 2 2 2 2 2 2 2 2 2 2 2 2 2 2 2 2 2 2 2 2 2 2 2
left_child=1 12 3 -3 5 7 -7 26 15 10 -10 -11 13 17 19 20 -17 18 -1 -15 21 25 23 -22 -25 -4 -5
right_child=-2 2 8 4 -6 6 -8 -9 9 11 -12 -13 -14 14 -16 16 -18 -19 -20 -21 22 -23 -24 24 -26 -27 -28
leaf_value=-0.031800000188060298 0.15278303123437442 0.14561801342403188 -0.056170722994693494 0.12488673931360245 0.092864464691707074 -0.1904598344194478 0.079315433831050483 -0.07283278754779271 0.054895247772887901 0.022088366150856017 -0.069964171741612069 0.11975022296905519 0.025341464281082155 -0.091292720213532449 -0.14298032493591309 -0.059011616615148692 0.083088341540303715 -0.062276990759757254 0.036058000558760107 -0.011759810590744019 -0.0048517736610101192 0.037994866246177303 -0.087153088314966723 -0.10349488535831715 -0.0084582920372486114 -0.013585947299783583 0.078113256764411929
leaf_weight=39 26 34 43 25 35 29 29 28 27 29 41 25 32 27 25 26 29 31 41 25 49 31 33 29 25 40 25
leaf_count=39 26 34 43 25 35 29 29 28 27 29 41 25 32 27 25 26 29 31 41 25 49 31 33 29 25 40 25
internal_value=-0.000242693 -0.00491249 0.00479343 0.0390915 0.0179108 -0.00137872 -0.0555722 0.038919 -0.0116729 0.0184259 -0.0203876 0.0673022 -0.0327949 -0.0426905 -0.082252 -0.0237124 0.0159138 -0.0152469 0.00297723 -0.0530557 -0.0324301 -0.0156223 -0.0465191 -0.0335004 -0.0594965 -0.0356479 0.1015
internal_weight=878 852 632 205 171 136 58 78 427 122 68 54 220 188 77 305 55 111 80 52 250 114 136 103 54 83 50
internal_count=878 852 632 205 171 136 58 78 427 122 68 54 220 188 77 305 55 111 80 52 250 114 136 103 54 83 50
is_linear=0
shrinkage=0.04


Tree=66
num_leaves=28
num_cat=0
split_feature=4 4 8 6 6 6 5 0 0 4 6 5 9 6 0 0 8 0 4 4 4 9 6 6 4 0 8
split_gain=361.393 132.81 205.592 347.202 418.989 441.852 465.518 139.876 122.179 126.253 114.064 217.458 112.779 91.7292 179.199 146.254 183.996 100.37 83.1541 158.817 127.179 78.2373 73.6417 72.2153 53.3054 49.6592 7.18185
threshold=2.5015836826964182 -0.69576805355408322 -0.63134183865453442 1.3257101022826776 -1.0617659176956848 0.075127425151154323 -0.25066273765626779 1.0000000180025095e-35 1.2485584126215263 -0.95155619245412326 0.75726343085925796 -0.25066273765626779 0.3876233021160812 -1.0617659176956848 -0.7491350475729156 0.74913504757291582 1.0000000180025095e-35 1.0000000180025095e-35 1.0338469809128548 0.51009031554610584 0.12031791341271131 1.0000000180025095e-35 1.0000000180025095e-35 0.41619542800520609 -0.33035642655402603 -0.7491350475729156 1.0000000180025095e-35
decision_type=2 2 2 2 2 2 2 2 2 2 2 2 2 2 2 2 2 2 2 2 2 2 2 2 2 2 2
left_child=1 7 3 4 -3 6 -6 10 9 -9 11 -1 -7 14 -4 17 21 18 19 20 22 -17 -15 -19 -24 -13 -16
right_child=-2 2 13 -5 5 12 -8 8 -10 -11 -12 25 -14 15 26 16 -18 23 -20 -21 -22 -23 24 -25 -26 -27 -28
leaf_value=-0.16161507910665343 0.14667171588310829 -0.053159995625416442 0.10891142593962806 -0.099060661082084375 0.29685023444670217 -0.012343034080483697 0.067909445285797121 0.094380032648332418 -0.057446166392295592 -0.023069077443193503 0.0049377927622374371 -0.0021788023502537701 0.083121205502086223 -0.084177681275776448 -0.0022036295135815938 0.018174429289225875 0.080324946721394855 -0.041772303088967296 0.038716782578106582 -0.12142753669193812 0.059123914028917042 -0.075565838824425427 -0.049665987588690987 -0.13530503063201904 0.020716083426442412 -0.073925161443907636 -0.03123242517635226
leaf_weight=34 26 42 28 26 27 44 30 32 31 27 34 33 36 35 30 29 45 28 29 28 28 28 33 25 36 29 25
leaf_count=34 26 42 28 26 27 44 30 32 31 27 34 33 36 35 30 29 45 28 29 28 28 28 33 25 36 29 25
internal_value=-0.000232984 -0.00471599 0.00460169 0.0375279 0.0573675 0.0912519 0.176355 -0.0314832 0.00684961 0.0406321 -0.0580212 -0.0803192 0.0306159 -0.011206 0.0265374 -0.0203126 0.0198612 -0.0372454 -0.0236039 -0.0348995 -0.0165451 -0.0278734 -0.0369175 -0.0858915 -0.0129449 -0.0357376 -0.0153985
internal_weight=878 852 632 205 179 137 57 220 90 59 130 96 80 427 83 344 102 242 189 160 132 57 104 53 69 62 55
internal_count=878 852 632 205 179 137 57 220 90 59 130 96 80 427 83 344 102 242 189 160 132 57 104 53 69 62 55
is_linear=0
shrinkage=0.04


Tree=67
num_leaves=28
num_cat=0
split_feature=4 4 8 6 6 6 5 0 0 4 6 5 7 6 0 0 8 0 4 4 4 7 6 6 4 0 7
split_gain=333.06 122.397 189.473 319.982 386.14 407.211 429.021 128.909 112.6 116.355 105.121 200.409 103.937 84.5376 165.149 134.788 169.571 92.5014 76.6348 146.366 117.208 72.1034 67.8682 66.5536 49.1263 45.7659 12.2963
threshold=2.5015836826964182 -0.69576805355408322 -0.63134183865453442 1.3257101022826776 -1.0617659176956848 0.075127425151154323 -0.25066273765626779 1.0000000180025095e-35 1.2485584126215263 -0.95155619245412326 0.75726343085925796 -0.25066273765626779 0.26563341774548938 -1.0617659176956848 -0.7491350475729156 0.74913504757291582 1.0000000180025095e-35 1.0000000180025095e-35 1.0338469809128548 0.51009031554610584 0.12031791341271131 1.0000000180025095e-35 1.0000000180025095e-35 0.41619542800520609 -0.33035642655402603 -0.7491350475729156 -0.32033061487554942
decision_type=2 2 2 2 2 2 2 2 2 2 2 2 2 2 2 2 2 2 2 2 2 2 2 2 2 2 2
left_child=1 7 3 4 -3 6 -6 10 9 -9 11 -1 -7 14 -4 17 21 18 19 20 22 -17 -15 -19 -24 -13 -16
right_child=-2 2 13 -5 5 12 -8 8 -10 -11 -12 25 -14 15 26 16 -18 23 -20 -21 -22 -23 24 -25 -26 -27 -28
leaf_value=-0.15515047474819071 0.14080484060140758 -0.051033597808508642 0.1045549693277904 -0.095098238174731925 0.28497622322153165 -0.011849312484264374 0.065193068504333498 0.090604832355747927 -0.055148321274788151 -0.022146317892604402 0.0047402830334270707 -0.002091649996511864 0.079796351128154336 -0.080810576359076167 -0.032047921498616537 0.017447450489833437 0.077111950493521167 -0.040101411023310253 0.037168109334748366 -0.11657043525150844 0.056758956568581723 -0.07254320416067328 -0.047679346790819456 -0.12989282879829406 0.019887440451420844 -0.070968154216634813 0.0059357931613922121
leaf_weight=34 26 42 28 26 27 44 30 32 31 27 34 33 36 35 30 29 45 28 29 28 28 28 33 25 36 29 25
leaf_count=34 26 42 28 26 27 44 30 32 31 27 34 33 36 35 30 29 45 28 29 28 28 28 33 25 36 29 25
internal_value=-0.000223666 -0.00452735 0.00441762 0.0360267 0.0550728 0.0876018 0.169301 -0.0302238 0.00657562 0.0390068 -0.0557004 -0.0771064 0.0293912 -0.0107577 0.0254759 -0.0195001 0.0190667 -0.0357556 -0.0226597 -0.0335035 -0.0158833 -0.0267585 -0.0354408 -0.0824559 -0.0124271 -0.0343081 -0.0147826
internal_weight=878 852 632 205 179 137 57 220 90 59 130 96 80 427 83 344 102 242 189 160 132 57 104 53 69 62 55
internal_count=878 852 632 205 179 137 57 220 90 59 130 96 80 427 83 344 102 242 189 160 132 57 104 53 69 62 55
is_linear=0
shrinkage=0.04


Tree=68
num_leaves=26
num_cat=0
split_feature=2 4 6 9 9 0 0 4 0 4 9 4 6 6 9 9 5 9 9 4 9 9 9 0 4
split_gain=323.803 114.277 161.994 174.413 700.1 187.698 220.412 154.083 115.079 162.23 112.217 111.126 108.518 101.741 96.7131 231.097 95.3495 193.779 174.169 87.4562 106.304 69.0933 61.4614 20.6955 20.5455
threshold=-2.9592882694284057 -0.69576805355408322 0.75726343085925796 0.3876233021160812 0.72358005707410744 0.74913504757291582 1.2485584126215263 0.48572954041276867 1.0000000180025095e-35 -0.95155619245412326 -0.28429020779997111 1.0460273684795232 -0.49331924627226525 -0.26594057770289742 0.52200600409929165 -0.082716154825155472 1.0000000180025095e-35 -0.41867290978318161 1.3283022159985547 0.047235588012699836 -1.157777770690839 1.193919514015344 -1.0233950687076285 1.0000000180025095e-35 -0.34253681412069453
decision_type=2 2 2 2 2 2 2 2 2 2 2 2 2 2 2 2 2 2 2 2 2 2 2 2 2
left_child=-1 8 3 5 -5 10 -7 12 14 -10 11 19 -6 21 15 -2 18 -18 23 22 -21 -9 -3 -4 -24
right_child=1 2 16 4 7 6 -8 13 9 -11 -12 -13 -14 -15 -16 -17 17 -19 -20 20 -22 -23 24 -25 -26
leaf_value=0.12468556822277606 -0.013195768772287573 -0.067228098902209044 -0.070385369836137843 0.24326011309623721 -0.090125399005824128 0.10307003714144231 -0.032457243520766496 0.037535155437610768 0.056025298599233019 -0.052849276109439576 -0.077594449482065564 -0.085036689615249642 0.015934414719090316 -0.0055495333759223711 0.0016397562291887071 -0.13931192618349325 0.083933239394220815 -0.061070533417165278 0.019507863419396535 -0.017024769370372478 0.091123010570352728 0.12802736480478888 -0.019672433626651765 -0.1141712677418705 0.031609388780593869
leaf_weight=32 47 29 39 25 29 48 32 27 47 41 47 25 33 34 36 46 29 30 35 26 33 27 25 31 25
leaf_count=32 47 29 39 25 29 48 32 27 47 41 47 25 33 34 36 46 29 30 35 26 33 27 25 31 25
internal_value=-0.000214719 -0.00493908 0.00369585 0.0157512 0.0472869 -0.00327897 0.0488591 0.0146247 -0.0299684 0.00529964 -0.0231411 -0.00743983 -0.0336742 0.0486535 -0.0540273 -0.0755758 -0.0304855 0.0102025 -0.0533482 0.00661757 0.0434647 0.0827813 -0.0209012 -0.0897763 0.00596848
internal_weight=878 846 629 465 175 290 80 150 217 88 210 163 62 88 129 93 164 59 105 138 59 54 79 70 50
internal_count=878 846 629 465 175 290 80 150 217 88 210 163 62 88 129 93 164 59 105 138 59 54 79 70 50
is_linear=0
shrinkage=0.04


Tree=69
num_leaves=28
num_cat=0
split_feature=2 7 7 9 9 9 9 5 7 9 6 1 9 8 6 5 6 6 7 9 8 7 5 8 6 6 9
split_gain=299.409 639.947 102.785 208.223 273.027 194.168 268.845 158.942 141.189 139.397 130.59 100.668 97.5667 92.8789 100.925 74.4602 62.2667 58.4577 57.0059 74.2713 97.2985 48.6176 44.936 42.9315 38.2105 30.6155 0.0692595
threshold=1.0000000180025095e-35 0.85159745036652823 1.1445794666770477 0.45481465310768643 0.32043195112447598 0.11885789814966023 1.0000000180025095e-35 -0.71349052288507664 -0.32033061487554942 -1.2249691216824441 0.75726343085925796 1.0000000180025095e-35 1.3954935669901598 -0.63134183865453442 0.75726343085925796 1.0000000180025095e-35 0.64357409657457409 -0.49331924627226525 -0.61331263118606871 -0.75462966474120774 -0.63134183865453442 0.85159745036652823 -1.1763183081138855 -0.63134183865453442 -0.83438724912631701 0.18881675943583826 -0.48586426077478684
decision_type=2 2 2 2 2 2 2 2 2 2 2 2 2 2 2 2 2 2 2 2 2 2 2 2 2 2 2
left_child=1 -1 3 4 5 6 8 -4 9 10 11 22 15 -5 21 -9 -7 -10 19 20 -11 -15 -2 -20 -22 -26 -25
right_child=2 -3 7 13 -6 16 -8 12 17 18 -12 -13 -14 14 -16 -17 -18 -19 23 -21 24 -23 -24 26 25 -27 -28
leaf_value=-0.049689066094847821 -0.010345493250114973 0.22834723525577122 -0.042963812828063962 -0.10376639771461488 0.10824756650363698 -0.12418777305218909 0.11131222270429135 0.059826518091662173 -0.10603709854461529 0.074498184663908826 -0.11357167987823485 0.05005374908447266 0.093481652089890024 -0.034537962927962795 -0.089659230808416993 -0.032480584073949749 -0.036580984902381902 -0.032184464563714696 0.035068959236145017 0.085062350365850664 0.032702448301845127 0.038599362373352049 -0.073522351537981354 -0.030618121004104614 -0.056535459069105294 0.0054599305033683774 -0.027640668892860414
leaf_weight=26 43 27 40 45 34 27 32 29 27 35 25 30 47 33 33 27 25 47 25 36 27 26 31 25 26 25 25
leaf_count=26 43 27 40 45 34 27 32 29 27 35 25 30 47 33 33 27 25 47 25 36 27 26 31 25 26 25 25
internal_value=-0.00020613 0.0919521 -0.0061266 -0.0125917 -0.00151029 -0.00881316 -0.000514011 0.0247068 -0.00889443 0.00163668 -0.0314863 -0.0117542 0.0509867 -0.0566745 -0.0336405 0.0153213 -0.0820691 -0.0591307 0.020712 0.0350283 0.0190883 -0.00230796 -0.0368115 -0.00772994 -0.0057751 -0.0261456 -0.0291294
internal_weight=878 53 825 682 545 511 459 143 427 353 129 104 103 137 92 56 52 74 224 149 113 59 74 75 78 51 50
internal_count=878 53 825 682 545 511 459 143 427 353 129 104 103 137 92 56 52 74 224 149 113 59 74 75 78 51 50
is_linear=0
shrinkage=0.04


Tree=70
num_leaves=28
num_cat=0
split_feature=7 2 7 4 4 4 4 4 8 7 4 4 8 7 4 7 0 4 7 0 7 7 4 0 4 4 4
split_gain=278.227 395.968 182.871 162.224 285.497 151.362 282.922 131.643 129.119 189.793 116.848 81.9019 78.0491 226.349 121.044 104.416 54.0524 143.346 41.5039 35.6326 52.4802 63.1083 63.0754 21.4995 12.6795 11.3153 5.16197
threshold=0.85159745036652823 1.0000000180025095e-35 0.26563341774548938 -0.52524262762072316 -0.96373658002079188 1.125199887662869 0.75369806687947738 0.30302372691273999 1.0000000180025095e-35 1.1445794666770477 0.58317264094611732 -0.74448960382075746 -0.63134183865453442 1.0000000180025095e-35 -0.63486611572074036 1.0000000180025095e-35 0.74913504757291582 0.72933729174614026 -1.1992766638071075 -1.2485584126215259 -0.61331263118606871 -0.90629464749658817 -0.39125836438736888 1.0000000180025095e-35 -0.6714072784207461 -0.74448960382075746 0.49790992797943717
decision_type=2 2 2 2 2 2 2 2 2 2 2 2 2 2 2 2 2 2 2 2 2 2 2 2 2 2 2
left_child=2 -2 5 4 -4 6 7 12 9 -3 -10 -6 13 14 -1 18 17 -11 -14 -20 21 -21 25 -16 -17 -22 -9
right_child=1 8 3 -5 11 -7 -8 26 10 16 -12 -13 15 -15 23 24 -18 -19 19 20 22 -23 -24 -25 -26 -27 -28
leaf_value=-0.05544110080817851 0.18250536313423746 -0.099516713257346831 -0.12027987022697925 -0.12384780437662833 -0.015175350292308912 -0.093821266149652416 0.12364607474633627 -0.054649254496280969 0.0012627094367454791 0.09135605303016868 0.10849918960518128 0.078544563913345342 -0.034019121094183487 0.12431496570850241 0.055388297890171856 -0.083369317960739139 -0.024865399637529928 -0.027418747441522007 0.053691969770193103 -0.010480063930153848 -0.013668681097030639 0.069598743314704586 -0.071007576332642486 0.0072588728975366669 -0.043836177410902802 0.024020959505668054 -0.079854791783369503
leaf_weight=41 26 28 35 41 37 29 28 26 29 37 37 25 44 29 33 25 31 29 25 32 25 31 26 27 27 26 26
leaf_count=41 26 28 35 41 37 29 28 26 29 37 37 25 44 29 33 25 31 29 25 32 25 31 26 27 27 26 26
internal_value=-0.00307014 0.0360551 -0.0163776 -0.0571408 -0.028945 -0.005127 0.000334003 -0.00745999 0.0161195 -0.00777812 0.0613801 0.0226149 0.000491894 0.0258142 -0.00246814 -0.0121208 0.0187031 0.0391671 0.000498985 0.00970381 0.00184879 0.0289238 -0.0203035 0.0337301 -0.0628425 0.00554565 -0.067252
internal_weight=855 217 638 138 97 500 471 443 191 125 66 62 391 130 101 261 97 66 209 165 140 63 77 60 52 51 52
internal_count=855 217 638 138 97 500 471 443 191 125 66 62 391 130 101 261 97 66 209 165 140 63 77 60 52 51 52
is_linear=0
shrinkage=0.04


Tree=71
num_leaves=25
num_cat=0
split_feature=9 9 7 8 6 6 7 9 9 6 6 8 6 7 6 8 5 6 9 9 6 6 6 6
split_gain=335.539 371.455 603.884 170.406 136.588 165.835 124.036 117.02 159.006 114.729 151.302 138.016 141.94 133.412 118.355 108.983 82.4111 77.2436 68.015 176.676 16.289 11.8223 9.29551 12.3204
threshold=0.99234546104052834 0.051666547158054986 1.0000000180025095e-35 1.0000000180025095e-35 -1.1754552519803687 -0.72069791484163315 -1.1992766638071075 0.18604924914126547 0.45481465310768643 0.30250609372052223 1.0000000180025095e-35 1.0000000180025095e-35 0.98464209942862591 -0.61331263118606871 -0.83438724912631701 -0.63134183865453442 -0.71349052288507664 0.75726343085925796 1.2611108650069494 1.5298762689733703 0.52988476228989012 -0.94807658341100087 0.75726343085925796 -0.26594057770289742
decision_type=2 2 2 2 2 2 2 2 2 2 2 2 2 2 2 2 2 2 2 2 2 2 2 2
left_child=1 2 6 18 -3 -6 16 -7 -9 10 13 12 -11 14 -8 -10 22 -17 -2 -20 -5 -15 23 -1
right_child=3 4 -4 20 5 7 9 8 15 11 -12 -13 -14 21 -16 17 -18 -19 19 -21 -22 -23 -24 -25
leaf_value=-0.026479717412165232 0.058713349086994472 0.019455423625186086 0.19639883315563203 0.1209392848983407 -0.15146861213174734 -0.11816257326943534 0.092570418312742903 0.023024749857314092 -0.13886647567749022 0.059938688320772988 -0.093112484408963109 0.097468090904195129 -0.044053867618952483 -0.015562784259340592 -0.012481206990778447 0.0041204568647569221 -0.090306723399294742 -0.088422344260745578 -0.054307592848072885 0.065939682844807126 0.078314736302082355 -0.04962998974017608 -0.038866774577360888 0.0087759678939293168
leaf_weight=35 44 32 25 32 33 35 37 47 25 42 31 41 42 28 32 31 36 27 46 34 26 39 26 29
leaf_count=35 44 32 25 32 33 35 37 47 25 42 31 41 42 28 32 31 36 27 46 34 26 39 26 29
internal_value=-0.00294733 -0.0159783 0.0054342 0.0452386 -0.0572206 -0.0696127 -0.00598713 -0.0532416 -0.0357628 0.00832619 -0.0133659 0.0373068 0.00794241 0.00481161 0.0438508 -0.0690522 -0.0391577 -0.0389598 0.0187676 -0.0032025 0.101832 -0.0353929 -0.018698 -0.0105045
internal_weight=855 673 443 182 230 198 418 165 130 292 167 125 84 136 69 83 126 58 124 80 58 67 90 64
internal_count=855 673 443 182 230 198 418 165 130 292 167 125 84 136 69 83 126 58 124 80 58 67 90 64
is_linear=0
shrinkage=0.04


end of trees

feature_importances:
Column_4=415
Column_9=391
Column_6=304
Column_7=239
Column_0=178
Column_5=117
Column_8=115
Column_2=43
Column_3=9
Column_1=7

parameters:
[boosting: gbdt]
[objective: regression]
[metric: rmse]
[tree_learner: serial]
[device_type: cpu]
[data_sample_strategy: bagging]
[data: ]
[valid: ]
[num_iterations: 72]
[learning_rate: 0.04]
[num_leaves: 45]
[num_threads: 0]
[seed: 0]
[deterministic: 0]
[force_col_wise: 0]
[force_row_wise: 0]
[histogram_pool_size: -1]
[max_depth: -1]
[min_data_in_leaf: 25]
[min_sum_hessian_in_leaf: 0.001]
[bagging_fraction: 0.8]
[pos_bagging_fraction: 1]
[neg_bagging_fraction: 1]
[bagging_freq: 5]
[bagging_seed: 3]
[bagging_by_query: 0]
[feature_fraction: 0.8]
[feature_fraction_bynode: 1]
[feature_fraction_seed: 2]
[extra_trees: 0]
[extra_seed: 6]
[early_stopping_round: 0]
[early_stopping_min_delta: 0]
[first_metric_only: 0]
[max_delta_step: 0]
[lambda_l1: 0]
[lambda_l2: 0]
[linear_lambda: 0]
[min_gain_to_split: 0]
[drop_rate: 0.1]
[max_drop: 50]
[skip_drop: 0.5]
[xgboost_dart_mode: 0]
[uniform_drop: 0]
[drop_seed: 4]
[top_rate: 0.2]
[other_rate: 0.1]
[min_data_per_group: 100]
[max_cat_threshold: 32]
[cat_l2: 10]
[cat_smooth: 10]
[max_cat_to_onehot: 4]
[top_k: 20]
[monotone_constraints: ]
[monotone_constraints_method: basic]
[monotone_penalty: 0]
[feature_contri: ]
[forcedsplits_filename: ]
[refit_decay_rate: 0.9]
[cegb_tradeoff: 1]
[cegb_penalty_split: 0]
[cegb_penalty_feature_lazy: ]
[cegb_penalty_feature_coupled: ]
[path_smooth: 0]
[interaction_constraints: ]
[verbosity: -1]
[saved_feature_importance_type: 0]
[use_quantized_grad: 0]
[num_grad_quant_bins: 4]
[quant_train_renew_leaf: 0]
[stochastic_rounding: 1]
[linear_tree: 0]
[max_bin: 255]
[max_bin_by_feature: ]
[min_data_in_bin: 3]
[bin_construct_sample_cnt: 200000]
[data_random_seed: 1]
[is_enable_sparse: 1]
[enable_bundle: 1]
[use_missing: 1]
[zero_as_missing: 0]
[feature_pre_filter: 1]
[pre_partition: 0]
[two_round: 0]
[header: 0]
[label_column: ]
[weight_column: ]
[group_column: ]
[ignore_column: ]
[categorical_feature: ]
[forcedbins_filename: ]
[precise_float_parser: 0]
[parser_config_file: ]
[objective_seed: 5]
[num_class: 1]
[is_unbalance: 0]
[scale_pos_weight: 1]
[sigmoid: 1]
[boost_from_average: 1]
[reg_sqrt: 0]
[alpha: 0.9]
[fair_c: 1]
[poisson_max_delta_step: 0.7]
[tweedie_variance_power: 1.5]
[lambdarank_truncation_level: 30]
[lambdarank_norm: 1]
[label_gain: ]
[lambdarank_position_bias_regularization: 0]
[eval_at: ]
[multi_error_top_k: 1]
[auc_mu_weights: ]
[num_machines: 1]
[local_listen_port: 12400]
[time_out: 120]
[machine_list_filename: ]
[machines: ]
[gpu_platform_id: -1]
[gpu_device_id: -1]
[gpu_use_dp: 0]
[num_gpu: 1]

end of parameters

pandas_categorical:null
