tree
version=v4
num_class=1
num_tree_per_iteration=1
label_index=0
max_feature_idx=9
objective=regression
feature_names=Column_0 Column_1 Column_2 Column_3 Column_4 Column_5 Column_6 Column_7 Column_8 Column_9
feature_infos=[-1.4982700951458314:1.4982700951458314] [-0.63368320487849272:1.5780755940845042] [-7.3958776108082063:2.7448980266313372] [-0.26699649569399087:3.7453675090407055] [-1.6032069272708922:5.5710413494968991] [-3.721871126872335:3.2205456515597994] [-1.6870572562614465:1.7236227722790711] [-1.6387496882728867:1.5840524911428266] [-1.2456510737482795:1.2115858666267003] [-1.7289042541194837:1.6978546464523832]
tree_sizes=2205 2389 2311 2232 2391 2404 2400 2402 2400 2241 2325 2155 2259 2405 2232 2163 2243 2240 2341 2412 2247 2239 2155 2410 2171 2344 2421 2337 2340 2405 2248 2335 2426 2339 2422 2427 2425 2425 2364 2269 2678 2434 2522 2516 2602 2525 2351 2356 2437 2440 2357 2518 2272 2516 2180 2347 2415 2336 2505 2346 2430 2364 2363 2348 2527

Tree=0
num_leaves=26
num_cat=0
split_feature=9 9 2 8 6 7 5 7 7 9 9 5 9 7 0 0 5 9 9 5 6 6 6 5 6
split_gain=8408.57 2042.04 2080.5 1097.74 805.104 752.966 738.816 669.085 532.213 237.935 229.305 179.337 170.172 165.603 157.076 142.765 117.754 114.413 115.616 104.203 56.047 45.4827 37.4636 16.82 8.96296
threshold=1.0595368120321338 -0.48586426077478684 1.0000000180025095e-35 -0.63134183865453442 0.52988476228989012 -1.1992766638071075 -0.25066273765626779 0.85159745036652823 -0.32033061487554942 1.4626849179817649 -0.62024696275799729 -1.1763183081138855 -1.4265431746572599 -0.90629464749658817 -0.7491350475729156 -1.0000000180025095e-35 1.0000000180025095e-35 -0.082716154825155472 0.25324060013287075 -0.71349052288507664 0.52988476228989012 -0.26594057770289742 -0.26594057770289742 0.67499283280135014 0.075127425151154323
decision_type=2 2 2 2 2 2 2 2 2 2 2 2 2 2 2 2 2 2 2 2 2 2 2 2 2
left_child=1 5 -3 4 6 11 -4 8 -5 14 13 15 -13 16 -2 -1 -7 -10 24 -11 -16 -20 -15 -18 -19
right_child=9 2 3 7 -6 10 -8 -9 17 19 -12 12 -14 22 20 -17 23 18 21 -21 -22 -23 -24 -25 -26
leaf_value=28.570385857839309 28.939302525631014 28.823694680095549 28.804413629371016 28.574055211761117 28.454731093988528 28.633410052085889 28.554635855894709 28.636635856827748 28.45892157009953 28.900921570278342 28.617847978684544 28.619835857653044 28.484743963699156 28.744377792098643 28.798174319191506 28.685056910786557 28.709435857796095 28.348487704559918 28.373392611542336 29.001026102282371 28.872350143963377 28.432146058839596 28.80235014129536 28.755835856079482 28.315895111658264
leaf_weight=32 30 34 36 31 42 31 40 26 35 28 33 25 37 31 39 38 25 27 37 41 28 49 42 25 27
leaf_count=32 30 34 36 31 42 31 40 26 35 28 33 25 37 31 39 38 25 27 37 41 28 49 42 25 27
internal_value=28.6476 28.5871 28.525 28.496 28.5953 28.6619 28.673 28.4454 28.4213 28.9036 28.7135 28.5888 28.5392 28.734 28.8632 28.6326 28.6947 28.3942 28.3781 28.9604 28.8292 28.4069 28.7777 28.7326 28.3322
internal_weight=869 703 384 350 118 319 76 232 206 166 187 132 62 154 97 70 81 175 140 69 67 86 73 50 54
internal_count=869 703 384 350 118 319 76 232 206 166 187 132 62 154 97 70 81 175 140 69 67 86 73 50 54
is_linear=0
shrinkage=1


Tree=1
num_leaves=27
num_cat=0
split_feature=9 4 9 4 7 2 7 4 5 4 6 5 0 7 7 4 6 5 9 9 4 4 7 9 0 0
split_gain=7749.33 3063.06 1029.13 940.635 674.506 561.434 405.958 306.081 293.331 280.882 378.996 715.039 291.338 216.656 185.627 145.809 114.382 92.0895 86.9757 73.792 70.4979 59.747 50.6232 43.1726 16.4358 13.465
threshold=1.0595368120321338 -0.14765061305399738 -0.41867290978318161 1.7037682970796266 -1.1992766638071075 1.0000000180025095e-35 1.4375614829875671 1.0216665933461864 1.0000000180025095e-35 -0.98809735515412911 0.52988476228989012 -0.25066273765626779 1.0000000180025095e-35 -0.61331263118606871 -0.61331263118606871 0.48572954041276867 0.18881675943583826 -0.25066273765626779 0.11885789814966023 -1.4265431746572599 -0.40343875195403744 0.68061574147946591 0.26563341774548938 -1.2921604726740494 -1.0000000180025095e-35 -0.7491350475729156
decision_type=2 2 2 2 2 2 2 2 2 2 2 2 2 2 2 2 2 2 2 2 2 2 2 2 2 2
left_child=1 2 4 6 -1 -3 21 8 19 18 11 22 25 16 20 -8 -10 -12 -4 -7 24 -2 -11 -9 -6 -13
right_child=3 5 9 -5 14 7 15 23 13 10 17 12 -14 -15 -16 -17 -18 -19 -20 -21 -22 -23 -24 -25 -26 -27
leaf_value=-0.17056394649714959 0.10442086638675796 0.22805726678283125 -0.17666199277948452 0.4622294052158083 0.004400200992822647 -0.00031995475292205809 0.22705200335918327 0.084102970734238627 0.052899270852406817 -0.024395917287239662 -0.26232568509650955 -0.24962481893025915 -0.086468606024980549 -0.0095154338262297897 -0.066938843686005167 0.3454856494582933 0.17044560035833947 -0.17349141400913859 -0.26911893735571607 -0.078737641796469693 0.10688303236961366 0.17836033816723262 0.053803656366136342 0.15349608215001914 0.048139920477513913 -0.20964924028941564
leaf_weight=41 36 27 27 28 28 32 39 32 27 26 33 26 40 44 29 29 26 43 41 48 25 34 27 26 27 28
leaf_count=41 36 27 27 28 28 32 39 32 27 26 33 26 40 44 29 29 26 43 41 48 25 34 27 26 27 28
internal_value=0.00502939 -0.0530148 -0.117371 0.250843 -0.0322619 0.0553102 0.207953 0.0354627 0.00933074 -0.161242 -0.139541 -0.102046 -0.168289 0.0560947 0.0197599 0.27756 0.110564 -0.212064 -0.232408 -0.0473706 0.0511882 0.140334 0.0154416 0.11521 0.0258724 -0.228897
internal_weight=869 703 441 166 150 262 138 235 177 291 223 147 94 97 109 68 53 76 68 80 80 70 53 58 55 54
internal_count=869 703 441 166 150 262 138 235 177 291 223 147 94 97 109 68 53 76 68 80 80 70 53 58 55 54
is_linear=0
shrinkage=0.04


Tree=2
num_leaves=26
num_cat=0
split_feature=9 4 8 7 4 3 9 9 9 7 7 4 5 9 9 4 9 9 9 9 8 7 4 9 4
split_gain=7141.79 2822.92 1135.96 1041.97 866.889 483.218 459.254 750.677 480.905 380.151 374.131 280.546 269.71 199.682 190.761 134.377 97.6778 120.122 85.4475 68.2729 61.2726 57.2229 55.0628 39.7879 5.53668
threshold=1.0595368120321338 -0.14765061305399738 -0.63134183865453442 -0.32033061487554942 1.7037682970796266 1.0000000180025095e-35 0.45481465310768643 1.0000000180025095e-35 -0.41867290978318161 -1.1992766638071075 1.4375614829875671 1.0216665933461864 1.0000000180025095e-35 -0.55305561176639195 -0.55305561176639195 0.48572954041276867 0.52200600409929165 -0.082716154825155472 0.25324060013287075 -1.4265431746572599 1.0000000180025095e-35 -0.90629464749658817 0.68061574147946591 -1.2921604726740494 -0.74448960382075746
decision_type=2 2 2 2 2 2 2 2 2 2 2 2 2 2 2 2 2 2 2 2 2 2 2 2 2
left_child=1 2 6 9 10 11 7 8 -1 -4 22 12 19 21 20 -12 17 -5 24 -3 -11 -14 -2 -13 -19
right_child=4 5 3 16 -6 -7 -8 -9 -10 14 15 23 13 -15 -16 -17 -18 18 -20 -21 -22 -23 -24 -25 -26
leaf_value=0.018263159394264223 0.10024402927400339 0.00056646616228165161 -0.18208986966840685 -0.17102788046878928 0.44374022705214367 0.2101376643351146 -0.15329483505451319 0.16131352179928829 -0.19197738762255068 0.063498697383650424 0.21796992773046861 0.080738853439688688 0.054248344141703389 -0.019232399785840834 -0.10977904186248778 0.33166622159809905 -0.17000779986381531 -0.30578333928034857 -0.21719819442792371 -0.07558813373247783 -0.019458196163177489 0.13307885953389545 0.17122592096381328 0.14735623749402854 -0.279921812304744
leaf_weight=49 36 31 31 34 28 28 33 38 27 29 39 32 26 37 25 29 50 26 44 48 28 34 34 26 27
leaf_count=49 36 31 31 34 28 28 33 38 27 29 39 32 26 37 25 29 50 26 44 48 28 34 34 26 27
internal_value=0.00482821 -0.0508942 -0.112676 -0.158071 0.240809 0.0530978 -0.0218865 0.0161528 -0.0564276 -0.0627666 0.199635 0.0343067 0.00916403 0.0538509 -0.0176566 0.266458 -0.217571 -0.235725 -0.258402 -0.0457047 0.0227479 0.098919 0.134721 0.110602 -0.292609
internal_weight=869 703 441 294 166 262 147 114 76 113 138 234 176 97 82 68 181 131 97 79 57 60 70 58 53
internal_count=869 703 441 294 166 262 147 114 76 113 138 234 176 97 82 68 181 131 97 79 57 60 70 58 53
is_linear=0
shrinkage=0.04


Tree=3
num_leaves=25
num_cat=0
split_feature=7 4 2 8 7 6 5 4 7 4 5 7 7 7 7 7 6 7 4 4 7 7 8 7
split_gain=6056.58 3124.28 1107.51 1012.45 956.407 651.944 360.441 357.538 350.347 313.945 297.854 208.689 195.592 160.625 145.185 143.279 104.193 91.7175 91.6591 83.9746 78.9449 67.4558 43.1714 37.0346
threshold=1.1445794666770477 -0.14765061305399738 1.0000000180025095e-35 -0.63134183865453442 -0.32033061487554942 0.52988476228989012 -0.25066273765626779 1.0216665933461864 -1.1992766638071075 1.1678312441462091 1.0000000180025095e-35 -0.32033061487554942 -0.61331263118606871 -0.61331263118606871 1.4375614829875671 1.0000000180025095e-35 0.18881675943583826 0.55861543405600889 0.22994140151272849 1.8742937230129866 1.0000000180025095e-35 0.26563341774548938 1.0000000180025095e-35 -1.4922586801176267
decision_type=2 2 2 2 2 2 2 2 2 2 2 2 2 2 2 2 2 2 2 2 2 2 2 2
left_child=1 3 -3 5 8 6 -1 10 -5 14 23 -8 16 22 -2 -7 -12 20 -16 -9 -6 -22 -10 -4
right_child=9 2 7 4 17 15 11 19 13 -11 12 -13 -14 -15 18 -17 -18 -19 -20 -21 21 -23 -24 -25
leaf_value=0.12763441617895918 0.15437072090405438 0.27966792988054684 -0.019901668764650823 -0.17480627617528363 -0.17996614440566017 -0.069015657353401191 0.054488495691464502 0.077158797581990554 0.059887269139289857 0.34030421008934847 0.047328722101670724 -0.10034181745847066 -0.011033082326253257 -0.092633301101881893 0.20092720977962017 -0.20190826912720997 0.15951739545051868 -0.16096723551667919 0.30002623021602631 0.16975151629447935 -0.27894362171490988 -0.21037639265710656 -0.012327702182989855 -0.075228201272536308
leaf_weight=41 49 33 32 31 42 25 26 42 27 37 27 30 45 29 32 27 26 48 28 25 48 44 26 49
leaf_count=41 49 33 32 31 42 25 26 42 27 37 27 30 45 29 32 27 26 48 28 25 48 44 26 49
internal_value=0.00463508 -0.0428187 0.0620764 -0.108733 -0.15166 -0.0237413 0.0375202 0.0328872 -0.060256 0.239629 0.00338438 -0.0284563 0.0502943 -0.0169504 0.205455 -0.138018 0.102365 -0.208411 0.247173 0.111708 -0.225406 -0.246151 0.0244611 -0.0533708
internal_weight=869 723 279 444 295 149 97 246 113 146 179 56 98 82 109 52 53 182 60 67 134 92 53 81
internal_count=869 723 279 444 295 149 97 246 113 146 179 56 98 82 109 52 53 182 60 67 134 92 53 81
is_linear=0
shrinkage=0.04


Tree=4
num_leaves=27
num_cat=0
split_feature=9 4 9 4 7 2 7 4 6 5 0 4 5 7 7 4 6 6 9 4 9 4 7 9 0 0
split_gain=6086.37 2390.26 804.815 773.853 554.616 426.943 322.652 243.751 333.372 594.432 263.054 238.678 229.266 172.556 157.542 115.473 96.0244 79.5222 78.1515 63.7577 57.7295 45.8826 41.5648 37.5518 15.4454 11.846
threshold=1.0595368120321338 -0.14765061305399738 -0.41867290978318161 1.7037682970796266 -1.1992766638071075 1.0000000180025095e-35 1.4375614829875671 -0.98809735515412911 0.52988476228989012 -0.25066273765626779 1.0000000180025095e-35 1.0216665933461864 1.0000000180025095e-35 -0.61331263118606871 -0.61331263118606871 0.48572954041276867 0.18881675943583826 1.0983314337133099 0.11885789814966023 -0.40343875195403744 -1.4265431746572599 0.68061574147946591 0.26563341774548938 -1.2921604726740494 -1.0000000180025095e-35 -0.7491350475729156
decision_type=2 2 2 2 2 2 2 2 2 2 2 2 2 2 2 2 2 2 2 2 2 2 2 2 2 2
left_child=1 2 4 6 -1 -3 21 18 9 22 25 12 20 16 19 -8 -14 -10 -4 24 -7 -2 -9 -13 -6 -11
right_child=3 5 7 -5 14 11 15 8 17 10 -12 23 13 -15 -16 -17 -18 -19 -20 -21 -22 -23 -24 -25 -26 -27
leaf_value=-0.15398714035749436 0.091640441748831 0.19934274978107877 -0.15609072660958326 0.41402980225426811 0.0026583216232912883 -0.00019562356173992158 0.20050255570656217 -0.016232010951408974 -0.23356962879498799 -0.22468734080974873 -0.069907509976066651 0.072802570909261705 0.045435573944339051 -0.0088934496045112617 -0.061276053395764585 0.3058985259409609 0.15313670119413963 -0.15162327118963004 -0.24373214843796523 0.10051422573328019 -0.069555481349428488 0.15643557211932016 0.05462651932681048 0.13752093755281888 0.045059740565441271 -0.18719198751662458
leaf_weight=41 36 27 27 28 28 32 39 26 36 26 40 32 27 44 29 29 26 40 41 25 48 34 27 26 27 28
leaf_count=41 36 27 27 28 28 32 39 26 36 26 40 32 27 44 29 29 26 40 41 25 48 34 27 26 27 28
internal_value=0.00444968 -0.0469909 -0.103842 0.222297 -0.0285772 0.0487006 0.183395 -0.142638 -0.122422 -0.0872562 -0.147655 0.0313928 0.00831684 0.0496598 0.0185954 0.245451 0.0982701 -0.19044 -0.208933 0.0475488 -0.0418115 0.123112 0.0198657 0.101814 0.0234736 -0.205245
internal_weight=869 703 441 166 150 262 138 291 223 147 94 235 177 97 109 68 53 76 68 80 80 70 53 58 55 54
internal_count=869 703 441 166 150 262 138 291 223 147 94 235 177 97 109 68 53 76 68 80 80 70 53 58 55 54
is_linear=0
shrinkage=0.04


Tree=5
num_leaves=27
num_cat=0
split_feature=9 4 9 8 4 2 4 0 9 9 4 9 4 5 5 9 9 4 9 9 9 9 9 0 0 0
split_gain=5272.89 1999.32 893.259 839.19 602.712 590.346 359.612 346.094 286.367 247.675 157.301 219.626 133.099 129.357 94.6919 118.735 83.9865 70.2831 51.6402 49.8637 46.3917 45.8418 31.6675 20.8881 18.4563 17.7707
threshold=1.193919514015344 -0.098929062787323066 -0.35148155879157633 -0.63134183865453442 -0.69576805355408322 1.0000000180025095e-35 1.0216665933461864 -0.7491350475729156 -1.2921604726740494 1.4626849179817649 -0.33035642655402603 -0.6874383137496024 1.2774547322462262 0.67499283280135014 -0.25066273765626779 -0.48586426077478684 0.32043195112447598 -0.48870146492071748 -0.88901236672441819 0.25324060013287075 1.3283022159985547 -1.4265431746572599 1.0000000180025095e-35 1.0000000180025095e-35 -1.0000000180025095e-35 -1.0000000180025095e-35
decision_type=2 2 2 2 2 2 2 2 2 2 2 2 2 2 2 2 2 2 2 2 2 2 2 2 2 2
left_child=1 2 8 4 19 -3 14 -2 -1 20 11 25 -8 16 21 18 22 23 -16 -4 -9 -7 -5 -18 -24 -10
right_child=7 5 3 13 -6 6 12 9 10 -11 -12 -13 -14 -15 15 -17 17 -19 -20 -21 -22 -23 24 -25 -26 -27
leaf_value=-0.11968161963931236 0.32690046550411928 0.20751570018132529 -0.16866336857831038 -0.19050226821899416 0.072278086912064318 -0.016699119929609627 0.16740629989416339 0.083732388591766363 0.0030682556055210254 0.24880441879739568 0.073609515365801362 -0.1002132791777452 0.054368793812394144 -0.10885972899695238 0.0080085053834421886 -0.039577448791927761 -0.21594597380827454 -0.11654678376821372 0.08226758518526632 -0.091052690285902751 0.16079170560836795 -0.086134657077491281 -0.21874754714965822 -0.16882076451071984 -0.26461708880960944 0.048162986851971727
leaf_weight=38 38 30 27 25 42 29 25 25 27 49 38 36 50 30 29 45 34 26 31 26 25 32 25 27 32 29
leaf_count=38 38 30 27 25 42 29 25 25 27 49 38 36 50 30 29 45 34 26 31 26 25 32 25 27 32 29
internal_value=-0.0034977 -0.0460706 -0.0966662 -0.138711 -0.0409011 0.0401847 0.0193551 0.224283 -0.0230884 0.184894 0.00514656 -0.0231316 0.092048 -0.185404 -0.0134881 0.00953863 -0.198991 -0.171615 0.0463757 -0.13059 0.122262 -0.0531243 -0.228036 -0.195087 -0.244499 0.0264209
internal_weight=870 733 462 294 95 271 241 137 168 99 130 92 75 199 166 105 169 87 60 53 50 61 82 61 57 56
internal_count=870 733 462 294 95 271 241 137 168 99 130 92 75 199 166 105 169 87 60 53 50 61 82 61 57 56
is_linear=0
shrinkage=0.04


Tree=6
num_leaves=27
num_cat=0
split_feature=7 4 7 8 4 4 7 4 7 7 4 9 9 4 9 9 4 0 4 7 5 8 5 9 0 6
split_gain=5224.75 1662.7 858.427 813.581 572.659 311.083 308.674 295.09 266.286 225.348 182.893 253.222 144.257 87.4015 82.888 114.776 81.3968 63.9658 46.8974 45.9544 38.6512 40.2997 38.4132 32.0865 20.7699 4.38858
threshold=1.1445794666770477 -0.098929062787323066 -0.32033061487554942 -0.63134183865453442 -0.69576805355408322 1.502791902229595 -1.1992766638071075 1.7281290722129634 -1.1992766638071075 -0.61331263118606871 0.5588118658127802 0.85796275905731789 1.4626849179817649 -0.45216030222071174 -0.082716154825155472 0.25324060013287075 -0.51306224005405465 -1.0000000180025095e-35 0.51009031554610584 0.26563341774548938 1.0000000180025095e-35 1.0000000180025095e-35 -0.71349052288507664 -1.4265431746572599 -1.0000000180025095e-35 -0.15225124341821353
decision_type=2 2 2 2 2 2 2 2 2 2 2 2 2 2 2 2 2 2 2 2 2 2 2 2 2 2
left_child=1 2 6 4 19 12 -1 8 23 13 20 -12 18 25 -5 24 17 -17 -2 -4 -10 -22 -14 -3 -16 -8
right_child=5 7 3 14 -6 -7 9 -9 10 -11 11 -13 22 -15 15 16 -18 -19 -20 -21 21 -23 -24 -25 -26 -27
leaf_value=-0.1197316258564228 0.10566969164780207 -0.020692330456915355 -0.16191683451334637 -0.12662278627648074 0.075118334472179416 0.33956365365248459 0.019420365887880323 0.14262584138442488 0.053636746177715917 -0.067256196561786871 0.19595323053116981 0.024041109002869706 0.19571538510145964 0.087460697469038853 -0.21119475212097169 -0.24195644873839159 -0.11256336695161359 -0.1624801696178525 0.17605194944323915 -0.087410585112296615 0.021685667148856228 -0.041397618238742537 0.26004883562976661 -0.072549407618386408 -0.25893109049115859 -0.0042806563138961789
leaf_weight=41 28 42 27 34 40 26 25 34 28 45 26 29 27 39 25 26 29 43 33 26 43 26 33 35 35 25
leaf_count=41 28 42 27 34 40 26 25 34 28 45 26 29 27 39 25 26 29 43 33 26 43 26 33 35 35 25
internal_value=-0.00335779 -0.0475578 -0.0934244 -0.136243 -0.0391365 0.214034 -0.0236918 0.0326651 0.0163391 0.00569352 0.0470391 0.105309 0.187061 0.0425782 -0.183279 -0.19547 -0.168794 -0.192428 0.143745 -0.125367 0.0139997 -0.00208485 0.231099 -0.0442637 -0.239041 0.00756985
internal_weight=870 723 460 285 93 147 175 263 229 134 152 55 121 89 192 158 98 69 61 53 97 69 60 77 60 50
internal_count=870 723 460 285 93 147 175 263 229 134 152 55 121 89 192 158 98 69 61 53 97 69 60 77 60 50
is_linear=0
shrinkage=0.04


Tree=7
num_leaves=27
num_cat=0
split_feature=9 4 9 2 0 4 6 5 4 9 9 6 9 5 9 4 0 4 9 4 4 0 9 9 0 4
split_gain=4477.59 1700.8 817.869 517.81 315.858 307.083 452.582 810.179 283.793 244.522 220.44 135.584 105.425 96.6825 93.7888 80.6062 79.7964 65.2185 58.1246 82.8726 45.4291 43.1109 42.6408 42.5825 36.7196 3.86088
threshold=1.193919514015344 0.022874812879362678 -0.35148155879157633 1.0000000180025095e-35 -0.7491350475729156 -0.69576805355408322 0.30250609372052223 -0.25066273765626779 1.0216665933461864 -1.2921604726740494 1.4626849179817649 -0.60700858055694906 -0.55305561176639195 1.0000000180025095e-35 -0.48586426077478684 -0.40343875195403744 -0.7491350475729156 -0.42779952708737462 0.32043195112447598 -1.0733600681208089 0.52227070311277446 -1.0000000180025095e-35 -0.88901236672441819 1.3283022159985547 1.0000000180025095e-35 1.4784311270962578
decision_type=2 2 2 2 2 2 2 2 2 2 2 2 2 2 2 2 2 2 2 2 2 2 2 2 2 2
left_child=1 2 9 -3 -2 16 7 -7 13 -1 23 -10 17 20 -15 -9 -4 21 19 -18 -5 -11 -19 -6 -8 -13
right_child=4 3 5 8 10 6 24 15 11 12 -12 25 -14 14 -16 -17 18 22 -20 -21 -22 -23 -24 -25 -26 -27
leaf_value=-0.10324002114209263 0.30471011600996323 0.20380820142811742 -0.21161012691120767 -0.016712217430273693 0.073046425342559812 0.12166719021115985 -0.14466683831065894 -0.16675485280252272 0.16180107867717744 -0.041749668594064378 0.22934255773923834 0.036597899878025059 -0.057800228464252812 0.060290083594438507 -0.038008105754852299 -0.07021927831172943 -0.11985825222650809 0.017119423029599366 -0.11301993410872375 -0.21106823892206758 -0.082819651971603264 0.026644626888136069 0.086972516405171355 0.14687436199188234 -0.20936637496948243 0.058828338956832885
leaf_weight=44 38 29 43 39 25 35 32 31 25 29 49 25 34 41 25 25 28 27 46 37 29 30 29 25 25 25
leaf_count=44 38 29 43 39 25 35 32 31 25 29 49 25 34 41 25 25 28 27 46 37 29 30 29 25 25 25
internal_value=-0.00322348 -0.0424546 -0.084704 0.0454171 0.206677 -0.125807 -0.0846624 -0.0293025 0.0234394 -0.0203873 0.169049 0.0857424 0.00407932 -0.0114318 0.0230559 -0.123659 -0.165349 0.0223741 -0.147428 -0.171778 -0.0449051 -0.00697291 0.0532933 0.10996 -0.173044 0.0477131
internal_weight=870 733 495 238 137 302 148 91 209 193 99 75 149 134 66 56 154 115 111 65 68 59 56 50 57 50
internal_count=870 733 495 238 137 302 148 91 209 193 99 75 149 134 66 56 154 115 111 65 68 59 56 50 57 50
is_linear=0
shrinkage=0.04


Tree=8
num_leaves=27
num_cat=0
split_feature=7 4 7 8 4 2 4 7 4 7 7 7 4 7 9 9 4 4 0 7 9 4 0 4 0 4
split_gain=4453.52 1409.06 733.748 734.119 498.376 383.138 285.012 267.435 203.03 196.807 130.077 213.356 281.224 121.601 79.4881 102.714 76.0302 69.7502 56.2379 41.4191 29.9166 22.7149 19.8902 19.8233 16.5954 1.12192
threshold=1.1445794666770477 -0.098929062787323066 -0.32033061487554942 -0.63134183865453442 -0.69576805355408322 1.0000000180025095e-35 1.502791902229595 -1.1992766638071075 1.7281290722129634 -0.61331263118606871 -1.1992766638071075 -0.32033061487554942 0.46136876527943149 1.4375614829875671 -0.082716154825155472 0.25324060013287075 -0.45216030222071174 -0.51306224005405465 -1.0000000180025095e-35 0.26563341774548938 -1.4265431746572599 0.60144322229612024 -1.0000000180025095e-35 0.19340023881272278 1.0000000180025095e-35 -0.76885037895409469
decision_type=2 2 2 2 2 2 2 2 2 2 2 2 2 2 2 2 2 2 2 2 2 2 2 2 2 2
left_child=1 2 7 4 19 -3 13 -1 10 16 20 12 23 21 -5 22 25 18 -17 -4 -7 -2 -16 -12 -15 -9
right_child=6 5 3 14 -6 8 -8 9 -10 -11 11 -13 -14 24 15 17 -18 -19 -20 -21 -22 -23 -24 -25 -26 -27
leaf_value=-0.11105016416165887 0.10352768898010255 0.16709035688433155 -0.14861332010339809 -0.11491083688595716 0.07311679047346116 -0.01959557198342823 0.31776665663489928 0.01350623220205307 0.11011257914702098 -0.062477313184075886 0.034733695983886717 -0.051552388042938421 0.1723206372022629 0.18952298880049159 -0.19629913234710691 -0.22541419478563163 0.082027238637973107 -0.1050433585407405 -0.15089330124993658 -0.077879093472774205 -0.069668486659015927 0.15501629322194135 -0.24301355239323208 -0.010926669507191098 0.22971234913795224 0.0015226574420928955
leaf_weight=41 29 29 27 34 40 42 26 25 30 45 32 41 25 35 25 26 39 29 43 26 35 26 35 29 31 25
leaf_count=41 29 29 27 34 40 42 26 25 30 45 32 41 25 35 25 26 39 29 43 26 35 26 35 29 31 25
internal_value=-0.00309454 -0.0439022 -0.0861258 -0.125713 -0.0334704 0.0299489 0.197613 -0.0216557 0.0129527 0.00569631 -0.00133548 0.0235352 0.0593328 0.171794 -0.170392 -0.182332 0.0401661 -0.157096 -0.178974 -0.113914 -0.042356 0.127868 -0.223549 0.0130263 0.2084 0.00751444
internal_weight=870 723 460 285 93 263 147 175 234 134 204 127 86 121 192 158 89 98 69 53 77 55 60 61 66 50
internal_count=870 723 460 285 93 263 147 175 234 134 204 127 86 121 192 158 89 98 69 53 77 55 60 61 66 50
is_linear=0
shrinkage=0.04


Tree=9
num_leaves=25
num_cat=0
split_feature=7 7 2 8 9 6 6 7 7 0 9 9 7 9 0 8 0 9 6 6 0 8 0 8
split_gain=4104.37 882.395 1179.32 514.453 596.553 459.937 330.781 225.377 218.224 210.147 185.75 157.786 115.046 111.948 84.8373 69.0599 47.2747 45.2683 42.2812 29.4845 19.0979 28.1836 18.7895 10.3813
threshold=1.1445794666770477 -0.32033061487554942 1.0000000180025095e-35 -0.63134183865453442 0.92515411004892301 0.52988476228989012 -0.37962991198758139 -1.1992766638071075 -0.61331263118606871 -0.7491350475729156 1.4626849179817649 -1.4265431746572599 -0.90629464749658817 -0.082716154825155472 -1.0000000180025095e-35 -0.63134183865453442 0.74913504757291582 0.25324060013287075 0.18881675943583826 0.18881675943583826 -0.7491350475729156 1.0000000180025095e-35 -1.0000000180025095e-35 -0.63134183865453442
decision_type=2 2 2 2 2 2 2 2 2 2 2 2 2 2 2 2 2 2 2 2 2 2 2 2
left_child=1 7 -3 5 13 6 -4 11 12 -2 16 14 15 -5 -1 -9 -11 22 -13 -10 -19 -22 -15 -14
right_child=9 2 3 4 -6 -7 -8 8 19 10 -12 18 23 17 -16 -17 -18 20 -20 -21 21 -23 -24 -25
leaf_value=-0.056061665160315376 0.26792940077185629 0.12485168736231955 -0.047507976449671245 -0.10998828541901377 0.006558164392198835 -0.15530697141374861 0.13194392663461191 0.071905940881481875 -0.053622750734028057 0.081148170630137115 0.21889670991649229 -0.1164895642855588 0.07056883147989329 -0.1884471689224243 0.03121973304115996 -0.0077649870089122235 0.15326836140109942 -0.1986000706807331 -0.047964380472898485 -0.0031066568568348884 -0.1839000609325894 -0.13033136332035064 -0.23358716838889654 0.10206898895349908
leaf_weight=28 40 38 42 36 35 35 27 27 38 33 48 34 26 25 49 49 26 27 25 36 33 30 36 47
leaf_count=28 40 38 42 36 35 35 27 27 38 33 48 34 26 25 49 49 26 27 25 36 33 30 36 47
internal_value=-0.00297076 -0.0421461 -0.0860314 -0.110613 -0.145005 -0.037198 0.0227123 0.00235039 0.0271009 0.189708 0.160466 -0.0382332 0.0549866 -0.173373 -0.000518957 0.0205392 0.11293 -0.188485 -0.0874535 -0.0290474 -0.170454 -0.158391 -0.215087 0.0908498
internal_weight=870 723 364 326 222 104 69 359 223 147 107 136 149 187 77 76 59 151 59 74 90 63 61 73
internal_count=870 723 364 326 222 104 69 359 223 147 107 136 149 187 77 76 59 151 59 74 90 63 61 73
is_linear=0
shrinkage=0.04


Tree=10
num_leaves=26
num_cat=0
split_feature=4 4 7 7 7 8 4 9 7 9 2 7 9 9 4 8 9 9 4 9 8 7 0 9 4
split_gain=3376.14 1259.82 750.24 546.707 661.093 722.411 530.027 368.065 260.384 233.953 203.476 166.499 142.029 223.366 91.5955 83.2415 83.1148 86.0263 71.9187 48.4057 47.9791 64.6126 36.0896 31.6004 21.0102
threshold=-0.12328983792066023 2.3127876754130554 1.4375614829875671 1.1445794666770477 -0.32033061487554942 -0.63134183865453442 -0.82975231678743755 -1.2249691216824441 -1.1992766638071075 0.32043195112447598 1.0000000180025095e-35 -0.61331263118606871 -0.48586426077478684 1.1267281630237389 0.65625496634612879 1.0000000180025095e-35 0.72358005707410744 -0.082716154825155472 -0.56178379032072889 -1.4265431746572599 1.0000000180025095e-35 -0.90629464749658817 0.74913504757291582 0.79077140806571256 -0.86629347948744329
decision_type=2 2 2 2 2 2 2 2 2 2 2 2 2 2 2 2 2 2 2 2 2 2 2 2 2
left_child=3 2 7 4 8 6 -6 19 -1 -8 -9 20 15 23 -15 -12 17 -7 22 -2 21 -10 24 -14 -19
right_child=1 -3 -4 -5 5 16 9 10 11 -11 12 -13 13 14 -16 -17 -18 18 -20 -21 -22 -23 -24 -25 -26
leaf_value=-0.11653152450134879 -0.0054134464263916014 0.35816134729385374 0.21202151747148792 0.10227466876690205 -0.14913840124011041 -0.12583004242470186 -0.041665726644652228 0.16327285255155258 0.017337936265715236 0.12043462171122946 0.065365010820170669 -0.056902932487428191 0.0097345647767738061 0.025328502886825137 0.12222414959725496 0.15349322102687976 -0.10762186371363126 -0.21223902071064171 -0.14600066160333566 -0.068083516526402849 -0.005933700540502157 0.10417683036281514 -0.17777780489921569 -0.046559686549963092 -0.25809828696712367
leaf_weight=38 49 25 48 26 40 31 28 31 29 29 47 48 27 27 37 27 26 33 29 33 28 26 25 39 31
leaf_count=38 49 25 48 26 40 31 28 31 29 29 47 48 27 27 37 27 26 33 29 33 28 26 25 39 31
internal_value=-0.00341524 0.0834619 0.0646469 -0.0759679 -0.0864765 -0.12508 -0.0375214 0.0423315 -0.0243449 0.0408064 0.0677919 0.00239629 0.0532826 0.0281013 0.0813463 0.0975199 -0.173613 -0.185128 -0.200707 -0.0306343 0.0366898 0.058389 -0.218532 -0.0235302 -0.234452
internal_weight=857 390 365 467 441 272 97 317 169 57 235 131 204 130 64 74 175 149 118 82 83 55 89 66 64
internal_count=857 390 365 467 441 272 97 317 169 57 235 131 204 130 64 74 175 149 118 82 83 55 89 66 64
is_linear=0
shrinkage=0.04


Tree=11
num_leaves=24
num_cat=0
split_feature=9 9 2 8 9 9 7 9 9 9 9 5 9 7 6 6 5 5 1 6 6 6 6
split_gain=2827.02 1101.74 845.699 531.451 455.355 675.624 299.353 292.487 218.226 184.639 144.181 114.089 95.1436 85.1537 74.2988 71.9495 53.8854 53.8705 49.6346 48.3201 30.423 15.4302 19.6953
threshold=1.0595368120321338 -0.35148155879157633 1.0000000180025095e-35 -0.63134183865453442 0.45481465310768643 1.0000000180025095e-35 -1.1992766638071075 0.79077140806571256 1.3954935669901598 -0.6874383137496024 -0.082716154825155472 -0.71349052288507664 -1.4265431746572599 -0.90629464749658817 -0.37962991198758139 -0.15225124341821353 1.0000000180025095e-35 1.0000000180025095e-35 1.0000000180025095e-35 0.30250609372052223 0.075127425151154323 -0.83438724912631701 0.30250609372052223
decision_type=2 2 2 2 2 2 2 2 2 2 2 2 2 2 2 2 2 2 2 2 2 2 2
left_child=1 6 -3 4 5 -4 12 10 17 13 -5 -10 15 16 -15 -1 -8 -2 21 -11 -14 -12 -23
right_child=8 2 3 7 -6 -7 9 -9 11 19 18 -13 20 14 -16 -17 -18 -19 -20 -21 -22 22 -24
leaf_value=0.038812271701171998 0.070475118672070305 0.090850734162975011 -0.1254007390449787 -0.1019079953109896 -0.14802668265998364 0.12817530339956285 0.00046157991064005885 -0.037789924163972179 0.13749721588407243 -0.033038329235885455 -0.18117435340881347 0.23378861877653337 -0.10502010229442801 0.065475803286094092 0.15957346839904785 -0.04001554359089244 0.07008384419524151 0.13313266450450534 -0.15432886077463626 0.02791438328886503 -0.046054733959691861 -0.24121119734741026 -0.1971275694755947
leaf_weight=32 46 37 29 37 40 40 29 31 35 46 25 45 28 29 25 44 46 42 40 38 28 31 34
leaf_count=32 46 37 29 37 40 40 29 31 35 46 25 45 28 29 25 44 46 42 40 38 28 31 34
internal_value=-0.00327863 -0.0391525 -0.0898072 -0.11158 -0.0406484 0.0215999 0.0113553 -0.150629 0.143847 0.0406871 -0.171575 0.191661 -0.0359757 0.0707394 0.10904 -0.00682488 0.0431632 0.10038 -0.191403 -0.00546448 -0.0755374 -0.20788 -0.218152
internal_weight=857 689 344 307 109 69 345 198 168 213 167 80 132 129 54 76 75 88 130 84 56 90 65
internal_count=857 689 344 307 109 69 345 198 168 213 167 80 132 129 54 76 75 88 130 84 56 90 65
is_linear=0
shrinkage=0.04


Tree=12
num_leaves=25
num_cat=0
split_feature=9 9 2 8 9 9 7 9 9 9 9 5 9 7 0 5 5 0 8 5 7 8 8 0
split_gain=2605.38 1015.36 779.396 489.785 419.655 622.655 275.884 269.556 201.117 170.163 132.877 105.145 87.6843 78.4777 68.6101 49.6608 49.6471 45.7432 40.2334 18.1806 13.5653 11.8828 9.63909 2.62891
threshold=1.0595368120321338 -0.35148155879157633 1.0000000180025095e-35 -0.63134183865453442 0.45481465310768643 1.0000000180025095e-35 -1.1992766638071075 0.79077140806571256 1.3954935669901598 -0.6874383137496024 -0.082716154825155472 -0.71349052288507664 -1.4265431746572599 -0.90629464749658817 -1.0000000180025095e-35 1.0000000180025095e-35 1.0000000180025095e-35 0.74913504757291582 1.0000000180025095e-35 -0.71349052288507664 0.26563341774548938 1.0000000180025095e-35 -0.63134183865453442 1.0000000180025095e-35
decision_type=2 2 2 2 2 2 2 2 2 2 2 2 2 2 2 2 2 2 2 2 2 2 2 2
left_child=1 6 -3 4 5 -4 12 10 16 13 -5 -10 14 15 -1 -8 -2 20 22 -14 -12 -22 -11 -15
right_child=8 2 3 7 -6 -7 9 -9 11 18 17 -13 19 23 -16 -17 -18 -19 -20 -21 21 -23 -24 -25
leaf_value=-0.052342107834354529 0.067656111150332127 0.087216704737495723 -0.12038470967062588 -0.097831676747347857 -0.14210561734344812 0.12304828917980194 0.00044311676559777096 -0.0362783276938623 0.13199732746396747 -0.0092344520938011914 -0.21732374524458864 0.22443707407845392 -0.047136549901962282 0.095519063598834553 0.024992481482111747 0.067280488708663891 0.12780735858849115 -0.14815570601820946 0.034976598554187353 -0.092983153721978587 -0.20491818340925072 -0.16629498906135559 -0.042259847289667682 0.11318264009697097
leaf_weight=31 46 37 29 37 40 40 29 31 35 31 39 45 25 26 45 46 42 40 27 31 26 25 26 28
leaf_count=31 46 37 29 37 40 40 29 31 35 31 39 45 25 26 45 46 42 40 27 31 26 25 26 28
internal_value=-0.00314749 -0.0375864 -0.0862149 -0.107117 -0.0390225 0.0207359 0.0109011 -0.144604 0.138093 0.0390597 -0.164712 0.183995 -0.0345366 0.0679098 -0.00655189 0.0414367 0.0963647 -0.183747 -0.0052459 -0.0725159 -0.199565 -0.185985 -0.0242987 0.104678
internal_weight=857 689 344 307 109 69 345 198 168 213 167 80 132 129 76 75 88 130 84 56 90 51 57 54
internal_count=857 689 344 307 109 69 345 198 168 213 167 80 132 129 76 75 88 130 84 56 90 51 57 54
is_linear=0
shrinkage=0.04


Tree=13
num_leaves=27
num_cat=0
split_feature=4 4 7 7 8 7 4 6 4 7 3 7 4 7 7 5 7 4 4 4 5 7 4 6 4 6
split_gain=2810.45 1132.97 585.004 415.897 498.354 573.386 449.514 466.913 601.32 284.73 171.836 119.537 92.9538 88.413 175.132 63.6199 129.892 61.4392 80.8514 61.1939 53.4429 61.343 37.4758 58.9504 27.8988 10.958
threshold=-0.12328983792066023 2.3127876754130554 1.4375614829875671 1.1445794666770477 -0.63134183865453442 -0.32033061487554942 -0.82975231678743755 0.41619542800520609 -0.48870146492071748 -1.1992766638071075 1.0000000180025095e-35 -0.61331263118606871 1.1678312441462091 1.1445794666770477 1.0000000180025095e-35 1.0000000180025095e-35 -0.61331263118606871 1.0338469809128548 0.38828643987942002 0.42482760257942576 1.0000000180025095e-35 0.26563341774548938 -0.68358766598741461 -0.15225124341821353 -1.0489992929874719 -0.60700858055694906
decision_type=2 2 2 2 2 2 2 2 2 2 2 2 2 2 2 2 2 2 2 2 2 2 2 2 2 2
left_child=3 2 9 4 6 15 24 8 -8 17 11 19 13 14 -13 -6 -17 18 -2 -11 21 -7 23 -23 -1 -22
right_child=1 -3 -4 -5 5 20 7 -9 -10 10 -12 12 -14 -15 -16 16 -18 -19 -20 -21 25 22 -24 -25 -26 -27
leaf_value=-0.14937147283554078 0.0029637518525123599 0.33674741106033323 0.18853842784961064 0.086245604707644544 -0.075424265903095866 -0.20800909943358842 0.19619268700883197 -0.092240136886636417 -0.036831934031318216 0.058630615994334223 0.14945501686103885 0.052343584969639777 0.093484784492424547 0.05638093923303214 -0.075444739364288957 0.038042366144557797 -0.075709304295737176 0.026543186439408197 -0.090807549876551472 0.14039854853241532 -0.10309554889225042 -0.21219153527021409 -0.10813429956436159 -0.12768464790923256 -0.09019065595876713 -0.1391581878066063
leaf_weight=25 28 25 48 26 43 43 37 36 34 32 31 32 28 44 37 36 29 27 31 27 26 25 25 28 26 28
leaf_count=25 28 25 48 26 43 43 37 36 34 32 31 32 28 44 37 36 29 27 31 27 26 25 25 28 26 28
internal_value=-0.00302159 0.0762438 0.058401 -0.0692175 -0.0783831 -0.110155 -0.021475 0.0251047 0.0846034 0.0386957 0.0618265 0.0482441 0.0282402 0.0120735 -0.0161806 -0.0376786 -0.0127084 -0.0234347 -0.0463059 0.0960498 -0.154884 -0.16965 -0.148504 -0.167546 -0.119201 -0.121795
internal_weight=857 390 365 467 441 283 158 107 71 317 231 200 141 113 69 108 65 86 59 59 175 121 78 53 51 54
internal_count=857 390 365 467 441 283 158 107 71 317 231 200 141 113 69 108 65 86 59 59 175 121 78 53 51 54
is_linear=0
shrinkage=0.04


Tree=14
num_leaves=25
num_cat=0
split_feature=4 4 7 7 7 9 4 9 9 6 6 7 2 7 4 7 9 4 0 9 4 4 4 7
split_gain=2590.11 1044.15 539.14 383.291 461.899 271.545 249.432 265.06 875.409 227.252 233.841 216.992 159.215 128.032 123.116 87.0412 249.723 59.3952 38.9612 38.1509 25.6034 22.414 22.0198 1.7619
threshold=-0.12328983792066023 2.3127876754130554 1.4375614829875671 1.1445794666770477 -0.32033061487554942 -1.2249691216824441 -0.96373658002079188 0.32043195112447598 0.45481465310768643 0.075127425151154323 -1.0617659176956848 -1.1992766638071075 1.0000000180025095e-35 -0.61331263118606871 1.0216665933461864 1.0000000180025095e-35 1.2611108650069494 0.083776750712705572 1.0000000180025095e-35 -1.4265431746572599 -0.73230921625408896 0.4126472150127572 -1.0855404556874777 0.26563341774548938
decision_type=2 2 2 2 2 2 2 2 2 2 2 2 2 2 2 2 2 2 2 2 2 2 2 2
left_child=3 2 5 4 11 19 22 9 -9 10 -8 -1 -7 18 15 17 -17 -14 -13 -2 -10 -19 23 -6
right_child=1 -3 -4 -5 6 12 7 8 20 -11 -12 13 14 -15 -16 16 -18 21 -20 -21 -22 -23 -24 -25
leaf_value=-0.1074688604905417 -0.0031342661137483559 0.32327751369476315 0.18099689067030947 0.082795780553267556 -0.14666476011276244 0.14347681572360377 -0.15945132615310806 0.15220235068883214 -0.08569244416696685 -0.19686743053522979 0.0012777723471323649 0.0083418101391622007 0.10240152823925019 -0.050901778613527612 0.10631069600582123 -0.062002343405461451 0.090807011649012573 0.0064348554390448107 0.064070343988783224 -0.05877137762127501 -0.13610169247577067 0.05592154249548912 -0.19978181753158569 -0.16153709812164307
leaf_weight=38 49 25 48 26 26 31 28 28 28 44 30 49 30 48 43 44 28 27 34 33 38 32 25 25
leaf_count=38 49 25 48 26 26 31 28 28 28 44 30 49 30 48 43 44 28 27 34 33 38 32 25 25
internal_value=-0.00290072 0.073194 0.056065 -0.0664488 -0.0752478 0.0371479 -0.107516 -0.0836636 -0.0352084 -0.128318 -0.0763156 -0.0233134 0.0590166 0.00109813 0.046182 0.0301228 -0.00257648 0.0565761 0.0311704 -0.0255248 -0.114716 0.0332751 -0.16903 -0.153955
internal_weight=857 390 365 467 441 317 272 196 94 102 58 169 235 131 204 161 72 89 83 82 66 59 76 51
internal_count=857 390 365 467 441 317 272 196 94 102 58 169 235 131 204 161 72 89 83 82 66 59 76 51
is_linear=0
shrinkage=0.04


Tree=15
num_leaves=24
num_cat=0
split_feature=4 7 7 7 2 7 8 6 6 7 6 7 4 6 6 7 7 6 7 6 7 5 4
split_gain=2211.68 881.911 679.127 534.483 453.533 288.874 245.779 366.448 223.494 210.266 121.12 110.23 87.7951 86.8646 81.799 75.7999 64.5776 39.5527 76.6956 58.8642 29.1112 19.9204 0.000811021
threshold=0.010694425312694102 1.1445794666770477 1.4375614829875671 -0.32033061487554942 1.0000000180025095e-35 -1.1992766638071075 -0.63134183865453442 0.075127425151154323 -0.94807658341100087 -1.1992766638071075 -1.2891445862650526 -0.61331263118606871 1.0338469809128548 0.98464209942862591 -0.72069791484163315 -0.61331263118606871 1.0000000180025095e-35 -0.72069791484163315 0.26563341774548938 0.18881675943583826 -0.90629464749658817 1.0000000180025095e-35 -0.39125836438736888
decision_type=2 2 2 2 2 2 2 2 2 2 2 2 2 2 2 2 2 2 2 2 2 2 2
left_child=1 3 4 5 -2 -1 7 8 -5 12 -8 -11 -6 14 -13 20 -12 -18 -19 -20 -7 -16 -17
right_child=2 -3 -4 6 9 15 10 -9 -10 11 16 13 -14 -15 21 22 17 18 19 -21 -22 -23 -24
leaf_value=-0.10423338216284048 0.1983465975138449 0.11921768124713454 0.21816336669820419 -0.067827087824161233 -0.057861817195301965 0.009245379388332366 -0.045285901737213134 -0.14065892760346574 0.093678817831236758 0.1113553324280953 -0.095884965118907747 0.076088095191986338 0.027917356388909478 0.10139215705852056 0.022139128867922159 -0.0285512907743454 -0.19405607137186776 -0.18813655708287214 -0.076900878213345999 -0.15010025935295301 0.054027479724415274 -0.022138198195277035 -0.028873487424850467
leaf_weight=46 31 43 47 26 42 45 25 41 29 49 42 31 35 29 29 25 29 37 32 39 48 37 25
leaf_count=46 31 43 47 26 42 45 25 41 29 49 42 31 35 29 29 25 29 37 32 39 48 37 25
internal_value=-0.0039947 -0.0544571 0.0773569 -0.0697292 0.0539721 -0.0170423 -0.102922 -0.0501441 0.0173306 0.0362117 -0.127758 0.0604482 -0.0188713 0.040651 0.0224913 0.0110052 -0.139277 -0.15258 -0.141443 -0.117109 0.0323587 -0.00268301 -0.0287124
internal_weight=862 532 330 489 283 189 300 96 55 252 204 175 77 126 97 143 179 137 108 71 93 66 50
internal_count=862 532 330 489 283 189 300 96 55 252 204 175 77 126 97 143 179 137 108 71 93 66 50
is_linear=0
shrinkage=0.04


Tree=16
num_leaves=25
num_cat=0
split_feature=4 9 7 7 3 7 8 6 6 7 6 9 4 4 9 0 7 9 4 4 4 0 4 4
split_gain=2038.28 834.305 625.883 479.048 377.621 266.226 215.555 329.322 187.212 186.385 144.62 117.044 102.071 90.8694 79.2469 71.5305 70.6604 96.0207 63.2481 61.306 34.0098 33.1227 33.3531 16.3548
threshold=0.010694425312694102 1.193919514015344 1.4375614829875671 -0.32033061487554942 1.0000000180025095e-35 -1.1992766638071075 -0.63134183865453442 0.52988476228989012 -0.37962991198758139 -1.1992766638071075 -1.2891445862650526 -1.5609258766404703 0.75369806687947738 1.289635119812895 -0.55305561176639195 -0.7491350475729156 1.0000000180025095e-35 0.6563887060825021 0.19340023881272278 0.51009031554610584 -0.86629347948744329 1.0000000180025095e-35 -0.51306224005405465 -0.70794844112075184
decision_type=2 2 2 2 2 2 2 2 2 2 2 2 2 2 2 2 2 2 2 2 2 2 2 2
left_child=1 3 4 5 9 -1 7 8 -5 11 -8 -2 18 -14 21 23 -17 20 -11 -20 -18 22 -7 -12
right_child=2 -3 -4 6 -6 14 10 -9 -10 12 15 -13 13 -15 -16 16 17 -19 19 -21 -22 -23 -24 -25
leaf_value=-0.10006404797668042 0.048003924531596048 0.12581865968994607 0.20943683142357686 -0.050526476197464518 0.18121989842504263 -0.021334403231739997 -0.034394596638502896 -0.15901900370915731 0.087123912239074702 0.083344388090330984 -0.19686498084068299 -0.054902438670396805 0.14101893596564019 0.049870393787111555 -0.034844740351965262 -0.066269103437662125 -0.12758855589798518 -0.074097741431203387 -0.015102246847489608 0.058396276891231537 -0.18536999347118233 0.059496527423984126 0.037836475721427378 -0.15155317201064183
leaf_weight=46 28 39 47 43 32 27 27 30 25 29 25 48 35 35 43 32 28 29 46 30 39 38 35 26
leaf_count=46 28 39 47 43 32 27 27 30 25 29 25 48 35 35 43 32 28 29 46 30 39 38 35 26
internal_value=-0.00383491 -0.0522789 0.0742626 -0.0663677 0.0518132 -0.0163606 -0.0974577 -0.0486236 8.02843e-05 0.0353151 -0.120689 -0.0169896 0.0580303 0.0954447 0.010565 -0.133706 -0.117745 -0.134904 0.0330874 0.0139103 -0.161223 0.0300912 0.0120685 -0.173765
internal_weight=862 532 330 493 283 189 304 98 68 251 206 76 175 70 143 179 128 96 105 76 67 100 62 51
internal_count=862 532 330 493 283 189 304 98 68 251 206 76 175 70 143 179 128 96 105 76 67 100 62 51
is_linear=0
shrinkage=0.04


Tree=17
num_leaves=25
num_cat=0
split_feature=4 7 7 7 2 7 8 6 6 7 7 6 4 6 6 5 0 7 7 7 6 6 4 4
split_gain=1878.48 750.653 576.814 454.243 387.339 245.354 209.115 324.055 198.97 179.312 103.009 102.012 81.6638 80.4709 75.6199 66.3725 65.9225 65.1206 58.7185 51.7439 36.0543 34.4078 21.291 15.0726
threshold=0.010694425312694102 1.1445794666770477 1.4375614829875671 -0.32033061487554942 1.0000000180025095e-35 -1.1992766638071075 -0.63134183865453442 0.075127425151154323 -0.94807658341100087 -1.1992766638071075 -0.61331263118606871 -1.2891445862650526 1.0338469809128548 0.98464209942862591 -0.72069791484163315 1.1378206180301593 -0.7491350475729156 1.0000000180025095e-35 0.26563341774548938 -0.90629464749658817 0.18881675943583826 0.30250609372052223 0.765878454446146 -0.70794844112075184
decision_type=2 2 2 2 2 2 2 2 2 2 2 2 2 2 2 2 2 2 2 2 2 2 2 2
left_child=1 3 4 5 -2 -1 7 8 -5 12 -11 -8 -6 14 -12 19 23 -18 -19 -7 -20 -17 -16 -13
right_child=2 -3 -4 6 9 15 11 -9 -10 10 13 16 -14 -15 22 21 17 18 20 -21 -22 -23 -24 -25
leaf_value=-0.096061485763841686 0.18316393594588004 0.11004238337971443 0.20105935898867061 -0.063092947648121761 -0.055144221058913638 0.0046462971355379903 -0.042098681068420414 -0.13131334636269545 0.089294643145183039 0.10492039687779485 0.070625426586597193 -0.18899038286209105 0.02758547387804304 0.095034335707796028 0.013204427897930145 -0.049062447473406795 -0.063618339179083702 -0.17273146799116426 -0.078919745192808269 0.070365388865272202 -0.13963118072213798 0.0087266582864172319 -0.03329129685576146 -0.14549104534662688
leaf_weight=46 31 43 47 26 42 41 25 41 29 49 31 25 35 29 40 32 32 33 34 36 29 34 26 26
leaf_count=46 31 43 47 26 42 41 25 41 29 49 31 25 35 29 40 32 32 33 34 36 29 34 26 26
internal_value=-0.00368152 -0.0501877 0.0712921 -0.0642775 0.0497406 -0.0157062 -0.0948774 -0.046195 0.0172569 0.0333275 0.0557091 -0.117787 -0.0175398 0.0365713 0.0190927 0.0101424 -0.128358 -0.113035 -0.129507 0.0353721 -0.106866 -0.0192923 -0.00511207 -0.166814
internal_weight=862 532 330 489 283 189 300 96 55 252 175 204 77 126 97 143 179 128 96 77 63 66 66 51
internal_count=862 532 330 489 283 189 300 96 55 252 175 204 77 126 97 143 179 128 96 77 63 66 66 51
is_linear=0
shrinkage=0.04


Tree=18
num_leaves=26
num_cat=0
split_feature=4 9 9 9 2 9 6 9 0 4 4 6 4 5 9 9 4 4 9 9 6 6 0 6 6
split_gain=1731.21 716.604 499.103 383.621 367.145 194.723 141.675 160.005 162.421 220.988 153.201 117.116 131.763 111.264 110.722 106.923 93.9366 67.5565 110.21 66.3123 57.3207 48.5358 94.3757 36.7768 57.7102
threshold=0.010694425312694102 1.2611108650069494 1.3954935669901598 -0.35148155879157633 1.0000000180025095e-35 -1.157777770690839 0.075127425151154323 1.0000000180025095e-35 -1.0000000180025095e-35 -0.69576805355408322 -0.53742301518739166 -0.72069791484163315 0.80241961714615162 1.0000000180025095e-35 -0.55305561176639195 -0.082716154825155472 0.71715690417947164 -0.58614456545406601 0.3876233021160812 -0.55305561176639195 -0.60700858055694906 0.87095276514394182 -1.0000000180025095e-35 -0.83438724912631701 0.30250609372052223
decision_type=2 2 2 2 2 2 2 2 2 2 2 2 2 2 2 2 2 2 2 2 2 2 2 2 2
left_child=1 3 4 5 -2 20 7 -5 9 -9 -10 12 -6 21 -15 -8 -4 18 -17 23 -1 22 -13 -7 -25
right_child=2 -3 16 6 11 19 15 8 10 -11 -12 13 -14 14 -16 17 -18 -19 -20 -21 -22 -23 -24 24 -26
leaf_value=-0.034225788024755628 0.17583738319335446 0.12413887222607932 0.12160411009421715 -0.12875022642480002 0.018968589744402159 0.071132838290471304 -0.044735580871884645 -0.15688205010750714 0.045742101798003372 -0.0036010997052545904 -0.076727142792481648 -0.051285303358373974 0.13954800334470027 0.10912834905808971 0.01174269324921547 -0.16657198970500184 0.22548224101463954 -0.18733257174491882 -0.07405695903301239 -0.03320746749639511 -0.11601793196694604 -0.053614095076918604 0.04085353615491287 -0.031317283144363987 0.045617738960740666
leaf_weight=26 31 36 26 45 29 26 26 34 44 27 26 29 29 31 47 38 30 29 45 36 29 32 46 26 39
leaf_count=26 31 36 26 45 29 26 26 34 44 27 26 29 29 31 47 38 30 29 45 36 29 32 46 26 39
internal_value=-0.00353425 -0.0481802 0.0684404 -0.0606872 0.0462013 -0.0144811 -0.0874691 -0.0636775 -0.0413242 -0.0890364 0.000253525 0.0296634 0.0792583 0.0141147 0.0504472 -0.117812 0.177253 -0.134776 -0.116413 0.0127467 -0.0773526 -0.0123707 0.00522652 0.0309263 0.0148437
internal_weight=862 532 330 496 274 182 314 176 131 61 70 243 58 185 78 138 56 112 83 127 55 107 75 91 65
internal_count=862 532 330 496 274 182 314 176 131 61 70 243 58 185 78 138 56 112 83 127 55 107 75 91 65
is_linear=0
shrinkage=0.04


Tree=19
num_leaves=27
num_cat=0
split_feature=4 9 9 9 2 9 6 6 5 6 4 5 9 9 4 9 9 9 4 6 4 6 0 0 6 6
split_gain=1595.48 660.422 459.974 353.545 338.361 179.457 130.567 157.763 133.228 107.934 121.433 102.541 102.042 98.54 86.572 82.899 62.8546 61.1134 58.6186 52.8268 49.0231 44.7306 86.9766 37.5601 33.8935 53.1857
threshold=0.010694425312694102 1.2611108650069494 1.3954935669901598 -0.35148155879157633 1.0000000180025095e-35 -1.157777770690839 0.075127425151154323 -0.26594057770289742 -0.25066273765626779 -0.72069791484163315 0.80241961714615162 1.0000000180025095e-35 -0.55305561176639195 -0.082716154825155472 0.71715690417947164 0.52200600409929165 0.18604924914126547 -0.55305561176639195 -0.63486611572074036 -0.60700858055694906 -1.0002777427207976 0.87095276514394182 -1.0000000180025095e-35 -1.0000000180025095e-35 -0.83438724912631701 0.30250609372052223
decision_type=2 2 2 2 2 2 2 2 2 2 2 2 2 2 2 2 2 2 2 2 2 2 2 2 2 2
left_child=1 3 4 5 -2 19 7 8 -5 10 -6 21 -13 -8 -4 23 -15 24 20 -1 -18 22 -11 -10 -7 -26
right_child=2 -3 14 6 9 17 13 -9 15 11 -12 12 -14 16 -16 -17 18 -19 -20 -21 -22 -23 -24 -25 25 -27
leaf_value=-0.032856756540445183 0.16880388444469824 0.1191733185119099 0.11673994467808652 -0.016274550083356026 0.018209845770535797 0.068287524558030652 -0.042946157059990442 0.017704411708947383 -0.15566500497774946 -0.049233891182932359 0.13396608003254595 0.10476321412670997 0.011272984603618055 -0.18128675599183358 0.21646294762690863 -0.049397689327597617 -0.13285463252067564 -0.031879168417718678 -0.16341741566658019 -0.1113772139993721 -0.05906809464097023 -0.051469530165195468 0.039219396023646644 -0.097883761905961569 -0.030064591627854569 0.043793027595831799
leaf_weight=26 31 36 26 39 29 26 26 33 36 29 29 31 47 28 30 32 25 36 25 29 34 32 46 36 26 39
leaf_count=26 31 36 26 39 29 26 26 33 36 29 29 31 47 28 30 32 25 36 25 29 34 32 46 36 26 39
internal_value=-0.00339288 -0.046253 0.0657028 -0.0582597 0.0443533 -0.0139019 -0.0839703 -0.0611304 -0.079323 0.0284769 0.076088 0.0135501 0.0484294 -0.1131 0.170163 -0.102966 -0.129385 0.0122368 -0.112085 -0.0742585 -0.0903336 -0.0118758 0.00501746 -0.126774 0.0296893 0.01425
internal_weight=862 532 330 496 274 182 314 176 143 243 58 185 78 138 56 104 112 127 84 55 59 107 75 72 91 65
internal_count=862 532 330 496 274 182 314 176 143 243 58 185 78 138 56 104 112 127 84 55 59 107 75 72 91 65
is_linear=0
shrinkage=0.04


Tree=20
num_leaves=25
num_cat=0
split_feature=2 9 9 4 6 5 9 9 4 0 9 9 9 4 4 4 5 4 9 6 9 0 4 4
split_gain=1250.45 1047.9 486.562 259.66 293.695 284.659 209.67 127.608 115.654 114.688 102.721 90.6079 125.067 118.595 95.4435 81.8847 80.1954 78.4508 65.1276 60.8681 58.0896 40.7368 32.2248 29.5103
threshold=-2.9592882694284057 1.2611108650069494 -0.55305561176639195 -0.69576805355408322 0.52988476228989012 -0.25066273765626779 -1.2249691216824441 -1.6281172276320757 -0.33035642655402603 -0.7491350475729156 1.4626849179817649 0.051666547158054986 0.32043195112447598 -0.96373658002079188 -0.96373658002079188 -0.18419177575400311 -1.1763183081138855 0.40046682744608858 -0.88901236672441819 -0.37962991198758139 -0.14990750581676068 -1.0000000180025095e-35 -0.25727410115401456 0.36392566474608284
decision_type=2 2 2 2 2 2 2 2 2 2 2 2 2 2 2 2 2 2 2 2 2 2 2 2
left_child=-1 2 6 11 5 -5 7 -2 -6 -3 -11 14 -13 -14 -4 20 21 18 22 -20 -7 -9 -8 -17
right_child=1 9 3 4 8 15 17 16 -10 10 -12 12 13 -15 -16 23 -18 -19 19 -21 -22 -23 -24 -25
leaf_value=0.26155270344995218 0.058990638714570269 0.16915274956647089 -0.0023599391598855299 0.090588384668032318 -0.13412536513237724 -0.1061828775360034 0.029873499764550115 -0.045484033226966862 -0.039684027302555921 0.031539594340655536 0.12361889353820256 -0.17611434024922989 -0.13655772915392211 -0.030862159592764719 -0.10010288628664883 0.031658593070122504 -0.083626022280716319 0.10360378364609046 0.021748810385664306 0.10167304251463183 -0.025109330646453369 0.018918959001700084 -0.031164259600639344 -0.020930844074801395
leaf_weight=29 26 34 31 45 42 26 31 30 41 36 42 34 33 35 33 31 41 33 30 31 31 33 25 38
leaf_count=29 26 34 31 45 42 26 31 30 41 36 42 34 33 35 33 31 41 33 30 31 31 33 25 38
internal_value=0.00346113 -0.00575643 -0.0239326 -0.0511618 -0.025736 0.00423028 0.0169111 -0.02027 -0.0874736 0.107845 0.0811208 -0.0900664 -0.113475 -0.0821556 -0.0527586 -0.0266119 -0.0400852 0.0491348 0.0337718 0.062366 -0.0620902 -0.0117491 0.0026245 0.00269629
internal_weight=841 812 700 420 254 171 280 130 83 112 78 166 102 68 64 126 104 150 117 61 57 63 56 69
internal_count=841 812 700 420 254 171 280 130 83 112 78 166 102 68 64 126 104 150 117 61 57 63 56 69
is_linear=0
shrinkage=0.04


Tree=21
num_leaves=25
num_cat=0
split_feature=7 2 7 0 4 9 9 4 4 9 7 4 0 9 4 4 9 4 7 9 4 4 0 4
split_gain=1313.57 665.58 493.996 259.58 150.424 132.406 229.4 248.237 154.562 121.355 159.097 172.015 115.067 114.597 87.8819 219.898 82.5092 92.0822 79.5856 110.437 63.6009 18.5558 15.4819 3.91295
threshold=1.1445794666770477 -1.6916913147484629 -0.32033061487554942 -0.7491350475729156 -0.69576805355408322 1.0000000180025095e-35 0.45481465310768643 -0.51306224005405465 -0.11110945035399165 -1.2249691216824441 -0.61331263118606871 -0.26945448872068306 -0.7491350475729156 1.4626849179817649 -1.1342620059541517 -0.93937580488745476 -1.4265431746572599 0.14467868854604846 -0.90629464749658817 -1.0905864196992339 -0.22073293845400885 0.65625496634612879 1.0000000180025095e-35 0.38828643987942002
decision_type=2 2 2 2 2 2 2 2 2 2 2 2 2 2 2 2 2 2 2 2 2 2 2 2
left_child=1 -1 9 -2 12 -6 7 -7 -8 16 18 -12 -4 21 -14 -16 17 -3 19 -11 -20 -5 -10 -18
right_child=3 2 4 13 5 6 8 -9 22 10 11 -13 14 -15 15 -17 23 -19 20 -21 -22 -23 -24 -25
leaf_value=0.17561817681347883 0.20094975149631503 -0.050120163117685634 -0.14449112966325547 0.022008941928545633 -0.10683991852828434 0.13809224166050554 -0.11972876952666985 -0.036829268402523464 0.0056331498920917508 0.080405331027918858 -0.085465663426846736 0.033966839115980058 -0.12137322040165172 0.13003707113654114 0.04449528832520757 -0.098278024805916686 -0.051903522687929644 0.039471498754289416 0.046551342579403097 -0.023243199171204317 0.12522851423871134 0.067285554621900834 -0.0360664445572886 -0.073865031075477608
leaf_weight=27 40 31 45 30 35 25 38 27 28 29 35 43 34 43 28 45 27 45 35 38 31 28 29 25
leaf_count=27 40 31 45 30 35 25 38 27 28 29 35 43 34 43 28 45 27 45 35 38 31 28 29 25
internal_value=0.00332268 -0.0191135 -0.026926 0.114708 -0.0614515 -0.0369196 -0.0202719 0.0472676 -0.057241 0.00709039 0.0257307 -0.0196247 -0.0908252 0.080553 -0.0682554 -0.0435157 -0.0236369 0.00292753 0.05233 0.0216196 0.0835058 0.0438666 -0.0155824 -0.0624619
internal_weight=841 700 673 141 334 182 147 52 95 339 211 78 152 101 107 73 128 76 133 67 66 58 57 52
internal_count=841 700 673 141 334 182 147 52 95 339 211 78 152 101 107 73 128 76 133 67 66 58 57 52
is_linear=0
shrinkage=0.04


Tree=22
num_leaves=24
num_cat=0
split_feature=7 2 7 0 6 6 4 9 4 7 6 9 9 9 4 6 9 0 6 4 7 4 4
split_gain=1210.59 613.398 455.267 239.229 157.968 325.268 187.337 132.661 112.572 151.392 140.962 105.612 97.0203 127.591 89.6669 81.0635 51.0435 43.0238 50.615 17.101 14.7395 13.7129 16.2885
threshold=1.1445794666770477 -1.6916913147484629 -0.32033061487554942 -0.7491350475729156 0.18881675943583826 -0.15225124341821353 -0.62268572815407175 0.051666547158054986 -0.22073293845400885 -0.90629464749658817 -0.72069791484163315 1.4626849179817649 -0.6874383137496024 -1.157777770690839 0.25430217664606569 -1.0617659176956848 0.18604924914126547 0.74913504757291582 0.41619542800520609 0.65625496634612879 0.55861543405600889 -0.65922689085407749 -0.17201138818733452
decision_type=2 2 2 2 2 2 2 2 2 2 2 2 2 2 2 2 2 2 2 2 2 2 2
left_child=1 -1 8 -2 5 6 7 -4 12 10 -10 19 13 -3 -11 -8 -6 18 -12 -5 -17 -18 -23
right_child=3 2 4 11 16 -7 15 -9 9 14 17 -13 -14 -15 -16 20 21 -19 -20 -21 -22 22 -24
leaf_value=0.16859345140280546 0.19291176187992098 -0.048067234215282258 -0.04282279643145475 0.021128584504127502 -0.12576371698275857 0.076814338512280408 -0.069060924092928563 -0.14841093820995754 0.07666331159571807 0.10926935214635938 -0.08151827216148376 0.12483558924392213 -0.067680153028762083 0.046942430056479516 0.016263772227146006 0.035733505219221112 -0.058411172959539626 0.015391725807478933 -0.01139777672290802 0.064594132878950661 -0.0072825401792159447 -0.11167823634147644 -0.066017257308959965
leaf_weight=27 40 42 33 30 46 34 30 45 30 43 28 43 47 49 27 25 45 33 40 28 26 25 25
leaf_count=27 40 42 33 30 46 34 30 45 30 43 28 43 47 49 27 25 45 33 40 28 26 25 25
internal_value=0.00318977 -0.018349 -0.0258489 0.11012 -0.0589935 -0.0354808 -0.0594936 -0.103739 0.00680677 0.025906 0.000529799 0.0773309 -0.0210117 0.00309182 0.0733958 -0.0168869 -0.0911775 -0.0220841 -0.0402709 0.042112 0.0138038 -0.0744304 -0.0888477
internal_weight=841 700 673 141 334 193 159 78 339 201 131 101 138 91 70 81 141 101 68 58 51 95 50
internal_count=841 700 673 141 334 193 159 78 339 201 131 101 138 91 70 81 141 101 68 58 51 95 50
is_linear=0
shrinkage=0.04


Tree=23
num_leaves=27
num_cat=0
split_feature=4 9 4 0 9 4 9 5 0 6 4 6 6 0 6 9 4 9 9 9 9 0 5 4 6 9
split_gain=1079.85 648.709 325.828 168.671 139.878 140.513 107.347 124.37 107.09 152.052 95.8493 157.546 325.313 85.6186 156.49 81.5037 72.1351 112.48 63.4562 63.3733 57.5123 61.3683 45.7519 30.8292 30.223 16.3567
threshold=2.3127876754130554 1.193919514015344 -0.52524262762072316 -0.7491350475729156 0.051666547158054986 0.64407457877946017 -0.62024696275799729 -0.25066273765626779 -0.7491350475729156 -0.37962991198758139 -0.98809735515412911 -1.0617659176956848 0.52988476228989012 0.74913504757291582 -0.72069791484163315 1.4626849179817649 0.71715690417947164 -0.88901236672441819 -1.0233950687076285 0.051666547158054986 -1.2921604726740494 -1.0000000180025095e-35 -0.71349052288507664 0.53445109067944296 -0.26594057770289742 -0.6874383137496024
decision_type=2 2 2 2 2 2 2 2 2 2 2 2 2 2 2 2 2 2 2 2 2 2 2 2 2 2
left_child=1 2 6 16 13 -6 7 -1 9 -8 19 -12 -13 20 -15 23 17 -4 -16 -10 -5 -22 -17 -3 -19 -23
right_child=-2 15 3 4 5 -7 8 -9 10 -11 11 12 -14 14 18 22 -18 24 -20 -21 21 25 -24 -25 -26 -27
leaf_value=-0.066379130637204201 0.25682944669746438 0.079582915659304018 -0.041915976221744831 -0.060061968990734647 -0.10418925661510892 0.0010355798859854003 -0.18409969444274904 0.050190768502652645 -0.041577426719665522 -0.061064603924751285 -0.10925668831224795 0.070720774527483932 -0.085935417939173558 0.11975379968881607 -0.039207644352028448 0.080031325817108159 0.10498126335144044 0.026971944365008126 0.042398074587186176 -0.1271740168236917 0.053378217434883121 -0.0015505725350873224 0.14992865132874456 0.021949025672493558 0.082557359425460594 -0.04524275504052639
leaf_weight=27 26 27 26 35 45 37 25 32 25 45 27 48 38 25 31 31 25 29 30 31 25 29 29 33 34 26
leaf_count=27 26 27 26 35 45 37 25 32 25 45 27 48 38 25 31 31 25 29 30 31 25 29 29 33 34 26
internal_value=0.00306218 -0.00503346 -0.0198622 0.00386653 -0.0126814 -0.0567098 -0.051474 -0.00315478 -0.0634021 -0.105006 -0.0461699 -0.0249635 0.0015006 0.00528039 0.0354692 0.0808497 0.0449461 0.0280823 0.000926316 -0.0889613 -0.0172956 0.00141472 0.113815 0.0478843 0.0569704 -0.0222051
internal_weight=841 815 695 397 283 82 298 59 239 70 169 113 86 201 86 120 114 89 61 56 115 80 60 60 63 55
internal_count=841 815 695 397 283 82 298 59 239 70 169 113 86 201 86 120 114 89 61 56 115 80 60 60 63 55
is_linear=0
shrinkage=0.04


Tree=24
num_leaves=24
num_cat=0
split_feature=7 3 7 8 9 9 0 9 9 7 9 9 6 9 0 9 9 6 6 6 6 6 5
split_gain=1043.56 367.53 443.675 342.157 402.018 867.969 217.278 129.181 92.1371 139.026 91.04 83.6515 76.6026 126.811 75.4814 45.5701 42.07 27.9115 21.7375 11.9856 11.0773 3.61011 1.77116
threshold=1.1445794666770477 1.0000000180025095e-35 -0.32033061487554942 -0.63134183865453442 0.45481465310768643 1.0000000180025095e-35 -0.7491350475729156 0.92515411004892301 -1.2249691216824441 -0.61331263118606871 1.4626849179817649 -1.4265431746572599 -0.83438724912631701 -0.75462966474120774 -1.0000000180025095e-35 -0.082716154825155472 0.18604924914126547 0.18881675943583826 -0.26594057770289742 0.64357409657457409 -0.37962991198758139 1.0000000180025095e-35 -0.25066273765626779
decision_type=2 2 2 2 2 2 2 2 2 2 2 2 2 2 2 2 2 2 2 2 2 2 2
left_child=1 2 8 4 5 -4 -2 15 11 12 20 14 -10 19 -1 -5 -17 -11 -18 -14 -8 -13 -20
right_child=6 -3 3 7 -6 -7 10 -9 9 17 -12 21 13 -15 -16 16 18 -19 22 -21 -22 -23 -24
leaf_value=-0.039976979686367896 0.18112148823589089 0.088587104021286472 -0.10299228648841383 -0.062788128993340908 -0.1007346999499856 0.18482324888831692 0.057002756065792505 -0.018195033222436905 0.096848489078315531 -0.042043137717537767 0.11507659220418265 -0.069560585778493153 -0.014613801687955856 0.098982634955439089 0.042310912580717182 -0.14510574423748515 -0.12233394198947484 0.0058757217268686039 -0.07477215778082609 0.020103711291001393 0.021957635749732293 -0.048481653281129321 -0.089149695470415319
leaf_weight=31 40 49 30 35 41 38 27 34 37 41 43 26 41 29 42 46 36 37 26 26 31 26 29
leaf_count=31 40 49 30 35 41 38 27 34 37 41 43 26 41 29 42 46 36 37 26 26 31 26 29
internal_value=0.00293969 -0.017058 -0.0250098 -0.0591147 -0.00180374 0.0578458 0.102219 -0.0894394 0.00696348 0.0230856 0.0709708 -0.0202506 0.0479505 0.0291044 0.00736674 -0.103523 -0.113929 -0.0193124 -0.0981697 -0.00114133 0.0382717 -0.0590211 -0.082353
internal_weight=841 700 651 315 109 68 141 206 336 211 101 125 133 96 73 172 137 78 91 67 58 52 55
internal_count=841 700 651 315 109 68 141 206 336 211 101 125 133 96 73 172 137 78 91 67 58 52 55
is_linear=0
shrinkage=0.04


Tree=25
num_leaves=26
num_cat=0
split_feature=9 9 2 8 9 9 7 9 6 0 6 0 9 7 0 6 6 7 6 6 0 7 8 6 8
split_gain=1276.6 249.993 378.065 222.411 287.886 557.546 166.841 114.516 109.871 101.347 106.432 98.3884 75.7636 70.978 103.218 79.1526 70.9454 70.1133 60.6801 58.7151 43.0937 38.3243 31.0403 43.8913 14.1045
threshold=1.0595368120321338 -0.55305561176639195 1.0000000180025095e-35 -0.63134183865453442 0.45481465310768643 1.0000000180025095e-35 0.85159745036652823 -0.28429020779997111 1.2120207679979937 -0.7491350475729156 0.41619542800520609 0.74913504757291582 -1.0233950687076285 -1.1992766638071075 -1.0000000180025095e-35 -0.83438724912631701 0.64357409657457409 1.0000000180025095e-35 -0.83438724912631701 -0.15225124341821353 -1.0000000180025095e-35 0.26563341774548938 1.0000000180025095e-35 -0.15225124341821353 1.0000000180025095e-35
decision_type=2 2 2 2 2 2 2 2 2 2 2 2 2 2 2 2 2 2 2 2 2 2 2 2 2
left_child=1 11 -3 4 5 7 16 -4 9 -2 18 13 19 22 15 -15 20 -18 -11 -13 24 -22 23 -1 -5
right_child=8 2 3 6 -6 -7 -8 -9 -10 10 -12 12 -14 14 -16 -17 17 -19 -20 -21 21 -23 -24 -25 -26
leaf_value=-0.010795354374817439 0.16215674302975339 0.077061727548900408 0.0042055027645367844 -0.1129131077278045 -0.10173153235763312 0.15134800267219542 0.013026980310678482 -0.11451366186141967 0.029288048816304053 0.10678849981196466 0.15492027512912093 0.055142837554216388 0.090616891048848625 0.10041523756980895 -0.032812446919269864 0.011990689262140379 -0.011618394047021864 -0.094416498442490907 0.033008433935188111 -0.031549341920018195 -0.10982903250182668 -0.052771995644415579 -0.0037470192902133259 -0.076436337194381615 -0.15106996080087076
leaf_weight=28 45 38 26 31 40 35 28 26 31 31 29 25 32 25 48 46 30 36 42 25 48 31 38 39 31
leaf_count=28 45 38 26 31 40 35 28 26 31 31 29 25 32 25 48 46 30 36 42 25 48 31 38 39 31
internal_value=0.00199049 -0.0221457 -0.0429643 -0.0555638 -0.0129141 0.0279215 -0.0786127 -0.0551541 0.0977217 0.112153 0.090093 0.00506817 0.0425558 -0.00865499 0.0124954 0.0431261 -0.0910084 -0.056781 0.0643397 0.0117967 -0.10703 -0.0874396 -0.0326255 -0.0490043 -0.131992
internal_weight=884 706 400 362 127 87 235 52 178 147 102 306 82 224 119 71 207 66 73 50 141 79 105 67 62
internal_count=884 706 400 362 127 87 235 52 178 147 102 306 82 224 119 71 207 66 73 50 141 79 105 67 62
is_linear=0
shrinkage=0.04


Tree=26
num_leaves=27
num_cat=0
split_feature=9 4 4 8 9 9 7 6 7 7 4 4 6 1 9 4 4 6 6 5 6 5 9 5 7 4
split_gain=1178.34 654.09 439.079 201.915 173.133 534.795 140.907 124.292 122.659 112.95 108.426 89.9664 76.8625 74.706 72.6608 59.0579 57.9586 52.9021 38.5655 68.5445 33.6328 26.2174 28.9376 20.4843 16.5539 9.10297
threshold=0.99234546104052834 1.8012113976129751 -0.14765061305399738 -0.63134183865453442 1.0000000180025095e-35 0.45481465310768643 -0.32033061487554942 -1.2891445862650526 -0.61331263118606871 1.1445794666770477 1.0216665933461864 1.3018155073795634 -0.83438724912631701 1.0000000180025095e-35 -1.0233950687076285 -0.45216030222071174 -0.96373658002079188 -0.15225124341821353 -0.94807658341100087 1.0000000180025095e-35 0.075127425151154323 -0.25066273765626779 -0.14990750581676068 1.0000000180025095e-35 1.4375614829875671 0.38828643987942002
decision_type=2 2 2 2 2 2 2 2 2 2 2 2 2 2 2 2 2 2 2 2 2 2 2 2 2 2
left_child=2 9 3 4 6 -6 15 -5 14 -2 13 -12 -11 18 -9 -1 -10 -14 -4 25 -15 -18 -23 -24 -19 -20
right_child=1 -3 10 7 5 -7 -8 8 16 12 11 -13 17 20 -16 -17 21 24 19 -21 -22 22 23 -25 -26 -27
leaf_value=-0.049856423004219927 -0.0081406520081288899 0.26399283922951794 -0.057281964626828476 -0.0021937871132141503 0.1452940819135734 -0.080952572263777264 -0.12224966952045049 -0.073439258067838603 -0.13670542503858721 0.12261421474971269 0.1209311200618744 0.027013436885590249 0.0091291384186063494 0.0053475371996561686 0.013884722158312797 0.033386990880966187 -0.11340942210134339 0.053172964258720319 -0.01999379324615002 0.029509194837693049 0.062693354524672035 -0.099813422929299511 -0.076706279776990419 -0.029397693828300195 0.09304935485124588 -0.054128537511825565
leaf_weight=30 33 29 28 39 35 32 28 31 43 38 25 47 28 30 30 25 34 31 25 49 36 38 32 27 36 25
leaf_count=30 33 29 28 39 35 32 28 31 43 38 25 47 28 30 30 25 34 31 25 49 36 38 32 27 36 25
internal_value=0.00191087 0.0887192 -0.0226575 -0.0479017 -0.0105947 0.037236 -0.0492049 -0.0683253 -0.0793003 0.0580991 0.0177332 0.0596237 0.0745345 0.00210562 -0.030493 -0.0120185 -0.0964109 0.0553027 -0.0158347 -0.0041122 0.0366271 -0.0831845 -0.0725902 -0.0550566 0.0745991 -0.0370612
internal_weight=884 195 689 424 150 67 83 274 235 166 265 72 133 193 61 55 174 95 127 99 66 131 97 59 67 50
internal_count=884 195 689 424 150 67 83 274 235 166 265 72 133 193 61 55 174 95 127 99 66 131 97 59 67 50
is_linear=0
shrinkage=0.04


Tree=27
num_leaves=26
num_cat=0
split_feature=4 4 7 4 1 9 9 9 6 9 6 6 6 9 9 7 4 9 6 4 5 4 4 6 7
split_gain=1107.55 708.824 326.358 182.195 168.878 155.484 210.925 173.185 121.953 118.598 88.6823 113.562 90.6424 63.2207 63.0599 60.8135 63.3993 56.4708 49.8276 47.1161 27.1237 19.7744 19.1387 14.3324 9.66903
threshold=2.3127876754130554 -0.37907797682070027 1.1445794666770477 1.0216665933461864 1.0000000180025095e-35 0.32043195112447598 0.58919735509089699 0.11885789814966023 -0.83438724912631701 -1.2249691216824441 -0.83438724912631701 -1.2891445862650526 1.0000000180025095e-35 0.79077140806571256 -1.0905864196992339 -0.32033061487554942 -0.11110945035399165 -1.0233950687076285 0.41619542800520609 0.10813752584604273 -0.71349052288507664 -0.63486611572074036 -0.82975231678743755 -0.15225124341821353 -0.32033061487554942
decision_type=2 2 2 2 2 2 2 2 2 2 2 2 2 2 2 2 2 2 2 2 2 2 2 2 2
left_child=1 5 3 4 15 7 -7 10 -4 -5 11 -1 24 -8 -6 17 -17 20 -10 -19 -3 22 -14 -16 -12
right_child=-2 2 8 9 14 6 13 -9 18 -11 12 -13 21 -15 23 16 -18 19 -20 -21 -22 -23 -24 -25 -26
leaf_value=-0.066283812408938131 0.22919962467569291 -0.017130285391791001 0.14619745529059208 0.004960672538727522 -0.011440585655128134 0.060044157320544835 -0.090202579688694745 -0.14277647466194338 0.027797333447540061 0.10827481900900603 -0.09398734970092773 0.037880342945908058 -0.035915831052339996 -0.015746722382468145 0.083472492468357085 -0.099418240171490299 -0.021010265865109186 0.037453511218691983 0.087027178979055458 -0.027237723772564244 -0.068628785297274592 -0.019821139968210652 -0.084449692763961276 0.044048313299814866 -0.12821211474282401
leaf_weight=34 33 36 33 32 29 42 36 41 47 40 25 33 26 37 25 33 33 43 44 31 30 31 26 36 28
leaf_count=34 33 36 33 32 29 42 36 41 47 40 25 33 26 37 25 33 33 43 44 31 30 31 26 36 28
internal_value=0.00183443 -0.00698232 0.0242015 0.00529061 -0.0085905 -0.0497189 -0.0113745 -0.067791 0.0803241 0.0623574 -0.0526462 -0.0149791 -0.0712028 -0.0524647 0.0371197 -0.028561 -0.0602143 -0.0136387 0.0564359 0.0103531 -0.0405387 -0.0451079 -0.0601828 0.0602058 -0.112068
internal_weight=884 851 492 368 296 359 115 244 124 72 203 67 136 73 90 206 66 140 91 74 66 83 52 61 53
internal_count=884 851 492 368 296 359 115 244 124 72 203 67 136 73 90 206 66 140 91 74 66 83 52 61 53
is_linear=0
shrinkage=0.04


Tree=28
num_leaves=26
num_cat=0
split_feature=2 7 9 0 9 9 9 9 7 6 5 9 5 9 9 9 9 0 5 5 6 9 0 6 6
split_gain=1145.01 791.839 257.978 89.4739 85.2343 172.163 147.161 136.418 109.659 103.373 72.9572 115.12 79.3033 70.2859 69.4291 63.0928 62.7453 62.7374 59.4261 56.1563 55.6791 45.623 38.3396 14.3347 10.5288
threshold=-2.9592882694284057 1.1445794666770477 -0.55305561176639195 0.74913504757291582 0.3876233021160812 0.58919735509089699 0.11885789814966023 1.0000000180025095e-35 0.85159745036652823 0.64357409657457409 -0.71349052288507664 1.3954935669901598 1.0000000180025095e-35 -1.157777770690839 0.25324060013287075 -1.0233950687076285 -0.41867290978318161 -1.0000000180025095e-35 -0.71349052288507664 -1.6391460933426945 -0.15225124341821353 -0.82182101573281285 1.0000000180025095e-35 0.52988476228989012 -0.49331924627226525
decision_type=2 2 2 2 2 2 2 2 2 2 2 2 2 2 2 2 2 2 2 2 2 2 2 2 2
left_child=-1 2 3 13 6 -6 7 9 23 16 -3 12 -12 18 -8 20 -4 21 19 -2 -5 -15 -10 -7 -18
right_child=1 10 4 15 5 8 14 -9 22 -11 11 -13 -14 17 -16 -17 24 -19 -20 -21 -22 -23 -24 -25 -26
leaf_value=0.22270645923084684 -0.045596916176177359 0.027402894061964913 -0.045052512441362651 0.052832880920171743 0.049864145109527989 -0.10379290386157877 -0.15660394766367972 0.030931951291859151 0.012631208281964065 -0.013641729323814314 0.10059505939017982 0.13817150011810722 0.010827342044081419 0.066397520658132189 -0.070355255497353414 0.083254117869561717 -0.13223179920361591 -0.024499010396274654 -0.072047123115509745 0.025082147870744979 -0.031588218324631455 -0.0019872438148767859 -0.046110308691859246 -0.064337682517675257 -0.096568663650088843
leaf_weight=36 37 37 35 25 38 34 32 32 40 48 32 49 31 37 28 31 26 44 40 35 25 27 32 26 27
leaf_count=36 37 37 35 25 38 34 32 32 40 48 32 49 31 37 28 31 26 44 40 35 25 27 32 26 27
internal_value=0.00176105 -0.0076187 -0.0254645 0.00247839 -0.0465971 -0.0251599 -0.062581 -0.0433762 -0.0467577 -0.0608605 0.0761007 0.0921883 0.0564236 -0.0107545 -0.116355 0.0384197 -0.0866161 0.0122694 -0.0329562 -0.011239 0.0106223 0.0375477 -0.0134761 -0.0866956 -0.114064
internal_weight=884 848 699 301 398 170 228 168 132 136 149 112 63 220 60 81 88 108 112 72 50 64 72 60 53
internal_count=884 848 699 301 398 170 228 168 132 136 149 112 63 220 60 81 88 108 112 72 50 64 72 60 53
is_linear=0
shrinkage=0.04


Tree=29
num_leaves=27
num_cat=0
split_feature=2 4 9 9 7 8 9 9 4 9 4 9 7 4 0 9 4 7 9 9 0 0 4 9 8 9
split_gain=1055.24 747.259 247.716 182.561 176.452 189.088 243.425 605.062 72.4095 54.6976 100.75 51.3648 145.841 71.4092 49.061 45.4911 45.1169 42.8571 73.0168 39.3145 38.1359 50.3667 36.9263 34.5062 26.1713 10.2372
threshold=-2.9592882694284057 0.51009031554610584 1.193919514015344 1.1267281630237389 -0.32033061487554942 -0.63134183865453442 0.45481465310768643 1.0000000180025095e-35 -0.33035642655402603 -1.0233950687076285 0.24212178907939708 0.92515411004892301 -1.1992766638071075 1.4114389954795807 -0.7491350475729156 -1.4265431746572599 1.0703881436128604 -1.1992766638071075 -0.6874383137496024 -0.55305561176639195 -1.0000000180025095e-35 1.2485584126215263 -0.11110945035399165 0.45481465310768643 1.0000000180025095e-35 -0.9562037177160233
decision_type=2 2 2 2 2 2 2 2 2 2 2 2 2 2 2 2 2 2 2 2 2 2 2 2 2 2
left_child=-1 2 4 11 8 6 7 -6 17 15 19 12 13 -3 -5 -10 -16 -2 25 -11 23 24 -4 -7 -22 -19
right_child=1 3 22 14 5 20 -8 -9 9 10 -12 -13 -14 -15 16 -17 -18 18 -20 -21 21 -23 -24 -25 -26 -27
leaf_value=0.21379820161395605 -0.080120163539360315 -0.027213495451779594 0.082366695574351723 0.1438441953914506 -0.10055096479256947 -0.12466002014826755 -0.09725661954515287 0.1442548902460507 0.017862305331230163 0.082111243009567264 -0.038025136704423597 -0.01807592558208853 0.10371997262980488 0.057135549508608302 0.043858925432994446 -0.051258814529730724 0.11326945920384698 -0.0099760213436988696 -0.064097866074341092 0.0160338182926178 -0.072578424929186355 -0.11343770623207093 0.017966442560327464 -0.072214271215831544 -0.027017850095504212 0.025873063886165618
leaf_weight=36 29 42 28 28 30 49 37 35 25 34 28 32 37 26 29 39 31 26 41 25 43 28 29 34 38 25
leaf_count=36 29 42 28 28 30 49 37 35 25 34 28 32 37 26 29 39 31 26 41 25 43 28 29 34 38 25
internal_value=0.00169061 -0.00731396 -0.0298795 0.0551674 -0.0378837 -0.0593658 -0.0153539 0.0312676 -0.0146642 0.00381051 0.0244589 0.0262903 0.0398114 0.00503761 0.100124 -0.0242584 0.079721 -0.0377194 -0.0243539 0.0541123 -0.082747 -0.0671909 0.0496017 -0.103176 -0.0512043 0.00759706
internal_weight=884 848 623 225 566 294 102 65 272 151 87 137 105 68 88 64 60 121 92 59 192 109 57 83 81 51
internal_count=884 848 623 225 566 294 102 65 272 151 87 137 105 68 88 64 60 121 92 59 192 109 57 83 81 51
is_linear=0
shrinkage=0.04


Tree=30
num_leaves=25
num_cat=0
split_feature=4 4 9 8 6 6 7 7 6 9 6 7 8 6 6 9 6 6 4 9 4 6 9 4
split_gain=1110.9 521.773 238.72 182.587 236.02 320.85 488.482 153.689 134.629 112.538 83.5673 78.9743 69.9569 67.5502 101.064 67.1022 55.2951 44.6584 28.6338 27.044 24.0805 22.0354 14.1429 10.7508
threshold=2.44677193864641 1.0000000180025095e-35 1.2611108650069494 -0.63134183865453442 0.18881675943583826 -1.1754552519803687 1.0000000180025095e-35 -1.1992766638071075 0.30250609372052223 -0.082716154825155472 -0.83438724912631701 -0.32033061487554942 1.0000000180025095e-35 0.18881675943583826 -0.83438724912631701 0.18604924914126547 -0.94807658341100087 0.98464209942862591 0.44918837771276293 -1.5609258766404703 0.64407457877946017 1.2120207679979937 0.72358005707410744 -0.70794844112075184
decision_type=2 2 2 2 2 2 2 2 2 2 2 2 2 2 2 2 2 2 2 2 2 2 2 2
left_child=1 2 3 4 5 -1 -7 19 10 13 20 -6 21 14 -5 -11 -17 -15 -12 -3 -9 -10 23 -18
right_child=-2 7 -4 9 11 6 -8 8 12 15 18 -13 -14 17 -16 16 22 -19 -20 -21 -22 -23 -24 -25
leaf_value=-0.090955210924148558 0.24893928046579714 0.0090943899419572618 0.067281114729967992 -0.017581965809172772 -0.013162975444325381 -0.028597249031066894 0.18428308991824879 0.023701461140926066 0.067089360474154008 -0.12727930383248764 0.017737831488251685 -0.099888756601583389 0.11323055103090074 0.021591505674939407 -0.10010047783143819 -0.017883523473372825 -0.11238111368541059 -0.045689827097510849 -0.02983774152894815 -0.040946288568278151 0.075173952796242449 0.020983833527123488 -0.05988762416221477 -0.079228897480403682
leaf_weight=25 27 27 33 47 28 35 34 26 43 44 35 42 45 38 48 26 29 27 48 48 33 27 27 34
leaf_count=25 27 27 33 47 28 35 34 26 43 44 35 42 45 38 48 26 29 27 48 48 33 27 27 34
internal_value=-0.00365103 -0.0116839 -0.0368127 -0.04391 -0.00959177 0.0318175 0.0763003 0.0274473 0.0421493 -0.0614981 0.0160957 -0.0651984 0.0743198 -0.037777 -0.0592755 -0.0852191 -0.0692653 -0.00635612 -0.00977575 -0.0229316 0.0524912 0.0493058 -0.0841089 -0.0944894
internal_weight=876 849 517 484 164 94 69 332 257 320 142 70 115 160 95 160 116 65 83 75 59 70 90 63
internal_count=876 849 517 484 164 94 69 332 257 320 142 70 115 160 95 160 116 65 83 75 59 70 90 63
is_linear=0
shrinkage=0.04


Tree=31
num_leaves=26
num_cat=0
split_feature=4 4 9 8 0 9 9 0 0 8 9 9 0 4 9 5 9 4 4 4 4 4 4 4 9
split_gain=1023.8 480.866 220.004 168.272 168.556 202.16 566.889 158.686 117.455 117.316 103.715 101.702 93.733 66.6398 62.1784 66.104 61.8414 46.9815 44.1293 83.4846 39.2858 39.237 22.5763 21.4683 16.6715
threshold=2.44677193864641 1.0000000180025095e-35 1.2611108650069494 -0.63134183865453442 -0.7491350475729156 0.45481465310768643 1.0000000180025095e-35 -0.7491350475729156 0.74913504757291582 1.0000000180025095e-35 -0.082716154825155472 -1.157777770690839 1.2485584126215263 0.46136876527943149 -1.157777770690839 1.1378206180301593 0.18604924914126547 -0.6714072784207461 1.0216665933461864 0.27866295177940287 -0.63486611572074036 -0.39125836438736888 0.65625496634612879 -0.86629347948744329 -0.75462966474120774
decision_type=2 2 2 2 2 2 2 2 2 2 2 2 2 2 2 2 2 2 2 2 2 2 2 2 2
left_child=1 2 3 4 -1 6 20 11 18 12 14 -3 -10 -13 -5 24 -12 -17 19 -9 -6 23 -21 -18 -16
right_child=-2 7 -4 10 5 -7 -8 8 9 -11 16 13 -14 -15 15 17 21 -19 -20 22 -22 -23 -24 -25 -26
leaf_value=-0.07723304582196612 0.23898171393959611 0.0037846504790442332 0.06458986921743913 -0.089263576536343023 -0.051640014120494016 -0.079261311697108414 0.19773921400308608 0.022783775787268364 0.049944419430361854 0.097426552514772155 -0.12218813187696718 0.050602263102773576 -0.048647979806970672 0.12804629950225352 -0.014083408051066929 -0.0095130576133728023 -0.05811360251335871 -0.079084902834601525 0.014523990382539464 -0.088096136340388542 0.01010974422973745 -0.023212039241423975 -0.037678654291977483 -0.097272856303801142 0.026669084753455786
leaf_weight=43 27 28 33 29 32 28 27 28 36 37 44 32 27 40 36 25 42 41 47 27 34 26 30 48 29
leaf_count=43 27 28 33 29 32 28 27 28 36 37 44 32 27 40 36 25 42 41 47 27 34 26 30 48 29
internal_value=-0.00350499 -0.0112166 -0.0353402 -0.0421536 -0.0092081 0.0149661 0.0433356 0.0263494 0.00819355 0.0408929 -0.0590382 0.0684709 0.00769053 0.0936267 -0.0362659 -0.0245336 -0.0818104 -0.0527319 -0.0165787 -0.0337766 -0.0198295 -0.0664947 -0.0615606 -0.0789985 0.00409847
internal_weight=876 849 517 484 164 121 93 332 232 100 320 100 63 72 160 131 160 66 132 85 66 116 57 90 65
internal_count=876 849 517 484 164 121 93 332 232 100 320 100 63 72 160 131 160 66 132 85 66 116 57 90 65
is_linear=0
shrinkage=0.04


Tree=32
num_leaves=27
num_cat=0
split_feature=4 4 7 8 6 6 7 7 6 5 7 4 4 6 8 6 6 6 6 5 6 6 7 5 4 6
split_gain=943.536 443.167 198.334 167.61 228.022 311.275 498.173 137.163 124.7 102.396 91.0263 80.9147 114.728 110.448 64.321 43.0639 42.2121 93.6813 63.2818 40.4992 34.3331 24.9838 24.898 25.6333 16.4872 2.4059
threshold=2.44677193864641 1.0000000180025095e-35 1.1445794666770477 -0.63134183865453442 0.18881675943583826 -1.1754552519803687 1.0000000180025095e-35 -1.1992766638071075 0.30250609372052223 1.0000000180025095e-35 1.0000000180025095e-35 1.2287331819795522 0.51009031554610584 -0.72069791484163315 1.0000000180025095e-35 -1.0617659176956848 0.18881675943583826 -0.83438724912631701 0.87095276514394182 1.0000000180025095e-35 -0.49331924627226525 -0.26594057770289742 0.55861543405600889 -0.25066273765626779 0.52227070311277446 1.0000000180025095e-35
decision_type=2 2 2 2 2 2 2 2 2 2 2 2 2 2 2 2 2 2 2 2 2 2 2 2 2 2
left_child=1 2 3 4 5 -1 -7 24 11 -6 16 12 20 -14 19 -12 17 -5 -18 -10 -9 -17 23 -23 -3 -26
right_child=-2 7 -4 10 9 6 -8 8 14 -11 15 -13 13 -15 -16 21 18 -19 -20 -21 -22 22 -24 -25 25 -27
leaf_value=-0.086860543882846836 0.22942244194172048 0.0042248619556427003 0.054034265436624221 -0.01526286486615526 -0.09939921584318985 -0.025759656497410365 0.19260301128029825 -0.036626190806136417 0.068838345089720351 0.00072454359095830184 -0.037016411197596584 -0.051210897254943849 0.12361146466485386 0.011189023110049743 0.10745638107591204 -0.12035503534709706 0.023936175772121975 -0.094710102491080764 -0.050151990458178218 0.0053409016609191895 0.023790980925162634 -0.12390382196064349 -0.051923264339566233 -0.068258110491129065 -0.026784818601608276 -0.04433348765820265
leaf_weight=25 27 25 38 47 44 35 32 34 45 26 29 25 29 27 45 34 35 48 39 25 27 27 32 26 25 25
leaf_count=25 27 25 38 47 44 35 32 34 45 26 29 25 29 27 45 34 35 48 39 25 27 27 32 26 25 25
internal_value=-0.00336479 -0.0107679 -0.0339266 -0.0409047 -0.00780576 0.0335891 0.078533 0.0252954 0.0391845 -0.0622104 -0.0578196 0.0141101 0.0280675 0.0694078 0.070146 -0.0807244 -0.037761 -0.0554046 -0.0151103 0.0461607 -0.00988416 -0.0913759 -0.0797842 -0.0966059 -0.0222978 -0.0355592
internal_weight=876 849 517 479 162 92 67 332 257 70 317 142 117 56 115 148 169 95 74 70 61 119 85 53 75 50
internal_count=876 849 517 479 162 92 67 332 257 70 317 142 117 56 115 148 169 95 74 70 61 119 85 53 75 50
is_linear=0
shrinkage=0.04


Tree=33
num_leaves=26
num_cat=0
split_feature=2 7 9 9 9 7 9 5 6 9 7 7 7 5 8 6 6 8 9 5 6 6 6 8 6
split_gain=679.856 471.607 200.668 210.59 154.439 141.95 111.105 114.484 83.0372 172.949 134.618 81.1948 92.2955 107.748 64.9687 63.0076 80.1935 53.2988 53.0117 77.7986 50.961 34.3127 19.3802 14.8473 13.6887
threshold=-2.9592882694284057 1.1445794666770477 0.11885789814966023 0.25324060013287075 1.0000000180025095e-35 -0.32033061487554942 1.5298762689733703 -0.71349052288507664 -0.37962991198758139 0.52200600409929165 0.85159745036652823 -1.1992766638071075 -0.61331263118606871 -0.25066273765626779 1.0000000180025095e-35 -0.83438724912631701 0.30250609372052223 1.0000000180025095e-35 -1.5609258766404703 -0.71349052288507664 0.18881675943583826 -0.37962991198758139 0.98464209942862591 -0.63134183865453442 0.64357409657457409
decision_type=2 2 2 2 2 2 2 2 2 2 2 2 2 2 2 2 2 2 2 2 2 2 2 2 2
left_child=-1 2 4 -4 5 11 17 -8 10 -10 -5 18 13 -13 24 -15 -17 23 -2 -20 -14 -7 -18 -3 -11
right_child=1 6 3 8 -6 21 7 -9 9 14 -12 12 20 15 -16 16 22 -19 19 -21 -22 -23 -24 -25 -26
leaf_value=0.17774227980524301 0.0079423195276504908 -0.0112351147590145 -0.14245117568721374 -0.1089484415919173 0.076599900722503667 -0.095809012761455967 0.041419930910834901 0.15901863539660419 0.059954452654894665 -0.090830901066462189 -0.0042859562183730302 -0.046055600595474248 -0.051504903293174246 0.09776576459407807 -0.0023229687266490039 -0.014298485624484528 0.086870450419187548 0.073997805033778327 -0.018753985330170277 -0.099932797908782955 0.012036365171273549 -0.041106267824422477 0.038416604516761647 0.02704034416114583 -0.05117678795869534
leaf_weight=32 39 31 36 51 32 32 26 27 34 30 32 25 46 28 34 39 25 29 51 30 36 43 28 34 26
leaf_count=32 39 31 36 51 32 32 26 27 34 30 32 25 46 28 34 39 25 29 51 30 36 43 28 34 26
internal_value=-0.00323019 -0.0100917 -0.0238233 -0.0531597 -0.00812121 -0.0145456 0.0550166 0.101329 -0.0376308 -0.0169037 -0.0685966 -0.00376013 0.010308 0.0294885 -0.0459389 0.0452269 0.0292368 0.0289045 -0.0303724 -0.0488202 -0.0236087 -0.0644461 0.0612722 0.00878589 -0.0724201
internal_weight=876 844 697 243 454 422 147 53 207 124 83 347 227 145 90 120 92 94 120 81 82 75 53 65 56
internal_count=876 844 697 243 454 422 147 53 207 124 83 347 227 145 90 120 92 94 120 81 82 75 53 65 56
is_linear=0
shrinkage=0.04


Tree=34
num_leaves=27
num_cat=0
split_feature=4 4 9 8 6 6 7 7 6 9 4 4 6 7 8 9 9 9 6 6 6 9 8 4 8 4
split_gain=853.673 390.273 173.512 142.833 200.312 272.641 400.203 117 109.524 86.7354 75.2873 104.395 99.8271 63.7947 58.392 57.1331 55.5985 49.6985 48.9293 45.6406 31.5018 22.0566 22.0525 12.8214 23.9601 12.1543
threshold=2.44677193864641 1.0000000180025095e-35 1.2611108650069494 -0.63134183865453442 0.18881675943583826 -1.1754552519803687 1.0000000180025095e-35 -1.1992766638071075 0.30250609372052223 -0.082716154825155472 1.2287331819795522 0.51009031554610584 -0.72069791484163315 -0.32033061487554942 1.0000000180025095e-35 0.18604924914126547 -1.157777770690839 -0.55305561176639195 -0.94807658341100087 0.18881675943583826 -0.49331924627226525 -1.5609258766404703 -0.63134183865453442 -0.95155619245412326 1.0000000180025095e-35 -0.34253681412069453
decision_type=2 2 2 2 2 2 2 2 2 2 2 2 2 2 2 2 2 2 2 2 2 2 2 2 2 2
left_child=1 2 3 4 5 -1 -7 21 10 16 11 20 -13 -6 22 -11 -5 25 -17 -19 -9 -3 -10 -20 -25 -18
right_child=-2 7 -4 9 13 6 -8 8 14 15 -12 12 -14 -15 -16 18 17 19 23 -21 -22 -23 -24 24 -26 -27
leaf_value=-0.082598489093780522 0.21832355883386398 0.0086665456383316613 0.056869824799624359 -0.08277247758004172 -0.01203287051724536 -0.023366568361009872 0.16931984410566445 -0.035326050642658688 0.066463956327149368 -0.11311750130812553 -0.049980032157897945 0.1174581343552162 0.01057793406424699 -0.089979570025489439 0.10109332014454736 -0.011252397344662593 0.018283860738340176 -0.070264793440353038 -0.097893285465240482 -0.002299703025817871 0.022546320386506894 -0.036525000998129449 0.021488074626068811 -0.092103087721126423 -0.04305967233269601 -0.017627673745155333
leaf_weight=25 27 27 33 29 28 35 34 34 33 44 25 29 27 42 45 26 38 43 25 25 27 48 37 28 37 25
leaf_count=25 27 27 33 29 28 35 34 34 33 44 25 29 27 42 45 26 38 43 25 25 27 48 37 28 37 25
internal_value=-0.00310099 -0.0101428 -0.0318755 -0.0379263 -0.00757305 0.0305753 0.0715804 0.0237001 0.0365277 -0.0534823 0.0130286 0.0264919 0.0659266 -0.0588009 0.0655441 -0.0743072 -0.0326574 -0.0215632 -0.0595861 -0.0452776 -0.00971041 -0.020256 0.042691 -0.0735492 -0.0641861 0.00403325
internal_weight=876 849 517 484 164 94 69 332 257 320 142 117 56 70 115 160 160 131 116 68 61 75 70 90 65 63
internal_count=876 849 517 484 164 94 69 332 257 320 142 117 56 70 115 160 160 131 116 68 61 75 70 90 65 63
is_linear=0
shrinkage=0.04


Tree=35
num_leaves=27
num_cat=0
split_feature=2 7 4 7 6 7 8 7 9 4 4 4 4 4 6 8 0 0 6 4 6 6 6 4 4 4
split_gain=828.288 527.802 355.413 132.044 159.059 145.917 456.536 132.65 76.2819 67.4525 145.172 56.4676 83.6297 164.308 55.6006 53.4075 48.3229 61.1221 105.657 36.3057 33.1365 66.8678 32.6703 20.5373 16.9564 9.48455
threshold=-2.9592882694284057 1.4375614829875671 -0.34253681412069453 -0.61331263118606871 -0.60700858055694906 0.26563341774548938 -0.63134183865453442 -1.1992766638071075 0.11885789814966023 -0.25727410115401456 -0.14765061305399738 1.7281290722129634 1.2774547322462262 1.0216665933461864 1.0000000180025095e-35 -0.63134183865453442 -1.2485584126215259 0.74913504757291582 0.64357409657457409 -0.78103076652076331 0.52988476228989012 -0.15225124341821353 0.75726343085925796 0.65625496634612879 0.24212178907939708 -0.74448960382075746
decision_type=2 2 2 2 2 2 2 2 2 2 2 2 2 2 2 2 2 2 2 2 2 2 2 2 2 2
left_child=-1 2 3 7 15 8 -7 -2 14 -4 -11 12 13 16 -6 -5 -12 20 24 -8 21 -18 -16 -3 -19 -17
right_child=1 23 9 4 5 6 19 -9 -10 10 11 -13 -14 -15 22 25 17 18 -20 -21 -22 -23 -24 -25 -26 -27
leaf_value=0.20162124520540239 -0.06933294674381614 0.077148642241954807 0.058181016594171527 -0.15510172658496432 -0.093711534084812295 0.13582549544481132 -0.037917271415392556 0.034961181360483172 -0.12377111240769878 -0.068849832926961507 0.042352691836216871 0.056594855789627349 -0.060411492248376213 0.098117090582847594 0.0068049315452575684 -0.10274081868510093 -0.043100131099067983 0.0083909807920455933 0.085809770107269298 -0.10318493618965149 -0.055021932152184573 0.035872049973956467 -0.057861879670619967 0.12238368341555962 -0.038196714496612549 -0.070916134057373834
leaf_weight=30 32 42 34 27 31 26 30 50 33 44 34 35 30 30 25 31 42 25 25 25 44 29 25 26 25 29
leaf_count=30 32 42 34 27 31 26 30 50 33 44 34 35 30 30 25 31 42 25 25 25 44 29 25 26 25 29
internal_value=-0.00485526 -0.0123273 -0.021868 -0.0504162 -0.0634074 -0.0433416 -0.00229233 -0.00573897 -0.0725081 0.00430721 -0.000738825 0.0086558 0.00274781 0.0102076 -0.0516232 -0.108383 -0.00156602 -0.00942516 0.018668 -0.0675844 -0.0277468 -0.0108439 -0.0255285 0.0944444 -0.0149029 -0.0873589
internal_weight=859 829 761 364 282 195 81 82 114 397 363 319 284 254 81 87 224 190 75 55 115 71 50 68 50 60
internal_count=859 829 761 364 282 195 81 82 114 397 363 319 284 254 81 87 224 190 75 55 115 71 50 68 50 60
is_linear=0
shrinkage=0.04


Tree=36
num_leaves=27
num_cat=0
split_feature=4 7 6 4 0 7 6 7 8 0 0 7 7 7 4 8 5 5 7 7 6 4 8 8 6 6
split_gain=611.017 299.847 165.727 144.308 115.864 94.281 148.863 190.839 237.943 125.166 85.6986 123.949 167.419 86.5965 82.0989 69.423 65.0084 63.7156 56.9177 44.9297 44.5052 35.9313 26.3381 25.9524 7.30269 5.44826
threshold=-0.37907797682070027 1.1445794666770477 -0.83438724912631701 1.0216665933461864 1.0000000180025095e-35 -0.61331263118606871 -0.60700858055694906 0.26563341774548938 -0.63134183865453442 1.0000000180025095e-35 0.74913504757291582 -0.32033061487554942 -0.90629464749658817 -1.1992766638071075 -0.61050534058740313 -0.63134183865453442 -0.25066273765626779 0.67499283280135014 0.55861543405600889 1.4375614829875671 -1.2891445862650526 0.035055200446031262 1.0000000180025095e-35 1.0000000180025095e-35 0.41619542800520609 0.41619542800520609
decision_type=2 2 2 2 2 2 2 2 2 2 2 2 2 2 2 2 2 2 2 2 2 2 2 2 2 2
left_child=5 3 -3 10 -5 9 15 14 -9 -1 11 12 23 -12 16 -7 -8 -15 -10 -4 -17 -14 -13 24 -2 -18
right_child=1 2 19 4 -6 6 7 8 18 -11 13 22 21 17 -16 20 25 -19 -20 -21 -22 -23 -24 -25 -26 -27
leaf_value=-0.048222754807634792 -0.038754896634817119 0.15944756369436941 0.024587451358852177 0.096850946638319224 0.0013001953508402851 -0.14847062979425704 -0.13101394639295691 0.10852456156854276 -0.077457674374734914 0.054831535852316655 -0.037704927730560306 -0.086963924899315231 0.087361911711869425 0.080400087466327153 -0.0080517541920697242 -0.03262944922997401 -0.072831510351254389 -0.00062005209922790536 0.00033293890602448413 0.081809647040707728 -0.10054620171848097 0.02268978056098734 -0.035570258023562257 -0.0047715023847726672 -0.069328484392166143 -0.046936421004625466
leaf_weight=44 25 31 46 45 37 28 34 27 27 33 25 39 27 41 27 26 26 25 34 42 38 28 27 26 25 26
leaf_count=44 25 31 46 45 37 28 34 27 27 33 25 39 27 41 27 26 26 25 34 42 38 28 27 26 25 26
internal_value=-0.00466105 0.0246841 0.0799151 0.00692062 0.0537366 -0.0434442 -0.0537953 -0.034506 0.00966052 -0.00405663 -0.00640892 -0.0212388 0.001282 0.0256954 -0.0689012 -0.095938 -0.0880051 0.0497106 -0.034099 0.051898 -0.072955 0.0544379 -0.0659392 -0.0371861 -0.0540417 -0.059884
internal_weight=859 489 119 370 82 370 293 201 88 77 288 197 131 91 113 92 86 66 61 88 64 55 66 76 50 52
internal_count=859 489 119 370 82 370 293 201 88 77 288 197 131 91 113 92 86 66 61 88 64 55 66 76 50 52
is_linear=0
shrinkage=0.04


Tree=37
num_leaves=27
num_cat=0
split_feature=2 7 4 7 6 7 8 7 9 9 7 7 4 6 4 6 8 9 8 4 6 4 4 6 9 4
split_gain=755.8 454.681 298.066 113.093 135.961 123.421 398.142 122.372 68.0164 63.0627 148.23 116.471 99.3054 54.2999 80.238 50.0502 44.7041 39.3917 36.4218 33.3767 30.0766 17.6377 14.1213 11.6431 11.1246 8.53568
threshold=-2.9592882694284057 1.4375614829875671 -0.34253681412069453 -0.61331263118606871 -0.60700858055694906 0.26563341774548938 -0.63134183865453442 -1.1992766638071075 0.11885789814966023 0.051666547158054986 0.85159745036652823 -0.90629464749658817 1.0216665933461864 -0.94807658341100087 0.035055200446031262 1.0000000180025095e-35 -0.63134183865453442 1.1267281630237389 1.0000000180025095e-35 -0.78103076652076331 0.75726343085925796 0.65625496634612879 1.1556508565795405 1.0000000180025095e-35 -1.157777770690839 -0.74448960382075746
decision_type=2 2 2 2 2 2 2 2 2 2 2 2 2 2 2 2 2 2 2 2 2 2 2 2 2 2
left_child=-1 2 3 7 16 8 -7 -2 15 11 -11 12 18 -13 -15 -6 -5 22 24 -8 -17 -3 -12 -19 -4 -18
right_child=1 21 9 4 5 6 19 -9 -10 10 17 13 -14 14 -16 20 25 23 -20 -21 -22 -23 -24 -25 -26 -27
leaf_value=0.19276019343733786 -0.066344792954623699 0.071459529697895055 -0.057456800290724135 -0.14295883205201892 -0.087117911192678629 0.12665300039144664 -0.034858086233337721 0.033827626617252825 -0.1153126696023074 -0.10004753211247069 -0.042166944624021138 -0.0007492162227630615 0.046263418169248671 0.10761701535237464 0.02303365406306351 0.0085958339214324952 -0.095573318004608152 0.002699728983419913 0.0026927265732787377 -0.097437601043283945 -0.053450973415374754 0.11337984779706367 -0.0011441813230514528 0.036870327633924976 -0.024009437263011933 -0.065382495085740913
leaf_weight=30 32 42 41 27 31 26 30 50 33 28 29 25 42 38 34 25 31 27 43 25 25 26 25 39 26 29
leaf_count=30 32 42 41 27 31 26 30 50 33 28 29 25 42 38 34 25 31 27 43 25 25 26 25 39 26 29
internal_value=-0.0044746 -0.0116122 -0.0204674 -0.0466112 -0.0586341 -0.0400823 -0.00232969 -0.00526405 -0.0669066 0.00350326 -0.0171753 0.0157941 -0.00606002 0.0500398 0.0676749 -0.0471856 -0.100216 0.00216158 -0.0260381 -0.0633033 -0.0224276 0.0874879 -0.0231749 0.0228914 -0.0444772 -0.0809811
internal_weight=859 829 761 364 282 195 81 82 114 397 148 249 152 97 72 81 87 120 110 55 50 68 54 66 67 60
internal_count=859 829 761 364 282 195 81 82 114 397 148 249 152 97 72 81 87 120 110 55 50 68 54 66 67 60
is_linear=0
shrinkage=0.04


Tree=38
num_leaves=26
num_cat=0
split_feature=2 7 9 7 5 7 8 9 5 8 9 5 0 5 0 0 0 8 0 9 5 9 8 8 9
split_gain=699.246 424.44 189.972 155.814 147.854 145.458 108.018 171.296 116.776 65.6254 56.4827 48.3597 59.7776 55.8831 28.7362 20.9601 19.3399 14.1137 33.8679 12.751 12.9278 11.6901 3.3503 3.12445 0.515137
threshold=-1.6916913147484629 1.4375614829875671 -0.55305561176639195 -0.90629464749658817 -0.71349052288507664 0.85159745036652823 -0.63134183865453442 0.3876233021160812 -0.25066273765626779 -0.63134183865453442 -0.082716154825155472 1.0000000180025095e-35 -1.0000000180025095e-35 -1.1763183081138855 -0.7491350475729156 1.0000000180025095e-35 1.0000000180025095e-35 -0.63134183865453442 1.0000000180025095e-35 0.18604924914126547 -0.25066273765626779 -1.2921604726740494 1.0000000180025095e-35 1.0000000180025095e-35 -0.21709885680836591
decision_type=2 2 2 2 2 2 2 2 2 2 2 2 2 2 2 2 2 2 2 2 2 2 2 2 2
left_child=-1 2 3 11 -3 6 7 8 -4 -5 16 12 22 -14 -7 -11 -8 -16 -19 -12 -21 -15 -2 -22 -10
right_child=1 4 5 9 -6 14 10 -9 24 15 19 -13 13 21 17 -17 -18 18 -20 20 23 -23 -24 -25 -26
leaf_value=0.17081313492570604 -0.059939820577458641 0.013491038935525078 -0.1140712933242321 0.0053509670688259995 0.13333650413807482 0.032438739724457266 -0.018506686571167736 0.06386665643006563 -0.0087687228734676659 0.05248721892535687 -0.096609115743388735 0.023690154809843409 0.031896078979096763 -0.011021166024384674 -0.033530510625531598 0.10331568157231366 -0.061188725623591192 -0.033951063813834358 0.02282296247780323 -0.054155289370839188 -0.090459210929032918 -0.047909559458494184 -0.041361260414123538 -0.072923676309914434 -0.016731225160452036
leaf_weight=35 41 28 28 31 40 32 41 30 26 25 48 44 41 27 31 27 29 29 40 41 37 28 25 29 26
leaf_count=35 41 28 28 31 40 32 41 30 26 25 48 44 41 27 31 27 29 29 40 41 37 28 25 29 26
internal_value=-0.00429562 -0.0117335 -0.0203434 0.00514563 0.0839884 -0.0361171 -0.0501302 -0.0176454 -0.0482124 0.0514167 -0.0660117 -0.0134976 -0.0235979 -0.00345104 -0.000553549 0.0788789 -0.0361892 -0.0111111 -0.00103858 -0.0794799 -0.0717957 -0.0298007 -0.0529025 -0.0827542 -0.01275
internal_weight=859 824 756 289 68 467 335 110 80 83 225 206 162 96 132 52 70 100 69 155 107 55 66 66 52
internal_count=859 824 756 289 68 467 335 110 80 83 225 206 162 96 132 52 70 100 69 155 107 55 66 66 52
is_linear=0
shrinkage=0.04


Tree=39
num_leaves=25
num_cat=0
split_feature=2 7 4 5 7 6 7 9 7 4 9 5 4 4 4 4 4 5 1 6 6 6 9 4
split_gain=645.965 386.356 260.441 136.262 93.947 124.287 109.917 233.887 108.407 66.0897 86.3609 63.2758 60.8037 125.159 47.5166 81.9269 140.245 43.2936 52.823 67.8776 64.3893 42.694 38.7095 13.3163
threshold=-2.9592882694284057 1.4375614829875671 -0.34253681412069453 -0.71349052288507664 -0.61331263118606871 -0.60700858055694906 0.26563341774548938 0.52200600409929165 -1.1992766638071075 -0.61050534058740313 -0.082716154825155472 1.0000000180025095e-35 -0.25727410115401456 -0.14765061305399738 1.7281290722129634 1.2774547322462262 1.0216665933461864 -0.71349052288507664 1.0000000180025095e-35 0.075127425151154323 0.52988476228989012 -0.15225124341821353 -0.48586426077478684 0.38828643987942002
decision_type=2 2 2 2 2 2 2 2 2 2 2 2 2 2 2 2 2 2 2 2 2 2 2 2
left_child=-1 2 4 -3 8 11 9 -8 -2 10 -7 -6 -4 -14 15 16 17 23 20 -20 21 22 -19 -15
right_child=1 3 12 -5 5 6 7 -9 -10 -11 -12 -13 13 14 -16 -17 -18 18 19 -21 -22 -23 -24 -25
leaf_value=0.1782172609170278 -0.063128276169300085 0.012951400279998779 0.05467130121062784 0.12800304298102855 -0.12478664100170135 -0.034185877050224106 0.077006568891661506 -0.060205692350864412 0.031155334264039995 -0.0084822060806410658 -0.11490109323950795 -0.056192737603798892 -0.064511429152705455 -0.013003761720657351 0.051429358776126588 -0.060478854447603231 0.0906351408958435 0.023750713119904201 -0.00096087515354156491 0.087340976876708179 -0.053566516287186568 0.049920115845898783 -0.04463075399398804 -0.053890357854274609
leaf_weight=30 32 28 34 40 48 38 35 46 50 28 48 39 44 25 35 30 30 27 30 26 34 30 26 26
leaf_count=30 32 28 34 40 48 38 35 46 50 28 48 39 44 25 35 30 30 27 30 26 34 30 26 26
internal_value=-0.00412379 -0.0107224 -0.0188852 0.0806288 -0.0433233 -0.0542813 -0.0365438 -0.000916444 -0.00563827 -0.061858 -0.0792362 -0.0940376 0.00352152 -0.00126936 0.00745368 0.00203414 0.00941757 -0.00145979 0.00808815 0.0400364 -0.00720332 0.0117888 -0.00979491 -0.0338479
internal_weight=859 829 761 68 364 282 195 81 82 114 86 87 397 363 319 284 254 224 173 56 117 83 53 51
internal_count=859 829 761 68 364 282 195 81 82 114 86 87 397 363 319 284 254 224 173 56 117 83 53 51
is_linear=0
shrinkage=0.04


Tree=40
num_leaves=30
num_cat=0
split_feature=2 4 8 9 9 9 9 9 9 9 9 5 9 4 0 4 4 9 4 9 8 0 4 4 4 4 4 0 4
split_gain=615.518 234.92 209.42 265.65 745.688 173.931 134.885 127.069 98.4807 90.5436 74.6162 72.4706 71.4815 141.994 51.8297 50.1019 37.5622 30.2148 39.5303 29.0521 24.5846 26.9175 20.4158 33.9172 15.3165 13.0621 11.3766 5.88529 0.367367
threshold=-2.9592882694284057 0.60144322229612024 -0.63134183865453442 0.45481465310768643 1.0000000180025095e-35 1.193919514015344 -0.55305561176639195 -1.2921604726740494 -0.62024696275799729 -1.5609258766404703 1.3283022159985547 -0.25066273765626779 -1.157777770690839 -0.12328983792066023 1.2485584126215263 -0.89065425462078041 -0.062387900087317351 -0.75462966474120774 -0.20855255088734023 0.99234546104052834 1.0000000180025095e-35 -0.7491350475729156 -0.63486611572074036 -0.098929062787323066 -0.65922689085407749 -0.33035642655402603 -0.54960340275406028 -1.0000000180025095e-35 -0.47652107735404886
decision_type=2 2 2 2 2 2 2 2 2 2 2 2 2 2 2 2 2 2 2 2 2 2 2 2 2 2 2 2 2
left_child=-1 2 3 4 11 6 12 9 -9 -3 19 -2 13 -4 15 -8 -7 18 -14 -10 21 -17 -13 -24 -22 -26 -5 -12 -23
right_child=1 7 5 26 -6 16 14 8 10 -11 27 22 17 -15 -16 20 -18 -19 -20 -21 24 28 23 -25 25 -27 -28 -29 -30
leaf_value=0.19575244078269372 -0.061843156896788501 0.037722094583511355 -0.10584913011254936 -0.073144860144319201 0.1902266707590648 0.075958845949172973 -0.012572299356156207 0.12521128805784079 0.046359076499938964 -0.067009535878896714 0.060863263654708864 -0.014757988239328066 0.029115094435401261 0.019323885399719767 -0.10218469286666197 -0.044794613554559909 0.006619362020492554 0.046328581213951114 -0.03375803640461527 -0.006751974271403418 -0.020196229602609361 -0.09666362879276276 0.057936200676140963 -0.0060725461290432863 -0.07712621262440314 -0.038081527855889551 -0.036706175162242005 0.08734654355665733 -0.089806294393539418
leaf_weight=26 29 25 29 29 42 25 47 26 26 28 25 30 32 29 34 29 25 30 32 45 28 25 27 26 26 29 26 29 25
leaf_count=26 29 25 29 29 42 25 47 26 26 28 25 30 32 29 34 29 25 30 32 45 28 25 27 26 26 29 26 29 25
internal_value=0.00401304 -0.00179725 -0.0134869 0.0195414 0.0464917 -0.0289991 -0.0378964 0.0356785 0.0543816 -0.0176078 0.039649 -0.00740893 -0.00834177 -0.0432626 -0.0563832 -0.0489322 0.0412891 0.0132051 -0.00232147 0.0126971 -0.0594811 -0.0754531 0.0116103 0.0265357 -0.0442788 -0.056539 -0.0559193 0.0750858 -0.093235
internal_weight=884 858 654 209 154 445 395 204 151 53 125 112 152 58 243 209 50 94 64 71 162 79 83 53 83 55 55 54 50
internal_count=884 858 654 209 154 445 395 204 151 53 125 112 152 58 243 209 50 94 64 71 162 79 83 53 83 55 55 54 50
is_linear=0
shrinkage=0.04


Tree=41
num_leaves=27
num_cat=0
split_feature=2 7 8 6 7 7 7 7 7 5 6 0 6 0 6 6 6 6 7 0 0 6 5 0 7 8
split_gain=567.262 183.418 167.958 262.728 289.085 947.755 154.508 116.632 96.7854 96.0388 50.0723 37.4631 35.772 30.4637 27.7556 26.6666 48.0183 25.3026 22.5481 21.927 14.988 21.1821 28.6251 13.3557 6.49959 1.0605
threshold=-2.9592882694284057 1.1445794666770477 -0.63134183865453442 0.18881675943583826 0.55861543405600889 1.0000000180025095e-35 -0.61331263118606871 -0.90629464749658817 0.85159745036652823 1.0000000180025095e-35 -0.72069791484163315 1.0000000180025095e-35 0.41619542800520609 -1.0000000180025095e-35 1.2120207679979937 0.41619542800520609 -0.72069791484163315 -0.60700858055694906 0.26563341774548938 1.2485584126215263 -1.2485584126215259 1.0000000180025095e-35 1.0000000180025095e-35 1.0000000180025095e-35 -1.1992766638071075 1.0000000180025095e-35
decision_type=2 2 2 2 2 2 2 2 2 2 2 2 2 2 2 2 2 2 2 2 2 2 2 2 2 2
left_child=-1 2 3 4 5 10 7 11 19 18 -2 15 13 -3 -14 16 -4 -15 -5 20 -8 22 -22 25 -13 -23
right_child=1 12 6 9 -6 -7 8 -9 -10 -11 -12 24 14 17 -16 -17 -18 -19 -20 -21 21 23 -24 -25 -26 -27
leaf_value=0.1879223401729877 0.035460319357949334 0.051326492283795329 -0.010145598252614338 -0.076254002511501315 -0.058883672025468618 0.27181012230534707 -0.022755302094644114 0.060554195442660295 0.010694559719827442 0.024565269700118474 -0.034079643527666729 0.020544016781525735 0.088076992109417912 0.03049685260345196 0.031826325249671938 -0.0011495398730039597 -0.08232774405643857 -0.023312221461976014 -0.029452432665441716 -0.0830690549401676 -0.044921179370182314 -0.021352426467033534 -0.093111893966009746 -0.058891355663537981 -0.0052750649741098573 -0.03257124592150961
leaf_weight=26 37 37 30 40 27 31 31 44 45 35 30 39 32 29 25 34 29 27 28 34 41 26 38 35 26 28
leaf_count=26 37 37 30 40 27 31 31 44 45 35 30 39 32 29 25 34 29 27 28 34 41 26 38 35 26 28
internal_value=0.00385252 -0.00172536 -0.010238 0.0180301 0.0570072 0.0889363 -0.0236654 0.00295788 -0.0430104 -0.0292723 0.00432302 -0.0130816 0.0384545 0.0231619 0.0634056 -0.0293651 -0.045625 0.00455319 -0.0569828 -0.0533826 -0.0483105 -0.053026 -0.0681015 -0.0396444 0.0102164 -0.0271696
internal_weight=884 858 708 228 125 98 480 202 278 103 67 158 150 93 57 93 59 56 68 233 199 168 79 89 65 54
internal_count=884 858 708 228 125 98 480 202 278 103 67 158 150 93 57 93 59 56 68 233 199 168 79 89 65 54
is_linear=0
shrinkage=0.04


Tree=42
num_leaves=28
num_cat=0
split_feature=2 9 8 6 9 9 9 9 5 9 0 5 9 5 8 0 0 6 6 5 9 9 8 0 0 6 0
split_gain=522.789 175.729 167.516 233.013 319.2 1072.62 175.979 88.4415 84.3503 75.2554 58.5882 95.6028 47.6335 77.7801 57.1832 44.6536 44.141 37.3731 37.1356 30.7164 25.2342 21.9338 16.1276 18.3937 12.2138 27.6655 4.30482
threshold=-2.9592882694284057 1.1267281630237389 -0.63134183865453442 0.18881675943583826 0.58919735509089699 1.0000000180025095e-35 -0.55305561176639195 -0.9562037177160233 1.0000000180025095e-35 0.92515411004892301 -1.0000000180025095e-35 -0.25066273765626779 1.5298762689733703 -0.71349052288507664 1.0000000180025095e-35 1.2485584126215263 -1.0000000180025095e-35 -0.26594057770289742 -0.72069791484163315 -1.1763183081138855 0.3876233021160812 -1.2921604726740494 1.0000000180025095e-35 -0.7491350475729156 -0.7491350475729156 -0.26594057770289742 1.0000000180025095e-35
decision_type=2 2 2 2 2 2 2 2 2 2 2 2 2 2 2 2 2 2 2 2 2 2 2 2 2 2 2
left_child=-1 2 3 4 5 18 7 10 20 15 21 19 14 -14 16 22 -3 -9 -2 -12 -5 -4 23 -8 -24 -26 -25
right_child=1 12 6 8 -6 -7 9 17 -10 -11 11 -13 13 -15 -16 -17 -18 -19 -20 -21 -22 -23 24 26 25 -27 -28
leaf_value=0.18040544986724855 0.026156186327338217 0.03908730284921054 -0.061015012355951165 -0.073203842468094082 -0.073113008785247804 0.28679776438077292 -0.033119526279695111 0.0085592921232355065 0.023582661011389325 0.014209735850493113 0.070628075695037845 -0.056412802410125737 0.021030097537570531 0.11894391121864319 0.065534947884734726 -0.096206304738015835 -0.025075981787272862 0.069575578483442466 -0.032716457128524778 0.011453130836016498 -0.023156545035265111 -0.013584828606018654 -0.053990299565451483 -0.058839726842218831 -0.05711256366509658 -0.0043667026554665917 -0.079308640750391138
leaf_weight=26 40 29 39 40 25 30 33 29 35 30 25 25 27 25 32 33 42 36 30 32 27 26 35 31 26 41 35
leaf_count=26 40 29 39 40 25 30 33 29 35 30 25 25 27 25 32 33 42 36 30 32 27 26 35 31 26 41 35
internal_value=0.00369842 -0.00165634 -0.0101565 0.0181184 0.0547269 0.0866869 -0.0236405 0.00350015 -0.026745 -0.0454353 -0.0136797 0.00880344 0.0368959 0.068104 0.0211404 -0.0530821 0.00113156 0.0423529 0.000925053 0.0374071 -0.0530355 -0.0420429 -0.046002 -0.0575028 -0.0348394 -0.0248352 -0.0696945
internal_weight=884 858 703 227 125 100 476 212 102 264 147 82 155 52 103 234 71 65 70 57 67 65 201 99 102 67 66
internal_count=884 858 703 227 125 100 476 212 102 264 147 82 155 52 103 234 71 65 70 57 67 65 201 99 102 67 66
is_linear=0
shrinkage=0.04


Tree=43
num_leaves=28
num_cat=0
split_feature=2 4 8 7 7 7 7 7 4 4 5 4 4 7 4 4 0 0 4 4 8 7 4 4 8 4 4
split_gain=481.802 206.669 162.112 180.11 398.059 135.868 95.9375 88.6617 64.2058 110.257 54.6051 54.4241 52.6444 52.3154 119.025 42.8082 83.4146 30.3394 41.5789 21.6324 37.0172 26.7962 17.7813 30.2604 17.5284 16.0101 5.58708
threshold=-2.9592882694284057 0.60144322229612024 -0.63134183865453442 0.55861543405600889 1.0000000180025095e-35 1.1445794666770477 -0.61331263118606871 -1.1992766638071075 1.3505370576462379 1.8438427540963152 -0.25066273765626779 1.3627174452129063 -0.086748675220654506 -1.1992766638071075 -0.12328983792066023 1.0216665933461864 1.0000000180025095e-35 1.2485584126215263 -0.89065425462078041 -0.18419177575400311 1.0000000180025095e-35 0.26563341774548938 -0.63486611572074036 -0.098929062787323066 1.0000000180025095e-35 -0.65922689085407749 -0.54960340275406028
decision_type=2 2 2 2 2 2 2 2 2 2 2 2 2 2 2 2 2 2 2 2 2 2 2 2 2 2 2
left_child=-1 2 3 4 10 6 13 11 15 -10 -2 -3 -7 14 -4 16 -9 18 -8 20 21 -20 -12 -24 -15 -22 -5
right_child=1 7 5 26 -6 12 17 8 9 -11 22 -13 -14 24 -16 -17 -18 -19 19 -21 25 -23 23 -25 -26 -27 -28
leaf_value=0.17318922969011161 -0.055551487299112176 -0.034974593993945001 -0.10311396732330323 -0.062354650163650514 0.13229506290384702 0.076096874499320996 -0.0099839809536933898 0.0056754544576009111 -0.039895844503685281 0.076680897951126092 -0.013729726133674071 0.040629136466979986 -0.0037623462400266099 -0.0069142993797171627 0.018009568143773962 0.10911893442273141 0.1035630395091497 -0.083850882598331997 -0.061755014918744564 -0.026800181911541869 -0.016518131153924125 -0.11454525620043278 0.05446719872868723 -0.0059925681352615357 0.028215562045489521 -0.056847032904624943 -0.035870818449900699
leaf_weight=26 26 39 25 25 49 25 46 30 27 25 30 25 28 47 27 32 26 35 40 39 28 25 27 26 44 36 26
leaf_count=26 26 39 25 25 49 25 46 30 27 25 30 25 28 47 27 32 26 35 40 39 28 25 27 26 44 36 26
internal_value=0.00355048 -0.00159009 -0.0125544 0.0165049 0.0376015 -0.0262024 -0.0343295 0.0335601 0.0513896 0.0161507 -0.00496718 -0.00544189 0.0339071 -0.00821733 -0.0402229 0.0722126 0.0511233 -0.0493256 -0.043679 -0.052905 -0.0607972 -0.082059 0.0108785 0.0248077 0.0100716 -0.0392031 -0.0488531
internal_weight=884 858 654 209 158 445 392 204 140 52 109 64 53 143 52 88 56 249 214 168 129 65 83 53 91 64 51
internal_count=884 858 654 209 158 445 392 204 140 52 109 64 53 143 52 88 56 249 214 168 129 65 83 53 91 64 51
is_linear=0
shrinkage=0.04


Tree=44
num_leaves=29
num_cat=0
split_feature=2 4 8 6 5 9 9 9 9 5 9 4 6 9 6 9 0 0 4 4 9 4 4 8 6 6 0 4
split_gain=444.029 190.466 149.402 245.85 330.351 127.779 102.294 96.2475 94.4679 91.3317 81.4887 65.9616 65.7801 58.0629 69.8341 57.8353 48.3455 38.6003 42.5866 31.0767 24.9468 120.031 35.9971 19.1553 25.2664 28.4466 22.3157 0.215534
threshold=-2.9592882694284057 0.60144322229612024 -0.63134183865453442 0.18881675943583826 -0.25066273765626779 1.193919514015344 -1.2921604726740494 -0.55305561176639195 -0.62024696275799729 1.0000000180025095e-35 -1.5609258766404703 -0.59832495302073463 1.0983314337133099 1.3283022159985547 -0.37962991198758139 -0.75462966474120774 1.0000000180025095e-35 1.2485584126215263 -0.89065425462078041 -0.062387900087317351 -1.157777770690839 -0.12328983792066023 -0.20855255088734023 1.0000000180025095e-35 0.52988476228989012 -0.49331924627226525 -0.7491350475729156 -0.47652107735404886
decision_type=2 2 2 2 2 2 2 2 2 2 2 2 2 2 2 2 2 2 2 2 2 2 2 2 2 2 2 2
left_child=-1 2 3 4 -2 7 10 15 -8 16 -3 -6 13 14 -10 20 -5 18 -9 -7 21 -4 -22 26 25 -25 -20 -28
right_child=1 6 5 9 11 19 8 17 12 -11 -12 -13 -14 -15 -16 -17 -18 -19 23 -21 22 -23 -24 24 -26 -27 27 -29
leaf_value=0.16626165747642518 0.14309335888818253 0.036897885417938231 -0.096593841422220758 -0.091138771304062435 0.043343071937561033 0.066625916349887848 0.11837042927742004 -0.0084442457366496956 0.033606605198648241 0.021462308131158351 -0.062458922054086416 -0.034442113154643288 0.088577610850334165 0.0620774195952849 -0.050620799149785727 0.041942000731825829 -0.019899736068866872 -0.087922777147854084 -0.037875437500147983 0.0035559373974800115 0.027167616682127117 0.018492329511149177 -0.032829929012641514 -0.050084919791955215 -0.066134336888790127 0.0096741493225097654 -0.084607361853122717 -0.079354898881912231
leaf_weight=26 43 25 29 35 33 25 26 47 36 34 28 37 28 33 28 30 27 34 29 25 32 29 32 26 32 25 25 25
leaf_count=26 43 25 29 35 33 25 26 47 36 34 28 37 28 33 28 30 27 34 29 25 32 29 32 26 32 25 25 25
internal_value=0.00340846 -0.00152649 -0.0120522 0.0158447 0.0558317 -0.0251543 0.0322177 -0.0327803 0.0489988 -0.0312232 -0.0155925 0.00222805 0.0345695 0.0189795 -0.00324288 -0.00781499 -0.0601153 -0.0483965 -0.0419664 0.0350909 -0.0200503 -0.0390508 -0.00283116 -0.051692 -0.0382729 -0.0207913 -0.0657904 -0.0819811
internal_weight=884 858 654 209 113 445 204 395 151 96 53 70 125 97 64 152 62 243 209 50 122 58 64 162 83 51 79 50
internal_count=884 858 654 209 113 445 204 395 151 96 53 70 125 97 64 152 62 243 209 50 122 58 64 162 83 51 79 50
is_linear=0
shrinkage=0.04


Tree=45
num_leaves=28
num_cat=0
split_feature=4 9 8 6 9 9 4 4 0 4 4 4 5 5 6 9 0 0 0 4 4 4 8 5 4 6 0
split_gain=387.558 165.309 151.338 275.686 516.966 1127.09 160.595 89.4732 76.3794 76.4971 58.0101 49.129 45.2767 38.1484 48.4629 54.585 37.1917 41.4775 68.4168 37.4404 49.909 34.8093 30.8657 26.8868 16.6838 13.0675 5.09353
threshold=2.3127876754130554 1.3283022159985547 -0.63134183865453442 0.52988476228989012 0.52200600409929165 1.0000000180025095e-35 -0.35471720168736315 0.010694425312694102 -0.7491350475729156 0.19340023881272278 -0.14765061305399738 0.64407457877946017 -0.25066273765626779 1.0000000180025095e-35 0.30250609372052223 1.0000000180025095e-35 -1.2485584126215259 1.2485584126215263 0.74913504757291582 -0.68358766598741461 -0.33035642655402603 0.65625496634612879 1.0000000180025095e-35 1.0000000180025095e-35 0.16903946367938563 0.18881675943583826 -1.0000000180025095e-35
decision_type=2 2 2 2 2 2 2 2 2 2 2 2 2 2 2 2 2 2 2 2 2 2 2 2 2 2 2
left_child=1 2 3 4 5 6 -1 13 -9 -10 12 -11 -5 16 15 22 -4 18 19 25 -21 24 -15 -13 -3 -18 -16
right_child=-2 21 7 10 -6 -7 -8 8 9 11 -12 23 -14 14 26 -17 17 -19 -20 20 -22 -23 -24 -25 -26 -27 -28
leaf_value=-0.036444923933162246 0.14393672996553883 0.045748451463878154 -0.089813432885067809 -0.10926537462472916 -0.067729402054911084 0.30657965146775906 0.072876860000366389 0.042455897343655423 0.046978234910964964 -0.063936326611180636 -0.0034799770747914035 -0.033732959542955673 -0.03313775124847889 -0.030696957131911971 -0.00097978104352951061 0.0081299966999462663 -0.088767152130603794 -0.085294773214393202 0.026022082133977501 0.014337902480158314 -0.059872600210124055 0.076556436531245706 -0.08905676364898682 0.016593088164474027 0.0018295859098434448 -0.049036566821428443 0.02455396846830845
leaf_weight=43 29 31 28 25 46 29 43 48 25 43 34 35 25 29 25 28 27 27 27 29 29 36 29 33 25 26 25
leaf_count=43 29 31 28 25 46 29 43 48 25 43 34 35 25 29 25 28 27 27 27 29 29 36 29 33 25 26 25
internal_value=0.000141519 -0.00476444 -0.01091 0.0149528 0.0456014 0.0909338 0.018216 -0.0232616 -0.000923939 -0.0162345 -0.0437904 -0.0304716 -0.0712016 -0.0357543 -0.0195284 -0.0377351 -0.0471881 -0.0399547 -0.0310839 -0.0449745 -0.0227673 0.0458693 -0.0598769 -0.00931002 0.0261418 -0.0692767 0.0117871
internal_weight=879 850 758 245 161 115 86 513 184 136 84 111 50 329 136 86 193 165 138 111 58 92 58 68 56 53 50
internal_count=879 850 758 245 161 115 86 513 184 136 84 111 50 329 136 86 193 165 138 111 58 92 58 68 56 53 50
is_linear=0
shrinkage=0.04


Tree=46
num_leaves=26
num_cat=0
split_feature=4 9 8 6 7 9 4 4 6 0 4 4 6 6 4 4 4 6 0 6 4 4 4 4 4
split_gain=357.174 152.349 139.473 254.073 476.436 1038.73 148.004 82.4585 77.033 59.3242 67.0537 53.4621 35.5919 57.0213 37.9799 36.2264 32.0803 30.8852 24.5413 24.4837 36.2131 19.9649 25.1616 15.3758 5.42928
threshold=2.3127876754130554 1.3283022159985547 -0.63134183865453442 0.52988476228989012 0.55861543405600889 1.0000000180025095e-35 -0.35471720168736315 0.010694425312694102 1.3257101022826776 -0.7491350475729156 0.22994140151272849 -0.14765061305399738 0.64357409657457409 0.98464209942862591 -1.012458130287466 -0.80539154165410043 0.65625496634612879 -1.4028339205497364 -1.0000000180025095e-35 -0.72069791484163315 -0.57396417788739751 0.64407457877946017 1.2774547322462262 0.16903946367938563 -0.76885037895409469
decision_type=2 2 2 2 2 2 2 2 2 2 2 2 2 2 2 2 2 2 2 2 2 2 2 2 2
left_child=1 2 3 4 5 6 -1 12 9 -9 -11 24 14 -14 -4 -16 23 -17 -15 -19 -21 -12 -23 -3 -5
right_child=-2 16 7 11 -6 -7 -8 8 -10 10 21 -13 13 18 15 17 -18 19 -20 20 -22 22 -24 -25 -26
leaf_value=-0.034987126062082693 0.13817926073896475 0.043918512641422207 -0.077992111913314677 -0.08153443559706211 -0.06502022478891456 0.29431646612183804 0.069961784606756158 0.030432237893342973 0.061523489411230446 0.030654821063463508 -0.068248574522233776 -0.0033407779826837426 0.028548684115380502 -0.0073636071743636297 0.0005723381083872584 -0.0044714847092445081 0.073494180366396905 -0.078178009867668152 -0.055692211747169491 -0.071230993807315832 -0.017958830363896429 -0.0052854787761514831 -0.057352853527775513 0.0017564046859741211 -0.055172565016150477
leaf_weight=43 29 31 41 25 46 29 43 40 27 26 31 34 33 29 36 26 36 40 40 35 49 33 27 25 25
leaf_count=43 29 31 41 25 46 29 43 40 27 26 31 34 33 29 36 26 36 40 40 35 49 33 27 25 25
internal_value=0.000135858 -0.00457386 -0.0104736 0.0143547 0.0437774 0.0872964 0.0174873 -0.0223311 -0.000886981 -0.01162 -0.0259968 -0.0420388 -0.0343242 -0.0146973 -0.0431433 -0.0354615 0.0440345 -0.0441096 -0.0353802 -0.0524209 -0.0401556 -0.042183 -0.0287158 0.0250961 -0.0683535
internal_weight=879 850 758 245 161 115 86 513 184 157 117 84 329 102 227 186 92 150 69 124 84 91 60 56 50
internal_count=879 850 758 245 161 115 86 513 184 157 117 84 329 102 227 186 92 150 69 124 84 91 60 56 50
is_linear=0
shrinkage=0.04


Tree=47
num_leaves=26
num_cat=0
split_feature=9 0 8 6 7 9 9 9 7 6 7 6 9 8 6 6 9 0 8 0 7 6 6 6 5
split_gain=268.56 194.335 108.334 212.705 478.502 985.985 101.406 100.154 72.8909 92.5327 53.6335 42.6802 40.2238 37.3368 36.4761 34.2701 31.9456 48.7055 44.2466 30.349 21.5756 19.0899 12.7691 9.33804 6.8616
threshold=1.193919514015344 -0.7491350475729156 -0.63134183865453442 0.52988476228989012 0.55861543405600889 1.0000000180025095e-35 -0.55305561176639195 -0.75462966474120774 -0.90629464749658817 0.30250609372052223 0.85159745036652823 0.64357409657457409 1.4626849179817649 1.0000000180025095e-35 0.98464209942862591 0.98464209942862591 -1.4265431746572599 -1.0000000180025095e-35 1.0000000180025095e-35 1.0000000180025095e-35 0.26563341774548938 -0.72069791484163315 -0.15225124341821353 0.18881675943583826 -0.25066273765626779
decision_type=2 2 2 2 2 2 2 2 2 2 2 2 2 2 2 2 2 2 2 2 2 2 2 2 2
left_child=2 -2 3 4 5 7 8 -1 16 -10 11 13 23 21 -5 -13 17 -4 -18 -17 -15 -8 -12 -3 -16
right_child=1 12 6 14 -6 -7 10 -9 9 -11 22 15 -14 20 24 19 18 -19 -20 -21 -22 -23 -24 -25 -26
leaf_value=0.050144700914621351 0.12967349245741561 -0.01646727360528091 -0.031180856319574211 -0.069584664741859717 -0.088188444103513439 0.28254381062655615 -0.061354563027620324 -0.036664885846344204 -0.0018061038163992074 0.096775383746623991 0.018032520146205509 0.017435454090054221 0.049301873492076993 -0.094850479475287505 -0.030285378959443835 -0.011170534769694009 -0.056058820489239186 0.043055886054231281 -0.00056573128700256351 -0.070844207143783575 -0.051851580328110491 -0.020340857194007737 -0.019837899208068849 0.016891936135292055 -0.0012034909963607788
leaf_weight=50 37 29 26 34 35 29 30 37 39 25 29 26 48 43 27 30 47 31 45 25 33 46 28 25 25
leaf_count=50 37 29 26 34 35 29 30 37 39 25 29 26 48 43 27 30 47 31 45 25 33 46 28 25 25
internal_value=0.000130424 0.051145 -0.00945205 0.0128445 0.0414424 0.0805552 -0.0199576 0.0132257 0.000998846 0.0367023 -0.0353497 -0.0438579 0.0226592 -0.0563552 -0.0373683 -0.0204062 -0.0143369 0.00919351 -0.0289155 -0.0382949 -0.0761799 -0.0365305 -0.000570493 -0.0010232 -0.0163037
internal_weight=879 139 740 237 151 116 503 87 213 64 290 233 102 152 86 81 149 57 92 55 76 76 57 54 52
internal_count=879 139 740 237 151 116 503 87 213 64 290 233 102 152 86 81 149 57 92 55 76 76 57 54 52
is_linear=0
shrinkage=0.04


Tree=48
num_leaves=27
num_cat=0
split_feature=4 9 6 4 3 9 9 9 7 4 4 4 7 9 4 6 4 4 9 9 7 9 4 0 6 4
split_gain=324.069 126.808 102.28 102.362 94.2643 96.9462 357.133 215.441 226.8 81.0459 59.9326 53.5661 52.7371 34.6701 29.003 26.7284 46.4087 100.894 24.5601 24.0613 35.0054 15.6706 14.5385 7.70166 6.33657 5.66906
threshold=2.3127876754130554 1.3283022159985547 -1.5165232548344203 -1.012458130287466 1.0000000180025095e-35 0.45481465310768643 0.32043195112447598 0.11885789814966023 1.0000000180025095e-35 1.106929306312866 0.75369806687947738 0.46136876527943149 1.0000000180025095e-35 0.18604924914126547 0.65625496634612879 0.30250609372052223 -0.18419177575400311 0.05941597557936841 0.72358005707410744 -0.48586426077478684 -0.90629464749658817 -0.6874383137496024 0.16903946367938563 0.74913504757291582 -0.83438724912631701 -1.2073443313541634
decision_type=2 2 2 2 2 2 2 2 2 2 2 2 2 2 2 2 2 2 2 2 2 2 2 2 2 2
left_child=1 2 12 13 5 6 7 8 10 11 15 18 -1 25 22 19 21 -18 -7 20 23 -17 -3 -5 -22 -4
right_child=-2 14 3 4 -6 9 -8 -9 -10 -11 -12 -13 -14 -15 -16 16 17 -19 -20 -21 24 -23 -24 -25 -26 -27
leaf_value=-0.023953859591484071 0.13161588389298012 0.040281608066251202 -0.010383497047424318 -0.045110478949982949 0.055711016284094923 -0.055603432299160378 0.1431021782542978 -0.096615423386966853 0.11200592866231655 0.030379737432186422 0.036373376492030769 -0.098325881820458649 -0.10611439590454103 -0.074084213483983127 0.067997193575008871 0.0021002465035193239 0.077947600301234946 -0.017680833201582841 -0.013241516193176837 -0.055283015320698424 0.023938446044921874 -0.037237258692120398 -0.00071634783744812017 -0.017280617447999806 -0.0040086619059244797 -0.037060928470813312
leaf_weight=25 29 31 25 41 45 41 28 37 29 26 49 26 25 39 36 26 31 41 47 30 25 43 25 26 27 26
leaf_count=25 29 31 25 41 45 41 28 37 29 26 49 26 25 39 36 26 31 41 47 30 25 43 25 26 27 26
internal_value=0.000125207 -0.00436095 -0.00974343 -0.00583873 -3.45654e-05 -0.00441249 0.00494304 -0.00460871 0.00464197 -0.0333478 -0.00454256 -0.0478821 -0.0650341 -0.045694 0.0399861 -0.0114559 0.00102742 0.0234925 -0.0329783 -0.0232691 -0.0151983 -0.0224144 0.0219789 -0.0343108 0.00942745 -0.0239838
internal_weight=879 850 758 708 618 573 433 405 368 140 339 114 50 90 92 290 141 72 88 149 119 69 56 67 52 51
internal_count=879 850 758 708 618 573 433 405 368 140 339 114 50 90 92 290 141 72 88 149 119 69 56 67 52 51
is_linear=0
shrinkage=0.04


Tree=49
num_leaves=27
num_cat=0
split_feature=4 9 8 6 7 9 4 4 6 0 4 5 4 5 8 5 6 7 0 0 0 4 9 6 8 4
split_gain=298.662 116.866 119.476 217.483 396.153 864.595 132.357 70.2207 67.7275 53.9444 62.9077 61.5431 45.6827 40.3676 40.2497 33.078 39.4145 46.6332 34.5867 37.5986 61.9347 31.4631 31.235 27.5692 27.2383 5.42566
threshold=2.3127876754130554 1.3283022159985547 -0.63134183865453442 0.52988476228989012 0.55861543405600889 1.0000000180025095e-35 -0.35471720168736315 0.010694425312694102 1.3257101022826776 -0.7491350475729156 0.22994140151272849 -0.25066273765626779 -0.14765061305399738 -0.25066273765626779 1.0000000180025095e-35 1.0000000180025095e-35 0.30250609372052223 1.0000000180025095e-35 -1.2485584126215259 1.2485584126215263 0.74913504757291582 -0.82975231678743755 0.051666547158054986 0.41619542800520609 1.0000000180025095e-35 -0.54960340275406028
decision_type=2 2 2 2 2 2 2 2 2 2 2 2 2 2 2 2 2 2 2 2 2 2 2 2 2 2
left_child=1 2 3 4 5 6 -1 15 9 -9 -11 -12 13 -5 -13 18 17 24 -4 20 21 -20 -23 -3 -17 -18
right_child=-2 23 7 12 -6 -7 -8 8 -10 10 11 14 -14 -15 -16 16 25 -19 19 -21 -22 22 -24 -25 -26 -27
leaf_value=-0.032781549220861392 0.12635124868360059 0.015012146802835687 -0.083147971281183092 -0.098815173065662384 -0.058360892871151801 0.26940300320756849 0.066464618422350907 0.02949692548066378 0.057980249137790117 0.030559566809007756 0.006916044592857361 -0.035982643498314752 -0.002777285610928255 -0.026932930998504162 -0.10204966486394405 -0.02575965988481867 0.025131180691719057 0.0096871156139033184 -0.069354224769692677 -0.07823506884897749 0.027712172645109671 0.0068525367292265093 -0.046327325369036478 0.058898958539476201 -0.080583039028891204 -0.0012219017744064331
leaf_weight=43 29 43 28 25 46 29 43 40 27 26 30 36 34 25 25 29 25 28 38 27 27 30 43 49 29 25
leaf_count=43 29 43 28 25 46 29 43 40 27 26 30 36 34 25 25 29 25 28 38 27 27 30 43 49 29 25
internal_value=0.000120198 -0.00418651 -0.0093537 0.0136258 0.0408476 0.0805309 0.0168415 -0.0203283 -0.000539364 -0.0106032 -0.0243127 -0.0399905 -0.0385492 -0.0628741 -0.0630593 -0.0313957 -0.0162865 -0.0327058 -0.0420426 -0.0350671 -0.0266212 -0.0398375 -0.0244726 0.0383866 -0.0531713 0.0119546
internal_weight=879 850 758 245 161 115 86 513 184 157 117 91 84 50 61 329 136 86 193 165 138 111 73 92 58 50
internal_count=879 850 758 245 161 115 86 513 184 157 117 91 84 50 61 329 136 86 193 165 138 111 73 92 58 50
is_linear=0
shrinkage=0.04


Tree=50
num_leaves=26
num_cat=0
split_feature=4 7 2 7 7 4 4 4 5 4 4 4 4 4 8 4 0 7 5 0 0 5 8 4 4
split_gain=513.91 120.707 104.295 46.6413 84.3165 50.0525 55.0717 46.0438 35.396 84.3765 70.9937 67.6789 165.341 93.7311 44.836 39.4817 32.6141 26.3706 23.1138 31.6427 22.9448 15.223 13.9414 10.2666 8.04271
threshold=2.3127876754130554 1.4375614829875671 1.0000000180025095e-35 -0.61331263118606871 -1.1992766638071075 0.12031791341271131 -0.22073293845400885 1.1678312441462091 -0.25066273765626779 0.46136876527943149 -0.23291332602067741 -0.95155619245412326 -0.69576805355408322 -0.33035642655402603 1.0000000180025095e-35 -0.43997991465404318 -1.0000000180025095e-35 -1.4922586801176267 1.0000000180025095e-35 1.0000000180025095e-35 1.0000000180025095e-35 -0.71349052288507664 1.0000000180025095e-35 0.38828643987942002 -0.75666999138742608
decision_type=2 2 2 2 2 2 2 2 2 2 2 2 2 2 2 2 2 2 2 2 2 2 2 2 2
left_child=1 2 -1 4 17 6 22 8 11 10 15 -5 -13 -14 -12 18 -3 23 19 -10 24 -19 -6 -4 -20
right_child=-2 16 3 7 5 -7 -8 -9 9 -11 14 12 13 -15 -16 -17 -18 21 20 -21 -22 -23 -24 -25 -26
leaf_value=0.043181539747450086 0.15225606422871352 0.0050663914197477799 0.0077667611278593538 0.038285997606092886 0.026097236126661302 -0.022480953891212359 0.080966665635888391 0.020692372540632883 -0.072410974343617762 -0.10075135519427639 0.034836915896998513 -0.11008225478231908 0.040823260961793534 -0.050420379708370849 -0.03023621590808034 -0.082417450144010446 0.059704899408600548 -0.028746953481628049 0.010988180891231254 -0.01883042162348484 -0.046040633899824962 -0.068387876922084451 -0.011157923603057862 -0.027139650029795515 -0.020497354403138161
leaf_weight=45 32 29 26 31 45 39 26 30 45 31 36 29 43 31 32 34 44 31 27 29 35 31 25 28 25
leaf_count=45 32 29 26 31 45 39 26 30 45 31 36 29 43 31 32 34 44 31 27 29 35 31 25 28 25
internal_value=-0.00502805 -0.011114 -0.015869 -0.0196169 -0.00575837 0.0157319 0.0312558 -0.0272119 -0.0305697 -0.0383356 -0.0309786 -0.013531 -0.0291264 0.00259957 0.00421427 -0.043251 0.0379992 -0.0307686 -0.0349798 -0.0514132 -0.021002 -0.0485674 0.0127918 -0.0103329 -0.0041491
internal_weight=859 827 754 709 251 135 96 458 428 294 263 134 103 74 68 195 73 116 161 74 87 62 70 54 52
internal_count=859 827 754 709 251 135 96 458 428 294 263 134 103 74 68 195 73 116 161 74 87 62 70 54 52
is_linear=0
shrinkage=0.04


Tree=51
num_leaves=28
num_cat=0
split_feature=4 7 3 9 9 9 6 6 7 4 6 4 9 4 8 6 8 4 4 5 4 5 6 9 6 4 6
split_gain=473.62 111.244 88.1356 80.3877 166.383 263.209 76.1743 315.784 138.47 124.906 72.5252 70.7207 75.5692 87.0192 70.499 65.2711 53.1515 91.6945 55.6814 57.8929 22.6567 22.3577 17.422 12.7655 8.85642 8.06013 4.22715
threshold=2.3127876754130554 1.4375614829875671 1.0000000180025095e-35 0.051666547158054986 0.3876233021160812 0.58919735509089699 -1.1754552519803687 -0.72069791484163315 -0.32033061487554942 -0.33035642655402603 0.30250609372052223 1.1678312441462091 1.193919514015344 -0.58614456545406601 -0.63134183865453442 0.41619542800520609 1.0000000180025095e-35 -0.18419177575400311 0.24212178907939708 1.0000000180025095e-35 -0.57396417788739751 0.67499283280135014 1.0000000180025095e-35 0.18604924914126547 -0.15225124341821353 -0.24509371358734597 -0.49331924627226525
decision_type=2 2 2 2 2 2 2 2 2 2 2 2 2 2 2 2 2 2 2 2 2 2 2 2 2 2 2
left_child=1 2 3 6 14 -6 8 9 25 -8 20 12 13 22 -5 -3 18 -18 19 -12 -9 -22 -7 -16 -15 -1 -4
right_child=-2 15 26 4 5 11 7 10 -10 -11 16 -13 -14 24 23 -17 17 -19 -20 -21 21 -23 -24 -25 -26 -27 -28
leaf_value=0.0098742052568839139 0.14616582264658065 0.0039843136072158815 0.047712106132507329 -0.13727659576214277 0.087768305973573157 -0.051926825404167175 0.13658310536182289 -0.06597533212258265 -0.11872267191226665 0.018050345516204835 -0.032408260653416315 0.019864677131175994 0.0010073948711962313 -0.085576980811357492 -0.078828654154562042 0.080504586475510745 -0.024058193346628776 0.077801312361994099 -0.066150627047927291 0.03527139327273919 -0.045110653006300634 -0.0007984258080350942 -0.0047037903606891637 -0.041094810962677003 -0.11892096168719805 -0.021329090374487415 0.024451072788238527
leaf_weight=26 32 42 25 26 33 25 33 39 26 25 42 30 37 25 26 31 26 31 27 39 49 29 25 32 26 27 25
leaf_count=26 32 42 25 26 33 25 33 39 26 25 42 30 37 25 26 31 26 31 27 39 49 29 25 32 26 27 25
internal_value=-0.00482693 -0.0106695 -0.0152342 -0.0188788 -0.0352679 -0.0155103 -0.00773117 0.000489956 -0.0431132 0.0854914 -0.0169926 -0.0357971 -0.0478975 -0.0658132 -0.0825449 0.0364792 8.90795e-05 0.0313391 -0.016404 0.000178239 -0.0410822 -0.0286356 -0.0283153 -0.05801 -0.102576 -0.00602181 0.0360816
internal_weight=859 827 754 704 285 201 419 340 79 58 282 168 138 101 84 73 165 57 108 81 117 78 50 58 51 53 50
internal_count=859 827 754 704 285 201 419 340 79 58 282 168 138 101 84 73 165 57 108 81 117 78 50 58 51 53 50
is_linear=0
shrinkage=0.04


Tree=52
num_leaves=25
num_cat=0
split_feature=2 9 5 9 9 9 6 6 0 6 8 6 6 5 9 6 8 9 8 9 9 9 6 9
split_gain=289.022 152.941 119.874 53.7491 40.6214 68.2412 95.0825 89.5582 57.7658 52.1446 223.622 78.5423 191.076 59.3065 100.635 49.0163 46.2675 36.105 44.8454 34.3139 20.5097 12.1004 5.93723 2.57512
threshold=-1.6916913147484629 1.3954935669901598 -0.71349052288507664 -1.5609258766404703 -1.2921604726740494 -0.6874383137496024 -1.5165232548344203 0.87095276514394182 1.0000000180025095e-35 -0.72069791484163315 -0.63134183865453442 -0.15225124341821353 0.075127425151154323 -0.25066273765626779 0.3876233021160812 -1.0617659176956848 -0.63134183865453442 -0.082716154825155472 1.0000000180025095e-35 -1.4265431746572599 -0.35148155879157633 0.3876233021160812 0.75726343085925796 -1.0233950687076285
decision_type=2 2 2 2 2 2 2 2 2 2 2 2 2 2 2 2 2 2 2 2 2 2 2 2
left_child=-1 3 -3 -2 19 7 -7 8 23 10 -8 16 -13 14 -14 -12 -11 20 -19 -5 -15 -18 -16 -6
right_child=1 2 -4 4 5 6 9 -9 -10 11 15 12 13 17 22 -17 21 18 -20 -21 -22 -23 -24 -25
leaf_value=0.1079454335485186 0.028180430309717047 -0.012122653593888153 0.084129954785742658 -0.017025315138910497 -0.0079395492975779178 -0.092277770700125855 0.085268069725287582 -0.048565552165788235 0.060161200203794118 -0.10270433964552704 -0.0045138966275586022 0.083872111053912846 -0.10951526732649654 -0.007474363993766696 -0.0048907419443130493 -0.067134207354651559 -0.056820341907441618 -0.058861325546389537 -0.00074885007946990257 -0.077659416869282724 0.037528847392935022 -0.018924606281977435 -0.032458220356702802 0.0083973781999788794
leaf_weight=35 43 37 47 28 26 29 38 33 47 27 45 28 32 43 25 36 28 42 43 32 26 26 25 38
leaf_count=35 43 37 47 28 26 29 38 33 47 27 45 28 32 43 25 36 28 42 43 32 26 26 25 38
internal_value=-0.00463385 -0.00941574 0.041733 -0.0152218 -0.0178994 -0.0149358 -0.0220115 0.00928879 0.0264887 -0.0176199 0.00521202 -0.0254952 -0.0149236 -0.0266451 -0.0541245 -0.0323451 -0.0599509 -0.0120131 -0.0294632 -0.0493635 0.00948337 -0.0385742 -0.0186745 0.0017605
internal_weight=859 824 84 740 697 637 493 144 111 464 119 345 264 236 82 81 81 154 85 60 69 54 50 64
internal_count=859 824 84 740 697 637 493 144 111 464 119 345 264 236 82 81 81 154 85 60 69 54 50 64
is_linear=0
shrinkage=0.04


Tree=53
num_leaves=28
num_cat=0
split_feature=4 7 3 9 9 9 6 6 7 4 6 4 9 4 8 6 4 8 4 4 4 5 6 9 6 4 6
split_gain=432.892 94.0805 72.9148 69.4424 144.684 241.435 71.2872 289.735 125.069 113.632 67.4515 65.3467 68.2986 78.7583 64.372 61.655 51.0838 77.0199 95.2743 63.0333 20.5801 19.7558 15.9816 11.6299 8.94673 7.42542 4.43446
threshold=2.3127876754130554 1.4375614829875671 1.0000000180025095e-35 0.051666547158054986 0.3876233021160812 0.58919735509089699 -1.1754552519803687 -0.72069791484163315 -0.32033061487554942 -0.33035642655402603 0.30250609372052223 1.1678312441462091 1.193919514015344 -0.58614456545406601 -0.63134183865453442 0.41619542800520609 -0.33035642655402603 1.0000000180025095e-35 0.24212178907939708 -0.65922689085407749 -0.57396417788739751 0.67499283280135014 1.0000000180025095e-35 0.18604924914126547 -0.15225124341821353 -0.24509371358734597 -0.49331924627226525
decision_type=2 2 2 2 2 2 2 2 2 2 2 2 2 2 2 2 2 2 2 2 2 2 2 2 2 2 2
left_child=1 2 3 6 14 -6 8 9 25 -8 20 12 13 22 -5 -3 19 18 -18 -12 -9 -22 -7 -16 -15 -1 -4
right_child=-2 15 26 4 5 11 7 10 -10 -11 16 -13 -14 24 23 -17 17 -19 -20 -21 21 -23 -24 -25 -26 -27 -28
leaf_value=0.0090938358123485857 0.13990615593269468 0.0017431111633777619 0.044355124473571782 -0.12916546642780305 0.084559191555687876 -0.049389240252971651 0.13091840157454665 -0.062935616107514275 -0.1132717541547922 0.017861622381210328 0.011014133663596333 0.019720303257306417 0.0010763742150487127 -0.080337322640418998 -0.073292741018992205 0.076113478278801328 0.038174358159303666 0.067936138743534685 -0.063143193324406946 -0.064431433590019446 -0.042834918936904602 -0.0011808867084568944 -0.0041604866493638835 -0.037276333924382926 -0.1138508756344135 -0.020855677436899252 0.020530529546737671
leaf_weight=26 32 42 25 26 33 25 33 39 26 25 37 30 37 25 26 31 33 34 27 34 49 29 25 32 26 27 25
leaf_count=26 32 42 25 26 33 25 33 39 26 25 37 30 37 25 26 31 33 34 27 34 49 29 25 32 26 27 25
internal_value=-0.00444849 -0.0100342 -0.0142321 -0.0175471 -0.0327795 -0.0143553 -0.00718605 0.000766978 -0.0414143 0.082187 -0.015979 -0.0337849 -0.0454165 -0.0624485 -0.0768661 0.033325 0.000494367 0.0198374 -0.00741854 -0.0251147 -0.0392106 -0.0273482 -0.0267749 -0.0534216 -0.0974227 -0.00616346 0.0324428
internal_weight=859 827 754 704 285 201 419 340 79 58 282 168 138 101 84 73 165 94 60 71 117 78 50 58 51 53 50
internal_count=859 827 754 704 285 201 419 340 79 58 282 168 138 101 84 73 165 94 60 71 117 78 50 58 51 53 50
is_linear=0
shrinkage=0.04


Tree=54
num_leaves=24
num_cat=0
split_feature=4 7 2 6 0 0 4 4 4 6 6 6 6 4 7 6 4 4 4 4 4 6 7
split_gain=398.953 86.7046 74.1628 56.8212 35.2738 98.9123 50.5459 169.014 48.8446 38.4507 201.34 108.878 95.6297 83.7148 45.138 44.1221 41.3357 55.062 71.7851 60.3178 59.0716 20.2774 15.6835
threshold=2.3127876754130554 1.4375614829875671 1.0000000180025095e-35 0.41619542800520609 0.74913504757291582 1.2485584126215263 0.15685907611271704 -0.34253681412069453 -0.18419177575400311 -1.1754552519803687 -0.83438724912631701 -0.15225124341821353 0.075127425151154323 -0.50088185248738604 -0.61331263118606871 -0.49331924627226525 1.0216665933461864 0.25430217664606569 -0.33035642655402603 -0.65922689085407749 -0.82975231678743755 0.75726343085925796 1.0000000180025095e-35
decision_type=2 2 2 2 2 2 2 2 2 2 2 2 2 2 2 2 2 2 2 2 2 2 2
left_child=1 2 -1 -3 9 6 7 -6 22 14 -11 13 -13 -12 -4 -15 17 18 19 20 -14 -20 -7
right_child=-2 3 4 -5 5 8 -8 -9 -10 10 11 12 16 15 -16 -17 -18 -19 21 -21 -22 -23 -24
leaf_value=0.036132036328315735 0.13430990947410465 0.0016733875232083457 -0.010470754126707713 0.073068940850996203 -0.0033403313190986713 -0.033459339644070024 -0.019738778213659922 0.12175748138516039 0.0034431148219752957 0.059459408596158031 -0.10348236733012729 0.051774167461741356 -0.041458435566164555 0.0029616800149281819 -0.073537217572979305 -0.066230108141899113 0.02311714113823005 -0.07095835765451193 0.044430691233048075 -0.070567873099400685 0.030092527652780216 -0.0038321795954058568 -0.075481349289417271
leaf_weight=45 32 42 30 31 48 27 30 27 37 48 45 31 48 30 46 29 28 40 26 49 30 30 30
leaf_count=45 32 42 30 31 48 27 30 27 37 48 45 31 48 30 46 29 28 40 26 49 30 30 30
internal_value=-0.00427055 -0.0096328 -0.0136628 0.031992 -0.0168233 -0.00254017 0.0241424 0.0416949 -0.0323452 -0.0223965 -0.0178004 -0.0274078 -0.0145067 -0.0623897 -0.0486426 -0.0310478 -0.0226927 -0.0284446 -0.019152 -0.0357878 -0.0139388 0.0185756 -0.0555762
internal_weight=859 827 754 73 709 199 105 75 94 510 434 386 282 104 76 59 251 223 183 127 78 56 57
internal_count=859 827 754 73 709 199 105 75 94 510 434 386 282 104 76 59 251 223 183 127 78 56 57
is_linear=0
shrinkage=0.04


Tree=55
num_leaves=26
num_cat=0
split_feature=4 4 9 9 9 8 0 5 9 8 0 4 4 4 8 4 8 9 9 4 7 9 0 0 4
split_gain=367.574 147.5 72.9814 93.8836 120.155 83.9098 193.219 167.128 78.4633 70.1973 68.8015 63.6871 62.9287 71.9967 57.816 32.0983 27.3883 26.153 25.0317 23.6628 22.5945 36.426 54.3955 14.6148 11.3271
threshold=2.3127876754130554 0.010694425312694102 0.051666547158054986 0.32043195112447598 0.45481465310768643 -0.63134183865453442 -0.7491350475729156 1.0000000180025095e-35 1.2611108650069494 1.0000000180025095e-35 0.74913504757291582 0.64407457877946017 1.3505370576462379 1.0216665933461864 -0.63134183865453442 -1.0611796805541405 1.0000000180025095e-35 -0.6874383137496024 0.52200600409929165 -0.6714072784207461 -1.1992766638071075 -0.28429020779997111 -0.7491350475729156 1.0000000180025095e-35 0.32738450204607711
decision_type=2 2 2 2 2 2 2 2 2 2 2 2 2 2 2 2 2 2 2 2 2 2 2 2 2
left_child=1 2 5 19 -5 6 -1 -8 14 11 18 17 13 -13 -6 -7 -16 -3 -11 -4 -17 22 -22 -24 -19
right_child=-2 9 3 4 8 15 7 -9 -10 10 -12 12 -14 -15 16 20 -18 24 -20 -21 21 -23 23 -25 -26
leaf_value=-0.06493643244871726 0.14939915320387592 -0.047365728679203224 -0.088207347945469194 0.056137761138379573 -0.096959824594003818 0.025619945915845724 0.13905320742300578 0.016085295868106187 0.024599044226831006 0.049987264581852493 0.097541753617115326 0.013488960204980312 -0.016202265094308294 0.094442940317094326 0.00075831377043806267 -0.055661786805700379 -0.050858278647065165 0.016360644485269273 0.0021282733012648191 -0.04145866090059281 0.048095423705302752 -0.043868265492686381 -0.042164988986083438 -0.0038619430283889978 -0.020682570123672486
leaf_weight=26 27 31 41 32 28 26 28 48 31 36 32 39 34 32 29 27 38 28 34 30 26 48 28 37 25
leaf_count=26 27 31 41 32 28 26 28 48 31 36 32 39 34 32 29 27 38 28 34 30 26 48 28 37 25
internal_value=0.00419985 -0.000616338 -0.0133174 -0.030248 -0.0130792 -0.000130001 0.0291886 0.0613893 -0.0306582 0.0222107 0.0489533 0.00777811 0.0285463 0.0499753 -0.0486895 -0.0157055 -0.0285168 -0.0181822 0.0267415 -0.0684544 -0.0221782 -0.0156742 -0.000802534 -0.0203617 -0.00111257
internal_weight=841 814 523 229 158 294 102 76 126 291 102 189 105 71 95 192 67 84 70 71 166 139 91 65 53
internal_count=841 814 523 229 158 294 102 76 126 291 102 189 105 71 95 192 67 84 70 71 166 139 91 65 53
is_linear=0
shrinkage=0.04


Tree=56
num_leaves=27
num_cat=0
split_feature=4 4 9 9 0 6 6 0 6 0 9 6 4 4 9 9 9 9 6 4 4 6 6 4 6 6
split_gain=338.756 136.09 74.6456 110.921 191.34 87.0232 247.314 63.9384 104.526 58.9558 189.394 52.0879 90.8449 47.3573 44.5294 48.0902 36.0116 36.1783 33.3487 32.9081 53.1207 28.0259 19.4282 15.7392 14.6902 11.8645
threshold=2.3127876754130554 0.24212178907939708 0.051666547158054986 0.3876233021160812 0.74913504757291582 0.41619542800520609 -0.15225124341821353 -0.7491350475729156 -0.49331924627226525 -0.7491350475729156 -0.14990750581676068 0.41619542800520609 1.0216665933461864 -0.62268572815407175 -0.35148155879157633 -0.9562037177160233 -0.28429020779997111 -1.2249691216824441 0.30250609372052223 1.2470037633295548 0.60144322229612024 0.18881675943583826 -0.60700858055694906 -0.35471720168736315 -0.83438724912631701 0.98464209942862591
decision_type=2 2 2 2 2 2 2 2 2 2 2 2 2 2 2 2 2 2 2 2 2 2 2 2 2 2
left_child=1 2 9 4 21 6 24 8 -3 14 16 19 -13 -7 15 -1 17 -11 22 20 -9 -4 23 -19 -5 -20
right_child=-2 7 3 5 -6 13 -8 11 -10 10 -12 12 -14 -15 -16 -17 -18 18 25 -21 -22 -23 -24 -25 -26 -27
leaf_value=-0.046939087532184738 0.14342319190502167 0.12283731060028076 -0.12551480841636659 -0.009925078243017197 0.027383029094109168 -0.011123247742652893 0.10928214165472216 -0.033869627565145492 0.018574784070253373 -0.028841391418661391 0.099301987062482278 0.0043601740443188217 0.097903081981035381 -0.079481339175854968 -0.068014745403613366 0.024565135941785922 -0.047659441852569588 0.034537347731766879 0.058120013850096325 -0.040697395340088871 0.037257803579171501 -0.071274775090040987 -0.026323542604222896 -0.0090661311149597169 -0.047737198250909003 0.019526684284210206
leaf_weight=27 27 25 35 35 26 34 31 28 40 42 34 46 26 31 28 34 25 27 26 31 42 27 32 26 31 25
leaf_count=27 27 25 35 35 26 34 31 28 40 42 34 46 26 31 28 34 25 27 26 31 42 27 32 26 31 25
internal_value=0.00403186 -0.000591684 -0.011105 -0.0275483 -0.0636986 -0.00791109 0.0160878 0.0248522 0.0586758 0.00150495 0.011929 0.012144 0.0381396 -0.0437248 -0.0262534 -0.00708427 -0.00270493 0.0036089 0.0136303 -0.00638754 0.00880683 -0.101894 -0.00171252 0.013147 -0.0276853 0.0392017
internal_weight=841 814 576 250 88 162 97 238 65 326 237 173 72 65 89 61 203 178 136 101 70 62 85 53 66 51
internal_count=841 814 576 250 88 162 97 238 65 326 237 173 72 65 89 61 203 178 136 101 70 62 85 53 66 51
is_linear=0
shrinkage=0.04


Tree=57
num_leaves=26
num_cat=0
split_feature=7 2 9 9 0 6 6 8 6 6 7 8 6 6 0 6 6 9 9 9 6 0 6 7 7
split_gain=193.167 97.01 112.39 110.105 176.339 65.6197 173.204 85.0965 61.7438 215.167 114.083 89.4838 91.6437 82.8302 57.0794 56.5211 53.8247 48.303 46.6723 51.5389 25.8287 19.7135 28.4956 2.8001 0.109489
threshold=1.4375614829875671 -1.6916913147484629 0.051666547158054986 0.3876233021160812 0.74913504757291582 0.41619542800520609 1.0000000180025095e-35 1.0000000180025095e-35 -0.60700858055694906 -1.1754552519803687 -0.61331263118606871 1.0000000180025095e-35 0.30250609372052223 -0.83438724912631701 1.2485584126215263 -0.60700858055694906 -1.1754552519803687 0.92515411004892301 -1.0233950687076285 -1.493734525648865 0.18881675943583826 -0.7491350475729156 0.64357409657457409 -0.90629464749658817 0.85159745036652823
decision_type=2 2 2 2 2 2 2 2 2 2 2 2 2 2 2 2 2 2 2 2 2 2 2 2 2
left_child=1 -1 8 4 20 6 16 24 9 10 -3 14 -13 -11 18 -2 -5 -18 19 -10 -4 -20 -23 -14 -7
right_child=15 2 3 5 -6 7 -8 -9 11 13 -12 12 23 -15 -16 -17 17 -19 21 -21 -22 22 -24 -25 -26
leaf_value=0.065145861307779954 0.020049683818450341 0.025255771198350454 -0.12049421574388232 0.02947991526396624 0.026287706952828626 -0.067453798890113839 0.086993048506624565 0.013432960401881824 0.0053838084071874612 0.10971047954356417 -0.069814938571718013 -0.022237657373771071 0.054515098264584179 0.022803010344505312 -0.07135661944746971 0.094129809639520112 -0.070015699337510492 -0.0058814819369997296 -0.018140501966982178 -0.070756512988697409 -0.068423782940264105 -0.009340655088424684 0.043118963833596258 0.07307923268813353 -0.071197401213645928
leaf_weight=33 26 46 35 29 26 25 34 33 25 47 36 32 26 28 28 45 34 42 33 33 27 30 37 26 25
leaf_count=33 26 46 35 29 26 25 34 33 25 47 36 32 26 28 28 45 34 42 33 33 27 30 37 26 25
internal_value=0.00387059 -0.00195061 -0.00495493 -0.0232875 -0.0611507 -0.00827868 0.00852608 -0.0364216 0.00835443 0.0283013 -0.0164826 -0.0032443 0.031022 0.077265 -0.0187194 0.0670019 -0.0168823 -0.0345731 -0.00939129 -0.0379374 -0.0978184 0.00716545 0.0196296 0.0637972 -0.0693256
internal_weight=841 770 737 310 88 222 139 83 427 157 82 270 84 75 186 71 105 76 158 58 62 100 67 52 50
internal_count=841 770 737 310 88 222 139 83 427 157 82 270 84 75 186 71 105 76 158 58 62 100 67 52 50
is_linear=0
shrinkage=0.04


Tree=58
num_leaves=28
num_cat=0
split_feature=4 4 9 9 6 6 0 8 0 9 0 6 8 6 6 6 9 0 9 6 6 6 9 4 4 4 4
split_gain=309.266 119.218 64.0545 97.5203 77.1766 383.159 202.445 68.4951 181.45 166.117 59.5045 94.8943 59.0914 84.2333 57.4039 55.0605 40.7626 39.7604 37.4065 60.7803 52.9474 47.316 44.6683 37.3962 58.6792 36.9367 5.80516
threshold=2.3127876754130554 0.24212178907939708 0.051666547158054986 1.4626849179817649 0.30250609372052223 1.0000000180025095e-35 0.74913504757291582 -0.63134183865453442 -0.7491350475729156 -0.48586426077478684 -0.7491350475729156 -0.49331924627226525 1.0000000180025095e-35 0.075127425151154323 0.75726343085925796 -0.26594057770289742 0.58919735509089699 1.0000000180025095e-35 -1.157777770690839 0.41619542800520609 1.0983314337133099 -0.83438724912631701 -0.35148155879157633 0.91204310524616894 1.3505370576462379 -0.46434068978738036 0.58317264094611732
decision_type=2 2 2 2 2 2 2 2 2 2 2 2 2 2 2 2 2 2 2 2 2 2 2 2 2 2 2
left_child=1 2 7 4 5 6 16 8 -1 15 11 -3 23 -14 -6 -10 -4 -16 -9 21 -21 22 -20 26 -25 -23 -12
right_child=-2 10 3 -5 14 -7 -8 18 9 -11 12 -13 13 -15 17 -17 -18 -19 19 20 -22 25 -24 24 -26 -27 -28
leaf_value=-0.059649682538262729 0.13690160309274993 0.1168762677192688 -0.11639820085122037 0.046023155958564196 -0.10594629256054759 0.11641210700784412 0.029786723115864923 -0.042813242077827454 0.054045850542875432 0.12986865089785668 -0.018867874698979516 0.017533410057425498 -0.0088830230832099913 0.081870199657148784 -0.011254024775835741 -0.028274708688259126 -0.054947534645757364 -0.077705113315582275 0.045288229722243091 0.070057579087359573 -0.01003110044002533 -0.073273174995556481 -0.028857842225294847 0.060829005190730097 -0.022794835403047761 -0.010364461243152618 -0.045386816072463997
leaf_weight=29 27 25 39 27 32 28 34 49 26 31 28 40 30 36 34 26 31 25 26 28 25 32 26 25 29 28 25
leaf_count=29 27 25 39 27 32 28 34 49 26 31 28 40 30 36 34 26 31 25 26 28 25 32 26 25 29 28 25
internal_value=0.00371576 -0.000701949 -0.010542 -0.0257741 -0.0344671 -0.0149289 -0.05029 0.00113916 0.0264834 0.056578 0.0231125 0.0557422 0.0108528 0.0406187 -0.0628082 0.0128856 -0.0891843 -0.0394113 -0.0121251 -0.00301165 0.0322799 -0.0197121 0.00821519 -0.00750744 0.0159199 -0.0439158 -0.0313768
internal_weight=841 814 576 250 223 132 104 326 112 83 238 65 173 66 91 52 70 59 214 165 53 112 52 107 54 60 53
internal_count=841 814 576 250 223 132 104 326 112 83 238 65 173 66 91 52 70 59 214 165 53 112 52 107 54 60 53
is_linear=0
shrinkage=0.04


Tree=59
num_leaves=26
num_cat=0
split_feature=4 4 6 8 8 5 4 8 6 4 7 4 4 7 7 0 4 5 4 0 6 7 4 0 4
split_gain=285.019 109.871 55.1374 140.254 80.3589 62.493 44.1036 68.9164 147.352 259.969 84.2788 55.4224 71.0148 43.8093 42.0668 41.7428 82.823 39.2992 44.0068 41.9037 37.505 34.2778 25.3351 14.6745 13.8828
threshold=2.3127876754130554 0.24212178907939708 -0.72069791484163315 1.0000000180025095e-35 1.0000000180025095e-35 -0.25066273765626779 -0.97591696758746049 -0.63134183865453442 0.41619542800520609 -0.48870146492071748 -0.32033061487554942 -1.0611796805541405 -1.1342620059541517 1.1445794666770477 1.0000000180025095e-35 0.74913504757291582 -0.22073293845400885 0.67499283280135014 -0.23291332602067741 -0.7491350475729156 0.41619542800520609 -0.32033061487554942 -0.58614456545406601 -0.7491350475729156 -0.062387900087317351
decision_type=2 2 2 2 2 2 2 2 2 2 2 2 2 2 2 2 2 2 2 2 2 2 2 2 2
left_child=1 6 4 5 -3 13 11 8 9 -8 -10 12 14 -4 -1 17 22 18 21 -19 -5 -9 -17 -23 -20
right_child=-2 2 3 20 -6 -7 7 15 10 -11 -12 -13 -14 -15 -16 16 -18 19 24 -21 -22 23 -24 -25 -26
leaf_value=-0.0055130785942077631 0.13142553648463001 0.083191732116367503 -0.022202330748240153 0.019280235052108765 -0.0047869639671765845 -0.051730707032339909 0.11954575618559664 0.018401199148760899 0.015625968771055342 -0.015744368243724743 -0.076914894442795034 -0.085371807608008388 0.034420928273882184 0.049493464481830597 -0.075768572251001989 0.0027165633440017702 0.056672100319581871 0.039464064560554644 -0.085926345936380905 -0.026456879754033356 0.082700690868738533 -0.053121056790862771 -0.050283052855067789 -0.018237491347068965 -0.04533536341573511
leaf_weight=25 27 46 30 25 26 49 44 27 32 47 31 25 28 25 30 31 34 27 26 36 37 35 27 43 28
leaf_count=25 27 46 30 25 26 49 44 27 32 47 31 25 28 25 30 31 34 27 26 36 37 35 27 43 28
internal_value=0.00356713 -0.000673871 0.022188 0.00950839 0.0514216 -0.0188802 -0.0101203 -0.00480318 0.0171149 0.0496706 -0.02991 -0.033161 -0.0174349 0.0103867 -0.0438343 -0.0155528 0.00710242 -0.0249415 -0.0355352 0.00179495 0.0571279 -0.020444 -0.0219557 -0.0338904 -0.0648792
internal_weight=841 814 238 166 72 104 576 468 154 91 63 108 83 55 55 314 92 222 159 63 62 105 58 78 54
internal_count=841 814 238 166 72 104 576 468 154 91 63 108 83 55 55 314 92 222 159 63 62 105 58 78 54
is_linear=0
shrinkage=0.04


Tree=60
num_leaves=27
num_cat=0
split_feature=2 4 8 0 0 9 8 4 9 8 4 4 4 0 9 5 4 9 4 6 8 6 4 8 4 6
split_gain=260.539 112.775 49.4593 42.7532 161.921 118.155 283.024 205.466 153.436 103.237 100.127 58.2701 47.2613 61.4727 42.5294 82.8683 36.3078 33.516 30.1837 72.0391 28.4604 27.54 26.2978 12.7647 9.46027 5.79279
threshold=-2.9592882694284057 -0.97591696758746049 -0.63134183865453442 1.2485584126215263 0.74913504757291582 0.3876233021160812 -0.63134183865453442 -0.17201138818733452 0.051666547158054986 1.0000000180025095e-35 -0.79321115408743181 -0.46434068978738036 1.125199887662869 -1.0000000180025095e-35 0.58919735509089699 1.0000000180025095e-35 -0.6714072784207461 -0.9562037177160233 0.79023922957948312 0.75726343085925796 1.0000000180025095e-35 0.075127425151154323 0.44918837771276293 1.0000000180025095e-35 0.16903946367938563 0.87095276514394182
decision_type=2 2 2 2 2 2 2 2 2 2 2 2 2 2 2 2 2 2 2 2 2 2 2 2 2 2
left_child=-1 2 -2 4 5 8 7 -7 10 22 -3 16 13 21 15 -6 -12 -15 19 23 -4 24 -5 -8 -13 -23
right_child=1 3 20 9 14 6 18 -9 -10 -11 11 12 -14 17 -16 -17 -18 -19 -20 -21 -22 25 -24 -25 -26 -27
leaf_value=0.10657046820436206 -0.09242447279966795 0.063765894344874785 -0.002911687360869514 -0.031536568715458825 0.1172141655222062 0.17724718265533448 0.01416362743223867 0.033042223800060361 -0.086067941109550752 0.03903010261469874 -0.01080877285003662 -0.013495474665736158 -0.05609883170127869 0.0010203410983085632 0.015540904733869765 0.027406935402325222 -0.072258010957390068 -0.058287138092902396 0.01374475377361949 -0.082267921279977868 -0.053208937214480508 0.028707018572092059 -0.082723968900167033 -0.022135703558883359 0.019821256351470948 0.055673998273335974
leaf_weight=35 26 28 36 42 31 25 31 43 47 29 25 30 25 30 36 35 40 31 41 27 36 25 26 31 25 26
leaf_count=35 26 28 36 42 31 25 31 43 47 29 25 30 25 30 36 35 40 31 41 27 36 25 26 31 25 26
internal_value=-0.000325482 -0.00484949 -0.0451365 0.00056632 0.00436129 -0.00452079 0.0199352 0.0860588 -0.019106 -0.0241597 -0.00806312 -0.0158889 -0.00480675 0.00287171 0.0505133 0.0695891 -0.0486237 -0.0291195 -0.0146526 -0.0277345 -0.0280603 0.0212818 -0.0511082 -0.00398604 0.00164849 0.0424549
internal_weight=862 827 98 729 632 530 198 68 332 97 285 257 192 167 102 66 65 61 130 89 72 106 68 62 55 51
internal_count=862 827 98 729 632 530 198 68 332 97 285 257 192 167 102 66 65 61 130 89 72 106 68 62 55 51
is_linear=0
shrinkage=0.04


Tree=61
num_leaves=26
num_cat=0
split_feature=2 4 0 0 7 4 5 5 6 6 5 0 4 5 0 7 7 7 6 6 4 4 0 4 7
split_gain=240.113 103.934 39.4014 149.226 44.4464 54.2101 39.8239 38.1521 37.194 127.165 244.217 83.8444 105.874 90.4948 69.9858 49.3983 35.6686 34.8529 30.4738 30.1795 30.1178 26.8996 24.0141 11.5083 11.4628
threshold=-2.9592882694284057 -0.97591696758746049 1.2485584126215263 0.74913504757291582 -1.1992766638071075 1.6672271343796206 -0.25066273765626779 -0.25066273765626779 0.52988476228989012 -0.15225124341821353 -0.25066273765626779 1.0000000180025095e-35 0.26648256421273425 -0.25066273765626779 -1.0000000180025095e-35 -0.32033061487554942 -1.4922586801176267 1.0000000180025095e-35 0.64357409657457409 1.2120207679979937 0.035055200446031262 -0.038027124953980203 1.0000000180025095e-35 -0.062387900087317351 1.0000000180025095e-35
decision_type=2 2 2 2 2 2 2 2 2 2 2 2 2 2 2 2 2 2 2 2 2 2 2 2 2
left_child=-1 18 3 4 16 8 -4 -5 9 11 -11 12 13 -6 15 -10 -3 -15 24 -17 -12 -8 -16 -9 -2
right_child=1 2 6 7 5 -7 21 23 14 10 20 -13 -14 17 22 19 -18 -19 -20 -21 -22 -23 -24 -25 -26
leaf_value=0.10230765248196466 -0.036568782947681566 -0.0054065696729554066 -0.054448872605959577 0.078949583109468216 -0.10518347666181367 0.055748663655033816 0.025064170319458536 0.014197642157475154 0.044896747436254256 0.14090477291879983 -0.033068446020285289 0.043820970824786594 0.032187498624508197 -0.0013464389224441683 -0.078673860601016457 -0.050508954071998596 -0.056351851794955339 -0.052777988662993582 -0.0071603090674788863 0.01104335704101966 0.027248771236493038 -0.029417295291506013 -0.028650785178384361 0.049121606258245611 -0.069676323844627894
leaf_weight=35 27 45 39 40 29 27 29 36 31 29 27 35 39 49 28 25 43 37 27 26 26 29 34 26 44
leaf_count=35 27 45 39 40 29 27 29 36 31 29 27 35 39 49 28 25 43 37 27 26 26 29 34 26 44
internal_value=-0.000312463 -0.00465551 0.000543667 0.00418683 -0.00433996 0.000828608 -0.0231933 0.0484927 -0.0027445 0.00598459 0.0475836 -0.0120637 -0.0247647 -0.044079 -0.0191722 0.00507564 -0.0303003 -0.023474 -0.0433311 -0.0191293 -0.00347887 -0.00217656 -0.0512419 0.0288432 -0.0570861
internal_weight=862 827 729 632 530 442 97 102 415 271 82 189 154 115 144 82 88 86 98 51 53 58 62 62 71
internal_count=862 827 729 632 530 442 97 102 415 271 82 189 154 115 144 82 88 86 98 51 53 58 62 62 71
is_linear=0
shrinkage=0.04


Tree=62
num_leaves=26
num_cat=0
split_feature=2 7 4 0 0 8 8 6 7 0 5 5 8 4 4 0 7 0 4 5 8 6 4 0 4
split_gain=224.353 226.681 103.887 39.9652 124.614 107.416 48.9091 90.052 74.3114 76.3395 61.5353 42.1604 39.6031 35.3423 36.7464 66.7761 55.8151 28.8183 27.2853 23.3304 17.1422 19.5861 17.0464 15.0444 10.7567
threshold=1.0000000180025095e-35 0.85159745036652823 -0.97591696758746049 1.2485584126215263 0.74913504757291582 1.0000000180025095e-35 -0.63134183865453442 -0.94807658341100087 0.26563341774548938 -1.0000000180025095e-35 1.0000000180025095e-35 -0.25066273765626779 -0.63134183865453442 0.14467868854604846 1.125199887662869 -0.7491350475729156 0.55861543405600889 -1.0000000180025095e-35 0.38828643987942002 1.6006484032589683 1.0000000180025095e-35 -0.37962991198758139 -0.062387900087317351 -1.0000000180025095e-35 -0.50088185248738604
decision_type=2 2 2 2 2 2 2 2 2 2 2 2 2 2 2 2 2 2 2 2 2 2 2 2 2
left_child=1 -1 12 4 6 18 7 -4 10 -10 -9 -6 -2 19 15 -15 -17 -14 -5 20 21 -8 -13 -23 -22
right_child=2 -3 3 5 11 -7 13 8 9 -11 -12 22 17 14 -16 16 -18 -19 -20 -21 24 23 -24 -25 -26
leaf_value=0.0015808495887904429 -0.087077793685289534 0.15742435361657825 -0.051512251773050854 -0.032732833534479144 0.075791601732373245 0.040491930757250098 0.015597259208962724 -0.033769992910898647 0.099813853572396666 0.0077368307113647459 0.040446289509083286 0.0041312284679973828 -0.05420706833402316 0.056753360583232 -0.027058488895063817 0.026378181437651315 -0.05289584420345448 -0.0028556014246800365 -0.086002624797821045 -0.058941218887384121 -0.047441290273116186 -0.0038493694129743071 0.04715674322385055 -0.041741487498084699 -0.018268033248328028
leaf_weight=32 26 28 28 40 40 28 37 39 34 25 33 34 36 39 46 30 27 34 25 26 39 38 26 30 42
leaf_count=32 26 28 28 40 40 28 37 39 34 25 33 34 36 39 46 30 27 34 25 26 39 38 26 30 42
internal_value=-0.000299964 0.0743078 -0.00588159 -0.000572904 0.00313399 -0.0250065 -0.00482859 0.0136003 0.0275175 0.0607982 0.000245803 0.043982 -0.0449226 -0.013106 0.00233696 0.0164223 -0.0111727 -0.0292649 -0.0532212 -0.0234498 -0.0184887 -0.00782307 0.0227756 -0.0205665 -0.0323144
internal_weight=862 60 802 706 613 93 513 159 131 59 72 100 96 354 142 96 57 70 65 212 186 105 60 68 81
internal_count=862 60 802 706 613 93 513 159 131 59 72 100 96 354 142 96 57 70 65 212 186 105 60 68 81
is_linear=0
shrinkage=0.04


Tree=63
num_leaves=26
num_cat=0
split_feature=2 4 8 0 0 9 9 9 4 8 4 8 6 4 9 6 9 4 0 4 9 8 9 9 4
split_gain=209.898 87.8332 42.2235 33.6398 127.973 99.8162 263.54 138.87 92.9574 87.6059 56.8509 81.8678 97.0749 50.7236 41.3177 48.3135 40.9417 40.109 52.9166 32.2353 31.2509 25.6304 25.5213 63.4212 22.5663
threshold=-2.9592882694284057 -0.97591696758746049 -0.63134183865453442 1.2485584126215263 0.74913504757291582 0.3876233021160812 0.6563887060825021 0.051666547158054986 -0.79321115408743181 1.0000000180025095e-35 1.6672271343796206 1.0000000180025095e-35 -0.60700858055694906 -0.46434068978738036 0.58919735509089699 -0.15225124341821353 1.2611108650069494 1.125199887662869 -1.0000000180025095e-35 -0.6714072784207461 -0.9562037177160233 1.0000000180025095e-35 -1.0233950687076285 -0.62024696275799729 0.44918837771276293
decision_type=2 2 2 2 2 2 2 2 2 2 2 2 2 2 2 2 2 2 2 2 2 2 2 2 2
left_child=-1 2 -2 4 5 7 -7 8 -3 24 11 12 -8 19 15 -6 -14 18 22 -10 -20 -4 -15 -24 -5
right_child=1 3 21 9 14 6 10 -9 13 -11 -12 -13 16 17 -16 -17 -18 -19 20 -21 -22 -23 23 -25 -26
leaf_value=0.095658613017993055 -0.083594682503205078 0.062210669347218105 -0.00025920627845658201 -0.02819669933546157 0.10111892210443815 0.13451508943681365 0.07937529330253601 -0.081208893574298696 -0.0094499552667140965 0.036707904277176691 0.053305274998700178 -0.05194032739771872 -0.04392662237672245 -0.0028969255983829502 0.01035641544395023 0.032387681752443317 0.01728037907017602 -0.051451592874526976 0.0022958985269069671 -0.06735046958550811 -0.054972413047667479 -0.047990285249219999 0.082581263741961244 0.00046660128323470845 -0.075613642151539151
leaf_weight=35 26 28 36 42 30 27 25 47 25 29 27 49 34 45 36 36 36 25 30 40 31 36 27 34 26
leaf_count=35 26 28 36 42 30 27 25 47 25 29 27 49 34 45 36 36 36 25 30 40 31 36 27 34 26
internal_value=-0.000287966 -0.00434858 -0.0399025 0.000430954 0.00379723 -0.00409906 0.018379 -0.0175047 -0.00699905 -0.0215019 4.1738e-05 -0.00994518 0.0117155 -0.0145394 0.044827 0.0636292 -0.0124487 -0.0041998 0.00287383 -0.045081 -0.0268077 -0.0241247 0.0199547 0.0368124 -0.0463267
internal_weight=862 827 98 729 632 530 198 332 285 97 171 144 95 257 102 66 70 192 167 65 61 72 106 61 68
internal_count=862 827 98 729 632 530 198 332 285 97 171 144 95 257 102 66 70 192 167 65 61 72 106 61 68
is_linear=0
shrinkage=0.04


Tree=64
num_leaves=28
num_cat=0
split_feature=3 7 4 0 0 8 9 9 9 4 4 7 9 5 5 5 0 6 4 7 6 8 9 0 5 9 4
split_gain=179.804 215.98 88.8225 34.5574 104.709 91.9347 84.5521 247.238 129.276 100.397 53.1554 55.9665 46.6618 43.7504 39.4877 38.4122 34.5125 41.3201 64.1601 60.0314 41.987 33.4709 30.0742 26.3845 21.6714 17.1238 7.31343
threshold=1.0000000180025095e-35 0.85159745036652823 -0.97591696758746049 1.2485584126215263 0.74913504757291582 1.0000000180025095e-35 0.3876233021160812 0.6563887060825021 0.051666547158054986 -0.79321115408743181 1.6672271343796206 1.1445794666770477 -0.28429020779997111 -0.71349052288507664 -0.25066273765626779 -0.25066273765626779 1.0000000180025095e-35 0.075127425151154323 -0.33035642655402603 -0.90629464749658817 -1.2891445862650526 -0.63134183865453442 0.3876233021160812 -1.0000000180025095e-35 1.0000000180025095e-35 -0.14990750581676068 -0.17201138818733452
decision_type=2 2 2 2 2 2 2 2 2 2 2 2 2 2 2 2 2 2 2 2 2 2 2 2 2 2 2
left_child=2 -2 21 4 6 22 8 -8 9 -4 11 26 16 -13 -6 -15 17 20 -19 -20 -11 -1 -5 -23 -22 -16 -9
right_child=1 -3 3 5 14 -7 7 10 -10 12 -12 13 -14 15 25 -17 -18 18 19 -21 24 23 -24 -25 -26 -27 -28
leaf_value=-0.080250895560826527 -0.0036172332833794983 0.14497582402722589 0.067054473757743843 -0.027783360600471499 0.071195709809660918 0.037403937407902314 0.12913448760906854 -0.02861449318351569 -0.077960539388846839 0.019446810627805775 0.05157827253341675 -0.033979096698760987 -0.057689257421914268 0.066252691602706915 -0.00078053945975918929 -0.001962882152625493 -0.045678343654144554 -0.036107691950522935 0.0098679781821038991 0.08717555416822434 -0.06246945622467226 -0.050967726276980506 -0.083709377363324164 -0.0018325408591943629 -0.014779464483261109 0.0419812698816431 -0.058055564120963771
leaf_weight=26 34 29 27 40 40 28 27 27 47 29 25 25 34 25 31 28 32 26 45 25 31 36 25 34 30 29 27
leaf_count=26 34 29 27 40 40 28 27 27 47 29 25 25 34 25 31 28 32 26 45 25 31 36 25 34 30 29 27
internal_value=-0.000276447 0.0647827 -0.00540627 -0.00047787 0.00298494 -0.023191 -0.00435348 0.0173254 -0.0165894 -0.00625091 -0.0019029 -0.0120319 -0.0141051 0.00963948 0.0404109 0.0302143 -0.00730752 -0.000706084 0.0175484 0.0374778 -0.0201776 -0.0414965 -0.0492934 -0.0271021 -0.0390154 0.0198877 -0.043335
internal_weight=862 63 799 703 610 93 510 184 326 279 157 132 252 78 100 53 218 186 96 70 90 96 65 70 61 60 54
internal_count=862 63 799 703 610 93 510 184 326 279 157 132 252 78 100 53 218 186 96 70 90 96 65 70 61 60 54
is_linear=0
shrinkage=0.04


end of trees

feature_importances:
Column_4=386
Column_9=346
Column_6=267
Column_7=224
Column_0=153
Column_8=115
Column_5=103
Column_2=40
Column_3=8
Column_1=4

parameters:
[boosting: gbdt]
[objective: regression]
[metric: rmse]
[tree_learner: serial]
[device_type: cpu]
[data_sample_strategy: bagging]
[data: ]
[valid: ]
[num_iterations: 65]
[learning_rate: 0.04]
[num_leaves: 45]
[num_threads: 0]
[seed: 0]
[deterministic: 0]
[force_col_wise: 0]
[force_row_wise: 0]
[histogram_pool_size: -1]
[max_depth: -1]
[min_data_in_leaf: 25]
[min_sum_hessian_in_leaf: 0.001]
[bagging_fraction: 0.8]
[pos_bagging_fraction: 1]
[neg_bagging_fraction: 1]
[bagging_freq: 5]
[bagging_seed: 3]
[bagging_by_query: 0]
[feature_fraction: 0.8]
[feature_fraction_bynode: 1]
[feature_fraction_seed: 2]
[extra_trees: 0]
[extra_seed: 6]
[early_stopping_round: 0]
[early_stopping_min_delta: 0]
[first_metric_only: 0]
[max_delta_step: 0]
[lambda_l1: 0]
[lambda_l2: 0]
[linear_lambda: 0]
[min_gain_to_split: 0]
[drop_rate: 0.1]
[max_drop: 50]
[skip_drop: 0.5]
[xgboost_dart_mode: 0]
[uniform_drop: 0]
[drop_seed: 4]
[top_rate: 0.2]
[other_rate: 0.1]
[min_data_per_group: 100]
[max_cat_threshold: 32]
[cat_l2: 10]
[cat_smooth: 10]
[max_cat_to_onehot: 4]
[top_k: 20]
[monotone_constraints: ]
[monotone_constraints_method: basic]
[monotone_penalty: 0]
[feature_contri: ]
[forcedsplits_filename: ]
[refit_decay_rate: 0.9]
[cegb_tradeoff: 1]
[cegb_penalty_split: 0]
[cegb_penalty_feature_lazy: ]
[cegb_penalty_feature_coupled: ]
[path_smooth: 0]
[interaction_constraints: ]
[verbosity: -1]
[saved_feature_importance_type: 0]
[use_quantized_grad: 0]
[num_grad_quant_bins: 4]
[quant_train_renew_leaf: 0]
[stochastic_rounding: 1]
[linear_tree: 0]
[max_bin: 255]
[max_bin_by_feature: ]
[min_data_in_bin: 3]
[bin_construct_sample_cnt: 200000]
[data_random_seed: 1]
[is_enable_sparse: 1]
[enable_bundle: 1]
[use_missing: 1]
[zero_as_missing: 0]
[feature_pre_filter: 1]
[pre_partition: 0]
[two_round: 0]
[header: 0]
[label_column: ]
[weight_column: ]
[group_column: ]
[ignore_column: ]
[categorical_feature: ]
[forcedbins_filename: ]
[precise_float_parser: 0]
[parser_config_file: ]
[objective_seed: 5]
[num_class: 1]
[is_unbalance: 0]
[scale_pos_weight: 1]
[sigmoid: 1]
[boost_from_average: 1]
[reg_sqrt: 0]
[alpha: 0.9]
[fair_c: 1]
[poisson_max_delta_step: 0.7]
[tweedie_variance_power: 1.5]
[lambdarank_truncation_level: 30]
[lambdarank_norm: 1]
[label_gain: ]
[lambdarank_position_bias_regularization: 0]
[eval_at: ]
[multi_error_top_k: 1]
[auc_mu_weights: ]
[num_machines: 1]
[local_listen_port: 12400]
[time_out: 120]
[machine_list_filename: ]
[machines: ]
[gpu_platform_id: -1]
[gpu_device_id: -1]
[gpu_use_dp: 0]
[num_gpu: 1]

end of parameters

pandas_categorical:null
