tree
version=v4
num_class=1
num_tree_per_iteration=1
label_index=0
max_feature_idx=9
objective=regression
feature_names=Column_0 Column_1 Column_2 Column_3 Column_4 Column_5 Column_6 Column_7 Column_8 Column_9
feature_infos=[-1.4982700951458314:1.4982700951458314] [-0.63368320487849272:1.5780755940845042] [-7.3958776108082063:2.7448980266313372] [-0.26699649569399087:3.7453675090407055] [-1.6032069272708922:5.5710413494968991] [-3.721871126872335:3.2205456515597994] [-1.6870572562614465:1.7236227722790711] [-1.6387496882728867:1.5840524911428266] [-1.2456510737482795:1.2115858666267003] [-1.7289042541194837:1.6978546464523832]
tree_sizes=2273 2338 2332 2172 2337 2339 2431 2424 2354 2190 2501 2186 2197 2427 2424 2269 2354 2357 2362 2361 2353 2271 2268 2359 2277 2361 2357 2352 2440 2435 2436 2441 2456 2349 2270 2447 2446 2275 2443 2365 2624 2450 2458 2623 2279 2365 2371 2289 2543 2468 2456 2540 2375 2536 2464 2358 2362 2356 2446 2366 2447 2528 2450 2545

Tree=0
num_leaves=27
num_cat=0
split_feature=9 9 2 8 6 7 5 7 9 9 9 9 0 6 0 7 5 9 5 5 6 6 0 6 5 6
split_gain=1369.77 333.911 334.493 175.8 139.627 114.442 112.702 100.914 82.509 38.3441 32.8577 32.3899 27.0852 25.8758 24.209 21.4544 25.1795 18.7555 14.6162 8.85545 8.55972 6.9371 6.25876 6.45109 2 1.18519
threshold=1.0595368120321338 -0.48586426077478684 1.0000000180025095e-35 -0.63134183865453442 0.52988476228989012 -1.1992766638071075 -0.25066273765626779 0.85159745036652823 -0.082716154825155472 1.4626849179817649 -0.62024696275799729 -1.4265431746572599 -0.7491350475729156 0.41619542800520609 -1.0000000180025095e-35 -0.90629464749658817 1.0000000180025095e-35 0.25324060013287075 -0.71349052288507664 -0.71349052288507664 0.75726343085925796 -0.26594057770289742 0.74913504757291582 -0.26594057770289742 0.67499283280135014 0.075127425151154323
decision_type=2 2 2 2 2 2 2 2 2 2 2 2 2 2 2 2 2 2 2 2 2 2 2 2 2 2
left_child=1 5 -3 4 6 11 -4 8 13 12 15 14 -2 -5 -1 16 -7 25 -11 -13 -14 -17 23 -19 -18 -10
right_child=9 2 3 7 -6 10 -8 -9 17 18 -12 19 20 -15 -16 21 24 22 -20 -21 -22 -23 -24 -25 -26 -27
leaf_value=11.748835490594606 11.900835491247774 11.852364902729649 11.844391046634449 11.706730227583762 11.702168824249023 11.773351619423776 11.746835491004388 11.774989336946179 11.661428083875688 11.8859783481366 11.771865793653131 11.751912413777557 11.844073586082828 11.757406919394873 11.793941873414013 11.817222587357984 11.81123549064378 11.664549776984765 11.923469637780165 11.719205861189874 11.873635490977566 11.842168824348365 11.702435490786831 11.690653672874499 11.827235490381518 11.64957623226667
leaf_weight=32 30 34 36 38 42 31 40 26 27 28 33 26 42 28 47 31 25 28 41 27 25 42 25 33 25 27
leaf_count=32 30 34 36 38 42 31 40 26 27 28 33 26 42 28 47 31 25 28 41 27 25 42 25 33 25 27
internal_value=11.7821 11.7577 11.7326 11.7209 11.7607 11.788 11.793 11.7007 11.6914 11.8855 11.8081 11.7594 11.8692 11.7282 11.7757 11.8158 11.8017 11.674 11.9083 11.7353 11.8551 11.8316 11.6856 11.6787 11.8192 11.6555
internal_weight=869 703 384 350 118 319 76 232 206 166 187 132 97 66 79 154 81 140 69 53 67 73 86 61 50 54
internal_count=869 703 384 350 118 319 76 232 206 166 187 132 97 66 79 154 81 140 69 53 67 73 86 61 50 54
is_linear=0
shrinkage=1


Tree=1
num_leaves=26
num_cat=0
split_feature=9 4 7 4 7 2 6 5 7 0 4 7 5 7 9 4 6 9 5 4 4 9 5 0 0
split_gain=1262.38 486.609 167.548 151.169 95.7633 88.8236 64.5952 141.013 61.0088 55.0378 53.293 42.7626 39.9132 40.7618 26.1887 24.995 16.6115 14.3499 14.186 10.1092 9.00769 8.48498 7.52837 5.79413 1.79661
threshold=1.0595368120321338 -0.14765061305399738 -0.32033061487554942 1.7037682970796266 -1.1992766638071075 1.0000000180025095e-35 0.075127425151154323 -0.25066273765626779 1.4375614829875671 -1.0000000180025095e-35 1.0216665933461864 -0.61331263118606871 1.0000000180025095e-35 -0.61331263118606871 0.25324060013287075 0.22994140151272849 0.18881675943583826 -1.4265431746572599 -0.25066273765626779 0.68061574147946591 -0.40343875195403744 0.32043195112447598 -0.71349052288507664 -1.0000000180025095e-35 -1.0000000180025095e-35
decision_type=2 2 2 2 2 2 2 2 2 2 2 2 2 2 2 2 2 2 2 2 2 2 2 2 2
left_child=1 2 4 8 -1 -3 7 -4 19 -9 12 20 17 16 18 -10 -14 -7 -8 -2 24 -11 -12 -16 -6
right_child=3 5 6 -5 11 10 14 9 15 21 22 -13 13 -15 23 -17 -18 -19 -20 -21 -22 -23 -24 -25 -26
leaf_value=-0.068397238923282158 0.0430280838906765 0.090454514247399781 0.0070174655135796992 0.18594999883856095 0.0034488626037325176 0.0027777859568595886 -0.12742280738694328 -0.10611527559708575 0.085276081794872879 -0.062162859479586281 0.032714316105020458 -0.029143927640385096 0.021846003709016026 -0.0082633463902906934 -0.083250221323083948 0.13386250653200679 0.066641452725117026 -0.031802859865128992 -0.088713199369835127 0.073442254995598519 0.039505491471290587 -0.030610192298889158 0.061536462861916115 -0.058430448980892405 0.017910143975858335
leaf_weight=41 36 27 49 28 28 32 28 49 32 30 29 45 27 44 27 36 26 48 33 34 25 25 29 34 27
leaf_count=41 36 27 49 28 28 32 28 49 32 30 29 45 27 44 27 36 26 48 33 34 25 25 29 34 27
internal_value=0.00199503 -0.0214322 -0.0470832 0.101208 -0.0153493 0.0217436 -0.0662389 -0.0489277 0.084014 -0.0752864 0.0138492 0.00205042 0.00294511 0.0201952 -0.0879489 0.110998 0.0438211 -0.0179706 -0.106482 0.0578007 0.0195972 -0.0478207 0.0471254 -0.0694162 0.010548
internal_weight=869 703 441 166 166 262 275 153 138 104 235 125 177 97 122 68 53 80 61 70 80 55 58 61 55
internal_count=869 703 441 166 166 262 275 153 138 104 235 125 177 97 122 68 53 80 61 70 80 55 58 61 55
is_linear=0
shrinkage=0.04


Tree=2
num_leaves=26
num_cat=0
split_feature=9 4 8 7 4 3 9 9 9 7 7 4 5 7 9 4 9 9 9 9 7 4 8 9 4
split_gain=1163.41 448.458 178.139 169.55 139.318 78.1433 74.143 120.41 77.0401 61.0259 56.2257 49.1158 37.1741 37.5661 29.8165 23.224 16.1675 22.0803 12.8363 11.1149 10.3499 9.31661 9.07094 7.04476 0.314473
threshold=1.0595368120321338 -0.14765061305399738 -0.63134183865453442 -0.32033061487554942 1.7037682970796266 1.0000000180025095e-35 0.45481465310768643 1.0000000180025095e-35 -0.41867290978318161 -1.1992766638071075 1.4375614829875671 1.0216665933461864 1.0000000180025095e-35 -0.61331263118606871 -0.55305561176639195 0.48572954041276867 0.52200600409929165 -0.082716154825155472 -1.4265431746572599 0.25324060013287075 -0.90629464749658817 0.68061574147946591 1.0000000180025095e-35 -1.2921604726740494 -0.74448960382075746
decision_type=2 2 2 2 2 2 2 2 2 2 2 2 2 2 2 2 2 2 2 2 2 2 2 2 2
left_child=1 2 6 9 10 11 7 8 -1 -4 21 12 18 20 22 -12 17 -5 -3 24 -14 -2 -11 -13 -19
right_child=4 5 3 16 -6 -7 -8 -9 -10 14 15 23 13 -15 -16 -17 -18 19 -20 -21 -22 -23 -24 -25 -26
leaf_value=0.0068634960724382986 0.04130695930785603 0.0024903998259575137 -0.072540170069663748 -0.066825514120214133 0.17851199643952506 0.084025437480637011 -0.062046545310453935 0.064174583617009617 -0.077284777605975116 0.02499548770230392 0.0864006884720845 0.03267455779016018 0.024055270907970577 -0.0079328122464093296 -0.043078612136840819 0.13366698703889188 -0.067827161931991578 -0.11976298222175011 -0.030530745138724648 -0.089425289359959678 0.059414149147492872 0.0705045655808028 -0.006923241508858544 0.06070599323281875 -0.11359956776654279
leaf_weight=49 36 31 31 34 28 28 33 38 27 29 39 32 26 44 25 29 50 26 48 44 27 34 28 26 27
leaf_count=49 36 31 31 34 28 28 33 38 27 29 39 32 26 44 25 29 50 26 48 44 27 34 28 26 27
internal_value=0.00191523 -0.0205749 -0.0451999 -0.0631764 0.0971597 0.0208739 -0.0092468 0.00603734 -0.0230313 -0.0247318 0.0806534 0.0133173 0.00279717 0.0193874 -0.00665789 0.106558 -0.0871777 -0.0945634 -0.0175731 -0.104286 0.0420683 0.0554887 0.00931611 0.0452404 -0.116623
internal_weight=869 703 441 294 166 262 147 114 76 113 138 234 176 97 82 68 181 131 79 97 53 70 57 58 53
internal_count=869 703 441 294 166 262 147 114 76 113 138 234 176 97 82 68 181 131 79 97 53 70 57 58 53
is_linear=0
shrinkage=0.04


Tree=3
num_leaves=24
num_cat=0
split_feature=7 4 2 8 7 6 4 7 7 4 5 7 7 7 7 4 4 7 6 7 7 7 8
split_gain=997.166 494.249 173.141 157.746 155.319 112.294 60.4966 56.2415 55.2322 52.2374 40.9432 36.0856 26.2116 24.0239 22.7106 19.5186 16.9476 15.4642 15.1004 13.96 8.01674 7.59003 6.72262
threshold=1.1445794666770477 -0.14765061305399738 1.0000000180025095e-35 -0.63134183865453442 -0.32033061487554942 0.52988476228989012 1.0216665933461864 -1.1992766638071075 1.0000000180025095e-35 1.1678312441462091 1.0000000180025095e-35 -0.61331263118606871 1.0000000180025095e-35 -0.61331263118606871 1.4375614829875671 0.22994140151272849 1.8742937230129866 0.55861543405600889 0.18881675943583826 1.0000000180025095e-35 0.26563341774548938 -1.4922586801176267 1.0000000180025095e-35
decision_type=2 2 2 2 2 2 2 2 2 2 2 2 2 2 2 2 2 2 2 2 2 2 2
left_child=1 3 -3 5 7 8 10 -5 -1 14 21 18 -7 22 -2 -16 -8 19 -12 -6 -21 -4 -9
right_child=9 2 6 4 17 12 16 13 -10 -11 11 -13 -14 -15 15 -17 -18 -19 -20 20 -22 -23 -24
leaf_value=-0.015156175543864567 0.063045840877659465 0.1103381463998195 -0.005262970440089703 -0.069638563279182691 -0.071317487784794395 -0.027998852777481077 0.029664930080374085 0.023603398645365679 0.045214114079670027 0.13825630544005213 0.019433733997521577 -0.0083219732708401158 -0.084839169979095463 -0.035660964065584645 0.07840901096351445 0.12413949759943145 0.071261451077461249 -0.06396586216986179 0.062143209324433249 -0.11045401076475779 -0.086816273602572366 -0.030309705539625517 -0.0048935697858150193
leaf_weight=48 49 33 32 31 42 25 42 27 49 37 27 45 27 29 32 28 25 48 26 48 44 49 26
leaf_count=48 49 33 32 31 42 25 42 27 49 37 27 45 27 29 32 28 25 48 26 48 44 49 26
internal_value=0.00183862 -0.0174163 0.0243046 -0.0436328 -0.0605773 -0.0100848 0.0127635 -0.0237425 0.0153402 0.0971899 0.000627681 0.0180199 -0.0575121 -0.00639157 0.0832499 0.0997499 0.045186 -0.0834473 0.0403856 -0.0904257 -0.099149 -0.0204147 0.00962375
internal_weight=869 723 279 444 295 149 246 113 97 146 179 98 52 82 109 60 67 182 53 134 92 81 53
internal_count=869 723 279 444 295 149 246 113 97 146 179 98 52 82 109 60 67 182 53 134 92 81 53
is_linear=0
shrinkage=0.04


Tree=4
num_leaves=26
num_cat=0
split_feature=9 4 9 4 7 2 7 6 5 0 4 5 9 5 9 7 4 6 9 4 4 0 6 9 0
split_gain=991.168 379.82 135.03 124.299 89.6761 67.5272 48.3845 44.0993 122.268 48.4784 41.6064 31.18 32.609 23.5469 33.9838 20.1398 19.8512 15.9241 11.2444 8.17316 7.77565 7.5706 7.35246 2.72866 1.71365
threshold=1.0595368120321338 -0.14765061305399738 -0.41867290978318161 1.7037682970796266 -1.1992766638071075 1.0000000180025095e-35 1.4375614829875671 0.075127425151154323 -0.25066273765626779 -1.0000000180025095e-35 1.0216665933461864 1.0000000180025095e-35 -0.55305561176639195 1.0000000180025095e-35 0.25324060013287075 -0.61331263118606871 0.48572954041276867 0.18881675943583826 -1.4265431746572599 -0.40343875195403744 0.68061574147946591 0.74913504757291582 -0.15225124341821353 0.72358005707410744 -1.0000000180025095e-35
decision_type=2 2 2 2 2 2 2 2 2 2 2 2 2 2 2 2 2 2 2 2 2 2 2 2 2
left_child=1 2 4 6 -1 -3 20 8 -4 -10 11 18 17 14 -9 19 -8 -13 -7 24 -2 -11 -12 -16 -6
right_child=3 5 7 -5 15 10 16 13 9 21 22 12 -14 -15 23 -17 -18 -19 -20 -21 -22 -23 -24 -25 -26
leaf_value=-0.061255346449410046 0.037785631389253671 0.079061792139653808 0.0093356138954357234 0.16651921570301056 0.0029402982124260499 0.0025139055401086807 0.079479978772310111 -0.11121729156305624 -0.096236370023416007 -0.055577568021313903 0.055429218538105493 0.018072501657640232 -0.01165345829886359 -0.048528449186464644 -0.054566031561957468 -0.020416161644047706 0.12317948098840384 0.059657482699705999 -0.028097127676010133 0.037457099270820624 0.064459532565053768 -0.025852639445891747 0.02692884105124644 -0.072549270965434898 0.017063773031587955
leaf_weight=41 36 27 49 28 28 32 39 43 49 29 30 34 37 41 27 29 29 26 48 25 34 26 28 27 27
leaf_count=41 36 27 49 28 28 32 39 43 49 29 30 34 37 41 27 29 29 26 48 25 34 26 28 27 27
internal_value=0.00176507 -0.0189936 -0.0416559 0.0896769 -0.0108271 0.0191516 0.0740857 -0.057547 -0.0427585 -0.0673029 0.0122683 0.0026337 0.0178802 -0.0739429 -0.0846851 0.00814137 0.0981165 0.0360927 -0.0158527 0.0184935 0.0507415 -0.0415258 0.0416704 -0.0635577 0.00987364
internal_weight=869 703 441 166 150 262 138 291 153 104 235 177 97 138 97 109 68 60 80 80 70 55 58 54 55
internal_count=869 703 441 166 150 262 138 291 153 104 235 177 97 138 97 109 68 60 80 80 70 55 58 54 55
is_linear=0
shrinkage=0.04


Tree=5
num_leaves=26
num_cat=0
split_feature=9 4 9 8 4 2 0 4 9 9 9 4 4 9 9 9 4 4 9 9 9 0 4 9 9
split_gain=866.462 322.203 159.554 149.596 109.595 92.9128 51.9521 50.4819 45.1207 42.712 25.2505 21.4548 14.9529 16.1945 14.7335 35.6013 10.7911 10.6585 8.80723 8.66011 8.61688 8.2409 6.70726 6.44907 6.35053
threshold=1.193919514015344 0.022874812879362678 -0.28429020779997111 -0.63134183865453442 -0.69576805355408322 1.0000000180025095e-35 -0.7491350475729156 1.0216665933461864 1.4626849179817649 -1.2921604726740494 -0.55305561176639195 1.2774547322462262 -0.51306224005405465 0.25324060013287075 -0.48586426077478684 -1.157777770690839 -0.42779952708737462 0.42482760257942576 1.0000000180025095e-35 0.6563887060825021 0.25324060013287075 -1.0000000180025095e-35 -0.89065425462078041 -0.88901236672441819 1.3283022159985547
decision_type=2 2 2 2 2 2 2 2 2 2 2 2 2 2 2 2 2 2 2 2 2 2 2 2 2
left_child=1 2 9 4 20 -3 -2 14 24 -1 16 -9 18 -14 15 -7 21 -17 -5 22 -4 -11 -20 -18 -8
right_child=6 5 3 12 -6 7 8 11 -10 10 -12 -13 13 -15 -16 17 23 -19 19 -21 -22 -23 -24 -25 -26
leaf_value=-0.045255192308263345 0.13066978874959445 0.086658768242803108 -0.069549869632720945 -0.065896315540586198 0.03565988212823868 -0.022608952536139381 0.034662657642364501 0.066787774550914766 0.10292908152755427 -0.017814300584382024 -0.025211770335833231 0.021404328551888466 -0.08223891682094997 -0.040467400586966316 -0.02478489376977086 0.0081553134113550186 0.0078369723977865999 0.044734758161581477 -0.083659389308004678 -0.071511921882629392 -0.036659909326296584 0.012088625530401867 -0.10830915683194212 0.035002719544131179 0.06317350252866745
leaf_weight=44 38 29 25 35 40 43 25 25 49 29 48 50 27 33 40 25 27 26 33 31 26 30 38 29 25
leaf_count=44 38 29 25 35 40 43 25 25 49 29 48 50 27 33 40 25 27 26 33 31 26 30 38 29 25
internal_value=-0.00142357 -0.0186813 -0.0370703 -0.0563234 -0.0139067 0.0195648 0.0909115 0.0102551 0.0756508 -0.0102834 -0.000843214 0.0365321 -0.0759169 -0.0592646 -0.0044522 0.00420002 0.00932801 0.0268037 -0.0832098 -0.0891508 -0.0527824 -0.00260942 -0.0968522 0.0219049 0.0489181
internal_weight=870 733 495 288 91 238 137 209 99 207 163 75 197 60 134 94 115 51 137 102 51 59 71 56 50
internal_count=870 733 495 288 91 238 137 209 99 207 163 75 197 60 134 94 115 51 137 102 51 59 71 56 50
is_linear=0
shrinkage=0.04


Tree=6
num_leaves=27
num_cat=0
split_feature=7 4 7 8 4 4 7 4 7 7 4 9 9 9 9 4 4 0 9 7 5 9 5 4 0 0
split_gain=865.927 264.184 142.426 131.375 94.3429 50.7558 50.5136 47.5282 40.8946 31.8593 31.3888 41.3061 20.3721 14.5607 17.1233 14.1239 11.4357 9.60377 8.29545 8.03313 7.89755 8.19355 6.25948 5.30018 3.20141 0.707915
threshold=1.1445794666770477 -0.098929062787323066 -0.32033061487554942 -0.63134183865453442 -0.69576805355408322 1.7281290722129634 -1.1992766638071075 1.502791902229595 -1.1992766638071075 -0.61331263118606871 0.5588118658127802 0.85796275905731789 1.4626849179817649 -0.082716154825155472 0.25324060013287075 -0.53742301518739166 -0.63486611572074036 -1.0000000180025095e-35 -1.4265431746572599 0.26563341774548938 1.0000000180025095e-35 -0.48586426077478684 -0.71349052288507664 0.60144322229612024 -1.0000000180025095e-35 -1.0000000180025095e-35
decision_type=2 2 2 2 2 2 2 2 2 2 2 2 2 2 2 2 2 2 2 2 2 2 2 2 2 2
left_child=1 2 6 4 19 8 -1 12 18 16 20 -12 23 -5 24 17 -8 -16 -3 -4 -10 -22 -14 -2 -15 -18
right_child=7 5 3 13 -6 -7 9 -9 10 -11 11 -13 22 14 15 -17 25 -19 -20 -21 21 -23 -24 -25 -26 -27
leaf_value=-0.048090906724697201 0.049453233408205434 -0.0059182690296854289 -0.066344492082242607 -0.050239644050598144 0.030311594754457473 0.058220843175316554 -0.00088081904583507122 0.1362013151553961 0.022106424293347766 -0.024781514273749458 0.078626271228377634 0.0091937877803013254 0.07885770078058596 -0.084992203521728524 -0.09798395691009669 -0.045929704646269477 0.033044474408603627 -0.06705081391902197 -0.032285631626844405 -0.035193513723520135 0.0093684787538490799 -0.018342246009457497 0.10482733661478216 0.073114301413297653 -0.10373360979557038 0.023797071289133141
leaf_weight=41 33 42 27 34 40 34 36 26 28 45 26 29 27 25 26 30 26 42 35 26 38 31 33 28 35 27
leaf_count=41 33 42 27 34 40 34 36 26 28 45 26 29 27 25 26 30 26 42 35 26 38 31 33 28 35 27
internal_value=-0.00136662 -0.0193607 -0.0376436 -0.0550846 -0.0160631 0.0126168 -0.00923959 0.087135 0.0058459 0.00264776 0.0178768 0.0420164 0.0765919 -0.0739856 -0.0790955 -0.0687919 0.0165165 -0.0788782 -0.0179034 -0.0510629 0.00418941 -0.00308127 0.093141 0.0603141 -0.0959247 0.0283335
internal_weight=870 723 460 285 93 263 175 147 229 134 152 55 121 192 158 98 89 68 77 53 97 69 60 61 60 53
internal_count=870 723 460 285 93 263 175 147 229 134 152 55 121 192 158 98 89 68 77 53 97 69 60 61 60 53
is_linear=0
shrinkage=0.04


Tree=7
num_leaves=27
num_cat=0
split_feature=9 4 9 2 4 6 5 0 4 9 9 6 9 4 9 9 0 4 9 4 6 4 9 9 4 4
split_gain=735.688 274.445 135.289 83.8693 48.0399 87.271 115.586 47.4049 44.849 40.3364 36.1196 23.7159 21.4743 15.2456 13.2229 30.1891 12.6518 9.85143 20.5372 9.54914 9.01009 8.95835 5.95417 5.8257 2.6963 0.376757
threshold=1.193919514015344 0.022874812879362678 -0.28429020779997111 1.0000000180025095e-35 -0.69576805355408322 0.30250609372052223 -0.25066273765626779 -0.7491350475729156 1.0216665933461864 1.4626849179817649 -1.2921604726740494 -0.60700858055694906 -0.55305561176639195 -0.40343875195403744 -0.48586426077478684 -1.157777770690839 -0.7491350475729156 -1.1220816183874833 0.32043195112447598 -0.42779952708737462 1.0000000180025095e-35 0.42482760257942576 -0.88901236672441819 1.3283022159985547 -0.51306224005405465 1.4784311270962578
decision_type=2 2 2 2 2 2 2 2 2 2 2 2 2 2 2 2 2 2 2 2 2 2 2 2 2 2
left_child=1 2 10 -3 16 6 -6 -2 14 23 -1 -10 19 -8 15 -5 -4 -18 -19 20 -12 -17 -21 -9 -7 -13
right_child=7 3 4 8 5 24 13 9 11 -11 12 25 -14 -15 -16 21 17 18 -20 22 -22 -23 -24 -25 -26 -27
leaf_value=-0.041679469374093142 0.12174872856391104 0.081829024635512268 -0.086610816877062735 -0.021114167432452358 0.045701471158436362 -0.066888170379858752 -0.069163220348181551 0.030263318705558775 0.065816551119089128 0.094984291621616909 0.010715732140576138 0.014629305475950241 -0.023311084310213722 -0.025813996386528017 -0.023885805491358041 0.0072913156032562258 -0.077596617572837409 -0.072176718868707357 -0.029384421460768757 0.0068551003822573909 -0.020917315757274627 0.040826628044820748 0.03295770910729108 0.057570646476745611 -0.085104993352523209 0.021573721243441108
leaf_weight=44 38 29 41 43 35 26 27 25 25 49 34 25 48 25 40 25 36 38 34 27 25 26 29 25 26 25
leaf_count=44 38 29 41 43 35 26 27 25 25 49 34 25 48 25 40 25 36 38 34 27 25 26 29 25 26 25
internal_value=-0.00131196 -0.0172141 -0.0341857 0.0180839 -0.0519144 -0.0350002 -0.0104966 0.0837703 0.00923887 0.0691927 -0.00951964 0.0340065 -0.000838459 -0.0483222 -0.00462363 0.00357304 -0.0676933 -0.0605117 -0.0519692 0.00854142 -0.0026881 0.0243877 0.0203725 0.043917 -0.0759966 0.0181015
internal_weight=870 733 495 238 288 139 87 137 209 99 207 75 163 52 134 94 149 108 72 115 59 51 56 50 52 50
internal_count=870 733 495 238 288 139 87 137 209 99 207 75 163 52 134 94 149 108 72 115 59 51 56 50 52 50
is_linear=0
shrinkage=0.04


Tree=8
num_leaves=26
num_cat=0
split_feature=7 4 7 8 4 2 7 4 4 7 9 9 4 7 9 9 4 4 9 0 7 0 0 4 7
split_gain=738.454 223.693 121.282 118.513 81.9299 62.5789 43.6102 43.5686 36.7966 28.1545 19.1427 36.7078 33.9354 16.9157 13.7817 15.1736 12.2987 10.0901 8.50274 8.33547 7.1033 3.37909 3.20305 2.752 2.25071
threshold=1.1445794666770477 -0.098929062787323066 -0.32033061487554942 -0.63134183865453442 -0.69576805355408322 1.0000000180025095e-35 -1.1992766638071075 1.502791902229595 1.7281290722129634 -0.61331263118606871 -1.2249691216824441 -0.48586426077478684 0.42482760257942576 1.4375614829875671 -0.082716154825155472 0.25324060013287075 -0.53742301518739166 -0.51306224005405465 -1.4265431746572599 -1.0000000180025095e-35 0.26563341774548938 1.0000000180025095e-35 -1.0000000180025095e-35 0.60144322229612024 1.0000000180025095e-35
decision_type=2 2 2 2 2 2 2 2 2 2 2 2 2 2 2 2 2 2 2 2 2 2 2 2 2
left_child=1 2 6 4 20 -3 -1 13 10 17 18 12 -12 23 -5 22 19 -8 -7 -17 -4 -15 -16 -2 -13
right_child=7 5 3 14 -6 8 9 -9 -10 -11 11 24 -14 21 15 16 -18 -19 -20 -21 -22 -23 -24 -25 -26
leaf_value=-0.044587954602590421 0.045518949710089587 0.066973552087257651 -0.060718447897169327 -0.045644266289823196 0.029483957692980765 -0.0055345719768887473 0.0025720441730126093 0.12744675523959673 0.046042572555442654 -0.023228877981503807 0.0032341140585067946 -0.0057754686355590825 0.059821334381898239 0.075509251935141436 -0.078624436283111582 -0.09122992594081622 -0.042684435764948521 0.029523970245621926 -0.032666990978248198 -0.062411641592071174 -0.03142574585401095 0.093644215791456167 -0.097370659695139958 0.063440672663541933 -0.02148964463327346
leaf_weight=41 29 29 27 34 40 42 46 26 30 45 39 25 30 35 25 26 30 43 33 42 26 31 35 26 35
leaf_count=41 29 29 27 34 40 42 46 26 30 45 39 25 30 35 25 26 30 43 33 42 26 31 35 26 35
internal_value=-0.00125948 -0.0178764 -0.0346999 -0.0507944 -0.0137324 0.0115486 -0.00848892 0.0804688 0.00467975 0.00255631 -0.00140302 0.00793989 0.0278373 0.0703744 -0.0687463 -0.0737176 -0.0640184 0.0155938 -0.0174728 -0.0734304 -0.0463484 0.0840272 -0.0895597 0.053991 -0.0149421
internal_weight=870 723 460 285 93 263 175 147 234 134 204 129 69 121 192 158 98 89 75 68 53 66 60 55 60
internal_count=870 723 460 285 93 263 175 147 234 134 204 129 69 121 192 158 98 89 75 68 53 66 60 55 60
is_linear=0
shrinkage=0.04


Tree=9
num_leaves=24
num_cat=0
split_feature=7 7 2 8 7 6 6 7 7 9 0 9 9 0 7 8 0 6 9 0 6 0 0
split_gain=680.559 143.645 181.333 81.3734 90.7977 83.5536 48.4255 34.6607 34.1567 32.8676 31.4947 32.8062 18.4369 17.4012 15.4276 17.2179 8.07553 7.71297 6.66475 3.03853 2.92299 2.53178 1.77769
threshold=1.1445794666770477 -0.32033061487554942 1.0000000180025095e-35 -0.63134183865453442 0.85159745036652823 0.52988476228989012 -0.37962991198758139 -1.1992766638071075 -0.61331263118606871 -1.4265431746572599 -0.7491350475729156 1.4626849179817649 -0.082716154825155472 -1.0000000180025095e-35 -0.90629464749658817 -0.63134183865453442 0.74913504757291582 0.18881675943583826 0.25324060013287075 -1.0000000180025095e-35 0.18881675943583826 1.0000000180025095e-35 -1.0000000180025095e-35
decision_type=2 2 2 2 2 2 2 2 2 2 2 2 2 2 2 2 2 2 2 2 2 2 2
left_child=1 7 -3 5 12 6 -4 9 14 13 -2 16 -5 -1 15 -9 -12 -11 19 -14 -10 -16 -20
right_child=10 2 3 4 -6 -7 -8 8 20 17 11 -13 18 -15 21 -17 -18 -19 22 -21 -22 -23 -24
leaf_value=-0.023065509354429588 0.10753187884390354 0.0478244057454561 -0.016641624101570673 -0.044137620396084251 -0.0018943283942184949 -0.065649314607892723 0.052020163006252708 0.034564121183421878 -0.019453650603168889 -0.049989448969855028 0.032816714084509646 0.090485417749732733 -0.075479458808898933 0.016463648762021745 0.028082168643794408 -0.0052169964660187156 0.062624376507905824 -0.020721827924251555 -0.075440419345702003 -0.093631917562128783 -0.0035481761892636617 0.043095165017584806 -0.063912312789839151
leaf_weight=28 40 38 42 36 38 35 27 27 38 34 33 48 25 49 41 49 26 25 38 36 36 32 49
leaf_count=28 40 38 42 36 38 35 27 27 38 34 33 48 25 49 41 49 26 25 38 36 36 32 49
internal_value=-0.0012091 -0.0171614 -0.0348679 -0.0445069 -0.0581852 -0.0153089 0.010226 0.000791747 0.0104979 -0.0151235 0.0772501 0.0659298 -0.0698105 0.00208941 0.0215303 0.00891577 0.0459523 -0.0375879 -0.0760552 -0.0861924 -0.0117159 0.0346632 -0.0689476
internal_weight=870 723 364 326 222 104 69 359 223 136 147 107 184 77 149 76 59 59 148 61 74 73 87
internal_count=870 723 364 326 222 104 69 359 223 136 147 107 184 77 149 76 59 59 148 61 74 73 87
is_linear=0
shrinkage=0.04


Tree=10
num_leaves=28
num_cat=0
split_feature=4 4 7 7 7 8 4 9 7 9 4 7 9 9 7 9 9 4 9 4 8 7 9 0 4 4 4
split_gain=533.913 214.567 121.498 81.5707 110.227 110.995 85.79 57.7146 42.0532 33.7418 33.279 29.5835 18.0316 17.1052 30.0062 11.0866 14.9522 14.0858 10.3801 7.326 7.14874 7.83549 6.42028 4.8888 3.54315 3.39276 0.0315759
threshold=-0.14765061305399738 2.3127876754130554 1.4375614829875671 1.1445794666770477 -0.32033061487554942 -0.63134183865453442 -0.82975231678743755 -1.2249691216824441 -1.1992766638071075 0.32043195112447598 0.75369806687947738 -0.61331263118606871 0.92515411004892301 1.193919514015344 0.55861543405600889 0.72358005707410744 -0.082716154825155472 -0.56178379032072889 -1.4265431746572599 0.083776750712705572 1.0000000180025095e-35 -0.90629464749658817 1.1267281630237389 0.74913504757291582 0.40046682744608858 -0.86629347948744329 0.60144322229612024
decision_type=2 2 2 2 2 2 2 2 2 2 2 2 2 2 2 2 2 2 2 2 2 2 2 2 2 2 2
left_child=3 2 7 4 8 6 -6 18 -1 -8 13 20 -12 14 19 16 -7 23 26 -9 21 -10 -14 25 -21 -18 -2
right_child=1 -3 -4 -5 5 15 9 10 11 -11 12 -13 22 -15 -16 -17 17 -19 -20 24 -22 -23 -24 -25 -26 -27 -28
leaf_value=-0.046296867615467793 -0.0022066240787506105 0.14600035266876221 0.083655643347574749 0.039508577919006353 -0.061050119638443 -0.048957888830092645 -0.015952298002583642 0.032739483241627856 0.010908053227025887 0.045608396221851484 0.075118240129947667 -0.023797798977957831 0.020225774022164168 0.042084972550792077 -0.025306546938034798 -0.044894379706680775 -0.084996217985947933 -0.055963743904541279 -0.03010538298975338 -0.00032068186081372777 -0.00015286299365538139 0.041465769264474511 0.047330817256508208 -0.073063372194766996 0.019702107238192712 -0.103424653122502 -0.00019622109830379488
leaf_weight=37 25 25 49 25 40 31 28 41 29 29 25 45 27 31 31 25 33 29 33 26 27 25 29 25 31 31 25
leaf_count=37 25 25 49 25 40 31 28 41 29 29 25 45 27 31 31 25 33 29 33 26 27 25 29 25 31 31 25
internal_value=-0.0013499 0.0325556 0.024952 -0.0307494 -0.0347965 -0.0504305 -0.0161446 0.016074 -0.00880389 0.0153681 0.0259814 0.00220595 0.0468722 0.0154055 0.00899414 -0.0695438 -0.0736796 -0.0801743 -0.0126934 0.0198444 0.0166525 0.0250551 0.0342623 -0.0880632 0.0105689 -0.0939225 -0.00120142
internal_weight=857 398 373 459 434 271 97 324 163 57 241 126 81 160 129 174 149 118 83 98 81 54 56 89 57 64 50
internal_count=857 398 373 459 434 271 97 324 163 57 241 126 81 160 129 174 149 118 83 98 81 54 56 89 57 64 50
is_linear=0
shrinkage=0.04


Tree=11
num_leaves=24
num_cat=0
split_feature=9 9 2 8 9 9 7 9 9 9 9 9 5 7 6 5 6 5 8 6 6 9 8
split_gain=440.829 184.37 136.054 81.6981 74.7852 117.49 49.5339 43.9368 34.2278 27.9184 27.2184 20.5818 18.2858 11.3557 12.4685 11.1261 9.98137 8.92198 8.06777 5.36174 4.72852 2.25069 1.90885
threshold=1.0595368120321338 -0.35148155879157633 1.0000000180025095e-35 -0.63134183865453442 0.45481465310768643 1.0000000180025095e-35 -1.1992766638071075 0.72358005707410744 1.3954935669901598 -0.6874383137496024 -0.082716154825155472 -1.4265431746572599 -0.71349052288507664 -0.90629464749658817 -0.37962991198758139 1.0000000180025095e-35 -0.72069791484163315 1.0000000180025095e-35 1.0000000180025095e-35 0.075127425151154323 0.18881675943583826 0.32043195112447598 -0.63134183865453442
decision_type=2 2 2 2 2 2 2 2 2 2 2 2 2 2 2 2 2 2 2 2 2 2 2
left_child=1 6 -3 4 5 -4 11 10 17 13 -5 16 -10 15 -15 -8 -1 -2 22 -13 21 -12 -11
right_child=8 2 3 7 -6 -7 9 -9 12 18 20 19 -14 14 -16 -17 -18 -19 -20 -21 -22 -23 -24
leaf_value=0.019606932309957654 0.027417107405869858 0.036277400448515608 -0.053180104864054716 -0.039862155594133045 -0.06062184000015259 0.05256403423845768 -0.00065659415876043257 -0.023354657224220473 0.054053781087377246 -0.0026429733537858529 -0.080919996761914456 -0.044831097051501276 0.092603542235162525 0.02495753903327317 0.063504867565631867 0.030979603086395757 -0.010948615539073945 0.052916422127967787 0.017196763864269965 -0.020076900683343411 -0.089539500366557723 -0.067032211605340328 -0.017339536732492538
leaf_weight=26 46 37 29 37 40 40 29 41 35 31 33 28 45 29 25 46 50 42 27 28 44 43 26
leaf_count=26 46 37 29 37 40 40 29 41 35 31 33 28 45 29 25 46 50 42 27 28 44 43 26
internal_value=-0.0012959 -0.015462 -0.0361837 -0.0449168 -0.0171058 0.00812085 0.00519968 -0.0602269 0.0568019 0.0171313 -0.0698559 -0.0140536 0.075738 0.0288171 0.0428035 0.0187469 -0.000495402 0.0395872 -0.000814851 -0.032454 -0.079104 -0.0730624 -0.00934667
internal_weight=857 689 344 307 109 69 345 198 168 213 157 132 80 129 54 75 76 88 84 56 120 76 57
internal_count=857 689 344 307 109 69 345 198 168 213 157 132 80 129 54 75 76 88 84 56 120 76 57
is_linear=0
shrinkage=0.04


Tree=12
num_leaves=24
num_cat=0
split_feature=9 9 2 8 9 9 7 9 9 9 9 9 5 0 7 5 5 8 0 5 8 8 0
split_gain=406.268 169.915 125.387 75.293 68.922 108.279 45.6504 40.4921 31.5443 25.7296 25.0845 18.9682 16.8522 14.8186 10.4654 10.2538 8.2225 7.43526 3.43279 2.07706 1.7592 1.66229 0.72186
threshold=1.0595368120321338 -0.35148155879157633 1.0000000180025095e-35 -0.63134183865453442 0.45481465310768643 1.0000000180025095e-35 -1.1992766638071075 0.72358005707410744 1.3954935669901598 -0.6874383137496024 -0.082716154825155472 -1.4265431746572599 -0.71349052288507664 -1.0000000180025095e-35 -0.90629464749658817 1.0000000180025095e-35 1.0000000180025095e-35 1.0000000180025095e-35 0.74913504757291582 -0.71349052288507664 -0.63134183865453442 1.0000000180025095e-35 1.0000000180025095e-35
decision_type=2 2 2 2 2 2 2 2 2 2 2 2 2 2 2 2 2 2 2 2 2 2 2
left_child=1 6 -3 4 5 -4 11 10 16 14 -5 13 -10 -1 15 -8 -2 20 21 -13 -11 -12 -16
right_child=8 2 3 7 -6 -7 9 -9 12 17 18 19 -14 -15 22 -17 -18 -19 -20 -21 -22 -23 -24
leaf_value=-0.021756126625883963 0.026320423289485601 0.034826303913786605 -0.051052899155123475 -0.038267669617953533 -0.058196965783834459 0.050461474232375618 -0.00063033044081309752 -0.022420470852677416 0.051891629621386527 -0.0025372550564427532 -0.086270455151796349 -0.02257753920555115 0.088899400403102236 0.014184342675738863 0.036292039006232069 0.029740418122585294 0.050799764547319645 0.016508892255800742 -0.065605550184845929 -0.038073822687710486 -0.016645955798717648 -0.075003765499727287 0.045547918461795359
leaf_weight=31 46 37 29 37 40 40 29 41 35 31 40 25 45 45 26 46 42 27 36 31 26 44 28
leaf_count=31 46 37 29 37 40 40 29 41 35 31 40 25 45 45 26 46 42 27 36 31 26 44 28
internal_value=-0.00124407 -0.0148435 -0.0347364 -0.0431201 -0.0164216 0.00779601 0.00499169 -0.0578178 0.0545298 0.016446 -0.0670617 -0.0134915 0.0727085 -0.000475586 0.0276645 0.0179971 0.0380037 -0.000782258 -0.0759399 -0.0311558 -0.0089728 -0.0803689 0.0410914
internal_weight=857 689 344 307 109 69 345 198 168 213 157 132 80 76 129 75 88 84 120 56 57 84 54
internal_count=857 689 344 307 109 69 345 198 168 213 157 132 80 76 129 75 88 84 120 56 57 84 54
is_linear=0
shrinkage=0.04


Tree=13
num_leaves=27
num_cat=0
split_feature=4 4 7 7 7 8 6 6 7 7 4 7 4 5 7 8 6 4 8 7 4 4 4 6 6 5
split_gain=444.282 193.095 94.9484 61.9117 83.4233 87.1597 88.6286 140.505 45.0195 35.4297 31.896 23.8806 22.5923 10.336 9.86829 9.0261 13.3622 10.4496 6.42598 6.76173 6.15816 11.0887 3.46665 2.96496 2.69845 0.772792
threshold=-0.14765061305399738 2.3127876754130554 1.4375614829875671 1.1445794666770477 -0.32033061487554942 -0.63134183865453442 0.30250609372052223 -0.72069791484163315 -1.1992766638071075 -1.1992766638071075 0.75369806687947738 -0.61331263118606871 1.3505370576462379 1.0000000180025095e-35 0.55861543405600889 1.0000000180025095e-35 0.075127425151154323 0.071596363146036998 1.0000000180025095e-35 -0.90629464749658817 1.0338469809128548 0.38828643987942002 0.42482760257942576 1.0000000180025095e-35 -0.60700858055694906 1.0000000180025095e-35
decision_type=2 2 2 2 2 2 2 2 2 2 2 2 2 2 2 2 2 2 2 2 2 2 2 2 2 2
left_child=3 2 8 4 9 6 7 -6 20 -1 15 18 25 14 23 17 -17 -10 19 -11 21 -2 -19 -7 -15 -12
right_child=1 -3 -4 -5 5 13 -8 -9 10 11 12 -13 -14 24 -16 16 -18 22 -20 -21 -22 -23 -24 -25 -26 -27
leaf_value=-0.043340048403353308 0.00070376862739694528 0.13735349152088167 0.074416290774789395 0.033196138453483584 -0.048865740711872399 -0.068193504951066436 -0.05851117881990614 0.079190803468227391 0.025490745564301809 0.0089837251423761765 0.06575455205440521 -0.022183706071641711 0.015375092719440106 -0.037794543910026554 -0.052572430339528291 0.0047198920271226338 0.041792818461145673 -0.012149898175037269 -0.0017739721139272055 0.037370549592375756 0.0059279730740106774 -0.033707128628607717 0.0060494643800398885 -0.083672293262048197 -0.055874850297612806 0.055808830393105746
leaf_weight=37 29 25 49 25 26 36 42 29 30 29 25 45 27 25 41 28 35 33 27 25 27 31 34 44 28 25
leaf_count=37 29 25 49 25 26 36 42 29 30 29 25 45 27 25 41 28 35 33 27 25 27 31 34 44 28 25
internal_value=-0.0011943 0.0297346 0.0225215 -0.0280128 -0.0315387 -0.0451396 -0.0147572 0.018655 0.0146732 -0.0089261 0.0237071 0.00117959 0.0448599 -0.0620769 -0.0685291 0.0135273 0.025316 0.0058707 0.0141592 0.0221258 -0.00993628 -0.0170752 -0.0029144 -0.0767068 -0.0473464 0.0607817
internal_weight=857 398 373 459 434 271 97 55 324 163 237 126 77 174 121 160 63 97 81 54 87 60 67 80 53 50
internal_count=857 398 373 459 434 271 97 55 324 163 237 126 77 174 121 160 63 97 81 54 87 60 67 80 53 50
is_linear=0
shrinkage=0.04


Tree=14
num_leaves=27
num_cat=0
split_feature=4 4 7 7 7 4 6 6 9 7 4 7 6 0 6 7 9 7 6 9 6 5 0 0 6 4
split_gain=409.451 177.957 87.5044 57.0578 76.8829 48.5648 50.5656 95.8147 42.7357 32.652 27.5661 22.0084 17.1726 16.2301 14.5679 13.8454 13.2549 26.0441 10.6034 8.10293 6.79867 6.03687 5.75015 4.94756 2.01378 1.64354
threshold=-0.14765061305399738 2.3127876754130554 1.4375614829875671 1.1445794666770477 -0.32033061487554942 -0.96373658002079188 0.30250609372052223 -0.15225124341821353 -1.2249691216824441 -1.1992766638071075 0.75369806687947738 -0.61331263118606871 -0.72069791484163315 -1.0000000180025095e-35 0.64357409657457409 0.26563341774548938 1.193919514015344 0.55861543405600889 0.075127425151154323 -1.4265431746572599 -0.94807658341100087 -1.6391460933426945 1.0000000180025095e-35 1.0000000180025095e-35 0.52988476228989012 -1.1220816183874833
decision_type=2 2 2 2 2 2 2 2 2 2 2 2 2 2 2 2 2 2 2 2 2 2 2 2 2 2
left_child=3 2 8 4 9 24 7 13 19 -1 16 22 -12 -7 -14 -8 17 18 -10 21 -15 -2 -11 -20 25 -6
right_child=1 -3 -4 -5 5 6 15 -9 10 11 12 -13 14 20 -16 -17 -18 -19 23 -21 -22 -23 -24 -25 -26 -27
leaf_value=-0.041606445811890269 -0.014413581001758576 0.13185935173034669 0.071439638286828991 0.03186829261481762 -0.082339148795604708 -0.053969349563121799 -0.07548636459010212 0.053015432047843938 0.0040221671387553216 0.0045282493650596195 0.0684123209806589 -0.021296358558866715 0.0064106792628765112 -0.034265574003968922 0.047754395354539153 -0.041110772665690735 0.036471816647437309 -0.02461365477933038 0.017759828019142151 -0.026052140485156666 -0.0058600362204015259 0.013384256207942962 0.026123266158735052 0.042925036740303034 -0.061157737207412723 -0.067975057985347059
leaf_weight=37 25 25 49 25 25 41 38 25 48 47 26 45 25 28 30 37 31 31 25 33 26 25 34 25 25 26
leaf_count=37 25 25 49 25 25 41 38 25 48 47 26 45 25 28 30 37 31 31 25 33 26 25 34 25 25 26
internal_value=-0.00114653 0.0285452 0.0216206 -0.0268923 -0.0302771 -0.043334 -0.0327627 -0.0166596 0.0140863 -0.00856905 0.0226117 0.0011324 0.0416249 -0.0349952 0.0289618 -0.0585277 0.0129862 0.00734234 0.0174509 -0.0106681 -0.0205888 -0.000514662 0.0135928 0.0303424 -0.0704575 -0.0750163
internal_weight=857 398 373 459 434 271 195 120 324 163 241 126 81 95 55 75 160 129 98 83 54 50 81 50 76 51
internal_count=857 398 373 459 434 271 195 120 324 163 241 126 81 95 55 75 160 129 98 83 54 50 81 50 76 51
is_linear=0
shrinkage=0.04


Tree=15
num_leaves=25
num_cat=0
split_feature=4 7 7 7 2 7 8 6 7 6 6 7 4 4 7 7 7 4 4 4 6 6 7 4
split_gain=353.994 139.137 112.905 91.9037 77.9035 44.5066 41.0402 58.4963 32.1894 28.953 20.3564 20.0878 14.278 12.4517 10.5465 9.30145 8.82867 8.24676 7.14493 7.22434 5.6642 9.30062 3.37987 0.00516561
threshold=0.010694425312694102 1.1445794666770477 1.4375614829875671 -0.32033061487554942 1.0000000180025095e-35 -1.1992766638071075 -0.63134183865453442 0.075127425151154323 -1.1992766638071075 -0.94807658341100087 -1.2891445862650526 -0.61331263118606871 1.6672271343796206 1.0338469809128548 1.0000000180025095e-35 1.1445794666770477 -0.61331263118606871 0.32738450204607711 -1.0002777427207976 -0.80539154165410043 -0.83438724912631701 0.30250609372052223 0.55861543405600889 -0.39125836438736888
decision_type=2 2 2 2 2 2 2 2 2 2 2 2 2 2 2 2 2 2 2 2 2 2 2 2
left_child=1 3 4 5 -2 -1 7 9 13 -5 -8 -10 15 -6 -12 17 20 -13 -16 -20 -7 -22 -21 -18
right_child=2 -3 -4 6 8 16 10 -9 11 -11 14 12 -14 -15 18 -17 23 -19 19 22 21 -23 -24 -25
leaf_value=-0.04020089772732361 0.081277984130767089 0.047225108894324581 0.088388685622113813 -0.023713461091885199 -0.02215500214270183 0.027360388825514486 -0.017926852178573611 -0.056185755093650126 0.045295545507450498 0.034416866568238315 -0.038923777460697154 0.015019654396634836 0.042177050662040715 0.010149307947073664 -0.077136020710070932 0.022800666249933696 -0.0081161232471466064 -0.015102356780659069 -0.038212280783515712 -0.070005714020063711 -0.012690508571954875 0.018194921999716035 -0.05283724925480783 -0.0089292644262313845
leaf_weight=46 31 43 47 26 42 28 25 41 49 29 42 26 25 35 36 42 25 33 26 43 26 39 32 25
leaf_count=46 31 43 47 26 42 28 25 41 49 29 42 26 25 35 36 42 25 33 26 43 26 39 32 25
internal_value=-0.00156982 -0.0217584 0.0309766 -0.0278244 0.0214417 -0.00597691 -0.0415883 -0.0200216 0.0140809 0.00693708 -0.0517374 0.0235638 0.0151126 -0.00747122 -0.0564595 0.00841348 0.0050322 -0.00182825 -0.0618354 -0.0563818 0.0123198 0.00584075 -0.0626805 -0.00852269
internal_weight=862 532 330 489 283 189 300 96 252 55 204 175 126 77 179 101 143 59 137 101 93 65 75 50
internal_count=862 532 330 489 283 189 300 96 252 55 204 175 126 77 179 101 143 59 137 101 93 65 75 50
is_linear=0
shrinkage=0.04


Tree=16
num_leaves=26
num_cat=0
split_feature=7 4 7 3 9 7 5 8 6 8 7 6 4 6 9 8 9 9 5 0 4 0 9 4 4
split_gain=327.228 191.66 84.6984 55.5235 41.8729 41.0173 40.793 37.8227 53.9102 27.406 26.9553 26.6831 19.8659 18.7605 16.655 18.848 10.607 8.65673 5.82793 5.22354 5.8103 5.18698 10.5156 6.21753 0.473087
threshold=1.1445794666770477 0.010694425312694102 -0.32033061487554942 1.0000000180025095e-35 1.4626849179817649 -1.1992766638071075 1.0000000180025095e-35 -0.63134183865453442 0.075127425151154323 1.0000000180025095e-35 -0.61331263118606871 -0.94807658341100087 0.64407457877946017 -1.2891445862650526 -1.5609258766404703 1.0000000180025095e-35 -0.082716154825155472 -0.55305561176639195 -0.25066273765626779 1.0000000180025095e-35 -0.51306224005405465 -0.7491350475729156 0.6563887060825021 -0.76885037895409469 0.88768233011283171
decision_type=2 2 2 2 2 2 2 2 2 2 2 2 2 2 2 2 2 2 2 2 2 2 2 2 2
left_child=1 2 5 6 9 -1 14 8 11 18 -8 -4 -6 -9 -3 24 -15 19 -2 20 -7 -18 23 -23 -16
right_child=4 3 7 -5 12 17 10 13 -10 -11 -12 -13 -14 16 15 -17 21 -19 -20 -21 -22 22 -24 -25 -26
leaf_value=-0.038592861800090125 0.029558168528256594 0.020726260670593809 -0.022764923813251348 0.067457100970129816 0.059677017425618518 -0.0098142855724802722 0.054652142420411109 -0.017209777498245239 -0.053938324710172493 0.066344709528817075 0.0095231973197725094 0.033040192291654391 0.1049172110080719 -0.034092902080977663 -0.026359789692438566 0.0086587748868447358 -0.070568126606386769 -0.010177499735078145 0.0027561834335327151 0.022961941014387106 0.014882433508655854 -0.051785894894018407 -0.033627084873873614 -0.075312718879431487 -0.034066321170330045
leaf_weight=46 27 28 26 31 41 27 40 25 41 27 45 29 25 34 26 33 43 43 25 38 35 41 29 32 25
leaf_count=46 27 28 26 31 41 27 40 25 41 27 45 29 25 34 26 33 43 43 25 38 35 41 29 32 25
internal_value=-0.00150703 -0.01259 -0.0267114 0.0176968 0.0532963 -0.00573784 0.00986646 -0.0399248 -0.0192208 0.0336491 0.0307603 0.00665959 0.0768135 -0.0496679 -0.00599052 -0.0148961 -0.0542011 0.00483091 0.0166726 0.0112845 0.00412741 -0.0589162 -0.0540041 -0.062099 -0.0301375
internal_weight=862 717 489 228 145 189 197 300 96 79 85 55 66 204 112 84 179 143 52 100 62 145 102 73 51
internal_count=862 717 489 228 145 189 197 300 96 79 85 55 66 204 112 84 179 143 52 100 62 145 102 73 51
is_linear=0
shrinkage=0.04


Tree=17
num_leaves=26
num_cat=0
split_feature=7 4 7 2 5 7 7 8 6 7 6 4 6 6 0 4 0 7 7 6 7 0 4 4 0
split_gain=301.574 176.634 78.0581 56.3452 38.2889 37.8016 36.0362 34.8574 49.6836 24.842 24.5912 20.3807 17.2896 14.8008 13.6396 12.4966 9.94608 11.4879 8.3408 7.90763 7.57098 6.49611 4.28896 2.6513 0.834661
threshold=1.1445794666770477 0.010694425312694102 -0.32033061487554942 1.0000000180025095e-35 1.0000000180025095e-35 -1.1992766638071075 1.4375614829875671 -0.63134183865453442 0.075127425151154323 -0.61331263118606871 -0.94807658341100087 0.60144322229612024 -1.2891445862650526 0.75726343085925796 -1.0000000180025095e-35 1.0338469809128548 -0.7491350475729156 1.0000000180025095e-35 0.26563341774548938 0.18881675943583826 -0.61331263118606871 1.0000000180025095e-35 -0.51306224005405465 -0.70794844112075184 -1.0000000180025095e-35
decision_type=2 2 2 2 2 2 2 2 2 2 2 2 2 2 2 2 2 2 2 2 2 2 2 2 2
left_child=1 2 5 -3 13 -1 15 8 10 -6 -4 -8 -9 14 -5 -2 23 -18 -19 -20 21 22 -7 -14 -22
right_child=6 3 7 4 9 20 11 12 -10 -11 -12 -13 16 -15 -16 -17 17 18 19 -21 24 -23 -24 -25 -26
leaf_value=-0.037049147026694339 0.017926574415630767 0.068073847090204559 -0.021854326227823129 -0.01670419846068729 0.052466056287288669 -0.0088933722846783123 0.052927024940198124 -0.016521386647224426 -0.051780791402589989 0.0091422693596945864 0.031718585028730588 0.095271176638141761 -0.076271442937850958 -0.029038943069917878 0.016701925943295164 0.053198401674628262 -0.025325764239532873 -0.069290720278566531 -0.031378719737643709 -0.05981121829871474 -0.0027465658187866208 0.024995208763151564 0.012978626841213554 -0.058027542130305212 -0.013082744574546815
leaf_weight=46 45 30 26 33 40 26 44 25 41 45 29 31 25 32 48 25 32 33 34 29 25 35 32 26 25
leaf_count=46 45 30 26 33 40 26 44 25 41 45 29 31 25 32 48 25 32 33 34 29 25 35 32 26 25
internal_value=-0.00144675 -0.0120864 -0.025643 0.0169889 0.00924875 -0.00550832 0.0511645 -0.0383278 -0.0184519 0.0295299 0.00639321 0.0704293 -0.0476812 -0.00600701 0.00309202 0.0305237 -0.0520331 -0.0460814 -0.053 -0.0444667 0.00463768 0.0113862 0.00317394 -0.0669706 -0.00791466
internal_weight=862 717 489 228 198 189 145 300 96 85 55 75 204 113 81 70 179 128 96 63 143 93 58 51 50
internal_count=862 717 489 228 198 189 145 300 96 85 55 75 204 113 81 70 179 128 96 63 143 93 58 51 50
is_linear=0
shrinkage=0.04


Tree=18
num_leaves=26
num_cat=0
split_feature=4 9 9 9 2 9 6 9 0 4 4 6 4 9 5 9 4 4 9 0 4 0 9 5 6
split_gain=277.413 110.918 83.272 67.827 64.3848 28.3707 26.0444 25.1624 26.3212 33.1613 22.4934 19.6522 21.0155 16.5528 15.8154 21.2291 12.3966 10.7347 11.9529 6.5017 6.75257 6.28956 3.74875 14.1221 3.7281
threshold=0.010694425312694102 1.193919514015344 1.3954935669901598 -0.35148155879157633 1.0000000180025095e-35 -1.2249691216824441 0.075127425151154323 1.0000000180025095e-35 -1.0000000180025095e-35 -0.69576805355408322 -0.56178379032072889 -0.72069791484163315 0.80241961714615162 -0.082716154825155472 1.0000000180025095e-35 -0.55305561176639195 0.87550194254616309 -0.58614456545406601 0.3876233021160812 1.0000000180025095e-35 -0.39125836438736888 0.74913504757291582 -0.9562037177160233 1.1378206180301593 0.41619542800520609
decision_type=2 2 2 2 2 2 2 2 2 2 2 2 2 2 2 2 2 2 2 2 2 2 2 2 2
left_child=1 3 4 5 -2 -1 7 -5 9 -9 -10 12 -6 -8 21 -16 -4 18 -15 22 -21 24 -7 -24 -13
right_child=2 -3 16 6 11 19 13 8 10 -11 -12 14 -14 17 15 -17 -18 -19 -20 20 -22 -23 23 -25 -26
leaf_value=-0.033397525736065796 0.072626256109966397 0.045676722602966506 0.054348547935485839 -0.051137692915068735 0.0076513928791572304 -0.016128242987394334 -0.019955503229911513 -0.061678827779696271 0.019343274381102584 -0.0016685852637657753 -0.027675178751901345 -0.021613975563086571 0.055806930763968109 -0.064581619014865477 0.044436985908016084 0.0017944557330709823 0.092084685426491966 -0.076333017534223099 -0.034114041679435311 0.02877926473816236 0.00048961208926306835 0.0099054102553054694 0.021713698983192444 -0.017098148981730146 -0.0035827429246070774
leaf_weight=43 31 39 30 45 29 25 26 34 41 26 27 32 29 38 31 47 26 29 45 27 27 32 30 30 43
leaf_count=43 31 39 30 45 29 25 26 34 41 26 27 32 29 38 31 47 26 29 45 27 27 32 30 30 43
internal_value=-0.00138888 -0.0192608 0.0274228 -0.0243978 0.0183389 -0.00500315 -0.0357477 -0.0254093 -0.0163642 -0.0356744 0.000674183 0.0114134 0.0317292 -0.0487082 0.00504408 0.0187421 0.0718689 -0.055383 -0.0480631 0.00378072 0.0146344 -0.00494142 -0.00311458 0.00230778 -0.0112761
internal_weight=862 532 330 493 274 182 311 173 128 60 68 243 58 138 185 78 56 112 83 139 54 107 85 60 75
internal_count=862 532 330 493 274 182 311 173 128 60 68 243 58 138 185 78 56 112 83 139 54 107 85 60 75
is_linear=0
shrinkage=0.04


Tree=19
num_leaves=26
num_cat=0
split_feature=4 9 9 9 2 9 6 9 0 4 9 6 4 9 5 9 4 4 9 6 0 0 4 4 6
split_gain=255.663 102.222 76.7435 62.5093 59.337 26.1464 24.0026 23.1897 24.2576 30.5615 20.7992 18.1115 19.3679 15.2551 14.5755 19.5647 11.4247 9.89307 11.0158 6.45593 17.3876 5.99196 6.22317 3.60108 5.19201
threshold=0.010694425312694102 1.193919514015344 1.3954935669901598 -0.35148155879157633 1.0000000180025095e-35 -1.2249691216824441 0.075127425151154323 1.0000000180025095e-35 -1.0000000180025095e-35 -0.69576805355408322 0.58919735509089699 -0.72069791484163315 0.80241961714615162 -0.082716154825155472 1.0000000180025095e-35 -0.55305561176639195 0.87550194254616309 -0.58614456545406601 0.3876233021160812 0.87095276514394182 -1.0000000180025095e-35 1.0000000180025095e-35 -0.39125836438736888 -0.31817603898735741 -0.26594057770289742
decision_type=2 2 2 2 2 2 2 2 2 2 2 2 2 2 2 2 2 2 2 2 2 2 2 2 2
left_child=1 3 4 5 -2 -1 7 -5 9 -9 -10 12 -6 -8 19 -16 -4 18 -15 20 -13 23 -23 24 -7
right_child=2 -3 16 6 11 21 13 8 10 -11 -12 14 -14 17 15 -17 -18 -19 -20 -21 -22 22 -24 -25 -26
leaf_value=-0.032061625019062394 0.069721206340097611 0.043849653112582675 0.052174605369567875 -0.049092185113165113 0.0073453378060768394 0.004897829538583756 -0.019157283283196963 -0.05921167526174994 0.017515258608862411 -0.0016018430086282584 -0.028365819597244265 -0.0225824599045104 0.053574655199873034 -0.061998354133745465 0.042659506297880602 0.0017226773373624114 0.088401300798241905 -0.073279696682403833 -0.03274947985013326 -0.019785683121299372 0.016966313680876859 0.027628093902711516 0.00047002876246417014 0.0087569528498819896 -0.01943094912916422
leaf_weight=43 31 39 30 45 29 25 26 34 43 26 25 29 29 38 31 47 26 29 45 32 46 27 27 28 32
leaf_count=43 31 39 30 45 29 25 26 34 43 26 25 29 29 38 31 47 26 29 45 32 46 27 27 28 32
internal_value=-0.00133332 -0.0184903 0.0263259 -0.0234219 0.0176053 -0.00480302 -0.0343178 -0.024393 -0.0157096 -0.0342474 0.000647215 0.0109568 0.03046 -0.0467599 0.00484231 0.0179924 0.0689941 -0.0531676 -0.0461405 -0.00474376 0.00167412 0.00362949 0.0140491 -0.00299 -0.00876043
internal_weight=862 532 330 493 274 182 311 173 128 60 68 243 58 138 185 78 56 112 83 107 75 139 54 85 57
internal_count=862 532 330 493 274 182 311 173 128 60 68 243 58 138 185 78 56 112 83 107 75 139 54 85 57
is_linear=0
shrinkage=0.04


Tree=20
num_leaves=26
num_cat=0
split_feature=2 9 4 9 5 6 6 9 9 6 6 5 6 0 9 9 6 5 9 9 5 4 6 9 4
split_gain=216.089 160.9 82.6021 33.2223 30.0872 27.1699 36.9964 25.7446 26.7325 19.9029 36.1001 80.7427 36.0812 17.7937 18.3926 11.4507 10.8627 10.5369 8.93816 13.6195 8.80788 7.93366 4.98906 4.51607 0.55635
threshold=-2.9592882694284057 1.2611108650069494 -0.34253681412069453 -0.62024696275799729 -0.25066273765626779 -0.72069791484163315 -0.94807658341100087 -0.21709885680836591 -0.82182101573281285 -1.1754552519803687 0.18881675943583826 -0.25066273765626779 -0.37962991198758139 -0.7491350475729156 1.4626849179817649 -1.5609258766404703 0.75726343085925796 1.0000000180025095e-35 -0.082716154825155472 0.18604924914126547 -0.25066273765626779 0.5709922533794487 0.18881675943583826 0.051666547158054986 0.26648256421273425
decision_type=2 2 2 2 2 2 2 2 2 2 2 2 2 2 2 2 2 2 2 2 2 2 2 2 2
left_child=-1 2 3 4 -2 6 17 8 15 -5 11 -11 23 -3 -15 -7 -10 -4 -12 -20 -21 -9 -17 -13 -24
right_child=1 13 5 9 -6 7 -8 21 16 10 18 12 -14 14 -16 22 -18 -19 19 20 -22 -23 24 -25 -26
leaf_value=0.10871775158520404 -0.028355161935994119 0.066259563654003775 0.021822421647781552 -0.055198207926459429 0.022421731461965761 0.016903029966812869 0.063751574838161476 -0.036904090663625135 0.043786167860031124 0.04497563499957323 -0.021818707873744351 -0.038080138587951659 0.0031445294979846839 0.010604479600571924 0.049567577810514546 -0.027256560841841356 0.0094544223875835023 -0.0068891079685626886 -0.071136134702425732 -0.022866359747507992 -0.052602562407652542 -0.0092981822211896225 -0.0026413363111870629 -0.061673517094718085 -0.010481195146838825
leaf_weight=29 33 34 43 41 43 26 25 36 30 32 31 25 33 36 42 28 29 39 26 34 30 31 28 27 30
leaf_count=29 33 34 43 41 43 26 25 36 30 32 31 25 33 36 42 28 29 39 26 34 30 31 28 27 30
internal_value=0.00142833 -0.00240343 -0.00952573 -0.0230714 0.00037387 0.00441262 0.021154 -0.00311397 0.00512085 -0.029458 -0.0250237 -0.00918118 -0.0295696 0.0421109 0.0315846 -0.00635802 0.0269112 0.00816694 -0.0403426 -0.046723 -0.0368052 -0.0241312 -0.0133904 -0.0503305 -0.00669644
internal_weight=841 812 700 355 76 345 107 238 171 279 238 117 85 112 78 112 59 82 121 90 64 67 86 52 58
internal_count=841 812 700 355 76 345 107 238 171 279 238 117 85 112 78 112 59 82 121 90 64 67 86 52 58
is_linear=0
shrinkage=0.04


Tree=21
num_leaves=25
num_cat=0
split_feature=7 2 7 0 4 9 9 4 4 9 0 4 4 4 9 9 0 7 5 0 4 9 4 4
split_gain=206.672 112.528 81.4805 42.6206 29.8946 23.8228 39.9824 36.6134 30.4635 20.869 18.6035 18.2207 36.7181 18.1505 23.3753 18.3225 21.7321 15.0256 25.4863 5.46938 11.9309 4.03311 3.52534 2.13678
threshold=1.1445794666770477 -1.6916913147484629 -0.32033061487554942 -0.7491350475729156 -0.69576805355408322 1.0000000180025095e-35 0.45481465310768643 -0.51306224005405465 -0.11110945035399165 1.4626849179817649 -0.7491350475729156 -1.1342620059541517 -0.93937580488745476 -0.33035642655402603 -1.2249691216824441 -1.4265431746572599 -1.0000000180025095e-35 -0.61331263118606871 -0.25066273765626779 -0.7491350475729156 0.19340023881272278 0.99234546104052834 -0.12328983792066023 0.79023922957948312
decision_type=2 2 2 2 2 2 2 2 2 2 2 2 2 2 2 2 2 2 2 2 2 2 2 2
left_child=1 -1 13 -2 10 -6 7 -7 -8 23 -4 -12 -13 17 15 16 -15 18 -3 -16 22 -10 -21 -5
right_child=3 2 4 9 5 6 8 -9 21 -11 11 12 -14 14 19 -17 -18 -19 -20 20 -22 -23 -24 -25
leaf_value=0.072541108087257097 0.080498388206586252 -0.026540372788029561 -0.059435692202713754 0.0093750192541064634 -0.043484411696978247 0.056313000357151033 -0.049940293697934408 -0.010865443541357916 0.0060401861658019411 0.052830012925835543 -0.052968559335259825 0.018446683223758423 -0.039894654386573365 -0.016205317920872146 0.035946146780925413 -0.025163188807484582 0.032048605401068929 -0.031702377455575123 0.019130611785930462 0.018329212284088136 9.5290318131446836e-05 -0.015322200142993377 0.039174619482623206 0.024878435796499253
leaf_weight=27 40 34 45 33 35 25 38 27 31 43 34 28 45 28 31 41 32 35 46 25 40 26 27 25
leaf_count=27 40 34 45 33 35 25 38 27 31 43 34 28 45 28 31 41 32 35 46 25 40 26 27 25
internal_value=0.0013712 -0.00752826 -0.0107406 0.0455529 -0.0247624 -0.0138261 -0.00676466 0.0214319 -0.0221986 0.0317131 -0.0378572 -0.0287821 -0.0175172 0.0030745 0.00970626 -0.00455331 0.00953011 -0.00984302 -0.000279557 0.0214153 0.0165191 -0.00370406 0.0291528 0.0160575
internal_weight=841 700 673 141 334 182 147 52 95 101 152 107 73 339 224 101 60 115 80 123 92 57 52 58
internal_count=841 700 673 141 334 182 147 52 95 101 152 107 73 339 224 101 60 115 80 123 92 57 52 58
is_linear=0
shrinkage=0.04


Tree=22
num_leaves=25
num_cat=0
split_feature=7 2 7 0 6 4 6 9 0 9 4 9 9 0 4 7 4 4 9 7 4 4 4 4
split_gain=190.469 103.706 75.0924 39.2791 29.9463 52.6477 31.0881 19.2328 16.866 16.7322 22.005 24.5919 14.8138 14.9736 14.0776 14.6225 8.52916 14.8306 7.16615 3.81095 1.96926 1.16866 2.38139 0.809295
threshold=1.1445794666770477 -1.6916913147484629 -0.32033061487554942 -0.7491350475729156 0.18881675943583826 -0.69576805355408322 -0.26594057770289742 1.4626849179817649 -1.0000000180025095e-35 -1.2249691216824441 -0.22073293845400885 -0.6874383137496024 -1.4265431746572599 -1.0000000180025095e-35 0.21167082016272562 0.26563341774548938 0.10813752584604273 0.49790992797943717 0.18604924914126547 -0.90629464749658817 0.79023922957948312 -0.65922689085407749 -0.17201138818733452 0.38828643987942002
decision_type=2 2 2 2 2 2 2 2 2 2 2 2 2 2 2 2 2 2 2 2 2 2 2 2
left_child=1 -1 9 -2 5 8 14 20 -4 12 11 19 13 -3 15 -7 -12 -18 -6 -11 -5 -20 -23 -14
right_child=3 2 4 7 18 6 -8 -9 -10 10 16 -13 23 -15 -16 -17 17 -19 21 -21 -22 22 -24 -25
leaf_value=0.069639463711667945 0.077278453022241594 -0.018021558905020357 -0.057053061504113052 0.0090000184918894912 -0.050743946216028672 0.00013218762477238972 0.041138897314667702 0.050716811806656596 -0.021042081545228544 0.0046208712731798489 0.035368094520365941 -0.024649888695554529 -0.020107432051941203 0.017939195735380054 0.017203424084186555 -0.040852066668180323 -0.0047775532568202304 0.03535428296058224 -0.026833348467946053 0.025335242406085687 0.023883298587799074 -0.044448209896683695 -0.02698918828070164 -0.030095079016685487
leaf_weight=27 40 32 38 33 46 30 28 43 46 30 47 47 27 44 25 26 34 26 45 27 25 25 25 25
leaf_count=27 40 32 38 33 46 30 28 43 46 30 47 47 27 44 25 26 34 26 45 27 25 25 25 25
internal_value=0.00131635 -0.00722713 -0.0103109 0.0437308 -0.0237719 -0.0135345 0.00480538 0.0304446 -0.0373328 0.00295152 0.00987302 -0.00322949 -0.00845815 0.00279783 -0.00775435 -0.0188962 0.0226082 0.0126129 -0.0377848 0.0144329 0.0154152 -0.0315098 -0.0357187 -0.0249092
internal_weight=841 700 673 141 334 193 109 101 84 339 211 104 128 76 81 56 107 60 141 57 58 95 50 52
internal_count=841 700 673 141 334 193 109 101 84 339 211 104 128 76 81 56 107 60 141 57 58 95 50 52
is_linear=0
shrinkage=0.04


Tree=23
num_leaves=26
num_cat=0
split_feature=2 9 4 9 9 9 6 6 9 9 6 6 0 9 6 5 5 0 6 9 4 9 6 0 4
split_gain=178.859 122.411 64.4767 25.7079 89.269 46.5154 23.7536 34.4858 21.1737 22.6009 18.7808 60.3074 13.0665 14.4216 12.9649 13.5495 9.9905 9.96389 9.84011 9.60676 6.98919 5.65288 4.45176 1.43194 0.448113
threshold=-2.9592882694284057 1.2611108650069494 -0.34253681412069453 0.45481465310768643 0.32043195112447598 0.11885789814966023 -0.72069791484163315 -0.94807658341100087 -0.21709885680836591 -0.82182101573281285 -1.2891445862650526 -0.83438724912631701 -0.7491350475729156 1.4626849179817649 -0.15225124341821353 -0.25066273765626779 1.0000000180025095e-35 -0.7491350475729156 0.75726343085925796 -1.5609258766404703 0.5709922533794487 0.79077140806571256 0.18881675943583826 -1.0000000180025095e-35 0.26648256421273425
decision_type=2 2 2 2 2 2 2 2 2 2 2 2 2 2 2 2 2 2 2 2 2 2 2 2 2
left_child=-1 2 3 4 5 10 7 16 9 19 -2 -12 -3 -14 -13 -16 -4 -17 -11 -8 -10 23 -21 -5 -24
right_child=1 12 6 21 -6 -7 8 -9 20 18 11 14 13 -15 15 17 -18 -19 -20 22 -22 -23 24 -25 -26
leaf_value=0.098874223314482604 -0.043904843603571254 0.057298106123857641 0.020291408633076866 -0.054251223979172883 0.053091710076800414 -0.061757721696048977 0.015061788203624579 0.060660181698203086 -0.034206518725388581 0.040407242635885875 0.037350422067301617 -0.038731168204027673 0.0090063797599739502 0.043507855477787204 -0.036927245317233938 -0.023051587337484726 -0.0076658161290180998 0.0083157746303220131 0.007731432770860607 -0.025783773006073069 -0.0082958511503473404 -0.025035958519348731 -0.0027229662133114682 -0.041223879787656993 -0.0097590021441380185
leaf_weight=29 30 34 43 27 28 40 26 25 36 30 35 46 36 42 27 26 39 43 29 28 31 26 28 27 30
leaf_count=29 30 34 43 27 28 40 26 25 36 30 35 46 36 42 27 26 39 43 29 28 31 26 28 27 30
internal_value=0.0012637 -0.00222239 -0.00843468 -0.0204023 -0.0145966 -0.0222697 0.00387982 0.0195333 -0.00315769 0.00431039 -0.0146392 -0.00967891 0.0366044 0.0275841 -0.0212707 -0.0129042 0.00699468 -0.00350381 0.0243463 -0.00624422 -0.022218 -0.0403595 -0.0126856 -0.0477376 -0.0063623
internal_weight=841 812 700 355 275 247 345 107 238 171 207 177 112 78 142 96 82 69 59 112 67 80 86 54 58
internal_count=841 812 700 355 275 247 345 107 238 171 207 177 112 78 142 96 82 69 59 112 67 80 86 54 58
is_linear=0
shrinkage=0.04


Tree=24
num_leaves=25
num_cat=0
split_feature=7 3 7 8 9 9 0 9 9 9 7 6 9 9 0 7 9 5 8 6 6 6 6 6
split_gain=164.794 58.1959 72.8446 54.0141 70.7871 138.14 34.2648 22.9437 16.1709 14.1126 19.1434 14.1823 19.2312 14.0966 13.0578 6.49042 9.72254 3.3389 3.12271 2.17004 1.9105 1.53398 0.370401 0.332953
threshold=1.1445794666770477 1.0000000180025095e-35 -0.32033061487554942 -0.63134183865453442 0.45481465310768643 1.0000000180025095e-35 -0.7491350475729156 0.92515411004892301 1.4626849179817649 -1.2249691216824441 -0.61331263118606871 -0.83438724912631701 -0.75462966474120774 -1.4265431746572599 -1.0000000180025095e-35 1.0000000180025095e-35 0.18604924914126547 -0.25066273765626779 -0.63134183865453442 -0.26594057770289742 0.64357409657457409 -0.37962991198758139 1.0000000180025095e-35 0.075127425151154323
decision_type=2 2 2 2 2 2 2 2 2 2 2 2 2 2 2 2 2 2 2 2 2 2 2 2
left_child=1 2 9 4 5 -4 -2 15 21 13 11 -11 20 14 -1 -5 -17 -18 -12 -19 -13 -8 -15 -20
right_child=6 -3 3 7 -6 -7 8 -9 -10 10 18 12 -14 22 -16 16 17 19 23 -21 -22 -23 -24 -25
leaf_value=-0.015947443342977954 0.071998681902885442 0.035305055086405905 -0.04008085933327675 -0.028647353023290637 -0.042459453533335426 0.074740103259682653 0.021445412635803223 -0.0057406960049753673 0.046844818813856257 0.0396339231487867 0.0049530905141280243 -0.0066723950818271894 0.037697334515637365 -0.026884659689206343 0.018278155958368666 -0.063922279212209915 -0.02944440713412512 -0.053225451111793519 -0.015225578592373775 -0.037613636137082657 0.0071885185746046213 0.0084040897027138749 -0.02013278303238062 -0.0088241063860746531
leaf_weight=31 40 49 30 45 41 38 27 34 43 37 26 41 29 26 42 36 34 28 26 29 26 31 26 26
leaf_count=31 40 49 30 45 41 38 27 34 43 37 26 41 29 26 42 36 34 28 26 29 26 31 26 26
internal_value=0.00121315 -0.00673367 -0.00989787 -0.0237171 -0.000946233 0.0240838 0.0406654 -0.0357657 0.0282562 0.00305761 0.0093673 0.0185941 0.010485 -0.00759313 0.003744 -0.0417009 -0.0463261 -0.039365 -0.00636553 -0.0452826 -0.00129353 0.0144751 -0.0235087 -0.0120248
internal_weight=841 700 651 315 109 68 141 206 101 336 211 133 96 125 73 172 127 91 78 57 67 58 52 52
internal_count=841 700 651 315 109 68 141 206 101 336 211 133 96 125 73 172 127 91 78 57 67 58 52 52
is_linear=0
shrinkage=0.04


Tree=25
num_leaves=26
num_cat=0
split_feature=9 9 2 8 9 9 7 9 0 6 9 6 7 0 6 7 6 6 6 9 8 6 0 7 8
split_gain=199.811 43.4285 54.7226 38.8438 45.4414 85.8897 28.1738 21.6816 18.8604 18.2867 12.8938 12.0134 11.6924 20.925 10.803 10.497 10.0563 8.91052 21.6499 12.9151 6.72637 8.21672 5.91279 5.51884 2.76858
threshold=1.0595368120321338 -0.55305561176639195 1.0000000180025095e-35 -0.63134183865453442 0.45481465310768643 1.0000000180025095e-35 0.85159745036652823 -0.28429020779997111 0.74913504757291582 -0.83438724912631701 -0.9562037177160233 -0.15225124341821353 -1.1992766638071075 -1.0000000180025095e-35 0.64357409657457409 1.0000000180025095e-35 -0.83438724912631701 1.2120207679979937 0.75726343085925796 1.5298762689733703 1.0000000180025095e-35 -0.15225124341821353 -1.0000000180025095e-35 0.26563341774548938 1.0000000180025095e-35
decision_type=2 2 2 2 2 2 2 2 2 2 2 2 2 2 2 2 2 2 2 2 2 2 2 2 2
left_child=1 8 -3 4 5 7 14 -4 12 -2 11 -10 20 16 22 -16 -14 18 19 -11 21 -1 24 -24 -5
right_child=9 2 3 6 -6 -7 -8 -9 10 17 -12 -13 13 -15 15 -17 -18 -19 -20 -21 -22 -23 23 -25 -26
leaf_value=-0.0039414522903306144 0.061685119759897857 0.028532779981431208 0.005345059896890934 -0.043696511849280334 -0.03938804349303246 0.060566566062825067 0.0061004920780292852 -0.046312479101694545 0.028666887647646945 0.011790966391563415 0.041939816651520904 -0.0088773781644801292 0.039675915101170543 -0.014935535951517523 -0.0058200748662153882 -0.037857182443969781 0.0081579394460372309 0.012909739190532316 0.065348992962991043 0.046174055214585924 0.00059419871945130202 -0.032342559634110868 -0.044142725604275866 -0.022490819558020562 -0.060601813533613762
leaf_weight=28 43 38 26 31 40 35 28 26 25 44 27 30 25 48 30 36 46 31 31 29 38 39 48 31 31
leaf_count=28 43 38 26 31 40 35 28 26 25 44 27 30 25 48 30 36 46 31 31 29 38 39 48 31 31
internal_value=0.00109458 -0.00845428 -0.0171314 -0.0219249 -0.00410114 0.0121227 -0.0315573 -0.0204837 0.00288837 0.0389682 0.0193015 0.0081882 -0.00312002 0.00546435 -0.0366511 -0.0232949 0.0192558 0.0317324 0.037343 0.02545 -0.012849 -0.0204734 -0.0429029 -0.0356464 -0.0521492
internal_weight=884 706 400 362 127 87 235 52 306 178 82 55 224 119 207 66 71 135 104 73 105 67 141 79 62
internal_count=884 706 400 362 127 87 235 52 306 178 82 55 224 119 207 66 71 135 104 73 105 67 141 79 62
is_linear=0
shrinkage=0.04


Tree=26
num_leaves=26
num_cat=0
split_feature=4 4 7 4 1 6 9 9 9 9 6 6 6 9 9 9 9 6 4 8 9 6 4 7 4
split_gain=207.417 119.183 55.8966 29.7376 25.9139 23.4464 21.1985 37.2587 24.7533 20.2434 17.3565 19.6896 12.9833 10.0592 13.6153 9.67524 8.69775 7.21006 5.86262 3.64426 10.2875 2.99062 2.65449 2.50425 1.63011
threshold=2.3127876754130554 -0.37907797682070027 1.1445794666770477 1.0216665933461864 1.0000000180025095e-35 -0.83438724912631701 0.32043195112447598 0.58919735509089699 0.11885789814966023 -1.2249691216824441 -0.83438724912631701 -1.2891445862650526 1.0000000180025095e-35 -0.48586426077478684 -0.82182101573281285 0.79077140806571256 -1.0233950687076285 1.0000000180025095e-35 -0.11110945035399165 1.0000000180025095e-35 -1.157777770690839 -0.15225124341821353 -0.70794844112075184 -0.32033061487554942 0.72933729174614026
decision_type=2 2 2 2 2 2 2 2 2 2 2 2 2 2 2 2 2 2 2 2 2 2 2 2 2
left_child=1 6 3 4 13 -4 8 -8 10 -5 11 -1 23 14 19 -9 -6 -7 -15 20 -3 -18 -14 -12 -19
right_child=-2 2 5 9 16 17 7 15 -10 -11 12 -13 22 18 -16 -17 21 24 -20 -21 -22 -23 -24 -25 -26
leaf_value=-0.025935193335308748 0.099443746389764734 -0.033452104693278674 0.062132332686221967 0.0015379500389099121 -0.0026611316444412354 0.0058856793812343058 0.023886052171389262 -0.038163559238115943 -0.055310879393321716 0.044221761340275403 -0.035710098952054979 0.017437848484877387 -0.012152776850387455 -0.032709390622813528 0.016752964589330885 -0.0090362582255054166 0.034009610605239868 0.03641549932234215 -0.011568690233452375 -0.00069520952446120127 0.00042192680331376879 0.01578503239680739 -0.026468886003862026 -0.053127682698624473 0.023532366901636126
leaf_weight=34 33 32 33 32 31 28 42 36 41 40 25 33 40 41 36 37 25 33 43 28 26 34 43 28 30
leaf_count=34 33 32 33 32 31 28 42 36 41 40 25 33 40 41 36 37 25 33 43 28 26 34 43 28 30
internal_value=0.0010508 -0.00276467 0.0100223 0.00219599 -0.00341202 0.0332488 -0.0202889 -0.00613057 -0.0269619 0.0252512 -0.0212362 -0.00457235 -0.0294456 -0.0112349 -0.00390046 -0.0234004 0.0144937 0.0227745 -0.0218874 -0.0125461 -0.0182672 0.0235073 -0.0195696 -0.0449118 0.0302807
internal_weight=884 851 492 368 296 124 359 115 244 72 203 67 136 206 122 73 90 91 84 86 58 59 83 53 63
internal_count=884 851 492 368 296 124 359 115 244 72 203 67 136 206 122 73 90 91 84 86 58 59 83 53 63
is_linear=0
shrinkage=0.04


Tree=27
num_leaves=26
num_cat=0
split_feature=4 4 7 4 1 6 9 9 9 6 6 6 6 9 9 9 9 6 4 8 9 6 4 7 4
split_gain=191.156 109.839 51.5143 27.4062 23.8822 21.6082 19.5366 34.3376 22.8127 18.8088 15.9958 18.146 11.9655 9.27059 12.5479 8.9167 8.01585 6.64479 5.40299 3.35855 9.48094 2.75616 2.44637 2.30792 1.50231
threshold=2.3127876754130554 -0.37907797682070027 1.1445794666770477 1.0216665933461864 1.0000000180025095e-35 -0.83438724912631701 0.32043195112447598 0.58919735509089699 0.11885789814966023 0.30250609372052223 -0.83438724912631701 -1.2891445862650526 1.0000000180025095e-35 -0.48586426077478684 -0.82182101573281285 0.79077140806571256 -1.0233950687076285 1.0000000180025095e-35 -0.11110945035399165 1.0000000180025095e-35 -1.157777770690839 -0.15225124341821353 -0.70794844112075184 -0.32033061487554942 0.72933729174614026
decision_type=2 2 2 2 2 2 2 2 2 2 2 2 2 2 2 2 2 2 2 2 2 2 2 2 2
left_child=1 6 3 4 13 -4 8 -8 10 -5 11 -1 23 14 19 -9 -6 -7 -15 20 -3 -18 -14 -12 -19
right_child=-2 2 5 9 16 17 7 15 -10 -11 12 -13 22 18 -16 -17 21 24 -20 -21 -22 -23 -24 -25 -26
leaf_value=-0.02489778547821676 0.095465998179984815 -0.032114020730368793 0.0596470393556537 0.0069624411350204833 -0.0025546859300905663 0.0056502518057823178 0.022930610674832548 -0.036637016865942215 -0.053098443993707986 0.048431296249230704 -0.034281694903969762 0.016740334593888486 -0.01166666585020721 -0.031401014749596765 0.016082845793830024 -0.0086748079270929906 0.03264922556877136 0.034958879712856182 -0.011105943426143293 -0.00066740104130336229 0.00040504972522075361 0.015153630866723902 -0.025410130668518157 -0.051002574743969104 0.022591072777907055
leaf_weight=34 33 32 33 42 31 28 42 36 41 30 25 33 40 41 36 37 25 33 43 28 26 34 43 28 30
leaf_count=34 33 32 33 42 31 28 42 36 41 30 25 33 40 41 36 37 25 33 43 28 26 34 43 28 30
internal_value=0.00100877 -0.00265408 0.00962141 0.00210815 -0.00327554 0.0319188 -0.0194773 -0.00588535 -0.0258834 0.0242411 -0.0203868 -0.00438946 -0.0282678 -0.0107855 -0.00374444 -0.0224644 0.013914 0.0218635 -0.0210119 -0.0120442 -0.0175365 0.022567 -0.0187868 -0.0431154 0.0290694
internal_weight=884 851 492 368 296 124 359 115 244 72 203 67 136 206 122 73 90 91 84 86 58 59 83 53 63
internal_count=884 851 492 368 296 124 359 115 244 72 203 67 136 206 122 73 90 91 84 86 58 59 83 53 63
is_linear=0
shrinkage=0.04


Tree=28
num_leaves=27
num_cat=0
split_feature=2 7 9 0 9 9 9 9 7 6 0 5 9 0 5 5 9 9 5 5 6 0 9 9 6 6
split_gain=178.56 124.342 43.4853 17.0992 13.1826 51.5114 23.9063 19.9227 19.4487 18.4437 12.4481 11.1979 10.8691 14.2739 10.9907 11.2966 9.97809 7.5059 7.04977 7.45963 6.91479 5.15551 3.17494 2.86844 0.981603 0.214219
threshold=-2.9592882694284057 1.1445794666770477 -0.55305561176639195 0.74913504757291582 0.32043195112447598 0.45481465310768643 0.11885789814966023 1.0000000180025095e-35 0.85159745036652823 0.64357409657457409 -0.7491350475729156 -0.71349052288507664 -1.157777770690839 -1.0000000180025095e-35 -0.71349052288507664 -1.6391460933426945 -0.41867290978318161 -0.82182101573281285 1.0000000180025095e-35 -0.71349052288507664 -0.15225124341821353 1.0000000180025095e-35 0.6563887060825021 -0.9562037177160233 -0.37962991198758139 0.52988476228989012
decision_type=2 2 2 2 2 2 2 2 2 2 2 2 2 2 2 2 2 2 2 2 2 2 2 2 2 2
left_child=-1 2 3 12 6 -6 7 9 22 16 -3 -5 14 17 15 -2 -4 -14 19 -12 -21 -10 -7 -13 -18 -8
right_child=1 10 4 11 5 8 25 -9 21 -11 18 23 13 -15 -16 -17 24 -19 -20 20 -22 -23 -24 -25 -26 -27
leaf_value=0.088219922582308444 -0.018920984223887726 0.048893563023635317 -0.018858374306133817 -0.002014432760576407 0.03835533742246957 -0.023576175786795155 -0.046760931277275083 0.010524777368409559 0.0047609982555732134 -0.0046089069277513777 0.011759608789848594 0.019109525108337404 0.028693289492984077 -0.012604042372920296 -0.029661919862031937 0.0127794229388237 -0.05172055270936754 0.00095571074220869275 0.0059501736078943525 0.022627337741851807 0.051569997710841038 -0.016779561946168541 -0.039998691780492666 0.038085809487562912 -0.040831318726906415 -0.051997348825633526
leaf_weight=36 37 42 35 30 29 31 25 32 40 48 26 25 37 44 40 35 27 27 28 25 28 32 48 26 26 25
leaf_count=36 37 42 35 30 29 31 25 32 40 48 26 25 37 44 40 35 27 27 28 25 28 32 48 26 26 25
internal_value=0.000968418 -0.00273565 -0.00980739 0.00166492 -0.0184837 -0.0104722 -0.0250986 -0.0178723 -0.0198497 -0.024554 0.0304398 0.017377 -0.00411998 0.00493406 -0.0128507 -0.00351106 -0.0354331 0.0169915 0.0231962 0.0293088 0.0379178 -0.00481258 -0.0335544 0.0287837 -0.0463787 -0.0493791
internal_weight=884 848 699 301 398 180 218 168 151 136 149 81 220 108 112 72 88 64 107 79 53 72 79 51 53 50
internal_count=884 848 699 301 398 180 218 168 151 136 149 81 220 108 112 72 88 64 107 79 53 72 79 51 53 50
is_linear=0
shrinkage=0.04


Tree=29
num_leaves=27
num_cat=0
split_feature=4 4 7 4 0 9 9 9 9 0 4 0 7 9 7 9 9 4 4 4 0 8 0 0 4 9
split_gain=172.555 95.0861 43.4803 25.4502 21.2243 18.0623 17.1598 29.6848 18.936 11.085 9.6075 10.4164 9.52842 10.1796 9.23172 7.52177 7.32098 6.35477 7.74423 9.21307 5.13572 2.63004 13.7475 2.22482 1.38903 0.0595564
threshold=2.3127876754130554 -0.37907797682070027 1.1445794666770477 1.0216665933461864 0.74913504757291582 -1.2249691216824441 0.32043195112447598 0.58919735509089699 0.11885789814966023 -1.2485584126215259 -0.96373658002079188 1.0000000180025095e-35 -0.61331263118606871 -1.0233950687076285 -0.32033061487554942 0.79077140806571256 -1.0233950687076285 1.2165527944128833 0.66843535391279729 0.15685907611271704 1.2485584126215263 -0.63134183865453442 -1.0000000180025095e-35 -1.0000000180025095e-35 -0.63486611572074036 0.6563887060825021
decision_type=2 2 2 2 2 2 2 2 2 2 2 2 2 2 2 2 2 2 2 2 2 2 2 2 2 2
left_child=1 6 3 4 9 -5 8 -8 10 -3 11 -1 13 -12 21 -9 -6 18 19 -4 -18 -11 -23 -14 -25 -16
right_child=-2 2 17 5 16 -7 7 15 -10 14 12 -13 23 -15 25 -17 20 -19 -20 -21 -22 22 -24 24 -26 -27
leaf_value=-0.02201815546623298 0.090673616925875347 0.007251594059997135 0.043405870688813068 0.00089763001073151828 -0.0027535154045589512 0.041216396737843754 0.021327910764763751 -0.033896525734000739 -0.049001895138403272 -0.00041047540994790883 -0.028549124716914127 0.012802682267846886 -0.039359760851394844 0.0055593258874224762 -0.030856771981716158 -0.008214502849087521 0.032470508453346071 0.011336340665817261 0.049727891828074605 0.013167154671330202 0.0088370847489152634 0.0046630487867764065 -0.030307505493228502 -0.033318090094969818 -0.020112889607623221 -0.028095755302906037
leaf_weight=28 33 45 28 32 31 40 42 36 41 39 28 27 41 28 25 37 31 25 33 38 28 35 37 26 25 25
leaf_count=28 33 45 28 32 31 40 42 36 41 39 28 27 41 28 25 37 31 25 33 38 28 35 37 26 25 25
internal_value=0.000929682 -0.0025504 0.00887097 0.00196841 -0.00321961 0.0232969 -0.0182031 -0.00546469 -0.0242068 -0.0102994 -0.019199 -0.00492429 -0.0245038 -0.0114949 -0.0152049 -0.0208796 0.0129852 0.029356 0.0339064 0.0259957 0.0212546 -0.00877639 -0.0133079 -0.0324222 -0.026845 -0.0294763
internal_weight=884 851 492 368 296 72 359 115 244 206 203 55 148 56 161 73 90 124 99 66 59 111 72 92 51 50
internal_count=884 851 492 368 296 72 359 115 244 206 203 55 148 56 161 73 90 124 99 66 59 111 72 92 51 50
is_linear=0
shrinkage=0.04


Tree=30
num_leaves=27
num_cat=0
split_feature=4 4 9 8 6 9 7 9 6 4 4 6 8 9 7 9 4 9 9 4 6 7 6 9 4 6
split_gain=187.34 77.0842 39.7029 35.3654 37.8619 51.6154 23.9638 21.2726 19.7853 14.7527 18.8677 29.4122 11.7805 9.86215 9.64939 9.14486 9.12266 9.11896 12.0027 8.38632 5.50653 4.5089 4.30391 3.81389 3.30237 2.74633
threshold=2.5015836826964182 1.0000000180025095e-35 1.193919514015344 -0.63134183865453442 0.18881675943583826 1.0000000180025095e-35 -1.1992766638071075 -0.082716154825155472 0.30250609372052223 1.2470037633295548 0.48572954041276867 -0.83438724912631701 1.0000000180025095e-35 -0.62024696275799729 -0.32033061487554942 0.18604924914126547 -1.012458130287466 -1.157777770690839 -0.55305561176639195 -0.59832495302073463 0.75726343085925796 0.55861543405600889 -0.49331924627226525 -1.5609258766404703 -0.34253681412069453 1.2120207679979937
decision_type=2 2 2 2 2 2 2 2 2 2 2 2 2 2 2 2 2 2 2 2 2 2 2 2 2 2
left_child=1 2 3 4 5 13 23 17 9 10 22 -12 25 -1 -6 -9 -17 -5 24 -20 21 -18 -8 -3 -19 -10
right_child=-2 6 -4 7 14 -7 8 15 12 -11 11 -13 -14 -15 -16 16 20 18 19 -21 -22 -23 -24 -25 -26 -27
leaf_value=0.0043946880996227266 0.10409103526518894 0.0022240051406401179 0.025940402704808446 -0.035390484485903692 -0.0064925186359323563 0.046398328772291199 -0.014053813461214305 -0.051276008847423581 0.024250003688557203 -0.02196151728630066 0.060795196174085138 0.0036419939162100064 0.044204036004013486 -0.031134955501556396 -0.036807359875667668 -0.051157463157176973 -0.02780492209430252 0.0094056839437076916 -0.0086157004322324482 -0.036722352897579018 -0.037089586941874586 -0.0053011925467129411 0.0076312444165900911 -0.016567953169966738 -0.0093132503986358642 0.007973203466584285
leaf_weight=25 26 27 36 29 28 43 32 44 43 25 25 34 45 25 42 25 28 38 35 33 32 29 27 48 25 27
leaf_count=25 26 27 36 29 28 43 32 44 43 25 25 34 45 25 42 25 28 38 35 33 32 29 27 48 25 27
internal_value=-0.00167491 -0.0049101 -0.0145775 -0.01761 -0.0024606 0.0142647 0.0100991 -0.0253753 0.0158845 0.00595099 0.0118647 0.0278595 0.0282366 -0.0133701 -0.0246814 -0.0357862 -0.0298077 -0.0150945 -0.0106015 -0.0222557 -0.0238106 -0.0163557 -0.00413014 -0.00980285 0.00197754 0.0179718
internal_weight=876 850 517 481 163 93 333 318 258 143 118 59 115 50 70 158 114 160 131 68 89 57 59 75 63 70
internal_count=876 850 517 481 163 93 333 318 258 143 118 59 115 50 70 158 114 160 131 68 89 57 59 75 63 70
is_linear=0
shrinkage=0.04


Tree=31
num_leaves=27
num_cat=0
split_feature=4 4 9 8 9 9 0 9 4 9 0 8 0 9 4 9 9 4 4 9 4 4 4 4 4 4
split_gain=172.652 71.0408 36.6171 31.6943 32.3735 69.8537 24.8933 18.4747 17.8962 17.6002 17.239 11.9838 16.1762 9.12702 9.02116 8.40403 11.0617 8.00256 7.72883 7.41538 6.53944 13.9535 4.03586 9.0417 3.04346 2.33829
threshold=2.5015836826964182 1.0000000180025095e-35 1.2611108650069494 -0.63134183865453442 0.58919735509089699 1.0000000180025095e-35 -0.7491350475729156 -0.082716154825155472 -0.31817603898735741 -1.157777770690839 0.74913504757291582 1.0000000180025095e-35 1.2485584126215263 0.18604924914126547 -1.012458130287466 -1.157777770690839 -0.55305561176639195 0.4126472150127572 -0.59832495302073463 -0.48586426077478684 1.0216665933461864 0.27866295177940287 -0.39125836438736888 -0.76885037895409469 -0.34253681412069453 0.65625496634612879
decision_type=2 2 2 2 2 2 2 2 2 2 2 2 2 2 2 2 2 2 2 2 2 2 2 2 2 2
left_child=1 2 3 4 5 8 9 15 19 -3 20 12 -12 -9 -15 -5 24 -11 -18 -1 21 -8 23 -16 -17 -23
right_child=-2 6 -4 7 -6 -7 10 13 -10 17 11 -13 -14 14 22 16 18 -19 -20 -21 -22 25 -24 -25 -26 -27
leaf_value=-0.015004565125952165 0.099927393788328531 -0.00052053068897553857 0.026773861800179339 -0.033974864791179525 -0.039286923793054401 0.046642282724380493 0.0095540972479752125 -0.049224968071688302 0.012487663168598104 0.020615383222185334 0.022019556622124382 0.033146717480912399 -0.018938135350192037 -0.049111164367198951 -0.0096115314629342825 0.0090294563079767517 -0.0082710721492767342 0.0478052744789179 -0.035253458702654554 -0.04336221656054258 0.0048990062049900493 -0.033467941637392397 -0.0086632453535611803 -0.039885401742924986 -0.0089407204747200004 -0.017242234071095788
leaf_weight=36 26 28 33 29 31 45 28 44 27 29 36 37 27 25 27 38 35 43 33 25 48 27 26 38 25 30
leaf_count=36 26 28 33 29 31 45 28 44 27 29 36 37 27 25 27 38 35 43 33 25 48 27 26 38 25 30
internal_value=-0.00160791 -0.0047137 -0.0139944 -0.0167741 -0.00247588 0.00610413 0.00969509 -0.0241019 -0.0146256 0.026389 0.00253034 0.015078 0.00446626 -0.033713 -0.0278291 -0.0144908 -0.0101775 0.0368538 -0.0213655 -0.0266266 -0.00690402 -0.0135693 -0.0219824 -0.0273101 0.00189843 -0.0249281
internal_weight=876 850 517 484 164 133 333 320 88 100 233 100 63 160 116 160 131 72 68 61 133 85 91 65 63 57
internal_count=876 850 517 484 164 133 333 320 88 100 233 100 63 160 116 160 131 72 68 61 133 85 91 65 63 57
is_linear=0
shrinkage=0.04


Tree=32
num_leaves=27
num_cat=0
split_feature=4 4 7 8 6 6 7 7 6 7 5 4 4 6 8 5 5 7 6 4 4 6 4 4 6 6
split_gain=159.116 65.4712 33.1043 31.6895 36.3263 52.4207 82.0494 21.3311 18.3368 17.0534 14.7773 13.5155 17.2298 26.678 10.8937 8.47776 7.06319 11.2013 6.63039 6.62259 4.63428 3.93786 3.65262 2.98953 1.3115 0.376605
threshold=2.5015836826964182 1.0000000180025095e-35 1.1445794666770477 -0.63134183865453442 0.18881675943583826 -1.1754552519803687 1.0000000180025095e-35 -1.1992766638071075 0.30250609372052223 1.0000000180025095e-35 1.0000000180025095e-35 1.2470037633295548 0.48572954041276867 -0.83438724912631701 1.0000000180025095e-35 1.0000000180025095e-35 -0.25066273765626779 -0.61331263118606871 -1.0617659176956848 -0.96373658002079188 -0.59832495302073463 -0.49331924627226525 -0.46434068978738036 0.52227070311277446 0.075127425151154323 1.0000000180025095e-35
decision_type=2 2 2 2 2 2 2 2 2 2 2 2 2 2 2 2 2 2 2 2 2 2 2 2 2 2
left_child=1 2 3 4 5 -1 -7 23 11 16 -6 12 21 -14 15 -10 -5 -18 -11 -20 -19 -9 24 -3 -21 -25
right_child=-2 7 -4 9 10 6 -8 8 14 18 -12 -13 13 -15 -16 -17 17 20 19 22 -22 -23 -24 25 -26 -27
leaf_value=-0.034800668346881863 0.095930298657084898 0.0018243656992912294 0.022501614383961026 -0.029178175940400078 -0.037736000933430415 -0.0092529174515179231 0.079365912601351743 -0.013914067754521966 0.027161792033248481 -0.016404082734009316 0.00029986233665392953 -0.021513748455047606 0.057515261709690096 0.0030834333752008049 0.042011709173520408 -0.0018900263369083404 0.0047322001802373908 -0.0096679554271854855 -0.052653983524617032 -0.019435504216414233 -0.029174327174201608 0.0068283469699047233 -0.043918958233186499 -0.011645049810409548 -0.03153023356106132 -0.018588065180182457
leaf_weight=25 26 25 38 42 44 35 32 32 45 29 26 25 25 34 45 25 49 38 34 26 40 27 27 25 32 25
leaf_count=25 26 25 38 42 44 35 32 32 45 29 26 25 25 34 45 25 49 38 34 26 40 27 27 25 32 25
internal_value=-0.00154359 -0.00452515 -0.0134346 -0.0162855 -0.0018935 0.0146287 0.0330725 0.00930729 0.0147657 -0.0236404 -0.0236084 0.00520273 0.010863 0.0261478 0.026657 0.0167861 -0.0149583 -0.0102557 -0.0335544 -0.0377339 -0.0196712 -0.00442178 -0.0317659 -0.00946958 -0.0261085 -0.0151166
internal_weight=876 850 517 479 162 92 67 333 258 317 70 143 118 59 115 70 169 127 148 119 78 59 85 75 58 50
internal_count=876 850 517 479 162 92 67 333 258 317 70 143 118 59 115 70 169 127 148 119 78 59 85 75 58 50
is_linear=0
shrinkage=0.04


Tree=33
num_leaves=26
num_cat=0
split_feature=2 7 5 9 6 9 8 6 9 9 5 6 9 9 7 9 6 5 8 9 5 5 6 6 6
split_gain=112.536 74.6366 18.6244 16.7115 26.6242 28.7587 37.813 38.6571 62.7481 127.92 23.9875 14.7905 24.8828 12.848 10.2881 15.0983 9.62581 7.84699 5.81872 3.7824 3.43442 2.95333 2.62175 2.1795 1.11526
threshold=-2.9592882694284057 1.4375614829875671 -0.71349052288507664 -0.62024696275799729 -1.5165232548344203 1.1267281630237389 -0.63134183865453442 0.52988476228989012 0.58919735509089699 1.0000000180025095e-35 -0.25066273765626779 -0.83438724912631701 -1.0233950687076285 -1.5609258766404703 0.85159745036652823 -0.082716154825155472 0.18881675943583826 -0.71349052288507664 -0.63134183865453442 0.18604924914126547 -0.25066273765626779 -0.25066273765626779 -0.60700858055694906 -0.15225124341821353 0.75726343085925796
decision_type=2 2 2 2 2 2 2 2 2 2 2 2 2 2 2 2 2 2 2 2 2 2 2 2 2
left_child=-1 3 -3 10 -5 6 7 8 9 -6 13 -12 -13 -2 15 16 22 24 -14 -17 -7 -21 -8 -23 -15
right_child=1 2 -4 4 5 20 14 -9 -10 -11 11 12 18 17 -16 19 -18 -19 -20 21 -22 23 -24 -25 -26
leaf_value=0.072147196456789978 0.0083869936377615542 0.0096820836586336938 0.049974265376726786 -0.04883943179249764 -0.014672393837282735 0.0013176941394805908 -0.015680499225854874 -0.027548119317401542 -0.029033278435468674 0.10220344631836331 0.037010716065764428 -0.025491103800634542 0.0025775390088558199 -0.0055013687163591382 -0.0038767790412291502 -0.044726146094501019 0.0027161923164708748 -0.033500700608680122 0.026645887492431537 -0.021208110421493249 0.019667614194306921 -0.044027154224890251 -0.033502005195617676 -0.028901340891207966 -0.016506535680248187
leaf_weight=32 37 31 45 30 31 25 28 44 30 29 30 30 25 34 39 40 36 38 45 37 47 27 25 35 26
leaf_count=32 37 31 45 30 31 25 28 44 30 29 30 30 25 34 39 40 36 38 45 37 47 27 25 35 26
internal_value=-0.00148185 -0.00427347 0.0335393 -0.00801536 -0.0122981 -0.00998051 -0.0141599 0.00317866 0.0182006 0.0418176 0.000113839 0.0123776 0.0049877 -0.0116957 -0.0228616 -0.026109 -0.0132452 -0.019278 0.01805 -0.0343455 0.0132961 -0.0301513 -0.0240869 -0.0354884 -0.0102703
internal_weight=876 844 76 768 503 473 401 134 90 60 265 130 100 135 267 228 89 98 70 139 72 99 53 62 60
internal_count=876 844 76 768 503 473 401 134 90 60 265 130 100 135 267 228 89 98 70 139 72 99 53 62 60
is_linear=0
shrinkage=0.04


Tree=34
num_leaves=25
num_cat=0
split_feature=4 4 9 8 6 6 7 7 6 9 6 8 7 9 4 6 6 6 6 7 4 9 8 4
split_gain=144.202 56.8333 28.8342 24.3798 29.7765 45.8424 62.6498 18.1743 16.6363 14.0131 11.5854 9.86424 8.33674 7.8179 7.64805 7.38299 14.3115 5.5952 4.63058 4.43314 3.75279 3.03865 2.8274 2.15033
threshold=2.44677193864641 1.0000000180025095e-35 1.2611108650069494 -0.63134183865453442 0.18881675943583826 -1.1754552519803687 1.0000000180025095e-35 -1.1992766638071075 0.30250609372052223 -0.082716154825155472 -0.83438724912631701 1.0000000180025095e-35 -0.32033061487554942 0.18604924914126547 -1.012458130287466 0.18881675943583826 -0.83438724912631701 0.75726343085925796 0.98464209942862591 0.55861543405600889 0.44918837771276293 -1.5609258766404703 -0.63134183865453442 0.64407457877946017
decision_type=2 2 2 2 2 2 2 2 2 2 2 2 2 2 2 2 2 2 2 2 2 2 2 2
left_child=1 2 3 4 5 -1 -7 21 10 15 23 22 -6 -11 -15 16 -5 19 -17 -16 -12 -3 -10 -9
right_child=-2 7 -4 9 12 6 -8 8 11 13 20 -13 -14 14 17 18 -18 -19 -20 -21 -22 -23 -24 -25
leaf_value=-0.034235368424654009 0.089582455180309439 0.0020088166715922181 0.023567017840616628 -0.0045508691795328833 -0.0053810120161090578 -0.0085806288804326745 0.067657269625102781 0.0094433758350519047 0.024081926549022852 -0.0442305778441104 0.0048227908611297608 0.039573707833886147 -0.033558577001094818 -0.044024078285694122 -0.023277541218059406 0.0062540349339772214 -0.035603199909285954 -0.032513016199227425 -0.015411074415401176 -0.0013200825428770436 -0.012400709869495284 -0.014764859713680682 0.0079775273135384989 0.024824738376068349
leaf_weight=25 27 27 33 47 28 35 34 26 33 44 35 45 42 25 28 38 48 32 27 31 48 48 37 33
leaf_count=25 27 27 33 47 28 35 34 26 33 44 35 45 42 25 28 38 48 32 27 31 48 48 37 33
internal_value=-0.00142258 -0.00431673 -0.0126101 -0.0150767 -0.00253651 0.0121717 0.0289859 0.00859796 0.0136537 -0.0215036 0.00449512 0.0249625 -0.0222876 -0.0298741 -0.0244286 -0.0131331 -0.0202405 -0.0190452 -0.00274532 -0.0117406 -0.00513779 -0.00872634 0.0155696 0.0180465
internal_weight=876 849 517 484 164 94 69 332 257 320 142 115 70 160 116 160 95 91 65 59 83 75 70 59
internal_count=876 849 517 484 164 94 69 332 257 320 142 115 70 160 116 160 95 91 65 59 83 75 70 59
is_linear=0
shrinkage=0.04


Tree=35
num_leaves=27
num_cat=0
split_feature=2 4 7 4 4 7 6 0 7 8 7 4 4 4 8 6 9 0 0 6 4 9 6 0 6 4
split_gain=132.774 83.6284 50.6042 12.9748 18.5705 12.8702 28.5458 25.0775 25.9675 26.2502 20.0559 11.7655 14.7964 26.392 8.62895 7.72095 16.1306 7.63029 11.1509 15.4769 6.04512 5.35396 4.41182 2.88312 2.73005 2.39039
threshold=-1.6916913147484629 -0.34253681412069453 1.4375614829875671 -0.25727410115401456 -0.14765061305399738 -0.61331263118606871 -0.60700858055694906 -1.2485584126215259 0.26563341774548938 -0.63134183865453442 -1.1992766638071075 1.7281290722129634 1.2774547322462262 1.0216665933461864 -0.63134183865453442 1.0000000180025095e-35 0.11885789814966023 -1.2485584126215259 1.0000000180025095e-35 0.64357409657457409 -0.82975231678743755 -0.55305561176639195 -1.2891445862650526 -0.7491350475729156 0.075127425151154323 0.49790992797943717
decision_type=2 2 2 2 2 2 2 2 2 2 2 2 2 2 2 2 2 2 2 2 2 2 2 2 2 2
left_child=-1 5 3 -3 -5 10 14 -8 15 -10 -2 12 13 17 -7 -9 -17 -6 23 21 -11 -20 -16 -19 -4 -25
right_child=1 2 24 4 11 6 7 8 9 20 -12 -13 -14 -15 22 16 -18 18 19 -21 -22 -23 -24 25 -26 -27
leaf_value=0.074267964273691173 -0.029263463018578479 0.02509493198903168 0.051675824246236256 -0.025103706618220631 0.015753347843008882 -0.060035778009997945 0.022843357110023499 -0.051440686530300546 0.030005150758303126 -0.0047648946310465149 0.01179194929276375 0.024501464911869594 -0.026642708013455075 0.038287772332628568 -0.021118217737034515 -0.01125252515207543 -0.050264830536075999 -0.0061658895106026625 0.0017844835855066778 0.025204007788302587 -0.031326737054463087 -0.021531457992700429 -0.042383747068611352 -0.012890541523143098 0.033489942985773083 -0.029883280972806882
leaf_weight=35 32 34 28 44 34 28 25 28 26 26 47 35 30 30 27 43 28 33 40 36 29 26 37 27 25 26
leaf_count=35 32 34 28 44 34 28 25 28 26 26 47 35 30 30 27 43 28 33 40 36 29 26 37 27 25 26
internal_value=-0.00203633 -0.00527741 0.00639682 0.00147241 -0.000752423 -0.0191871 -0.0230039 -0.0146964 -0.0199102 -0.00311393 -0.00483809 0.00262757 -8.72795e-05 0.00307408 -0.0415151 -0.0336527 -0.0266377 -0.00168453 -0.00483818 0.00410692 -0.0187702 -0.00740058 -0.0334124 -0.0154475 0.0430976 -0.0212266
internal_weight=859 824 448 395 361 376 297 205 180 81 79 317 282 252 92 99 71 222 188 102 55 66 64 86 53 53
internal_count=859 824 448 395 361 376 297 205 180 81 79 317 282 252 92 99 71 222 188 102 55 66 64 86 53 53
is_linear=0
shrinkage=0.04


Tree=36
num_leaves=27
num_cat=0
split_feature=4 3 7 7 6 7 8 0 7 4 4 4 4 5 5 7 7 7 7 0 8 4 6 6 7 6
split_gain=96.2205 49.5314 47.7401 14.9509 23.4197 23.2662 38.0865 20.8882 12.9222 11.8007 17.399 27.761 10.8069 11.0641 9.63848 9.03146 22.1483 18.6671 6.20351 10.652 5.47046 3.86473 2.53334 2.51602 2.05732 1.36301
threshold=-0.37907797682070027 1.0000000180025095e-35 1.4375614829875671 -0.61331263118606871 -0.60700858055694906 0.26563341774548938 -0.63134183865453442 1.0000000180025095e-35 0.55861543405600889 1.7281290722129634 1.2774547322462262 1.0216665933461864 -0.61050534058740313 -0.25066273765626779 1.0000000180025095e-35 -0.90629464749658817 0.26563341774548938 1.1445794666770477 -0.61331263118606871 -1.0000000180025095e-35 1.0000000180025095e-35 1.0000000180025095e-35 -1.1754552519803687 0.075127425151154323 -1.1992766638071075 0.41619542800520609
decision_type=2 2 2 2 2 2 2 2 2 2 2 2 2 2 2 2 2 2 2 2 2 2 2 2 2 2
left_child=3 2 9 7 14 12 -7 -1 -8 10 11 15 13 -6 22 20 18 21 -17 -20 24 -18 -5 -4 -2 -15
right_child=1 -3 23 4 5 6 8 -9 -10 -11 -12 -13 -14 25 -16 16 17 -19 19 -21 -22 -23 -24 -25 -26 -27
leaf_value=-0.019702900853008031 -0.024344458414241672 0.05068977353184722 0.049608791598251892 -0.041049458109415495 -0.050500235154348261 0.041158660572988018 -0.036561966692959823 0.02239617291950818 0.0005037406218402526 0.023454378159607159 -0.033388471734523771 0.0386061457107807 -0.0037489447866876917 -0.027631754631606432 -0.023742929951446813 0.0266175827284654 -0.038431882876902822 0.0088664673045277601 -0.01224831542143455 0.021985778718283683 -0.00016265452795085453 -0.016405253052711486 -0.058882892894744875 0.032150346139818431 -0.010207501657506717 -0.014679727370922381
leaf_weight=44 40 43 28 26 34 27 27 33 34 34 25 29 27 26 41 45 26 40 26 33 42 25 25 25 28 26
leaf_count=44 40 43 28 26 34 27 27 33 34 34 25 29 27 26 41 45 26 40 26 33 42 25 25 25 28 26
internal_value=-0.00195488 0.00969023 0.00573736 -0.0173453 -0.0214673 -0.0138164 0.00160498 -0.00166044 -0.0159024 0.000931449 -0.00120164 0.00120755 -0.0258259 -0.0327571 -0.0381828 -0.00234838 0.00282135 -0.0115901 0.0154314 0.00689957 -0.0115129 -0.0276345 -0.0497913 0.0413737 -0.0185234 -0.0211557
internal_weight=859 489 446 370 293 201 88 77 61 393 359 334 113 86 92 305 195 91 104 59 110 51 51 53 68 52
internal_count=859 489 446 370 293 201 88 77 61 393 359 334 113 86 92 305 195 91 104 59 110 51 51 53 68 52
is_linear=0
shrinkage=0.04


Tree=37
num_leaves=25
num_cat=0
split_feature=2 7 4 7 6 8 7 7 4 4 4 4 4 0 0 6 4 8 9 4 0 4 4 4
split_gain=116.692 72.4004 49.284 13.5063 20.8995 23.0396 57.1442 18.4627 11.9342 16.2803 10.0623 12.7127 22.4159 7.19719 10.0123 14.1546 7.14822 7.08161 4.88827 3.40034 2.80349 2.68893 2.12488 1.81571
threshold=-1.6916913147484629 1.4375614829875671 -0.34253681412069453 -0.61331263118606871 -0.60700858055694906 -0.63134183865453442 0.26563341774548938 -1.1992766638071075 -0.25727410115401456 -0.14765061305399738 1.7281290722129634 1.2774547322462262 1.0216665933461864 -1.2485584126215259 1.0000000180025095e-35 0.64357409657457409 -0.6714072784207461 -0.63134183865453442 -0.55305561176639195 0.22994140151272849 -0.7491350475729156 -0.98809735515412911 0.49790992797943717 -0.74448960382075746
decision_type=2 2 2 2 2 2 2 2 2 2 2 2 2 2 2 2 2 2 2 2 2 2 2 2
left_child=-1 2 3 7 17 6 -6 -2 -4 -10 11 12 13 -11 20 18 21 -5 -16 -3 -15 -7 -22 -19
right_child=1 19 8 4 5 16 -8 -9 9 10 -12 -13 -14 14 15 -17 -18 23 -20 -21 22 -23 -24 -25
leaf_value=0.069657415344246798 -0.027971513059164864 0.023596683232872576 0.023947835788130759 -0.056564245632401214 -0.026761160364374516 -0.026606077868969014 0.049411895733613237 0.011419555104951908 -0.023641694228757514 0.015293248293935047 0.022552105043615614 -0.024801982462406162 0.03519590350985527 -0.0056058759535803941 0.001542333560064435 0.023946469920790858 -0.038675012363327876 -0.038626741714054544 -0.020736526915660271 0.041877751979159154 -0.012597669340946057 -0.012256121738089456 -0.028618914215610577 -0.024702252308870187
leaf_weight=35 32 27 34 27 40 39 26 47 44 34 35 30 30 33 40 36 45 31 26 41 27 45 26 29
leaf_count=35 32 27 34 27 40 39 26 47 44 34 35 30 30 33 40 36 45 31 26 41 27 45 26 29
internal_value=-0.00187668 -0.00491514 -0.00847113 -0.0191542 -0.0232493 -0.0159758 0.00324641 -0.00453632 0.0012924 -0.000841355 0.00232336 -0.000187298 0.00274302 -0.0016425 -0.00470535 0.00377075 -0.0258104 -0.0395521 -0.00723419 0.0346191 -0.0147584 -0.0189186 -0.0204571 -0.0318966
internal_weight=859 824 756 361 282 195 66 79 395 361 317 282 252 222 188 102 129 87 66 68 86 84 53 60
internal_count=859 824 756 361 282 195 66 79 395 361 317 282 252 222 188 102 129 87 66 68 86 84 53 60
is_linear=0
shrinkage=0.04


Tree=38
num_leaves=27
num_cat=0
split_feature=2 7 7 9 5 5 5 0 9 7 0 8 9 8 0 0 9 0 9 0 9 5 9 9 0 9
split_gain=107.581 65.903 32.3944 28.7229 21.694 20.3879 15.1301 15.9944 14.2753 27.6419 12.2772 9.96072 9.50422 12.0052 8.35854 5.65611 9.92664 5.03684 4.76816 3.66132 3.50679 3.33264 1.99502 1.5127 1.23426 0.808123
threshold=-2.9592882694284057 1.4375614829875671 -0.32033061487554942 0.3876233021160812 -0.71349052288507664 1.0000000180025095e-35 1.1378206180301593 -0.7491350475729156 0.58919735509089699 0.85159745036652823 0.74913504757291582 1.0000000180025095e-35 -0.082716154825155472 -0.63134183865453442 1.2485584126215263 -1.0000000180025095e-35 -1.4265431746572599 0.74913504757291582 1.1267281630237389 -0.7491350475729156 -0.55305561176639195 1.0000000180025095e-35 -1.2249691216824441 0.18604924914126547 1.0000000180025095e-35 0.72358005707410744
decision_type=2 2 2 2 2 2 2 2 2 2 2 2 2 2 2 2 2 2 2 2 2 2 2 2 2 2
left_child=-1 2 5 10 -3 15 7 -7 -5 25 12 20 -4 -14 -12 19 -17 -9 24 -2 -8 -20 -18 -15 -11 -10
right_child=1 4 3 8 -6 6 11 17 9 18 14 -13 13 23 -16 16 22 -19 21 -21 -22 -23 -24 -25 -26 -27
leaf_value=0.072611186395088831 -0.010569925136036343 0.0062304610120398661 -0.018093689126627784 0.016017433976611265 0.052137036633677782 0.048940548737748307 -0.021705524539947511 0.0015851590883518968 -0.037312922432057319 -0.0026212628115096998 0.005860569971799851 0.017975337480505307 -0.06286277511822326 -0.036838929491008032 -0.026237203362872132 0.010583264831220731 -0.021860778023089684 0.025092887401580811 0.014412332139443608 -0.02966194314956665 -0.001970790089929805 -0.0029063761420547963 -0.0063146299302577966 -0.024157148599624634 -0.014101695081880014 -0.028103715856870017
leaf_weight=30 45 28 42 39 40 26 25 35 31 29 25 30 28 34 27 48 28 25 40 25 34 32 25 27 31 30
leaf_count=30 45 28 42 39 40 26 25 35 31 29 25 30 28 34 27 48 28 25 40 25 34 32 25 27 31 30
internal_value=-0.00180161 -0.00449448 -0.00786578 -0.0154014 0.0332343 0.00117256 0.0107707 0.0227355 -0.00605522 -0.0105155 -0.02725 -0.000790841 -0.0337776 -0.0411789 -0.0108056 -0.00865009 -0.00259377 0.01138 -0.000224848 -0.0173885 -0.010333 0.00671513 -0.0145277 -0.0312257 -0.00855282 -0.0327838
internal_weight=859 829 761 415 68 346 175 86 232 193 183 89 131 89 52 171 101 60 132 70 59 72 53 61 60 61
internal_count=859 829 761 415 68 346 175 86 232 193 183 89 131 89 52 171 101 60 132 70 59 72 53 61 60 61
is_linear=0
shrinkage=0.04


Tree=39
num_leaves=26
num_cat=0
split_feature=2 4 7 4 4 4 4 4 7 7 6 7 9 9 5 5 5 1 6 6 6 4 4 6 9
split_gain=99.4786 62.0641 36.8752 11.2875 14.6091 9.34547 11.5189 20.7945 9.26634 12.2528 21.923 16.5928 13.8654 47.1936 9.91853 9.73915 5.80569 9.42341 8.7704 7.42937 6.65994 4.68215 2.58837 2.1589 1.71989
threshold=-1.6916913147484629 -0.34253681412069453 1.4375614829875671 -0.25727410115401456 -0.14765061305399738 1.7281290722129634 1.2774547322462262 1.0216665933461864 0.85159745036652823 -0.61331263118606871 -0.60700858055694906 -1.1992766638071075 0.45481465310768643 0.18604924914126547 1.0000000180025095e-35 -0.25066273765626779 -0.71349052288507664 1.0000000180025095e-35 0.075127425151154323 0.52988476228989012 -0.26594057770289742 -0.78103076652076331 0.38828643987942002 0.075127425151154323 -0.14990750581676068
decision_type=2 2 2 2 2 2 2 2 2 2 2 2 2 2 2 2 2 2 2 2 2 2 2 2 2
left_child=-1 8 3 -3 -5 6 7 16 9 11 14 -2 13 15 -11 -12 22 19 -19 20 -18 -14 -6 -4 -17
right_child=1 2 23 4 5 -7 -8 -9 -10 10 12 -13 21 -15 -16 24 17 18 -20 -21 -22 -23 -24 -25 -26
leaf_value=0.064318166662539755 -0.026625337314326317 0.023351454873952796 0.044479608897651943 -0.022355075454000724 -0.0042678993940353394 0.021736109546252661 -0.023608890934847297 0.033868131935596464 0.0060583386045915113 -0.051528721726004117 -0.041706351791818939 0.010717709508348019 -0.02046866648032197 0.029889618142655023 -0.023627543374896049 -0.019813795782424308 -0.0083048052154481404 0.00063902962207794194 0.032379727380780071 -0.020325360442785656 0.014777545387235779 -0.044041614853418787 -0.022293989555193829 0.028307546114921572 -0.0066740558828626362
leaf_weight=35 32 34 28 44 25 35 30 30 27 47 30 47 28 38 36 37 45 30 26 34 36 26 26 25 28
leaf_count=35 32 34 28 44 25 35 30 30 27 47 30 47 28 38 36 37 45 30 26 34 36 26 26 25 28
internal_value=-0.00172955 -0.00453497 0.0055221 0.00131844 -0.000756694 0.00224119 -0.000178394 0.00261095 -0.0165179 -0.0182645 -0.0223186 -0.00440859 -0.014725 -0.00778473 -0.039427 -0.0228545 -0.00161299 0.00191963 0.0153758 -0.00463293 0.00195402 -0.0318186 -0.0134577 0.0368513 -0.0141536
internal_weight=859 824 448 395 361 317 282 252 376 349 270 79 187 133 83 95 222 171 56 115 81 54 51 53 65
internal_count=859 824 448 395 361 317 282 252 376 349 270 79 187 133 83 95 222 171 56 115 81 54 51 53 65
is_linear=0
shrinkage=0.04


Tree=40
num_leaves=29
num_cat=0
split_feature=2 4 8 9 9 7 9 9 9 9 9 5 9 0 4 4 9 9 4 4 4 4 4 8 4 9 4 0
split_gain=105.406 35.8984 39.1304 46.9268 128.411 30.0634 26.4545 17.8952 15.9778 15.9633 14.6213 13.6882 12.2435 10.6625 10.2679 7.54995 5.50602 4.30539 21.5104 6.67254 3.6303 4.64496 3.45868 4.19276 4.09472 3.61124 2.54115 1.13396
threshold=-2.9592882694284057 0.60144322229612024 -0.63134183865453442 0.45481465310768643 1.0000000180025095e-35 1.1445794666770477 -0.55305561176639195 -1.2921604726740494 -1.5609258766404703 -0.75462966474120774 -0.62024696275799729 -0.25066273765626779 1.3283022159985547 1.2485584126215263 -0.086748675220654506 -0.89065425462078041 0.99234546104052834 -1.157777770690839 -0.12328983792066023 -0.20855255088734023 -0.63486611572074036 -0.098929062787323066 -0.33035642655402603 1.0000000180025095e-35 -0.65922689085407749 0.051666547158054986 -0.54960340275406028 -1.0000000180025095e-35
decision_type=2 2 2 2 2 2 2 2 2 2 2 2 2 2 2 2 2 2 2 2 2 2 2 2 2 2 2 2
left_child=-1 2 3 4 11 6 9 8 -3 17 -9 -2 16 15 -7 -8 -12 18 -4 -19 -13 -22 23 25 -25 -17 -5 -14
right_child=1 7 5 26 -6 14 13 10 -10 -11 12 20 27 -15 -16 22 -18 19 -20 -21 21 -23 -24 24 -26 -27 -28 -29
leaf_value=0.080842099327307473 -0.025898218960340679 0.016987684834003449 -0.041629600216602461 -0.031057514774388284 0.079773046417782711 0.034724737727642056 -0.0065684259990635135 0.048052407663602095 -0.02700776817543166 0.023192184289296466 0.018820758255628438 -0.0050942647109429038 0.023195431756973268 -0.045028250208672356 -0.00054392930652414056 -0.026878742153445878 -0.0043006960468159787 0.010692354396451265 0.0070895924727464544 -0.015138906557112933 0.023938969373703003 0.00025141738355159758 -0.016104562283037419 -0.010262343654675144 -0.032306993458993162 -0.047043039420688597 -0.013836035178257869 0.034820277907981957
leaf_weight=26 29 25 29 29 42 25 46 26 28 30 26 30 25 34 28 30 45 32 29 32 27 26 49 28 26 27 26 29
leaf_count=26 29 25 29 29 42 25 46 26 28 30 26 30 25 34 28 30 45 32 29 32 27 26 49 28 26 27 26 29
internal_value=0.00149651 -0.000907907 -0.00547753 0.00879941 0.0201265 -0.0121829 -0.0160058 0.0137418 -0.0062552 -0.00294858 0.0207606 -0.00224096 0.0150839 -0.0242753 0.0160922 -0.0208501 0.00416632 -0.00937664 -0.01727 -0.00222328 0.00602483 0.0123187 -0.0249561 -0.0288635 -0.0208764 -0.0364303 -0.0229165 0.0294384
internal_weight=884 858 654 209 154 445 392 204 53 152 151 112 125 240 53 206 71 122 58 64 83 53 160 111 54 57 55 54
internal_count=884 858 654 209 154 445 392 204 53 152 151 112 125 240 53 206 71 122 58 64 83 53 160 111 54 57 55 54
is_linear=0
shrinkage=0.04


Tree=41
num_leaves=27
num_cat=0
split_feature=2 7 8 6 7 7 7 7 7 5 6 6 0 0 6 6 6 0 6 6 0 7 0 8 6 6
split_gain=97.1419 30.0883 30.0211 40.1176 47.1515 151.987 26.3527 19.2948 16.0284 15.7406 6.62546 6.27775 5.82554 5.61463 6.0806 6.35346 4.18993 3.37307 2.81875 2.58321 2.41179 2.34462 2.16293 5.489 6.61132 2.22539
threshold=-2.9592882694284057 1.1445794666770477 -0.63134183865453442 0.18881675943583826 0.55861543405600889 1.0000000180025095e-35 -0.61331263118606871 -0.90629464749658817 0.85159745036652823 1.0000000180025095e-35 -0.72069791484163315 0.41619542800520609 1.2485584126215263 1.0000000180025095e-35 0.64357409657457409 -0.72069791484163315 1.2120207679979937 -1.0000000180025095e-35 1.0000000180025095e-35 -0.60700858055694906 -1.2485584126215259 0.26563341774548938 -0.7491350475729156 1.0000000180025095e-35 -0.26594057770289742 0.30250609372052223
decision_type=2 2 2 2 2 2 2 2 2 2 2 2 2 2 2 2 2 2 2 2 2 2 2 2 2 2
left_child=-1 2 3 4 5 10 7 13 12 21 -2 17 20 14 15 -4 -13 -3 -15 -19 -8 -5 -22 25 -25 -24
right_child=1 11 6 9 -6 -7 8 -9 -10 -11 -12 16 -14 18 -16 -17 -18 19 -20 -21 22 -23 23 24 -26 -27
leaf_value=0.077608415897075955 0.013200049223126592 0.018367560675015319 -0.0052968191901842758 -0.028284955009818077 -0.023941523454807424 0.1089904986466131 -0.0093407880875372128 0.024425357928160918 0.0038697216444545323 0.010943483216421945 -0.012095498119791348 0.035440257578156886 -0.037508002784760561 0.011448198053985835 0.0033655577769567224 -0.03055225725778762 0.013584997987747191 0.011093143214439523 -0.0052290567034675231 -0.0060999122151622065 -0.030331096845013759 -0.013193121595042092 -0.020840142080308616 -0.026868893229044399 -0.001084153208790756 -0.035639242971765586
leaf_weight=26 37 37 30 40 27 31 31 44 45 35 30 32 34 34 29 34 25 29 31 27 35 28 37 26 41 29
leaf_count=26 37 37 30 40 27 31 31 44 45 35 30 32 34 34 29 34 25 29 31 27 35 28 37 26 41 29
internal_value=0.00143664 -0.000871591 -0.00431941 0.00763174 0.0228626 0.0357576 -0.00999621 0.000998879 -0.0179854 -0.0108523 0.00187368 0.0154021 -0.0222064 -0.00552495 -0.0118288 -0.0187138 0.0258546 0.00899573 0.00349443 0.00280363 -0.019592 -0.0220707 -0.0214836 -0.0191554 -0.0110902 -0.0273428
internal_weight=884 858 708 228 125 98 480 202 278 103 67 150 233 158 93 64 57 93 65 56 199 68 168 133 67 66
internal_count=884 858 708 228 125 98 480 202 278 103 67 150 233 158 93 64 57 93 65 56 199 68 168 133 67 66
is_linear=0
shrinkage=0.04


Tree=42
num_leaves=27
num_cat=0
split_feature=2 9 8 9 9 6 9 9 9 5 5 6 0 9 0 9 0 0 6 9 8 0 0 6 6 8
split_gain=89.5259 28.8673 20.0041 34.8746 113.357 22.798 22.7938 39.9973 18.4198 17.5766 14.941 11.1849 10.337 8.58313 6.50189 5.77985 7.22904 3.90556 4.12653 3.77663 1.83349 3.01766 2.57484 5.96602 1.36376 0.163632
threshold=-2.9592882694284057 1.5298762689733703 -0.63134183865453442 0.45481465310768643 1.0000000180025095e-35 -0.60700858055694906 0.92515411004892301 -0.55305561176639195 -0.75462966474120774 -0.25066273765626779 -0.71349052288507664 0.64357409657457409 1.2485584126215263 -0.88901236672441819 0.74913504757291582 -1.157777770690839 -1.0000000180025095e-35 1.0000000180025095e-35 1.0000000180025095e-35 -0.55305561176639195 1.0000000180025095e-35 -0.7491350475729156 -0.7491350475729156 -0.26594057770289742 0.30250609372052223 1.0000000180025095e-35
decision_type=2 2 2 2 2 2 2 2 2 2 2 2 2 2 2 2 2 2 2 2 2 2 2 2 2 2
left_child=-1 2 3 4 9 -5 7 8 14 -2 -3 -7 20 -11 15 16 -4 18 -8 -15 21 -9 -22 -24 -23 -17
right_child=1 10 6 5 -6 11 17 12 -10 13 -12 -13 -14 19 -16 25 -18 -19 -20 -21 22 24 23 -25 -26 -27
leaf_value=0.074504080827419578 -0.022451540223041248 0.0074173218011856085 -0.024346266740134785 0.014594762366393517 0.073935004013280084 -0.044675159174948929 -0.0081998277627504789 -0.012904594612844062 0.029137128164822404 0.027494969864686331 0.05033144898414612 -0.0093545915988775402 -0.043058182573453944 -0.0094228830549024766 0.0088595710250549027 0.0045609482864920909 0.00085082985717674787 0.019296239705925637 0.014126737440625828 0.010020175354950357 -0.023932363293000632 -0.022628534186090267 -0.025534864732852349 -0.0010407872988683422 -0.034213672881496363 2.8607702255249024e-05
leaf_weight=26 43 27 49 29 42 32 26 33 33 27 25 26 33 31 50 26 29 44 27 33 35 37 26 41 29 25
leaf_count=26 43 27 49 29 42 32 26 33 33 27 25 26 33 31 50 26 29 44 27 33 35 37 26 41 29 25
internal_value=0.00137918 -0.000836727 -0.00270033 0.00635437 0.0165953 -0.0143629 -0.00708594 -0.0109079 0.00167694 -0.00137683 0.0280491 -0.0288418 -0.0223096 0.00858155 -0.00338556 -0.00813173 -0.0149781 0.0104872 0.00317408 0.000602444 -0.0189031 -0.0227808 -0.0151393 -0.010546 -0.027719 0.00233921
internal_weight=884 858 806 263 176 87 543 446 212 134 52 58 234 91 179 129 78 97 53 64 201 99 102 67 66 51
internal_count=884 858 806 263 176 87 543 446 212 134 52 58 234 91 179 129 78 97 53 64 201 99 102 67 66 51
is_linear=0
shrinkage=0.04


Tree=43
num_leaves=29
num_cat=0
split_feature=2 4 8 7 7 7 7 7 4 4 5 4 4 4 0 7 4 7 0 4 4 8 4 4 4 8 0 4
split_gain=82.5071 32.0043 30.4537 30.2171 65.3368 23.9491 16.6014 12.6669 9.40142 9.18696 9.10023 8.34556 20.1401 8.56209 13.5102 7.50346 8.89169 7.73428 6.51953 6.37973 3.5324 3.84638 3.29768 4.24087 3.18782 2.55338 2.17025 1.29776
threshold=-2.9592882694284057 0.60144322229612024 -0.63134183865453442 0.55861543405600889 1.0000000180025095e-35 1.1445794666770477 -0.61331263118606871 -1.1992766638071075 -0.086748675220654506 1.3627174452129063 -0.25066273765626779 1.3505370576462379 1.8438427540963152 1.0216665933461864 1.0000000180025095e-35 -0.90629464749658817 0.22994140151272849 -1.1992766638071075 1.2485584126215263 -0.89065425462078041 -0.33035642655402603 1.0000000180025095e-35 -0.63486611572074036 -0.098929062787323066 -0.65922689085407749 1.0000000180025095e-35 -1.0000000180025095e-35 -0.54960340275406028
decision_type=2 2 2 2 2 2 2 2 2 2 2 2 2 2 2 2 2 2 2 2 2 2 2 2 2 2 2 2
left_child=-1 2 3 4 10 6 15 9 -7 -3 -2 13 -13 14 -9 16 17 -4 19 -8 21 26 -12 -24 -23 -22 -21 -5
right_child=1 7 5 27 -6 8 18 11 -10 -11 22 12 -14 -15 -16 -17 -18 -19 -20 20 25 24 23 -25 -26 -27 -28 -29
leaf_value=0.071523918096835795 -0.021778315855906557 -0.013846610830380366 -0.028677785809298882 -0.025800551176071166 0.054482345985514782 0.032032250607013701 -0.0048673617702139462 -0.00044660111268361415 -0.0017155621626547405 0.017215680205821992 -0.0052567853859315315 -0.016890433396178264 0.032933825623989103 0.04378097184933722 0.038948144098887076 0.011647768467664719 0.011727211466431617 -0.0037720990730893047 -0.036688041533742631 -0.024835498664114209 -0.0039660896182060245 -0.0087785308435559279 0.022442622526928233 -0.00019114784323252164 -0.02804169307704325 -0.021147584694047129 -0.04046733736619354 -0.013036608695983887
leaf_weight=26 26 39 38 25 49 25 46 30 28 25 30 27 25 32 26 38 25 42 35 27 25 28 27 26 27 31 30 26
leaf_count=26 26 39 38 25 49 25 46 30 28 25 30 27 25 32 26 38 25 42 35 27 25 28 27 26 27 31 30 26
internal_value=0.00132401 -0.000803258 -0.00511792 0.00747708 0.0161182 -0.0110333 -0.0144454 0.013029 0.0142032 -0.0017129 -0.00112806 0.0197682 0.00706354 0.0272755 0.0178438 -0.00358314 -0.00909527 -0.0156023 -0.0206836 -0.018066 -0.0216799 -0.0257813 0.00534069 0.0113393 -0.018235 -0.0134773 -0.0330628 -0.0192934
internal_weight=884 858 654 209 158 445 392 204 53 64 109 140 52 88 56 143 105 80 249 214 168 112 83 53 55 56 57 51
internal_count=884 858 654 209 158 445 392 204 53 64 109 140 52 88 56 143 105 80 249 214 168 112 83 53 55 56 57 51
is_linear=0
shrinkage=0.04


Tree=44
num_leaves=25
num_cat=0
split_feature=2 4 8 6 6 7 7 9 9 0 4 7 6 6 4 0 4 4 4 4 6 8 6 4
split_gain=76.0386 29.936 24.4652 36.8163 45.778 66.3276 28.2307 21.5898 21.4972 12.1856 7.69903 8.54689 7.35605 10.2826 30.4427 7.27347 6.57867 5.03432 4.74037 6.7999 3.32806 4.08193 2.74026 1.96929
threshold=-2.9592882694284057 1.7037682970796266 -0.63134183865453442 0.075127425151154323 -0.94807658341100087 0.55861543405600889 1.1445794666770477 -0.55305561176639195 -0.9562037177160233 1.0000000180025095e-35 -0.12328983792066023 -1.1992766638071075 1.3257101022826776 0.64357409657457409 -0.31817603898735741 1.2485584126215263 -0.22073293845400885 0.52227070311277446 -0.89065425462078041 -0.33035642655402603 0.75726343085925796 1.0000000180025095e-35 -0.37962991198758139 -0.46434068978738036
decision_type=2 2 2 2 2 2 2 2 2 2 2 2 2 2 2 2 2 2 2 2 2 2 2 2
left_child=-1 2 3 4 23 -6 7 8 10 -8 11 -4 13 -5 -15 18 -10 -12 -9 20 21 -20 -21 -2
right_child=1 -3 6 12 5 -7 9 15 16 -11 17 -13 -14 14 -16 -17 -18 -19 19 22 -22 -23 -24 -25
leaf_value=0.068662959772806897 0.0033511513802740311 0.029921586532145741 -0.039542372113466263 -0.015670283774332123 0.071080142656962081 -0.0082459093974186822 -0.00075256612227887526 -0.0046726676862200965 0.0023787751752469273 0.028424773535063102 0.0070526680238544937 -0.0064666688293218613 -0.025869569943419525 -0.02109820548295975 0.041325028848648068 -0.035046416559305633 0.02820210114121437 -0.012893106283211126 -0.028777472790937092 -0.019775212311744689 -0.03561369131593143 -0.010230877460802304 -0.0031914088379761036 -0.011539354537924132
leaf_weight=26 27 48 25 49 48 26 49 46 27 43 40 25 28 25 25 38 38 41 43 25 34 34 44 30
leaf_count=26 27 48 25 49 48 26 49 46 27 43 40 25 28 25 25 38 38 41 43 25 34 34 44 30
internal_value=0.00127105 -0.000771127 -0.00258995 0.00757842 0.0224561 0.0432088 -0.00734256 -0.011388 -0.00133076 0.0128847 -0.0106621 -0.0230045 -0.00776788 -0.00264822 0.0101134 -0.0188548 0.0174755 -0.00304334 -0.0161323 -0.0190608 -0.0251905 -0.0205881 -0.00920003 -0.00448596
internal_weight=884 858 810 258 131 74 552 460 196 92 131 50 127 99 50 264 65 81 226 180 111 77 69 57
internal_count=884 858 810 258 131 74 552 460 196 92 131 50 127 99 50 264 65 81 226 180 111 77 69 57
is_linear=0
shrinkage=0.04


Tree=45
num_leaves=26
num_cat=0
split_feature=4 9 8 6 9 9 4 9 9 9 4 5 8 6 4 4 4 0 4 9 4 4 4 4 5
split_gain=65.2254 26.7977 24.8623 51.4971 79.3495 192.188 24.911 15.039 16.4006 10.7574 9.04622 7.92138 7.47979 7.57003 5.83737 9.85021 5.16743 10.5774 5.52382 4.82378 4.36703 4.22563 3.12721 2.0147 1.62928
threshold=2.3127876754130554 1.3283022159985547 -0.63134183865453442 0.52988476228989012 0.52200600409929165 1.0000000180025095e-35 -0.35471720168736315 -0.55305561176639195 -0.75462966474120774 1.1267281630237389 -0.14765061305399738 -0.25066273765626779 1.0000000180025095e-35 1.0983314337133099 -0.89065425462078041 -0.18419177575400311 0.022874812879362678 1.0000000180025095e-35 -0.35471720168736315 0.72358005707410744 0.65625496634612879 -0.54960340275406028 -0.74448960382075746 0.16903946367938563 -0.71349052288507664
decision_type=2 2 2 2 2 2 2 2 2 2 2 2 2 2 2 2 2 2 2 2 2 2 2 2 2
left_child=1 2 3 4 5 6 -1 8 16 12 11 -5 14 19 -9 21 18 24 -4 22 23 -16 -14 -3 -18
right_child=-2 20 7 10 -6 -7 -8 9 -10 -11 -12 -13 13 -15 15 -17 17 -19 -20 -21 -22 -23 -24 -25 -26
leaf_value=-0.014476499148579531 0.059067981607955081 0.018276859086848073 -0.0048332192535911287 -0.046061574649810789 -0.025081457534561986 0.12612742352588424 0.028579766563204833 0.0053065516743351637 0.023934898410524638 0.0062447923071244187 -0.0033974824845790863 -0.014219208683073522 -0.042587470163901645 -0.0051826765781475435 -0.016058763673698361 0.0016048733950466724 0.0050041212370762461 -0.016358377597161702 -0.02600375098825404 -0.014776918101927329 0.029320234490765467 -0.035936493139181819 -0.026847076966710716 0.0030149633288383483 0.019164888503459782
leaf_weight=43 29 31 49 25 46 29 43 28 35 34 34 25 36 27 44 37 26 35 33 29 36 28 46 25 26
leaf_count=43 29 31 49 25 46 29 43 28 35 34 34 25 36 27 44 37 26 35 33 29 36 28 46 25 26
internal_value=7.71721e-05 -0.00193546 -0.00440979 0.00607288 0.0193192 0.0370794 0.00705163 -0.00941613 -0.000987152 -0.0149809 -0.0193159 -0.0301404 -0.0176052 -0.0241781 -0.0109843 -0.0151691 -0.00614852 0.000641966 -0.0133531 -0.0287986 0.0184509 -0.023789 -0.0337575 0.0114635 0.0120845
internal_weight=879 850 758 245 161 115 86 513 204 309 84 50 275 138 137 109 169 87 82 111 92 72 82 56 52
internal_count=879 850 758 245 161 115 86 513 204 309 84 50 275 138 137 109 169 87 82 111 92 72 82 56 52
is_linear=0
shrinkage=0.04


Tree=46
num_leaves=26
num_cat=0
split_feature=4 9 8 6 7 9 4 9 7 6 3 6 4 8 9 9 4 0 6 4 6 6 4 6 4
split_gain=60.1117 24.6968 22.9131 47.4597 73.1285 177.12 22.958 13.86 16.6753 15.8866 11.8576 10.333 8.33699 6.40238 5.1324 5.94093 4.53067 4.70748 4.41067 4.05362 4.0462 2.72526 1.57887 1.5038 0.119939
threshold=2.3127876754130554 1.3283022159985547 -0.63134183865453442 0.52988476228989012 0.55861543405600889 1.0000000180025095e-35 -0.35471720168736315 -0.55305561176639195 -0.90629464749658817 0.30250609372052223 1.0000000180025095e-35 1.0000000180025095e-35 -0.14765061305399738 1.0000000180025095e-35 -0.082716154825155472 0.52200600409929165 0.022874812879362678 1.0000000180025095e-35 0.18881675943583826 -0.51306224005405465 0.41619542800520609 -0.94807658341100087 -0.76885037895409469 0.87095276514394182 -0.17201138818733452
decision_type=2 2 2 2 2 2 2 2 2 2 2 2 2 2 2 2 2 2 2 2 2 2 2 2 2
left_child=1 2 3 4 5 6 -1 8 16 -10 11 13 22 19 -13 23 18 -18 -4 -9 -3 -15 -5 -16 -17
right_child=-2 20 7 12 -6 -7 -8 10 9 -11 -12 14 -14 21 15 24 17 -19 -20 -21 -22 -23 -24 -25 -26
leaf_value=-0.01389743901615919 0.056705262302581605 0.0087581402461889175 -0.026101615675858086 -0.036042777415737512 -0.024078199306259984 0.12108232914373793 0.027436575331660204 -0.026178191039053833 1.0720858207115759e-05 0.040858021962642675 0.0086722175776958472 0.003030285215691516 -0.0032615834474563599 -0.024431616344622206 -0.030442447482235728 -0.0061052042216062545 0.0057305696796863641 -0.014550456823160252 -0.0048021101472633231 -0.0066457314964602976 0.025571137082820036 -0.040877804073848223 -0.021826774674654006 -0.017159139732519785 -0.0021870118886232375
leaf_weight=43 29 43 35 25 46 29 43 34 39 25 32 38 34 28 25 25 47 30 28 34 49 38 25 30 25
leaf_count=43 29 43 35 25 46 29 43 34 39 25 32 38 34 28 25 25 47 30 28 34 49 38 25 30 25
internal_value=7.40852e-05 -0.00185804 -0.0042334 0.00582996 0.0185464 0.0355963 0.00676957 -0.00903949 -0.000947666 0.0159667 -0.0143817 -0.0170449 -0.0185432 -0.0250258 -0.00956636 -0.0141252 -0.00867995 -0.00217113 -0.0166352 -0.016412 0.0177129 -0.0339006 -0.0289348 -0.023197 -0.00414611
internal_weight=879 850 758 245 161 115 86 513 204 64 309 277 84 134 143 105 140 77 63 68 92 66 50 55 50
internal_count=879 850 758 245 161 115 86 513 204 64 309 277 84 134 143 105 140 77 63 68 92 66 50 55 50
is_linear=0
shrinkage=0.04


Tree=47
num_leaves=25
num_cat=0
split_feature=7 0 8 6 7 9 9 9 9 0 6 9 0 7 6 8 6 9 0 0 9 6 6 5
split_gain=44.6102 31.4566 23.0072 44.5924 59.5921 168.079 17.4997 15.7807 12.8689 9.93756 5.45264 4.90859 8.17516 4.89237 7.3891 6.2795 6.13486 4.65137 7.97853 4.14716 3.58417 3.2442 2.89554 0.970866
threshold=1.1445794666770477 -0.7491350475729156 -0.63134183865453442 0.52988476228989012 0.55861543405600889 1.0000000180025095e-35 -0.55305561176639195 -0.75462966474120774 -0.75462966474120774 1.0000000180025095e-35 0.98464209942862591 -1.4265431746572599 -1.0000000180025095e-35 0.85159745036652823 0.64357409657457409 1.0000000180025095e-35 0.98464209942862591 -1.2249691216824441 -1.0000000180025095e-35 1.0000000180025095e-35 0.32043195112447598 -0.26594057770289742 -0.72069791484163315 -0.25066273765626779
decision_type=2 2 2 2 2 2 2 2 2 2 2 2 2 2 2 2 2 2 2 2 2 2 2 2
left_child=2 -2 3 4 5 7 8 -1 11 -3 -5 12 -4 14 15 22 -16 -13 -19 -18 -17 -11 -8 -12
right_child=1 9 6 10 -6 -7 13 -9 -10 21 23 17 -14 -15 16 20 19 18 -20 -21 -22 -23 -24 -25
leaf_value=0.019698450976610184 0.050184946870431305 -0.0051472334117886234 -0.011542879744217947 -0.029041935930795529 -0.029588864138049464 0.11623903504219549 -0.024633587747812272 -0.014760050709183153 0.02190337362885475 0.0089024074940845885 -0.013701003878204911 -0.021528325395924704 0.018871434764155457 -0.0039909354019529962 0.007872927114367486 -0.038633894932361065 -0.0056798723166187606 0.010414008234228406 -0.014591109141403316 -0.027738879963755611 -0.02104008519090712 0.026770828849560505 -0.0086603739533735354 -0.0027617087051272395
leaf_weight=50 40 47 26 34 31 29 30 37 35 29 27 35 31 49 26 44 30 35 49 25 32 37 46 25
leaf_count=50 40 47 26 34 31 29 30 37 35 29 27 35 31 49 26 44 30 35 49 25 32 37 46 25
internal_value=7.11218e-05 0.0197004 -0.00406564 0.0062922 0.0196767 0.0328425 -0.00896092 0.00504369 -0.000248568 0.00890947 -0.016586 -0.00465378 0.00499824 -0.0154797 -0.0178958 -0.0230958 -0.00813793 -0.00927702 -0.00417231 -0.0157067 -0.031226 0.0189196 -0.0149656 -0.00844173
internal_weight=879 153 726 233 147 116 493 87 211 113 86 176 57 282 233 152 81 119 84 55 76 66 76 52
internal_count=879 153 726 233 147 116 493 87 211 113 86 176 57 282 233 152 81 119 84 55 76 66 76 52
is_linear=0
shrinkage=0.04


Tree=48
num_leaves=28
num_cat=0
split_feature=4 9 4 6 6 6 9 9 9 9 6 4 7 4 4 7 9 0 4 0 0 9 0 4 6 4 7
split_gain=54.8883 20.8381 16.8204 15.8402 15.2106 13.7857 31.6753 11.8954 59.9643 21.9577 10.6821 10.0958 11.3769 7.07006 6.85052 12.6786 5.78319 6.83667 5.18327 5.02513 8.83917 4.49683 4.18584 3.79527 3.43295 1.91777 0.729708
threshold=2.3127876754130554 1.3283022159985547 -0.97591696758746049 -1.5165232548344203 -0.60700858055694906 -0.94807658341100087 0.051666547158054986 0.45481465310768643 0.18604924914126547 -0.082716154825155472 0.30250609372052223 -0.68358766598741461 1.0000000180025095e-35 1.0703881436128604 -0.18419177575400311 -0.90629464749658817 -0.28429020779997111 1.0000000180025095e-35 0.52227070311277446 -0.7491350475729156 0.74913504757291582 -0.6874383137496024 0.74913504757291582 0.65625496634612879 -0.15225124341821353 0.16903946367938563 -0.90629464749658817
decision_type=2 2 2 2 2 2 2 2 2 2 2 2 2 2 2 2 2 2 2 2 2 2 2 2 2 2 2
left_child=1 2 16 -4 5 11 -7 8 9 10 22 -5 26 19 21 18 -1 -18 -16 -9 -21 -12 24 25 -6 -3 -13
right_child=-2 23 3 4 7 6 -8 13 -10 -11 14 12 -14 -15 15 -17 17 -19 -20 20 -22 -23 -24 -25 -26 -27 -28
leaf_value=-0.0039595458733624432 0.054183059925663059 0.016332611004191061 -0.023732058492799604 -0.020817509531974792 0.0038131049332710415 0.048134545777973374 -0.0091624470055103307 -0.0061033084700184486 0.048809683579537605 -0.038399214059114457 0.0057507883470792037 -0.0087679809093475346 0.025654574973242625 0.0041006875267395604 0.0094606751335017825 0.029162167624847309 -0.015695878675450449 -0.041052003386947845 -0.014531985473632814 -0.037807100346455208 -0.0080340342223644261 -0.016644964199513196 -0.025636776308047362 0.026331954658445386 -0.015495160826865364 0.0014423897296190261 0.00071586169578410962
leaf_weight=29 29 31 48 25 26 38 26 31 36 30 26 25 35 26 34 37 46 27 25 39 27 32 29 36 34 25 27
leaf_count=29 29 31 48 25 26 38 26 31 36 30 26 25 35 26 34 37 46 27 25 39 27 32 29 36 34 25 27
internal_value=6.8277e-05 -0.00177799 -0.00395991 -0.00161032 0.000136128 0.0100482 0.0248576 -0.00390214 0.000285618 -0.00611316 -0.00212723 0.00158572 0.00802344 -0.0144226 0.00424835 0.0108059 -0.019071 -0.0250742 -0.000705706 -0.0193876 -0.0256272 -0.00660549 -0.0131591 0.0161991 -0.00712825 0.00968519 -0.00384368
internal_weight=879 850 758 656 608 176 64 432 309 273 243 112 87 123 154 96 102 73 59 97 66 58 89 92 60 56 52
internal_count=879 850 758 656 608 176 64 432 309 273 243 112 87 123 154 96 102 73 59 97 66 58 89 92 60 56 52
is_linear=0
shrinkage=0.04


Tree=49
num_leaves=27
num_cat=0
split_feature=4 9 8 6 7 9 4 9 7 4 3 6 4 5 8 9 9 4 0 5 6 8 6 6 6 4
split_gain=50.5851 19.2044 19.3652 40.1896 62.5436 148.975 20.3042 11.3253 14.2437 14.2366 10.7478 9.34437 7.24721 6.91223 5.52024 4.70025 5.47771 4.22008 4.43849 4.01193 3.94024 3.90414 3.43646 2.48428 1.33388 0.0863539
threshold=2.3127876754130554 1.3283022159985547 -0.63134183865453442 0.52988476228989012 0.55861543405600889 1.0000000180025095e-35 -0.35471720168736315 -0.55305561176639195 -0.90629464749658817 -0.22073293845400885 1.0000000180025095e-35 1.0000000180025095e-35 -0.14765061305399738 -0.25066273765626779 1.0000000180025095e-35 -0.082716154825155472 0.52200600409929165 0.022874812879362678 1.0000000180025095e-35 1.0000000180025095e-35 0.18881675943583826 1.0000000180025095e-35 0.30250609372052223 -0.94807658341100087 0.87095276514394182 -0.17201138818733452
decision_type=2 2 2 2 2 2 2 2 2 2 2 2 2 2 2 2 2 2 2 2 2 2 2 2 2 2
left_child=1 2 3 4 5 6 -1 8 17 -10 11 14 13 -5 19 -13 24 20 -19 -9 -4 22 -3 -16 -17 -18
right_child=-2 21 7 12 -6 -7 -8 10 9 -11 -12 15 -14 -15 23 16 25 18 -20 -21 -22 -23 -24 -25 -26 -27
leaf_value=-0.01295347819148108 0.052015737110170823 -0.0014134401699098258 -0.024676687019211909 -0.041539956331253056 -0.022267247017311011 0.11132008165121078 0.025918211077534874 -0.026110399919251601 -0.0053567973822355279 0.032448497782735265 0.0088995992019772537 0.0035819661107502486 -0.0027309519753736613 -0.011794946157932282 -0.02237406773226602 -0.028370170426368715 -0.0049155629470944411 0.0059027906015832379 -0.013790278455863397 -0.0065427554202707192 -0.0045450640230306552 0.026834305003285409 0.0179047027219306 -0.038076301848417836 -0.015859834710756936 -0.0015909136354923248
leaf_weight=43 29 26 35 25 46 29 43 30 30 34 32 38 34 25 28 25 25 47 30 38 28 32 34 38 30 25
leaf_count=43 29 26 35 25 46 29 43 30 30 34 32 38 34 25 28 25 25 47 30 38 28 32 34 38 30 25
internal_value=6.55458e-05 -0.00170687 -0.00380152 0.00544999 0.017152 0.0329197 0.00648237 -0.00821988 -0.000905284 0.0147273 -0.0130489 -0.0155845 -0.0169789 -0.0266675 -0.023174 -0.0084727 -0.0128353 -0.00805159 -0.00176983 -0.0151755 -0.0157293 0.0155512 0.00953351 -0.0314147 -0.0215464 -0.00325324
internal_weight=879 850 758 245 161 115 86 513 204 64 309 277 84 50 134 143 105 140 77 68 63 92 60 66 55 50
internal_count=879 850 758 245 161 115 86 513 204 64 309 277 84 50 134 143 105 140 77 68 63 92 60 66 55 50
is_linear=0
shrinkage=0.04


Tree=50
num_leaves=27
num_cat=0
split_feature=4 7 2 0 7 7 4 4 8 7 4 7 4 4 5 4 7 5 7 5 0 0 0 4 4 4
split_gain=83.2473 21.7399 15.0651 6.46085 6.05056 8.56022 7.65114 11.1276 13.4655 21.4571 38.929 12.8929 7.11693 21.8814 11.3924 6.88608 5.39632 4.73221 4.14241 2.97824 2.57074 1.52648 2.13905 1.31873 1.22383 1.20481
threshold=2.3127876754130554 1.4375614829875671 1.0000000180025095e-35 -1.0000000180025095e-35 -0.32033061487554942 -1.1992766638071075 1.1678312441462091 -0.25727410115401456 -0.63134183865453442 0.55861543405600889 -0.69576805355408322 1.1445794666770477 0.10813752584604273 -0.22073293845400885 1.1378206180301593 0.40046682744608858 -1.4922586801176267 0.67499283280135014 0.55861543405600889 -0.71349052288507664 -1.0000000180025095e-35 -0.7491350475729156 1.0000000180025095e-35 -0.57396417788739751 0.38828643987942002 0.047235588012699836
decision_type=2 2 2 2 2 2 2 2 2 2 2 2 2 2 2 2 2 2 2 2 2 2 2 2 2 2
left_child=1 2 -1 -3 5 16 7 8 9 10 -6 25 13 14 20 -14 24 18 21 -18 -7 -10 -23 -16 -4 -9
right_child=-2 3 4 -5 6 12 -8 11 17 -11 -12 -13 15 -15 23 -17 19 -19 -20 -21 -22 22 -24 -25 -26 -27
leaf_value=0.016045147418975829 0.061373031418770554 0.0018053881541408342 0.0029366840651402107 0.026124128157442267 -0.010997668198176793 0.017334290130270852 0.0081501340245207152 -0.044278565740585328 -0.029636767910372827 -0.0258821099113535 0.052928182714515271 -0.0068107185512781146 -0.026717447972297671 0.029346250742673875 -0.02420626785159111 0.00076893357293946407 -0.011841509726739698 0.00051644399762153627 -0.0073321935352647595 -0.029375220993834158 3.5759455391338897e-05 -0.011235879147425295 -0.02482765782963146 -0.011456933002229091 -0.0091150967005108087 -0.032092333728516539
leaf_weight=45 32 29 26 44 35 27 30 25 31 27 27 36 25 44 25 35 31 26 42 31 28 32 44 27 28 27
leaf_count=45 32 29 26 44 35 27 30 25 31 27 27 36 25 44 25 35 31 26 42 31 28 32 44 27 28 27
internal_value=-0.00193027 -0.00437973 -0.00639768 0.0164633 -0.00782212 -0.00382827 -0.0112409 -0.0128936 -0.00878751 0.00388006 0.016841 -0.0252119 0.000970354 0.00560111 -0.00416324 -0.0106837 -0.0125568 -0.0152299 -0.0179776 -0.0206084 0.00852777 -0.0221561 -0.0191048 -0.0175864 -0.00331239 -0.0379511
internal_weight=859 827 754 73 709 327 382 352 264 89 62 88 211 151 107 60 116 175 149 62 55 107 76 52 54 52
internal_count=859 827 754 73 709 327 382 352 264 89 62 88 211 151 107 60 116 175 149 62 55 107 76 52 54 52
is_linear=0
shrinkage=0.04


Tree=51
num_leaves=28
num_cat=0
split_feature=4 7 3 9 9 9 4 6 6 6 7 4 9 6 4 9 4 8 6 6 6 6 6 6 4 6 6
split_gain=76.7207 20.0355 13.7478 12.2036 26.2786 39.3007 10.826 10.6397 9.74831 52.1659 21.3368 13.8134 14.0801 11.8384 15.7818 9.63016 13.5143 8.91138 5.05049 3.5954 5.39801 2.50031 1.88853 1.55739 1.28011 1.06735 0.592972
threshold=2.3127876754130554 1.4375614829875671 1.0000000180025095e-35 0.051666547158054986 0.3876233021160812 0.58919735509089699 1.1678312441462091 0.41619542800520609 -1.1754552519803687 -0.83438724912631701 -0.32033061487554942 -0.46434068978738036 -0.75462966474120774 -0.15225124341821353 -0.69576805355408322 1.193919514015344 -0.58614456545406601 -0.63134183865453442 0.75726343085925796 0.41619542800520609 0.87095276514394182 1.0000000180025095e-35 -0.15225124341821353 -0.26594057770289742 -0.24509371358734597 -0.37962991198758139 -0.49331924627226525
decision_type=2 2 2 2 2 2 2 2 2 2 2 2 2 2 2 2 2 2 2 2 2 2 2 2 2 2 2
left_child=1 2 3 8 17 -6 15 -3 10 -10 24 13 19 -11 -15 16 21 -5 -14 23 -21 -7 -18 -13 -1 -19 -4
right_child=-2 7 26 4 5 6 -8 -9 9 11 -12 12 18 14 -16 -17 22 25 -20 20 -22 -23 -24 -25 -26 -27 -28
leaf_value=0.0049997303462945494 0.058918110774829988 0.0026851558330513183 0.018481413555145262 -0.052214529256408036 0.033793163895606992 -0.019251242828369142 0.0078241288388768843 0.033579633735841323 0.042014603731108872 -0.038360056559885704 -0.045575040716391346 -0.0095550068580743039 0.022986635967742565 0.0062685367531246606 -0.030149952651876394 -0.0012301277711584762 -0.031721657681465149 -0.01779827377796173 0.0016024307707945508 0.011070314553277245 -0.013131238784641029 -0.0013616030186414719 -0.047119167384046777 -0.022790668290853501 -0.0074354825444795467 -0.028755498691038654 0.0097693316459655771
leaf_weight=26 32 42 25 26 33 25 30 31 41 31 26 33 43 45 33 37 25 25 30 29 30 25 26 25 27 33 25
leaf_count=26 32 42 25 26 33 25 30 31 41 31 26 33 43 45 33 37 25 25 30 29 30 25 26 25 27 33 25
internal_value=-0.00185306 -0.00420454 -0.00614178 -0.00758121 -0.0139668 -0.00611481 -0.0139539 0.0158047 -0.00323777 -0.000296791 -0.0158951 -0.00609869 0.000413254 -0.0174498 -0.00913929 -0.0186882 -0.0250838 -0.0327555 0.0141986 -0.00818786 -0.00123556 -0.0103064 -0.0395714 -0.01526 -0.00133519 -0.0240326 0.0141254
internal_weight=859 827 754 704 285 201 168 73 419 340 79 299 190 109 78 138 101 84 73 117 59 50 51 58 53 58 50
internal_count=859 827 754 704 285 201 168 73 419 340 79 299 190 109 78 138 101 84 73 117 59 50 51 58 53 58 50
is_linear=0
shrinkage=0.04


Tree=52
num_leaves=26
num_cat=0
split_feature=2 9 5 9 9 9 9 9 0 9 9 9 6 0 6 8 9 9 8 0 0 9 6 9 8
split_gain=47.387 26.7201 22.2171 10.6253 8.58278 10.1832 29.5837 31.4324 16.9356 35.2531 18.3128 9.77487 13.1603 9.45219 8.88754 8.21273 6.82944 6.14106 6.13579 14.0537 7.22928 4.73557 0.98367 0.833699 3.83588
threshold=-1.6916913147484629 1.3954935669901598 -0.71349052288507664 -1.5609258766404703 -1.2921604726740494 0.051666547158054986 0.3876233021160812 0.58919735509089699 -0.7491350475729156 -0.14990750581676068 -0.28429020779997111 -0.55305561176639195 0.87095276514394182 1.0000000180025095e-35 1.0000000180025095e-35 -0.63134183865453442 -1.4265431746572599 -0.9562037177160233 -0.63134183865453442 -1.0000000180025095e-35 0.74913504757291582 -0.88901236672441819 -0.37962991198758139 1.1267281630237389 1.0000000180025095e-35
decision_type=2 2 2 2 2 2 2 2 2 2 2 2 2 2 2 2 2 2 2 2 2 2 2 2 2
left_child=-1 3 -3 -2 16 8 15 -8 10 11 17 12 13 -10 -13 -7 -5 -6 19 -9 23 -15 -17 24 -20
right_child=1 2 -4 4 5 6 7 18 9 -11 -12 14 -14 21 -16 22 -18 -19 20 -21 -22 -23 -24 -25 -26
leaf_value=0.043806146417345315 0.013155304553896883 -0.0055212494287941909 0.03591626016383475 -0.0073684162699750493 -0.020500363510847094 -0.050125947262232122 0.032441437497283475 0.00039888919620164514 -0.0030636818485485539 0.041236122469935153 -0.042980841795603436 -0.026520627186848569 -0.017212447309866548 0.011131698985894521 0.0021730711383204306 -0.017086342692375182 -0.034418843500316147 0.0039481569582130761 -0.0034529312806470054 -0.037505299799582538 0.0095468496684080525 0.034610003169093816 -0.027605278302322733 -0.0058626329033605517 -0.024209314867340286
leaf_weight=35 43 37 47 28 25 26 33 29 37 36 27 39 32 27 31 25 32 48 28 34 39 28 33 31 29
leaf_count=35 43 37 47 28 25 26 33 29 37 36 27 39 32 27 31 25 32 48 28 34 39 28 33 31 29
internal_value=-0.00177893 -0.00371519 0.017664 -0.00614202 -0.00733253 -0.00597026 -0.0112137 -0.00359288 -0.00109224 0.00488279 -0.0148348 -0.00186318 0.00488291 0.0125683 -0.0138134 -0.0314453 -0.0217953 -0.00442462 -0.00985147 -0.0200573 -0.00478871 0.0230843 -0.0230713 -0.011142 -0.0140132
internal_weight=859 824 84 740 697 637 307 223 330 230 100 194 124 92 70 84 60 73 190 63 127 55 58 88 57
internal_count=859 824 84 740 697 637 307 223 330 230 100 194 124 92 70 84 60 73 190 63 127 55 58 88 57
is_linear=0
shrinkage=0.04


Tree=53
num_leaves=28
num_cat=0
split_feature=4 7 3 9 9 9 0 9 7 6 4 9 4 8 6 6 6 4 4 0 4 9 6 4 6 9 6
split_gain=69.8455 16.9561 11.3345 10.5274 22.0636 33.6368 11.3441 37.5832 17.1021 10.0684 10.0034 8.67419 12.5042 7.56885 6.37588 18.6912 9.47637 7.8319 8.741 5.79071 5.55662 3.84533 2.31043 2.20563 1.70902 0.94989 0.632549
threshold=2.3127876754130554 1.4375614829875671 1.0000000180025095e-35 0.051666547158054986 0.3876233021160812 0.58919735509089699 -0.7491350475729156 -0.14990750581676068 -0.32033061487554942 0.41619542800520609 1.1678312441462091 1.193919514015344 -0.58614456545406601 -0.63134183865453442 0.41619542800520609 0.75726343085925796 -0.83438724912631701 -0.46434068978738036 0.25430217664606569 0.74913504757291582 0.36392566474608284 -0.9562037177160233 1.0000000180025095e-35 -0.050207512520648777 -0.15225124341821353 0.18604924914126547 -0.49331924627226525
decision_type=2 2 2 2 2 2 2 2 2 2 2 2 2 2 2 2 2 2 2 2 2 2 2 2 2 2 2
left_child=1 2 3 6 13 -6 8 14 20 -3 11 12 22 -5 16 -16 19 -18 -19 -8 21 -1 -7 -17 -14 -15 -4
right_child=-2 9 26 4 5 10 7 -9 -10 -11 -12 -13 24 25 15 23 17 18 -20 -21 -22 -23 -24 -25 -26 -27 -28
leaf_value=-0.011279417430913007 0.056276519040111453 0.0016935998112672852 0.017168000507354737 -0.048120910321505603 0.031143779935258808 -0.018033730721473695 -0.0065082533132623547 0.039586677506773013 -0.041261607662395193 0.031747127069580938 0.0079053342342376709 -0.0010108740506945429 -0.030117962414026263 -0.027827392942630331 0.032408417860666908 -0.00064408438729828812 -0.0306237730383873 0.0057573468514851159 -0.023938616873889138 0.016514744881925912 -0.020437389931508471 0.0078961183783725249 -0.0008367727190256119 -0.016688412339068377 -0.04476541387132154 -0.017534225592389704 0.008169874715805053
leaf_weight=27 32 42 25 26 33 25 44 36 27 31 30 37 25 26 27 29 38 35 29 29 28 44 25 26 26 32 25
leaf_count=27 32 42 25 26 33 25 44 36 27 31 30 37 25 26 27 29 38 35 29 29 28 44 25 26 26 32 25
internal_value=-0.00170778 -0.00395143 -0.00573358 -0.00704058 -0.0129714 -0.00577667 -0.00300646 0.00130962 -0.0130431 0.0144561 -0.0130289 -0.0175798 -0.0236496 -0.0301875 -0.00405215 0.00515183 -0.00836487 -0.0162394 -0.00769864 0.00263787 -0.00534709 0.000604013 -0.00943525 -0.00822868 -0.0375853 -0.0221484 0.0126689
internal_weight=859 827 754 704 285 201 419 293 126 73 168 138 101 84 257 82 175 102 64 73 99 71 50 55 51 58 50
internal_count=859 827 754 704 285 201 419 293 126 73 168 138 101 84 257 82 175 102 64 73 99 71 50 55 51 58 50
is_linear=0
shrinkage=0.04


Tree=54
num_leaves=27
num_cat=0
split_feature=4 7 8 2 7 7 6 4 4 6 4 6 8 6 7 6 6 0 7 7 0 6 7 4 4 4
split_gain=64.8861 16.3994 8.25888 5.75548 5.72474 10.5527 10.0978 7.67385 17.003 9.00116 5.90074 9.48665 17.2285 10.5134 4.17802 5.67095 3.97393 3.47765 2.97267 4.19936 2.82785 2.69473 8.55136 2.6324 1.15448 1.12415
threshold=2.5015836826964182 1.1445794666770477 1.0000000180025095e-35 1.0000000180025095e-35 -0.61331263118606871 -0.90629464749658817 -1.4028339205497364 -0.97591696758746049 -0.85411309192077478 0.64357409657457409 -0.69576805355408322 0.52988476228989012 -0.63134183865453442 1.0983314337133099 0.55861543405600889 -0.60700858055694906 -0.37962991198758139 1.0000000180025095e-35 -1.1992766638071075 -1.4922586801176267 -1.0000000180025095e-35 -0.72069791484163315 1.4375614829875671 -0.050207512520648777 0.58317264094611732 0.38828643987942002
decision_type=2 2 2 2 2 2 2 2 2 2 2 2 2 2 2 2 2 2 2 2 2 2 2 2 2 2
left_child=1 3 21 -1 5 18 -6 9 -9 -8 16 12 -12 -13 15 -14 -10 -7 19 25 -21 -3 -23 -20 -4 -5
right_child=-2 2 24 4 6 17 7 8 10 -11 11 13 14 -15 -16 -17 -18 -19 23 20 -22 22 -24 -25 -26 -27
leaf_value=0.0079188158701766626 0.060586992857547907 0.01230423847070107 0.027931605172157287 0.0030410043264810856 -0.031927076933845396 0.0035561445384825531 -0.031391025442023608 0.025502022977631825 -0.031246164979842991 -0.0012082271158695222 0.020351724571858847 -0.031908301102953986 -0.0020361285816345893 -0.0023249730728566649 0.0029557248664398988 -0.026510792591355067 -0.010336241667920893 0.022134362757205962 0.0064384603598400172 -0.028257954647907844 -0.010945998353676663 -0.020451097946900587 0.0098335018764649125 -0.0092683402905541085 0.015892835328212153 -0.0085095860809087757
leaf_weight=44 26 26 25 26 31 38 43 26 26 25 48 37 28 40 30 33 33 28 38 26 36 26 35 31 26 28
leaf_count=44 26 26 25 26 31 38 43 26 26 25 48 37 28 40 30 33 33 28 38 26 36 26 35 31 26 28
internal_value=-0.00163947 -0.00358171 0.00901346 -0.00608262 -0.00702895 -0.00229373 -0.0100003 -0.00815822 -0.00541649 -0.0202944 -0.00833969 -0.0052774 0.000961775 -0.0165403 -0.00926589 -0.0152765 -0.0195508 0.0114378 -0.00719255 -0.0111031 -0.0182059 0.00152131 -0.00307469 -0.000618218 0.0217942 -0.00294819
internal_weight=859 833 138 695 651 251 400 369 301 68 275 216 139 77 91 61 59 66 185 116 62 87 61 69 51 54
internal_count=859 833 138 695 651 251 400 369 301 68 275 216 139 77 91 61 59 66 185 116 62 87 61 69 51 54
is_linear=0
shrinkage=0.04


Tree=55
num_leaves=26
num_cat=0
split_feature=4 4 9 9 0 9 9 8 0 5 8 4 4 4 0 4 5 4 4 0 4 9 4 0 5
split_gain=60.0631 22.1974 11.5153 15.5824 22.3901 13.7767 14.4857 12.3407 31.7239 27.5481 10.3364 9.31161 10.5436 12.0718 8.20825 6.74665 5.93588 6.52967 4.67582 4.00617 6.01951 3.99647 3.36273 2.86231 1.64586
threshold=2.3127876754130554 0.010694425312694102 0.051666547158054986 0.3876233021160812 0.74913504757291582 0.58919735509089699 1.193919514015344 -0.63134183865453442 -0.7491350475729156 1.0000000180025095e-35 1.0000000180025095e-35 0.64407457877946017 1.3505370576462379 1.0216665933461864 0.74913504757291582 -1.0611796805541405 -0.25066273765626779 0.30302372691273999 -0.61050534058740313 -0.7491350475729156 -0.64704650328740898 0.52200600409929165 -0.35471720168736315 -0.7491350475729156 1.0000000180025095e-35
decision_type=2 2 2 2 2 2 2 2 2 2 2 2 2 2 2 2 2 2 2 2 2 2 2 2 2
left_child=1 2 7 4 23 -5 18 8 -1 -10 11 16 13 -13 21 -9 -3 -18 -7 -17 -21 -12 -22 -4 -24
right_child=-2 10 3 5 -6 6 -8 15 9 -11 14 12 -14 -15 -16 19 17 -19 -20 20 22 -23 24 -25 -26
leaf_value=-0.026739087081872503 0.060486715659499167 0.0067907971562817691 -0.028332092595788151 0.016972108216662157 0.0059445968155677495 -0.013545661882393889 0.010726300690210227 0.013129617250882662 0.055979154112615753 0.0060547818181415402 0.02057900001605352 0.0049349445028182785 -0.0072129449560580884 0.03808372324332595 0.035745320768328384 0.0012525078014511129 -0.0014659386873245239 -0.029835681819915773 -0.034852808954624032 -0.025067059637569802 0.0046589035720660775 0.0014559689043637583 -0.0052050988137722024 -0.045853240294115888 -0.019719576370716096
leaf_weight=26 27 32 26 38 26 45 33 26 28 48 36 39 34 32 32 46 27 25 26 41 29 34 25 35 25
leaf_count=26 27 32 26 38 26 45 33 26 28 48 36 39 34 32 32 46 27 25 26 41 29 34 25 35 25
internal_value=0.00179236 -0.000154507 -0.00508165 -0.0118068 -0.0251372 -0.00363958 -0.0111708 0.000156656 0.0114003 0.024448 0.0087008 0.00316262 0.0111038 0.0198752 0.0189627 -0.00581652 -0.00676389 -0.0151052 -0.0213483 -0.00878399 -0.0126313 0.0112907 -0.00617733 -0.0383852 -0.0124623
internal_weight=841 814 523 229 87 142 104 294 102 76 291 189 105 71 102 192 84 52 71 166 120 70 79 61 50
internal_count=841 814 523 229 87 142 104 294 102 76 291 189 105 71 102 192 84 52 71 166 120 70 79 61 50
is_linear=0
shrinkage=0.04


Tree=56
num_leaves=26
num_cat=0
split_feature=4 4 9 9 0 6 6 7 6 6 7 4 7 4 4 0 6 4 4 4 0 0 0 9 0
split_gain=55.3542 20.4572 10.6125 14.3607 20.6347 14.9363 35.9496 9.81968 10.6293 37.7757 14.4594 7.35403 7.30496 8.19634 23.6094 13.3594 10.1177 7.03482 8.83418 8.5345 6.01181 3.46885 2.6379 1.95997 1.48035
threshold=2.3127876754130554 0.010694425312694102 0.051666547158054986 0.3876233021160812 0.74913504757291582 0.30250609372052223 -0.26594057770289742 -1.1992766638071075 -1.1754552519803687 -0.83438724912631701 -0.61331263118606871 -0.62268572815407175 1.4375614829875671 1.0216665933461864 1.3505370576462379 0.74913504757291582 0.52988476228989012 -0.84193270435410617 -0.70794844112075184 -0.45216030222071174 -1.0000000180025095e-35 1.0000000180025095e-35 -0.7491350475729156 0.85796275905731789 -1.0000000180025095e-35
decision_type=2 2 2 2 2 2 2 2 2 2 2 2 2 2 2 2 2 2 2 2 2 2 2 2 2
left_child=1 2 7 4 22 6 23 21 10 -10 -9 -7 13 15 -15 16 20 -11 -19 -20 -3 -1 -4 -5 -21
right_child=-2 12 3 5 -6 11 -8 8 9 17 -12 -13 -14 14 -16 -17 -18 18 19 24 -22 -23 -24 -25 -26
leaf_value=-0.026036105041320506 0.058067248391884346 0.011137084470440943 -0.02719880945980549 -0.018022746901426995 0.0057068136620980047 -0.0069063189001502216 0.046569712941463177 0.011504423630237579 0.050984364534462139 -0.016870827361941339 -0.028824985539822868 -0.03498959211111069 0.02336843082025139 0.039569153914580477 -0.0045022649336151962 0.018583605807895462 -0.021387368361155193 0.025975009033083918 -0.01589302922926239 0.015807928866147996 -0.012185124584606716 -0.005168079221248627 -0.044019110368697767 -0.0027711153030395507 0.0034000108353793622
leaf_weight=26 27 48 26 28 26 37 26 25 28 30 33 25 44 37 41 48 45 25 37 25 28 25 35 26 40
leaf_count=26 27 48 26 28 26 37 26 25 28 30 33 25 44 37 41 48 45 25 37 25 28 25 35 26 40
internal_value=0.00172066 -0.000148327 -0.00487838 -0.0113345 -0.0241317 -0.00349399 0.00792658 0.00015039 0.0034994 0.00818362 -0.0114416 -0.0182302 0.00835277 0.00567791 0.0164034 0.000727681 -0.00635566 0.000550363 0.0046656 -0.000557288 0.00254469 -0.0158067 -0.0368498 -0.0106794 0.00817229
internal_weight=841 814 523 229 87 142 80 294 243 185 58 62 291 247 78 169 121 157 127 102 76 51 61 54 65
internal_count=841 814 523 229 87 142 80 294 243 185 58 62 291 247 78 169 121 157 127 102 76 51 61 54 65
is_linear=0
shrinkage=0.04


Tree=57
num_leaves=26
num_cat=0
split_feature=7 2 9 9 0 6 6 7 8 6 6 6 6 8 6 0 9 6 7 9 0 6 6 6 7
split_gain=30.2317 14.7063 17.4614 17.4139 20.1853 10.8771 33.2037 18.6764 15.9482 23.5086 12.429 10.8703 23.8869 15.4567 10.6645 10.4648 8.28213 8.07789 6.82756 6.73616 3.9007 4.36938 3.17607 1.00716 0.0639743
threshold=1.4375614829875671 -1.6916913147484629 0.051666547158054986 0.3876233021160812 0.74913504757291582 -0.60700858055694906 -1.1754552519803687 -0.61331263118606871 1.0000000180025095e-35 0.30250609372052223 -0.83438724912631701 0.41619542800520609 1.0000000180025095e-35 1.0000000180025095e-35 -0.60700858055694906 1.2485584126215263 -1.0233950687076285 -1.1754552519803687 -1.4922586801176267 0.92515411004892301 -0.7491350475729156 0.64357409657457409 0.18881675943583826 0.98464209942862591 0.85159745036652823
decision_type=2 2 2 2 2 2 2 2 2 2 2 2 2 2 2 2 2 2 2 2 2 2 2 2 2
left_child=1 -1 5 4 22 6 7 -3 15 -10 -8 12 17 24 -2 16 18 -5 -7 -19 -18 -22 -4 -11 -13
right_child=14 2 3 11 -6 8 10 -9 9 23 -12 13 -14 -15 -16 -17 20 19 -20 -21 21 -23 -24 -25 -26
leaf_value=0.025473099332867247 0.0062321592752750104 0.011092636348760647 -0.044462188310987714 0.012286609621911214 0.0054785410200174035 -0.0013016200617507654 0.043600103408098223 -0.027373891729447576 -0.013951819064095617 0.023837846031785015 0.0099349973670073925 -0.027124915528297426 0.032901605628430843 0.0067150651324879044 0.038410775482654577 -0.030514215326734952 -0.0082641058735493014 -0.025763070443097284 -0.02881499683664691 -0.0018128870072818936 -0.002807217439015706 0.017734927277307255 -0.026202854839739977 0.034979738074320331 -0.02998650858402252
leaf_weight=33 26 46 35 29 26 27 47 36 32 25 28 25 34 33 45 28 33 34 31 42 30 37 27 27 25
leaf_count=33 26 46 35 29 26 27 47 36 32 25 28 25 34 33 45 28 33 34 31 42 30 37 27 27 25
internal_value=0.00165184 -0.000651074 -0.00182081 -0.00904684 -0.0241047 0.00342525 0.0117974 -0.00579511 -0.00144298 0.0130231 0.0310318 -0.00307796 0.00376173 -0.0145324 0.0266271 -0.00797606 -0.00398195 -0.00567404 -0.016007 -0.0125274 0.0029926 0.00853695 -0.0365105 0.0296231 -0.0285557
internal_weight=841 770 737 310 88 427 157 82 270 84 75 222 139 83 71 186 158 105 58 76 100 67 62 52 50
internal_count=841 770 737 310 88 427 157 82 270 84 75 222 139 83 71 186 158 105 58 76 100 67 62 52 50
is_linear=0
shrinkage=0.04


Tree=58
num_leaves=27
num_cat=0
split_feature=4 4 9 6 6 0 8 0 6 9 8 6 6 4 9 9 4 4 0 6 4 4 4 0 6 4
split_gain=50.5891 17.7279 8.99164 13.3668 42.2989 14.7937 11.5249 28.937 25.782 10.0347 8.74987 24.5823 22.4522 10.6922 8.04676 7.94938 6.13397 4.29461 3.74267 6.90402 4.41858 5.10822 2.74883 2.65787 2.5539 1.2764
threshold=2.3127876754130554 0.010694425312694102 0.051666547158054986 0.30250609372052223 -0.15225124341821353 0.74913504757291582 -0.63134183865453442 -0.7491350475729156 -0.26594057770289742 0.58919735509089699 1.0000000180025095e-35 0.41619542800520609 -0.72069791484163315 1.0216665933461864 1.0595368120321338 0.52200600409929165 -1.0611796805541405 0.71715690417947164 -0.7491350475729156 0.30250609372052223 -0.64704650328740898 -0.33035642655402603 0.32738450204607711 1.0000000180025095e-35 0.64357409657457409 0.72933729174614026
decision_type=2 2 2 2 2 2 2 2 2 2 2 2 2 2 2 2 2 2 2 2 2 2 2 2 2 2
left_child=1 2 6 4 5 9 7 -1 -9 -4 12 17 13 -3 22 23 -8 -12 -18 20 -20 -22 -14 -5 -24 -16
right_child=-2 10 3 15 -6 -7 16 8 -10 -11 11 -13 14 -15 25 -17 18 -19 19 -21 21 -23 24 -25 -26 -27
leaf_value=-0.025535341839377699 0.05545250774533661 0.0077254293220383784 -0.040452424476251886 -0.023779111778736116 0.039433645099401476 0.0076484234089201145 0.012317663866740007 0.045453731784597037 -0.0012061581843429143 -0.010350009323777378 0.0097694610399859296 0.040624824641715913 -0.0028367583564034215 0.043715532827377328 0.013162206125259399 -0.0098276764270332131 0.0011235608856963075 -0.011937231582403183 -0.030433874940499664 0.0017981325151202709 0.0013861801385879515 -0.024184346055984497 -0.02563274142868591 -0.042223832291364671 -0.0088700188123262847 0.00038022500276565547
leaf_weight=26 27 28 34 25 30 33 26 40 36 37 35 42 27 25 25 45 46 25 32 38 25 25 33 25 26 25
leaf_count=26 27 28 34 25 30 33 26 40 36 37 35 42 27 25 25 45 46 25 32 38 25 25 33 25 26 25
internal_value=0.00158576 -0.000200972 -0.00460421 -0.0105469 -0.00240989 -0.0144801 2.46348e-05 0.0108903 0.0233517 -0.0247653 0.00771275 0.0171543 0.00261729 0.0247019 -0.00598921 -0.0220244 -0.00574774 0.000725006 -0.00857726 -0.0122959 -0.0188273 -0.0113991 -0.0134081 -0.0330015 -0.0182458 0.00677122
internal_weight=841 814 523 229 134 104 294 102 76 71 291 102 189 53 136 95 192 60 166 120 82 50 86 50 59 50
internal_count=841 814 523 229 134 104 294 102 76 71 291 102 189 53 136 95 192 60 166 120 82 50 86 50 59 50
is_linear=0
shrinkage=0.04


Tree=59
num_leaves=26
num_cat=0
split_feature=4 4 4 7 6 0 4 6 0 0 6 6 7 7 7 8 0 4 4 6 6 8 5 6 4
split_gain=46.6229 16.7891 12.3565 19.0964 10.2607 9.3239 9.24996 8.50015 8.04099 14.8809 8.01897 19.2319 21.5223 19.2669 13.2068 12.3562 8.76719 8.52512 8.20622 7.65091 7.223 5.88992 4.03328 3.75383 3.71884
threshold=2.3127876754130554 0.65625496634612879 1.3505370576462379 -1.1992766638071075 -0.83438724912631701 1.0000000180025095e-35 -0.97591696758746049 0.87095276514394182 0.74913504757291582 1.2485584126215263 0.52988476228989012 1.0000000180025095e-35 0.26563341774548938 1.0000000180025095e-35 -0.32033061487554942 -0.63134183865453442 -1.0000000180025095e-35 -0.24509371358734597 -0.050207512520648777 -0.83438724912631701 1.0000000180025095e-35 -0.63134183865453442 -0.25066273765626779 -0.94807658341100087 -0.23291332602067741
decision_type=2 2 2 2 2 2 2 2 2 2 2 2 2 2 2 2 2 2 2 2 2 2 2 2 2
left_child=1 6 3 -3 -5 -6 7 19 10 21 11 12 15 -13 18 -8 -14 23 -12 -1 -11 -10 -16 -17 -23
right_child=-2 2 -4 4 5 -7 8 -9 9 20 14 13 16 -15 22 17 -18 -19 -20 -21 -22 24 -24 -25 -26
leaf_value=-0.004893053770065308 0.053234408150116604 -0.010609835168490043 -0.0052100339725924044 0.050097765779495242 0.0046208482692318576 0.037453203076124195 0.0239274481289527 0.0067639632880687715 0.034019508390472485 0.0076049829508577074 0.012231629598790254 -0.0013044007200943798 -0.037815986259563554 0.040821451805240938 -0.01505974437702786 0.015968281052730703 -0.0087177795916795735 -0.020131592829437817 -0.016779801438634213 -0.029708011209964753 -0.016743499823337928 0.0012945677042007447 -0.034990049060434104 -0.0055420581534504892 0.021382269324927497
leaf_weight=33 27 26 48 25 31 25 34 25 26 35 39 38 37 32 33 27 30 34 26 50 44 30 32 25 29
leaf_count=33 27 26 48 25 31 25 34 25 26 35 39 38 37 32 33 27 30 34 26 50 44 30 32 25 29
internal_value=0.00152233 -0.000192933 0.0116521 0.0192165 0.0287904 0.0192781 -0.00297895 -0.0136831 -0.000880868 0.00654202 -0.00402648 6.86598e-05 -0.00662606 0.0179531 -0.0121223 0.00351376 -0.0247869 -0.00455677 0.000627057 -0.0198418 -0.0059562 0.018158 -0.0248716 0.00562677 0.0111682
internal_weight=841 814 155 107 81 56 659 108 551 164 387 257 187 70 130 120 67 86 65 83 79 85 65 52 59
internal_count=841 814 155 107 81 56 659 108 551 164 387 257 187 70 130 120 67 86 65 83 79 85 65 52 59
is_linear=0
shrinkage=0.04


Tree=60
num_leaves=27
num_cat=0
split_feature=2 4 8 8 4 9 0 9 4 6 4 4 4 4 6 8 9 4 8 6 0 4 9 6 4 4
split_gain=43.8432 21.632 8.32532 7.77951 24.6473 40.6092 45.8456 18.0175 15.7505 13.4682 8.28474 9.15224 10.0079 8.06048 7.60764 5.9034 5.14388 11.423 4.39409 3.71894 11.4874 8.77395 7.72329 6.29082 3.305 3.92267
threshold=-2.9592882694284057 -0.97591696758746049 -0.63134183865453442 -0.63134183865453442 -0.25727410115401456 0.3876233021160812 1.0000000180025095e-35 1.193919514015344 1.0000000180025095e-35 1.3257101022826776 1.125199887662869 0.79023922957948312 0.38828643987942002 1.6672271343796206 0.075127425151154323 1.0000000180025095e-35 0.25324060013287075 0.32738450204607711 1.0000000180025095e-35 0.075127425151154323 1.0000000180025095e-35 -0.33035642655402603 0.25324060013287075 -1.0617659176956848 -0.33035642655402603 -0.59832495302073463
decision_type=2 2 2 2 2 2 2 2 2 2 2 2 2 2 2 2 2 2 2 2 2 2 2 2 2 2
left_child=-1 2 -2 4 5 6 -3 16 19 10 11 12 14 -12 -10 -14 17 -6 -4 20 21 23 -22 -5 25 -21
right_child=1 3 18 8 7 -7 -8 -9 9 -11 13 -13 15 -15 -16 -17 -18 -19 -20 24 22 -23 -24 -25 -26 -27
leaf_value=0.043730386716978889 -0.0390216256900189 -0.022209229215302249 -0.0027329107394648924 0.0090150831439174146 0.008256133889080957 0.056599550028057666 0.041917276075730724 0.019596034649646644 -0.0013569588866084814 0.030214235420028369 -0.026264989463419749 0.025711392101741608 -0.025588827705383302 0.0047283457100391396 0.026680917166173459 0.00093516206433033133 -0.028136242823224637 -0.026728081272116733 -0.022496163460115591 -0.01089362947688419 -0.0035596097436021356 -0.034025307448208329 0.025727573335170745 -0.016960053753639969 -0.0036658244426636135 -0.028018246904799812
leaf_weight=35 26 44 36 26 32 34 30 33 32 30 29 31 25 25 30 29 31 28 36 49 34 25 25 35 34 38
leaf_count=35 26 44 36 26 32 34 30 33 32 30 29 31 25 25 30 29 31 28 36 49 34 25 25 35 34 38
internal_value=-0.000120283 -0.00197612 -0.0196205 0.000395832 0.00644376 0.0204139 0.003788 -0.00572374 -0.00242735 0.00521389 0.00148249 0.00640447 0.00124486 -0.0119162 0.0122098 -0.0113445 -0.0149056 -0.00806983 -0.0126145 -0.00906315 -0.00474262 -0.0140679 0.00885021 -0.00588868 -0.0142407 -0.0183733
internal_weight=862 827 98 729 232 108 74 124 497 231 201 147 116 54 62 54 91 60 72 266 145 86 59 61 121 87
internal_count=862 827 98 729 232 108 74 124 497 231 201 147 116 54 62 54 91 60 72 266 145 86 59 61 121 87
is_linear=0
shrinkage=0.04


Tree=61
num_leaves=28
num_cat=0
split_feature=2 4 4 6 7 6 0 0 5 7 5 0 7 4 5 7 6 4 4 7 6 6 6 4 6 7 5
split_gain=40.4059 19.9361 6.1696 5.94237 5.12725 7.12828 5.76332 15.8395 15.9375 9.4994 8.99608 8.61444 10.1832 11.3293 12.7108 21.4679 13.2839 9.76176 6.54224 7.0496 4.99255 5.86422 3.91137 3.7329 3.31805 2.82711 1.9395
threshold=-2.9592882694284057 -0.97591696758746049 -0.91501502975411764 0.64357409657457409 1.4375614829875671 -0.49331924627226525 0.74913504757291582 1.2485584126215263 -0.25066273765626779 -0.61331263118606871 1.0000000180025095e-35 -1.0000000180025095e-35 -1.1992766638071075 -0.69576805355408322 -0.25066273765626779 -0.61331263118606871 0.18881675943583826 0.42482760257942576 -0.69576805355408322 0.26563341774548938 -0.60700858055694906 0.30250609372052223 -0.15225124341821353 0.38828643987942002 0.18881675943583826 1.0000000180025095e-35 0.67499283280135014
decision_type=2 2 2 2 2 2 2 2 2 2 2 2 2 2 2 2 2 2 2 2 2 2 2 2 2 2 2
left_child=-1 3 -3 25 6 -6 11 9 -9 -8 -11 12 23 -14 16 -16 -15 18 -13 24 -17 -22 -19 -4 -20 -2 -10
right_child=1 2 4 -5 5 -7 7 8 26 10 -12 17 13 14 15 20 -18 22 19 -21 21 -23 -24 -25 -26 -27 -28
leaf_value=0.041981168661798754 -0.014720385576839801 0.019907242810726169 -0.0040503098729711313 -0.002863135944913935 -0.0066988185286521911 0.02027827623255906 0.034032118842005729 -0.029849503330187873 0.012813380223955831 0.023549928030482045 -0.0082760298997163768 -0.0002432940437875945 -0.014942080465145408 0.0439650373027793 0.02707993820113571 0.0036058605539009852 0.0046423288379554397 -0.0089261054515838625 -0.037421936033403172 -0.0037159104865044359 -0.02803696259856224 -0.0028119446696906253 0.012049347062905629 -0.025098484531044962 -0.019997453656461505 -0.031162307373703117 -0.0023897250639274719
leaf_weight=35 27 25 26 27 25 42 32 32 29 27 30 29 40 28 38 34 27 25 34 25 30 29 33 28 36 44 25
leaf_count=35 27 25 26 27 25 42 32 32 29 27 30 29 40 28 38 34 27 25 34 25 30 29 33 28 36 44 25
internal_value=-0.000115472 -0.00189707 0.000379999 -0.0188357 -0.00031344 0.0102122 -0.00142053 0.00476146 -0.00748069 0.016591 0.00679942 -0.0037622 0.000641417 0.00437019 0.00852336 0.00174795 0.0246612 -0.010537 -0.0168726 -0.021949 -0.00860275 -0.0156382 0.0030082 -0.0149642 -0.0284608 -0.0249097 0.00577491
internal_weight=862 827 729 98 704 67 637 175 86 89 57 462 280 226 186 131 55 182 124 95 93 59 58 54 70 71 54
internal_count=862 827 729 98 704 67 637 175 86 89 57 462 280 226 186 131 55 182 124 95 93 59 58 54 70 71 54
is_linear=0
shrinkage=0.04


Tree=62
num_leaves=27
num_cat=0
split_feature=2 4 8 8 0 4 7 0 7 4 6 4 4 4 4 6 8 6 8 7 6 0 0 4 4 4
split_gain=37.2381 18.3731 7.7109 6.82637 23.8373 21.9038 22.0554 21.2047 14.9643 14.4832 12.3695 7.60111 8.34722 9.26846 7.42426 6.82079 5.4894 5.04557 4.02063 3.50553 4.21859 2.99899 4.35824 12.395 10.4345 3.35037
threshold=-2.9592882694284057 -0.97591696758746049 -0.63134183865453442 -0.63134183865453442 1.2485584126215263 -0.25727410115401456 0.26563341774548938 -1.0000000180025095e-35 1.1445794666770477 1.0000000180025095e-35 1.3257101022826776 1.125199887662869 0.79023922957948312 0.38828643987942002 1.6672271343796206 0.075127425151154323 1.0000000180025095e-35 0.30250609372052223 1.0000000180025095e-35 0.85159745036652823 -1.0617659176956848 0.74913504757291582 -1.0000000180025095e-35 -0.58614456545406601 -0.56178379032072889 -0.57396417788739751
decision_type=2 2 2 2 2 2 2 2 2 2 2 2 2 2 2 2 2 2 2 2 2 2 2 2 2 2
left_child=-1 2 -2 4 5 6 7 -3 17 19 11 12 13 15 -13 -11 -15 -7 -4 20 -5 22 24 -24 -22 -23
right_child=1 3 18 9 -6 8 -8 -9 -10 10 -12 14 -14 16 -16 -17 -18 -19 -20 -21 21 25 23 -25 -26 -27
leaf_value=0.040301923888070246 -0.036753740713309245 -0.01559847047276519 -0.0018874003883037303 0.00062994928356814887 -0.026618259559956288 -0.019904806332832033 0.050955390562029454 0.032534830556251108 0.020778251115013573 -0.0010352578945457935 0.029006536098817984 -0.025133217555181733 0.024624440944002523 -0.024592408609390257 0.0046118112832307821 0.025513096154667438 0.00098462608353844998 0.0013689372340838116 -0.020792141542252569 0.0056141866050660608 -0.02539303338346191 0.0060674697205424311 -0.0045927105126557528 -0.041950296283389137 0.002461958978480349 -0.014641161412000656
leaf_weight=35 26 27 36 47 31 44 34 32 34 32 30 29 31 25 25 30 29 30 36 25 39 25 27 30 48 25
leaf_count=35 26 27 36 47 31 44 34 32 34 32 30 29 31 25 25 30 29 30 36 25 39 25 27 30 48 25
internal_value=-0.000110853 -0.00182119 -0.0180823 0.000364799 0.00603013 0.0110655 0.025295 0.0105077 -0.0011878 -0.00227978 0.00504759 0.00147163 0.00618616 0.00125869 -0.0113624 0.0118107 -0.0108566 -0.0112803 -0.0113398 -0.00864303 -0.010122 -0.0127268 -0.0156574 -0.0242546 -0.0100248 -0.00428685
internal_weight=862 827 98 729 232 201 93 59 108 497 231 201 147 116 54 62 54 74 72 266 241 194 144 57 87 50
internal_count=862 827 98 729 232 201 93 59 108 497 231 201 147 116 54 62 54 74 72 266 241 194 144 57 87 50
is_linear=0
shrinkage=0.04


Tree=63
num_leaves=28
num_cat=0
split_feature=2 4 8 8 0 9 4 0 4 4 6 9 9 0 9 0 0 8 9 6 0 9 4 9 9 6 4
split_gain=34.3186 16.9326 7.10636 6.29118 21.9685 27.6417 44.8796 34.2596 27.5398 13.3477 11.3997 8.00558 13.612 13.1078 9.60865 7.7206 6.03068 3.70541 3.39863 3.89535 9.43936 5.54547 4.25947 3.67071 3.49095 2.29743 1.36915
threshold=-2.9592882694284057 -0.97591696758746049 -0.63134183865453442 -0.63134183865453442 1.2485584126215263 0.3876233021160812 -0.29381526385402029 1.0000000180025095e-35 -0.50088185248738604 1.0000000180025095e-35 1.3257101022826776 -0.62024696275799729 -1.2249691216824441 -0.7491350475729156 -1.5609258766404703 1.0000000180025095e-35 -1.0000000180025095e-35 1.0000000180025095e-35 -1.157777770690839 0.075127425151154323 1.0000000180025095e-35 0.25324060013287075 -0.39125836438736888 -0.48586426077478684 1.0000000180025095e-35 1.0983314337133099 0.765878454446146
decision_type=2 2 2 2 2 2 2 2 2 2 2 2 2 2 2 2 2 2 2 2 2 2 2 2 2 2 2
left_child=-1 2 -2 4 5 7 -7 8 -3 18 11 12 14 -13 -11 -15 -8 -4 -5 20 22 -22 24 -21 -20 -25 -17
right_child=1 3 17 9 -6 6 16 -9 -10 10 -12 13 -14 15 -16 26 -18 -19 19 23 21 -23 -24 25 -26 -27 -28
leaf_value=0.038689846038818358 -0.035283590400448213 -0.043129698038101197 -0.0018119045098622642 -0.021749351606876761 -0.025553528915249531 0.069587891655308862 0.019594719004014442 0.029644338629747691 0.003953895999685578 0.016167586478922101 0.027846274082859359 0.016469316813163458 0.033009099117640793 -0.029476860618639376 -0.017275906481913156 0.0017054801474192314 -0.0072136948704719537 -0.01996045572631475 0.0059818778731502023 6.3115831996713367e-05 -0.0013410368588353907 0.024577962255477905 -0.024210985997835031 -0.022742604984177486 -0.014746243555385332 -0.0090783682210104806 -0.011041766405105591
leaf_weight=35 26 35 36 27 31 28 29 38 46 27 30 32 29 31 28 28 25 36 26 28 28 25 26 45 26 35 26
leaf_count=35 26 35 36 27 31 28 29 38 46 27 30 32 29 31 28 28 25 36 26 28 28 25 26 45 26 35 26
internal_value=-0.000106419 -0.00174834 -0.017359 0.000350207 0.00578893 0.0106228 0.0284923 -0.00169055 -0.0163909 -0.00218859 0.00484569 0.00141277 0.0108341 -0.00535126 -0.000858192 -0.0135661 0.00718342 -0.0108862 -0.00829731 -0.00677762 -0.00214091 0.0108849 -0.0109918 -0.0124018 -0.00438218 -0.0167645 -0.00443208
internal_weight=862 827 98 729 232 201 82 119 81 497 231 201 84 117 55 85 54 72 266 239 131 53 78 108 52 80 54
internal_count=862 827 98 729 232 201 82 119 81 497 231 201 84 117 55 85 54 72 266 239 131 53 78 108 52 80 54
is_linear=0
shrinkage=0.04


end of trees

feature_importances:
Column_4=378
Column_9=347
Column_6=271
Column_7=223
Column_0=168
Column_8=102
Column_5=85
Column_2=38
Column_3=8
Column_1=3

parameters:
[boosting: gbdt]
[objective: regression]
[metric: rmse]
[tree_learner: serial]
[device_type: cpu]
[data_sample_strategy: bagging]
[data: ]
[valid: ]
[num_iterations: 64]
[learning_rate: 0.04]
[num_leaves: 45]
[num_threads: 0]
[seed: 0]
[deterministic: 0]
[force_col_wise: 0]
[force_row_wise: 0]
[histogram_pool_size: -1]
[max_depth: -1]
[min_data_in_leaf: 25]
[min_sum_hessian_in_leaf: 0.001]
[bagging_fraction: 0.8]
[pos_bagging_fraction: 1]
[neg_bagging_fraction: 1]
[bagging_freq: 5]
[bagging_seed: 3]
[bagging_by_query: 0]
[feature_fraction: 0.8]
[feature_fraction_bynode: 1]
[feature_fraction_seed: 2]
[extra_trees: 0]
[extra_seed: 6]
[early_stopping_round: 0]
[early_stopping_min_delta: 0]
[first_metric_only: 0]
[max_delta_step: 0]
[lambda_l1: 0]
[lambda_l2: 0]
[linear_lambda: 0]
[min_gain_to_split: 0]
[drop_rate: 0.1]
[max_drop: 50]
[skip_drop: 0.5]
[xgboost_dart_mode: 0]
[uniform_drop: 0]
[drop_seed: 4]
[top_rate: 0.2]
[other_rate: 0.1]
[min_data_per_group: 100]
[max_cat_threshold: 32]
[cat_l2: 10]
[cat_smooth: 10]
[max_cat_to_onehot: 4]
[top_k: 20]
[monotone_constraints: ]
[monotone_constraints_method: basic]
[monotone_penalty: 0]
[feature_contri: ]
[forcedsplits_filename: ]
[refit_decay_rate: 0.9]
[cegb_tradeoff: 1]
[cegb_penalty_split: 0]
[cegb_penalty_feature_lazy: ]
[cegb_penalty_feature_coupled: ]
[path_smooth: 0]
[interaction_constraints: ]
[verbosity: -1]
[saved_feature_importance_type: 0]
[use_quantized_grad: 0]
[num_grad_quant_bins: 4]
[quant_train_renew_leaf: 0]
[stochastic_rounding: 1]
[linear_tree: 0]
[max_bin: 255]
[max_bin_by_feature: ]
[min_data_in_bin: 3]
[bin_construct_sample_cnt: 200000]
[data_random_seed: 1]
[is_enable_sparse: 1]
[enable_bundle: 1]
[use_missing: 1]
[zero_as_missing: 0]
[feature_pre_filter: 1]
[pre_partition: 0]
[two_round: 0]
[header: 0]
[label_column: ]
[weight_column: ]
[group_column: ]
[ignore_column: ]
[categorical_feature: ]
[forcedbins_filename: ]
[precise_float_parser: 0]
[parser_config_file: ]
[objective_seed: 5]
[num_class: 1]
[is_unbalance: 0]
[scale_pos_weight: 1]
[sigmoid: 1]
[boost_from_average: 1]
[reg_sqrt: 0]
[alpha: 0.9]
[fair_c: 1]
[poisson_max_delta_step: 0.7]
[tweedie_variance_power: 1.5]
[lambdarank_truncation_level: 30]
[lambdarank_norm: 1]
[label_gain: ]
[lambdarank_position_bias_regularization: 0]
[eval_at: ]
[multi_error_top_k: 1]
[auc_mu_weights: ]
[num_machines: 1]
[local_listen_port: 12400]
[time_out: 120]
[machine_list_filename: ]
[machines: ]
[gpu_platform_id: -1]
[gpu_device_id: -1]
[gpu_use_dp: 0]
[num_gpu: 1]

end of parameters

pandas_categorical:null
