tree
version=v4
num_class=1
num_tree_per_iteration=1
label_index=0
max_feature_idx=9
objective=regression
feature_names=Column_0 Column_1 Column_2 Column_3 Column_4 Column_5 Column_6 Column_7 Column_8 Column_9
feature_infos=[-1.4982700951458314:1.4982700951458314] [-0.63368320487849272:1.5780755940845042] [-7.3958776108082063:2.7448980266313372] [-0.26699649569399087:3.7453675090407055] [-1.6032069272708922:5.5710413494968991] [-3.721871126872335:3.2205456515597994] [-1.6870572562614465:1.7236227722790711] [-1.6387496882728867:1.5840524911428266] [-1.2456510737482795:1.2115858666267003] [-1.7289042541194837:1.6978546464523832]
tree_sizes=2214 2359 2275 2358 2364 2465 2613 2350 2533 2375 2452 2374 2460 2278 2276 2281 2281 2284 2627 2632 2382 2373 2288 2290 2214 2307 2548 2464 2465 2389 2556 2560 2387 2385 2558 2481 2480 2572 2325 2484 2559 2576 2490 2576 2476 2308 2486 2403 2470 2566 2399 2566 2313 2471 2310 2283 2290 2391 2296 2298 2491 2403 2313 2570 2492

Tree=0
num_leaves=26
num_cat=0
split_feature=9 9 2 8 6 7 5 7 9 9 9 0 9 0 5 9 0 6 5 0 0 6 5 6 6
split_gain=217.487 51.9787 55.1689 27.3221 25.6112 23.2527 22.0422 11.0325 12.1559 7.77216 7.0576 6.35572 4.92415 4.91584 3.71928 2.64757 2.38974 2.28638 2.09216 2.04893 1.65578 1.76043 1.44226 1.18519 0.361865
threshold=1.0595368120321338 -0.35148155879157633 1.0000000180025095e-35 -0.63134183865453442 0.52988476228989012 0.85159745036652823 -0.25066273765626779 -1.1992766638071075 -0.62024696275799729 -0.082716154825155472 -1.4265431746572599 -1.0000000180025095e-35 1.4626849179817649 -0.7491350475729156 1.0000000180025095e-35 0.25324060013287075 0.74913504757291582 0.52988476228989012 -0.71349052288507664 -1.0000000180025095e-35 0.74913504757291582 -0.26594057770289742 -0.71349052288507664 0.075127425151154323 -0.26594057770289742
decision_type=2 2 2 2 2 2 2 2 2 2 2 2 2 2 2 2 2 2 2 2 2 2 2 2 2
left_child=1 7 -3 4 6 9 -4 10 14 -5 11 -1 13 -2 -9 23 19 -15 -12 -16 21 -17 -14 -11 -10
right_child=12 2 3 5 -6 -7 -8 8 24 15 18 -13 22 17 16 20 -18 -19 -20 -21 -22 -23 -24 -25 -26
leaf_value=9.9800392788687144 10.04312261267124 10.022024572896688 10.020455947220364 9.9699797549955793 9.9561422198963445 9.9953277403527743 9.9764919814537603 9.9967161081764893 9.9899183111353977 9.949344834212976 9.9830200480450824 10.003150980996709 10.036646421602374 10.017379022706617 10.012919713831995 9.9437892786733872 10.020455945469374 10.032360707997857 9.9671226121397662 10.000275765346281 9.9633892787825911 9.9574256423445835 10.048423425494075 9.9374929823052458 9.9840595491028807
leaf_weight=32 30 34 36 42 34 26 37 41 31 27 26 47 28 39 46 28 30 28 27 37 25 33 41 27 37
leaf_count=32 30 34 36 42 34 26 37 41 31 27 26 47 28 39 46 28 30 28 27 37 25 33 41 27 37
internal_value=9.9943 9.98457 9.97362 9.96839 9.98482 9.95994 9.99817 9.99537 10.0008 9.95489 9.98621 9.99379 10.0355 10.0297 10.007 9.95036 10.0108 10.0236 9.97492 10.0073 9.95472 9.95117 10.0436 9.94342 9.98673
internal_weight=869 703 349 315 107 208 73 354 222 182 132 79 166 97 154 140 113 67 53 83 86 61 69 54 68
internal_count=869 703 349 315 107 208 73 354 222 182 132 79 166 97 154 140 113 67 53 83 86 61 69 54 68
is_linear=0
shrinkage=1


Tree=1
num_leaves=26
num_cat=0
split_feature=9 4 7 4 6 5 2 7 9 4 6 5 9 9 0 6 4 0 9 9 0 6 5 6 4
split_gain=200.436 79.6036 25.7452 24.2865 13.589 17.1544 12.6057 12.6006 9.60011 8.27729 7.38502 6.67342 8.28767 6.43213 4.85365 3.9305 3.64463 2.42586 2.42345 2.36408 1.74903 1.67327 1.24993 1.17691 0.335777
threshold=1.0595368120321338 -0.14765061305399738 -0.32033061487554942 1.7037682970796266 0.52988476228989012 -0.25066273765626779 1.0000000180025095e-35 -1.1992766638071075 1.3283022159985547 1.0216665933461864 -0.60700858055694906 1.0000000180025095e-35 -0.48586426077478684 -0.6874383137496024 -1.0000000180025095e-35 0.18881675943583826 -0.64704650328740898 1.0000000180025095e-35 -1.4265431746572599 0.52200600409929165 1.0000000180025095e-35 -0.15225124341821353 -0.25066273765626779 -0.94807658341100087 -0.51306224005405465
decision_type=2 2 2 2 2 2 2 2 2 2 2 2 2 2 2 2 2 2 2 2 2 2 2 2 2
left_child=1 2 7 8 5 10 -3 -1 -2 11 -4 18 15 20 23 -13 -16 -10 -8 22 -9 -11 -6 -7 -15
right_child=3 6 4 -5 19 14 9 13 17 21 -12 12 -14 24 16 -17 -18 -19 -20 -21 -22 -23 -24 -25 -26
leaf_value=-0.025778502881890392 0.018929588772977395 0.034747258569933132 0.012451671482278751 0.074234092288783624 -0.049946719090143844 -0.032241652278372876 0.0015653489180840552 0.0026561274460150993 0.035073601871120685 0.025566359336449143 -0.01480008772051916 0.0087878386712400246 -0.0084154425873871775 -0.013884431248577312 -0.029367940094928411 0.028765250643079457 -0.010161939752101898 0.048259947383549155 -0.012645716168141615 -0.03012083056781973 0.015562475713335775 0.011970149189499873 -0.038195678442716596 -0.04406015030973192 -0.0076076608014603456
leaf_weight=41 48 27 26 28 30 26 32 42 49 30 41 40 31 25 43 26 25 41 48 28 28 28 28 28 30
leaf_count=41 48 27 26 28 30 26 32 42 49 30 41 40 31 25 43 26 25 41 48 28 28 28 28 28 30
internal_value=0.000734505 -0.0086005 -0.0189753 0.0402677 -0.0264842 -0.0204862 0.00886244 -0.00653586 0.033376 0.00588844 -0.00422478 0.00159112 0.00864465 -0.000224271 -0.0294167 0.0166577 -0.0223069 0.0410807 -0.00696129 -0.0396659 0.00781867 0.0190027 -0.0442738 -0.0383698 -0.0104607
internal_weight=869 703 441 166 275 189 262 166 138 235 67 177 97 125 122 66 68 90 80 86 70 58 58 54 55
internal_count=869 703 441 166 275 189 262 166 138 235 67 177 97 125 122 66 68 90 80 86 70 58 58 54 55
is_linear=0
shrinkage=0.04


Tree=2
num_leaves=25
num_cat=0
split_feature=9 4 8 7 4 9 9 9 3 9 7 4 5 9 7 0 7 9 0 9 4 9 9 8
split_gain=184.722 73.3627 29.4973 26.2535 22.3825 13.3775 20.965 12.113 10.9606 8.84746 8.23802 7.60879 6.17507 7.63792 2.9975 2.23568 2.20975 3.87022 2.44111 2.20861 1.29501 1.14704 1.12242 0.87212
threshold=1.0595368120321338 -0.14765061305399738 -0.63134183865453442 -0.32033061487554942 1.7037682970796266 0.45481465310768643 1.0000000180025095e-35 -0.41867290978318161 1.0000000180025095e-35 1.3283022159985547 -1.1992766638071075 1.0216665933461864 1.0000000180025095e-35 -0.48586426077478684 -0.61331263118606871 1.0000000180025095e-35 0.55861543405600889 -0.082716154825155472 0.74913504757291582 -1.4265431746572599 1.715948684646295 -0.75462966474120774 0.32043195112447598 1.0000000180025095e-35
decision_type=2 2 2 2 2 2 2 2 2 2 2 2 2 2 2 2 2 2 2 2 2 2 2 2
left_child=1 2 5 10 9 6 7 -1 11 -2 -4 12 19 21 23 -11 17 -5 22 -3 -13 -14 -19 -12
right_child=4 8 3 16 -6 -7 -8 -9 -10 15 14 20 13 -15 -16 -17 -18 18 -20 -21 -22 -23 -24 -25
leaf_value=0.002630493313796362 0.018172405157238246 0.0015572958836151708 -0.027968808263540267 -0.025935046462451709 0.071264729382736342 -0.026013871844519271 0.027164824950067619 -0.030736125404084168 0.032159296619439767 0.033670657465652544 0.0069294599134957901 0.012664492540061474 0.011177629153761599 -0.0080788247864092555 -0.014101648934442421 0.046329549790882489 -0.027513159759184148 -0.048780447904552729 -0.031013744364564239 -0.012139887623100851 0.024647018399641469 0.021767967186712971 -0.038364799797534939 -0.0033345618765228068
leaf_weight=49 48 31 31 34 28 33 38 27 28 49 27 31 36 31 29 41 47 49 26 48 27 30 25 26
leaf_count=49 48 31 31 34 28 33 38 27 28 49 27 31 36 31 29 41 47 49 26 48 27 30 25 26
internal_value=0.000705125 -0.00825648 -0.0182163 -0.0255313 0.038657 -0.00358623 0.00290598 -0.00922344 0.00850794 0.0320409 -0.0104034 0.00567787 0.00153723 0.00829887 -0.00376282 0.0394375 -0.0349759 -0.0375934 -0.0415572 -0.00676504 0.0182426 0.0159914 -0.0452616 0.00189428
internal_weight=869 703 441 294 166 147 114 76 262 138 113 234 176 97 82 90 181 134 100 79 58 66 74 53
internal_count=869 703 441 294 166 147 114 76 262 138 113 234 176 97 82 90 181 134 100 79 58 66 74 53
is_linear=0
shrinkage=0.04


Tree=3
num_leaves=26
num_cat=0
split_feature=7 7 8 2 7 6 5 4 4 7 7 4 4 7 7 4 4 4 7 5 1 7 6 6 7
split_gain=160.23 58.7463 27.5537 26.4545 31.4501 18.6597 18.8359 11.6613 8.26074 7.37269 7.31258 12.4322 8.99789 6.14159 5.58188 4.74306 4.69847 2.94571 2.17129 2.13381 2.08123 2.87038 1.85584 0.708155 0.645614
threshold=0.85159745036652823 -0.32033061487554942 -0.63134183865453442 1.0000000180025095e-35 1.1445794666770477 0.52988476228989012 -0.25066273765626779 -0.33035642655402603 0.66843535391279729 1.4375614829875671 -1.1992766638071075 0.52227070311277446 1.3505370576462379 -1.1992766638071075 -0.61331263118606871 0.9851254306461803 -0.46434068978738036 0.21167082016272562 1.4375614829875671 -1.1763183081138855 1.0000000180025095e-35 1.0000000180025095e-35 -0.37962991198758139 1.0000000180025095e-35 0.26563341774548938
decision_type=2 2 2 2 2 2 2 2 2 2 2 2 2 2 2 2 2 2 2 2 2 2 2 2 2
left_child=1 7 5 -2 15 6 -3 13 18 -10 12 17 19 -1 23 -5 20 22 -6 -9 21 -4 -12 -15 -23
right_child=3 2 16 4 8 -7 -8 10 9 -11 11 -13 -14 14 -16 -17 -18 -19 -20 -21 -22 24 -24 -25 -26
leaf_value=-0.023063554766051694 0.069074286307394511 0.029011523228546138 -0.026269579195976257 -0.012206884838773736 0.017566965720776855 -0.028942559676510948 -0.014737466156723038 -0.002483704936972191 0.033730859023493695 0.060667605502852079 0.0027931926071643833 0.038358713227510451 0.019405530961602926 0.0081365750121767631 -0.01614816124057945 0.011763671237230299 -0.020347109940316944 -0.0024841841544423785 0.031602511048316954 -0.016125102963414975 -0.027378178238868713 -0.04631506319968931 0.016233261926875759 -0.00034621351864188909 -0.038939205225633114
leaf_weight=33 25 32 25 28 29 35 31 43 37 29 25 25 25 32 34 25 45 35 45 32 40 31 48 31 49
leaf_count=33 25 32 25 28 29 35 31 43 37 29 25 25 25 32 34 25 45 35 45 32 40 31 48 31 49
internal_value=0.00067692 -0.00926247 -0.0227526 0.0303583 0.0253433 -0.00552533 0.00748424 0.00144046 0.0352783 0.0455667 0.00679564 0.0129402 -0.00137664 -0.00815767 -0.00308659 -0.000900019 -0.0316383 0.0070563 0.0261021 -0.00830403 -0.0351424 -0.0381003 0.0116305 0.0039625 -0.0417974
internal_weight=869 651 288 218 193 98 63 363 140 66 233 133 100 130 97 53 190 108 74 75 145 105 73 63 80
internal_count=869 651 288 218 193 98 63 363 140 66 233 133 100 130 97 53 190 108 74 75 145 105 73 63 80
is_linear=0
shrinkage=0.04


Tree=4
num_leaves=26
num_cat=0
split_feature=9 4 7 4 6 5 7 2 9 4 4 9 5 9 0 6 9 0 9 0 6 5 9 5 4
split_gain=157.783 62.8746 20.3278 20.0153 11.7406 14.1047 10.2152 10.1088 7.65185 6.70946 6.60539 5.28459 5.20381 6.68489 4.23882 3.52698 2.22492 2.06667 2.00524 1.60871 1.50096 1.0714 1.06017 0.788723 0.271742
threshold=1.0595368120321338 -0.14765061305399738 -0.32033061487554942 1.7037682970796266 0.52988476228989012 -0.25066273765626779 -1.1992766638071075 1.0000000180025095e-35 1.3283022159985547 1.0216665933461864 -0.78103076652076331 -0.6874383137496024 1.0000000180025095e-35 -0.48586426077478684 1.0000000180025095e-35 0.18881675943583826 0.52200600409929165 1.0000000180025095e-35 -1.4265431746572599 1.0000000180025095e-35 -0.15225124341821353 -0.25066273765626779 0.051666547158054986 1.0000000180025095e-35 -0.51306224005405465
decision_type=2 2 2 2 2 2 2 2 2 2 2 2 2 2 2 2 2 2 2 2 2 2 2 2 2
left_child=1 2 6 8 5 10 -1 -3 -2 12 -4 19 18 15 22 -14 21 -10 -9 -8 -11 -6 -7 -16 -13
right_child=3 7 4 -5 16 14 11 9 17 20 -12 24 13 -15 23 -17 -18 -19 -20 -21 -22 -23 -24 -25 -26
leaf_value=-0.023125294883076738 0.016571398247033357 0.031067197841626627 -0.018491740299871676 0.066560531684330529 -0.045500070432821914 -0.026309833686266628 0.00222244846296408 0.001559013628284447 0.030802937454106859 0.023247739134977265 0.0071138413473963739 -0.012475171482563019 0.0073254499640315772 -0.0077381214523507703 -0.012177799862623215 0.026249614529884779 -0.02651779322751931 0.042973945882262256 -0.011367823737673461 0.014600258356492436 0.010370625719827201 -0.034620549221123967 -0.036311304683602136 -0.022128434433386874 -0.0068285445244206733
leaf_weight=41 48 27 27 28 30 28 42 32 49 30 40 25 40 31 25 26 28 41 48 28 28 28 43 26 30
leaf_count=41 48 27 27 28 30 28 42 32 49 30 40 25 40 31 25 26 28 41 48 28 28 28 43 26 30
internal_value=0.000649843 -0.00763255 -0.016853 0.0357253 -0.0235253 -0.0179501 -0.00579953 0.00788734 0.0294689 0.00522412 -0.00320483 -0.000116684 0.00135514 0.00758378 -0.0260479 0.0147804 -0.0357776 0.0363475 -0.00619709 0.00717357 0.0170312 -0.0402479 -0.0323671 -0.0172507 -0.00939519
internal_weight=869 703 441 166 275 189 166 262 138 235 67 125 177 97 122 66 86 90 80 70 58 58 71 51 55
internal_count=869 703 441 166 275 189 166 262 138 235 67 125 177 97 122 66 86 90 80 70 58 58 71 51 55
is_linear=0
shrinkage=0.04


Tree=5
num_leaves=27
num_cat=0
split_feature=9 4 8 9 4 4 2 4 0 9 5 9 0 9 9 9 8 4 9 9 4 4 5 0 0 4
split_gain=142.674 52.1357 23.8234 22.8487 15.9367 12.522 9.03619 7.21667 7.06743 5.99846 3.61087 4.37691 2.39562 2.26313 2.68373 2.00189 1.90894 1.86687 1.66197 1.63675 1.11922 0.973874 0.877364 0.833779 0.631166 0.399117
threshold=1.1267281630237389 -0.14765061305399738 -0.63134183865453442 -0.28429020779997111 -0.70794844112075184 1.0703881436128604 1.0000000180025095e-35 1.0216665933461864 1.0000000180025095e-35 1.3283022159985547 1.0000000180025095e-35 -0.48586426077478684 1.0000000180025095e-35 -0.082716154825155472 0.25324060013287075 -1.157777770690839 -0.63134183865453442 -0.51306224005405465 -0.55305561176639195 -1.2249691216824441 0.4126472150127572 -0.54960340275406028 -0.25066273765626779 -1.0000000180025095e-35 1.0000000180025095e-35 0.43700799014609432
decision_type=2 2 2 2 2 2 2 2 2 2 2 2 2 2 2 2 2 2 2 2 2 2 2 2 2 2
left_child=1 2 4 15 12 9 -3 10 -6 -2 16 20 -1 -5 22 -4 -8 23 21 -9 -12 -17 -15 -16 -11 -18
right_child=5 6 3 13 8 -7 7 19 -10 24 11 -13 -14 14 17 18 25 -19 -20 -21 -22 -23 -24 -25 -26 -27
leaf_value=-0.023984299449152067 0.013044380816546353 0.026058913142450395 -0.017820644421236854 -0.022042415942996742 0.019325206101561587 0.052566084611144932 -0.016289749395102263 0.009116819088542184 -0.0050458703895635681 0.030009672567248347 0.0061524788007653996 -0.0073578687372707549 -0.0093691332375302038 -0.044899784773588185 -0.038758011245727537 -0.0071475547980517154 -0.00064394737250710792 -0.020166041374206547 -0.013516482495599322 0.021682454171004117 0.017701521655917169 0.0036255118347190579 -0.035108965215859593 -0.029571813407332396 0.037310251792271931 -0.0071515118680894373
leaf_weight=38 33 31 28 32 45 44 25 43 33 40 29 31 34 32 25 25 38 25 27 27 25 29 27 43 36 25
leaf_count=38 33 31 28 32 45 44 25 43 33 40 29 31 34 32 25 25 38 25 27 27 25 29 27 43 36 25
internal_value=-0.000510941 -0.00799365 -0.0164765 -0.0231135 -0.00351222 0.0345551 0.00572131 0.00312681 0.00901437 0.0272846 -0.00125801 0.00462195 -0.0170827 -0.0317108 -0.0337462 -0.00860066 -0.00693752 -0.0295128 -0.00541351 0.0139636 0.0114993 -0.00136202 -0.0404192 -0.0329491 0.0334678 -0.00322631
internal_weight=870 717 443 293 150 153 274 243 78 109 173 85 72 184 152 109 88 93 81 70 54 54 59 68 76 63
internal_count=870 717 443 293 150 153 274 243 78 109 173 85 72 184 152 109 88 93 81 70 54 54 59 68 76 63
is_linear=0
shrinkage=0.04


Tree=6
num_leaves=29
num_cat=0
split_feature=7 4 8 9 9 4 9 4 4 7 4 9 9 6 0 6 9 9 9 7 4 9 9 9 6 4 6 9
split_gain=141.753 47.2569 21.3088 20.8278 14.2443 17.2549 13.5529 11.4579 7.01414 3.88712 6.74431 8.21458 3.01729 2.45276 2.43752 2.32941 2.01943 2.60839 1.84494 1.62905 1.61598 1.37066 1.45051 1.27993 1.19741 1.17478 0.994032 0.578603
threshold=1.1445794666770477 -0.14765061305399738 -0.63134183865453442 -0.28429020779997111 0.45481465310768643 -0.70794844112075184 -0.35148155879157633 1.502791902229595 1.6672271343796206 -1.1992766638071075 0.5588118658127802 0.85796275905731789 1.5970676199649756 -0.83438724912631701 1.0000000180025095e-35 -0.15225124341821353 -0.082716154825155472 0.25324060013287075 -1.157777770690839 -0.61331263118606871 -0.51306224005405465 -0.48586426077478684 -0.88901236672441819 -1.4265431746572599 -0.26594057770289742 -0.54960340275406028 0.18881675943583826 0.45481465310768643
decision_type=2 2 2 2 2 2 2 2 2 2 2 2 2 2 2 2 2 2 2 2 2 2 2 2 2 2 2 2
left_child=1 2 4 18 5 14 -7 12 9 23 21 -12 13 -2 -1 -15 -5 26 -4 25 24 22 -11 -3 -19 -20 -18 -23
right_child=7 8 3 16 -6 6 -8 -9 -10 10 11 -13 -14 15 -16 -17 17 20 19 -21 -22 27 -24 -25 -26 -27 -28 -29
leaf_value=-0.022639144937006327 0.035323539758101104 -0.00020229202157093421 -0.01710781899979338 -0.021160719245672227 -0.026430258260053744 0.0022239580836135131 0.039951925069093702 0.0594084694981575 0.021135076402049317 -0.002102732348900575 0.033939443150391949 0.0024386148320304024 0.040903139191289101 0.012318667137622835 -0.0054796771870719062 0.028505805207021312 -0.033150143645427843 -0.037801324040801436 -0.006861652568913996 -0.012401207868129975 -0.019359399795532226 -0.008266337199343575 0.010805515999595323 -0.010485311505001258 -0.027004436162256062 0.0054009784759953619 -0.043571622408926487 0.00017867219448089601
leaf_weight=26 32 45 28 32 34 39 25 26 38 26 26 27 31 25 27 33 27 27 25 31 25 27 30 34 42 25 32 25
leaf_count=26 32 45 28 32 34 39 25 26 38 26 26 27 31 25 27 33 27 27 25 31 25 27 30 34 42 25 32 25
internal_value=-0.000490503 -0.00777091 -0.0158538 -0.0221268 -0.00364017 0.00298259 0.0169614 0.0353172 0.00516751 0.00263931 0.00620521 0.0178919 0.0301406 0.0264335 -0.0138975 0.0215286 -0.0302989 -0.0322101 -0.00825664 -0.00519697 -0.0280724 0.000470094 0.0048124 -0.0046279 -0.0312293 -0.000730337 -0.0388025 -0.00420624
internal_weight=870 723 445 294 151 117 64 147 278 240 161 53 121 90 53 58 185 153 109 81 94 108 56 79 69 50 59 52
internal_count=870 723 445 294 151 117 64 147 278 240 161 53 121 90 53 58 185 153 109 81 94 108 56 79 69 50 59 52
is_linear=0
shrinkage=0.04


Tree=7
num_leaves=26
num_cat=0
split_feature=9 4 9 4 4 6 5 2 4 9 9 5 9 4 0 6 9 9 0 6 4 6 9 6 4
split_gain=121.086 44.3172 17.2236 10.7803 8.24531 10.0096 21.1735 8.10428 6.36661 5.2754 4.30907 3.10849 3.67778 2.10866 1.86966 1.79787 1.43032 1.40907 1.68313 1.90258 1.845 1.3715 1.24844 1.07301 0.92021
threshold=1.1267281630237389 -0.14765061305399738 -0.55305561176639195 1.0703881436128604 -0.69576805355408322 0.30250609372052223 -0.25066273765626779 1.0000000180025095e-35 1.0216665933461864 1.3283022159985547 -1.2921604726740494 1.0000000180025095e-35 -0.48586426077478684 -0.42779952708737462 -1.0000000180025095e-35 -0.15225124341821353 -1.2249691216824441 -0.082716154825155472 0.74913504757291582 0.87095276514394182 -0.95155619245412326 0.30250609372052223 0.18604924914126547 -0.49331924627226525 0.4126472150127572
decision_type=2 2 2 2 2 2 2 2 2 2 2 2 2 2 2 2 2 2 2 2 2 2 2 2 2
left_child=1 2 10 9 17 6 -6 -3 11 -2 -1 21 24 14 -12 -11 -10 -4 19 20 -19 -9 -7 -8 -13
right_child=3 7 4 -5 5 22 23 8 16 15 13 12 -14 -15 -16 -17 -18 18 -20 -21 -22 -23 -24 -25 -26
leaf_value=-0.015266811619786656 0.011733177123647747 0.024540899876625305 -0.020144341886043551 0.048545018258419906 0.019764239336637891 -0.01981571692543534 -0.015269015848753042 -0.0010943927594926209 0.0084711941955394523 0.022598215959690235 -0.010693567923173821 0.0056165948356020033 -0.0068208424122102795 0.0086305431225091999 0.0035496508812066169 0.035453025881125005 0.020217705462472858 -0.029178129813500812 -0.02068625020404016 -0.02260955768602866 -0.042953876057373622 -0.01112319051870145 -0.031535681865432041 -0.026329018414393068 0.016088638865947726
leaf_weight=34 33 31 41 44 34 26 32 40 43 27 29 29 31 38 30 49 27 35 31 27 28 48 33 25 25
leaf_count=34 33 31 41 44 34 26 32 40 43 27 29 29 31 38 30 49 27 35 31 27 28 48 33 25 25
internal_value=-0.000470883 -0.00736429 -0.0151852 0.0318335 -0.0202959 -0.0135382 -0.00521813 0.00528055 0.00282346 0.0250876 -0.00301324 -0.00129502 0.0041606 0.00128182 -0.00345125 0.0308862 0.013002 -0.026553 -0.0287246 -0.0314933 -0.0353007 -0.00656465 -0.026371 -0.0201199 0.0104648
internal_weight=870 717 443 153 312 150 91 274 243 109 131 173 85 97 59 76 70 162 121 90 63 88 59 57 54
internal_count=870 717 443 153 312 150 91 274 243 109 131 173 85 97 59 76 70 162 121 90 63 88 59 57 54
is_linear=0
shrinkage=0.04


Tree=8
num_leaves=28
num_cat=0
split_feature=7 4 8 9 9 9 4 9 2 4 9 7 7 9 9 9 9 4 4 7 9 4 4 4 4 9 9
split_gain=120.864 40.0645 19.1612 18.1525 12.847 15.3698 9.97482 9.14097 7.72435 5.38401 2.80955 2.72497 3.8961 2.58683 1.82808 2.45221 1.64507 1.41807 1.36087 1.3247 1.19191 1.04206 1.02715 0.982002 1.19388 0.573456 0.568045
threshold=1.1445794666770477 -0.14765061305399738 -0.63134183865453442 -0.28429020779997111 0.45481465310768643 1.0000000180025095e-35 1.502791902229595 -0.6874383137496024 1.0000000180025095e-35 1.0216665933461864 1.0000000180025095e-35 -0.90629464749658817 -0.61331263118606871 1.5970676199649756 -0.082716154825155472 0.25324060013287075 -1.157777770690839 0.65625496634612879 -0.51306224005405465 -0.61331263118606871 -1.2249691216824441 0.15685907611271704 -0.54960340275406028 0.52227070311277446 0.14467868854604846 0.051666547158054986 0.6563887060825021
decision_type=2 2 2 2 2 2 2 2 2 2 2 2 2 2 2 2 2 2 2 2 2 2 2 2 2 2 2
left_child=1 2 4 16 5 7 13 -1 -3 10 11 23 -13 17 -5 25 -4 21 26 22 -11 -2 -18 24 -10 -16 -17
right_child=6 8 3 14 -6 -7 -8 -9 9 20 -12 12 -14 -15 15 18 19 -19 -20 -21 -22 -23 -24 -25 -26 -27 -28
leaf_value=0.0071933908350765713 0.026249538947795997 0.023559263848489331 -0.015974820202058513 -0.019500339720398187 -0.02467867687344551 0.025000914341459672 0.055090329417815574 -0.019683352500972588 -0.0068942879214882848 0.0075054812324898577 -0.012492959444721541 0.01913455375398581 -0.001307246276310512 0.037747535051838046 -0.031806268596649173 -0.032176352300141986 -0.0064329136908054356 0.031450442771116895 -0.018005558407306672 -0.011224132564760023 0.018159830367990903 0.015700783575734786 0.0050333583295345307 -0.00934082919130883 0.0049413111051544549 -0.039786705129286823 -0.024880044873683685
leaf_weight=40 29 31 28 32 34 36 26 41 25 42 30 26 35 31 25 38 25 30 25 31 28 31 25 31 30 34 31
leaf_count=40 29 31 28 32 34 36 26 41 25 42 30 26 35 31 25 38 25 30 25 31 28 31 25 31 30 34 31
internal_value=-0.000452048 -0.00717466 -0.0146171 -0.0205655 -0.00303526 0.00325428 0.0326122 -0.00641089 0.00473854 0.00237643 -0.00133744 0.000939192 0.00740565 0.0277822 -0.0281948 -0.0300132 -0.00761681 0.0243497 -0.0260013 -0.00472762 0.0117672 0.0207993 -0.000699778 -0.00364748 -0.000438507 -0.0364052 -0.0288983
internal_weight=870 723 445 294 151 117 147 81 278 247 177 147 61 121 185 153 109 90 94 81 70 60 50 86 55 59 69
internal_count=870 723 445 294 151 117 147 81 278 247 177 147 61 121 185 153 109 90 94 81 70 60 50 86 55 59 69
is_linear=0
shrinkage=0.04


Tree=9
num_leaves=26
num_cat=0
split_feature=7 7 2 8 7 6 6 0 9 9 6 8 6 7 7 7 9 0 9 6 6 6 6 6 6
split_gain=111.388 24.3258 30.2809 12.5214 15.7038 13.0136 8.33459 5.35128 4.42261 3.42993 3.34838 3.85453 2.96659 2.60061 3.74701 3.58654 3.09941 1.62993 0.998101 0.983726 0.849105 0.802187 0.301885 0.536805 0.231053
threshold=1.1445794666770477 -0.32033061487554942 1.0000000180025095e-35 -0.63134183865453442 0.85159745036652823 0.52988476228989012 -0.37962991198758139 -0.7491350475729156 1.4626849179817649 -0.082716154825155472 -0.72069791484163315 1.0000000180025095e-35 -1.2891445862650526 -1.1992766638071075 -1.4922586801176267 -0.61331263118606871 -0.75462966474120774 0.74913504757291582 0.25324060013287075 0.52988476228989012 1.0000000180025095e-35 0.18881675943583826 -0.26594057770289742 0.64357409657457409 0.64357409657457409
decision_type=2 2 2 2 2 2 2 2 2 2 2 2 2 2 2 2 2 2 2 2 2 2 2 2 2
left_child=1 10 -3 5 9 6 -4 -2 17 -5 11 12 -1 14 24 16 20 -9 21 -17 -15 -11 -20 -24 -12
right_child=7 2 3 4 -6 -7 -8 8 -10 18 13 -13 -14 15 -16 19 -18 -19 22 -21 -22 -23 23 -25 -26
leaf_value=0.0023290502226778441 0.043789962127804762 0.019617560192158347 -0.0077285779504815038 -0.017240217303236324 -6.8622623619280369e-05 -0.026526626365525382 0.020756682198067814 0.013405137423313025 0.035657453735669455 -0.029950051307678222 0.0032681663095951081 -0.0039657911627242965 0.019394385274857855 0.0063720690493937584 -0.01504841288003566 -0.012631468715576024 0.016003610920161008 0.02679656670643733 -0.031060838492380248 -0.0019164563818224545 -0.002620547294084515 -0.039155114853020867 -0.022252618406827632 -0.030461738538742067 -0.0021175553191166659
leaf_weight=28 40 38 42 36 38 35 27 33 48 28 25 36 39 28 48 26 32 26 36 29 42 33 26 25 26
leaf_count=28 40 38 42 36 38 35 27 33 48 28 25 36 39 28 48 26 32 26 36 29 42 33 26 25 26
internal_value=-0.000433966 -0.00688767 -0.0141742 -0.0181131 -0.0234787 -0.00665963 0.00341783 0.0313077 0.0266415 -0.0283134 0.000500348 0.00659054 0.0122626 -0.00195 -0.00702703 0.00125143 0.00569089 0.0193064 -0.0310069 -0.00698173 0.000976499 -0.0349298 -0.0282563 -0.0262767 0.000522504
internal_weight=870 723 364 326 222 104 69 147 107 184 359 103 67 256 99 157 102 59 148 55 70 61 87 51 51
internal_count=870 723 364 326 222 104 69 147 107 184 359 103 67 256 99 157 102 59 148 55 70 61 87 51 51
is_linear=0
shrinkage=0.04


Tree=10
num_leaves=27
num_cat=0
split_feature=4 4 7 8 4 7 9 7 9 7 2 9 9 9 9 7 4 9 9 4 7 4 8 8 4 4
split_gain=94.1474 31.9322 19.7076 13.295 15.1861 12.4872 20.8221 9.38475 18.2216 8.51496 5.56369 4.21587 6.88619 3.80871 2.90768 2.60017 2.55082 2.25415 2.10439 2.1019 1.52556 1.01549 0.895447 0.764033 0.570956 0.0304043
threshold=-0.12328983792066023 2.3127876754130554 1.4375614829875671 -0.63134183865453442 -0.82975231678743755 -0.32033061487554942 0.79077140806571256 0.55861543405600889 1.0000000180025095e-35 -1.1992766638071075 1.0000000180025095e-35 -0.48586426077478684 1.1267281630237389 -1.157777770690839 -0.6874383137496024 -0.61331263118606871 0.65625496634612879 -1.4265431746572599 -0.082716154825155472 0.42482760257942576 0.26563341774548938 -0.69576805355408322 1.0000000180025095e-35 1.0000000180025095e-35 -1.0489992929874719 -0.79321115408743181
decision_type=2 2 2 2 2 2 2 2 2 2 2 2 2 2 2 2 2 2 2 2 2 2 2 2 2 2
left_child=3 2 9 4 24 13 18 8 14 17 -11 19 22 -5 -6 23 -14 -2 -7 -12 25 -22 -13 -15 -1 -20
right_child=1 -3 -4 5 7 6 -8 -9 -10 10 11 12 16 15 -16 -17 -18 -19 20 -21 21 -23 -24 -25 -26 -27
leaf_value=-0.025916972527137171 0.0021268894965285248 0.057590026199817665 0.034746357550223671 -0.019652577542832918 0.0058271563256328748 -0.020665341634904185 0.0049254347203355848 -0.01588151890717979 0.036668153027522153 0.027011622017429723 0.010711431363597512 -0.0082835788354277615 0.0045390047077779414 0.0079191615745425221 -0.012058939303343112 -0.012074718619215077 0.020708894971254707 -0.010952930595423724 -0.036529815638506852 0.024717779129743579 -0.032131049201843585 -0.022397220178886696 0.0012517378249993691 -0.0018744835797518207 -0.017534161594051582 -0.038446263258273786
leaf_weight=26 49 25 48 28 33 31 33 28 29 31 40 40 27 25 26 29 37 37 27 30 47 27 26 26 26 26
leaf_count=26 49 25 48 28 33 31 33 28 29 31 40 40 27 25 26 29 37 37 27 30 47 27 26 26 26 26
internal_value=-0.000651665 0.0138561 0.0108606 -0.0127673 -0.00376352 -0.0178263 -0.0239732 0.00428843 0.0107061 0.00724383 0.0112439 0.00879987 0.00453834 -0.00695552 -0.00205485 -0.00251155 0.0138872 -0.00350047 -0.030009 0.0167142 -0.0322897 -0.0285795 -0.00452724 0.00292632 -0.0217256 -0.03747
internal_weight=857 390 365 467 168 299 191 116 88 317 231 200 130 108 59 80 64 86 158 70 127 74 66 51 52 53
internal_count=857 390 365 467 168 299 191 116 88 317 231 200 130 108 59 80 64 86 158 70 127 74 66 51 52 53
is_linear=0
shrinkage=0.04


Tree=11
num_leaves=26
num_cat=0
split_feature=9 9 2 8 6 6 7 9 9 9 5 6 6 6 1 8 8 6 8 7 5 6 6 8 8
split_gain=75.9325 32.9564 20.0539 17.0415 12.0351 16.3998 7.2303 7.0016 4.75522 4.48527 3.18322 2.01602 1.83198 2.33865 1.83185 1.63081 1.61799 3.09643 0.742821 0.690311 0.598057 0.417934 0.203228 0.131252 0.115049
threshold=0.99234546104052834 -0.35148155879157633 1.0000000180025095e-35 -0.63134183865453442 0.30250609372052223 -0.72069791484163315 -1.1992766638071075 1.4626849179817649 -0.6874383137496024 -1.4265431746572599 1.0000000180025095e-35 -0.72069791484163315 0.30250609372052223 -0.83438724912631701 1.0000000180025095e-35 1.0000000180025095e-35 1.0000000180025095e-35 0.64357409657457409 1.0000000180025095e-35 0.26563341774548938 -0.71349052288507664 0.41619542800520609 -0.37962991198758139 -0.63134183865453442 -0.63134183865453442
decision_type=2 2 2 2 2 2 2 2 2 2 2 2 2 2 2 2 2 2 2 2 2 2 2 2 2
left_child=1 6 -3 4 5 -4 9 16 12 11 14 -1 13 -8 19 23 17 24 -12 -5 -11 -9 -21 -10 -2
right_child=7 2 3 10 -6 -7 8 21 15 20 18 -13 -14 -15 -16 -17 -18 -19 -20 22 -22 -23 -24 -25 -26
leaf_value=0.0096740928055861816 0.0050032575190067296 0.012497180408665112 -0.018446958727602446 -0.038668212179214727 -0.023474109892438099 0.022624155586319313 0.014937091852072626 0.03011938844408308 -0.0032597231240041797 -0.0096762381315231329 -0.02421757559974988 -0.0040581778502091761 0.018031138826570498 0.0018412531112941602 -0.02324476084193668 0.0069163365220582043 0.022579549862278833 0.022856464032083749 -0.015581985107239555 -0.033494140271629606 -0.017991470780614163 0.036814504907681393 -0.028532320022583008 -0.0071134636723078218 0.0088407460689544689
leaf_weight=26 25 35 28 31 41 35 40 35 31 25 30 50 41 48 37 27 45 32 34 28 31 26 25 26 25
leaf_count=26 25 35 28 31 41 35 40 35 31 25 30 50 41 48 37 27 45 32 34 28 31 26 25 26 25
internal_value=-0.000625598 -0.00693734 -0.0160986 -0.0195617 -0.00660681 0.00437033 0.00166625 0.0218348 0.00622479 -0.00568958 -0.0268445 0.000639704 0.0110476 0.00779391 -0.0306605 -0.00118167 0.0164849 0.0131403 -0.0196299 -0.0339269 -0.0142793 0.032973 -0.0311537 -0.00501757 0.006922
internal_weight=857 669 324 289 104 63 345 188 213 132 185 76 129 88 121 84 127 82 64 84 56 61 53 57 50
internal_count=857 669 324 289 104 63 345 188 213 132 185 76 129 88 121 84 127 82 64 84 56 61 53 57 50
is_linear=0
shrinkage=0.04


Tree=12
num_leaves=27
num_cat=0
split_feature=9 9 2 8 9 9 7 9 9 9 0 5 0 0 9 0 0 0 8 8 8 7 5 9 0 8
split_gain=69.9794 30.3726 18.4816 15.7055 9.95769 17.9821 6.66344 6.52277 4.38241 4.13362 3.65602 2.93366 1.84532 1.99095 1.69433 2.12298 2.28533 1.68824 1.50296 0.737667 0.684584 0.63619 0.551169 0.252335 0.139179 0.0498241
threshold=0.99234546104052834 -0.35148155879157633 1.0000000180025095e-35 -0.63134183865453442 0.45481465310768643 1.0000000180025095e-35 -1.1992766638071075 1.3954935669901598 -0.6874383137496024 -1.4265431746572599 -1.0000000180025095e-35 1.0000000180025095e-35 -0.7491350475729156 1.0000000180025095e-35 -0.82182101573281285 -0.7491350475729156 0.74913504757291582 0.74913504757291582 1.0000000180025095e-35 -0.63134183865453442 1.0000000180025095e-35 0.26563341774548938 -0.71349052288507664 1.193919514015344 -1.0000000180025095e-35 1.0000000180025095e-35
decision_type=2 2 2 2 2 2 2 2 2 2 2 2 2 2 2 2 2 2 2 2 2 2 2 2 2 2
left_child=1 6 -3 4 5 -4 9 19 14 10 -1 17 -9 -14 15 -8 -17 21 24 -2 -13 -5 -11 -21 -10 -23
right_child=7 2 3 11 -6 -7 8 12 18 22 -12 20 13 -15 -16 16 -18 -19 -20 23 -22 25 -24 -25 -26 -27
leaf_value=-0.0099560791902965125 0.0098737381108933014 0.011997293118919646 -0.021509436610443841 -0.037121483510540378 -0.023721071214015996 0.019859686882235109 0.017647491203560666 0.038629123306274417 -0.00697512584236952 -0.0092891887813806532 0.0078958067175052653 -0.023248872329791385 0.017185724830627441 0.03246987350781759 0.018933314302315315 -0.0015276915362725655 0.012927208575109641 -0.022314970453043245 0.0066396833155994064 0.019254428814682697 -0.014958705586545608 -0.031066377588680815 -0.017271812105731619 0.01451842463678784 -0.0030067144190111467 -0.02860958378314972
leaf_weight=31 36 35 29 31 35 40 27 25 26 25 45 30 25 30 30 42 30 37 27 36 34 28 31 36 31 25
leaf_count=31 36 35 29 31 35 40 27 25 26 25 45 30 25 30 30 42 30 37 27 36 34 28 31 36 31 25
internal_value=-0.000600574 -0.00665985 -0.0154546 -0.0187793 -0.00634254 0.00247266 0.0015996 0.0209614 0.0059758 -0.00546199 0.000614116 -0.0257707 0.0296183 0.0255225 0.0106057 0.00808218 0.00449518 -0.029434 -0.0011344 0.0145489 -0.0188447 -0.0325698 -0.0137081 0.0168864 -0.00481687 -0.0299075
internal_weight=857 669 324 289 104 69 345 188 213 132 76 185 80 55 129 99 72 121 84 108 64 84 56 72 57 53
internal_count=857 669 324 289 104 69 345 188 213 132 76 185 80 55 129 99 72 121 84 108 64 84 56 72 57 53
is_linear=0
shrinkage=0.04


Tree=13
num_leaves=25
num_cat=0
split_feature=4 4 7 8 4 6 4 7 7 7 3 7 4 4 7 7 5 7 4 5 4 4 7 4
split_gain=78.2424 28.8973 15.4097 10.7049 13.0592 9.93462 11.646 9.13442 7.20731 6.59071 4.90148 3.66338 3.55996 2.95929 2.53098 3.38743 2.26532 2.74509 2.2536 1.7909 0.857353 2.60395 0.803455 0.487435
threshold=-0.12328983792066023 2.3127876754130554 1.4375614829875671 -0.63134183865453442 -0.82975231678743755 0.41619542800520609 -0.48870146492071748 -0.32033061487554942 0.55861543405600889 -1.1992766638071075 1.0000000180025095e-35 -0.61331263118606871 -0.69576805355408322 1.1678312441462091 1.1445794666770477 1.0000000180025095e-35 1.0000000180025095e-35 -0.61331263118606871 0.42482760257942576 1.0000000180025095e-35 0.38828643987942002 0.94858426794617456 0.26563341774548938 -1.0489992929874719
decision_type=2 2 2 2 2 2 2 2 2 2 2 2 2 2 2 2 2 2 2 2 2 2 2 2
left_child=3 2 9 4 23 6 -6 16 19 20 11 18 -10 14 15 -13 -5 -18 -11 22 -2 -22 -9 -1
right_child=1 -3 -4 7 5 -7 -8 8 12 10 -12 13 -14 -15 -16 -17 17 -19 -20 -21 21 -23 -24 -25
leaf_value=-0.024071728231815193 0.0028968192257785371 0.054252904558181769 0.030920767659942307 -0.013986032970552875 0.027216967956162987 -0.012523648000489442 -0.0039189976893327632 -0.034333769332530885 -0.018000620305538177 0.0090145811462934954 0.024920175902305112 0.0061897343536838892 0.0012408973693847658 0.015966056415012905 0.0089366694336587733 -0.011582580925645054 0.0052262008748948574 -0.011310345222210061 0.024706201093892256 -0.020710266724876733 -0.01502891212128676 0.0020134128458448686 -0.026293870887240851 -0.016326278174439303
leaf_weight=26 28 25 48 43 40 39 37 43 40 32 31 32 25 28 44 37 36 29 27 46 26 32 37 26
leaf_count=26 28 25 48 43 40 39 37 43 40 32 31 32 25 28 44 37 36 29 27 46 26 32 37 26
internal_value=-0.000576551 0.0126491 0.00979952 -0.0116215 -0.00354223 0.0039246 0.0122555 -0.0161611 -0.0214183 0.00660135 0.0101205 0.00782657 -0.0106 0.00432467 0.00144008 -0.00334035 -0.00686348 -0.00215164 0.0161955 -0.0269992 -0.0028513 -0.00562625 -0.0306153 -0.020199
internal_weight=857 390 365 467 168 116 77 299 191 317 231 200 65 141 113 69 108 65 59 126 86 58 80 52
internal_count=857 390 365 467 168 116 77 299 191 317 231 200 65 141 113 69 108 65 59 126 86 58 80 52
is_linear=0
shrinkage=0.04


Tree=14
num_leaves=25
num_cat=0
split_feature=4 4 7 7 7 4 6 6 2 7 7 9 9 7 9 4 6 4 4 9 0 4 4 6
split_gain=72.1082 26.6318 14.2016 9.82866 11.5784 6.64561 7.39447 11.0044 6.6416 6.05853 3.9496 3.58242 5.11907 2.49264 2.47086 2.31939 2.30671 2.78539 1.74225 1.7247 1.07501 0.637789 0.626955 0.0440709
threshold=-0.12328983792066023 2.3127876754130554 1.4375614829875671 1.1445794666770477 -0.32033061487554942 -0.96373658002079188 0.52988476228989012 -0.15225124341821353 1.0000000180025095e-35 -1.1992766638071075 -1.1992766638071075 -0.48586426077478684 1.1267281630237389 -0.61331263118606871 0.52200600409929165 0.65625496634612879 -0.72069791484163315 -0.6714072784207461 0.42482760257942576 -1.4265431746572599 1.0000000180025095e-35 0.15685907611271704 -1.0855404556874777 0.30250609372052223
decision_type=2 2 2 2 2 2 2 2 2 2 2 2 2 2 2 2 2 2 2 2 2 2 2 2
left_child=3 2 8 4 9 22 7 16 -2 -1 19 18 21 20 -8 -14 17 -7 -12 -10 -11 -13 23 -6
right_child=1 -3 -4 -5 5 6 14 -9 10 13 11 12 15 -15 -16 -17 -18 -19 -20 -21 -22 -23 -24 -25
leaf_value=-0.018405036434690516 0.023923368992344027 0.052082788681983953 0.029683937132358552 0.01274242476775096 -0.023972461795806886 -0.029290467110173454 -0.031495101726368858 0.010099355199852505 0.0021850740380243076 0.00013988148497075451 0.0093439285047352324 0.00080440453290939336 0.002731656343848617 -0.0075197026475022233 -0.015303412687778474 0.018150572599591436 -0.0075722989517574514 -0.012044063089715857 0.022095808050284785 -0.009255992852755494 0.0093968404215924884 -0.0073016310210635028 -0.032904272961616514 -0.026324607133865356
leaf_weight=38 31 25 48 26 25 29 38 37 49 49 40 25 27 48 25 37 36 31 30 37 34 41 25 26
leaf_count=38 31 25 48 26 25 29 38 37 49 49 40 25 27 48 25 37 36 31 30 37 34 41 25 26
internal_value=-0.000553489 0.0121431 0.00940754 -0.0111567 -0.0125657 -0.0176745 -0.0137812 -0.00843396 0.00633729 -0.00434314 0.00443111 0.0075135 0.00358515 -0.000264114 -0.0250698 0.0116457 -0.015577 -0.0203798 0.014809 -0.00273725 0.00393189 -0.00423116 -0.0277152 -0.0251716
internal_weight=857 390 365 467 441 272 196 133 317 169 286 200 130 131 63 64 96 60 70 86 83 66 76 51
internal_count=857 390 365 467 441 272 196 133 317 169 286 200 130 131 63 64 96 60 70 86 83 66 76 51
is_linear=0
shrinkage=0.04


Tree=15
num_leaves=25
num_cat=0
split_feature=7 4 7 2 7 7 6 8 5 4 4 4 6 7 8 4 4 8 7 5 6 5 4 8
split_gain=62.0318 32.128 14.1074 8.91257 7.10381 6.61506 5.87123 8.3049 4.84966 5.11927 4.72991 4.69297 2.89818 2.67762 2.46872 2.17104 1.24487 1.14074 1.05343 1.94099 0.921438 0.756585 0.514843 0.959395
threshold=1.1445794666770477 0.010694425312694102 -0.32033061487554942 1.0000000180025095e-35 -1.1992766638071075 1.4375614829875671 0.075127425151154323 -0.63134183865453442 1.0000000180025095e-35 0.5588118658127802 0.64407457877946017 -0.62268572815407175 0.75726343085925796 0.55861543405600889 1.0000000180025095e-35 1.0338469809128548 -0.58614456545406601 -0.63134183865453442 0.26563341774548938 -0.25066273765626779 -0.26594057770289742 1.1378206180301593 -0.43997991465404318 1.0000000180025095e-35
decision_type=2 2 2 2 2 2 2 2 2 2 2 2 2 2 2 2 2 2 2 2 2 2 2 2
left_child=1 2 4 -3 -1 15 7 11 12 -10 -7 -4 20 14 -9 -2 18 21 19 -8 -5 -6 23 -19
right_child=5 3 6 8 17 10 16 13 9 -11 -12 -13 -14 -15 -16 -17 -18 22 -20 -21 -22 -23 -24 -25
leaf_value=-0.016014144018940305 0.009473214944203695 0.02759836506843567 -0.0092670218522349999 -0.0016276791335967107 0.01185000782981515 0.024067964224105187 -0.031946556522296027 -0.028167853554089867 0.0028020590233306091 0.022601465961417638 0.044835699456078668 0.014198726997524501 -0.011418524994369364 -0.007921482234290152 -0.014191903273264568 0.02417488899230957 -0.029235457120572819 -0.0033432354442775249 -0.015859784801801047 -0.016490456427519139 0.0069107616043766031 0.0020091268360614778 -0.0037716711952545962 0.0077383938908576972
leaf_weight=46 45 30 30 39 25 47 26 42 48 37 28 25 32 33 39 25 34 25 45 26 42 25 43 25
leaf_count=46 45 30 30 39 25 47 26 42 48 37 28 25 32 33 39 25 34 25 45 26 42 25 43 25
internal_value=-0.000293706 -0.00511916 -0.0109009 0.00728107 -0.00234114 0.0235673 -0.0162935 -0.0113668 0.00420269 0.0114206 0.0318213 0.00139923 -0.00122673 -0.0175258 -0.0214387 0.0147238 -0.0226493 0.00205717 -0.0203407 -0.0242185 0.00279966 0.00692957 -0.000562397 0.00219758
internal_weight=862 717 489 228 189 145 300 169 198 85 75 55 113 114 81 70 131 143 97 52 81 50 93 50
internal_count=862 717 489 228 189 145 300 169 198 85 75 55 113 114 81 70 131 143 97 52 81 50 93 50
is_linear=0
shrinkage=0.04


Tree=16
num_leaves=25
num_cat=0
split_feature=7 4 7 3 9 7 6 8 5 4 4 8 4 6 7 8 0 9 9 4 5 6 0 4
split_gain=57.1685 29.6092 13.0014 7.79434 7.02872 6.54688 5.41093 7.6538 4.45885 4.71792 4.32504 3.81562 3.5169 2.7452 2.46769 2.27517 1.52644 1.41883 2.0951 1.5607 1.18002 1.04383 1.03903 0.882263
threshold=1.1445794666770477 0.010694425312694102 -0.32033061487554942 1.0000000180025095e-35 1.4626849179817649 -1.1992766638071075 0.075127425151154323 -0.63134183865453442 1.0000000180025095e-35 0.5588118658127802 -0.62268572815407175 1.0000000180025095e-35 0.64407457877946017 0.75726343085925796 0.55861543405600889 1.0000000180025095e-35 1.0000000180025095e-35 0.11885789814966023 0.25324060013287075 -0.65922689085407749 1.1378206180301593 -0.49331924627226525 -1.0000000180025095e-35 -0.39125836438736888
decision_type=2 2 2 2 2 2 2 2 2 2 2 2 2 2 2 2 2 2 2 2 2 2 2 2
left_child=1 2 5 8 11 -1 7 10 13 -10 -4 21 -6 22 15 -9 20 -8 -19 -20 -7 -2 -3 -18
right_child=4 3 6 -5 12 16 17 14 9 -11 -12 -13 -14 -15 -16 -17 23 18 19 -21 -22 -23 -24 -25
leaf_value=-0.015373578257858754 0.013907854969684894 -0.0027761235923478103 -0.0088963411152362826 0.025633629086397349 0.025049528319661212 0.0030125691183881527 -0.014421276450157165 -0.027041139460745312 0.0026899768474201364 0.021697406843304633 0.01363077877871692 0.026774744744654053 0.044084406137466434 -0.011309247874925215 -0.0076046234278967888 -0.013624227199798975 0.012393261773583988 -0.032339294038035649 -0.015192288509229336 -0.027872579705715182 -0.0062277473739870805 0.0025733547715040355 0.0064440349924067657 0.0021675811701074798
leaf_weight=46 26 33 30 31 41 48 32 42 48 37 25 27 25 31 33 39 27 33 41 25 41 26 48 27
leaf_count=46 26 33 30 31 41 48 32 42 48 37 25 27 25 31 33 39 27 33 41 25 41 26 48 27
internal_value=-0.000281957 -0.00491439 -0.0104648 0.00698983 0.0226246 -0.00224749 -0.0156417 -0.0109121 0.00405603 0.0109638 0.00134326 0.0145751 0.0322597 -0.00118647 -0.0168248 -0.0205811 0.00197488 -0.0217433 -0.0241101 -0.0199954 -0.00124421 0.0082406 0.00268767 0.00728042
internal_weight=862 717 489 228 145 189 300 169 197 85 55 79 66 112 114 81 143 131 99 66 89 52 81 54
internal_count=862 717 489 228 145 189 300 169 197 85 55 79 66 112 114 81 143 131 99 66 89 52 81 54
is_linear=0
shrinkage=0.04


Tree=17
num_leaves=25
num_cat=0
split_feature=7 4 7 2 7 7 6 8 6 5 4 4 6 7 8 4 0 0 8 4 0 0 4 4
split_gain=52.6865 27.2878 11.9821 7.59772 6.0336 5.61707 4.98671 7.05374 4.31751 4.12551 4.34804 4.05213 2.4737 2.27422 2.0968 2.06345 1.40676 1.37667 1.1512 1.09244 0.994428 0.957568 0.819709 0.813094
threshold=1.1445794666770477 0.010694425312694102 -0.32033061487554942 1.0000000180025095e-35 -1.1992766638071075 1.4375614829875671 0.075127425151154323 -0.63134183865453442 -0.94807658341100087 1.0000000180025095e-35 0.5588118658127802 0.64407457877946017 0.75726343085925796 0.55861543405600889 1.0000000180025095e-35 1.0338469809128548 1.0000000180025095e-35 -0.7491350475729156 -0.63134183865453442 -0.61050534058740313 -0.7491350475729156 -1.0000000180025095e-35 -1.0002777427207976 -0.39125836438736888
decision_type=2 2 2 2 2 2 2 2 2 2 2 2 2 2 2 2 2 2 2 2 2 2 2 2
left_child=1 2 4 -3 -1 15 7 8 -4 12 -11 -7 21 14 -9 -2 18 -8 -6 22 -20 -5 -19 -18
right_child=5 3 6 9 16 11 17 13 -10 10 -12 -13 -14 -15 -16 -17 23 19 20 -21 -22 -23 -24 -25
leaf_value=-0.014758634988785437 0.0084516411754820085 0.025469085017840069 -0.010546546956667534 -0.0026650785203232909 0.0055202702472784693 0.022149207642737853 -0.027664702985967907 -0.025959494312604272 0.011901182012696718 0.0025823777417341869 0.020829510600180238 0.041371460599558693 -0.010555592442397028 -0.0073004378423546304 -0.013079258172939985 0.022784401631355283 0.011897531234555773 -0.021166084839238063 0.00042779592768938253 -0.025218946712988393 -0.0098210636712610724 0.0061862736109954616 -0.012232865932441892 0.0020808778934318711
leaf_weight=46 45 30 26 33 28 47 35 42 29 48 37 28 32 33 39 25 27 27 33 27 28 48 42 27
leaf_count=46 45 30 26 33 28 47 35 42 29 48 37 28 32 33 39 25 27 27 33 27 28 48 42 27
internal_value=-0.000270679 -0.00471781 -0.0100462 0.00671023 -0.00215759 0.0217196 -0.0150161 -0.0104756 0.00128953 0.00386798 0.0105252 0.0293255 -0.00113969 -0.0161518 -0.0197579 0.0135705 0.00189589 -0.0208736 -0.00119444 -0.0183977 -0.0042766 0.00258017 -0.0157285 0.0069892
internal_weight=862 717 489 228 189 145 300 169 55 198 85 75 113 114 81 70 143 131 89 96 61 81 69 54
internal_count=862 717 489 228 189 145 300 169 55 198 85 75 113 114 81 70 143 131 89 96 61 81 69 54
is_linear=0
shrinkage=0.04


Tree=18
num_leaves=29
num_cat=0
split_feature=9 4 9 2 9 9 4 6 6 9 6 4 4 5 6 4 4 9 4 0 5 6 9 0 0 4 4 4
split_gain=47.6129 24.4542 10.3654 7.08619 6.01874 4.47161 4.17259 3.8254 4.94964 2.89285 2.57533 2.49445 2.40663 2.37336 2.33301 2.2488 2.30983 2.07517 1.14455 1.11631 1.18088 1.04203 0.959916 0.773458 1.14663 0.798365 0.529766 0.115734
threshold=1.1267281630237389 0.010694425312694102 -0.35148155879157633 1.0000000180025095e-35 1.4626849179817649 -1.157777770690839 0.24212178907939708 0.075127425151154323 -0.26594057770289742 -0.082716154825155472 -0.72069791484163315 -0.97591696758746049 0.64407457877946017 1.1378206180301593 -0.60700858055694906 -0.80539154165410043 -0.58614456545406601 0.18604924914126547 1.1678312441462091 1.0000000180025095e-35 1.1378206180301593 -1.0617659176956848 0.45481465310768643 0.74913504757291582 -0.7491350475729156 0.85114116741282597 -0.78103076652076331 -0.34253681412069453
decision_type=2 2 2 2 2 2 2 2 2 2 2 2 2 2 2 2 2 2 2 2 2 2 2 2 2 2 2 2
left_child=1 2 5 -3 6 14 -2 8 11 -9 -5 -4 -6 23 -1 -13 -17 -11 -8 20 -7 -18 -19 24 -12 -26 -24 -21
right_child=4 3 7 10 12 19 18 9 -10 17 13 15 -14 -15 -16 16 21 22 -20 27 -22 -23 26 -25 25 -27 -28 -29
leaf_value=-0.0028551854766332187 -0.00020445537108641405 0.024450321833292647 -0.024313135147094728 0.012210603258464226 0.023161579166970602 0.003480504799883293 0.014050679860576508 -0.0070407951107391946 0.0038402354085084163 -0.03128018192946911 0.0024538995237911448 -0.00071985745871508563 0.038718488239325007 0.011877578389313486 -0.019356342502709092 -0.023881881956648476 -0.015109744343596201 -0.012969531039396923 0.025553905892372133 0.0086760024070739756 -0.0064949869096060011 -0.0041899979056726246 -0.017848231815374815 0.0035609372278773473 -0.011775046238606725 -0.0019546222783481844 -0.025847892926798927 0.004827107255253941
leaf_weight=26 26 30 27 43 41 43 31 26 33 28 34 27 26 27 29 26 27 30 25 25 34 29 26 38 27 26 27 25
leaf_count=26 26 30 27 43 41 43 31 26 33 28 34 27 26 27 29 26 27 30 25 25 34 29 26 38 27 26 27 25
internal_value=-0.000259852 -0.00455736 -0.00958742 0.00635228 0.0203048 -0.00202835 0.0130378 -0.0140833 -0.0100566 -0.0190506 0.00356796 -0.0134286 0.0291986 0.001123 -0.0115558 -0.0107325 -0.0140293 -0.0218638 0.019186 0.00209772 -0.000924258 -0.00945488 -0.0186871 -0.00119999 -0.00327947 -0.00695748 -0.0219235 0.00675155
internal_weight=862 713 488 225 149 182 82 306 169 137 195 136 67 152 55 109 82 111 56 127 77 56 83 125 87 53 53 50
internal_count=862 713 488 225 149 182 82 306 169 137 195 136 67 152 55 109 82 111 56 127 77 56 83 125 87 53 53 50
is_linear=0
shrinkage=0.04


Tree=19
num_leaves=29
num_cat=0
split_feature=9 4 9 2 9 9 4 6 6 9 5 9 9 4 4 4 4 9 9 0 4 6 9 5 4 4 5 4
split_gain=43.8801 22.537 9.55278 6.53063 5.54687 4.12833 3.84546 3.52549 4.56159 2.66605 2.39233 4.85743 3.11572 2.29888 2.21795 2.07249 2.12874 1.91248 1.61472 1.41562 1.05481 0.960332 0.884659 0.825173 0.737591 0.692911 1.08 0.488233
threshold=1.1267281630237389 0.010694425312694102 -0.35148155879157633 1.0000000180025095e-35 1.4626849179817649 -1.2249691216824441 0.24212178907939708 0.075127425151154323 -0.26594057770289742 -0.082716154825155472 1.0000000180025095e-35 -0.62024696275799729 -1.5609258766404703 -0.97591696758746049 0.64407457877946017 -0.80539154165410043 -0.58614456545406601 0.18604924914126547 -0.88901236672441819 1.0000000180025095e-35 1.1678312441462091 -1.0617659176956848 0.45481465310768643 -1.1763183081138855 -0.39125836438736888 -0.31817603898735741 1.1378206180301593 -0.78103076652076331
decision_type=2 2 2 2 2 2 2 2 2 2 2 2 2 2 2 2 2 2 2 2 2 2 2 2 2 2 2 2
left_child=1 2 5 -3 6 -1 -2 8 13 -9 12 -12 -5 -4 -6 -15 -17 -11 23 25 -8 -18 -19 -14 -21 26 -7 -24
right_child=4 3 7 10 14 19 20 9 -10 17 11 -13 18 15 -16 16 21 22 -20 24 -22 -23 27 -25 -26 -27 -28 -29
leaf_value=-0.012778614884199098 -0.00019627706362650946 0.023472308556238813 -0.023340609382700037 0.010756007494404911 0.02223511576652527 0.00052147368056466804 0.013488652571555107 -0.0067591633934241079 0.0036866263277602917 -0.030028974754469737 0.018598387122154236 -0.00099383763968944553 -0.002967083169362293 -0.00069106362484119561 0.037169749278288623 -0.022926606567433248 -0.014505354422661994 -0.01245074991385142 0.0035817709724817958 0.011142923031692151 0.024531749224662783 -0.0040223982769610556 -0.017134302579439604 -0.012703052715864032 0.0017931543732130971 0.0033388966588037356 -0.010574497014284135 -0.024813977192949366
leaf_weight=43 26 30 27 30 41 32 31 26 33 28 40 41 26 27 26 26 27 30 28 27 25 29 26 30 27 28 25 27
leaf_count=43 26 30 27 30 41 32 31 26 33 28 40 41 26 27 26 26 27 30 28 27 25 29 26 30 27 28 25 27
internal_value=-0.000249458 -0.00437507 -0.00920393 0.00609818 0.0194926 -0.00194721 0.0125163 -0.01352 -0.00965433 -0.0182886 0.00342524 0.00868134 -0.00030935 -0.0128915 0.0280306 -0.0103032 -0.0134681 -0.0209892 -0.00426126 0.00140351 0.0184186 -0.00907668 -0.0179397 -0.00818278 0.00646804 -0.00181395 -0.00434518 -0.0210466
internal_weight=862 713 488 225 149 182 82 306 169 137 195 81 114 136 67 109 82 111 84 139 56 56 83 56 54 85 57 53
internal_count=862 713 488 225 149 182 82 306 169 137 195 81 114 136 67 109 82 111 84 139 56 56 83 56 54 85 57 53
is_linear=0
shrinkage=0.04


Tree=20
num_leaves=26
num_cat=0
split_feature=2 9 4 9 5 9 5 0 4 6 9 6 9 0 4 6 9 5 0 6 0 0 4 9 6
split_gain=35.3866 27.0185 14.4137 3.9707 5.34134 2.88827 2.97671 2.73794 2.65626 7.09362 2.38058 2.32383 2.30096 2.18594 3.36296 3.47128 3.19206 2.07935 3.31053 2.44035 2.74488 1.92352 0.924999 0.744371 0.0683469
threshold=-2.9592882694284057 1.2611108650069494 -0.52524262762072316 -0.62024696275799729 1.0000000180025095e-35 -0.55305561176639195 -0.25066273765626779 -0.7491350475729156 -0.69576805355408322 0.52988476228989012 1.4626849179817649 -0.94807658341100087 -1.5609258766404703 -0.7491350475729156 -0.34253681412069453 -0.60700858055694906 -0.14990750581676068 1.1378206180301593 1.0000000180025095e-35 0.75726343085925796 -0.7491350475729156 -1.0000000180025095e-35 0.52227070311277446 0.32043195112447598 1.0000000180025095e-35
decision_type=2 2 2 2 2 2 2 2 2 2 2 2 2 2 2 2 2 2 2 2 2 2 2 2 2
left_child=-1 2 5 4 11 6 -2 -3 17 -10 -9 -4 -13 23 -15 -16 -17 18 19 20 -7 -6 -14 -5 -20
right_child=1 7 3 13 21 8 -8 10 9 -11 -12 12 22 14 15 16 -18 -19 24 -21 -22 -23 -24 -25 -26
leaf_value=0.044222876840624314 -0.012382518032358751 0.026969039457685806 0.010317090157708476 -0.00049524579335142064 0.02177335674392766 -0.035539587029704341 0.0055262203818666885 0.0058193744056754641 0.0048827165655973481 -0.02096677739044716 0.019836955982304755 0.0066100582726780445 -0.0028074439496214671 -0.018071047304957004 0.0057190240144121404 0.0028604917829999554 -0.01489361724794604 -0.0047286922885821413 -0.0074848702206061438 -0.011104868511855602 -0.0187658708159988 0.0085628524472316104 -0.012107625426724554 0.0089872798607505567 -0.010414060902595522
leaf_weight=29 27 34 29 27 29 27 33 36 41 29 42 31 44 27 49 26 43 26 26 25 37 45 28 26 25
leaf_count=29 27 34 29 27 29 27 33 36 41 29 42 31 44 27 49 26 43 26 26 25 37 45 28 26 25
internal_value=0.000805828 -0.000744781 -0.00366337 0.00124971 0.00513749 -0.0103691 -0.00253271 0.0174964 -0.0123613 -0.00582636 0.0133673 0.000314897 -0.00250125 -0.00279516 -0.00533613 -0.00242221 -0.00820366 -0.0151171 -0.0170463 -0.0217026 -0.0258423 0.0137399 -0.00642418 0.00415656 -0.00892075
internal_weight=841 812 700 404 206 296 60 112 236 70 78 132 103 198 145 118 69 166 140 89 64 74 72 53 51
internal_count=841 812 700 404 206 296 60 112 236 70 78 132 103 198 145 118 69 166 140 89 64 74 72 53 51
is_linear=0
shrinkage=0.04


Tree=21
num_leaves=26
num_cat=0
split_feature=7 2 7 0 7 4 4 9 4 5 0 9 0 9 9 4 4 0 9 4 4 9 9 9 4
split_gain=35.1433 16.9109 13.0866 7.44962 6.78041 5.95732 3.80549 3.11412 2.77403 1.88722 2.91361 1.85865 2.15245 1.7628 5.33039 3.39804 2.75208 1.83678 1.7078 1.01997 1.31793 1.09149 0.711737 0.643104 0.483675
threshold=1.1445794666770477 -1.6916913147484629 -0.61331263118606871 -0.7491350475729156 -0.90629464749658817 -0.69576805355408322 1.0216665933461864 1.4626849179817649 -0.22073293845400885 1.1378206180301593 1.0000000180025095e-35 0.52200600409929165 -0.7491350475729156 0.45481465310768643 0.18604924914126547 -0.18419177575400311 -0.34253681412069453 1.0000000180025095e-35 -0.21709885680836591 -0.12328983792066023 0.52227070311277446 -1.2249691216824441 0.99234546104052834 -1.2921604726740494 0.65625496634612879
decision_type=2 2 2 2 2 2 2 2 2 2 2 2 2 2 2 2 2 2 2 2 2 2 2 2 2
left_child=1 -1 4 -2 6 9 19 24 -6 10 11 12 -4 14 16 -15 18 -18 -7 21 23 -3 -17 -21 -5
right_child=3 2 5 7 8 13 -8 -9 -10 -11 -12 -13 -14 15 -16 22 17 -19 -20 20 -22 -23 -24 -25 -26
leaf_value=0.028143640911137618 0.03360245839320123 -0.011944819696851679 -0.032431734533145511 0.0036298422217369082 0.0062306115882737306 -0.019435787689685822 0.010473816077175893 0.021363725456040959 0.022661940599641491 -0.0045395445823669433 -0.008532416051626206 -0.01223852281073301 -0.017385864825919271 -0.019513531227130444 0.013807474396058492 0.00029549152723380495 -0.006476573671760231 0.0076408514554301898 -0.0060431288679440821 0.0068609587208678328 -0.0075275728167810783 -0.0019387883303517645 -0.0082606290004748322 -0.0016483740405076081 0.010939733982086182
leaf_weight=27 40 37 29 30 35 25 38 43 31 26 50 29 32 32 28 35 29 30 39 30 30 33 28 27 28
leaf_count=27 40 37 29 30 35 25 38 43 31 26 50 29 32 32 28 35 29 30 39 30 30 33 28 27 28
internal_value=0.000773595 -0.00289622 -0.0041415 0.0189925 0.00286649 -0.00858103 -0.000884297 0.0132064 0.0139484 -0.0144363 -0.0162743 -0.0205754 -0.0245388 -0.00462988 -0.00194412 -0.00889883 -0.00552985 0.000701778 -0.0112746 -0.00363339 -0.000741431 -0.00722769 -0.00350723 0.00283022 0.00715876
internal_weight=841 700 673 141 261 412 195 101 66 166 140 90 61 246 151 95 123 59 64 157 87 70 63 57 58
internal_count=841 700 673 141 261 412 195 101 66 166 140 90 61 246 151 95 123 59 64 157 87 70 63 57 58
is_linear=0
shrinkage=0.04


Tree=22
num_leaves=25
num_cat=0
split_feature=7 2 7 0 7 4 6 6 4 6 7 9 4 9 4 7 9 4 6 4 9 4 4 4
split_gain=32.3881 15.5851 12.0606 6.86557 6.24882 5.49027 5.72599 4.50022 4.11812 4.066 3.00316 2.86998 2.6329 2.58918 2.55655 1.79188 1.70384 2.25423 2.77162 2.1048 1.10488 0.813929 0.445754 0.347786
threshold=1.1445794666770477 -1.6916913147484629 -0.61331263118606871 -0.7491350475729156 -0.90629464749658817 -0.69576805355408322 0.52988476228989012 -1.2891445862650526 -0.47652107735404886 -0.83438724912631701 -0.32033061487554942 1.4626849179817649 -0.12328983792066023 0.051666547158054986 -0.22073293845400885 -1.4922586801176267 0.051666547158054986 -1.0002777427207976 -0.37962991198758139 -0.96373658002079188 -1.2249691216824441 0.18121985124605419 0.65625496634612879 -0.34253681412069453
decision_type=2 2 2 2 2 2 2 2 2 2 2 2 2 2 2 2 2 2 2 2 2 2 2 2
left_child=1 -1 4 -2 9 16 7 -7 -9 -3 -8 22 -11 -10 -6 -14 19 -18 -19 -4 -17 -15 -5 -12
right_child=3 2 5 11 14 6 10 8 13 12 23 -13 15 21 -16 20 17 18 -20 -21 -22 -23 -24 -25
leaf_value=0.02701789559037597 0.032258360452949997 0.0094007039997488894 -0.0012691467231319797 0.0034846486846605933 0.0059813868488584245 -0.01353750994661823 -0.0014075591206550598 0.014289873477659728 0.0066910688412424773 -0.011804492455557921 -0.020784122254699468 0.020509176292391712 0.0058846490249215132 -0.011664416571812971 0.021755463240608092 -0.010116364460799001 -0.024192604550293515 -0.022178402078151704 -0.0046338182632975717 -0.015680409056298875 0.00095163833455579288 -0.0019308109415902032 0.010502144971064158 -0.014555843054102019
leaf_weight=27 40 47 31 30 35 32 25 38 38 48 32 43 42 28 31 31 42 25 34 34 27 27 28 26
leaf_count=27 40 47 31 30 35 32 25 38 38 48 32 43 42 28 31 31 42 25 34 34 27 27 28 26
internal_value=0.000742651 -0.00278037 -0.00397584 0.0182328 0.00275183 -0.00823779 -0.00444469 -8.99391e-05 0.00319496 -0.000848925 -0.0129968 0.0126782 -0.00410387 -0.00133844 0.0133904 -0.000407578 -0.0138589 -0.0171099 -0.012068 -0.00880735 -0.00496402 -0.0068861 0.00687241 -0.0179921
internal_weight=841 700 673 141 261 412 246 163 131 195 83 101 148 93 66 100 166 101 59 65 58 55 58 58
internal_count=841 700 673 141 261 412 246 163 131 195 83 101 148 93 66 100 166 101 59 65 58 55 58 58
is_linear=0
shrinkage=0.04


Tree=23
num_leaves=25
num_cat=0
split_feature=2 9 4 9 5 9 5 4 9 6 9 0 9 5 4 0 6 9 9 0 4 6 6 4
split_gain=29.4205 20.5687 11.2801 3.13962 4.45069 2.2525 2.559 2.41068 3.62536 7.50952 2.50271 2.45643 2.3138 2.19417 3.58421 1.97292 1.95836 1.96349 1.8459 1.79651 1.33532 1.36092 1.27661 0.881015
threshold=-2.9592882694284057 1.2611108650069494 -0.52524262762072316 -0.62024696275799729 1.0000000180025095e-35 -0.55305561176639195 -0.25066273765626779 -1.0002777427207976 0.32043195112447598 -0.26594057770289742 0.11885789814966023 -0.7491350475729156 0.051666547158054986 -0.25066273765626779 -0.33035642655402603 -0.7491350475729156 -0.94807658341100087 -1.5609258766404703 1.4626849179817649 -1.0000000180025095e-35 0.46136876527943149 -0.49331924627226525 -0.37962991198758139 0.52227070311277446
decision_type=2 2 2 2 2 2 2 2 2 2 2 2 2 2 2 2 2 2 2 2 2 2 2 2
left_child=-1 2 5 4 16 6 -2 12 10 -10 11 -9 -7 -5 -15 -3 -4 -18 -17 -6 22 -22 -16 -19
right_child=1 15 3 13 19 7 -8 8 9 -11 -12 -13 -14 14 20 18 17 23 -20 -21 21 -23 -24 -25
leaf_value=0.040301153392627319 -0.011391846458082673 0.023255845036576774 0.0093358027189970015 0.0060043019713022011 0.020172163648851989 -0.007987005313237509 0.005212872343307192 -0.018292025604418345 -0.017772915134063136 0.009840585002675652 -0.023017466582100968 -0.0030680357994035236 -0.022927196122879207 -0.015887350627354212 -0.003561931762731437 0.0050632297992706304 0.0059852095029406969 -0.0025256183453496884 0.017406656252486365 0.007405271583133274 -0.00014033897114651544 -0.012980325990915299 0.0071920482765295002 -0.011601993848203816
leaf_weight=29 27 34 29 39 29 27 33 28 26 40 29 43 43 35 33 36 31 44 42 45 28 25 38 28
leaf_count=29 27 34 29 39 29 27 33 28 26 40 29 43 43 35 33 36 31 44 42 45 28 25 38 28
internal_value=0.000712945 -0.000700919 -0.00324743 0.0010989 0.00455595 -0.00917958 -0.00225925 -0.010939 -0.00831374 -0.00103746 -0.0131161 -0.00907186 -0.0171646 -0.00249784 -0.00458328 0.0152148 0.000153763 -0.00243147 0.0117097 0.0124085 -0.00139261 -0.00619694 0.00219372 -0.00605532
internal_weight=841 812 700 404 206 296 60 236 166 66 100 71 70 198 159 112 132 103 78 74 124 53 71 72
internal_count=841 812 700 404 206 296 60 236 166 66 100 71 70 198 159 112 132 103 78 74 124 53 71 72
is_linear=0
shrinkage=0.04


Tree=24
num_leaves=24
num_cat=0
split_feature=7 3 7 8 6 5 0 9 9 9 9 7 0 5 9 9 6 9 9 6 6 6 6
split_gain=28.1345 8.88728 11.5158 7.97115 10.5925 10.9474 5.98629 2.99878 2.39322 2.25307 3.97392 3.84155 2.69912 1.99198 1.69927 1.24542 1.95233 1.20738 0.959072 0.632803 0.332667 0.115591 0.0879886
threshold=1.1445794666770477 1.0000000180025095e-35 -0.32033061487554942 -0.63134183865453442 0.52988476228989012 -0.25066273765626779 -0.7491350475729156 0.92515411004892301 1.4626849179817649 -1.2249691216824441 -1.4265431746572599 -0.61331263118606871 -1.0000000180025095e-35 1.0000000180025095e-35 -0.082716154825155472 -0.75462966474120774 -0.72069791484163315 0.18604924914126547 -0.48586426077478684 -0.26594057770289742 -0.49331924627226525 0.75726343085925796 1.0000000180025095e-35
decision_type=2 2 2 2 2 2 2 2 2 2 2 2 2 2 2 2 2 2 2 2 2 2 2
left_child=1 2 9 4 5 -4 -2 14 20 10 12 13 -1 -11 -5 16 -15 -16 -13 -19 -8 -21 -12
right_child=6 -3 3 7 -6 -7 8 -9 -10 11 22 18 -14 15 17 -17 -18 19 -20 21 -22 -23 -24
leaf_value=-0.0058734058647326405 0.030082312196493152 0.013829011635816828 0.024763955930521823 -0.0082384406668799259 -0.01833905193540785 -0.0062890999095562171 0.0099777018308639526 -0.003103870204375947 0.018949948791847672 0.00036994960787780701 -0.013035881572152273 -0.0081274587661027912 0.009687205892544062 0.016271771796875528 -0.023395563325156337 0.018016071995270663 0.0022041724895519254 -0.019567095653878316 0.00079048347854337021 -0.010944844016007014 0.0038605120687773731 -0.014612960881657071 -0.0097450816402068503
leaf_weight=31 40 49 34 35 36 39 25 34 43 39 26 35 42 27 46 29 38 36 43 28 33 27 26
leaf_count=31 40 49 34 35 36 39 25 34 43 39 26 35 42 27 46 29 38 36 43 28 33 27 26
internal_value=0.000684427 -0.00259911 -0.00383563 -0.00933016 -0.000582626 0.00817397 0.0169857 -0.0139587 0.0117989 0.00131548 -0.00294014 0.00383659 0.00307927 0.00796985 -0.0161044 0.011123 0.00804764 -0.018114 -0.00321116 -0.0154442 0.00649723 -0.0127456 -0.0113905
internal_weight=841 700 651 315 109 73 141 206 101 336 125 211 73 133 172 94 65 137 78 91 58 55 52
internal_count=841 700 651 315 109 73 141 206 101 336 125 211 73 133 172 94 65 137 78 91 58 55 52
is_linear=0
shrinkage=0.04


Tree=25
num_leaves=25
num_cat=0
split_feature=9 9 2 8 9 9 6 0 9 6 9 0 6 7 0 9 7 9 0 8 6 6 6 6
split_gain=33.4596 6.55535 7.57328 5.4913 6.07113 17.9516 4.53313 3.52022 3.16183 2.43846 2.22784 1.63542 1.62483 1.2037 2.17584 1.96161 1.16145 1.42968 1.14321 1.18108 1.12211 1.00898 0.709028 1.47589
threshold=0.99234546104052834 -0.55305561176639195 1.0000000180025095e-35 -0.63134183865453442 0.45481465310768643 1.0000000180025095e-35 -0.83438724912631701 0.74913504757291582 -0.28429020779997111 0.98464209942862591 -0.9562037177160233 -0.7491350475729156 1.0000000180025095e-35 -1.1992766638071075 -1.0000000180025095e-35 -0.82182101573281285 -0.32033061487554942 0.72358005707410744 -1.0000000180025095e-35 1.0000000180025095e-35 0.18881675943583826 1.0000000180025095e-35 -0.94807658341100087 0.41619542800520609
decision_type=2 2 2 2 2 2 2 2 2 2 2 2 2 2 2 2 2 2 2 2 2 2 2 2
left_child=1 7 -3 4 5 8 -2 13 -4 11 12 -8 -9 22 15 -15 -5 18 20 -20 -18 -13 -1 -24
right_child=6 2 3 16 -6 -7 9 10 -10 -11 -12 21 -14 14 -16 -17 17 -19 19 -21 -22 -23 23 -25
leaf_value=0.00076218037735670805 0.026469109696011212 0.009947559233452823 -0.0016339090151282457 -0.0065644687710282139 -0.016122078423698744 0.025556673902486053 0.015811042097030263 0.010072310396763325 -0.021360750364569518 0.019449629339834917 0.017100603552880112 -0.0012418928398535802 -0.0036802785790392327 0.010730152978517472 -0.0058200531200661007 -0.0027959299575665902 -0.024311362708869733 -0.0070146685590346657 -0.017356448322534562 -0.0078595215827226648 -0.013527115698044117 0.0085784545604218835 -0.012254081758693225 -0.0013846373063727067
leaf_weight=25 43 37 26 39 36 35 33 27 26 46 27 26 28 42 48 29 38 36 44 40 26 47 41 39
leaf_count=25 43 37 26 39 36 35 33 27 26 46 27 26 28 42 48 29 38 36 44 40 26 47 41 39
internal_value=0.000374593 -0.00376542 -0.00725289 -0.00909224 -0.00230709 0.00340945 0.0150027 0.000599605 -0.0114973 0.0117589 0.0076905 0.00842134 0.00307099 -0.00199617 0.000758167 0.00520541 -0.0128347 -0.0141637 -0.0159027 -0.0128341 -0.0199303 0.0050808 -0.00511775 -0.00695523
internal_weight=884 689 383 346 123 87 195 306 52 152 82 106 55 224 119 71 223 184 148 84 64 73 105 80
internal_count=884 689 383 346 123 87 195 306 52 152 82 106 55 224 119 71 223 184 148 84 64 73 105 80
is_linear=0
shrinkage=0.04


Tree=26
num_leaves=28
num_cat=0
split_feature=4 4 9 7 4 9 6 6 4 1 9 8 9 6 6 9 5 4 6 5 4 4 4 6 7 6 6
split_gain=33.5881 14.3994 12.7717 5.30379 3.83111 3.13323 2.67396 6.48823 2.77509 2.47752 2.51009 2.47029 7.32209 10.7427 3.24682 2.98424 1.86299 1.40097 1.39862 1.65972 1.26551 0.806985 0.71323 0.598418 0.584873 0.156266 0.00522185
threshold=0.60144322229612024 2.5563954267464273 1.193919514015344 -1.1992766638071075 -0.37907797682070027 0.6563887060825021 -0.83438724912631701 0.41619542800520609 0.91204310524616894 1.0000000180025095e-35 -1.0233950687076285 -0.63134183865453442 1.0000000180025095e-35 0.30250609372052223 -1.0617659176956848 -0.6874383137496024 1.1378206180301593 0.15685907611271704 -0.49331924627226525 1.0000000180025095e-35 0.25430217664606569 -0.97591696758746049 1.0947489187461976 0.41619542800520609 -0.32033061487554942 0.52988476228989012 0.075127425151154323
decision_type=2 2 2 2 2 2 2 2 2 2 2 2 2 2 2 2 2 2 2 2 2 2 2 2 2 2 2
left_child=2 3 4 22 11 9 -5 -8 -9 16 -11 12 15 -14 -13 -1 20 -4 -16 21 24 -20 -2 -21 26 -23 -6
right_child=1 -3 17 6 5 -7 7 8 -10 10 -12 14 13 -15 18 -17 -18 -19 19 23 -22 25 -24 -25 -26 -27 -28
leaf_value=-0.0028113547455519438 -0.0051197024162858732 0.042453087007999421 0.016857251117869121 0.023315257292527418 -0.005999031016230583 -0.013953880493063481 -0.0015118892518803479 0.0091073484003543863 0.026556321923221861 -0.0044052762195467953 0.011466780731623823 -0.0020970763435131327 0.020571422270115686 -0.013969439899921417 -0.021127314164358028 -0.020515079078001854 0.0036869580405099051 0.0052500487544706884 -0.010496419807275137 -0.011309287072374271 0.00071494601325442397 -0.016455931536108255 0.0038974041072651743 -0.0030805688916194823 -0.01371363099526476 -0.020844700424759478 -0.0068165866181254392
leaf_weight=25 25 25 41 39 25 32 40 25 35 25 44 48 34 25 34 39 42 28 30 26 30 25 32 31 27 27 25
leaf_count=25 25 25 41 39 25 32 40 25 35 25 44 48 34 25 34 39 42 28 30 26 30 25 32 31 27 27 25
internal_value=0.000359609 0.0138644 -0.00414198 0.0102179 -0.00603414 -0.0022659 0.0144315 0.0109668 0.0192859 -0.000550236 0.00571604 -0.00877269 -0.0042291 0.00593546 -0.0113015 -0.0135996 -0.00345207 0.0121471 -0.0138553 -0.0120765 -0.0062543 -0.0157207 -5.74672e-05 -0.00683402 -0.00896959 -0.0187347 -0.00640781
internal_weight=884 221 663 196 594 250 139 100 60 218 69 344 123 59 221 64 149 69 173 139 107 82 57 57 77 52 50
internal_count=884 221 663 196 594 250 139 100 60 218 69 344 123 59 221 64 149 69 173 139 107 82 57 57 77 52 50
is_linear=0
shrinkage=0.04


Tree=27
num_leaves=27
num_cat=0
split_feature=4 7 4 8 6 9 6 9 3 9 4 5 6 6 6 4 6 7 5 4 8 8 8 4 4 4
split_gain=31.144 18.4214 8.88608 3.69474 5.25824 10.9552 3.94609 2.3127 2.28865 2.33492 2.40055 2.22729 2.21824 1.93606 1.83567 1.80087 2.14973 1.65879 1.59084 1.45867 1.20913 1.0798 1.06156 0.653826 0.318523 0.685218
threshold=1.8742937230129866 1.1445794666770477 -0.14765061305399738 -0.63134183865453442 0.52988476228989012 1.0000000180025095e-35 -1.0617659176956848 -0.55305561176639195 1.0000000180025095e-35 1.0000000180025095e-35 0.82678039227948885 1.0000000180025095e-35 -0.83438724912631701 0.52988476228989012 1.0983314337133099 0.071596363146036998 0.30250609372052223 -0.61331263118606871 0.67499283280135014 0.44918837771276293 1.0000000180025095e-35 1.0000000180025095e-35 1.0000000180025095e-35 -1.0733600681208089 -0.80539154165410043 -0.58614456545406601
decision_type=2 2 2 2 2 2 2 2 2 2 2 2 2 2 2 2 2 2 2 2 2 2 2 2 2 2
left_child=1 2 3 4 5 7 21 -1 9 10 15 23 -3 19 -6 16 -4 -13 22 -14 -19 -5 -17 -8 -25 -26
right_child=-2 12 8 6 14 -7 11 -9 -10 -11 -12 17 13 -15 -16 18 -18 20 -20 -21 -22 -23 -24 24 25 -27
leaf_value=-0.0017058191980634416 0.031678327073653541 0.020268620338879134 -0.0024082652606070044 -0.006448997366242111 -0.02069460977688432 0.0170779329036241 -0.010785204447232759 -0.018443994247913362 0.011456225052983923 -0.0075681395832525224 0.010297052220751841 0.00033910650903215772 0.0102610779014127 0.015471770369515914 -0.0057822572812438015 -0.0048079895110179982 0.014179842758178712 -0.016749927248273577 -0.010123536469828751 -0.0026585839302451526 -0.0062357045582362583 0.0045636536806289638 0.0058331239114825925 -0.021715843746295344 -0.012324191873723812 -0.020202897332216564
leaf_weight=28 48 38 25 29 25 46 26 25 33 49 45 26 29 41 28 30 25 35 36 27 35 28 30 26 33 38
leaf_count=28 48 38 25 29 25 46 26 25 33 49 45 26 29 41 28 30 25 35 36 27 35 28 30 26 33 38
internal_value=0.000345225 -0.00145381 -0.00405952 -0.00765631 -0.00264833 0.00279517 -0.0104143 -0.00960118 0.00157941 0.000221353 0.0022197 -0.0128544 0.0120766 0.00886734 -0.0128164 -0.000269889 0.00588579 -0.00828834 -0.00347597 0.00403196 -0.0114928 -0.00103927 0.000512567 -0.0164182 -0.017928 -0.016541
internal_weight=884 836 701 428 152 99 276 53 273 240 191 219 135 97 53 146 50 96 96 56 70 57 60 123 97 71
internal_count=884 836 701 428 152 99 276 53 273 240 191 219 135 97 53 146 50 96 96 56 70 57 60 123 97 71
is_linear=0
shrinkage=0.04


Tree=28
num_leaves=27
num_cat=0
split_feature=2 7 7 9 9 7 0 6 9 6 0 0 0 5 9 5 5 5 6 9 6 6 6 6 6 0
split_gain=29.4471 19.1075 5.85706 4.36384 5.60915 4.15325 3.30685 2.98446 5.36622 3.06152 2.01551 1.95975 1.42129 1.31996 1.1067 2.65802 1.68261 1.07783 1.1398 0.969719 2.22515 2.01764 0.938896 0.589673 1.16541 0.192822
threshold=-2.9592882694284057 1.1445794666770477 -0.32033061487554942 0.3876233021160812 0.52200600409929165 0.85159745036652823 -0.7491350475729156 0.075127425151154323 1.0000000180025095e-35 0.87095276514394182 0.74913504757291582 -0.7491350475729156 1.0000000180025095e-35 1.0000000180025095e-35 -1.157777770690839 -0.71349052288507664 -1.6391460933426945 -0.71349052288507664 -0.15225124341821353 -0.6874383137496024 -0.83438724912631701 0.30250609372052223 0.87095276514394182 -0.83438724912631701 0.52988476228989012 -1.0000000180025095e-35
decision_type=2 2 2 2 2 2 2 2 2 2 2 2 2 2 2 2 2 2 2 2 2 2 2 2 2 2
left_child=-1 2 10 6 -5 25 -4 8 -8 -9 14 -3 -7 17 15 16 -2 -13 -19 20 -16 -22 -21 -12 -25 -6
right_child=1 11 3 4 5 12 7 9 -10 -11 23 13 -14 -15 19 -17 -18 18 -20 22 21 -23 -24 24 -26 -27
leaf_value=0.035763922623462147 -0.006610365942674311 0.019154276443379265 -0.021465487050945344 0.011574455499649049 -0.011885702606290578 0.0048080857542809096 -0.016292209893465043 -0.026220222878456118 0.0060874075628817087 -0.0066156621621205258 0.0095105662072698278 0.0049323109766611683 -0.0065019065933302044 0.0014956100285053254 0.012889521163608879 -0.01352339976746589 0.0056240557368312559 0.00866756786108017 0.020418230811400071 -0.0072676302137829009 -0.0090826414945019817 0.0059710028896044045 0.0020901798341294814 -0.002933637498750944 0.0073413261011438941 -0.016285453491351184
leaf_weight=36 37 42 46 33 30 40 30 25 40 26 27 26 32 28 25 40 35 25 28 42 28 29 29 33 38 34
leaf_count=36 37 42 46 33 30 40 30 25 40 26 27 26 32 28 25 40 35 25 28 42 28 29 29 33 38 34
internal_value=0.000331416 -0.00117279 -0.00394496 -0.00775075 -0.00321927 -0.00680893 -0.0123365 -0.00886597 -0.00350386 -0.0162257 -0.000422243 0.0118322 -0.000218578 0.0089581 -0.00223479 -0.00525605 -0.000663078 0.011603 0.0148755 -2.3151e-05 0.00294004 -0.00142377 -0.00344543 0.00447904 0.00256564 -0.0142231
internal_weight=884 848 699 336 169 136 167 121 70 51 363 149 72 107 265 112 72 79 53 153 82 57 71 98 71 64
internal_count=884 848 699 336 169 136 167 121 70 51 363 149 72 107 265 112 72 79 53 153 82 57 71 98 71 64
is_linear=0
shrinkage=0.04


Tree=29
num_leaves=26
num_cat=0
split_feature=4 7 2 4 8 9 9 7 9 9 4 8 4 4 8 4 0 0 4 0 9 9 9 7 7
split_gain=27.9585 15.7157 8.05509 6.76581 4.29854 4.62281 15.6925 3.27255 2.76343 2.04802 1.66607 1.17952 1.13655 2.74633 0.959904 0.96664 0.950225 0.919552 1.01553 1.42453 0.666723 0.558702 0.45381 0.261983 0.0600595
threshold=1.8742937230129866 1.1445794666770477 -2.9592882694284057 -0.14765061305399738 -0.63134183865453442 1.0000000180025095e-35 0.45481465310768643 -0.32033061487554942 -0.28429020779997111 -1.157777770690839 -0.51306224005405465 1.0000000180025095e-35 0.765878454446146 1.0460273684795232 1.0000000180025095e-35 0.79023922957948312 -1.0000000180025095e-35 0.74913504757291582 0.095957138279374146 -0.7491350475729156 -0.55305561176639195 0.18604924914126547 1.4626849179817649 -0.61331263118606871 -0.90629464749658817
decision_type=2 2 2 2 2 2 2 2 2 2 2 2 2 2 2 2 2 2 2 2 2 2 2 2 2
left_child=1 2 -1 4 5 7 -7 10 9 -6 -4 21 17 -14 15 22 -13 18 -5 -20 -11 -10 -3 -19 -15
right_child=-2 14 3 12 8 6 -8 -9 11 20 -12 16 13 24 -16 -17 -18 23 19 -21 -22 -23 -24 -25 -26
leaf_value=0.018054349170281338 0.030005619130097329 0.0026238695652254168 -0.0096002648976342437 0.0017390500887846335 -0.014583912129203479 0.024050182934318268 -0.014397490048555261 -0.019807283154555731 -0.021169344915284053 0.00053990640544465608 0.0043441935198811387 -0.015216103379543012 0.014559302037315709 0.0004681426925318582 0.016129965448663349 0.014902384841236576 -0.0066407172246412795 0.0049839609793921498 6.8856122525176033e-05 -0.011192482522257217 -0.0072882509452325333 -0.014483829087681241 0.0093637037864237119 -0.00041006821207702161 -0.0021759181331705165
leaf_weight=26 48 31 29 39 30 35 33 28 36 49 26 39 28 28 42 29 44 34 32 41 27 45 33 25 27
leaf_count=26 48 31 29 39 30 35 33 28 36 49 26 39 28 28 42 29 44 34 32 41 27 45 33 25 27
internal_value=0.000318159 -0.00138638 -0.00379313 -0.00463467 -0.00774526 -0.00234055 0.00539175 -0.00867545 -0.0107679 -0.00573438 -0.00300834 -0.0140213 0.000521087 0.00436167 0.0111109 0.00884421 -0.0106701 -0.00134306 -0.00347201 -0.00625601 -0.00224115 -0.0174552 0.0060991 0.00269836 -0.000829851
internal_weight=884 836 701 675 421 151 68 83 270 106 55 164 254 83 135 93 83 171 112 73 76 81 64 59 55
internal_count=884 836 701 675 421 151 68 83 270 106 55 164 254 83 135 93 83 171 112 73 76 81 64 59 55
is_linear=0
shrinkage=0.04


Tree=30
num_leaves=28
num_cat=0
split_feature=4 4 9 8 6 9 9 6 2 9 4 4 9 7 9 6 9 6 6 8 7 7 6 6 6 6 4
split_gain=27.3641 13.4176 6.53042 4.62521 4.85391 8.69894 4.6281 2.69353 4.07032 2.28575 2.12476 4.05756 2.99962 2.00675 1.89968 1.65983 1.51082 1.38401 1.54828 1.17848 1.7265 2.01472 1.05904 0.981655 0.474182 0.463497 0.205653
threshold=2.44677193864641 1.0000000180025095e-35 1.2611108650069494 -0.63134183865453442 0.18881675943583826 1.0000000180025095e-35 -0.082716154825155472 1.3257101022826776 1.0000000180025095e-35 0.25324060013287075 1.2774547322462262 1.0216665933461864 1.193919514015344 -0.32033061487554942 -0.62024696275799729 -0.94807658341100087 -1.157777770690839 0.30250609372052223 -0.83438724912631701 -0.63134183865453442 -1.1992766638071075 -0.61331263118606871 1.0000000180025095e-35 0.87095276514394182 1.0000000180025095e-35 0.075127425151154323 -0.74448960382075746
decision_type=2 2 2 2 2 2 2 2 2 2 2 2 2 2 2 2 2 2 2 2 2 2 2 2 2 2 2
left_child=1 2 3 4 5 14 16 8 -3 25 11 12 19 -6 -1 -11 -5 18 -18 -10 -21 -22 -17 -19 -14 -8 -24
right_child=-2 7 -4 6 13 -7 9 -9 10 15 -12 -13 24 -15 -16 22 17 23 -20 20 21 -23 26 -25 -26 -27 -28
leaf_value=0.00093878734409809112 0.039264075322835539 0.018546485036611559 0.011547038645455332 -0.013093607247774971 -0.0010611846703769904 0.01752830459058962 -0.016916382265090943 0.013293603494079138 -0.0084459490845135102 -0.0021925107103127699 -0.0059501170041039589 0.016738692437929494 0.0049052585989236832 -0.014885767802950882 -0.014654771018028258 -0.020090978592634201 -5.08846715092659e-05 0.0078341207072138794 -0.011180231926341853 -0.0087829701706767082 0.012192835441002478 -0.0022575482113384887 -0.0078093741238117222 -0.0033753315426409249 0.012422533060969979 -0.024236645785070236 -0.012940026032924653
leaf_weight=25 27 25 33 29 28 44 25 49 36 26 48 31 25 42 25 28 36 25 45 25 26 38 25 25 29 31 25
leaf_count=25 27 25 33 29 28 44 25 49 36 26 48 31 25 42 25 28 36 25 45 25 26 38 25 25 29 31 25
internal_value=-0.000379317 -0.00164006 -0.00566971 -0.00684357 -0.00138152 0.00455687 -0.00964288 0.00463502 0.00313583 -0.0144533 0.00164255 0.00337801 0.00106415 -0.00935593 -0.00685799 -0.0109451 -0.00483242 -0.00300361 -0.00623386 -0.00233921 0.000130928 0.00361292 -0.0138626 0.00222939 0.00894231 -0.0209687 -0.0103747
internal_weight=876 849 517 484 164 94 320 332 283 160 258 210 179 70 50 104 160 131 81 125 89 64 78 50 54 56 50
internal_count=876 849 517 484 164 94 320 332 283 160 258 210 179 70 50 104 160 131 81 125 89 64 78 50 54 56 50
is_linear=0
shrinkage=0.04


Tree=31
num_leaves=28
num_cat=0
split_feature=4 4 9 0 8 9 9 9 0 4 5 9 8 0 4 4 4 9 9 5 4 4 8 0 9 4 4
split_gain=25.2188 12.3656 6.01844 4.29163 4.26259 4.39598 12.1341 4.26526 3.46132 3.09054 2.78718 2.10655 1.99231 4.16318 1.6656 2.37106 1.45564 1.39237 1.13421 0.839617 0.755764 0.595956 1.02107 0.374806 0.340498 0.262536 0.0946799
threshold=2.44677193864641 1.0000000180025095e-35 1.2611108650069494 -0.7491350475729156 -0.63134183865453442 0.45481465310768643 1.0000000180025095e-35 -0.082716154825155472 0.74913504757291582 -0.31817603898735741 -0.25066273765626779 0.25324060013287075 1.0000000180025095e-35 1.2485584126215263 1.0216665933461864 0.27866295177940287 0.52227070311277446 -1.157777770690839 -0.62024696275799729 0.67499283280135014 0.65625496634612879 -0.96373658002079188 1.0000000180025095e-35 1.0000000180025095e-35 -0.41867290978318161 -0.52524262762072316 0.65625496634612879
decision_type=2 2 2 2 2 2 2 2 2 2 2 2 2 2 2 2 2 2 2 2 2 2 2 2 2 2 2
left_child=1 2 4 10 5 6 9 17 14 18 26 23 13 -10 15 -5 -12 -6 -1 25 -17 -13 -23 -9 -21 -19 -3
right_child=-2 3 -4 8 7 -7 -8 11 12 -11 16 21 -14 -15 -16 20 -18 19 -20 24 -22 22 -24 -25 -26 -27 -28
leaf_value=-0.0050882887647354181 0.037693512098242843 0.0064393141567707056 0.011085157024137902 0.0034020234617803779 -0.012569862905375918 -0.013459222398295596 0.020781096051900816 -0.017191203707648862 0.011655365197608869 0.0052448004428987151 0.011229571866989137 -0.015620718708744756 0.014444495606160648 -0.0091229217389115578 0.0032538157217997187 -0.015667281029745937 0.024879560132324695 0.0040540362089872359 -0.016033813276074151 -0.0028951677977584484 -0.0064426713461677235 -0.014325235139939092 -0.0049329231096350628 -0.023773938131332401 -0.0081159770641571448 -0.0016869064019276545 0.0029580741122364994
leaf_weight=28 27 25 33 28 29 37 39 31 36 27 25 27 37 27 47 27 25 25 33 41 30 31 46 25 39 26 25
leaf_count=28 27 25 33 28 29 37 39 31 36 27 25 27 37 27 47 27 25 25 33 41 30 31 46 25 39 26 25
internal_value=-0.000364144 -0.00157446 -0.00544292 0.00444962 -0.00656983 -0.00132626 0.00220854 -0.00925716 0.00146384 -0.00602248 0.0113766 -0.0138752 0.00707721 0.00275039 -0.00278872 -0.00612988 0.0180546 -0.00463912 -0.0110096 -0.00288346 -0.0108122 -0.0105073 -0.00871424 -0.0201299 -0.00544031 0.00112728 0.00469869
internal_weight=876 849 517 332 484 164 127 320 232 88 100 160 100 63 132 85 50 160 61 131 57 104 77 56 80 51 50
internal_count=876 849 517 332 484 164 127 320 232 88 100 160 100 63 132 85 50 160 61 131 57 104 77 56 80 51 50
is_linear=0
shrinkage=0.04


Tree=32
num_leaves=26
num_cat=0
split_feature=4 4 7 8 6 4 7 7 5 6 2 4 4 7 6 4 6 7 7 4 6 6 4 4 4
split_gain=23.2416 11.3962 5.56461 4.21735 4.66593 6.68874 10.2599 3.65316 3.14169 2.48507 3.7133 1.97016 3.73748 1.99328 1.56686 1.17229 1.47657 0.983054 0.887492 0.835376 0.831136 0.646083 0.55102 1.23935 0.345836
threshold=2.44677193864641 1.0000000180025095e-35 1.1445794666770477 -0.63134183865453442 0.18881675943583826 -0.82975231678743755 1.0000000180025095e-35 1.0000000180025095e-35 1.0000000180025095e-35 1.3257101022826776 1.0000000180025095e-35 1.2774547322462262 1.0216665933461864 1.1445794666770477 -1.0617659176956848 0.46136876527943149 0.075127425151154323 -1.1992766638071075 -0.61331263118606871 0.69279612904613452 1.0000000180025095e-35 0.30250609372052223 -0.96373658002079188 -0.58614456545406601 -0.54960340275406028
decision_type=2 2 2 2 2 2 2 2 2 2 2 2 2 2 2 2 2 2 2 2 2 2 2 2 2
left_child=1 2 3 4 5 -1 -7 17 -6 10 -3 12 13 15 -9 16 -12 -5 21 -17 -15 -19 -16 -24 -20
right_child=-2 9 -4 7 8 6 -8 14 -10 -11 11 -13 -14 20 22 19 -18 18 24 -21 -22 -23 23 -25 -26
leaf_value=-0.01072736942395568 0.036185771861562022 0.017550898778438569 0.0095083753215639208 -0.012380550947785379 -0.015440272853963755 -0.00347496006754227 0.029085586514556783 -0.0053285687956316722 0.0020976279718944659 0.012588418170961799 -0.004963323057163507 -0.0059058809947843353 0.015899344237761633 0.0020005658784737956 -0.020001162220450008 -0.011771545082330704 0.0066300313461285379 -0.0036463738701099325 -0.0043318924866616723 -0.0017117323220840522 0.011849557014246439 0.0046285149587604862 -0.00973539672481517 -0.019477341924164747 -0.0096046974751002653
leaf_weight=30 27 25 38 25 44 32 30 29 26 49 32 48 31 26 34 25 39 36 48 28 29 26 48 37 34
leaf_count=30 27 25 38 25 44 32 30 29 26 49 32 48 31 26 34 25 39 36 48 28 29 26 48 37 34
internal_value=-0.000349579 -0.00151148 -0.0052252 -0.00639404 -0.00114374 0.00477769 0.0122801 -0.00907716 -0.0089262 0.00427163 0.00283162 0.00140534 0.00307647 0.000855752 -0.0136657 -0.00195542 0.00140486 -0.00505877 -0.00378763 -0.00645693 0.00719367 -0.000176259 -0.0156975 -0.013976 -0.00651818
internal_weight=876 849 517 479 162 92 62 317 70 332 283 258 210 179 148 124 71 169 144 53 55 62 119 85 82
internal_count=876 849 517 479 162 92 62 317 70 332 283 258 210 179 148 124 71 169 144 53 55 62 119 85 82
is_linear=0
shrinkage=0.04


Tree=33
num_leaves=26
num_cat=0
split_feature=2 7 9 9 9 7 6 9 7 8 9 5 8 7 5 9 5 8 6 6 6 6 6 5 5
split_gain=17.1003 11.2231 5.37531 6.95856 3.1722 3.35003 1.92607 5.28883 3.49925 2.62918 1.86052 2.48809 1.76544 1.47374 1.98698 1.87216 2.66321 0.889148 0.818157 2.35909 0.734671 0.689246 0.606127 0.286856 0.199667
threshold=-2.9592882694284057 1.1445794666770477 0.11885789814966023 0.25324060013287075 1.0000000180025095e-35 -0.32033061487554942 -0.37962991198758139 0.52200600409929165 0.85159745036652823 1.0000000180025095e-35 1.5298762689733703 -0.71349052288507664 1.0000000180025095e-35 -1.1992766638071075 -0.71349052288507664 -0.62024696275799729 -0.25066273765626779 -0.63134183865453442 -0.83438724912631701 0.30250609372052223 0.18881675943583826 0.98464209942862591 -0.72069791484163315 -1.6391460933426945 -0.25066273765626779
decision_type=2 2 2 2 2 2 2 2 2 2 2 2 2 2 2 2 2 2 2 2 2 2 2 2 2
left_child=-1 2 4 -4 5 13 8 -8 -5 24 12 -12 22 14 23 16 -15 -7 -18 -20 -17 -21 -3 -2 -9
right_child=1 10 3 6 -6 17 7 9 -10 -11 11 -13 -14 15 -16 20 18 -19 19 21 -22 -23 -24 -25 -26
leaf_value=0.028365991483442488 -0.003006739384821943 0.006310274019264258 -0.024574728562600085 -0.016742579222602003 0.011169906556606293 -0.015537782896023531 0.011076380067011889 -0.010293231495414619 0.00013175895146559926 0.0013326815471929663 0.0057812691565889574 0.02311781175020668 0.013447985423022304 -0.0074857215255498891 -0.011530441794846509 -0.0066043888694710205 0.012716116598116811 -0.0063862706264671007 -0.0024358330628810785 0.015364243447035551 0.0010042393388780388 0.006147086674830428 -0.0015743251488758968 0.0017242414253237455 -0.015073210437749994
leaf_weight=32 37 26 36 51 32 26 34 27 32 34 26 27 29 25 37 45 29 49 39 25 37 27 39 46 29
leaf_count=32 37 26 36 51 32 26 34 27 32 34 26 27 29 25 37 45 29 49 39 25 37 27 39 46 29
internal_value=-0.000335595 -0.00142381 -0.00354211 -0.00834353 -0.00097218 -0.00189291 -0.00552071 -0.00236397 -0.0102368 -0.00744144 0.00862009 0.0146131 0.00524106 -0.000236014 -0.00382134 0.00165931 0.00439106 -0.00955879 0.00686539 0.00500088 -0.00317123 0.0105784 0.00157951 -0.00038475 -0.0127686
internal_weight=876 844 697 243 454 422 207 124 83 90 147 53 94 347 120 227 145 75 120 91 82 52 65 83 56
internal_count=876 844 697 243 454 422 207 124 83 90 147 53 94 347 120 227 145 75 120 91 82 52 65 83 56
is_linear=0
shrinkage=0.04


Tree=34
num_leaves=28
num_cat=0
split_feature=4 4 9 8 9 9 9 4 6 2 9 4 4 9 6 9 6 6 8 7 7 6 9 6 6 6 4
split_gain=21.1081 10.0523 4.75311 3.66804 4.07317 10.9274 3.55739 2.7225 2.18712 3.2167 1.86631 1.78125 3.40111 2.46554 1.45583 1.16326 1.16765 1.36037 1.06983 1.51383 1.78471 0.897822 0.893011 0.892869 0.390206 0.311867 0.201014
threshold=2.44677193864641 1.0000000180025095e-35 1.2611108650069494 -0.63134183865453442 0.45481465310768643 1.0000000180025095e-35 -0.082716154825155472 -0.31817603898735741 1.3257101022826776 1.0000000180025095e-35 0.25324060013287075 1.2774547322462262 1.0216665933461864 1.193919514015344 -0.94807658341100087 -1.157777770690839 0.30250609372052223 -0.83438724912631701 -0.63134183865453442 -1.1992766638071075 -0.61331263118606871 1.0000000180025095e-35 -0.62024696275799729 0.87095276514394182 1.0000000180025095e-35 0.075127425151154323 -0.74448960382075746
decision_type=2 2 2 2 2 2 2 2 2 2 2 2 2 2 2 2 2 2 2 2 2 2 2 2 2 2 2
left_child=1 2 3 4 5 7 15 22 9 -3 25 12 13 18 -12 -5 17 -17 -11 -20 -21 -16 -1 -18 -15 -8 -23
right_child=-2 8 -4 6 -6 -7 10 -9 -10 11 14 -13 -14 24 21 16 23 -19 19 20 -22 26 -24 -25 -26 -27 -28
leaf_value=-0.0048898188809731171 0.034495888937402658 0.016350778603553773 0.0097708716807943397 -0.011443199022062893 -0.012733661488604706 0.019972766083784593 -0.015192428565025329 0.0051119696431689791 0.011804287308941081 -0.0081098519503656364 -0.0012620022205206065 -0.0056283002439886333 0.015144818440800715 0.0042744110643863674 -0.017926192177193507 0.00023908046539872885 0.0075623494565486907 -0.010193070734954544 -0.0082847426742315294 0.011397915132916893 -0.002202584482729435 -0.0064437688946723942 -0.014602010069471417 -0.0031281687996350229 0.011093635422916248 -0.021197081552517993 -0.011516222095489501
leaf_weight=28 27 25 33 29 37 39 25 27 49 36 26 48 31 25 28 36 25 45 25 26 38 25 33 25 29 31 25
leaf_count=28 27 25 33 29 37 39 25 27 49 36 26 48 31 25 28 36 25 45 25 26 38 25 33 25 29 31 25
internal_value=-0.000322172 -0.00142946 -0.00491735 -0.00591882 -0.00105467 0.00234787 -0.0084117 -0.00546316 0.00400199 0.00265106 -0.0126292 0.00132357 0.00291257 0.000794134 -0.00945909 -0.00419425 -0.00258952 -0.00555656 -0.00229141 6.21238e-05 0.00332262 -0.0121915 -0.010144 0.00221709 0.00793659 -0.0185164 -0.00898
internal_weight=876 849 517 484 164 127 320 88 332 283 160 258 210 179 104 160 131 81 125 89 64 78 61 50 54 56 50
internal_count=876 849 517 484 164 127 320 88 332 283 160 258 210 179 104 160 131 81 125 89 64 78 61 50 54 56 50
is_linear=0
shrinkage=0.04


Tree=35
num_leaves=27
num_cat=0
split_feature=2 4 7 6 6 8 7 8 9 7 9 0 4 9 6 9 9 0 0 6 4 6 0 4 6 4
split_gain=21.609 12.6495 8.47246 2.90298 6.91777 14.4288 4.01683 1.68715 1.49528 6.16411 3.63945 1.54131 1.46786 0.973084 0.963026 0.919444 1.69092 0.599164 0.613224 0.503192 0.465118 0.35908 0.329484 0.177258 0.167717 0.0730937
threshold=-2.9592882694284057 -0.34253681412069453 1.4375614829875671 -0.15225124341821353 0.52988476228989012 -0.63134183865453442 -0.61331263118606871 -0.63134183865453442 0.051666547158054986 0.85159745036652823 -0.82182101573281285 -1.0000000180025095e-35 1.0216665933461864 1.1267281630237389 -0.72069791484163315 -0.082716154825155472 0.79077140806571256 0.74913504757291582 -0.7491350475729156 1.0000000180025095e-35 -0.79321115408743181 1.0983314337133099 1.0000000180025095e-35 0.92422349281283744 0.18881675943583826 -0.82975231678743755
decision_type=2 2 2 2 2 2 2 2 2 2 2 2 2 2 2 2 2 2 2 2 2 2 2 2 2 2
left_child=-1 3 8 6 5 -5 -2 -8 10 -10 12 -12 17 22 20 -6 21 18 -3 -4 -9 -17 -11 -15 -20 -7
right_child=1 2 19 4 15 25 7 14 9 13 11 -13 -14 23 -16 16 -18 -19 24 -21 -22 -23 -24 -25 -26 -27
leaf_value=0.032398064439495403 -0.00021904966793954373 -0.00090283614397048946 0.021521974268555639 0.028017348040427482 -0.0052856753784708867 -0.0091567250147461896 -0.021306102131715132 -0.010549570679664612 -0.019713511594704219 0.00038958954123350292 0.0030790331998938008 0.013965182604835084 0.0050688178786499937 0.0027687416134811026 -0.0061585670980540191 -0.019570498224347831 -0.0038743587732315067 0.00054276748467236755 -0.010359329023452189 0.013714406226894684 -0.017736747413873672 -0.013321339963905273 -0.0058636987927768915 0.0070421330451965339 -0.0057707594707608221 -0.0061551467315466317
leaf_weight=30 40 30 25 28 41 25 42 25 28 26 38 46 44 41 33 28 25 40 26 28 34 31 28 25 25 27
leaf_count=30 40 30 25 28 41 25 42 25 28 26 38 46 44 41 33 28 25 40 26 28 34 31 28 25 25 27
internal_value=-0.000952026 -0.00215891 0.00237563 -0.00754292 -0.0043177 0.00486723 -0.0113428 -0.0146633 0.000370234 -0.00281392 0.00226283 0.0090405 -0.00118762 0.00112931 -0.0116307 -0.0101961 -0.0125928 -0.00346269 -0.0054407 0.0173972 -0.0146913 -0.016287 -0.00285286 0.00438745 -0.00811003 -0.00759821
internal_weight=859 829 450 379 205 80 174 134 397 148 249 84 165 120 92 125 84 121 81 53 59 59 54 66 51 52
internal_count=859 829 450 379 205 80 174 134 397 148 249 84 165 120 92 125 84 121 81 53 59 59 54 66 51 52
is_linear=0
shrinkage=0.04


Tree=36
num_leaves=27
num_cat=0
split_feature=7 7 4 7 5 4 8 4 0 5 4 6 7 6 6 0 5 0 6 5 0 5 0 4 6 6
split_gain=15.561 7.51485 5.38335 4.29466 5.47613 3.98541 3.61769 3.37038 2.9586 2.84885 4.2982 2.25579 2.08456 1.71457 2.01427 1.59094 2.56289 1.36388 0.978191 0.924589 0.689777 0.653463 0.654664 0.563286 0.334035 0.318818
threshold=0.85159745036652823 -0.32033061487554942 1.7037682970796266 1.4375614829875671 -0.71349052288507664 -0.75666999138742608 -0.63134183865453442 -0.45216030222071174 -0.7491350475729156 1.0000000180025095e-35 0.5588118658127802 -0.15225124341821353 0.26563341774548938 0.30250609372052223 1.2120207679979937 -1.0000000180025095e-35 -1.1763183081138855 0.74913504757291582 -0.72069791484163315 1.0000000180025095e-35 -1.0000000180025095e-35 1.0000000180025095e-35 -0.7491350475729156 -0.12328983792066023 -0.15225124341821353 -0.94807658341100087
decision_type=2 2 2 2 2 2 2 2 2 2 2 2 2 2 2 2 2 2 2 2 2 2 2 2 2 2
left_child=1 9 3 8 -5 11 7 -7 -2 15 13 25 -13 18 -15 23 -17 21 -11 -10 -20 22 -8 -1 -18 -3
right_child=2 5 -4 4 -6 6 17 -9 19 10 -12 12 -14 14 -16 16 24 -19 20 -21 -22 -23 -24 -25 -26 -27
leaf_value=-0.012693415040682471 0.011766336978443209 -0.017011218984921774 0.023336479812860491 0.0013923852993496532 0.025053149549400106 0.013616497592135733 -0.0092182888366557931 -0.0065898624107241632 0.001081674154451553 0.0023917813640501767 0.018599457419835604 -0.015284835825242647 -0.0017785907694787689 0.012003794745416255 -0.0025240597515725173 0.0070997584890574216 -0.0026614666410854889 -0.0015015719179064036 -0.0014760285437107087 -0.0073091205954551701 -0.010781597010791302 -0.0062164446392229625 -0.017873592577425056 -0.0053690538679560034 -0.0086887559420879817 -0.023002594256842576
leaf_weight=28 31 30 33 29 34 28 27 25 47 36 26 41 33 37 26 42 28 32 25 38 26 28 29 42 31 27
leaf_count=28 31 30 33 29 34 28 27 25 47 36 26 41 33 37 26 42 28 32 25 38 26 28 29 42 31 27
internal_value=-0.000913945 -0.0039957 0.00849122 0.00575438 0.0141617 -0.00863201 -0.00457292 0.0040852 0.00118835 1.26343e-05 0.00358513 -0.0138685 -0.00926178 0.000982645 0.00600817 -0.00366432 -0.000452303 -0.00852878 -0.00265653 -0.0026695 -0.00622004 -0.0112058 -0.0137005 -0.0082988 -0.00582835 -0.0198492
internal_weight=859 647 212 179 63 300 169 53 116 347 176 131 74 150 63 171 101 116 87 85 51 84 56 70 59 57
internal_count=859 647 212 179 63 300 169 53 116 347 176 131 74 150 63 171 101 116 87 85 51 84 56 70 59 57
is_linear=0
shrinkage=0.04


Tree=37
num_leaves=28
num_cat=0
split_feature=2 4 7 6 6 8 7 8 9 7 9 4 9 4 0 9 9 9 4 0 0 6 6 6 9 6 4
split_gain=19.7872 10.8363 7.23797 2.5601 6.42142 13.0316 3.57238 1.59623 1.40789 5.38779 3.28278 1.57545 1.33618 1.31575 0.920894 0.903088 0.812055 1.47902 0.765273 0.528196 0.569053 0.430033 0.340558 0.316616 0.161981 0.153319 0.0655225
threshold=-2.9592882694284057 -0.34253681412069453 1.4375614829875671 -0.15225124341821353 0.52988476228989012 -0.63134183865453442 -0.61331263118606871 -0.63134183865453442 0.051666547158054986 0.85159745036652823 -0.82182101573281285 -0.086748675220654506 -0.55305561176639195 1.0216665933461864 1.0000000180025095e-35 1.1267281630237389 -0.082716154825155472 0.79077140806571256 -0.75666999138742608 0.74913504757291582 -0.7491350475729156 1.0000000180025095e-35 1.0983314337133099 1.0000000180025095e-35 1.2611108650069494 0.18881675943583826 -0.82975231678743755
decision_type=2 2 2 2 2 2 2 2 2 2 2 2 2 2 2 2 2 2 2 2 2 2 2 2 2 2 2
left_child=-1 3 8 6 5 -5 -2 -8 10 -10 13 -12 -13 19 18 23 -6 22 -9 20 -3 -4 -18 -11 -17 -22 -7
right_child=1 2 21 4 16 26 7 14 9 15 11 12 -14 -15 -16 24 17 -19 -20 -21 25 -23 -24 -25 -26 -27 -28
leaf_value=0.031035986582438155 -9.3606684822589164e-05 -0.00076917437463998794 0.019861988931894305 0.026863252390176059 -0.0050355500968672882 -0.0084595440328121187 -0.020176658921298527 -0.012232848597424371 -0.018578157009822984 -8.4446894711461573e-05 0.015747367931950477 0.010396370642951555 -0.0023263814389705658 0.0047939985431730749 -0.015756847303774621 0.0064283955538714382 -0.018555376180115022 -0.0037488271951675416 -0.0028808581403323582 0.00047739863255992536 -0.0098625351176955377 0.012644276328917061 -0.012469519688071863 -0.0062270783275365825 0.002397975402000623 -0.0054753411747515204 -0.005617668977421191
leaf_weight=30 40 30 25 28 41 25 42 28 28 29 31 28 25 44 36 27 28 25 28 40 26 28 31 25 39 25 27
leaf_count=30 40 30 25 28 41 25 42 28 28 29 31 28 25 44 36 27 28 25 28 40 26 28 31 25 39 25 27
internal_value=-0.000877387 -0.00203227 0.00216471 -0.0070155 -0.00398672 0.00486257 -0.0105839 -0.0137153 0.000311153 -0.00277856 0.00214761 0.00858461 0.00439507 -0.00112941 -0.0107655 0.000908015 -0.00965027 -0.0119027 -0.00755685 -0.00328338 -0.00514055 0.0160489 -0.0153577 -0.00292826 0.00404678 -0.00771195 -0.00698396
internal_weight=859 829 450 379 205 80 174 134 397 148 249 84 53 165 92 120 125 84 56 121 81 53 59 54 66 51 52
internal_count=859 829 450 379 205 80 174 134 397 148 249 84 53 165 92 120 125 84 56 121 81 53 59 54 66 51 52
is_linear=0
shrinkage=0.04


Tree=38
num_leaves=25
num_cat=0
split_feature=2 7 5 9 7 5 8 9 0 9 0 9 0 0 0 0 9 9 0 8 8 5 5 0
split_gain=18.2359 9.70966 4.48735 4.41099 4.58171 4.04453 2.07935 5.92637 3.58439 2.0721 1.51291 3.13979 1.38394 1.68832 1.26402 0.901746 0.496569 0.488366 0.429276 0.428989 0.255491 0.901934 0.189666 0.036065
threshold=-2.9592882694284057 1.4375614829875671 -0.71349052288507664 -0.55305561176639195 0.85159745036652823 1.0000000180025095e-35 -0.63134183865453442 0.3876233021160812 1.0000000180025095e-35 -0.082716154825155472 -1.0000000180025095e-35 -1.4265431746572599 0.74913504757291582 -1.0000000180025095e-35 1.0000000180025095e-35 -0.7491350475729156 0.18604924914126547 -0.82182101573281285 0.74913504757291582 1.0000000180025095e-35 -0.63134183865453442 1.0000000180025095e-35 -0.25066273765626779 0.74913504757291582
decision_type=2 2 2 2 2 2 2 2 2 2 2 2 2 2 2 2 2 2 2 2 2 2 2 2
left_child=-1 3 -3 5 6 10 7 8 -5 14 19 -12 13 17 -8 -6 -11 -7 22 -2 -17 -22 -18 -13
right_child=1 2 -4 4 15 12 9 -9 -10 16 11 23 -14 -15 -16 20 18 -19 -20 -21 21 -23 -24 -25
leaf_value=0.029794547269741695 -0.010405251626358476 0.00024931886100343299 0.021127872920595109 -0.016061317069189888 0.0064948472357355055 0.012094484919309617 -0.00011918450274118564 0.011520258838931719 0.0013180317994086973 -0.016311743036688614 0.0071205421934428161 -0.0059716276466846461 0.012693325988948345 -0.0031211338625163642 -0.011030939247073799 -0.0042361846470063734 -0.010438279846022207 0.004264496676982023 -0.0070539134078555638 -0.003972214378968433 0.0055064189151443291 -0.0037585272639989852 -0.014436074854159842 -0.0080800278709028603
leaf_weight=30 43 28 40 49 32 25 41 30 31 48 48 25 36 37 29 31 31 26 27 27 29 40 49 27
leaf_count=30 43 28 40 49 32 25 41 30 31 48 48 25 36 37 29 31 31 26 27 27 29 40 49 27
internal_value=-0.000842292 -0.00195098 0.0125308 -0.00324502 -0.00566132 0.000593115 -0.00814834 -0.00364125 -0.00932682 -0.0103518 -0.00341377 -0.000256654 0.00608643 0.0033836 -0.00463977 0.000650443 -0.0129314 0.00810273 -0.011415 -0.00792394 -0.00121977 0.000135436 -0.0128869 -0.00706637
internal_weight=859 829 68 761 467 294 335 110 80 225 170 100 124 88 70 132 155 51 107 70 100 69 80 52
internal_count=859 829 68 761 467 294 335 110 80 225 170 100 124 88 70 132 155 51 107 70 100 69 80 52
is_linear=0
shrinkage=0.04


Tree=39
num_leaves=27
num_cat=0
split_feature=2 4 7 6 6 7 7 9 7 9 4 5 5 7 4 5 9 4 9 6 4 4 1 5 6 4
split_gain=16.8062 9.48041 6.19025 2.37612 5.91728 7.55203 3.11476 1.29834 4.77902 3.02802 1.43508 1.38364 1.28099 1.25678 1.22083 1.13566 1.54283 1.48056 1.10828 0.915221 1.33225 0.777972 0.459004 0.669355 0.361628 0.100413
threshold=-2.9592882694284057 -0.34253681412069453 1.4375614829875671 -0.15225124341821353 0.52988476228989012 0.26563341774548938 -0.61331263118606871 0.051666547158054986 0.85159745036652823 -0.82182101573281285 -0.086748675220654506 1.0000000180025095e-35 -0.25066273765626779 1.1445794666770477 1.0216665933461864 1.0000000180025095e-35 0.52200600409929165 -0.85411309192077478 -0.55305561176639195 -0.72069791484163315 -0.89065425462078041 0.74151767931280876 1.0000000180025095e-35 -0.71349052288507664 1.0000000180025095e-35 -0.69576805355408322
decision_type=2 2 2 2 2 2 2 2 2 2 2 2 2 2 2 2 2 2 2 2 2 2 2 2 2 2
left_child=-1 3 7 6 5 25 -2 9 -9 14 -11 13 -8 -10 22 16 17 -6 -12 20 -14 -13 23 -3 -4 -5
right_child=1 2 24 4 15 -7 12 8 11 10 18 21 19 -15 -16 -17 -18 -19 -20 -21 -22 -23 -24 -25 -26 -27
leaf_value=0.028602765048543612 -0.00017640270409174263 -0.0004658760433085263 0.018389422515034674 -0.0056016179946837595 -0.0082990963876247402 0.022097545718705213 -0.019111918203140562 -0.017508798691311053 -0.001065758306067437 0.015120488198534135 0.0097513391183955342 0.00095279713662771079 -0.0061941182971000678 0.009902024013655527 0.0046605288254266434 -0.0033910667591799909 -0.0043004132707913714 -0.021382368635911978 -0.0018357136107981207 -0.0051611261157428513 -0.018147161538536485 -0.0087413865217456106 0.0003857906060293317 -0.0078662406094372282 0.011770614813015397 -0.0021188500810127991
leaf_weight=30 40 33 25 27 25 27 38 28 32 31 28 26 25 35 44 39 30 31 25 34 37 27 40 48 28 26
leaf_count=30 40 33 25 27 25 27 38 28 32 31 28 26 25 35 44 39 30 31 25 34 37 27 40 48 28 26
internal_value=-0.0008086 -0.00187294 0.00205269 -0.00653398 -0.00361607 0.00487875 -0.00997175 0.000338531 -0.00262854 0.00210209 0.00828428 0.000843516 -0.0128957 0.00466368 -0.0010452 -0.00905276 -0.0116203 -0.0155416 0.00428575 -0.0104352 -0.0133274 -0.00398575 -0.00312002 -0.00485128 0.0148927 -0.00389309
internal_weight=859 829 450 379 205 80 174 397 148 249 84 120 134 67 165 125 86 56 53 96 62 53 121 81 53 53
internal_count=859 829 450 379 205 80 174 397 148 249 84 120 134 67 165 125 86 56 53 96 62 53 121 81 53 53
is_linear=0
shrinkage=0.04


Tree=40
num_leaves=28
num_cat=0
split_feature=2 4 8 9 9 9 9 9 9 9 7 9 0 5 4 8 4 7 4 9 4 4 9 4 4 9 7
split_gain=15.3698 8.27288 5.36789 4.87053 18.8165 3.60494 3.59729 3.48609 3.01622 1.89629 2.07549 1.81439 1.73822 1.7324 1.70864 2.72215 1.52759 1.45585 1.33222 0.911625 0.859091 1.56827 0.400801 1.69246 0.256835 0.221517 0.167378
threshold=-2.9592882694284057 0.60144322229612024 -0.63134183865453442 0.45481465310768643 1.0000000180025095e-35 0.92515411004892301 -0.55305561176639195 -1.2921604726740494 -1.5609258766404703 0.85796275905731789 1.4375614829875671 -0.9562037177160233 1.2485584126215263 -0.25066273765626779 -0.89065425462078041 1.0000000180025095e-35 -0.12328983792066023 -1.1992766638071075 -0.025846737387311625 0.051666547158054986 0.93640388037950606 1.6428663592462838 -0.75462966474120774 -0.42779952708737462 -0.65922689085407749 -0.75462966474120774 0.85159745036652823
decision_type=2 2 2 2 2 2 2 2 2 2 2 2 2 2 2 2 2 2 2 2 2 2 2 2 2 2 2
left_child=-1 2 3 4 13 6 11 8 -3 -9 20 16 14 -2 -8 19 17 -4 -7 -16 -11 -22 -15 -24 -17 -13 -5
right_child=1 7 5 26 -6 18 12 9 -10 10 -12 25 -14 22 15 24 -18 -19 -20 -21 21 -23 23 -25 -26 -27 -28
leaf_value=0.030805088631235638 -0.010646869711866925 0.0078933922708034517 -0.016853283071517944 -0.0097022649166839461 0.029164020802293505 0.0087555707287457259 -0.0015801694997302864 0.018537937402725219 -0.011221889145672322 0.010136229852214455 0.01635373374867824 0.0011932647338003986 -0.018245676745180829 0.0041313777101988141 -0.011521121690932072 -0.0018155509462723365 0.00019136273534968497 -0.0032023217633366588 -0.0027644713043138897 -0.020403736638836562 -0.0036716113839712406 0.0093695042371749887 -0.0089075333356857297 0.0058109904184937477 -0.0067340564182294272 0.0061402236577123405 -0.0052882908477827348
leaf_weight=26 29 25 25 28 42 36 46 31 28 28 31 28 33 33 38 26 44 25 29 36 36 25 25 25 49 30 27
leaf_count=26 29 25 25 28 42 36 46 31 28 28 31 28 33 33 38 26 44 25 29 36 36 25 25 25 49 30 27
internal_value=0.000506276 -0.00041187 -0.00260554 0.00268232 0.0063315 -0.00508905 -0.00657805 0.00662077 -0.00220525 0.00971865 0.00744033 -0.00181153 -0.00975573 -0.00223069 -0.00831896 -0.0103994 -0.00524436 -0.0100278 0.00361586 -0.0158424 0.00433566 0.00167311 0.000709902 -0.00154827 -0.00502897 0.00375204 -0.0075354
internal_weight=884 858 654 209 154 445 380 204 53 151 120 152 228 112 195 149 94 50 65 74 89 61 83 50 75 58 55
internal_count=884 858 654 209 154 445 380 204 53 151 120 152 228 112 195 149 94 50 65 74 89 61 83 50 75 58 55
is_linear=0
shrinkage=0.04


Tree=41
num_leaves=28
num_cat=0
split_feature=2 7 8 6 7 7 7 7 5 7 0 6 0 6 8 6 7 7 6 6 6 5 6 7 5 6 6
split_gain=14.1649 4.58081 4.03075 6.26826 7.48404 20.018 3.48556 3.96654 3.17367 2.61209 1.39254 1.29631 1.70527 2.73747 1.06333 1.04441 0.87577 0.744307 0.672222 1.98978 0.650535 0.487614 1.55804 0.474118 0.288263 0.0687296 0.0219615
threshold=-2.9592882694284057 1.1445794666770477 -0.63134183865453442 0.18881675943583826 1.0000000180025095e-35 0.55861543405600889 -0.61331263118606871 0.85159745036652823 1.0000000180025095e-35 -0.90629464749658817 1.0000000180025095e-35 0.41619542800520609 -1.0000000180025095e-35 -0.60700858055694906 1.0000000180025095e-35 -0.72069791484163315 0.26563341774548938 -0.32033061487554942 -0.72069791484163315 0.30250609372052223 0.30250609372052223 -0.25066273765626779 -0.49331924627226525 1.4375614829875671 -0.71349052288507664 0.64357409657457409 -0.72069791484163315
decision_type=2 2 2 2 2 2 2 2 2 2 2 2 2 2 2 2 2 2 2 2 2 2 2 2 2 2 2
left_child=-1 2 3 4 15 -6 9 14 16 10 18 12 -3 -14 17 -2 -5 -8 -4 -20 26 -16 -23 -13 -12 -24 -19
right_child=1 11 6 8 5 -7 7 -9 -10 -11 24 23 13 -15 21 -17 -18 20 19 -21 -22 22 25 -25 -26 -27 -28
leaf_value=0.029572884635283399 0.0040494079243492435 0.0097068263394002978 -0.00043367904921372735 -0.013503225700929763 0.041109424430516454 -0.0060015432205465106 -0.0054886176466941838 0.0041458045194546385 0.0051189294265849249 0.0087974193031814963 0.0051465968837340675 0.007119505652065935 0.0071739282690245531 -0.010525030929043338 -0.010229799219865955 -0.0059937783777713775 -0.004279623072860496 -0.015362580647835364 -0.016188792028070356 -0.0017495062625085987 -0.0092457605747354992 -0.012288680599470223 -0.0020839784170190493 0.014416810323018581 -0.00019678822319422448 0.00069782837121574971 -0.017006646543741226
leaf_weight=26 37 37 30 40 31 27 25 45 35 44 30 29 29 27 34 30 28 26 26 37 37 28 30 28 35 27 26
leaf_count=26 37 37 30 40 31 27 25 45 35 44 30 29 29 27 34 30 28 26 26 37 37 28 30 28 35 27 26
internal_value=0.000486025 -0.000395395 -0.00174069 0.00263846 0.00865892 0.0191785 -0.00382078 -0.00672634 -0.00466792 0.000177951 -0.00222241 0.00595438 0.00304323 -0.0013595 -0.00882611 -0.000447541 -0.00970527 -0.0115869 -0.00536184 -0.00770858 -0.0132999 -0.0061813 -0.00456189 0.0107041 0.00226939 -0.00076628 -0.0161846
internal_weight=884 858 708 228 125 58 480 278 103 202 158 150 93 56 233 67 68 114 93 63 89 119 85 57 65 57 52
internal_count=884 858 708 228 125 58 480 278 103 202 158 150 93 56 233 67 68 114 93 63 89 119 85 57 65 57 52
is_linear=0
shrinkage=0.04


Tree=42
num_leaves=27
num_cat=0
split_feature=2 9 8 6 9 9 9 9 5 0 0 5 6 0 6 0 8 5 9 9 9 5 0 9 5 6
split_gain=13.0543 4.68147 4.16935 5.48909 8.77876 22.4643 3.92192 2.76236 2.76149 2.35135 1.76944 1.68999 1.49889 1.64833 3.76061 1.63828 1.14596 1.0877 0.999638 0.776234 1.42516 0.770815 0.524831 0.910031 0.505288 0.92914
threshold=-2.9592882694284057 1.1267281630237389 -0.63134183865453442 0.18881675943583826 1.0000000180025095e-35 0.52200600409929165 -0.55305561176639195 0.92515411004892301 1.0000000180025095e-35 1.0000000180025095e-35 1.2485584126215263 1.0000000180025095e-35 0.41619542800520609 -1.0000000180025095e-35 -0.72069791484163315 -1.0000000180025095e-35 1.0000000180025095e-35 -0.71349052288507664 0.3876233021160812 -0.9562037177160233 -1.3593518236656548 0.67499283280135014 1.0000000180025095e-35 0.051666547158054986 -0.25066273765626779 -0.49331924627226525
decision_type=2 2 2 2 2 2 2 2 2 2 2 2 2 2 2 2 2 2 2 2 2 2 2 2 2 2
left_child=-1 2 3 4 21 -6 9 10 18 11 16 17 13 -3 -15 -14 22 -4 -5 20 -11 -2 23 -8 -18 -26
right_child=1 12 6 8 5 -7 7 -9 -10 19 -12 -13 15 14 -16 -17 24 -19 -20 -21 -22 -23 -24 -25 25 -27
leaf_value=0.028389969313373932 -0.0050477511778071115 0.0093185534660477892 -0.0020620265505498364 -0.012963096644729374 0.045374562546078655 -0.0057614815842222293 -0.0028754918312589675 0.0042794442748030027 0.0049141726706709186 0.008965490658221574 -0.017197372755317977 0.0033757511251606047 0.0036792588287166191 0.010100623834133149 -0.010604690311010927 0.016834030759831271 -0.0086947844241713652 -0.011165435500442982 -0.0030020072345656379 0.010657403453120164 -0.0033709056507195195 0.0033608998132474495 -0.014207563510962895 -0.012457248059766633 -0.0087065910100936894 0.00080320947260285424
leaf_weight=26 37 37 42 40 28 27 29 30 35 29 33 40 28 25 32 33 29 42 27 28 31 33 35 35 25 48
leaf_count=26 37 37 42 40 28 27 29 30 35 29 33 40 28 25 32 33 29 42 27 28 31 33 35 35 25 48
internal_value=0.000466584 -0.000379579 -0.00176696 0.00269378 0.00831257 0.0202714 -0.00389425 -0.00714791 -0.00419198 0.000157477 -0.00861295 -0.00339132 0.00591287 0.00274417 -0.00152341 0.0107958 -0.00720357 -0.00661373 -0.00894893 0.00515805 0.00259169 -0.00108367 -0.0102693 -0.00811551 -0.00422803 -0.00245357
internal_weight=884 858 703 227 125 55 476 264 102 212 234 124 155 94 57 61 201 84 67 88 60 70 99 64 102 73
internal_count=884 858 703 227 125 55 476 264 102 212 234 124 155 94 57 61 201 84 67 88 60 70 99 64 102 73
is_linear=0
shrinkage=0.04


Tree=43
num_leaves=28
num_cat=0
split_feature=4 5 7 8 4 4 7 5 0 4 5 0 0 0 0 8 4 5 4 5 7 4 0 0 4 4 4
split_gain=13.7582 5.48778 3.96004 4.32288 3.48448 4.36712 7.08459 3.19688 3.0261 2.75108 2.37509 2.37776 1.56452 1.23708 1.17676 1.61101 2.66441 1.08493 1.28757 1.09708 0.982936 0.912831 0.973449 0.84652 0.590958 0.27607 0.195288
threshold=1.7037682970796266 -0.25066273765626779 1.1445794666770477 -0.63134183865453442 -0.97591696758746049 -0.25727410115401456 1.0000000180025095e-35 0.67499283280135014 1.0000000180025095e-35 -0.18419177575400311 1.1378206180301593 -0.7491350475729156 0.74913504757291582 1.2485584126215263 0.74913504757291582 1.0000000180025095e-35 -0.79321115408743181 -0.71349052288507664 0.15685907611271704 1.0000000180025095e-35 -0.32033061487554942 -0.92719541732078625 -1.0000000180025095e-35 -1.0000000180025095e-35 0.32738450204607711 -0.59832495302073463 -0.59832495302073463
decision_type=2 2 2 2 2 2 2 2 2 2 2 2 2 2 2 2 2 2 2 2 2 2 2 2 2 2 2
left_child=2 -2 3 4 -1 6 26 23 -8 13 11 -11 24 14 15 16 -5 -4 -19 -20 -18 -17 25 -7 -13 -23 -6
right_child=1 -3 17 9 5 7 8 -9 -10 10 -12 12 -14 -15 -16 21 20 18 19 -21 -22 22 -24 -25 -26 -27 -28
leaf_value=-0.0094349405237219557 0.0080453144971813478 0.033829141938686372 2.7811950663240944e-05 -0.0011410707759205252 -0.0036032082661986353 -0.0028030509559007796 0.010615915144483248 0.0086550575461504728 0.028900114851338522 0.0051572150988099365 0.0092196624215240726 -0.013343620712050435 -0.00012793598278444641 -0.013675357705603044 0.00083722145372145881 -0.0098478070067034833 -0.0095188915626411991 0.014190469736402684 0.0088525857465962567 -0.0020548778176307679 -0.019395862574640071 -0.0073323465773352872 0.0048336828895413353 -0.012826326949787992 -0.0058825375256793848 -0.0014989764243364333 0.0013964830636978148
leaf_weight=33 28 25 41 32 25 26 30 28 28 46 33 33 49 36 37 27 28 33 36 25 38 27 27 28 35 25 25
leaf_count=33 28 25 41 32 25 26 30 28 28 46 33 33 49 36 37 27 28 33 36 25 38 27 27 28 35 25 25
internal_value=0.00044792 0.0202075 -0.000812317 -0.00202842 0.00256271 0.00464651 0.00993067 -0.00231311 0.0194428 -0.00419295 -0.00056641 -0.00254764 -0.0055769 -0.00675903 -0.00572588 -0.00691625 -0.0106131 0.00545738 0.0078256 0.00438231 -0.0152056 -0.00349839 -0.00132833 -0.00800031 -0.00950336 -0.00452784 -0.00110336
internal_weight=884 53 831 696 223 190 108 82 58 473 196 163 117 277 241 204 98 135 94 61 66 106 79 54 68 52 50
internal_count=884 53 831 696 223 190 108 82 58 473 196 163 117 277 241 204 98 135 94 61 66 106 79 54 68 52 50
is_linear=0
shrinkage=0.04


Tree=44
num_leaves=27
num_cat=0
split_feature=4 5 7 8 6 6 5 5 4 6 5 0 0 0 6 0 7 5 4 4 4 6 9 6 6 4
split_gain=12.6796 5.05754 3.64957 3.98396 5.48877 7.22818 10.308 2.59736 2.5354 2.57519 2.18888 2.19135 1.44186 1.40206 1.22544 1.15076 1.04002 0.99987 1.18662 1.02794 0.917802 0.911601 0.786536 0.548598 0.5002 0.377231
threshold=1.7037682970796266 -0.25066273765626779 1.1445794666770477 -0.63134183865453442 0.18881675943583826 -0.94807658341100087 -0.25066273765626779 1.0000000180025095e-35 -0.18419177575400311 -1.0617659176956848 1.1378206180301593 -0.7491350475729156 0.74913504757291582 1.2485584126215263 0.75726343085925796 -0.7491350475729156 -0.61331263118606871 -0.71349052288507664 0.15685907611271704 0.82678039227948885 -0.63486611572074036 1.0000000180025095e-35 1.0000000180025095e-35 0.30250609372052223 0.30250609372052223 -0.43997991465404318
decision_type=2 2 2 2 2 2 2 2 2 2 2 2 2 2 2 2 2 2 2 2 2 2 2 2 2 2
left_child=2 -2 3 4 5 25 -7 14 9 22 11 -10 21 15 -6 23 -17 -4 -19 -20 24 -13 -5 -11 -18 -1
right_child=1 -3 17 8 7 6 -8 -9 10 13 -12 12 -14 -15 -16 16 20 18 19 -21 -22 -23 -24 -25 -26 -27
leaf_value=0.00036712560516137348 0.0077235020377806251 0.032475976729393008 2.6699471764448212e-05 -0.0031930620851926507 -0.015639604563238447 0.036591470711506327 0.0046870682115644907 0.0042678629234433173 0.0049509264382979149 -0.015621474746229321 0.0088508758143606512 -0.0044918702781090846 -0.00012281843137984373 -0.017008185014128686 -0.0045538830718933011 0.0018030096444168263 0.00055671897232532496 0.013622850780234192 -0.00042021615978549511 0.010033912813221966 -0.011586118269711733 -0.013754576295614242 0.006173316492484167 -0.0083569011741723761 -0.0070478595835306961 -0.0064467110943335747
leaf_weight=26 28 25 41 32 27 26 43 36 46 29 33 34 49 27 39 28 25 33 34 27 40 34 26 39 31 26
leaf_count=26 28 25 41 32 27 26 43 36 46 29 33 34 49 27 39 28 25 33 34 27 40 34 26 39 31 26
internal_value=0.000430004 0.0193992 -0.000779825 -0.00194729 0.0024602 0.00822193 0.016709 -0.00437478 -0.00402524 -0.00648867 -0.000543754 -0.00244573 -0.00535382 -0.00847347 -0.00908895 -0.00727327 -0.00498005 0.00523909 0.00751258 0.00420702 -0.00695844 -0.00912322 0.00100566 -0.011455 -0.00365296 -0.00303979
internal_weight=884 53 831 696 223 121 69 102 473 277 196 163 117 219 66 192 124 135 94 61 96 68 58 68 56 52
internal_count=884 53 831 696 223 121 69 102 473 277 196 163 117 219 66 192 124 135 94 61 96 68 58 68 56 52
is_linear=0
shrinkage=0.04


Tree=45
num_leaves=25
num_cat=0
split_feature=4 9 8 9 9 4 9 9 6 6 6 4 5 4 9 0 8 9 6 4 0 4 6 4
split_gain=10.3332 4.32861 4.44066 6.56647 13.8978 3.70355 3.8462 2.29535 3.48067 2.93242 2.2597 1.95211 1.63279 1.60826 1.31998 1.24372 1.42554 0.673674 0.81393 0.702401 0.690246 0.656673 0.618946 0.589817
threshold=1.8742937230129866 1.3283022159985547 -0.63134183865453442 0.45481465310768643 1.0000000180025095e-35 -0.31817603898735741 -0.6874383137496024 -0.082716154825155472 0.18881675943583826 -1.1754552519803687 -0.15225124341821353 0.65625496634612879 -0.25066273765626779 -0.23291332602067741 0.79077140806571256 -0.7491350475729156 1.0000000180025095e-35 0.99234546104052834 -0.72069791484163315 -0.86629347948744329 1.0000000180025095e-35 0.16903946367938563 -0.72069791484163315 -0.15983100062066594
decision_type=2 2 2 2 2 2 2 2 2 2 2 2 2 2 2 2 2 2 2 2 2 2 2 2
left_child=1 2 3 4 5 6 -1 8 15 -9 -7 21 -10 -14 -5 -4 23 18 -11 -20 -21 -3 -18 -17
right_child=-2 11 7 14 -6 10 -8 9 12 17 -12 -13 13 -15 -16 16 22 -19 19 20 -22 -23 -24 -25
leaf_value=0.0043268837431265465 0.018911618759686298 0.0068995733006346621 -0.00011868094073401557 -0.014038794694408295 0.027348079834599047 0.015862760811245866 -0.014773795991330534 0.0030530582024500918 -0.0025106334157854967 -0.01652275326627272 0.0007116399094876316 0.015520898884823244 0.0013699132610016909 0.013011476054686952 -0.0029164599372368113 -0.0075223654967087961 -0.016756679828561442 -0.0046529921525054509 -0.0047960383885286076 -0.0076882346194576132 -0.015100948594107821 -0.0018136257290840149 -0.0080975276261568072 0.0010825600594282152
leaf_weight=31 44 31 45 31 40 28 37 39 46 27 36 31 39 37 38 26 28 45 44 44 37 25 25 25
leaf_count=31 44 31 45 31 40 28 37 39 46 27 36 31 39 37 38 26 28 45 44 44 37 25 25 25
internal_value=1.86411e-05 -0.000976917 -0.00195912 0.0025111 0.00669304 0.000433934 -0.00606613 -0.00408401 -0.0015724 -0.00696811 0.00734026 0.00746775 0.00343739 0.00703752 -0.00791345 -0.00567439 -0.0080783 -0.00895199 -0.0102247 -0.00886434 -0.0110743 0.00300975 -0.0126722 -0.00330426
internal_weight=879 835 748 241 172 132 68 507 271 236 64 87 122 76 69 149 104 197 152 125 81 56 53 51
internal_count=879 835 748 241 172 132 68 507 271 236 64 87 122 76 69 149 104 197 152 125 81 56 53 51
is_linear=0
shrinkage=0.04


Tree=46
num_leaves=27
num_cat=0
split_feature=4 9 8 9 9 4 9 9 3 6 6 4 7 4 9 0 8 8 4 6 4 4 8 0 0 4
split_gain=9.5231 3.98925 4.09251 6.05166 12.8082 3.41319 3.54466 2.1154 3.35783 3.20779 2.08254 1.79907 1.7382 3.80451 1.2165 1.14622 1.31377 0.859259 0.60519 0.570421 0.546066 2.35785 0.952484 0.65598 0.987485 0.543576
threshold=1.8742937230129866 1.3283022159985547 -0.63134183865453442 0.45481465310768643 1.0000000180025095e-35 -0.31817603898735741 -0.6874383137496024 -0.082716154825155472 1.0000000180025095e-35 0.18881675943583826 -0.15225124341821353 0.65625496634612879 -0.90629464749658817 -0.23291332602067741 0.79077140806571256 -0.7491350475729156 1.0000000180025095e-35 1.0000000180025095e-35 0.16903946367938563 -0.72069791484163315 -0.69576805355408322 -0.86629347948744329 1.0000000180025095e-35 0.74913504757291582 -0.7491350475729156 -0.15983100062066594
decision_type=2 2 2 2 2 2 2 2 2 2 2 2 2 2 2 2 2 2 2 2 2 2 2 2 2 2
left_child=1 2 3 4 5 6 -1 9 20 15 -7 18 17 -14 -5 -4 25 -11 -3 -18 21 22 -9 24 -22 -17
right_child=-2 11 7 14 -6 10 -8 8 -10 12 -12 -13 13 -15 -16 16 19 -19 -20 -21 23 -23 -24 -25 -26 -27
leaf_value=0.0041538084791071959 0.018155153847553514 0.0066235905188706612 -0.00011393381738000447 -0.013477243093713637 0.026254157338291409 0.015228250210306474 -0.014182844174069327 -0.00057570269402976225 0.0058133928279081983 -0.0054641927613743712 0.00068317430093884474 0.014900062522220035 -0.00060148147753242285 0.020085467105731367 -0.002799801646094573 -0.0072214710712432866 -0.016086412061538016 0.0038464331363552602 -0.0017410807222127914 -0.0077736264988780028 -0.0032356020423673815 -0.020231408481967857 -0.010882913155946881 -0.0024957920668216851 -0.012357629111834936 0.0010392574906349181
leaf_weight=31 44 31 45 31 40 28 37 26 30 35 36 31 33 25 38 26 28 29 25 25 31 29 32 39 49 25
leaf_count=31 44 31 45 31 40 28 37 26 30 35 36 31 33 25 38 26 28 29 25 25 31 29 32 39 49 25
internal_value=1.78954e-05 -0.00093784 -0.00188075 0.00241065 0.00642532 0.000416577 -0.00582349 -0.00392065 -0.00668938 -0.00150951 0.00704665 0.00716904 0.0032999 0.00831531 -0.00759691 -0.00544741 -0.00775516 -0.00124532 0.00288936 -0.0121653 -0.00851017 -0.0109188 -0.00626244 -0.00674927 -0.00882284 -0.00317209
internal_weight=879 835 748 241 172 132 68 507 236 271 64 87 122 58 69 149 104 64 56 53 206 87 58 119 80 51
internal_count=879 835 748 241 172 132 68 507 236 271 64 87 122 58 69 149 104 64 56 53 206 87 58 119 80 51
is_linear=0
shrinkage=0.04


Tree=47
num_leaves=26
num_cat=0
split_feature=7 0 8 6 7 9 7 7 9 6 6 6 5 6 8 6 6 5 7 9 6 6 6 8 5
split_gain=5.76927 4.60571 4.20169 4.87829 7.8233 25.2473 2.84341 2.57731 3.4418 1.34606 1.01527 1.01237 2.1856 2.04607 0.792415 1.67531 1.56764 1.73508 0.998259 0.98595 0.714403 0.685422 0.473969 0.271325 0.151136
threshold=1.1445794666770477 -0.7491350475729156 -0.63134183865453442 0.52988476228989012 0.55861543405600889 1.0000000180025095e-35 -0.61331263118606871 -0.61331263118606871 -0.75462966474120774 0.41619542800520609 -0.72069791484163315 -0.83438724912631701 -1.1763183081138855 0.18881675943583826 1.0000000180025095e-35 0.98464209942862591 -0.15225124341821353 1.0000000180025095e-35 1.0000000180025095e-35 0.45481465310768643 0.98464209942862591 -0.49331924627226525 -0.94807658341100087 1.0000000180025095e-35 -0.25066273765626779
decision_type=2 2 2 2 2 2 2 2 2 2 2 2 2 2 2 2 2 2 2 2 2 2 2 2 2
left_child=2 -2 3 4 5 6 21 8 11 10 -3 23 -13 -14 15 18 22 -18 -9 -20 -5 -1 -16 -4 -22
right_child=1 9 7 20 -6 -7 -8 14 -10 -11 -12 12 13 -15 16 -17 17 -19 19 -21 24 -23 -24 -25 -26
leaf_value=0.011730893331545372 0.01874092370644212 0.0046743040838662315 0.0053670074211226567 -0.0091197532508522274 -0.010467388822186379 0.044475255022788866 -0.0074351156087858342 0.004063953246702166 0.013493432794482663 0.0087324974903973136 -0.0048401783171452975 0.0047560190003026618 -0.013459496953609316 -0.0014571528131280967 -0.0094640416701634728 -0.012166491113603115 -0.0094124386056649439 0.0022483502307108472 -0.00904606620936344 -0.00020785885660544687 -0.0037382346115730426 0.0025393442004919054 -0.016574366970608632 -0.00041601257920265199 0.00057789360284805295
leaf_weight=27 40 34 27 34 31 29 35 34 26 41 38 33 44 47 30 31 49 35 36 46 27 25 30 25 25
leaf_count=27 40 34 27 34 31 29 35 34 26 41 38 33 44 47 30 31 49 35 36 46 27 25 30 25 25
internal_value=1.71796e-05 0.00707627 -0.00147048 0.0029559 0.00738287 0.0121532 0.00137918 -0.00356246 -9.11747e-05 0.00294719 -0.000347228 -0.00209799 -0.00406254 -0.00726048 -0.00597208 -0.00390617 -0.00808104 -0.00455378 -0.00169867 -0.00408805 -0.00461112 0.00731188 -0.0130192 0.00258671 -0.00166317
internal_weight=879 153 726 233 147 116 87 493 202 113 72 176 124 91 291 147 144 84 116 82 86 52 60 52 52
internal_count=879 153 726 233 147 116 87 493 202 113 72 176 124 91 291 147 144 84 116 82 86 52 60 52 52
is_linear=0
shrinkage=0.04


Tree=48
num_leaves=27
num_cat=0
split_feature=4 4 6 3 6 4 4 4 9 0 9 9 7 4 6 9 9 9 4 4 7 0 9 7 4 4
split_gain=8.68223 3.04139 3.63887 1.86009 2.00712 2.51751 1.5589 2.2797 4.35324 1.73074 2.16448 2.78399 7.31965 1.91581 1.5692 1.34502 2.616 1.44838 1.17996 0.840808 0.726476 0.805117 0.6723 0.618391 0.373968 0.214203
threshold=2.3127876754130554 -1.012458130287466 -1.5165232548344203 1.0000000180025095e-35 1.4393994365673617 1.0000000180025095e-35 -0.89065425462078041 -0.69576805355408322 0.051666547158054986 1.2485584126215263 1.3283022159985547 0.45481465310768643 1.0000000180025095e-35 1.0216665933461864 0.41619542800520609 -1.0233950687076285 -0.6874383137496024 -1.4265431746572599 -0.22073293845400885 1.0703881436128604 -0.32033061487554942 1.0000000180025095e-35 1.5298762689733703 1.0000000180025095e-35 0.22994140151272849 0.1324983009793799
decision_type=2 2 2 2 2 2 2 2 2 2 2 2 2 2 2 2 2 2 2 2 2 2 2 2 2 2
left_child=1 20 23 4 6 -6 -4 8 -8 10 11 12 13 15 -11 17 -17 -9 -18 24 -1 -22 -12 -3 -13 -19
right_child=-2 2 3 -5 5 -7 7 9 -10 14 22 19 -14 -15 -16 16 18 25 -20 -21 21 -23 -24 -25 -26 -27
leaf_value=-0.0016099275887012483 0.021538935077601466 -0.0052641676843166356 0.007644986031023232 0.0085878133656893015 -0.00074350843085321014 0.016695224456489088 0.0022712901998788882 0.0010966626135632397 -0.016628153507526104 -0.010510821553290866 0.012277285574424653 -0.006157726080058829 0.017789249818772078 0.0094670033311614627 0.001992974318563938 0.0078356546976525963 -0.0085823711256186163 -0.012884225764870643 0.0013620705428932394 -0.00010779555027301495 -0.0060508194089024551 -0.014807405024766922 0.0038042834613086851 -0.013848755215776378 -0.012456932175159455 -0.00764800189435482
leaf_weight=25 29 25 37 47 27 26 39 28 39 42 31 38 40 26 26 48 42 25 35 26 42 28 29 29 25 25
leaf_count=25 29 25 37 47 27 26 39 28 39 42 31 38 40 26 26 48 42 25 35 26 42 28 29 29 25 25
internal_value=1.64924e-05 -0.000717803 0.000130937 0.000901677 0.00034931 0.00781134 -0.00030874 -0.000830527 -0.00717843 0.000188273 0.00115105 -2.73249e-05 0.00200163 -0.000756038 -0.00572996 -0.00206539 0.000506594 -0.00618717 -0.00406217 -0.00615977 -0.00746305 -0.00955345 0.008182 -0.00987441 -0.00865741 -0.0102661
internal_weight=879 850 755 701 654 53 601 564 78 486 418 358 269 229 68 203 125 78 77 89 95 70 60 54 63 50
internal_count=879 850 755 701 654 53 601 564 78 486 418 358 269 229 68 203 125 78 77 89 95 70 60 54 63 50
is_linear=0
shrinkage=0.04


Tree=49
num_leaves=28
num_cat=0
split_feature=4 8 6 6 7 4 4 7 9 6 4 4 7 5 4 3 0 8 4 4 4 4 6 4 4 6 4
split_gain=8.02241 3.31894 4.95299 7.38622 5.31979 7.14662 3.7609 3.2633 2.08375 2.4052 1.90025 1.59373 1.68614 1.41417 1.34354 1.19834 0.998082 1.12995 0.63022 0.839707 1.17658 0.905716 0.541045 0.504305 0.466069 0.39891 0.293873
threshold=1.8742937230129866 -0.63134183865453442 -1.2891445862650526 -0.60700858055694906 0.26563341774548938 -0.51306224005405465 -0.50088185248738604 1.1445794666770477 -0.082716154825155472 0.18881675943583826 0.071596363146036998 0.15685907611271704 1.4375614829875671 1.0000000180025095e-35 -0.18419177575400311 1.0000000180025095e-35 -0.7491350475729156 1.0000000180025095e-35 0.047235588012699836 -0.89065425462078041 -0.69576805355408322 -0.48870146492071748 -0.72069791484163315 -0.15983100062066594 -0.31817603898735741 0.75726343085925796 -1.1220816183874833
decision_type=2 2 2 2 2 2 2 2 2 2 2 2 2 2 2 2 2 2 2 2 2 2 2 2 2 2 2
left_child=1 2 -1 24 6 -6 -5 8 9 16 -8 -9 -13 25 -15 18 -3 23 19 26 -21 -22 -19 -18 -4 -11 -10
right_child=-2 7 3 4 5 -7 10 11 15 13 -12 12 -14 14 -16 -17 17 22 -20 20 21 -23 -24 -25 -26 -27 -28
leaf_value=-0.010997727484338813 0.016662789021026005 -2.9651573134793176e-05 0.022144014468559851 -0.013450177667869464 0.024807745105233689 -0.00034214091952890159 0.0087251333507799341 0.012059795979795784 -0.0082031346986070272 0.001719669074867852 -0.0056506626154961331 -0.0055111960524862457 0.0075914740115404136 0.0013888222883854592 0.013031232231136025 0.00089715809733779343 -0.0068100467324256897 -0.015068836583356773 -0.0023854149476839944 -0.017461031280232197 -0.0027449609967879953 -0.012174318295258741 -0.0069729247063398357 0.00114668999761343 0.014494859224557876 -0.0050714401701735636 -0.0022365092220050947
leaf_weight=36 44 45 26 45 29 48 31 29 25 25 28 33 30 35 29 27 26 28 26 33 28 39 25 25 25 31 28
leaf_count=36 44 45 26 45 29 48 31 29 25 25 28 33 30 35 29 27 26 28 26 33 28 39 25 25 25 31 28
internal_value=1.58327e-05 -0.000861372 0.00280672 0.00494879 0.00116025 0.00912989 -0.00474036 -0.00259515 -0.00393065 -0.00161222 0.00190272 0.0043001 0.000728171 0.00260243 0.00666429 -0.0069581 -0.00500657 -0.00716004 -0.00814298 -0.00912139 -0.0112787 -0.00823369 -0.01125 -0.00290969 0.0183944 -0.00203969 -0.00505096
internal_weight=879 835 268 232 181 77 104 567 475 269 59 92 63 120 64 206 149 104 179 153 100 67 53 51 51 56 53
internal_count=879 835 268 232 181 77 104 567 475 269 59 92 63 120 64 206 149 104 179 153 100 67 53 51 51 56 53
is_linear=0
shrinkage=0.04


Tree=50
num_leaves=26
num_cat=0
split_feature=4 2 7 0 0 4 5 4 4 4 7 4 7 4 8 4 5 7 4 4 0 4 5 5 4
split_gain=13.1675 3.30178 2.63004 1.43244 2.69756 1.61751 1.97872 0.995193 0.919945 2.58789 0.521267 1.79913 2.12312 2.15486 1.02919 3.09082 2.33585 2.07402 1.23635 0.842731 1.90505 1.31416 1.73403 1.21863 0.529079
threshold=2.3127876754130554 1.0000000180025095e-35 1.4375614829875671 0.74913504757291582 1.2485584126215263 -0.73230921625408896 -0.25066273765626779 0.60144322229612024 -0.34253681412069453 0.15685907611271704 0.55861543405600889 1.106929306312866 1.1445794666770477 -0.58614456545406601 -0.63134183865453442 0.10813752584604273 -0.25066273765626779 1.0000000180025095e-35 -0.48870146492071748 -0.79321115408743181 -1.0000000180025095e-35 -0.47652107735404886 0.67499283280135014 1.0000000180025095e-35 -0.6714072784207461
decision_type=2 2 2 2 2 2 2 2 2 2 2 2 2 2 2 2 2 2 2 2 2 2 2 2 2
left_child=1 -1 3 10 8 -6 -7 -4 -5 -10 14 12 13 -12 15 16 -3 19 -18 -16 21 -21 -23 -22 -19
right_child=-2 2 7 4 5 6 -8 -9 9 -11 11 -13 -14 -15 17 -17 18 24 -20 20 23 22 -24 -25 -26
leaf_value=0.0083979375668345613 0.024252151921391487 0.011394784041813441 0.00077020196652993929 -4.9072662368416789e-05 -0.01335345892996494 -0.010749492368102074 0.0035283364891642477 0.010357370184734465 0.016450861328177982 -0.00061891734103361766 -0.0059898361191153531 0.0025213895738124847 -5.8481960461057466e-05 -0.020128897862399325 0.0024695375644498401 -0.010962923069794973 -0.0081310150743677066 -0.014578560887732439 0.0043273183884099129 -0.0081080941624682521 -0.0027084690044168382 -0.0024358698910064238 0.010510159921646119 -0.013966241059359164 -0.0070903463059893024
leaf_weight=47 32 35 41 48 28 25 41 30 27 30 35 27 29 34 36 33 26 36 25 29 25 49 25 40 26
leaf_count=47 32 35 41 48 28 25 41 30 27 30 35 27 29 34 36 33 26 36 25 29 25 49 25 40 26
internal_value=-0.000924158 -0.00189833 -0.00251875 -0.00325377 -0.000375488 -0.00529758 -0.00187993 0.00482112 0.00403095 0.00746677 -0.00437687 -0.00662116 -0.00914003 -0.0129569 -0.0036482 -0.000556155 0.00343714 -0.00503148 -0.00202399 -0.0030843 -0.0042744 -0.000890664 0.00193779 -0.00963633 -0.0114383
internal_weight=859 827 780 709 199 94 66 71 105 57 510 125 98 69 385 119 86 266 51 204 168 103 74 65 62
internal_count=859 827 780 709 199 94 66 71 105 57 510 125 98 69 385 119 86 266 51 204 168 103 74 65 62
is_linear=0
shrinkage=0.04


Tree=51
num_leaves=28
num_cat=0
split_feature=4 9 3 9 9 9 1 8 6 4 9 6 4 6 6 1 4 9 5 4 4 6 4 5 4 6 5
split_gain=12.1351 4.26066 2.53699 1.47213 5.63022 8.54635 2.75012 2.16635 2.00334 1.45632 1.30323 2.43359 1.3793 3.20333 1.66972 1.19279 1.10356 1.42389 1.25921 2.76478 1.20494 1.00098 0.964521 0.545223 0.461403 0.370195 0.303257
threshold=2.3127876754130554 1.5970676199649756 1.0000000180025095e-35 0.051666547158054986 0.3876233021160812 0.58919735509089699 1.0000000180025095e-35 -0.63134183865453442 1.0000000180025095e-35 1.106929306312866 -0.14990750581676068 0.52988476228989012 -0.46434068978738036 -0.83438724912631701 -0.15225124341821353 1.0000000180025095e-35 0.083776750712705572 -1.493734525648865 0.67499283280135014 -0.18419177575400311 0.75369806687947738 -0.37962991198758139 0.19340023881272278 0.67499283280135014 -0.73230921625408896 -0.49331924627226525 0.67499283280135014
decision_type=2 2 2 2 2 2 2 2 2 2 2 2 2 2 2 2 2 2 2 2 2 2 2 2 2 2 2
left_child=1 2 3 10 6 -6 24 8 -7 15 12 -12 13 -1 -15 22 18 -18 21 -20 23 -14 -9 -19 -5 -4 -16
right_child=-2 -3 25 4 5 7 -8 9 -10 -11 11 -13 16 14 26 -17 17 20 19 -21 -22 -23 -24 -25 -26 -27 -28
leaf_value=0.0033973811808973554 0.023282066136598587 0.011444165302893602 0.009718490672111512 -0.015289621888659895 0.016967339517943787 -0.0041007193260722691 -0.0034548634318289934 -0.0033594308186244842 -0.017639989879201443 0.006720044913887978 0.012483421633286137 -0.0046866716146469123 0.0035039213443956068 -0.017926609208186468 -0.0028748292982578279 0.0024626506981439891 0.0035706277051940562 -0.0046770777819412097 -0.0025372120848408453 0.015402307386975735 0.00096531012448771239 -0.0065058542964415572 -0.012809693471149162 -0.012119372151792049 -0.022488417060210788 0.0028348170895129443 -0.0091051512867212289
leaf_weight=40 32 37 25 28 33 36 27 48 34 25 28 25 31 30 25 32 36 28 27 28 29 33 27 36 29 25 25
leaf_count=40 32 37 25 28 33 36 27 48 34 25 28 25 31 30 25 32 36 28 27 28 29 33 27 36 29 25 25
internal_value=-0.000887192 -0.0018224 -0.00244374 -0.00303296 -0.00508253 -0.00190541 -0.0139709 -0.00498858 -0.0106769 -0.00197203 -0.00147996 0.00438432 -0.00232455 -0.00584502 -0.0104662 -0.00400289 -0.000621092 -0.00318387 0.00215704 0.00659563 -0.00579851 -0.00165737 -0.00676153 -0.00886337 -0.0189522 0.00627665 -0.00598999
internal_weight=859 827 790 740 319 235 84 202 70 132 421 53 368 120 80 107 248 129 119 55 93 64 75 64 57 50 50
internal_count=859 827 790 740 319 235 84 202 70 132 421 53 368 120 80 107 248 129 119 55 93 64 75 64 57 50 50
is_linear=0
shrinkage=0.04


Tree=52
num_leaves=25
num_cat=0
split_feature=2 9 5 9 9 9 9 6 6 0 9 9 9 5 5 6 8 6 6 0 6 6 8 6
split_gain=9.43764 3.60699 1.92064 1.49028 1.29022 1.74059 1.68815 3.47147 1.69642 1.74335 1.63039 6.72557 5.06189 3.53462 2.9354 1.59739 2.3351 1.7277 1.25028 1.51681 0.821919 0.720404 0.310137 0.0782344
threshold=-1.6916913147484629 1.3954935669901598 -0.71349052288507664 -1.5609258766404703 -1.2921604726740494 -1.4265431746572599 -0.6874383137496024 -1.5165232548344203 0.87095276514394182 1.0000000180025095e-35 0.3876233021160812 0.52200600409929165 0.051666547158054986 1.0000000180025095e-35 -0.25066273765626779 -1.0617659176956848 1.0000000180025095e-35 0.075127425151154323 0.30250609372052223 -1.0000000180025095e-35 0.30250609372052223 -0.83438724912631701 -0.63134183865453442 0.075127425151154323
decision_type=2 2 2 2 2 2 2 2 2 2 2 2 2 2 2 2 2 2 2 2 2 2 2 2
left_child=-1 3 -3 -2 5 -5 8 -8 9 23 12 -12 13 -9 -14 -13 17 -17 21 -20 -18 -15 -19 -6
right_child=1 2 -4 4 6 -7 7 10 -10 -11 11 15 14 18 -16 16 20 22 19 -21 -22 -23 -24 -25
leaf_value=0.01949174951868398 0.0046195808970261104 -0.0006777976211663839 0.0115057206597734 -0.0013775103331343935 -0.0018383143439486222 -0.01503372315550223 -0.017064228137505466 0.01044491923907224 -0.0066775203552661526 0.0095018862911123558 0.017683339164560212 0.0059330560515324276 -0.020393703124854109 -0.002961073852011136 -0.0050261997617781166 -0.0026083918771845228 -0.0031371307206483415 -0.015911338175165241 0.0063433457375504081 -0.0065301135822233777 0.0066570962528730258 -0.010650629314001313 -0.0098318826228380209 0.00099350882211217168
leaf_weight=35 43 37 47 28 37 32 29 34 33 47 29 27 43 35 37 47 26 29 32 27 29 44 25 27
leaf_count=35 43 37 47 28 37 32 29 34 33 47 29 27 43 35 37 47 26 29 32 27 29 44 25 27
internal_value=-0.000851704 -0.00171581 0.00613917 -0.00260745 -0.00305331 -0.00866082 -0.00252513 -0.00363802 0.00128498 0.00365221 -0.00279889 -0.000213776 -0.00497366 -0.00110735 -0.0132862 -0.00304993 -0.00460468 -0.00821604 -0.00395356 0.000452102 0.0020271 -0.00724386 -0.0130968 -0.000643639
internal_weight=859 824 84 740 697 60 637 493 144 111 464 212 252 172 80 183 156 101 138 59 55 79 54 64
internal_count=859 824 84 740 697 60 637 493 144 111 464 212 252 172 80 183 156 101 138 59 55 79 54 64
is_linear=0
shrinkage=0.04


Tree=53
num_leaves=27
num_cat=0
split_feature=4 9 3 9 9 9 0 0 9 9 8 6 4 6 6 6 4 4 0 0 6 4 4 5 4 6
split_gain=11.0925 3.78883 2.07951 1.30587 4.6895 7.34702 2.51365 2.02051 5.6526 2.41974 1.87958 1.71513 1.35032 1.32279 2.52873 2.51735 2.23745 1.88779 1.08558 0.951495 0.950052 0.618861 1.44076 0.523905 0.426774 0.373606
threshold=2.3127876754130554 1.5970676199649756 1.0000000180025095e-35 0.051666547158054986 0.3876233021160812 0.58919735509089699 0.74913504757291582 -0.7491350475729156 -0.14990750581676068 -0.28429020779997111 -0.63134183865453442 1.0000000180025095e-35 1.106929306312866 0.41619542800520609 -0.83438724912631701 0.75726343085925796 -0.46434068978738036 0.25430217664606569 0.74913504757291582 -0.7491350475729156 1.2120207679979937 0.38828643987942002 -0.40343875195403744 0.67499283280135014 -0.73230921625408896 -0.49331924627226525
decision_type=2 2 2 2 2 2 2 2 2 2 2 2 2 2 2 2 2 2 2 2 2 2 2 2 2 2
left_child=1 2 3 7 6 -6 24 9 13 21 11 -7 18 14 23 -15 -16 -18 19 -12 -17 22 -1 -9 -5 -4
right_child=-2 -3 25 4 5 10 -8 8 -10 -11 12 -13 -14 15 16 20 17 -19 -20 -21 -22 -23 -24 -25 -26 -27
leaf_value=-0.0056504953007509079 0.022290063481777908 0.010798673035727966 0.0090550542116165159 -0.01411329095351643 0.015636528538483564 -0.0039342954009771352 -0.002819654279285007 0.005096713633435529 0.015307581184638873 -0.016198007900405813 -0.00082379501441429397 -0.016461847669938034 0.0064589690968394273 0.012578845953361855 -0.015336812622845173 -0.0074969483865424992 0.0031698775291442872 -0.010630575938728348 0.0023017703136429192 -0.010075378281914668 0.0030191378571369034 -0.0076510686247513214 0.0057769650280956302 -0.0017326562554808335 -0.021036675587810319 0.0021397392840124666
leaf_weight=41 32 37 25 28 33 36 27 41 36 27 29 34 25 27 38 28 35 29 32 46 27 29 31 32 29 25
leaf_count=41 32 37 25 28 33 36 27 41 36 27 29 34 25 27 38 28 35 29 32 46 27 29 31 32 29 25
internal_value=-0.000817636 -0.00171177 -0.0022977 -0.00283115 -0.00476152 -0.00186195 -0.0128734 -0.00136847 0.000463086 -0.00556103 -0.00472061 -0.0100191 -0.00191081 -0.0016163 -0.00358068 0.00257599 -0.00764843 -0.00308345 -0.00386636 -0.0064981 -0.00233451 -0.00271748 -0.000730339 0.00210302 -0.0176357 0.0055974
internal_weight=859 827 790 740 319 235 84 421 293 128 202 70 132 257 175 82 102 64 107 75 55 101 72 73 57 50
internal_count=859 827 790 740 319 235 84 421 293 128 202 70 132 257 175 82 102 64 107 75 55 101 72 73 57 50
is_linear=0
shrinkage=0.04


Tree=54
num_leaves=25
num_cat=0
split_feature=4 2 7 6 0 0 4 6 6 6 6 7 4 8 4 0 0 7 6 4 4 8 4 4
split_gain=10.2229 2.35603 1.93638 2.6713 1.09185 2.45728 1.38084 1.35982 6.03954 2.5113 4.29333 2.22037 1.99961 1.87897 1.55556 1.28634 1.54919 1.10319 0.885663 0.829427 2.27308 0.770796 0.402036 0.161793
threshold=2.3127876754130554 1.0000000180025095e-35 1.4375614829875671 0.41619542800520609 0.74913504757291582 1.2485584126215263 -0.75666999138742608 -1.1754552519803687 -0.83438724912631701 -0.15225124341821353 0.075127425151154323 -0.61331263118606871 -0.50088185248738604 1.0000000180025095e-35 -0.56178379032072889 -1.0000000180025095e-35 -0.7491350475729156 1.0000000180025095e-35 -0.49331924627226525 -0.34253681412069453 0.15685907611271704 -0.63134183865453442 0.035055200446031262 0.14467868854604846
decision_type=2 2 2 2 2 2 2 2 2 2 2 2 2 2 2 2 2 2 2 2 2 2 2 2
left_child=1 -1 4 -4 7 19 -7 11 -9 12 -11 -3 -10 15 -15 16 21 -17 -14 -6 -21 -12 -8 -16
right_child=-2 2 3 -5 5 6 22 8 9 10 13 -13 18 14 23 17 -18 -19 -20 20 -22 -23 -24 -25
leaf_value=0.0070542366675874022 0.02139846097677946 -0.00024824397762616474 -0.002316527941397258 0.013467830766377777 4.6354591225584349e-05 -0.012619926628691179 -0.0044510260792449121 0.010466779321820165 -0.016241937638156945 0.011425030281947506 -0.011414845335297286 -0.014235728906224604 -0.00022867573052644732 -0.0062796749729279646 0.0024300577692114391 -0.0063736356422305109 0.0036245446701844534 -0.016667788946820843 -0.010031712538209454 0.015602799008289973 -0.00039508565887808804 -0.0028255388402612879 0.0018660789914429188 0.0068509443583725784
leaf_weight=47 32 30 42 29 48 27 40 48 45 31 35 46 30 34 26 36 30 31 29 27 30 32 27 27
leaf_count=47 32 30 42 29 48 27 40 48 45 31 35 46 30 34 26 36 30 31 29 27 30 32 27 27
internal_value=-0.000784931 -0.0016433 -0.00216738 0.0041306 -0.00279807 -0.00028516 -0.00498292 -0.00377859 -0.00291426 -0.00457823 -0.0026189 -0.00871435 -0.00989103 -0.00435341 0.000398253 -0.0068741 -0.0039299 -0.0111366 -0.00504712 0.00392046 0.00718286 -0.00731249 -0.00190533 0.00468221
internal_weight=859 827 780 71 709 199 94 510 434 386 282 76 104 251 87 164 97 67 59 105 57 67 67 53
internal_count=859 827 780 71 709 199 94 510 434 386 282 76 104 251 87 164 97 67 59 105 57 67 67 53
is_linear=0
shrinkage=0.04


Tree=55
num_leaves=25
num_cat=0
split_feature=4 4 9 9 9 9 8 7 4 4 0 9 5 8 0 4 9 4 9 9 0 0 4 4
split_gain=9.58649 3.95232 1.796 3.35609 3.16794 3.18899 2.72757 1.76189 2.44582 1.9259 1.57438 3.77 1.87155 1.28131 1.0955 1.0841 0.947944 0.904655 0.704842 0.618194 2.19164 1.23966 0.537379 0.46535
threshold=2.3127876754130554 0.60144322229612024 0.051666547158054986 0.32043195112447598 0.45481465310768643 1.193919514015344 -0.63134183865453442 -1.1992766638071075 1.3505370576462379 1.0216665933461864 -0.7491350475729156 -0.14990750581676068 -0.25066273765626779 1.0000000180025095e-35 1.2485584126215263 -0.84193270435410617 -1.0905864196992339 0.72933729174614026 1.5298762689733703 -0.6874383137496024 1.0000000180025095e-35 1.0000000180025095e-35 -0.35471720168736315 -0.42779952708737462
decision_type=2 2 2 2 2 2 2 2 2 2 2 2 2 2 2 2 2 2 2 2 2 2 2 2
left_child=1 2 10 15 -5 6 -6 -3 9 17 12 14 -1 -8 16 -4 22 -9 -7 20 -18 -21 -12 -14
right_child=-2 7 3 4 5 18 13 8 -10 -11 11 -13 23 -15 -16 -17 19 -19 -20 21 -22 -23 -24 -25
leaf_value=-0.011612301462075926 0.024284400476349725 -0.0015161550009534473 -0.0047841497238438864 0.010154205393610578 -0.017779749857261776 0.000263631273257105 0.001685159455396627 0.012354147732257844 -0.0013658216008634277 0.01888041038559202 0.0019043118476867677 0.014513048202018528 -0.0027992351448688753 -0.008451966590115002 -0.0053483586387268987 -0.015043764763408237 -0.0017527241590950225 0.0022366893507780568 0.0088107046449127108 0.0060494579570858102 0.013835483999742616 -0.0043844491562673024 -0.0057741097552435738 0.0039596637072307726
leaf_weight=33 27 42 26 33 30 38 38 26 33 34 25 34 39 42 45 45 27 31 26 38 31 35 35 28
leaf_count=33 27 42 26 33 30 38 38 26 33 34 25 34 39 42 45 45 27 31 26 38 31 35 35 28
internal_value=0.00083552 5.77314e-05 -0.00135299 -0.00378241 -0.00120847 -0.00336346 -0.00749399 0.00556463 0.00796296 0.0113459 0.000472368 0.0020603 -0.00381506 -0.00363683 0.000266262 -0.0112867 0.00158908 0.00685167 0.00373588 0.00349618 0.0065789 0.0010469 -0.00257477 2.53793e-05
internal_weight=841 814 648 278 207 174 110 166 124 91 370 270 100 80 236 71 191 57 64 131 58 73 60 67
internal_count=841 814 648 278 207 174 110 166 124 91 370 270 100 80 236 71 191 57 64 131 58 73 60 67
is_linear=0
shrinkage=0.04


Tree=56
num_leaves=25
num_cat=0
split_feature=4 4 6 6 4 0 0 9 9 7 9 9 0 4 9 4 6 6 7 0 9 0 7 4
split_gain=8.83491 3.64245 3.33674 5.01539 2.35437 1.73058 3.82773 2.36116 7.19044 4.77147 3.33155 1.67194 1.81297 1.97662 1.95463 1.17972 1.05325 1.02892 0.854073 0.727093 1.10455 0.666151 0.595862 0.24807
threshold=2.3127876754130554 0.60144322229612024 -0.83438724912631701 0.30250609372052223 1.0216665933461864 0.74913504757291582 1.2485584126215263 0.051666547158054986 0.3876233021160812 0.55861543405600889 1.2611108650069494 -1.0233950687076285 -0.7491350475729156 -0.79321115408743181 -0.35148155879157633 -0.58614456545406601 -0.60700858055694906 0.075127425151154323 -0.61331263118606871 1.0000000180025095e-35 -0.55305561176639195 -0.7491350475729156 0.26563341774548938 1.125199887662869
decision_type=2 2 2 2 2 2 2 2 2 2 2 2 2 2 2 2 2 2 2 2 2 2 2 2
left_child=1 5 23 -4 -5 7 18 11 21 -10 15 16 14 -14 -13 -11 -1 -8 -7 20 -15 -9 -20 -3
right_child=-2 2 3 4 -6 6 17 8 9 10 -12 12 13 19 -16 -17 -18 -19 22 -21 -22 -23 -24 -25
leaf_value=0.00052016783054127842 0.023313024353097983 0.016501698041191469 -0.0086889402292992766 0.00074732279235666446 0.015639574208429881 0.012506174113069262 0.00030134262318940873 -0.012489720097294561 0.013945514118032796 -0.0049798259325325488 0.0047180943955213595 0.0023885563840823514 0.014126906983618593 -0.00063419218609730402 -0.011255299443645138 -0.015535303219221532 -0.0088030253826303691 -0.0081138706021010882 0.00037560985556670597 -0.0033957132048628947 0.010629978821827814 -0.020852029549224035 0.0083090539118557266 0.010976144241598935
leaf_weight=33 27 26 46 33 35 35 47 27 28 36 39 42 29 30 28 32 47 46 28 27 26 35 33 26
leaf_count=33 27 26 46 33 35 35 47 27 28 36 39 42 29 30 28 32 47 46 28 27 26 35 33 26
internal_value=0.000802099 5.54221e-05 0.00534204 0.00151189 0.00841245 -0.00129887 0.00192252 -0.00262532 -0.00593384 -0.000754988 -0.00460185 -0.000137618 0.00198088 0.00513705 -0.00306899 -0.00994711 -0.00495721 -0.00386102 0.00752533 0.00199602 0.0045956 -0.0172104 0.00466747 0.0137389
internal_weight=841 814 166 114 68 648 189 459 197 135 107 262 182 112 70 68 80 93 96 83 56 62 61 52
internal_count=841 814 166 114 68 648 189 459 197 135 107 262 182 112 70 68 80 93 96 83 56 62 61 52
is_linear=0
shrinkage=0.04


Tree=57
num_leaves=26
num_cat=0
split_feature=9 9 6 6 0 7 6 6 9 9 9 6 6 7 8 6 0 9 9 0 6 6 9 6 6
split_gain=4.46938 4.0894 2.89596 7.67827 5.88915 2.67681 1.54816 5.55717 2.13017 1.79773 1.45426 1.16493 1.0399 1.79373 1.58598 1.27833 0.952976 1.51452 1.62604 0.726092 0.337409 0.301286 0.166181 0.0855302 0.034037
threshold=0.99234546104052834 0.051666547158054986 0.30250609372052223 -0.15225124341821353 0.74913504757291582 0.85159745036652823 -0.83438724912631701 -1.0617659176956848 -0.62024696275799729 -1.0905864196992339 -1.4265431746572599 0.87095276514394182 0.30250609372052223 -0.32033061487554942 1.0000000180025095e-35 -0.26594057770289742 -1.2485584126215259 1.193919514015344 1.4626849179817649 1.0000000180025095e-35 -1.4028339205497364 1.0000000180025095e-35 -0.6874383137496024 1.0000000180025095e-35 -0.83438724912631701
decision_type=2 2 2 2 2 2 2 2 2 2 2 2 2 2 2 2 2 2 2 2 2 2 2 2 2
left_child=1 6 3 4 5 24 7 8 20 10 -8 -4 15 14 22 -11 -2 -18 21 -12 -1 -19 -14 -20 -3
right_child=16 2 11 -5 -6 -7 9 -9 -10 12 19 -13 13 -15 -16 -17 17 18 23 -21 -22 -23 -24 -25 -26
leaf_value=0.0087074430898896292 -0.00018866003587328156 -0.015810363036222182 -0.016491969491754261 0.018072245534366142 0.0079742483268765846 -0.0012857243561973939 0.00064670676714740694 0.019965446418331517 -0.0062789882719516757 0.0040498993396759029 -0.0043702969838071756 -0.0070156244466117778 0.0058375145771330404 -0.0045173006311610897 0.015148411244819207 -0.0056789650165654246 0.01462185878992865 -0.0025562628301290364 0.012070669466257096 -0.013735672105103732 0.0026020621918141839 0.0033267018830714129 0.0017589939837202881 0.0088517614124741933 -0.017803472008170753
leaf_weight=28 29 26 35 26 34 26 48 31 42 40 27 51 31 27 28 47 38 26 25 26 30 30 33 28 29
leaf_count=28 29 26 35 26 34 26 48 31 42 40 27 51 31 27 28 47 38 26 25 26 30 30 33 28 29
internal_value=0.000770015 -0.000730122 -0.00508728 -0.00155884 -0.00599717 -0.0118617 0.00152804 0.00516856 0.000581528 -2.54098e-05 -0.00439687 -0.0108723 0.00211788 0.00454788 0.00720832 -0.00120592 0.00643815 0.00774548 0.0053482 -0.00896463 0.00554949 0.000595325 0.00373453 0.0103701 -0.0168613
internal_weight=841 665 227 141 115 81 438 131 100 307 101 86 206 119 92 87 176 147 109 53 58 56 64 53 55
internal_count=841 665 227 141 115 81 438 131 100 307 101 86 206 119 92 87 176 147 109 53 58 56 64 53 55
is_linear=0
shrinkage=0.04


Tree=58
num_leaves=25
num_cat=0
split_feature=4 4 6 6 8 0 0 9 9 6 6 9 6 6 6 6 4 4 9 0 9 9 4 4
split_gain=8.06499 3.19328 2.98598 4.53998 2.60809 1.5038 3.55935 1.97838 6.34288 3.35588 11.0067 1.51591 1.69289 2.66013 0.901646 0.895593 0.837288 1.33042 0.794983 0.595537 0.526773 0.397937 0.385139 0.218061
threshold=2.3127876754130554 0.60144322229612024 -0.83438724912631701 0.30250609372052223 1.0000000180025095e-35 0.74913504757291582 1.2485584126215263 0.051666547158054986 0.3876233021160812 -0.15225124341821353 0.41619542800520609 -1.0233950687076285 -1.1754552519803687 -0.26594057770289742 -0.60700858055694906 0.075127425151154323 -0.50088185248738604 -0.050207512520648777 -0.62024696275799729 -0.7491350475729156 0.25324060013287075 0.92515411004892301 -0.58614456545406601 1.125199887662869
decision_type=2 2 2 2 2 2 2 2 2 2 2 2 2 2 2 2 2 2 2 2 2 2 2 2
left_child=1 5 23 -4 -5 7 18 11 19 21 -11 14 -13 -14 -1 -8 -15 -18 -7 -9 -20 -10 -12 -3
right_child=-2 2 3 4 -6 6 15 8 9 10 22 12 13 16 -16 -17 17 -19 20 -21 -22 -23 -24 -25
leaf_value=0.00027709870175881819 0.022246929583726108 0.015509321165199463 -0.0083528333756586783 0.0017543426102825574 0.017874329505631555 0.011968960617269788 6.6912702304568693e-05 -0.011634867238225762 -0.011555307593582006 0.024250815813911371 -0.0029277599662542344 -0.0063817243357047896 0.01188749803907492 -0.0037965746164480424 -0.0083490513296837505 -0.0077841587704808816 0.009239542142177622 -0.0028839728143066168 0.00037090038614613673 -0.019541551619768144 0.0078302467072551892 -0.0046688619792461397 -0.0098177515584285616 0.01032875578563947
leaf_weight=33 27 26 46 42 26 35 47 27 29 29 25 33 44 47 47 46 30 28 28 35 33 25 27 26
leaf_count=33 27 26 46 42 26 35 47 27 29 29 25 33 44 47 47 46 30 28 28 35 33 25 27 26
internal_value=0.000739214 2.58136e-05 0.00497575 0.0013525 0.00791787 -0.00124223 0.00176069 -0.00247872 -0.00550721 -0.000643149 0.00450618 -0.000201573 0.00181565 0.00363118 -0.00479076 -0.00381641 0.000171391 0.00338681 0.00716351 -0.0160983 0.00440628 -0.00836714 -0.00650526 0.012919
internal_weight=841 814 166 114 68 648 189 459 197 135 81 262 182 149 80 93 105 58 96 62 61 54 52 52
internal_count=841 814 166 114 68 648 189 459 197 135 81 262 182 149 80 93 105 58 96 62 61 54 52 52
is_linear=0
shrinkage=0.04


Tree=59
num_leaves=25
num_cat=0
split_feature=4 4 6 6 8 0 0 5 7 7 4 4 0 0 4 7 4 5 5 4 6 4 4 4
split_gain=7.4327 2.94293 2.75188 4.18405 2.40362 1.3859 3.2803 1.29283 1.23017 1.63818 1.53882 1.07024 6.85926 2.45397 2.03777 2.98576 1.21867 1.40344 1.10054 1.79178 0.825378 0.743506 1.57305 0.200965
threshold=2.3127876754130554 0.60144322229612024 -0.83438724912631701 0.30250609372052223 1.0000000180025095e-35 0.74913504757291582 1.2485584126215263 1.6006484032589683 1.1445794666770477 0.55861543405600889 -0.58614456545406601 -0.69576805355408322 1.0000000180025095e-35 1.0000000180025095e-35 -0.25727410115401456 1.0000000180025095e-35 0.18121985124605419 1.0000000180025095e-35 1.0000000180025095e-35 -0.98809735515412911 0.075127425151154323 -0.098929062787323066 -0.59832495302073463 1.125199887662869
decision_type=2 2 2 2 2 2 2 2 2 2 2 2 2 2 2 2 2 2 2 2 2 2 2 2
left_child=1 5 23 -4 -5 7 21 8 9 11 -11 12 18 14 15 -13 17 -16 19 -1 -8 22 -7 -3
right_child=-2 2 3 4 -6 6 20 -9 -10 10 -12 13 -14 -15 16 -17 -18 -19 -20 -21 -22 -23 -24 -25
leaf_value=-0.0058072525276630016 0.021357052083368654 0.01488894852809608 -0.0080187199183780217 0.0016841690872041954 0.017159356196912438 0.010206986891904048 6.4236296023777187e-05 0.0050092026548726222 0.0033422806808217007 -0.0041999592528575002 -0.016832522429801801 0.00032857087605710455 0.012007848035011972 -0.0096334015609075632 -0.012778730373139735 0.016955645536934887 0.0041508217958303598 0.00037373250126838682 -0.0046668662580058853 -0.01943861303747528 -0.0074727922046314114 0.011974296440039911 -0.0022752877324819566 0.0099156055255578118
leaf_weight=27 27 26 46 42 26 35 47 35 44 36 27 48 28 39 27 27 26 25 34 36 46 31 30 26
leaf_count=27 27 26 46 42 26 35 47 35 44 36 27 48 28 39 27 27 26 25 34 36 46 31 30 26
internal_value=0.000709646 2.4781e-05 0.00477672 0.0012984 0.00760115 -0.00119254 0.00169026 -0.00237957 -0.00298949 -0.00372265 -0.00961391 -0.00255183 -0.00543232 -0.00067651 0.00160662 0.00631432 -0.00292001 -0.00645543 -0.0104666 -0.0135966 -0.00366376 0.00687697 0.00444594 0.0124023
internal_weight=841 814 166 114 68 648 189 459 424 380 63 317 125 192 153 75 78 52 97 63 93 96 65 52
internal_count=841 814 166 114 68 648 189 459 424 380 63 317 125 192 153 75 78 52 97 63 93 96 65 52
is_linear=0
shrinkage=0.04


Tree=60
num_leaves=27
num_cat=0
split_feature=2 4 4 9 4 9 5 4 4 9 5 8 4 4 4 9 6 6 0 6 8 4 4 4 9 0
split_gain=8.29947 2.94404 1.48758 1.21713 1.66033 1.64232 4.51439 6.86884 3.49887 3.3148 2.66055 1.18997 1.12129 2.08848 1.51509 1.3546 2.63261 1.19013 1.13817 1.07675 1.22382 2.16525 0.699767 1.35682 0.293165 0.143625
threshold=-2.9592882694284057 -1.012458130287466 -0.95155619245412326 -1.6281172276320757 2.117901474346358 0.3876233021160812 -0.25066273765626779 -0.51306224005405465 0.083776750712705572 0.051666547158054986 -0.25066273765626779 -0.63134183865453442 -0.46434068978738036 -0.61050534058740313 -0.25727410115401456 -0.82182101573281285 0.075127425151154323 -0.83438724912631701 -1.0000000180025095e-35 -1.0617659176956848 1.0000000180025095e-35 0.36392566474608284 0.52227070311277446 0.14467868854604846 -0.082716154825155472 -1.0000000180025095e-35
decision_type=2 2 2 2 2 2 2 2 2 2 2 2 2 2 2 2 2 2 2 2 2 2 2 2 2 2
left_child=-1 24 -3 -4 5 9 7 -7 -9 12 -11 -10 13 17 -14 22 -17 -5 -19 -8 21 -21 23 -16 -2 -26
right_child=1 2 3 4 -6 6 19 8 11 10 -12 -13 14 -15 15 16 -18 18 -20 20 -22 -23 -24 -25 25 -27
leaf_value=0.019213450250881059 -0.0048330448974262591 0.009346499168141573 0.0084525716185569772 0.0071780834898352618 -0.010651660943031311 0.026646480643749238 0.003988734222948551 -0.0069739179909229275 0.014387778812839138 -0.018023725337151325 -0.0010927172653653005 0.0032126866222048803 0.0076149155282206381 -0.012144730172003619 -0.0047403967458494872 -0.0048540564502278965 0.010821087011136115 -0.009081253799210702 0.0020445245161892908 5.2718270037855418e-05 0.00065885185397097045 -0.014968033365028745 -0.0067071464499260519 0.0068346842034504966 -0.011836322337388992 -0.0075900897154441253
leaf_weight=35 33 27 25 25 25 25 30 35 31 33 27 30 49 32 43 30 40 28 31 28 42 34 47 26 25 26
leaf_count=35 33 27 25 25 25 25 30 35 31 33 27 30 49 32 43 30 40 28 31 28 42 34 47 26 25 26
internal_value=0.00013469 -0.000672755 0.000129708 -0.000217853 -0.000531544 -0.00015166 0.00237009 0.00797088 0.00310744 -0.00171625 -0.0104048 0.00889183 -0.000231033 -0.00344891 0.00135737 -0.000291126 0.00410317 -0.000136223 -0.00323551 -0.00268734 -0.00461313 -0.00818447 -0.00294285 -0.000378772 -0.00777072 -0.00967158
internal_weight=862 827 743 716 691 666 255 121 96 411 60 61 351 116 235 186 70 84 59 134 104 62 116 69 84 51
internal_count=862 827 743 716 691 666 255 121 96 411 60 61 351 116 235 186 70 84 59 134 104 62 116 69 84 51
is_linear=0
shrinkage=0.04


Tree=61
num_leaves=26
num_cat=0
split_feature=2 7 4 0 0 7 5 4 4 0 4 7 5 4 6 0 4 6 5 4 5 4 5 7 0
split_gain=7.69777 7.57725 3.04779 1.25912 3.97211 1.2133 4.00848 4.86258 1.48147 1.20149 1.2177 1.13532 2.55315 0.951033 3.80141 1.91181 1.92295 2.06751 1.65079 1.22868 1.16942 0.801485 1.16723 0.650901 0.386753
threshold=1.0000000180025095e-35 0.85159745036652823 -0.97591696758746049 1.2485584126215263 0.74913504757291582 0.26563341774548938 -0.25066273765626779 -0.46434068978738036 0.27866295177940287 -0.7491350475729156 0.79023922957948312 0.55861543405600889 1.0000000180025095e-35 -0.51306224005405465 -0.83438724912631701 1.0000000180025095e-35 -0.25727410115401456 0.075127425151154323 1.0000000180025095e-35 0.16903946367938563 -0.25066273765626779 0.44918837771276293 -0.25066273765626779 1.0000000180025095e-35 -1.0000000180025095e-35
decision_type=2 2 2 2 2 2 2 2 2 2 2 2 2 2 2 2 2 2 2 2 2 2 2 2 2
left_child=1 -1 23 4 5 13 7 -7 -9 -8 -11 12 -6 14 -4 16 -15 19 -19 -18 -16 22 -5 -2 -25
right_child=2 -3 3 21 11 6 9 8 -10 10 -12 -13 -14 15 20 -17 17 18 -20 -21 -22 -23 -24 24 -26
leaf_value=0.00065234727342613043 -0.0037768122971784781 0.029145300143531394 0.0082659536495804792 -0.0081562390757931608 0.019395037149229358 0.022413553927953425 0.0015719184042377907 -0.0049815323533091158 0.0070148814171552658 -0.011341806755401194 -0.00022230938076972962 0.0022727984122724999 0.0034086626135941705 0.0096569887520463176 -0.015522581501863896 -0.0095307776585898622 -0.012664341131846111 -0.0013891390685457736 0.011274285984358616 -0.0016752902345686424 -0.0057301206652075054 -0.0098486323611296969 0.0027819738204817512 -0.013611382811233915 -0.0068928839438236675
leaf_weight=32 41 28 25 27 31 26 44 28 40 40 26 36 33 33 32 33 27 40 28 41 50 29 37 29 26
leaf_count=32 41 28 25 27 31 26 44 28 40 40 26 36 33 33 32 33 27 40 28 41 50 29 37 29 26
internal_value=0.000129302 0.0139491 -0.000904595 4.68746e-06 0.000662651 -0.000758962 0.00163518 0.00770069 0.00207518 -0.00354807 -0.0069614 0.00795553 0.0111521 -0.00233956 -0.0053886 -0.000724479 0.000995094 -0.00110669 0.00382521 -0.00603859 -0.00955157 -0.00433221 -0.00183258 -0.00759161 -0.0104354
internal_weight=862 60 802 706 613 513 204 94 68 110 66 100 64 309 107 202 169 136 68 68 82 93 64 96 55
internal_count=862 60 802 706 613 513 204 94 68 110 66 100 64 309 107 202 169 136 68 68 82 93 64 96 55
is_linear=0
shrinkage=0.04


Tree=62
num_leaves=25
num_cat=0
split_feature=2 4 0 0 8 4 7 5 8 6 0 4 7 5 4 6 0 4 6 5 4 5 8 8
split_gain=7.30977 2.4699 1.30293 3.6018 1.37699 2.77723 1.33538 3.21356 5.6489 4.12384 1.5662 1.16418 0.99316 2.35298 0.876472 3.50338 1.76193 1.77219 1.90542 1.52137 1.13235 1.07774 0.819763 0.853029
threshold=-1.6916913147484629 -0.97591696758746049 1.2485584126215263 0.74913504757291582 1.0000000180025095e-35 0.44918837771276293 0.26563341774548938 -0.25066273765626779 1.0000000180025095e-35 0.75726343085925796 -0.7491350475729156 0.79023922957948312 0.55861543405600889 1.0000000180025095e-35 -0.51306224005405465 -0.83438724912631701 1.0000000180025095e-35 -0.25727410115401456 0.075127425151154323 1.0000000180025095e-35 0.16903946367938563 -0.25066273765626779 -0.63134183865453442 1.0000000180025095e-35
decision_type=2 2 2 2 2 2 2 2 2 2 2 2 2 2 2 2 2 2 2 2 2 2 2 2
left_child=-1 22 3 6 5 -4 14 8 9 -8 -9 -12 13 -5 15 -3 17 -16 20 -20 -19 -17 -2 -24
right_child=1 2 4 12 -6 -7 7 10 -10 -11 11 -13 -14 -15 16 21 -18 18 19 -21 -22 -23 23 -25
leaf_value=0.016607192202766494 -0.012769549395889044 0.0079353154554963109 -0.00096224237499492507 0.018619235722768693 0.0030877052375982549 -0.017596709636541516 0.020685699609192938 0.0031103702777243677 -0.0083612023142200925 0.00082785593138800725 -0.010575661717836436 -0.00025874025126298268 0.0024733363263107636 0.0032723161216938134 0.0092707092540733737 -0.014901678212918341 -0.0091495463974548118 -0.012157767486793022 -0.0013335734526626767 0.010823314597031898 -0.0016082788576803557 -0.0055009158596396445 -2.1096750428634031e-05 -0.0087908162564660115
leaf_weight=41 26 25 42 31 29 26 44 47 27 27 42 30 37 33 33 32 33 27 40 28 41 50 35 36
leaf_count=41 26 25 42 31 29 26 44 47 27 27 42 30 37 33 33 32 33 27 40 28 41 50 35 36
internal_value=0.00012413 -0.000699019 0.000104035 0.000771462 -0.00421016 -0.00732248 -0.000557015 0.00184801 0.00721194 0.0131341 -0.00256935 -0.00627694 0.00769006 0.010706 -0.00224598 -0.00517305 -0.0006955 0.000955291 -0.00106242 0.0036722 -0.00579705 -0.00916951 -0.00669295 -0.00446772
internal_weight=862 821 724 627 97 68 526 217 98 71 119 72 101 64 309 107 202 169 136 68 68 82 97 71
internal_count=862 821 724 627 97 68 526 217 98 71 119 72 101 64 309 107 202 169 136 68 68 82 97 71
is_linear=0
shrinkage=0.04


Tree=63
num_leaves=28
num_cat=0
split_feature=2 4 4 9 4 9 9 9 4 4 4 9 6 4 0 4 4 4 9 4 9 9 9 4 6 0 4
split_gain=6.73669 2.27942 1.48231 1.18843 1.42863 1.49136 3.8789 2.80416 1.24477 2.03624 1.32814 1.20463 2.11017 1.18556 1.19663 1.90187 0.798758 1.92614 1.4363 0.787419 0.659454 0.70067 0.640347 0.46034 0.291843 0.419989 0.247441
threshold=-1.6916913147484629 -1.012458130287466 -0.95155619245412326 -1.6281172276320757 2.117901474346358 0.3876233021160812 0.6563887060825021 0.051666547158054986 -0.46434068978738036 -0.72012882868742045 -0.25727410115401456 -0.82182101573281285 0.075127425151154323 1.4784311270962578 -0.7491350475729156 0.22994140151272849 -0.062387900087317351 0.71715690417947164 0.92515411004892301 -0.62268572815407175 -1.4265431746572599 -1.2249691216824441 -0.41867290978318161 -0.57396417788739751 0.52988476228989012 -1.0000000180025095e-35 0.32738450204607711
decision_type=2 2 2 2 2 2 2 2 2 2 2 2 2 2 2 2 2 2 2 2 2 2 2 2 2 2 2
left_child=-1 24 -3 -4 5 7 -7 8 9 22 -10 20 -13 14 15 -8 18 -18 -16 -9 -12 -22 -5 -11 25 -2 -23
right_child=1 2 3 4 -6 6 13 19 10 23 11 12 -14 -15 16 -17 17 -19 -20 -21 21 26 -24 -25 -26 -27 -28
leaf_value=0.015942904849979664 -0.01219285896893039 0.0092350427909857705 0.0082529389448463917 0.0065218966210690834 -0.010011932599544525 0.015149966463213788 -0.003865952216661893 -0.01419149459369721 0.0072150904506755381 -0.0057584719520968365 0.0021856904822972513 -0.0041452531640728315 0.0098886050814762719 0.0084657460302114493 -0.0053385041068707197 0.010803711937079508 -0.011434740284230652 0.00055071412854724457 0.0075916250822720696 -0.0050217214329489343 -0.0091754340798114297 -0.0044798014789819715 -0.0024440492719411851 -0.012703631443616289 -0.0035399172646510936 -0.005260323840996315 0.0011480293691158295
leaf_weight=41 27 27 25 26 25 32 26 31 48 37 31 30 40 25 28 31 41 45 27 29 33 25 25 26 27 29 25
leaf_count=41 27 27 25 26 25 32 26 31 48 37 31 30 40 25 28 31 41 45 27 29 33 25 25 26 27 29 25
internal_value=0.000119165 -0.000671058 3.57662e-05 -0.000313573 -0.000625764 -0.000270765 0.00212665 -0.00177653 -0.000392214 -0.00381482 0.00128959 -0.000256199 0.00387409 0.000257836 -0.000778516 0.00411229 -0.00275565 -0.00516328 0.00100901 -0.00975944 -0.00279234 -0.00465161 0.00212683 -0.00862473 -0.00695584 -0.0086028 -0.00166589
internal_weight=862 821 738 711 686 661 255 406 346 114 232 184 70 223 198 57 141 86 55 60 114 83 51 63 83 56 50
internal_count=862 821 738 711 686 661 255 406 346 114 232 184 70 223 198 57 141 86 55 60 114 83 51 63 83 56 50
is_linear=0
shrinkage=0.04


Tree=64
num_leaves=27
num_cat=0
split_feature=3 7 4 0 0 9 8 4 9 4 8 4 9 5 9 0 6 4 5 9 6 7 9 8 6 0
split_gain=5.69628 7.58826 2.47814 1.07977 3.34712 2.36932 5.64928 6.01358 3.64128 1.91041 1.55373 1.73257 1.10323 2.07833 1.08897 1.07776 1.47928 1.50841 1.02292 0.770011 0.542542 0.663136 0.469254 1.13644 0.397322 0.268113
threshold=1.0000000180025095e-35 0.85159745036652823 -0.97591696758746049 1.2485584126215263 0.74913504757291582 0.3876233021160812 -0.63134183865453442 -0.15983100062066594 0.051666547158054986 -0.79321115408743181 1.0000000180025095e-35 0.38828643987942002 0.58919735509089699 1.0000000180025095e-35 0.92515411004892301 1.0000000180025095e-35 0.075127425151154323 -0.33035642655402603 1.0000000180025095e-35 -0.082716154825155472 -0.37962991198758139 -0.61331263118606871 1.193919514015344 1.0000000180025095e-35 -1.0617659176956848 -1.0000000180025095e-35
decision_type=2 2 2 2 2 2 2 2 2 2 2 2 2 2 2 2 2 2 2 2 2 2 2 2 2 2
left_child=2 -2 19 4 5 8 7 -7 9 -4 11 -5 13 -6 -8 16 20 -18 -19 -1 21 24 -16 -24 -11 -21
right_child=1 -3 3 10 12 6 14 -9 -10 15 -12 -13 -14 -15 22 -17 17 18 -20 25 -22 -23 23 -25 -26 -27
leaf_value=-0.0022020688156286876 -0.0011266420874744654 0.026725772829919028 0.0091235169271628065 -0.0022208238523453473 0.017901642236017413 0.027903222465515135 -0.008052048038425191 0.0026431357076293544 -0.013023526118473802 0.0034332923860185679 0.0038870916362585767 -0.015644225704669952 0.0016025041772850922 0.0035812922523302195 0.0046848009167997926 -0.0083777887031838711 -0.0044183858079569682 0.0015012261574156582 0.011181765281024478 -0.012275706832607588 -0.0094316390752792363 -0.0072497233096510171 0.0034175695199519397 -0.0077254230860206823 -0.0035648223817348478 -0.0069279326684772973
leaf_weight=36 34 29 27 40 31 25 35 38 47 27 28 25 35 34 27 37 35 40 31 30 25 32 32 27 25 30
leaf_count=36 34 29 27 40 31 25 35 38 47 27 28 25 35 34 27 37 35 40 31 30 25 32 32 27 25 30
internal_value=0.000114398 0.0116943 -0.000798661 2.45426e-05 0.000636645 -0.00067539 0.00295361 0.012667 -0.00272366 -0.000988555 -0.00399032 -0.00738367 0.00732802 0.010411 -0.00210377 -0.00207199 -0.000986807 0.00237774 0.00572794 -0.00682691 -0.00425875 -0.0027192 0.00031704 -0.00168177 6.88141e-05 -0.00960182
internal_weight=862 63 799 703 610 510 184 63 326 279 93 65 100 65 121 252 215 106 71 96 109 84 86 59 52 60
internal_count=862 63 799 703 610 510 184 63 326 279 93 65 100 65 121 252 215 106 71 96 109 84 86 59 52 60
is_linear=0
shrinkage=0.04


end of trees

feature_importances:
Column_4=390
Column_9=348
Column_6=276
Column_7=182
Column_0=168
Column_5=125
Column_8=106
Column_2=41
Column_3=11
Column_1=6

parameters:
[boosting: gbdt]
[objective: regression]
[metric: rmse]
[tree_learner: serial]
[device_type: cpu]
[data_sample_strategy: bagging]
[data: ]
[valid: ]
[num_iterations: 65]
[learning_rate: 0.04]
[num_leaves: 45]
[num_threads: 0]
[seed: 0]
[deterministic: 0]
[force_col_wise: 0]
[force_row_wise: 0]
[histogram_pool_size: -1]
[max_depth: -1]
[min_data_in_leaf: 25]
[min_sum_hessian_in_leaf: 0.001]
[bagging_fraction: 0.8]
[pos_bagging_fraction: 1]
[neg_bagging_fraction: 1]
[bagging_freq: 5]
[bagging_seed: 3]
[bagging_by_query: 0]
[feature_fraction: 0.8]
[feature_fraction_bynode: 1]
[feature_fraction_seed: 2]
[extra_trees: 0]
[extra_seed: 6]
[early_stopping_round: 0]
[early_stopping_min_delta: 0]
[first_metric_only: 0]
[max_delta_step: 0]
[lambda_l1: 0]
[lambda_l2: 0]
[linear_lambda: 0]
[min_gain_to_split: 0]
[drop_rate: 0.1]
[max_drop: 50]
[skip_drop: 0.5]
[xgboost_dart_mode: 0]
[uniform_drop: 0]
[drop_seed: 4]
[top_rate: 0.2]
[other_rate: 0.1]
[min_data_per_group: 100]
[max_cat_threshold: 32]
[cat_l2: 10]
[cat_smooth: 10]
[max_cat_to_onehot: 4]
[top_k: 20]
[monotone_constraints: ]
[monotone_constraints_method: basic]
[monotone_penalty: 0]
[feature_contri: ]
[forcedsplits_filename: ]
[refit_decay_rate: 0.9]
[cegb_tradeoff: 1]
[cegb_penalty_split: 0]
[cegb_penalty_feature_lazy: ]
[cegb_penalty_feature_coupled: ]
[path_smooth: 0]
[interaction_constraints: ]
[verbosity: -1]
[saved_feature_importance_type: 0]
[use_quantized_grad: 0]
[num_grad_quant_bins: 4]
[quant_train_renew_leaf: 0]
[stochastic_rounding: 1]
[linear_tree: 0]
[max_bin: 255]
[max_bin_by_feature: ]
[min_data_in_bin: 3]
[bin_construct_sample_cnt: 200000]
[data_random_seed: 1]
[is_enable_sparse: 1]
[enable_bundle: 1]
[use_missing: 1]
[zero_as_missing: 0]
[feature_pre_filter: 1]
[pre_partition: 0]
[two_round: 0]
[header: 0]
[label_column: ]
[weight_column: ]
[group_column: ]
[ignore_column: ]
[categorical_feature: ]
[forcedbins_filename: ]
[precise_float_parser: 0]
[parser_config_file: ]
[objective_seed: 5]
[num_class: 1]
[is_unbalance: 0]
[scale_pos_weight: 1]
[sigmoid: 1]
[boost_from_average: 1]
[reg_sqrt: 0]
[alpha: 0.9]
[fair_c: 1]
[poisson_max_delta_step: 0.7]
[tweedie_variance_power: 1.5]
[lambdarank_truncation_level: 30]
[lambdarank_norm: 1]
[label_gain: ]
[lambdarank_position_bias_regularization: 0]
[eval_at: ]
[multi_error_top_k: 1]
[auc_mu_weights: ]
[num_machines: 1]
[local_listen_port: 12400]
[time_out: 120]
[machine_list_filename: ]
[machines: ]
[gpu_platform_id: -1]
[gpu_device_id: -1]
[gpu_use_dp: 0]
[num_gpu: 1]

end of parameters

pandas_categorical:null
